[2025-10-21 13:20:06] [INFO] [main] Iniciando aplicación Electron
[2025-10-21 13:20:06] [WARN] [main] .env NO encontrado en: C:\Users\User\Documents\Personal\LockeritDesk\electron\main\configFiles\.env
[2025-10-21 13:20:06] [INFO] [main] App lista, creando ventana...
[2025-10-21 13:20:06] [INFO] [main] Creando ventana principal...
[2025-10-21 13:20:06] [INFO] [main] Cargando URL: http://localhost:5173
[2025-10-21 13:20:07] [INFO] [preload] Inicializando preload.js
[2025-10-21 13:20:07] [ERROR] [setupWatcher] Archivo setup_config.json NO encontrado en: C:\Users\User\Documents\Personal\LockeritDesk\electron\preload\configFiles\setup_config.json
[2025-10-21 13:20:07] [INFO] [preload] Watcher iniciado: setup_config.json
[2025-10-21 13:20:07] [ERROR] [authWatcher] auth_key.json NO encontrado: C:\Users\User\Documents\Personal\LockeritDesk\electron\preload\configFiles\auth_key.json
[2025-10-21 13:20:07] [INFO] [preload] Watcher iniciado: auth_key.json
[2025-10-21 13:20:07] [ERROR] [loggerWatcher] Archivo logger_config.json NO encontrado en: C:\Users\User\Documents\Personal\LockeritDesk\electron\preload\configFiles\logger_config.json
[2025-10-21 13:20:07] [INFO] [preload] Watcher iniciado: logger_config.json
[2025-10-21 13:20:07] [ERROR] [envWatcher] Archivo .env NO encontrado en: C:\Users\User\Documents\Personal\LockeritDesk\electron\preload\configFiles\.env
[2025-10-21 13:20:07] [INFO] [preload] Watcher iniciado: .env
[2025-10-21 13:20:07] [INFO] [preload] API expuesta en window.electronAPI
[2025-10-21 13:20:07] [INFO] [main] CSP cambió, enviando al renderer
[2025-10-21 13:25:29] [INFO] [main] Iniciando aplicación Electron
[2025-10-21 13:25:29] [WARN] [main] .env NO encontrado en: C:\Users\User\Documents\Personal\LockeritDesk\electron\main\configFiles\.env
[2025-10-21 13:25:29] [INFO] [main] App lista, creando ventana...
[2025-10-21 13:25:29] [INFO] [main] Creando ventana principal...
[2025-10-21 13:25:29] [INFO] [main] Cargando URL: http://localhost:5173
[2025-10-21 13:25:29] [INFO] [preload] Inicializando preload.js
[2025-10-21 13:25:29] [ERROR] [setupWatcher] Archivo setup_config.json NO encontrado en: C:\Users\User\Documents\Personal\LockeritDesk\electron\preload\configFiles\setup_config.json
[2025-10-21 13:25:29] [INFO] [preload] Watcher iniciado: setup_config.json
[2025-10-21 13:25:29] [ERROR] [authWatcher] auth_key.json NO encontrado: C:\Users\User\Documents\Personal\LockeritDesk\electron\preload\configFiles\auth_key.json
[2025-10-21 13:25:29] [INFO] [preload] Watcher iniciado: auth_key.json
[2025-10-21 13:25:29] [ERROR] [loggerWatcher] Archivo logger_config.json NO encontrado en: C:\Users\User\Documents\Personal\LockeritDesk\electron\preload\configFiles\logger_config.json
[2025-10-21 13:25:29] [INFO] [preload] Watcher iniciado: logger_config.json
[2025-10-21 13:25:29] [ERROR] [envWatcher] Archivo .env NO encontrado en: C:\Users\User\Documents\Personal\LockeritDesk\electron\preload\configFiles\.env
[2025-10-21 13:25:29] [INFO] [preload] Watcher iniciado: .env
[2025-10-21 13:25:29] [INFO] [preload] API expuesta en window.electronAPI
[2025-10-21 13:25:29] [INFO] [main] CSP cambió, enviando al renderer
[2025-10-21 13:26:22] [INFO] [preload] Inicializando preload.js
[2025-10-21 13:26:22] [ERROR] [setupWatcher] Archivo setup_config.json NO encontrado en: C:\Users\User\Documents\Personal\LockeritDesk\electron\preload\configFiles\setup_config.json
[2025-10-21 13:26:22] [INFO] [preload] Watcher iniciado: setup_config.json
[2025-10-21 13:26:22] [ERROR] [authWatcher] auth_key.json NO encontrado: C:\Users\User\Documents\Personal\LockeritDesk\electron\preload\configFiles\auth_key.json
[2025-10-21 13:26:22] [INFO] [preload] Watcher iniciado: auth_key.json
[2025-10-21 13:26:22] [ERROR] [loggerWatcher] Archivo logger_config.json NO encontrado en: C:\Users\User\Documents\Personal\LockeritDesk\electron\preload\configFiles\logger_config.json
[2025-10-21 13:26:22] [INFO] [preload] Watcher iniciado: logger_config.json
[2025-10-21 13:26:22] [ERROR] [envWatcher] Archivo .env NO encontrado en: C:\Users\User\Documents\Personal\LockeritDesk\electron\preload\configFiles\.env
[2025-10-21 13:26:22] [INFO] [preload] Watcher iniciado: .env
[2025-10-21 13:26:22] [INFO] [preload] API expuesta en window.electronAPI
[2025-10-21 13:26:22] [INFO] [preload] Inicializando preload.js
[2025-10-21 13:26:22] [ERROR] [setupWatcher] Archivo setup_config.json NO encontrado en: C:\Users\User\Documents\Personal\LockeritDesk\electron\preload\configFiles\setup_config.json
[2025-10-21 13:26:22] [INFO] [preload] Watcher iniciado: setup_config.json
[2025-10-21 13:26:22] [ERROR] [authWatcher] auth_key.json NO encontrado: C:\Users\User\Documents\Personal\LockeritDesk\electron\preload\configFiles\auth_key.json
[2025-10-21 13:26:22] [INFO] [preload] Watcher iniciado: auth_key.json
[2025-10-21 13:26:22] [ERROR] [loggerWatcher] Archivo logger_config.json NO encontrado en: C:\Users\User\Documents\Personal\LockeritDesk\electron\preload\configFiles\logger_config.json
[2025-10-21 13:26:22] [INFO] [preload] Watcher iniciado: logger_config.json
[2025-10-21 13:26:22] [ERROR] [envWatcher] Archivo .env NO encontrado en: C:\Users\User\Documents\Personal\LockeritDesk\electron\preload\configFiles\.env
[2025-10-21 13:26:22] [INFO] [preload] Watcher iniciado: .env
[2025-10-21 13:26:22] [INFO] [preload] API expuesta en window.electronAPI
[2025-10-21 13:26:42] [INFO] [preload] Inicializando preload.js
[2025-10-21 13:26:42] [ERROR] [setupWatcher] Archivo setup_config.json NO encontrado en: C:\Users\User\Documents\Personal\LockeritDesk\electron\preload\configFiles\setup_config.json
[2025-10-21 13:26:42] [INFO] [preload] Watcher iniciado: setup_config.json
[2025-10-21 13:26:42] [ERROR] [authWatcher] auth_key.json NO encontrado: C:\Users\User\Documents\Personal\LockeritDesk\electron\preload\configFiles\auth_key.json
[2025-10-21 13:26:42] [INFO] [preload] Watcher iniciado: auth_key.json
[2025-10-21 13:26:42] [ERROR] [loggerWatcher] Archivo logger_config.json NO encontrado en: C:\Users\User\Documents\Personal\LockeritDesk\electron\preload\configFiles\logger_config.json
[2025-10-21 13:26:42] [INFO] [preload] Watcher iniciado: logger_config.json
[2025-10-21 13:26:42] [ERROR] [envWatcher] Archivo .env NO encontrado en: C:\Users\User\Documents\Personal\LockeritDesk\electron\preload\configFiles\.env
[2025-10-21 13:26:42] [INFO] [preload] Watcher iniciado: .env
[2025-10-21 13:26:42] [INFO] [preload] API expuesta en window.electronAPI
[2025-10-21 13:27:03] [INFO] [preload] Inicializando preload.js
[2025-10-21 13:27:03] [ERROR] [setupWatcher] Archivo setup_config.json NO encontrado en: C:\Users\User\Documents\Personal\LockeritDesk\electron\preload\configFiles\setup_config.json
[2025-10-21 13:27:03] [INFO] [preload] Watcher iniciado: setup_config.json
[2025-10-21 13:27:03] [ERROR] [authWatcher] auth_key.json NO encontrado: C:\Users\User\Documents\Personal\LockeritDesk\electron\preload\configFiles\auth_key.json
[2025-10-21 13:27:03] [INFO] [preload] Watcher iniciado: auth_key.json
[2025-10-21 13:27:03] [ERROR] [loggerWatcher] Archivo logger_config.json NO encontrado en: C:\Users\User\Documents\Personal\LockeritDesk\electron\preload\configFiles\logger_config.json
[2025-10-21 13:27:03] [INFO] [preload] Watcher iniciado: logger_config.json
[2025-10-21 13:27:03] [ERROR] [envWatcher] Archivo .env NO encontrado en: C:\Users\User\Documents\Personal\LockeritDesk\electron\preload\configFiles\.env
[2025-10-21 13:27:03] [INFO] [preload] Watcher iniciado: .env
[2025-10-21 13:27:03] [INFO] [preload] API expuesta en window.electronAPI
[2025-10-21 13:27:03] [INFO] [preload] Inicializando preload.js
[2025-10-21 13:27:03] [ERROR] [setupWatcher] Archivo setup_config.json NO encontrado en: C:\Users\User\Documents\Personal\LockeritDesk\electron\preload\configFiles\setup_config.json
[2025-10-21 13:27:03] [INFO] [preload] Watcher iniciado: setup_config.json
[2025-10-21 13:27:03] [ERROR] [authWatcher] auth_key.json NO encontrado: C:\Users\User\Documents\Personal\LockeritDesk\electron\preload\configFiles\auth_key.json
[2025-10-21 13:27:03] [INFO] [preload] Watcher iniciado: auth_key.json
[2025-10-21 13:27:03] [ERROR] [loggerWatcher] Archivo logger_config.json NO encontrado en: C:\Users\User\Documents\Personal\LockeritDesk\electron\preload\configFiles\logger_config.json
[2025-10-21 13:27:03] [INFO] [preload] Watcher iniciado: logger_config.json
[2025-10-21 13:27:03] [ERROR] [envWatcher] Archivo .env NO encontrado en: C:\Users\User\Documents\Personal\LockeritDesk\electron\preload\configFiles\.env
[2025-10-21 13:27:03] [INFO] [preload] Watcher iniciado: .env
[2025-10-21 13:27:03] [INFO] [preload] API expuesta en window.electronAPI
[2025-10-21 13:27:03] [INFO] [preload] Inicializando preload.js
[2025-10-21 13:27:03] [ERROR] [setupWatcher] Archivo setup_config.json NO encontrado en: C:\Users\User\Documents\Personal\LockeritDesk\electron\preload\configFiles\setup_config.json
[2025-10-21 13:27:03] [INFO] [preload] Watcher iniciado: setup_config.json
[2025-10-21 13:27:03] [ERROR] [authWatcher] auth_key.json NO encontrado: C:\Users\User\Documents\Personal\LockeritDesk\electron\preload\configFiles\auth_key.json
[2025-10-21 13:27:03] [INFO] [preload] Watcher iniciado: auth_key.json
[2025-10-21 13:27:03] [ERROR] [loggerWatcher] Archivo logger_config.json NO encontrado en: C:\Users\User\Documents\Personal\LockeritDesk\electron\preload\configFiles\logger_config.json
[2025-10-21 13:27:03] [INFO] [preload] Watcher iniciado: logger_config.json
[2025-10-21 13:27:03] [ERROR] [envWatcher] Archivo .env NO encontrado en: C:\Users\User\Documents\Personal\LockeritDesk\electron\preload\configFiles\.env
[2025-10-21 13:27:03] [INFO] [preload] Watcher iniciado: .env
[2025-10-21 13:27:03] [INFO] [preload] API expuesta en window.electronAPI
[2025-10-21 13:27:24] [INFO] [preload] Inicializando preload.js
[2025-10-21 13:27:24] [ERROR] [setupWatcher] Archivo setup_config.json NO encontrado en: C:\Users\User\Documents\Personal\LockeritDesk\electron\preload\configFiles\setup_config.json
[2025-10-21 13:27:24] [INFO] [preload] Watcher iniciado: setup_config.json
[2025-10-21 13:27:24] [ERROR] [authWatcher] auth_key.json NO encontrado: C:\Users\User\Documents\Personal\LockeritDesk\electron\preload\configFiles\auth_key.json
[2025-10-21 13:27:24] [INFO] [preload] Watcher iniciado: auth_key.json
[2025-10-21 13:27:24] [ERROR] [loggerWatcher] Archivo logger_config.json NO encontrado en: C:\Users\User\Documents\Personal\LockeritDesk\electron\preload\configFiles\logger_config.json
[2025-10-21 13:27:24] [INFO] [preload] Watcher iniciado: logger_config.json
[2025-10-21 13:27:24] [ERROR] [envWatcher] Archivo .env NO encontrado en: C:\Users\User\Documents\Personal\LockeritDesk\electron\preload\configFiles\.env
[2025-10-21 13:27:24] [INFO] [preload] Watcher iniciado: .env
[2025-10-21 13:27:24] [INFO] [preload] API expuesta en window.electronAPI
[2025-10-21 13:39:18] [INFO] [preload] Inicializando preload.js
[2025-10-21 13:39:18] [ERROR] [setupWatcher] Archivo setup_config.json NO encontrado en: C:\Users\User\Documents\Personal\LockeritDesk\electron\preload\configFiles\setup_config.json
[2025-10-21 13:39:18] [INFO] [preload] Watcher iniciado: setup_config.json
[2025-10-21 13:39:18] [ERROR] [authWatcher] auth_key.json NO encontrado: C:\Users\User\Documents\Personal\LockeritDesk\electron\preload\configFiles\auth_key.json
[2025-10-21 13:39:18] [INFO] [preload] Watcher iniciado: auth_key.json
[2025-10-21 13:39:18] [ERROR] [loggerWatcher] Archivo logger_config.json NO encontrado en: C:\Users\User\Documents\Personal\LockeritDesk\electron\preload\configFiles\logger_config.json
[2025-10-21 13:39:18] [INFO] [preload] Watcher iniciado: logger_config.json
[2025-10-21 13:39:18] [ERROR] [envWatcher] Archivo .env NO encontrado en: C:\Users\User\Documents\Personal\LockeritDesk\electron\preload\configFiles\.env
[2025-10-21 13:39:18] [INFO] [preload] Watcher iniciado: .env
[2025-10-21 13:39:18] [INFO] [preload] API expuesta en window.electronAPI
[2025-10-21 13:39:19] [INFO] [preload] Inicializando preload.js
[2025-10-21 13:39:19] [ERROR] [setupWatcher] Archivo setup_config.json NO encontrado en: C:\Users\User\Documents\Personal\LockeritDesk\electron\preload\configFiles\setup_config.json
[2025-10-21 13:39:19] [INFO] [preload] Watcher iniciado: setup_config.json
[2025-10-21 13:39:19] [ERROR] [authWatcher] auth_key.json NO encontrado: C:\Users\User\Documents\Personal\LockeritDesk\electron\preload\configFiles\auth_key.json
[2025-10-21 13:39:19] [INFO] [preload] Watcher iniciado: auth_key.json
[2025-10-21 13:39:19] [ERROR] [loggerWatcher] Archivo logger_config.json NO encontrado en: C:\Users\User\Documents\Personal\LockeritDesk\electron\preload\configFiles\logger_config.json
[2025-10-21 13:39:19] [INFO] [preload] Watcher iniciado: logger_config.json
[2025-10-21 13:39:19] [ERROR] [envWatcher] Archivo .env NO encontrado en: C:\Users\User\Documents\Personal\LockeritDesk\electron\preload\configFiles\.env
[2025-10-21 13:39:19] [INFO] [preload] Watcher iniciado: .env
[2025-10-21 13:39:19] [INFO] [preload] API expuesta en window.electronAPI
[2025-10-21 13:39:19] [INFO] [preload] Inicializando preload.js
[2025-10-21 13:39:19] [ERROR] [setupWatcher] Archivo setup_config.json NO encontrado en: C:\Users\User\Documents\Personal\LockeritDesk\electron\preload\configFiles\setup_config.json
[2025-10-21 13:39:19] [INFO] [preload] Watcher iniciado: setup_config.json
[2025-10-21 13:39:19] [ERROR] [authWatcher] auth_key.json NO encontrado: C:\Users\User\Documents\Personal\LockeritDesk\electron\preload\configFiles\auth_key.json
[2025-10-21 13:39:19] [INFO] [preload] Watcher iniciado: auth_key.json
[2025-10-21 13:39:19] [ERROR] [loggerWatcher] Archivo logger_config.json NO encontrado en: C:\Users\User\Documents\Personal\LockeritDesk\electron\preload\configFiles\logger_config.json
[2025-10-21 13:39:19] [INFO] [preload] Watcher iniciado: logger_config.json
[2025-10-21 13:39:19] [ERROR] [envWatcher] Archivo .env NO encontrado en: C:\Users\User\Documents\Personal\LockeritDesk\electron\preload\configFiles\.env
[2025-10-21 13:39:19] [INFO] [preload] Watcher iniciado: .env
[2025-10-21 13:39:19] [INFO] [preload] API expuesta en window.electronAPI
[2025-10-21 13:39:39] [INFO] [preload] Inicializando preload.js
[2025-10-21 13:39:39] [ERROR] [setupWatcher] Archivo setup_config.json NO encontrado en: C:\Users\User\Documents\Personal\LockeritDesk\electron\preload\configFiles\setup_config.json
[2025-10-21 13:39:39] [INFO] [preload] Watcher iniciado: setup_config.json
[2025-10-21 13:39:39] [ERROR] [authWatcher] auth_key.json NO encontrado: C:\Users\User\Documents\Personal\LockeritDesk\electron\preload\configFiles\auth_key.json
[2025-10-21 13:39:39] [INFO] [preload] Watcher iniciado: auth_key.json
[2025-10-21 13:39:39] [ERROR] [loggerWatcher] Archivo logger_config.json NO encontrado en: C:\Users\User\Documents\Personal\LockeritDesk\electron\preload\configFiles\logger_config.json
[2025-10-21 13:39:39] [INFO] [preload] Watcher iniciado: logger_config.json
[2025-10-21 13:39:39] [ERROR] [envWatcher] Archivo .env NO encontrado en: C:\Users\User\Documents\Personal\LockeritDesk\electron\preload\configFiles\.env
[2025-10-21 13:39:39] [INFO] [preload] Watcher iniciado: .env
[2025-10-21 13:39:39] [INFO] [preload] API expuesta en window.electronAPI
[2025-10-21 13:39:46] [INFO] [preload] Inicializando preload.js
[2025-10-21 13:39:46] [ERROR] [setupWatcher] Archivo setup_config.json NO encontrado en: C:\Users\User\Documents\Personal\LockeritDesk\electron\preload\configFiles\setup_config.json
[2025-10-21 13:39:46] [INFO] [preload] Watcher iniciado: setup_config.json
[2025-10-21 13:39:46] [ERROR] [authWatcher] auth_key.json NO encontrado: C:\Users\User\Documents\Personal\LockeritDesk\electron\preload\configFiles\auth_key.json
[2025-10-21 13:39:46] [INFO] [preload] Watcher iniciado: auth_key.json
[2025-10-21 13:39:46] [ERROR] [loggerWatcher] Archivo logger_config.json NO encontrado en: C:\Users\User\Documents\Personal\LockeritDesk\electron\preload\configFiles\logger_config.json
[2025-10-21 13:39:46] [INFO] [preload] Watcher iniciado: logger_config.json
[2025-10-21 13:39:46] [ERROR] [envWatcher] Archivo .env NO encontrado en: C:\Users\User\Documents\Personal\LockeritDesk\electron\preload\configFiles\.env
[2025-10-21 13:39:46] [INFO] [preload] Watcher iniciado: .env
[2025-10-21 13:39:46] [INFO] [preload] API expuesta en window.electronAPI
[2025-10-21 13:39:50] [INFO] [preload] Inicializando preload.js
[2025-10-21 13:39:50] [ERROR] [setupWatcher] Archivo setup_config.json NO encontrado en: C:\Users\User\Documents\Personal\LockeritDesk\electron\preload\configFiles\setup_config.json
[2025-10-21 13:39:50] [INFO] [preload] Watcher iniciado: setup_config.json
[2025-10-21 13:39:50] [ERROR] [authWatcher] auth_key.json NO encontrado: C:\Users\User\Documents\Personal\LockeritDesk\electron\preload\configFiles\auth_key.json
[2025-10-21 13:39:50] [INFO] [preload] Watcher iniciado: auth_key.json
[2025-10-21 13:39:50] [ERROR] [loggerWatcher] Archivo logger_config.json NO encontrado en: C:\Users\User\Documents\Personal\LockeritDesk\electron\preload\configFiles\logger_config.json
[2025-10-21 13:39:50] [INFO] [preload] Watcher iniciado: logger_config.json
[2025-10-21 13:39:50] [ERROR] [envWatcher] Archivo .env NO encontrado en: C:\Users\User\Documents\Personal\LockeritDesk\electron\preload\configFiles\.env
[2025-10-21 13:39:50] [INFO] [preload] Watcher iniciado: .env
[2025-10-21 13:39:50] [INFO] [preload] API expuesta en window.electronAPI
[2025-10-21 13:39:51] [INFO] [preload] Inicializando preload.js
[2025-10-21 13:39:51] [ERROR] [setupWatcher] Archivo setup_config.json NO encontrado en: C:\Users\User\Documents\Personal\LockeritDesk\electron\preload\configFiles\setup_config.json
[2025-10-21 13:39:51] [INFO] [preload] Watcher iniciado: setup_config.json
[2025-10-21 13:39:51] [ERROR] [authWatcher] auth_key.json NO encontrado: C:\Users\User\Documents\Personal\LockeritDesk\electron\preload\configFiles\auth_key.json
[2025-10-21 13:39:51] [INFO] [preload] Watcher iniciado: auth_key.json
[2025-10-21 13:39:51] [ERROR] [loggerWatcher] Archivo logger_config.json NO encontrado en: C:\Users\User\Documents\Personal\LockeritDesk\electron\preload\configFiles\logger_config.json
[2025-10-21 13:39:51] [INFO] [preload] Watcher iniciado: logger_config.json
[2025-10-21 13:39:51] [ERROR] [envWatcher] Archivo .env NO encontrado en: C:\Users\User\Documents\Personal\LockeritDesk\electron\preload\configFiles\.env
[2025-10-21 13:39:51] [INFO] [preload] Watcher iniciado: .env
[2025-10-21 13:39:51] [INFO] [preload] API expuesta en window.electronAPI
[2025-10-21 13:39:51] [INFO] [preload] Inicializando preload.js
[2025-10-21 13:39:51] [ERROR] [setupWatcher] Archivo setup_config.json NO encontrado en: C:\Users\User\Documents\Personal\LockeritDesk\electron\preload\configFiles\setup_config.json
[2025-10-21 13:39:51] [INFO] [preload] Watcher iniciado: setup_config.json
[2025-10-21 13:39:51] [ERROR] [authWatcher] auth_key.json NO encontrado: C:\Users\User\Documents\Personal\LockeritDesk\electron\preload\configFiles\auth_key.json
[2025-10-21 13:39:51] [INFO] [preload] Watcher iniciado: auth_key.json
[2025-10-21 13:39:51] [ERROR] [loggerWatcher] Archivo logger_config.json NO encontrado en: C:\Users\User\Documents\Personal\LockeritDesk\electron\preload\configFiles\logger_config.json
[2025-10-21 13:39:51] [INFO] [preload] Watcher iniciado: logger_config.json
[2025-10-21 13:39:51] [ERROR] [envWatcher] Archivo .env NO encontrado en: C:\Users\User\Documents\Personal\LockeritDesk\electron\preload\configFiles\.env
[2025-10-21 13:39:51] [INFO] [preload] Watcher iniciado: .env
[2025-10-21 13:39:51] [INFO] [preload] API expuesta en window.electronAPI
[2025-10-21 13:40:11] [INFO] [preload] Inicializando preload.js
[2025-10-21 13:40:11] [ERROR] [setupWatcher] Archivo setup_config.json NO encontrado en: C:\Users\User\Documents\Personal\LockeritDesk\electron\preload\configFiles\setup_config.json
[2025-10-21 13:40:11] [INFO] [preload] Watcher iniciado: setup_config.json
[2025-10-21 13:40:11] [ERROR] [authWatcher] auth_key.json NO encontrado: C:\Users\User\Documents\Personal\LockeritDesk\electron\preload\configFiles\auth_key.json
[2025-10-21 13:40:11] [INFO] [preload] Watcher iniciado: auth_key.json
[2025-10-21 13:40:11] [ERROR] [loggerWatcher] Archivo logger_config.json NO encontrado en: C:\Users\User\Documents\Personal\LockeritDesk\electron\preload\configFiles\logger_config.json
[2025-10-21 13:40:11] [INFO] [preload] Watcher iniciado: logger_config.json
[2025-10-21 13:40:11] [ERROR] [envWatcher] Archivo .env NO encontrado en: C:\Users\User\Documents\Personal\LockeritDesk\electron\preload\configFiles\.env
[2025-10-21 13:40:11] [INFO] [preload] Watcher iniciado: .env
[2025-10-21 13:40:11] [INFO] [preload] API expuesta en window.electronAPI
[2025-10-21 13:40:20] [INFO] [preload] Inicializando preload.js
[2025-10-21 13:40:20] [ERROR] [setupWatcher] Archivo setup_config.json NO encontrado en: C:\Users\User\Documents\Personal\LockeritDesk\electron\preload\configFiles\setup_config.json
[2025-10-21 13:40:20] [INFO] [preload] Watcher iniciado: setup_config.json
[2025-10-21 13:40:20] [ERROR] [authWatcher] auth_key.json NO encontrado: C:\Users\User\Documents\Personal\LockeritDesk\electron\preload\configFiles\auth_key.json
[2025-10-21 13:40:20] [INFO] [preload] Watcher iniciado: auth_key.json
[2025-10-21 13:40:20] [ERROR] [loggerWatcher] Archivo logger_config.json NO encontrado en: C:\Users\User\Documents\Personal\LockeritDesk\electron\preload\configFiles\logger_config.json
[2025-10-21 13:40:20] [INFO] [preload] Watcher iniciado: logger_config.json
[2025-10-21 13:40:20] [ERROR] [envWatcher] Archivo .env NO encontrado en: C:\Users\User\Documents\Personal\LockeritDesk\electron\preload\configFiles\.env
[2025-10-21 13:40:20] [INFO] [preload] Watcher iniciado: .env
[2025-10-21 13:40:20] [INFO] [preload] API expuesta en window.electronAPI
[2025-10-21 13:40:33] [INFO] [preload] Inicializando preload.js
[2025-10-21 13:40:33] [ERROR] [setupWatcher] Archivo setup_config.json NO encontrado en: C:\Users\User\Documents\Personal\LockeritDesk\electron\preload\configFiles\setup_config.json
[2025-10-21 13:40:33] [INFO] [preload] Watcher iniciado: setup_config.json
[2025-10-21 13:40:33] [ERROR] [authWatcher] auth_key.json NO encontrado: C:\Users\User\Documents\Personal\LockeritDesk\electron\preload\configFiles\auth_key.json
[2025-10-21 13:40:33] [INFO] [preload] Watcher iniciado: auth_key.json
[2025-10-21 13:40:33] [ERROR] [loggerWatcher] Archivo logger_config.json NO encontrado en: C:\Users\User\Documents\Personal\LockeritDesk\electron\preload\configFiles\logger_config.json
[2025-10-21 13:40:33] [INFO] [preload] Watcher iniciado: logger_config.json
[2025-10-21 13:40:33] [ERROR] [envWatcher] Archivo .env NO encontrado en: C:\Users\User\Documents\Personal\LockeritDesk\electron\preload\configFiles\.env
[2025-10-21 13:40:33] [INFO] [preload] Watcher iniciado: .env
[2025-10-21 13:40:33] [INFO] [preload] API expuesta en window.electronAPI
[2025-10-21 13:40:33] [INFO] [preload] Inicializando preload.js
[2025-10-21 13:40:33] [ERROR] [setupWatcher] Archivo setup_config.json NO encontrado en: C:\Users\User\Documents\Personal\LockeritDesk\electron\preload\configFiles\setup_config.json
[2025-10-21 13:40:33] [INFO] [preload] Watcher iniciado: setup_config.json
[2025-10-21 13:40:33] [ERROR] [authWatcher] auth_key.json NO encontrado: C:\Users\User\Documents\Personal\LockeritDesk\electron\preload\configFiles\auth_key.json
[2025-10-21 13:40:33] [INFO] [preload] Watcher iniciado: auth_key.json
[2025-10-21 13:40:33] [ERROR] [loggerWatcher] Archivo logger_config.json NO encontrado en: C:\Users\User\Documents\Personal\LockeritDesk\electron\preload\configFiles\logger_config.json
[2025-10-21 13:40:33] [INFO] [preload] Watcher iniciado: logger_config.json
[2025-10-21 13:40:33] [ERROR] [envWatcher] Archivo .env NO encontrado en: C:\Users\User\Documents\Personal\LockeritDesk\electron\preload\configFiles\.env
[2025-10-21 13:40:33] [INFO] [preload] Watcher iniciado: .env
[2025-10-21 13:40:33] [INFO] [preload] API expuesta en window.electronAPI
[2025-10-21 13:40:33] [INFO] [preload] Inicializando preload.js
[2025-10-21 13:40:33] [ERROR] [setupWatcher] Archivo setup_config.json NO encontrado en: C:\Users\User\Documents\Personal\LockeritDesk\electron\preload\configFiles\setup_config.json
[2025-10-21 13:40:33] [INFO] [preload] Watcher iniciado: setup_config.json
[2025-10-21 13:40:33] [ERROR] [authWatcher] auth_key.json NO encontrado: C:\Users\User\Documents\Personal\LockeritDesk\electron\preload\configFiles\auth_key.json
[2025-10-21 13:40:33] [INFO] [preload] Watcher iniciado: auth_key.json
[2025-10-21 13:40:33] [ERROR] [loggerWatcher] Archivo logger_config.json NO encontrado en: C:\Users\User\Documents\Personal\LockeritDesk\electron\preload\configFiles\logger_config.json
[2025-10-21 13:40:33] [INFO] [preload] Watcher iniciado: logger_config.json
[2025-10-21 13:40:33] [ERROR] [envWatcher] Archivo .env NO encontrado en: C:\Users\User\Documents\Personal\LockeritDesk\electron\preload\configFiles\.env
[2025-10-21 13:40:33] [INFO] [preload] Watcher iniciado: .env
[2025-10-21 13:40:33] [INFO] [preload] API expuesta en window.electronAPI
[2025-10-21 13:40:54] [INFO] [preload] Inicializando preload.js
[2025-10-21 13:40:54] [ERROR] [setupWatcher] Archivo setup_config.json NO encontrado en: C:\Users\User\Documents\Personal\LockeritDesk\electron\preload\configFiles\setup_config.json
[2025-10-21 13:40:54] [INFO] [preload] Watcher iniciado: setup_config.json
[2025-10-21 13:40:54] [ERROR] [authWatcher] auth_key.json NO encontrado: C:\Users\User\Documents\Personal\LockeritDesk\electron\preload\configFiles\auth_key.json
[2025-10-21 13:40:54] [INFO] [preload] Watcher iniciado: auth_key.json
[2025-10-21 13:40:54] [ERROR] [loggerWatcher] Archivo logger_config.json NO encontrado en: C:\Users\User\Documents\Personal\LockeritDesk\electron\preload\configFiles\logger_config.json
[2025-10-21 13:40:54] [INFO] [preload] Watcher iniciado: logger_config.json
[2025-10-21 13:40:54] [ERROR] [envWatcher] Archivo .env NO encontrado en: C:\Users\User\Documents\Personal\LockeritDesk\electron\preload\configFiles\.env
[2025-10-21 13:40:54] [INFO] [preload] Watcher iniciado: .env
[2025-10-21 13:40:54] [INFO] [preload] API expuesta en window.electronAPI
[2025-10-21 13:40:54] [INFO] [preload] Inicializando preload.js
[2025-10-21 13:40:54] [ERROR] [setupWatcher] Archivo setup_config.json NO encontrado en: C:\Users\User\Documents\Personal\LockeritDesk\electron\preload\configFiles\setup_config.json
[2025-10-21 13:40:54] [INFO] [preload] Watcher iniciado: setup_config.json
[2025-10-21 13:40:54] [ERROR] [authWatcher] auth_key.json NO encontrado: C:\Users\User\Documents\Personal\LockeritDesk\electron\preload\configFiles\auth_key.json
[2025-10-21 13:40:54] [INFO] [preload] Watcher iniciado: auth_key.json
[2025-10-21 13:40:54] [ERROR] [loggerWatcher] Archivo logger_config.json NO encontrado en: C:\Users\User\Documents\Personal\LockeritDesk\electron\preload\configFiles\logger_config.json
[2025-10-21 13:40:54] [INFO] [preload] Watcher iniciado: logger_config.json
[2025-10-21 13:40:54] [ERROR] [envWatcher] Archivo .env NO encontrado en: C:\Users\User\Documents\Personal\LockeritDesk\electron\preload\configFiles\.env
[2025-10-21 13:40:54] [INFO] [preload] Watcher iniciado: .env
[2025-10-21 13:40:54] [INFO] [preload] API expuesta en window.electronAPI
[2025-10-21 13:40:54] [INFO] [preload] Inicializando preload.js
[2025-10-21 13:40:54] [ERROR] [setupWatcher] Archivo setup_config.json NO encontrado en: C:\Users\User\Documents\Personal\LockeritDesk\electron\preload\configFiles\setup_config.json
[2025-10-21 13:40:54] [INFO] [preload] Watcher iniciado: setup_config.json
[2025-10-21 13:40:54] [ERROR] [authWatcher] auth_key.json NO encontrado: C:\Users\User\Documents\Personal\LockeritDesk\electron\preload\configFiles\auth_key.json
[2025-10-21 13:40:54] [INFO] [preload] Watcher iniciado: auth_key.json
[2025-10-21 13:40:54] [ERROR] [loggerWatcher] Archivo logger_config.json NO encontrado en: C:\Users\User\Documents\Personal\LockeritDesk\electron\preload\configFiles\logger_config.json
[2025-10-21 13:40:54] [INFO] [preload] Watcher iniciado: logger_config.json
[2025-10-21 13:40:54] [ERROR] [envWatcher] Archivo .env NO encontrado en: C:\Users\User\Documents\Personal\LockeritDesk\electron\preload\configFiles\.env
[2025-10-21 13:40:54] [INFO] [preload] Watcher iniciado: .env
[2025-10-21 13:40:54] [INFO] [preload] API expuesta en window.electronAPI
[2025-10-21 13:41:15] [INFO] [preload] Inicializando preload.js
[2025-10-21 13:41:15] [ERROR] [setupWatcher] Archivo setup_config.json NO encontrado en: C:\Users\User\Documents\Personal\LockeritDesk\electron\preload\configFiles\setup_config.json
[2025-10-21 13:41:15] [INFO] [preload] Watcher iniciado: setup_config.json
[2025-10-21 13:41:15] [ERROR] [authWatcher] auth_key.json NO encontrado: C:\Users\User\Documents\Personal\LockeritDesk\electron\preload\configFiles\auth_key.json
[2025-10-21 13:41:15] [INFO] [preload] Watcher iniciado: auth_key.json
[2025-10-21 13:41:15] [ERROR] [loggerWatcher] Archivo logger_config.json NO encontrado en: C:\Users\User\Documents\Personal\LockeritDesk\electron\preload\configFiles\logger_config.json
[2025-10-21 13:41:15] [INFO] [preload] Watcher iniciado: logger_config.json
[2025-10-21 13:41:15] [ERROR] [envWatcher] Archivo .env NO encontrado en: C:\Users\User\Documents\Personal\LockeritDesk\electron\preload\configFiles\.env
[2025-10-21 13:41:15] [INFO] [preload] Watcher iniciado: .env
[2025-10-21 13:41:15] [INFO] [preload] API expuesta en window.electronAPI
[2025-10-21 13:43:17] [INFO] [preload] Inicializando preload.js
[2025-10-21 13:43:17] [ERROR] [setupWatcher] Archivo setup_config.json NO encontrado en: C:\Users\User\Documents\Personal\LockeritDesk\electron\preload\configFiles\setup_config.json
[2025-10-21 13:43:17] [INFO] [preload] Watcher iniciado: setup_config.json
[2025-10-21 13:43:17] [ERROR] [authWatcher] auth_key.json NO encontrado: C:\Users\User\Documents\Personal\LockeritDesk\electron\preload\configFiles\auth_key.json
[2025-10-21 13:43:17] [INFO] [preload] Watcher iniciado: auth_key.json
[2025-10-21 13:43:17] [ERROR] [loggerWatcher] Archivo logger_config.json NO encontrado en: C:\Users\User\Documents\Personal\LockeritDesk\electron\preload\configFiles\logger_config.json
[2025-10-21 13:43:17] [INFO] [preload] Watcher iniciado: logger_config.json
[2025-10-21 13:43:17] [ERROR] [envWatcher] Archivo .env NO encontrado en: C:\Users\User\Documents\Personal\LockeritDesk\electron\preload\configFiles\.env
[2025-10-21 13:43:17] [INFO] [preload] Watcher iniciado: .env
[2025-10-21 13:43:17] [INFO] [preload] API expuesta en window.electronAPI
[2025-10-21 13:43:17] [INFO] [preload] Inicializando preload.js
[2025-10-21 13:43:17] [ERROR] [setupWatcher] Archivo setup_config.json NO encontrado en: C:\Users\User\Documents\Personal\LockeritDesk\electron\preload\configFiles\setup_config.json
[2025-10-21 13:43:17] [INFO] [preload] Watcher iniciado: setup_config.json
[2025-10-21 13:43:17] [ERROR] [authWatcher] auth_key.json NO encontrado: C:\Users\User\Documents\Personal\LockeritDesk\electron\preload\configFiles\auth_key.json
[2025-10-21 13:43:17] [INFO] [preload] Watcher iniciado: auth_key.json
[2025-10-21 13:43:17] [ERROR] [loggerWatcher] Archivo logger_config.json NO encontrado en: C:\Users\User\Documents\Personal\LockeritDesk\electron\preload\configFiles\logger_config.json
[2025-10-21 13:43:17] [INFO] [preload] Watcher iniciado: logger_config.json
[2025-10-21 13:43:17] [ERROR] [envWatcher] Archivo .env NO encontrado en: C:\Users\User\Documents\Personal\LockeritDesk\electron\preload\configFiles\.env
[2025-10-21 13:43:17] [INFO] [preload] Watcher iniciado: .env
[2025-10-21 13:43:17] [INFO] [preload] API expuesta en window.electronAPI
[2025-10-21 13:43:17] [INFO] [preload] Inicializando preload.js
[2025-10-21 13:43:17] [ERROR] [setupWatcher] Archivo setup_config.json NO encontrado en: C:\Users\User\Documents\Personal\LockeritDesk\electron\preload\configFiles\setup_config.json
[2025-10-21 13:43:17] [INFO] [preload] Watcher iniciado: setup_config.json
[2025-10-21 13:43:17] [ERROR] [authWatcher] auth_key.json NO encontrado: C:\Users\User\Documents\Personal\LockeritDesk\electron\preload\configFiles\auth_key.json
[2025-10-21 13:43:17] [INFO] [preload] Watcher iniciado: auth_key.json
[2025-10-21 13:43:17] [ERROR] [loggerWatcher] Archivo logger_config.json NO encontrado en: C:\Users\User\Documents\Personal\LockeritDesk\electron\preload\configFiles\logger_config.json
[2025-10-21 13:43:17] [INFO] [preload] Watcher iniciado: logger_config.json
[2025-10-21 13:43:17] [ERROR] [envWatcher] Archivo .env NO encontrado en: C:\Users\User\Documents\Personal\LockeritDesk\electron\preload\configFiles\.env
[2025-10-21 13:43:17] [INFO] [preload] Watcher iniciado: .env
[2025-10-21 13:43:17] [INFO] [preload] API expuesta en window.electronAPI
[2025-10-21 13:43:27] [INFO] [preload] Inicializando preload.js
[2025-10-21 13:43:27] [ERROR] [setupWatcher] Archivo setup_config.json NO encontrado en: C:\Users\User\Documents\Personal\LockeritDesk\electron\preload\configFiles\setup_config.json
[2025-10-21 13:43:27] [INFO] [preload] Watcher iniciado: setup_config.json
[2025-10-21 13:43:27] [ERROR] [authWatcher] auth_key.json NO encontrado: C:\Users\User\Documents\Personal\LockeritDesk\electron\preload\configFiles\auth_key.json
[2025-10-21 13:43:27] [INFO] [preload] Watcher iniciado: auth_key.json
[2025-10-21 13:43:27] [ERROR] [loggerWatcher] Archivo logger_config.json NO encontrado en: C:\Users\User\Documents\Personal\LockeritDesk\electron\preload\configFiles\logger_config.json
[2025-10-21 13:43:27] [INFO] [preload] Watcher iniciado: logger_config.json
[2025-10-21 13:43:27] [ERROR] [envWatcher] Archivo .env NO encontrado en: C:\Users\User\Documents\Personal\LockeritDesk\electron\preload\configFiles\.env
[2025-10-21 13:43:27] [INFO] [preload] Watcher iniciado: .env
[2025-10-21 13:43:27] [INFO] [preload] API expuesta en window.electronAPI
[2025-10-21 13:43:33] [INFO] [preload] Inicializando preload.js
[2025-10-21 13:43:33] [ERROR] [setupWatcher] Archivo setup_config.json NO encontrado en: C:\Users\User\Documents\Personal\LockeritDesk\electron\preload\configFiles\setup_config.json
[2025-10-21 13:43:33] [INFO] [preload] Watcher iniciado: setup_config.json
[2025-10-21 13:43:33] [ERROR] [authWatcher] auth_key.json NO encontrado: C:\Users\User\Documents\Personal\LockeritDesk\electron\preload\configFiles\auth_key.json
[2025-10-21 13:43:33] [INFO] [preload] Watcher iniciado: auth_key.json
[2025-10-21 13:43:33] [ERROR] [loggerWatcher] Archivo logger_config.json NO encontrado en: C:\Users\User\Documents\Personal\LockeritDesk\electron\preload\configFiles\logger_config.json
[2025-10-21 13:43:33] [INFO] [preload] Watcher iniciado: logger_config.json
[2025-10-21 13:43:33] [ERROR] [envWatcher] Archivo .env NO encontrado en: C:\Users\User\Documents\Personal\LockeritDesk\electron\preload\configFiles\.env
[2025-10-21 13:43:33] [INFO] [preload] Watcher iniciado: .env
[2025-10-21 13:43:33] [INFO] [preload] API expuesta en window.electronAPI
[2025-10-21 13:43:37] [INFO] [preload] Inicializando preload.js
[2025-10-21 13:43:37] [ERROR] [setupWatcher] Archivo setup_config.json NO encontrado en: C:\Users\User\Documents\Personal\LockeritDesk\electron\preload\configFiles\setup_config.json
[2025-10-21 13:43:37] [INFO] [preload] Watcher iniciado: setup_config.json
[2025-10-21 13:43:37] [ERROR] [authWatcher] auth_key.json NO encontrado: C:\Users\User\Documents\Personal\LockeritDesk\electron\preload\configFiles\auth_key.json
[2025-10-21 13:43:37] [INFO] [preload] Watcher iniciado: auth_key.json
[2025-10-21 13:43:37] [ERROR] [loggerWatcher] Archivo logger_config.json NO encontrado en: C:\Users\User\Documents\Personal\LockeritDesk\electron\preload\configFiles\logger_config.json
[2025-10-21 13:43:37] [INFO] [preload] Watcher iniciado: logger_config.json
[2025-10-21 13:43:37] [ERROR] [envWatcher] Archivo .env NO encontrado en: C:\Users\User\Documents\Personal\LockeritDesk\electron\preload\configFiles\.env
[2025-10-21 13:43:37] [INFO] [preload] Watcher iniciado: .env
[2025-10-21 13:43:37] [INFO] [preload] API expuesta en window.electronAPI
[2025-10-21 13:43:38] [INFO] [preload] Inicializando preload.js
[2025-10-21 13:43:38] [ERROR] [setupWatcher] Archivo setup_config.json NO encontrado en: C:\Users\User\Documents\Personal\LockeritDesk\electron\preload\configFiles\setup_config.json
[2025-10-21 13:43:38] [INFO] [preload] Watcher iniciado: setup_config.json
[2025-10-21 13:43:38] [ERROR] [authWatcher] auth_key.json NO encontrado: C:\Users\User\Documents\Personal\LockeritDesk\electron\preload\configFiles\auth_key.json
[2025-10-21 13:43:38] [INFO] [preload] Watcher iniciado: auth_key.json
[2025-10-21 13:43:38] [ERROR] [loggerWatcher] Archivo logger_config.json NO encontrado en: C:\Users\User\Documents\Personal\LockeritDesk\electron\preload\configFiles\logger_config.json
[2025-10-21 13:43:38] [INFO] [preload] Watcher iniciado: logger_config.json
[2025-10-21 13:43:38] [ERROR] [envWatcher] Archivo .env NO encontrado en: C:\Users\User\Documents\Personal\LockeritDesk\electron\preload\configFiles\.env
[2025-10-21 13:43:38] [INFO] [preload] Watcher iniciado: .env
[2025-10-21 13:43:38] [INFO] [preload] API expuesta en window.electronAPI
[2025-10-21 13:43:44] [INFO] [preload] Inicializando preload.js
[2025-10-21 13:43:44] [ERROR] [setupWatcher] Archivo setup_config.json NO encontrado en: C:\Users\User\Documents\Personal\LockeritDesk\electron\preload\configFiles\setup_config.json
[2025-10-21 13:43:44] [INFO] [preload] Watcher iniciado: setup_config.json
[2025-10-21 13:43:44] [ERROR] [authWatcher] auth_key.json NO encontrado: C:\Users\User\Documents\Personal\LockeritDesk\electron\preload\configFiles\auth_key.json
[2025-10-21 13:43:44] [INFO] [preload] Watcher iniciado: auth_key.json
[2025-10-21 13:43:44] [ERROR] [loggerWatcher] Archivo logger_config.json NO encontrado en: C:\Users\User\Documents\Personal\LockeritDesk\electron\preload\configFiles\logger_config.json
[2025-10-21 13:43:44] [INFO] [preload] Watcher iniciado: logger_config.json
[2025-10-21 13:43:44] [ERROR] [envWatcher] Archivo .env NO encontrado en: C:\Users\User\Documents\Personal\LockeritDesk\electron\preload\configFiles\.env
[2025-10-21 13:43:44] [INFO] [preload] Watcher iniciado: .env
[2025-10-21 13:43:44] [INFO] [preload] API expuesta en window.electronAPI
[2025-10-21 13:43:51] [INFO] [preload] Inicializando preload.js
[2025-10-21 13:43:51] [ERROR] [setupWatcher] Archivo setup_config.json NO encontrado en: C:\Users\User\Documents\Personal\LockeritDesk\electron\preload\configFiles\setup_config.json
[2025-10-21 13:43:51] [INFO] [preload] Watcher iniciado: setup_config.json
[2025-10-21 13:43:51] [ERROR] [authWatcher] auth_key.json NO encontrado: C:\Users\User\Documents\Personal\LockeritDesk\electron\preload\configFiles\auth_key.json
[2025-10-21 13:43:51] [INFO] [preload] Watcher iniciado: auth_key.json
[2025-10-21 13:43:51] [ERROR] [loggerWatcher] Archivo logger_config.json NO encontrado en: C:\Users\User\Documents\Personal\LockeritDesk\electron\preload\configFiles\logger_config.json
[2025-10-21 13:43:51] [INFO] [preload] Watcher iniciado: logger_config.json
[2025-10-21 13:43:51] [ERROR] [envWatcher] Archivo .env NO encontrado en: C:\Users\User\Documents\Personal\LockeritDesk\electron\preload\configFiles\.env
[2025-10-21 13:43:51] [INFO] [preload] Watcher iniciado: .env
[2025-10-21 13:43:51] [INFO] [preload] API expuesta en window.electronAPI
[2025-10-21 13:43:52] [INFO] [preload] Inicializando preload.js
[2025-10-21 13:43:52] [ERROR] [setupWatcher] Archivo setup_config.json NO encontrado en: C:\Users\User\Documents\Personal\LockeritDesk\electron\preload\configFiles\setup_config.json
[2025-10-21 13:43:52] [INFO] [preload] Watcher iniciado: setup_config.json
[2025-10-21 13:43:52] [ERROR] [authWatcher] auth_key.json NO encontrado: C:\Users\User\Documents\Personal\LockeritDesk\electron\preload\configFiles\auth_key.json
[2025-10-21 13:43:52] [INFO] [preload] Watcher iniciado: auth_key.json
[2025-10-21 13:43:52] [ERROR] [loggerWatcher] Archivo logger_config.json NO encontrado en: C:\Users\User\Documents\Personal\LockeritDesk\electron\preload\configFiles\logger_config.json
[2025-10-21 13:43:52] [INFO] [preload] Watcher iniciado: logger_config.json
[2025-10-21 13:43:52] [ERROR] [envWatcher] Archivo .env NO encontrado en: C:\Users\User\Documents\Personal\LockeritDesk\electron\preload\configFiles\.env
[2025-10-21 13:43:52] [INFO] [preload] Watcher iniciado: .env
[2025-10-21 13:43:52] [INFO] [preload] API expuesta en window.electronAPI
[2025-10-21 13:43:52] [INFO] [preload] Inicializando preload.js
[2025-10-21 13:43:52] [ERROR] [setupWatcher] Archivo setup_config.json NO encontrado en: C:\Users\User\Documents\Personal\LockeritDesk\electron\preload\configFiles\setup_config.json
[2025-10-21 13:43:52] [INFO] [preload] Watcher iniciado: setup_config.json
[2025-10-21 13:43:52] [ERROR] [authWatcher] auth_key.json NO encontrado: C:\Users\User\Documents\Personal\LockeritDesk\electron\preload\configFiles\auth_key.json
[2025-10-21 13:43:52] [INFO] [preload] Watcher iniciado: auth_key.json
[2025-10-21 13:43:52] [ERROR] [loggerWatcher] Archivo logger_config.json NO encontrado en: C:\Users\User\Documents\Personal\LockeritDesk\electron\preload\configFiles\logger_config.json
[2025-10-21 13:43:52] [INFO] [preload] Watcher iniciado: logger_config.json
[2025-10-21 13:43:52] [ERROR] [envWatcher] Archivo .env NO encontrado en: C:\Users\User\Documents\Personal\LockeritDesk\electron\preload\configFiles\.env
[2025-10-21 13:43:52] [INFO] [preload] Watcher iniciado: .env
[2025-10-21 13:43:52] [INFO] [preload] API expuesta en window.electronAPI
[2025-10-21 13:43:57] [INFO] [preload] Inicializando preload.js
[2025-10-21 13:43:57] [ERROR] [setupWatcher] Archivo setup_config.json NO encontrado en: C:\Users\User\Documents\Personal\LockeritDesk\electron\preload\configFiles\setup_config.json
[2025-10-21 13:43:57] [INFO] [preload] Watcher iniciado: setup_config.json
[2025-10-21 13:43:57] [ERROR] [authWatcher] auth_key.json NO encontrado: C:\Users\User\Documents\Personal\LockeritDesk\electron\preload\configFiles\auth_key.json
[2025-10-21 13:43:57] [INFO] [preload] Watcher iniciado: auth_key.json
[2025-10-21 13:43:57] [ERROR] [loggerWatcher] Archivo logger_config.json NO encontrado en: C:\Users\User\Documents\Personal\LockeritDesk\electron\preload\configFiles\logger_config.json
[2025-10-21 13:43:57] [INFO] [preload] Watcher iniciado: logger_config.json
[2025-10-21 13:43:57] [ERROR] [envWatcher] Archivo .env NO encontrado en: C:\Users\User\Documents\Personal\LockeritDesk\electron\preload\configFiles\.env
[2025-10-21 13:43:57] [INFO] [preload] Watcher iniciado: .env
[2025-10-21 13:43:57] [INFO] [preload] API expuesta en window.electronAPI
[2025-10-21 13:44:12] [INFO] [preload] Inicializando preload.js
[2025-10-21 13:44:12] [ERROR] [setupWatcher] Archivo setup_config.json NO encontrado en: C:\Users\User\Documents\Personal\LockeritDesk\electron\preload\configFiles\setup_config.json
[2025-10-21 13:44:12] [INFO] [preload] Watcher iniciado: setup_config.json
[2025-10-21 13:44:12] [ERROR] [authWatcher] auth_key.json NO encontrado: C:\Users\User\Documents\Personal\LockeritDesk\electron\preload\configFiles\auth_key.json
[2025-10-21 13:44:12] [INFO] [preload] Watcher iniciado: auth_key.json
[2025-10-21 13:44:12] [ERROR] [loggerWatcher] Archivo logger_config.json NO encontrado en: C:\Users\User\Documents\Personal\LockeritDesk\electron\preload\configFiles\logger_config.json
[2025-10-21 13:44:12] [INFO] [preload] Watcher iniciado: logger_config.json
[2025-10-21 13:44:12] [ERROR] [envWatcher] Archivo .env NO encontrado en: C:\Users\User\Documents\Personal\LockeritDesk\electron\preload\configFiles\.env
[2025-10-21 13:44:12] [INFO] [preload] Watcher iniciado: .env
[2025-10-21 13:44:12] [INFO] [preload] API expuesta en window.electronAPI
[2025-10-21 13:44:42] [INFO] [preload] Inicializando preload.js
[2025-10-21 13:44:42] [ERROR] [setupWatcher] Archivo setup_config.json NO encontrado en: C:\Users\User\Documents\Personal\LockeritDesk\electron\preload\configFiles\setup_config.json
[2025-10-21 13:44:42] [INFO] [preload] Watcher iniciado: setup_config.json
[2025-10-21 13:44:42] [ERROR] [authWatcher] auth_key.json NO encontrado: C:\Users\User\Documents\Personal\LockeritDesk\electron\preload\configFiles\auth_key.json
[2025-10-21 13:44:42] [INFO] [preload] Watcher iniciado: auth_key.json
[2025-10-21 13:44:42] [ERROR] [loggerWatcher] Archivo logger_config.json NO encontrado en: C:\Users\User\Documents\Personal\LockeritDesk\electron\preload\configFiles\logger_config.json
[2025-10-21 13:44:42] [INFO] [preload] Watcher iniciado: logger_config.json
[2025-10-21 13:44:42] [ERROR] [envWatcher] Archivo .env NO encontrado en: C:\Users\User\Documents\Personal\LockeritDesk\electron\preload\configFiles\.env
[2025-10-21 13:44:42] [INFO] [preload] Watcher iniciado: .env
[2025-10-21 13:44:42] [INFO] [preload] API expuesta en window.electronAPI
[2025-10-21 13:44:43] [INFO] [preload] Inicializando preload.js
[2025-10-21 13:44:43] [ERROR] [setupWatcher] Archivo setup_config.json NO encontrado en: C:\Users\User\Documents\Personal\LockeritDesk\electron\preload\configFiles\setup_config.json
[2025-10-21 13:44:43] [INFO] [preload] Watcher iniciado: setup_config.json
[2025-10-21 13:44:43] [ERROR] [authWatcher] auth_key.json NO encontrado: C:\Users\User\Documents\Personal\LockeritDesk\electron\preload\configFiles\auth_key.json
[2025-10-21 13:44:43] [INFO] [preload] Watcher iniciado: auth_key.json
[2025-10-21 13:44:43] [ERROR] [loggerWatcher] Archivo logger_config.json NO encontrado en: C:\Users\User\Documents\Personal\LockeritDesk\electron\preload\configFiles\logger_config.json
[2025-10-21 13:44:43] [INFO] [preload] Watcher iniciado: logger_config.json
[2025-10-21 13:44:43] [ERROR] [envWatcher] Archivo .env NO encontrado en: C:\Users\User\Documents\Personal\LockeritDesk\electron\preload\configFiles\.env
[2025-10-21 13:44:43] [INFO] [preload] Watcher iniciado: .env
[2025-10-21 13:44:43] [INFO] [preload] API expuesta en window.electronAPI
[2025-10-21 13:44:52] [INFO] [preload] Inicializando preload.js
[2025-10-21 13:44:52] [ERROR] [setupWatcher] Archivo setup_config.json NO encontrado en: C:\Users\User\Documents\Personal\LockeritDesk\electron\preload\configFiles\setup_config.json
[2025-10-21 13:44:52] [INFO] [preload] Watcher iniciado: setup_config.json
[2025-10-21 13:44:52] [ERROR] [authWatcher] auth_key.json NO encontrado: C:\Users\User\Documents\Personal\LockeritDesk\electron\preload\configFiles\auth_key.json
[2025-10-21 13:44:52] [INFO] [preload] Watcher iniciado: auth_key.json
[2025-10-21 13:44:52] [ERROR] [loggerWatcher] Archivo logger_config.json NO encontrado en: C:\Users\User\Documents\Personal\LockeritDesk\electron\preload\configFiles\logger_config.json
[2025-10-21 13:44:52] [INFO] [preload] Watcher iniciado: logger_config.json
[2025-10-21 13:44:52] [ERROR] [envWatcher] Archivo .env NO encontrado en: C:\Users\User\Documents\Personal\LockeritDesk\electron\preload\configFiles\.env
[2025-10-21 13:44:52] [INFO] [preload] Watcher iniciado: .env
[2025-10-21 13:44:52] [INFO] [preload] API expuesta en window.electronAPI
[2025-10-21 13:45:07] [INFO] [preload] Inicializando preload.js
[2025-10-21 13:45:07] [ERROR] [setupWatcher] Archivo setup_config.json NO encontrado en: C:\Users\User\Documents\Personal\LockeritDesk\electron\preload\configFiles\setup_config.json
[2025-10-21 13:45:07] [INFO] [preload] Watcher iniciado: setup_config.json
[2025-10-21 13:45:07] [ERROR] [authWatcher] auth_key.json NO encontrado: C:\Users\User\Documents\Personal\LockeritDesk\electron\preload\configFiles\auth_key.json
[2025-10-21 13:45:07] [INFO] [preload] Watcher iniciado: auth_key.json
[2025-10-21 13:45:07] [ERROR] [loggerWatcher] Archivo logger_config.json NO encontrado en: C:\Users\User\Documents\Personal\LockeritDesk\electron\preload\configFiles\logger_config.json
[2025-10-21 13:45:07] [INFO] [preload] Watcher iniciado: logger_config.json
[2025-10-21 13:45:07] [ERROR] [envWatcher] Archivo .env NO encontrado en: C:\Users\User\Documents\Personal\LockeritDesk\electron\preload\configFiles\.env
[2025-10-21 13:45:07] [INFO] [preload] Watcher iniciado: .env
[2025-10-21 13:45:07] [INFO] [preload] API expuesta en window.electronAPI
[2025-10-21 13:45:12] [INFO] [preload] Inicializando preload.js
[2025-10-21 13:45:12] [ERROR] [setupWatcher] Archivo setup_config.json NO encontrado en: C:\Users\User\Documents\Personal\LockeritDesk\electron\preload\configFiles\setup_config.json
[2025-10-21 13:45:12] [INFO] [preload] Watcher iniciado: setup_config.json
[2025-10-21 13:45:12] [ERROR] [authWatcher] auth_key.json NO encontrado: C:\Users\User\Documents\Personal\LockeritDesk\electron\preload\configFiles\auth_key.json
[2025-10-21 13:45:12] [INFO] [preload] Watcher iniciado: auth_key.json
[2025-10-21 13:45:12] [ERROR] [loggerWatcher] Archivo logger_config.json NO encontrado en: C:\Users\User\Documents\Personal\LockeritDesk\electron\preload\configFiles\logger_config.json
[2025-10-21 13:45:12] [INFO] [preload] Watcher iniciado: logger_config.json
[2025-10-21 13:45:12] [ERROR] [envWatcher] Archivo .env NO encontrado en: C:\Users\User\Documents\Personal\LockeritDesk\electron\preload\configFiles\.env
[2025-10-21 13:45:12] [INFO] [preload] Watcher iniciado: .env
[2025-10-21 13:45:12] [INFO] [preload] API expuesta en window.electronAPI
[2025-10-21 13:45:13] [INFO] [preload] Inicializando preload.js
[2025-10-21 13:45:13] [ERROR] [setupWatcher] Archivo setup_config.json NO encontrado en: C:\Users\User\Documents\Personal\LockeritDesk\electron\preload\configFiles\setup_config.json
[2025-10-21 13:45:13] [INFO] [preload] Watcher iniciado: setup_config.json
[2025-10-21 13:45:13] [ERROR] [authWatcher] auth_key.json NO encontrado: C:\Users\User\Documents\Personal\LockeritDesk\electron\preload\configFiles\auth_key.json
[2025-10-21 13:45:13] [INFO] [preload] Watcher iniciado: auth_key.json
[2025-10-21 13:45:13] [ERROR] [loggerWatcher] Archivo logger_config.json NO encontrado en: C:\Users\User\Documents\Personal\LockeritDesk\electron\preload\configFiles\logger_config.json
[2025-10-21 13:45:13] [INFO] [preload] Watcher iniciado: logger_config.json
[2025-10-21 13:45:13] [ERROR] [envWatcher] Archivo .env NO encontrado en: C:\Users\User\Documents\Personal\LockeritDesk\electron\preload\configFiles\.env
[2025-10-21 13:45:13] [INFO] [preload] Watcher iniciado: .env
[2025-10-21 13:45:13] [INFO] [preload] API expuesta en window.electronAPI
[2025-10-21 13:45:18] [INFO] [preload] Inicializando preload.js
[2025-10-21 13:45:18] [ERROR] [setupWatcher] Archivo setup_config.json NO encontrado en: C:\Users\User\Documents\Personal\LockeritDesk\electron\preload\configFiles\setup_config.json
[2025-10-21 13:45:18] [INFO] [preload] Watcher iniciado: setup_config.json
[2025-10-21 13:45:18] [ERROR] [authWatcher] auth_key.json NO encontrado: C:\Users\User\Documents\Personal\LockeritDesk\electron\preload\configFiles\auth_key.json
[2025-10-21 13:45:18] [INFO] [preload] Watcher iniciado: auth_key.json
[2025-10-21 13:45:18] [ERROR] [loggerWatcher] Archivo logger_config.json NO encontrado en: C:\Users\User\Documents\Personal\LockeritDesk\electron\preload\configFiles\logger_config.json
[2025-10-21 13:45:18] [INFO] [preload] Watcher iniciado: logger_config.json
[2025-10-21 13:45:18] [ERROR] [envWatcher] Archivo .env NO encontrado en: C:\Users\User\Documents\Personal\LockeritDesk\electron\preload\configFiles\.env
[2025-10-21 13:45:18] [INFO] [preload] Watcher iniciado: .env
[2025-10-21 13:45:18] [INFO] [preload] API expuesta en window.electronAPI
[2025-10-21 13:45:23] [INFO] [preload] Inicializando preload.js
[2025-10-21 13:45:23] [ERROR] [setupWatcher] Archivo setup_config.json NO encontrado en: C:\Users\User\Documents\Personal\LockeritDesk\electron\preload\configFiles\setup_config.json
[2025-10-21 13:45:23] [INFO] [preload] Watcher iniciado: setup_config.json
[2025-10-21 13:45:23] [ERROR] [authWatcher] auth_key.json NO encontrado: C:\Users\User\Documents\Personal\LockeritDesk\electron\preload\configFiles\auth_key.json
[2025-10-21 13:45:23] [INFO] [preload] Watcher iniciado: auth_key.json
[2025-10-21 13:45:23] [ERROR] [loggerWatcher] Archivo logger_config.json NO encontrado en: C:\Users\User\Documents\Personal\LockeritDesk\electron\preload\configFiles\logger_config.json
[2025-10-21 13:45:23] [INFO] [preload] Watcher iniciado: logger_config.json
[2025-10-21 13:45:23] [ERROR] [envWatcher] Archivo .env NO encontrado en: C:\Users\User\Documents\Personal\LockeritDesk\electron\preload\configFiles\.env
[2025-10-21 13:45:23] [INFO] [preload] Watcher iniciado: .env
[2025-10-21 13:45:23] [INFO] [preload] API expuesta en window.electronAPI
[2025-10-21 13:45:23] [INFO] [preload] Inicializando preload.js
[2025-10-21 13:45:23] [ERROR] [setupWatcher] Archivo setup_config.json NO encontrado en: C:\Users\User\Documents\Personal\LockeritDesk\electron\preload\configFiles\setup_config.json
[2025-10-21 13:45:23] [INFO] [preload] Watcher iniciado: setup_config.json
[2025-10-21 13:45:23] [ERROR] [authWatcher] auth_key.json NO encontrado: C:\Users\User\Documents\Personal\LockeritDesk\electron\preload\configFiles\auth_key.json
[2025-10-21 13:45:23] [INFO] [preload] Watcher iniciado: auth_key.json
[2025-10-21 13:45:23] [ERROR] [loggerWatcher] Archivo logger_config.json NO encontrado en: C:\Users\User\Documents\Personal\LockeritDesk\electron\preload\configFiles\logger_config.json
[2025-10-21 13:45:23] [INFO] [preload] Watcher iniciado: logger_config.json
[2025-10-21 13:45:23] [ERROR] [envWatcher] Archivo .env NO encontrado en: C:\Users\User\Documents\Personal\LockeritDesk\electron\preload\configFiles\.env
[2025-10-21 13:45:23] [INFO] [preload] Watcher iniciado: .env
[2025-10-21 13:45:23] [INFO] [preload] API expuesta en window.electronAPI
[2025-10-21 13:45:24] [INFO] [preload] Inicializando preload.js
[2025-10-21 13:45:24] [ERROR] [setupWatcher] Archivo setup_config.json NO encontrado en: C:\Users\User\Documents\Personal\LockeritDesk\electron\preload\configFiles\setup_config.json
[2025-10-21 13:45:24] [INFO] [preload] Watcher iniciado: setup_config.json
[2025-10-21 13:45:24] [ERROR] [authWatcher] auth_key.json NO encontrado: C:\Users\User\Documents\Personal\LockeritDesk\electron\preload\configFiles\auth_key.json
[2025-10-21 13:45:24] [INFO] [preload] Watcher iniciado: auth_key.json
[2025-10-21 13:45:24] [ERROR] [loggerWatcher] Archivo logger_config.json NO encontrado en: C:\Users\User\Documents\Personal\LockeritDesk\electron\preload\configFiles\logger_config.json
[2025-10-21 13:45:24] [INFO] [preload] Watcher iniciado: logger_config.json
[2025-10-21 13:45:24] [ERROR] [envWatcher] Archivo .env NO encontrado en: C:\Users\User\Documents\Personal\LockeritDesk\electron\preload\configFiles\.env
[2025-10-21 13:45:24] [INFO] [preload] Watcher iniciado: .env
[2025-10-21 13:45:24] [INFO] [preload] API expuesta en window.electronAPI
[2025-10-21 13:45:27] [INFO] [preload] Inicializando preload.js
[2025-10-21 13:45:27] [ERROR] [setupWatcher] Archivo setup_config.json NO encontrado en: C:\Users\User\Documents\Personal\LockeritDesk\electron\preload\configFiles\setup_config.json
[2025-10-21 13:45:27] [INFO] [preload] Watcher iniciado: setup_config.json
[2025-10-21 13:45:27] [ERROR] [authWatcher] auth_key.json NO encontrado: C:\Users\User\Documents\Personal\LockeritDesk\electron\preload\configFiles\auth_key.json
[2025-10-21 13:45:27] [INFO] [preload] Watcher iniciado: auth_key.json
[2025-10-21 13:45:27] [ERROR] [loggerWatcher] Archivo logger_config.json NO encontrado en: C:\Users\User\Documents\Personal\LockeritDesk\electron\preload\configFiles\logger_config.json
[2025-10-21 13:45:27] [INFO] [preload] Watcher iniciado: logger_config.json
[2025-10-21 13:45:27] [ERROR] [envWatcher] Archivo .env NO encontrado en: C:\Users\User\Documents\Personal\LockeritDesk\electron\preload\configFiles\.env
[2025-10-21 13:45:27] [INFO] [preload] Watcher iniciado: .env
[2025-10-21 13:45:27] [INFO] [preload] API expuesta en window.electronAPI
[2025-10-21 13:45:32] [INFO] [preload] Inicializando preload.js
[2025-10-21 13:45:32] [ERROR] [setupWatcher] Archivo setup_config.json NO encontrado en: C:\Users\User\Documents\Personal\LockeritDesk\electron\preload\configFiles\setup_config.json
[2025-10-21 13:45:32] [INFO] [preload] Watcher iniciado: setup_config.json
[2025-10-21 13:45:32] [ERROR] [authWatcher] auth_key.json NO encontrado: C:\Users\User\Documents\Personal\LockeritDesk\electron\preload\configFiles\auth_key.json
[2025-10-21 13:45:32] [INFO] [preload] Watcher iniciado: auth_key.json
[2025-10-21 13:45:32] [ERROR] [loggerWatcher] Archivo logger_config.json NO encontrado en: C:\Users\User\Documents\Personal\LockeritDesk\electron\preload\configFiles\logger_config.json
[2025-10-21 13:45:32] [INFO] [preload] Watcher iniciado: logger_config.json
[2025-10-21 13:45:32] [ERROR] [envWatcher] Archivo .env NO encontrado en: C:\Users\User\Documents\Personal\LockeritDesk\electron\preload\configFiles\.env
[2025-10-21 13:45:32] [INFO] [preload] Watcher iniciado: .env
[2025-10-21 13:45:32] [INFO] [preload] API expuesta en window.electronAPI
[2025-10-21 13:45:32] [INFO] [preload] Inicializando preload.js
[2025-10-21 13:45:32] [ERROR] [setupWatcher] Archivo setup_config.json NO encontrado en: C:\Users\User\Documents\Personal\LockeritDesk\electron\preload\configFiles\setup_config.json
[2025-10-21 13:45:32] [INFO] [preload] Watcher iniciado: setup_config.json
[2025-10-21 13:45:32] [ERROR] [authWatcher] auth_key.json NO encontrado: C:\Users\User\Documents\Personal\LockeritDesk\electron\preload\configFiles\auth_key.json
[2025-10-21 13:45:32] [INFO] [preload] Watcher iniciado: auth_key.json
[2025-10-21 13:45:32] [ERROR] [loggerWatcher] Archivo logger_config.json NO encontrado en: C:\Users\User\Documents\Personal\LockeritDesk\electron\preload\configFiles\logger_config.json
[2025-10-21 13:45:32] [INFO] [preload] Watcher iniciado: logger_config.json
[2025-10-21 13:45:32] [ERROR] [envWatcher] Archivo .env NO encontrado en: C:\Users\User\Documents\Personal\LockeritDesk\electron\preload\configFiles\.env
[2025-10-21 13:45:32] [INFO] [preload] Watcher iniciado: .env
[2025-10-21 13:45:32] [INFO] [preload] API expuesta en window.electronAPI
[2025-10-21 13:45:33] [INFO] [preload] Inicializando preload.js
[2025-10-21 13:45:33] [ERROR] [setupWatcher] Archivo setup_config.json NO encontrado en: C:\Users\User\Documents\Personal\LockeritDesk\electron\preload\configFiles\setup_config.json
[2025-10-21 13:45:33] [INFO] [preload] Watcher iniciado: setup_config.json
[2025-10-21 13:45:33] [ERROR] [authWatcher] auth_key.json NO encontrado: C:\Users\User\Documents\Personal\LockeritDesk\electron\preload\configFiles\auth_key.json
[2025-10-21 13:45:33] [INFO] [preload] Watcher iniciado: auth_key.json
[2025-10-21 13:45:33] [ERROR] [loggerWatcher] Archivo logger_config.json NO encontrado en: C:\Users\User\Documents\Personal\LockeritDesk\electron\preload\configFiles\logger_config.json
[2025-10-21 13:45:33] [INFO] [preload] Watcher iniciado: logger_config.json
[2025-10-21 13:45:33] [ERROR] [envWatcher] Archivo .env NO encontrado en: C:\Users\User\Documents\Personal\LockeritDesk\electron\preload\configFiles\.env
[2025-10-21 13:45:33] [INFO] [preload] Watcher iniciado: .env
[2025-10-21 13:45:33] [INFO] [preload] API expuesta en window.electronAPI
[2025-10-21 13:45:44] [INFO] [preload] Inicializando preload.js
[2025-10-21 13:45:44] [ERROR] [setupWatcher] Archivo setup_config.json NO encontrado en: C:\Users\User\Documents\Personal\LockeritDesk\electron\preload\configFiles\setup_config.json
[2025-10-21 13:45:44] [INFO] [preload] Watcher iniciado: setup_config.json
[2025-10-21 13:45:44] [ERROR] [authWatcher] auth_key.json NO encontrado: C:\Users\User\Documents\Personal\LockeritDesk\electron\preload\configFiles\auth_key.json
[2025-10-21 13:45:44] [INFO] [preload] Watcher iniciado: auth_key.json
[2025-10-21 13:45:44] [ERROR] [loggerWatcher] Archivo logger_config.json NO encontrado en: C:\Users\User\Documents\Personal\LockeritDesk\electron\preload\configFiles\logger_config.json
[2025-10-21 13:45:44] [INFO] [preload] Watcher iniciado: logger_config.json
[2025-10-21 13:45:44] [ERROR] [envWatcher] Archivo .env NO encontrado en: C:\Users\User\Documents\Personal\LockeritDesk\electron\preload\configFiles\.env
[2025-10-21 13:45:44] [INFO] [preload] Watcher iniciado: .env
[2025-10-21 13:45:44] [INFO] [preload] API expuesta en window.electronAPI
[2025-10-21 13:45:48] [INFO] [preload] Inicializando preload.js
[2025-10-21 13:45:48] [ERROR] [setupWatcher] Archivo setup_config.json NO encontrado en: C:\Users\User\Documents\Personal\LockeritDesk\electron\preload\configFiles\setup_config.json
[2025-10-21 13:45:48] [INFO] [preload] Watcher iniciado: setup_config.json
[2025-10-21 13:45:48] [ERROR] [authWatcher] auth_key.json NO encontrado: C:\Users\User\Documents\Personal\LockeritDesk\electron\preload\configFiles\auth_key.json
[2025-10-21 13:45:48] [INFO] [preload] Watcher iniciado: auth_key.json
[2025-10-21 13:45:48] [ERROR] [loggerWatcher] Archivo logger_config.json NO encontrado en: C:\Users\User\Documents\Personal\LockeritDesk\electron\preload\configFiles\logger_config.json
[2025-10-21 13:45:48] [INFO] [preload] Watcher iniciado: logger_config.json
[2025-10-21 13:45:48] [ERROR] [envWatcher] Archivo .env NO encontrado en: C:\Users\User\Documents\Personal\LockeritDesk\electron\preload\configFiles\.env
[2025-10-21 13:45:48] [INFO] [preload] Watcher iniciado: .env
[2025-10-21 13:45:48] [INFO] [preload] API expuesta en window.electronAPI
[2025-10-21 13:45:53] [INFO] [preload] Inicializando preload.js
[2025-10-21 13:45:53] [ERROR] [setupWatcher] Archivo setup_config.json NO encontrado en: C:\Users\User\Documents\Personal\LockeritDesk\electron\preload\configFiles\setup_config.json
[2025-10-21 13:45:53] [INFO] [preload] Watcher iniciado: setup_config.json
[2025-10-21 13:45:53] [ERROR] [authWatcher] auth_key.json NO encontrado: C:\Users\User\Documents\Personal\LockeritDesk\electron\preload\configFiles\auth_key.json
[2025-10-21 13:45:53] [INFO] [preload] Watcher iniciado: auth_key.json
[2025-10-21 13:45:53] [ERROR] [loggerWatcher] Archivo logger_config.json NO encontrado en: C:\Users\User\Documents\Personal\LockeritDesk\electron\preload\configFiles\logger_config.json
[2025-10-21 13:45:53] [INFO] [preload] Watcher iniciado: logger_config.json
[2025-10-21 13:45:53] [ERROR] [envWatcher] Archivo .env NO encontrado en: C:\Users\User\Documents\Personal\LockeritDesk\electron\preload\configFiles\.env
[2025-10-21 13:45:53] [INFO] [preload] Watcher iniciado: .env
[2025-10-21 13:45:53] [INFO] [preload] API expuesta en window.electronAPI
[2025-10-21 13:45:54] [INFO] [preload] Inicializando preload.js
[2025-10-21 13:45:54] [ERROR] [setupWatcher] Archivo setup_config.json NO encontrado en: C:\Users\User\Documents\Personal\LockeritDesk\electron\preload\configFiles\setup_config.json
[2025-10-21 13:45:54] [INFO] [preload] Watcher iniciado: setup_config.json
[2025-10-21 13:45:54] [ERROR] [authWatcher] auth_key.json NO encontrado: C:\Users\User\Documents\Personal\LockeritDesk\electron\preload\configFiles\auth_key.json
[2025-10-21 13:45:54] [INFO] [preload] Watcher iniciado: auth_key.json
[2025-10-21 13:45:54] [ERROR] [loggerWatcher] Archivo logger_config.json NO encontrado en: C:\Users\User\Documents\Personal\LockeritDesk\electron\preload\configFiles\logger_config.json
[2025-10-21 13:45:54] [INFO] [preload] Watcher iniciado: logger_config.json
[2025-10-21 13:45:54] [ERROR] [envWatcher] Archivo .env NO encontrado en: C:\Users\User\Documents\Personal\LockeritDesk\electron\preload\configFiles\.env
[2025-10-21 13:45:54] [INFO] [preload] Watcher iniciado: .env
[2025-10-21 13:45:54] [INFO] [preload] API expuesta en window.electronAPI
[2025-10-21 13:45:59] [INFO] [preload] Inicializando preload.js
[2025-10-21 13:45:59] [ERROR] [setupWatcher] Archivo setup_config.json NO encontrado en: C:\Users\User\Documents\Personal\LockeritDesk\electron\preload\configFiles\setup_config.json
[2025-10-21 13:45:59] [INFO] [preload] Watcher iniciado: setup_config.json
[2025-10-21 13:45:59] [ERROR] [authWatcher] auth_key.json NO encontrado: C:\Users\User\Documents\Personal\LockeritDesk\electron\preload\configFiles\auth_key.json
[2025-10-21 13:45:59] [INFO] [preload] Watcher iniciado: auth_key.json
[2025-10-21 13:45:59] [ERROR] [loggerWatcher] Archivo logger_config.json NO encontrado en: C:\Users\User\Documents\Personal\LockeritDesk\electron\preload\configFiles\logger_config.json
[2025-10-21 13:45:59] [INFO] [preload] Watcher iniciado: logger_config.json
[2025-10-21 13:45:59] [ERROR] [envWatcher] Archivo .env NO encontrado en: C:\Users\User\Documents\Personal\LockeritDesk\electron\preload\configFiles\.env
[2025-10-21 13:45:59] [INFO] [preload] Watcher iniciado: .env
[2025-10-21 13:45:59] [INFO] [preload] API expuesta en window.electronAPI
[2025-10-21 13:46:04] [INFO] [preload] Inicializando preload.js
[2025-10-21 13:46:04] [ERROR] [setupWatcher] Archivo setup_config.json NO encontrado en: C:\Users\User\Documents\Personal\LockeritDesk\electron\preload\configFiles\setup_config.json
[2025-10-21 13:46:04] [INFO] [preload] Watcher iniciado: setup_config.json
[2025-10-21 13:46:04] [ERROR] [authWatcher] auth_key.json NO encontrado: C:\Users\User\Documents\Personal\LockeritDesk\electron\preload\configFiles\auth_key.json
[2025-10-21 13:46:04] [INFO] [preload] Watcher iniciado: auth_key.json
[2025-10-21 13:46:04] [ERROR] [loggerWatcher] Archivo logger_config.json NO encontrado en: C:\Users\User\Documents\Personal\LockeritDesk\electron\preload\configFiles\logger_config.json
[2025-10-21 13:46:04] [INFO] [preload] Watcher iniciado: logger_config.json
[2025-10-21 13:46:04] [ERROR] [envWatcher] Archivo .env NO encontrado en: C:\Users\User\Documents\Personal\LockeritDesk\electron\preload\configFiles\.env
[2025-10-21 13:46:04] [INFO] [preload] Watcher iniciado: .env
[2025-10-21 13:46:04] [INFO] [preload] API expuesta en window.electronAPI
[2025-10-21 13:46:05] [INFO] [preload] Inicializando preload.js
[2025-10-21 13:46:05] [ERROR] [setupWatcher] Archivo setup_config.json NO encontrado en: C:\Users\User\Documents\Personal\LockeritDesk\electron\preload\configFiles\setup_config.json
[2025-10-21 13:46:05] [INFO] [preload] Watcher iniciado: setup_config.json
[2025-10-21 13:46:05] [ERROR] [authWatcher] auth_key.json NO encontrado: C:\Users\User\Documents\Personal\LockeritDesk\electron\preload\configFiles\auth_key.json
[2025-10-21 13:46:05] [INFO] [preload] Watcher iniciado: auth_key.json
[2025-10-21 13:46:05] [ERROR] [loggerWatcher] Archivo logger_config.json NO encontrado en: C:\Users\User\Documents\Personal\LockeritDesk\electron\preload\configFiles\logger_config.json
[2025-10-21 13:46:05] [INFO] [preload] Watcher iniciado: logger_config.json
[2025-10-21 13:46:05] [ERROR] [envWatcher] Archivo .env NO encontrado en: C:\Users\User\Documents\Personal\LockeritDesk\electron\preload\configFiles\.env
[2025-10-21 13:46:05] [INFO] [preload] Watcher iniciado: .env
[2025-10-21 13:46:05] [INFO] [preload] API expuesta en window.electronAPI
[2025-10-21 13:46:05] [INFO] [preload] Inicializando preload.js
[2025-10-21 13:46:05] [ERROR] [setupWatcher] Archivo setup_config.json NO encontrado en: C:\Users\User\Documents\Personal\LockeritDesk\electron\preload\configFiles\setup_config.json
[2025-10-21 13:46:05] [INFO] [preload] Watcher iniciado: setup_config.json
[2025-10-21 13:46:05] [ERROR] [authWatcher] auth_key.json NO encontrado: C:\Users\User\Documents\Personal\LockeritDesk\electron\preload\configFiles\auth_key.json
[2025-10-21 13:46:05] [INFO] [preload] Watcher iniciado: auth_key.json
[2025-10-21 13:46:05] [ERROR] [loggerWatcher] Archivo logger_config.json NO encontrado en: C:\Users\User\Documents\Personal\LockeritDesk\electron\preload\configFiles\logger_config.json
[2025-10-21 13:46:05] [INFO] [preload] Watcher iniciado: logger_config.json
[2025-10-21 13:46:05] [ERROR] [envWatcher] Archivo .env NO encontrado en: C:\Users\User\Documents\Personal\LockeritDesk\electron\preload\configFiles\.env
[2025-10-21 13:46:05] [INFO] [preload] Watcher iniciado: .env
[2025-10-21 13:46:05] [INFO] [preload] API expuesta en window.electronAPI
[2025-10-21 13:46:10] [INFO] [preload] Inicializando preload.js
[2025-10-21 13:46:10] [ERROR] [setupWatcher] Archivo setup_config.json NO encontrado en: C:\Users\User\Documents\Personal\LockeritDesk\electron\preload\configFiles\setup_config.json
[2025-10-21 13:46:10] [INFO] [preload] Watcher iniciado: setup_config.json
[2025-10-21 13:46:10] [ERROR] [authWatcher] auth_key.json NO encontrado: C:\Users\User\Documents\Personal\LockeritDesk\electron\preload\configFiles\auth_key.json
[2025-10-21 13:46:10] [INFO] [preload] Watcher iniciado: auth_key.json
[2025-10-21 13:46:10] [ERROR] [loggerWatcher] Archivo logger_config.json NO encontrado en: C:\Users\User\Documents\Personal\LockeritDesk\electron\preload\configFiles\logger_config.json
[2025-10-21 13:46:10] [INFO] [preload] Watcher iniciado: logger_config.json
[2025-10-21 13:46:10] [ERROR] [envWatcher] Archivo .env NO encontrado en: C:\Users\User\Documents\Personal\LockeritDesk\electron\preload\configFiles\.env
[2025-10-21 13:46:10] [INFO] [preload] Watcher iniciado: .env
[2025-10-21 13:46:10] [INFO] [preload] API expuesta en window.electronAPI
[2025-10-21 13:46:15] [INFO] [preload] Inicializando preload.js
[2025-10-21 13:46:15] [ERROR] [setupWatcher] Archivo setup_config.json NO encontrado en: C:\Users\User\Documents\Personal\LockeritDesk\electron\preload\configFiles\setup_config.json
[2025-10-21 13:46:15] [INFO] [preload] Watcher iniciado: setup_config.json
[2025-10-21 13:46:15] [ERROR] [authWatcher] auth_key.json NO encontrado: C:\Users\User\Documents\Personal\LockeritDesk\electron\preload\configFiles\auth_key.json
[2025-10-21 13:46:15] [INFO] [preload] Watcher iniciado: auth_key.json
[2025-10-21 13:46:15] [ERROR] [loggerWatcher] Archivo logger_config.json NO encontrado en: C:\Users\User\Documents\Personal\LockeritDesk\electron\preload\configFiles\logger_config.json
[2025-10-21 13:46:15] [INFO] [preload] Watcher iniciado: logger_config.json
[2025-10-21 13:46:15] [ERROR] [envWatcher] Archivo .env NO encontrado en: C:\Users\User\Documents\Personal\LockeritDesk\electron\preload\configFiles\.env
[2025-10-21 13:46:15] [INFO] [preload] Watcher iniciado: .env
[2025-10-21 13:46:15] [INFO] [preload] API expuesta en window.electronAPI
[2025-10-21 13:46:19] [INFO] [preload] Inicializando preload.js
[2025-10-21 13:46:19] [ERROR] [setupWatcher] Archivo setup_config.json NO encontrado en: C:\Users\User\Documents\Personal\LockeritDesk\electron\preload\configFiles\setup_config.json
[2025-10-21 13:46:19] [INFO] [preload] Watcher iniciado: setup_config.json
[2025-10-21 13:46:19] [ERROR] [authWatcher] auth_key.json NO encontrado: C:\Users\User\Documents\Personal\LockeritDesk\electron\preload\configFiles\auth_key.json
[2025-10-21 13:46:19] [INFO] [preload] Watcher iniciado: auth_key.json
[2025-10-21 13:46:19] [ERROR] [loggerWatcher] Archivo logger_config.json NO encontrado en: C:\Users\User\Documents\Personal\LockeritDesk\electron\preload\configFiles\logger_config.json
[2025-10-21 13:46:19] [INFO] [preload] Watcher iniciado: logger_config.json
[2025-10-21 13:46:19] [ERROR] [envWatcher] Archivo .env NO encontrado en: C:\Users\User\Documents\Personal\LockeritDesk\electron\preload\configFiles\.env
[2025-10-21 13:46:19] [INFO] [preload] Watcher iniciado: .env
[2025-10-21 13:46:19] [INFO] [preload] API expuesta en window.electronAPI
[2025-10-21 13:46:20] [INFO] [preload] Inicializando preload.js
[2025-10-21 13:46:20] [ERROR] [setupWatcher] Archivo setup_config.json NO encontrado en: C:\Users\User\Documents\Personal\LockeritDesk\electron\preload\configFiles\setup_config.json
[2025-10-21 13:46:20] [INFO] [preload] Watcher iniciado: setup_config.json
[2025-10-21 13:46:20] [ERROR] [authWatcher] auth_key.json NO encontrado: C:\Users\User\Documents\Personal\LockeritDesk\electron\preload\configFiles\auth_key.json
[2025-10-21 13:46:20] [INFO] [preload] Watcher iniciado: auth_key.json
[2025-10-21 13:46:20] [ERROR] [loggerWatcher] Archivo logger_config.json NO encontrado en: C:\Users\User\Documents\Personal\LockeritDesk\electron\preload\configFiles\logger_config.json
[2025-10-21 13:46:20] [INFO] [preload] Watcher iniciado: logger_config.json
[2025-10-21 13:46:20] [ERROR] [envWatcher] Archivo .env NO encontrado en: C:\Users\User\Documents\Personal\LockeritDesk\electron\preload\configFiles\.env
[2025-10-21 13:46:20] [INFO] [preload] Watcher iniciado: .env
[2025-10-21 13:46:20] [INFO] [preload] API expuesta en window.electronAPI
[2025-10-21 13:46:20] [INFO] [preload] Inicializando preload.js
[2025-10-21 13:46:20] [ERROR] [setupWatcher] Archivo setup_config.json NO encontrado en: C:\Users\User\Documents\Personal\LockeritDesk\electron\preload\configFiles\setup_config.json
[2025-10-21 13:46:20] [INFO] [preload] Watcher iniciado: setup_config.json
[2025-10-21 13:46:20] [ERROR] [authWatcher] auth_key.json NO encontrado: C:\Users\User\Documents\Personal\LockeritDesk\electron\preload\configFiles\auth_key.json
[2025-10-21 13:46:20] [INFO] [preload] Watcher iniciado: auth_key.json
[2025-10-21 13:46:20] [ERROR] [loggerWatcher] Archivo logger_config.json NO encontrado en: C:\Users\User\Documents\Personal\LockeritDesk\electron\preload\configFiles\logger_config.json
[2025-10-21 13:46:20] [INFO] [preload] Watcher iniciado: logger_config.json
[2025-10-21 13:46:20] [ERROR] [envWatcher] Archivo .env NO encontrado en: C:\Users\User\Documents\Personal\LockeritDesk\electron\preload\configFiles\.env
[2025-10-21 13:46:20] [INFO] [preload] Watcher iniciado: .env
[2025-10-21 13:46:20] [INFO] [preload] API expuesta en window.electronAPI
[2025-10-21 13:46:24] [INFO] [preload] Inicializando preload.js
[2025-10-21 13:46:24] [ERROR] [setupWatcher] Archivo setup_config.json NO encontrado en: C:\Users\User\Documents\Personal\LockeritDesk\electron\preload\configFiles\setup_config.json
[2025-10-21 13:46:24] [INFO] [preload] Watcher iniciado: setup_config.json
[2025-10-21 13:46:24] [ERROR] [authWatcher] auth_key.json NO encontrado: C:\Users\User\Documents\Personal\LockeritDesk\electron\preload\configFiles\auth_key.json
[2025-10-21 13:46:24] [INFO] [preload] Watcher iniciado: auth_key.json
[2025-10-21 13:46:24] [ERROR] [loggerWatcher] Archivo logger_config.json NO encontrado en: C:\Users\User\Documents\Personal\LockeritDesk\electron\preload\configFiles\logger_config.json
[2025-10-21 13:46:24] [INFO] [preload] Watcher iniciado: logger_config.json
[2025-10-21 13:46:24] [ERROR] [envWatcher] Archivo .env NO encontrado en: C:\Users\User\Documents\Personal\LockeritDesk\electron\preload\configFiles\.env
[2025-10-21 13:46:24] [INFO] [preload] Watcher iniciado: .env
[2025-10-21 13:46:24] [INFO] [preload] API expuesta en window.electronAPI
[2025-10-21 13:46:33] [INFO] [preload] Inicializando preload.js
[2025-10-21 13:46:33] [ERROR] [setupWatcher] Archivo setup_config.json NO encontrado en: C:\Users\User\Documents\Personal\LockeritDesk\electron\preload\configFiles\setup_config.json
[2025-10-21 13:46:33] [INFO] [preload] Watcher iniciado: setup_config.json
[2025-10-21 13:46:33] [ERROR] [authWatcher] auth_key.json NO encontrado: C:\Users\User\Documents\Personal\LockeritDesk\electron\preload\configFiles\auth_key.json
[2025-10-21 13:46:33] [INFO] [preload] Watcher iniciado: auth_key.json
[2025-10-21 13:46:33] [ERROR] [loggerWatcher] Archivo logger_config.json NO encontrado en: C:\Users\User\Documents\Personal\LockeritDesk\electron\preload\configFiles\logger_config.json
[2025-10-21 13:46:33] [INFO] [preload] Watcher iniciado: logger_config.json
[2025-10-21 13:46:33] [ERROR] [envWatcher] Archivo .env NO encontrado en: C:\Users\User\Documents\Personal\LockeritDesk\electron\preload\configFiles\.env
[2025-10-21 13:46:33] [INFO] [preload] Watcher iniciado: .env
[2025-10-21 13:46:33] [INFO] [preload] API expuesta en window.electronAPI
[2025-10-21 13:46:40] [INFO] [preload] Inicializando preload.js
[2025-10-21 13:46:40] [ERROR] [setupWatcher] Archivo setup_config.json NO encontrado en: C:\Users\User\Documents\Personal\LockeritDesk\electron\preload\configFiles\setup_config.json
[2025-10-21 13:46:40] [INFO] [preload] Watcher iniciado: setup_config.json
[2025-10-21 13:46:40] [ERROR] [authWatcher] auth_key.json NO encontrado: C:\Users\User\Documents\Personal\LockeritDesk\electron\preload\configFiles\auth_key.json
[2025-10-21 13:46:40] [INFO] [preload] Watcher iniciado: auth_key.json
[2025-10-21 13:46:40] [ERROR] [loggerWatcher] Archivo logger_config.json NO encontrado en: C:\Users\User\Documents\Personal\LockeritDesk\electron\preload\configFiles\logger_config.json
[2025-10-21 13:46:40] [INFO] [preload] Watcher iniciado: logger_config.json
[2025-10-21 13:46:40] [ERROR] [envWatcher] Archivo .env NO encontrado en: C:\Users\User\Documents\Personal\LockeritDesk\electron\preload\configFiles\.env
[2025-10-21 13:46:40] [INFO] [preload] Watcher iniciado: .env
[2025-10-21 13:46:40] [INFO] [preload] API expuesta en window.electronAPI
[2025-10-21 13:46:44] [INFO] [preload] Inicializando preload.js
[2025-10-21 13:46:44] [ERROR] [setupWatcher] Archivo setup_config.json NO encontrado en: C:\Users\User\Documents\Personal\LockeritDesk\electron\preload\configFiles\setup_config.json
[2025-10-21 13:46:44] [INFO] [preload] Watcher iniciado: setup_config.json
[2025-10-21 13:46:44] [ERROR] [authWatcher] auth_key.json NO encontrado: C:\Users\User\Documents\Personal\LockeritDesk\electron\preload\configFiles\auth_key.json
[2025-10-21 13:46:44] [INFO] [preload] Watcher iniciado: auth_key.json
[2025-10-21 13:46:44] [ERROR] [loggerWatcher] Archivo logger_config.json NO encontrado en: C:\Users\User\Documents\Personal\LockeritDesk\electron\preload\configFiles\logger_config.json
[2025-10-21 13:46:44] [INFO] [preload] Watcher iniciado: logger_config.json
[2025-10-21 13:46:44] [ERROR] [envWatcher] Archivo .env NO encontrado en: C:\Users\User\Documents\Personal\LockeritDesk\electron\preload\configFiles\.env
[2025-10-21 13:46:44] [INFO] [preload] Watcher iniciado: .env
[2025-10-21 13:46:44] [INFO] [preload] API expuesta en window.electronAPI
[2025-10-21 13:47:06] [INFO] [preload] Inicializando preload.js
[2025-10-21 13:47:06] [ERROR] [setupWatcher] Archivo setup_config.json NO encontrado en: C:\Users\User\Documents\Personal\LockeritDesk\electron\preload\configFiles\setup_config.json
[2025-10-21 13:47:06] [INFO] [preload] Watcher iniciado: setup_config.json
[2025-10-21 13:47:06] [ERROR] [authWatcher] auth_key.json NO encontrado: C:\Users\User\Documents\Personal\LockeritDesk\electron\preload\configFiles\auth_key.json
[2025-10-21 13:47:06] [INFO] [preload] Watcher iniciado: auth_key.json
[2025-10-21 13:47:06] [ERROR] [loggerWatcher] Archivo logger_config.json NO encontrado en: C:\Users\User\Documents\Personal\LockeritDesk\electron\preload\configFiles\logger_config.json
[2025-10-21 13:47:06] [INFO] [preload] Watcher iniciado: logger_config.json
[2025-10-21 13:47:06] [ERROR] [envWatcher] Archivo .env NO encontrado en: C:\Users\User\Documents\Personal\LockeritDesk\electron\preload\configFiles\.env
[2025-10-21 13:47:06] [INFO] [preload] Watcher iniciado: .env
[2025-10-21 13:47:06] [INFO] [preload] API expuesta en window.electronAPI
[2025-10-21 13:47:06] [INFO] [preload] Inicializando preload.js
[2025-10-21 13:47:06] [ERROR] [setupWatcher] Archivo setup_config.json NO encontrado en: C:\Users\User\Documents\Personal\LockeritDesk\electron\preload\configFiles\setup_config.json
[2025-10-21 13:47:06] [INFO] [preload] Watcher iniciado: setup_config.json
[2025-10-21 13:47:06] [ERROR] [authWatcher] auth_key.json NO encontrado: C:\Users\User\Documents\Personal\LockeritDesk\electron\preload\configFiles\auth_key.json
[2025-10-21 13:47:06] [INFO] [preload] Watcher iniciado: auth_key.json
[2025-10-21 13:47:06] [ERROR] [loggerWatcher] Archivo logger_config.json NO encontrado en: C:\Users\User\Documents\Personal\LockeritDesk\electron\preload\configFiles\logger_config.json
[2025-10-21 13:47:06] [INFO] [preload] Watcher iniciado: logger_config.json
[2025-10-21 13:47:06] [ERROR] [envWatcher] Archivo .env NO encontrado en: C:\Users\User\Documents\Personal\LockeritDesk\electron\preload\configFiles\.env
[2025-10-21 13:47:06] [INFO] [preload] Watcher iniciado: .env
[2025-10-21 13:47:06] [INFO] [preload] API expuesta en window.electronAPI
[2025-10-21 13:47:06] [INFO] [preload] Inicializando preload.js
[2025-10-21 13:47:06] [ERROR] [setupWatcher] Archivo setup_config.json NO encontrado en: C:\Users\User\Documents\Personal\LockeritDesk\electron\preload\configFiles\setup_config.json
[2025-10-21 13:47:06] [INFO] [preload] Watcher iniciado: setup_config.json
[2025-10-21 13:47:06] [ERROR] [authWatcher] auth_key.json NO encontrado: C:\Users\User\Documents\Personal\LockeritDesk\electron\preload\configFiles\auth_key.json
[2025-10-21 13:47:06] [INFO] [preload] Watcher iniciado: auth_key.json
[2025-10-21 13:47:06] [ERROR] [loggerWatcher] Archivo logger_config.json NO encontrado en: C:\Users\User\Documents\Personal\LockeritDesk\electron\preload\configFiles\logger_config.json
[2025-10-21 13:47:06] [INFO] [preload] Watcher iniciado: logger_config.json
[2025-10-21 13:47:06] [ERROR] [envWatcher] Archivo .env NO encontrado en: C:\Users\User\Documents\Personal\LockeritDesk\electron\preload\configFiles\.env
[2025-10-21 13:47:06] [INFO] [preload] Watcher iniciado: .env
[2025-10-21 13:47:06] [INFO] [preload] API expuesta en window.electronAPI
[2025-10-21 13:47:15] [INFO] [preload] Inicializando preload.js
[2025-10-21 13:47:15] [ERROR] [setupWatcher] Archivo setup_config.json NO encontrado en: C:\Users\User\Documents\Personal\LockeritDesk\electron\preload\configFiles\setup_config.json
[2025-10-21 13:47:15] [INFO] [preload] Watcher iniciado: setup_config.json
[2025-10-21 13:47:15] [ERROR] [authWatcher] auth_key.json NO encontrado: C:\Users\User\Documents\Personal\LockeritDesk\electron\preload\configFiles\auth_key.json
[2025-10-21 13:47:15] [INFO] [preload] Watcher iniciado: auth_key.json
[2025-10-21 13:47:15] [ERROR] [loggerWatcher] Archivo logger_config.json NO encontrado en: C:\Users\User\Documents\Personal\LockeritDesk\electron\preload\configFiles\logger_config.json
[2025-10-21 13:47:15] [INFO] [preload] Watcher iniciado: logger_config.json
[2025-10-21 13:47:15] [ERROR] [envWatcher] Archivo .env NO encontrado en: C:\Users\User\Documents\Personal\LockeritDesk\electron\preload\configFiles\.env
[2025-10-21 13:47:15] [INFO] [preload] Watcher iniciado: .env
[2025-10-21 13:47:15] [INFO] [preload] API expuesta en window.electronAPI
[2025-10-21 13:47:21] [INFO] [preload] Inicializando preload.js
[2025-10-21 13:47:21] [ERROR] [setupWatcher] Archivo setup_config.json NO encontrado en: C:\Users\User\Documents\Personal\LockeritDesk\electron\preload\configFiles\setup_config.json
[2025-10-21 13:47:21] [INFO] [preload] Watcher iniciado: setup_config.json
[2025-10-21 13:47:21] [ERROR] [authWatcher] auth_key.json NO encontrado: C:\Users\User\Documents\Personal\LockeritDesk\electron\preload\configFiles\auth_key.json
[2025-10-21 13:47:21] [INFO] [preload] Watcher iniciado: auth_key.json
[2025-10-21 13:47:21] [ERROR] [loggerWatcher] Archivo logger_config.json NO encontrado en: C:\Users\User\Documents\Personal\LockeritDesk\electron\preload\configFiles\logger_config.json
[2025-10-21 13:47:21] [INFO] [preload] Watcher iniciado: logger_config.json
[2025-10-21 13:47:21] [ERROR] [envWatcher] Archivo .env NO encontrado en: C:\Users\User\Documents\Personal\LockeritDesk\electron\preload\configFiles\.env
[2025-10-21 13:47:21] [INFO] [preload] Watcher iniciado: .env
[2025-10-21 13:47:21] [INFO] [preload] API expuesta en window.electronAPI
[2025-10-21 13:47:27] [INFO] [preload] Inicializando preload.js
[2025-10-21 13:47:27] [ERROR] [setupWatcher] Archivo setup_config.json NO encontrado en: C:\Users\User\Documents\Personal\LockeritDesk\electron\preload\configFiles\setup_config.json
[2025-10-21 13:47:27] [INFO] [preload] Watcher iniciado: setup_config.json
[2025-10-21 13:47:27] [ERROR] [authWatcher] auth_key.json NO encontrado: C:\Users\User\Documents\Personal\LockeritDesk\electron\preload\configFiles\auth_key.json
[2025-10-21 13:47:27] [INFO] [preload] Watcher iniciado: auth_key.json
[2025-10-21 13:47:27] [ERROR] [loggerWatcher] Archivo logger_config.json NO encontrado en: C:\Users\User\Documents\Personal\LockeritDesk\electron\preload\configFiles\logger_config.json
[2025-10-21 13:47:27] [INFO] [preload] Watcher iniciado: logger_config.json
[2025-10-21 13:47:27] [ERROR] [envWatcher] Archivo .env NO encontrado en: C:\Users\User\Documents\Personal\LockeritDesk\electron\preload\configFiles\.env
[2025-10-21 13:47:27] [INFO] [preload] Watcher iniciado: .env
[2025-10-21 13:47:27] [INFO] [preload] API expuesta en window.electronAPI
[2025-10-21 13:47:30] [INFO] [preload] Inicializando preload.js
[2025-10-21 13:47:30] [ERROR] [setupWatcher] Archivo setup_config.json NO encontrado en: C:\Users\User\Documents\Personal\LockeritDesk\electron\preload\configFiles\setup_config.json
[2025-10-21 13:47:30] [INFO] [preload] Watcher iniciado: setup_config.json
[2025-10-21 13:47:30] [ERROR] [authWatcher] auth_key.json NO encontrado: C:\Users\User\Documents\Personal\LockeritDesk\electron\preload\configFiles\auth_key.json
[2025-10-21 13:47:30] [INFO] [preload] Watcher iniciado: auth_key.json
[2025-10-21 13:47:30] [ERROR] [loggerWatcher] Archivo logger_config.json NO encontrado en: C:\Users\User\Documents\Personal\LockeritDesk\electron\preload\configFiles\logger_config.json
[2025-10-21 13:47:30] [INFO] [preload] Watcher iniciado: logger_config.json
[2025-10-21 13:47:30] [ERROR] [envWatcher] Archivo .env NO encontrado en: C:\Users\User\Documents\Personal\LockeritDesk\electron\preload\configFiles\.env
[2025-10-21 13:47:30] [INFO] [preload] Watcher iniciado: .env
[2025-10-21 13:47:30] [INFO] [preload] API expuesta en window.electronAPI
[2025-10-21 13:47:43] [INFO] [preload] Inicializando preload.js
[2025-10-21 13:47:43] [ERROR] [setupWatcher] Archivo setup_config.json NO encontrado en: C:\Users\User\Documents\Personal\LockeritDesk\electron\preload\configFiles\setup_config.json
[2025-10-21 13:47:43] [INFO] [preload] Watcher iniciado: setup_config.json
[2025-10-21 13:47:43] [ERROR] [authWatcher] auth_key.json NO encontrado: C:\Users\User\Documents\Personal\LockeritDesk\electron\preload\configFiles\auth_key.json
[2025-10-21 13:47:43] [INFO] [preload] Watcher iniciado: auth_key.json
[2025-10-21 13:47:43] [ERROR] [loggerWatcher] Archivo logger_config.json NO encontrado en: C:\Users\User\Documents\Personal\LockeritDesk\electron\preload\configFiles\logger_config.json
[2025-10-21 13:47:43] [INFO] [preload] Watcher iniciado: logger_config.json
[2025-10-21 13:47:43] [ERROR] [envWatcher] Archivo .env NO encontrado en: C:\Users\User\Documents\Personal\LockeritDesk\electron\preload\configFiles\.env
[2025-10-21 13:47:43] [INFO] [preload] Watcher iniciado: .env
[2025-10-21 13:47:43] [INFO] [preload] API expuesta en window.electronAPI
[2025-10-21 13:47:43] [INFO] [preload] Inicializando preload.js
[2025-10-21 13:47:43] [ERROR] [setupWatcher] Archivo setup_config.json NO encontrado en: C:\Users\User\Documents\Personal\LockeritDesk\electron\preload\configFiles\setup_config.json
[2025-10-21 13:47:43] [INFO] [preload] Watcher iniciado: setup_config.json
[2025-10-21 13:47:43] [ERROR] [authWatcher] auth_key.json NO encontrado: C:\Users\User\Documents\Personal\LockeritDesk\electron\preload\configFiles\auth_key.json
[2025-10-21 13:47:43] [INFO] [preload] Watcher iniciado: auth_key.json
[2025-10-21 13:47:43] [ERROR] [loggerWatcher] Archivo logger_config.json NO encontrado en: C:\Users\User\Documents\Personal\LockeritDesk\electron\preload\configFiles\logger_config.json
[2025-10-21 13:47:43] [INFO] [preload] Watcher iniciado: logger_config.json
[2025-10-21 13:47:43] [ERROR] [envWatcher] Archivo .env NO encontrado en: C:\Users\User\Documents\Personal\LockeritDesk\electron\preload\configFiles\.env
[2025-10-21 13:47:43] [INFO] [preload] Watcher iniciado: .env
[2025-10-21 13:47:43] [INFO] [preload] API expuesta en window.electronAPI
[2025-10-21 13:47:44] [INFO] [preload] Inicializando preload.js
[2025-10-21 13:47:44] [ERROR] [setupWatcher] Archivo setup_config.json NO encontrado en: C:\Users\User\Documents\Personal\LockeritDesk\electron\preload\configFiles\setup_config.json
[2025-10-21 13:47:44] [INFO] [preload] Watcher iniciado: setup_config.json
[2025-10-21 13:47:44] [ERROR] [authWatcher] auth_key.json NO encontrado: C:\Users\User\Documents\Personal\LockeritDesk\electron\preload\configFiles\auth_key.json
[2025-10-21 13:47:44] [INFO] [preload] Watcher iniciado: auth_key.json
[2025-10-21 13:47:44] [ERROR] [loggerWatcher] Archivo logger_config.json NO encontrado en: C:\Users\User\Documents\Personal\LockeritDesk\electron\preload\configFiles\logger_config.json
[2025-10-21 13:47:44] [INFO] [preload] Watcher iniciado: logger_config.json
[2025-10-21 13:47:44] [ERROR] [envWatcher] Archivo .env NO encontrado en: C:\Users\User\Documents\Personal\LockeritDesk\electron\preload\configFiles\.env
[2025-10-21 13:47:44] [INFO] [preload] Watcher iniciado: .env
[2025-10-21 13:47:44] [INFO] [preload] API expuesta en window.electronAPI
[2025-10-21 13:48:04] [INFO] [preload] Inicializando preload.js
[2025-10-21 13:48:04] [ERROR] [setupWatcher] Archivo setup_config.json NO encontrado en: C:\Users\User\Documents\Personal\LockeritDesk\electron\preload\configFiles\setup_config.json
[2025-10-21 13:48:04] [INFO] [preload] Watcher iniciado: setup_config.json
[2025-10-21 13:48:04] [ERROR] [authWatcher] auth_key.json NO encontrado: C:\Users\User\Documents\Personal\LockeritDesk\electron\preload\configFiles\auth_key.json
[2025-10-21 13:48:04] [INFO] [preload] Watcher iniciado: auth_key.json
[2025-10-21 13:48:04] [ERROR] [loggerWatcher] Archivo logger_config.json NO encontrado en: C:\Users\User\Documents\Personal\LockeritDesk\electron\preload\configFiles\logger_config.json
[2025-10-21 13:48:04] [INFO] [preload] Watcher iniciado: logger_config.json
[2025-10-21 13:48:04] [ERROR] [envWatcher] Archivo .env NO encontrado en: C:\Users\User\Documents\Personal\LockeritDesk\electron\preload\configFiles\.env
[2025-10-21 13:48:04] [INFO] [preload] Watcher iniciado: .env
[2025-10-21 13:48:04] [INFO] [preload] API expuesta en window.electronAPI
[2025-10-21 13:48:04] [INFO] [preload] Inicializando preload.js
[2025-10-21 13:48:04] [ERROR] [setupWatcher] Archivo setup_config.json NO encontrado en: C:\Users\User\Documents\Personal\LockeritDesk\electron\preload\configFiles\setup_config.json
[2025-10-21 13:48:04] [INFO] [preload] Watcher iniciado: setup_config.json
[2025-10-21 13:48:04] [ERROR] [authWatcher] auth_key.json NO encontrado: C:\Users\User\Documents\Personal\LockeritDesk\electron\preload\configFiles\auth_key.json
[2025-10-21 13:48:04] [INFO] [preload] Watcher iniciado: auth_key.json
[2025-10-21 13:48:04] [ERROR] [loggerWatcher] Archivo logger_config.json NO encontrado en: C:\Users\User\Documents\Personal\LockeritDesk\electron\preload\configFiles\logger_config.json
[2025-10-21 13:48:04] [INFO] [preload] Watcher iniciado: logger_config.json
[2025-10-21 13:48:04] [ERROR] [envWatcher] Archivo .env NO encontrado en: C:\Users\User\Documents\Personal\LockeritDesk\electron\preload\configFiles\.env
[2025-10-21 13:48:04] [INFO] [preload] Watcher iniciado: .env
[2025-10-21 13:48:04] [INFO] [preload] API expuesta en window.electronAPI
[2025-10-21 13:48:05] [INFO] [preload] Inicializando preload.js
[2025-10-21 13:48:05] [ERROR] [setupWatcher] Archivo setup_config.json NO encontrado en: C:\Users\User\Documents\Personal\LockeritDesk\electron\preload\configFiles\setup_config.json
[2025-10-21 13:48:05] [INFO] [preload] Watcher iniciado: setup_config.json
[2025-10-21 13:48:05] [ERROR] [authWatcher] auth_key.json NO encontrado: C:\Users\User\Documents\Personal\LockeritDesk\electron\preload\configFiles\auth_key.json
[2025-10-21 13:48:05] [INFO] [preload] Watcher iniciado: auth_key.json
[2025-10-21 13:48:05] [ERROR] [loggerWatcher] Archivo logger_config.json NO encontrado en: C:\Users\User\Documents\Personal\LockeritDesk\electron\preload\configFiles\logger_config.json
[2025-10-21 13:48:05] [INFO] [preload] Watcher iniciado: logger_config.json
[2025-10-21 13:48:05] [ERROR] [envWatcher] Archivo .env NO encontrado en: C:\Users\User\Documents\Personal\LockeritDesk\electron\preload\configFiles\.env
[2025-10-21 13:48:05] [INFO] [preload] Watcher iniciado: .env
[2025-10-21 13:48:05] [INFO] [preload] API expuesta en window.electronAPI
[2025-10-21 13:48:07] [INFO] [preload] Inicializando preload.js
[2025-10-21 13:48:07] [ERROR] [setupWatcher] Archivo setup_config.json NO encontrado en: C:\Users\User\Documents\Personal\LockeritDesk\electron\preload\configFiles\setup_config.json
[2025-10-21 13:48:07] [INFO] [preload] Watcher iniciado: setup_config.json
[2025-10-21 13:48:07] [ERROR] [authWatcher] auth_key.json NO encontrado: C:\Users\User\Documents\Personal\LockeritDesk\electron\preload\configFiles\auth_key.json
[2025-10-21 13:48:07] [INFO] [preload] Watcher iniciado: auth_key.json
[2025-10-21 13:48:07] [ERROR] [loggerWatcher] Archivo logger_config.json NO encontrado en: C:\Users\User\Documents\Personal\LockeritDesk\electron\preload\configFiles\logger_config.json
[2025-10-21 13:48:07] [INFO] [preload] Watcher iniciado: logger_config.json
[2025-10-21 13:48:07] [ERROR] [envWatcher] Archivo .env NO encontrado en: C:\Users\User\Documents\Personal\LockeritDesk\electron\preload\configFiles\.env
[2025-10-21 13:48:07] [INFO] [preload] Watcher iniciado: .env
[2025-10-21 13:48:07] [INFO] [preload] API expuesta en window.electronAPI
[2025-10-21 13:52:45] [INFO] [preload] Inicializando preload.js
[2025-10-21 13:52:45] [ERROR] [setupWatcher] Archivo setup_config.json NO encontrado en: C:\Users\User\Documents\Personal\LockeritDesk\electron\preload\configFiles\setup_config.json
[2025-10-21 13:52:45] [INFO] [preload] Watcher iniciado: setup_config.json
[2025-10-21 13:52:45] [ERROR] [authWatcher] auth_key.json NO encontrado: C:\Users\User\Documents\Personal\LockeritDesk\electron\preload\configFiles\auth_key.json
[2025-10-21 13:52:45] [INFO] [preload] Watcher iniciado: auth_key.json
[2025-10-21 13:52:45] [ERROR] [loggerWatcher] Archivo logger_config.json NO encontrado en: C:\Users\User\Documents\Personal\LockeritDesk\electron\preload\configFiles\logger_config.json
[2025-10-21 13:52:45] [INFO] [preload] Watcher iniciado: logger_config.json
[2025-10-21 13:52:45] [ERROR] [envWatcher] Archivo .env NO encontrado en: C:\Users\User\Documents\Personal\LockeritDesk\electron\preload\configFiles\.env
[2025-10-21 13:52:45] [INFO] [preload] Watcher iniciado: .env
[2025-10-21 13:52:45] [INFO] [preload] API expuesta en window.electronAPI
[2025-10-21 13:52:45] [INFO] [preload] Inicializando preload.js
[2025-10-21 13:52:45] [ERROR] [setupWatcher] Archivo setup_config.json NO encontrado en: C:\Users\User\Documents\Personal\LockeritDesk\electron\preload\configFiles\setup_config.json
[2025-10-21 13:52:45] [INFO] [preload] Watcher iniciado: setup_config.json
[2025-10-21 13:52:45] [ERROR] [authWatcher] auth_key.json NO encontrado: C:\Users\User\Documents\Personal\LockeritDesk\electron\preload\configFiles\auth_key.json
[2025-10-21 13:52:45] [INFO] [preload] Watcher iniciado: auth_key.json
[2025-10-21 13:52:45] [ERROR] [loggerWatcher] Archivo logger_config.json NO encontrado en: C:\Users\User\Documents\Personal\LockeritDesk\electron\preload\configFiles\logger_config.json
[2025-10-21 13:52:45] [INFO] [preload] Watcher iniciado: logger_config.json
[2025-10-21 13:52:45] [ERROR] [envWatcher] Archivo .env NO encontrado en: C:\Users\User\Documents\Personal\LockeritDesk\electron\preload\configFiles\.env
[2025-10-21 13:52:45] [INFO] [preload] Watcher iniciado: .env
[2025-10-21 13:52:45] [INFO] [preload] API expuesta en window.electronAPI
[2025-10-21 13:52:45] [INFO] [preload] Inicializando preload.js
[2025-10-21 13:52:45] [ERROR] [setupWatcher] Archivo setup_config.json NO encontrado en: C:\Users\User\Documents\Personal\LockeritDesk\electron\preload\configFiles\setup_config.json
[2025-10-21 13:52:45] [INFO] [preload] Watcher iniciado: setup_config.json
[2025-10-21 13:52:45] [ERROR] [authWatcher] auth_key.json NO encontrado: C:\Users\User\Documents\Personal\LockeritDesk\electron\preload\configFiles\auth_key.json
[2025-10-21 13:52:45] [INFO] [preload] Watcher iniciado: auth_key.json
[2025-10-21 13:52:45] [ERROR] [loggerWatcher] Archivo logger_config.json NO encontrado en: C:\Users\User\Documents\Personal\LockeritDesk\electron\preload\configFiles\logger_config.json
[2025-10-21 13:52:45] [INFO] [preload] Watcher iniciado: logger_config.json
[2025-10-21 13:52:45] [ERROR] [envWatcher] Archivo .env NO encontrado en: C:\Users\User\Documents\Personal\LockeritDesk\electron\preload\configFiles\.env
[2025-10-21 13:52:45] [INFO] [preload] Watcher iniciado: .env
[2025-10-21 13:52:45] [INFO] [preload] API expuesta en window.electronAPI
[2025-10-21 13:53:06] [INFO] [preload] Inicializando preload.js
[2025-10-21 13:53:06] [ERROR] [setupWatcher] Archivo setup_config.json NO encontrado en: C:\Users\User\Documents\Personal\LockeritDesk\electron\preload\configFiles\setup_config.json
[2025-10-21 13:53:06] [INFO] [preload] Watcher iniciado: setup_config.json
[2025-10-21 13:53:06] [ERROR] [authWatcher] auth_key.json NO encontrado: C:\Users\User\Documents\Personal\LockeritDesk\electron\preload\configFiles\auth_key.json
[2025-10-21 13:53:06] [INFO] [preload] Watcher iniciado: auth_key.json
[2025-10-21 13:53:06] [ERROR] [loggerWatcher] Archivo logger_config.json NO encontrado en: C:\Users\User\Documents\Personal\LockeritDesk\electron\preload\configFiles\logger_config.json
[2025-10-21 13:53:06] [INFO] [preload] Watcher iniciado: logger_config.json
[2025-10-21 13:53:06] [ERROR] [envWatcher] Archivo .env NO encontrado en: C:\Users\User\Documents\Personal\LockeritDesk\electron\preload\configFiles\.env
[2025-10-21 13:53:06] [INFO] [preload] Watcher iniciado: .env
[2025-10-21 13:53:06] [INFO] [preload] API expuesta en window.electronAPI
[2025-10-21 14:12:38] [INFO] [preload] Inicializando preload.js
[2025-10-21 14:12:38] [ERROR] [setupWatcher] Archivo setup_config.json NO encontrado en: C:\Users\User\Documents\Personal\LockeritDesk\electron\preload\configFiles\setup_config.json
[2025-10-21 14:12:38] [INFO] [preload] Watcher iniciado: setup_config.json
[2025-10-21 14:12:38] [ERROR] [authWatcher] auth_key.json NO encontrado: C:\Users\User\Documents\Personal\LockeritDesk\electron\preload\configFiles\auth_key.json
[2025-10-21 14:12:38] [INFO] [preload] Watcher iniciado: auth_key.json
[2025-10-21 14:12:38] [ERROR] [loggerWatcher] Archivo logger_config.json NO encontrado en: C:\Users\User\Documents\Personal\LockeritDesk\electron\preload\configFiles\logger_config.json
[2025-10-21 14:12:38] [INFO] [preload] Watcher iniciado: logger_config.json
[2025-10-21 14:12:38] [ERROR] [envWatcher] Archivo .env NO encontrado en: C:\Users\User\Documents\Personal\LockeritDesk\electron\preload\configFiles\.env
[2025-10-21 14:12:38] [INFO] [preload] Watcher iniciado: .env
[2025-10-21 14:12:38] [INFO] [preload] API expuesta en window.electronAPI
[2025-10-21 14:12:38] [INFO] [preload] Inicializando preload.js
[2025-10-21 14:12:38] [ERROR] [setupWatcher] Archivo setup_config.json NO encontrado en: C:\Users\User\Documents\Personal\LockeritDesk\electron\preload\configFiles\setup_config.json
[2025-10-21 14:12:38] [INFO] [preload] Watcher iniciado: setup_config.json
[2025-10-21 14:12:38] [ERROR] [authWatcher] auth_key.json NO encontrado: C:\Users\User\Documents\Personal\LockeritDesk\electron\preload\configFiles\auth_key.json
[2025-10-21 14:12:38] [INFO] [preload] Watcher iniciado: auth_key.json
[2025-10-21 14:12:38] [ERROR] [loggerWatcher] Archivo logger_config.json NO encontrado en: C:\Users\User\Documents\Personal\LockeritDesk\electron\preload\configFiles\logger_config.json
[2025-10-21 14:12:38] [INFO] [preload] Watcher iniciado: logger_config.json
[2025-10-21 14:12:38] [ERROR] [envWatcher] Archivo .env NO encontrado en: C:\Users\User\Documents\Personal\LockeritDesk\electron\preload\configFiles\.env
[2025-10-21 14:12:38] [INFO] [preload] Watcher iniciado: .env
[2025-10-21 14:12:38] [INFO] [preload] API expuesta en window.electronAPI
[2025-10-21 14:12:38] [INFO] [preload] Inicializando preload.js
[2025-10-21 14:12:38] [ERROR] [setupWatcher] Archivo setup_config.json NO encontrado en: C:\Users\User\Documents\Personal\LockeritDesk\electron\preload\configFiles\setup_config.json
[2025-10-21 14:12:38] [INFO] [preload] Watcher iniciado: setup_config.json
[2025-10-21 14:12:38] [ERROR] [authWatcher] auth_key.json NO encontrado: C:\Users\User\Documents\Personal\LockeritDesk\electron\preload\configFiles\auth_key.json
[2025-10-21 14:12:38] [INFO] [preload] Watcher iniciado: auth_key.json
[2025-10-21 14:12:38] [ERROR] [loggerWatcher] Archivo logger_config.json NO encontrado en: C:\Users\User\Documents\Personal\LockeritDesk\electron\preload\configFiles\logger_config.json
[2025-10-21 14:12:38] [INFO] [preload] Watcher iniciado: logger_config.json
[2025-10-21 14:12:38] [ERROR] [envWatcher] Archivo .env NO encontrado en: C:\Users\User\Documents\Personal\LockeritDesk\electron\preload\configFiles\.env
[2025-10-21 14:12:38] [INFO] [preload] Watcher iniciado: .env
[2025-10-21 14:12:38] [INFO] [preload] API expuesta en window.electronAPI
[2025-10-21 14:12:54] [INFO] [preload] Inicializando preload.js
[2025-10-21 14:12:54] [ERROR] [setupWatcher] Archivo setup_config.json NO encontrado en: C:\Users\User\Documents\Personal\LockeritDesk\electron\preload\configFiles\setup_config.json
[2025-10-21 14:12:54] [INFO] [preload] Watcher iniciado: setup_config.json
[2025-10-21 14:12:54] [ERROR] [authWatcher] auth_key.json NO encontrado: C:\Users\User\Documents\Personal\LockeritDesk\electron\preload\configFiles\auth_key.json
[2025-10-21 14:12:54] [INFO] [preload] Watcher iniciado: auth_key.json
[2025-10-21 14:12:54] [ERROR] [loggerWatcher] Archivo logger_config.json NO encontrado en: C:\Users\User\Documents\Personal\LockeritDesk\electron\preload\configFiles\logger_config.json
[2025-10-21 14:12:54] [INFO] [preload] Watcher iniciado: logger_config.json
[2025-10-21 14:12:54] [ERROR] [envWatcher] Archivo .env NO encontrado en: C:\Users\User\Documents\Personal\LockeritDesk\electron\preload\configFiles\.env
[2025-10-21 14:12:54] [INFO] [preload] Watcher iniciado: .env
[2025-10-21 14:12:54] [INFO] [preload] API expuesta en window.electronAPI
[2025-10-21 14:12:59] [INFO] [preload] Inicializando preload.js
[2025-10-21 14:12:59] [ERROR] [setupWatcher] Archivo setup_config.json NO encontrado en: C:\Users\User\Documents\Personal\LockeritDesk\electron\preload\configFiles\setup_config.json
[2025-10-21 14:12:59] [INFO] [preload] Watcher iniciado: setup_config.json
[2025-10-21 14:12:59] [ERROR] [authWatcher] auth_key.json NO encontrado: C:\Users\User\Documents\Personal\LockeritDesk\electron\preload\configFiles\auth_key.json
[2025-10-21 14:12:59] [INFO] [preload] Watcher iniciado: auth_key.json
[2025-10-21 14:12:59] [ERROR] [loggerWatcher] Archivo logger_config.json NO encontrado en: C:\Users\User\Documents\Personal\LockeritDesk\electron\preload\configFiles\logger_config.json
[2025-10-21 14:12:59] [INFO] [preload] Watcher iniciado: logger_config.json
[2025-10-21 14:12:59] [ERROR] [envWatcher] Archivo .env NO encontrado en: C:\Users\User\Documents\Personal\LockeritDesk\electron\preload\configFiles\.env
[2025-10-21 14:12:59] [INFO] [preload] Watcher iniciado: .env
[2025-10-21 14:12:59] [INFO] [preload] API expuesta en window.electronAPI
[2025-10-21 14:56:51] [INFO] [preload] Inicializando preload.js
[2025-10-21 14:56:51] [ERROR] [setupWatcher] Archivo setup_config.json NO encontrado en: C:\Users\User\Documents\Personal\LockeritDesk\electron\preload\configFiles\setup_config.json
[2025-10-21 14:56:51] [INFO] [preload] Watcher iniciado: setup_config.json
[2025-10-21 14:56:51] [ERROR] [authWatcher] auth_key.json NO encontrado: C:\Users\User\Documents\Personal\LockeritDesk\electron\preload\configFiles\auth_key.json
[2025-10-21 14:56:51] [INFO] [preload] Watcher iniciado: auth_key.json
[2025-10-21 14:56:51] [ERROR] [loggerWatcher] Archivo logger_config.json NO encontrado en: C:\Users\User\Documents\Personal\LockeritDesk\electron\preload\configFiles\logger_config.json
[2025-10-21 14:56:51] [INFO] [preload] Watcher iniciado: logger_config.json
[2025-10-21 14:56:51] [ERROR] [envWatcher] Archivo .env NO encontrado en: C:\Users\User\Documents\Personal\LockeritDesk\electron\preload\configFiles\.env
[2025-10-21 14:56:51] [INFO] [preload] Watcher iniciado: .env
[2025-10-21 14:56:51] [INFO] [preload] API expuesta en window.electronAPI
[2025-10-21 14:56:52] [INFO] [preload] Inicializando preload.js
[2025-10-21 14:56:52] [ERROR] [setupWatcher] Archivo setup_config.json NO encontrado en: C:\Users\User\Documents\Personal\LockeritDesk\electron\preload\configFiles\setup_config.json
[2025-10-21 14:56:52] [INFO] [preload] Watcher iniciado: setup_config.json
[2025-10-21 14:56:52] [ERROR] [authWatcher] auth_key.json NO encontrado: C:\Users\User\Documents\Personal\LockeritDesk\electron\preload\configFiles\auth_key.json
[2025-10-21 14:56:52] [INFO] [preload] Watcher iniciado: auth_key.json
[2025-10-21 14:56:52] [ERROR] [loggerWatcher] Archivo logger_config.json NO encontrado en: C:\Users\User\Documents\Personal\LockeritDesk\electron\preload\configFiles\logger_config.json
[2025-10-21 14:56:52] [INFO] [preload] Watcher iniciado: logger_config.json
[2025-10-21 14:56:52] [ERROR] [envWatcher] Archivo .env NO encontrado en: C:\Users\User\Documents\Personal\LockeritDesk\electron\preload\configFiles\.env
[2025-10-21 14:56:52] [INFO] [preload] Watcher iniciado: .env
[2025-10-21 14:56:52] [INFO] [preload] API expuesta en window.electronAPI
[2025-10-21 14:56:52] [INFO] [preload] Inicializando preload.js
[2025-10-21 14:56:52] [ERROR] [setupWatcher] Archivo setup_config.json NO encontrado en: C:\Users\User\Documents\Personal\LockeritDesk\electron\preload\configFiles\setup_config.json
[2025-10-21 14:56:52] [INFO] [preload] Watcher iniciado: setup_config.json
[2025-10-21 14:56:52] [ERROR] [authWatcher] auth_key.json NO encontrado: C:\Users\User\Documents\Personal\LockeritDesk\electron\preload\configFiles\auth_key.json
[2025-10-21 14:56:52] [INFO] [preload] Watcher iniciado: auth_key.json
[2025-10-21 14:56:52] [ERROR] [loggerWatcher] Archivo logger_config.json NO encontrado en: C:\Users\User\Documents\Personal\LockeritDesk\electron\preload\configFiles\logger_config.json
[2025-10-21 14:56:52] [INFO] [preload] Watcher iniciado: logger_config.json
[2025-10-21 14:56:52] [ERROR] [envWatcher] Archivo .env NO encontrado en: C:\Users\User\Documents\Personal\LockeritDesk\electron\preload\configFiles\.env
[2025-10-21 14:56:52] [INFO] [preload] Watcher iniciado: .env
[2025-10-21 14:56:52] [INFO] [preload] API expuesta en window.electronAPI
[2025-10-21 14:56:59] [INFO] [preload] Inicializando preload.js
[2025-10-21 14:56:59] [ERROR] [setupWatcher] Archivo setup_config.json NO encontrado en: C:\Users\User\Documents\Personal\LockeritDesk\electron\preload\configFiles\setup_config.json
[2025-10-21 14:56:59] [INFO] [preload] Watcher iniciado: setup_config.json
[2025-10-21 14:56:59] [ERROR] [authWatcher] auth_key.json NO encontrado: C:\Users\User\Documents\Personal\LockeritDesk\electron\preload\configFiles\auth_key.json
[2025-10-21 14:56:59] [INFO] [preload] Watcher iniciado: auth_key.json
[2025-10-21 14:56:59] [ERROR] [loggerWatcher] Archivo logger_config.json NO encontrado en: C:\Users\User\Documents\Personal\LockeritDesk\electron\preload\configFiles\logger_config.json
[2025-10-21 14:56:59] [INFO] [preload] Watcher iniciado: logger_config.json
[2025-10-21 14:56:59] [ERROR] [envWatcher] Archivo .env NO encontrado en: C:\Users\User\Documents\Personal\LockeritDesk\electron\preload\configFiles\.env
[2025-10-21 14:56:59] [INFO] [preload] Watcher iniciado: .env
[2025-10-21 14:56:59] [INFO] [preload] API expuesta en window.electronAPI
[2025-10-21 14:57:12] [INFO] [preload] Inicializando preload.js
[2025-10-21 14:57:12] [ERROR] [setupWatcher] Archivo setup_config.json NO encontrado en: C:\Users\User\Documents\Personal\LockeritDesk\electron\preload\configFiles\setup_config.json
[2025-10-21 14:57:12] [INFO] [preload] Watcher iniciado: setup_config.json
[2025-10-21 14:57:12] [ERROR] [authWatcher] auth_key.json NO encontrado: C:\Users\User\Documents\Personal\LockeritDesk\electron\preload\configFiles\auth_key.json
[2025-10-21 14:57:12] [INFO] [preload] Watcher iniciado: auth_key.json
[2025-10-21 14:57:12] [ERROR] [loggerWatcher] Archivo logger_config.json NO encontrado en: C:\Users\User\Documents\Personal\LockeritDesk\electron\preload\configFiles\logger_config.json
[2025-10-21 14:57:12] [INFO] [preload] Watcher iniciado: logger_config.json
[2025-10-21 14:57:12] [ERROR] [envWatcher] Archivo .env NO encontrado en: C:\Users\User\Documents\Personal\LockeritDesk\electron\preload\configFiles\.env
[2025-10-21 14:57:12] [INFO] [preload] Watcher iniciado: .env
[2025-10-21 14:57:12] [INFO] [preload] API expuesta en window.electronAPI
[2025-10-21 15:40:20] [INFO] [main] Iniciando aplicación Electron
[2025-10-21 15:40:20] [WARN] [main] .env NO encontrado en: C:\Users\User\Documents\Personal\LockeritDesk\electron\main\configFiles\.env
[2025-10-21 15:40:20] [INFO] [main] App lista, creando ventana...
[2025-10-21 15:40:20] [INFO] [main] Creando ventana principal...
[2025-10-21 15:40:20] [INFO] [main] Cargando URL: http://localhost:5173
[2025-10-21 15:40:21] [INFO] [preload] Inicializando preload.js
[2025-10-21 15:40:21] [ERROR] [setupWatcher] Archivo setup_config.json NO encontrado en: C:\Users\User\Documents\Personal\LockeritDesk\electron\preload\configFiles\setup_config.json
[2025-10-21 15:40:21] [INFO] [preload] Watcher iniciado: setup_config.json
[2025-10-21 15:40:21] [ERROR] [authWatcher] auth_key.json NO encontrado: C:\Users\User\Documents\Personal\LockeritDesk\electron\preload\configFiles\auth_key.json
[2025-10-21 15:40:21] [INFO] [preload] Watcher iniciado: auth_key.json
[2025-10-21 15:40:21] [ERROR] [loggerWatcher] Archivo logger_config.json NO encontrado en: C:\Users\User\Documents\Personal\LockeritDesk\electron\preload\configFiles\logger_config.json
[2025-10-21 15:40:21] [INFO] [preload] Watcher iniciado: logger_config.json
[2025-10-21 15:40:21] [ERROR] [envWatcher] Archivo .env NO encontrado en: C:\Users\User\Documents\Personal\LockeritDesk\electron\preload\configFiles\.env
[2025-10-21 15:40:21] [INFO] [preload] Watcher iniciado: .env
[2025-10-21 15:40:21] [INFO] [preload] API expuesta en window.electronAPI
[2025-10-21 15:40:21] [INFO] [main] CSP cambió, enviando al renderer
[2025-10-21 15:42:31] [INFO] [preload] Inicializando preload.js
[2025-10-21 15:42:31] [ERROR] [setupWatcher] Archivo setup_config.json NO encontrado en: C:\Users\User\Documents\Personal\LockeritDesk\electron\preload\configFiles\setup_config.json
[2025-10-21 15:42:31] [INFO] [preload] Watcher iniciado: setup_config.json
[2025-10-21 15:42:31] [ERROR] [authWatcher] auth_key.json NO encontrado: C:\Users\User\Documents\Personal\LockeritDesk\electron\preload\configFiles\auth_key.json
[2025-10-21 15:42:31] [INFO] [preload] Watcher iniciado: auth_key.json
[2025-10-21 15:42:31] [ERROR] [loggerWatcher] Archivo logger_config.json NO encontrado en: C:\Users\User\Documents\Personal\LockeritDesk\electron\preload\configFiles\logger_config.json
[2025-10-21 15:42:31] [INFO] [preload] Watcher iniciado: logger_config.json
[2025-10-21 15:42:31] [ERROR] [envWatcher] Archivo .env NO encontrado en: C:\Users\User\Documents\Personal\LockeritDesk\electron\preload\configFiles\.env
[2025-10-21 15:42:31] [INFO] [preload] Watcher iniciado: .env
[2025-10-21 15:42:31] [INFO] [preload] API expuesta en window.electronAPI
[2025-10-21 15:42:31] [INFO] [preload] Inicializando preload.js
[2025-10-21 15:42:31] [ERROR] [setupWatcher] Archivo setup_config.json NO encontrado en: C:\Users\User\Documents\Personal\LockeritDesk\electron\preload\configFiles\setup_config.json
[2025-10-21 15:42:31] [INFO] [preload] Watcher iniciado: setup_config.json
[2025-10-21 15:42:31] [ERROR] [authWatcher] auth_key.json NO encontrado: C:\Users\User\Documents\Personal\LockeritDesk\electron\preload\configFiles\auth_key.json
[2025-10-21 15:42:31] [INFO] [preload] Watcher iniciado: auth_key.json
[2025-10-21 15:42:31] [ERROR] [loggerWatcher] Archivo logger_config.json NO encontrado en: C:\Users\User\Documents\Personal\LockeritDesk\electron\preload\configFiles\logger_config.json
[2025-10-21 15:42:31] [INFO] [preload] Watcher iniciado: logger_config.json
[2025-10-21 15:42:31] [ERROR] [envWatcher] Archivo .env NO encontrado en: C:\Users\User\Documents\Personal\LockeritDesk\electron\preload\configFiles\.env
[2025-10-21 15:42:31] [INFO] [preload] Watcher iniciado: .env
[2025-10-21 15:42:31] [INFO] [preload] API expuesta en window.electronAPI
[2025-10-21 15:42:31] [INFO] [preload] Inicializando preload.js
[2025-10-21 15:42:31] [ERROR] [setupWatcher] Archivo setup_config.json NO encontrado en: C:\Users\User\Documents\Personal\LockeritDesk\electron\preload\configFiles\setup_config.json
[2025-10-21 15:42:31] [INFO] [preload] Watcher iniciado: setup_config.json
[2025-10-21 15:42:31] [ERROR] [authWatcher] auth_key.json NO encontrado: C:\Users\User\Documents\Personal\LockeritDesk\electron\preload\configFiles\auth_key.json
[2025-10-21 15:42:31] [INFO] [preload] Watcher iniciado: auth_key.json
[2025-10-21 15:42:31] [ERROR] [loggerWatcher] Archivo logger_config.json NO encontrado en: C:\Users\User\Documents\Personal\LockeritDesk\electron\preload\configFiles\logger_config.json
[2025-10-21 15:42:31] [INFO] [preload] Watcher iniciado: logger_config.json
[2025-10-21 15:42:31] [ERROR] [envWatcher] Archivo .env NO encontrado en: C:\Users\User\Documents\Personal\LockeritDesk\electron\preload\configFiles\.env
[2025-10-21 15:42:31] [INFO] [preload] Watcher iniciado: .env
[2025-10-21 15:42:31] [INFO] [preload] API expuesta en window.electronAPI
[2025-10-21 15:42:32] [INFO] [preload] Inicializando preload.js
[2025-10-21 15:42:32] [ERROR] [setupWatcher] Archivo setup_config.json NO encontrado en: C:\Users\User\Documents\Personal\LockeritDesk\electron\preload\configFiles\setup_config.json
[2025-10-21 15:42:32] [INFO] [preload] Watcher iniciado: setup_config.json
[2025-10-21 15:42:32] [ERROR] [authWatcher] auth_key.json NO encontrado: C:\Users\User\Documents\Personal\LockeritDesk\electron\preload\configFiles\auth_key.json
[2025-10-21 15:42:32] [INFO] [preload] Watcher iniciado: auth_key.json
[2025-10-21 15:42:32] [ERROR] [loggerWatcher] Archivo logger_config.json NO encontrado en: C:\Users\User\Documents\Personal\LockeritDesk\electron\preload\configFiles\logger_config.json
[2025-10-21 15:42:32] [INFO] [preload] Watcher iniciado: logger_config.json
[2025-10-21 15:42:32] [ERROR] [envWatcher] Archivo .env NO encontrado en: C:\Users\User\Documents\Personal\LockeritDesk\electron\preload\configFiles\.env
[2025-10-21 15:42:32] [INFO] [preload] Watcher iniciado: .env
[2025-10-21 15:42:32] [INFO] [preload] API expuesta en window.electronAPI
[2025-10-21 15:42:52] [INFO] [preload] Inicializando preload.js
[2025-10-21 15:42:52] [ERROR] [setupWatcher] Archivo setup_config.json NO encontrado en: C:\Users\User\Documents\Personal\LockeritDesk\electron\preload\configFiles\setup_config.json
[2025-10-21 15:42:52] [INFO] [preload] Watcher iniciado: setup_config.json
[2025-10-21 15:42:52] [ERROR] [authWatcher] auth_key.json NO encontrado: C:\Users\User\Documents\Personal\LockeritDesk\electron\preload\configFiles\auth_key.json
[2025-10-21 15:42:52] [INFO] [preload] Watcher iniciado: auth_key.json
[2025-10-21 15:42:52] [ERROR] [loggerWatcher] Archivo logger_config.json NO encontrado en: C:\Users\User\Documents\Personal\LockeritDesk\electron\preload\configFiles\logger_config.json
[2025-10-21 15:42:52] [INFO] [preload] Watcher iniciado: logger_config.json
[2025-10-21 15:42:52] [ERROR] [envWatcher] Archivo .env NO encontrado en: C:\Users\User\Documents\Personal\LockeritDesk\electron\preload\configFiles\.env
[2025-10-21 15:42:52] [INFO] [preload] Watcher iniciado: .env
[2025-10-21 15:42:52] [INFO] [preload] API expuesta en window.electronAPI
[2025-10-21 15:43:21] [INFO] [preload] Inicializando preload.js
[2025-10-21 15:43:21] [ERROR] [setupWatcher] Archivo setup_config.json NO encontrado en: C:\Users\User\Documents\Personal\LockeritDesk\electron\preload\configFiles\setup_config.json
[2025-10-21 15:43:21] [INFO] [preload] Watcher iniciado: setup_config.json
[2025-10-21 15:43:21] [ERROR] [authWatcher] auth_key.json NO encontrado: C:\Users\User\Documents\Personal\LockeritDesk\electron\preload\configFiles\auth_key.json
[2025-10-21 15:43:21] [INFO] [preload] Watcher iniciado: auth_key.json
[2025-10-21 15:43:21] [ERROR] [loggerWatcher] Archivo logger_config.json NO encontrado en: C:\Users\User\Documents\Personal\LockeritDesk\electron\preload\configFiles\logger_config.json
[2025-10-21 15:43:21] [INFO] [preload] Watcher iniciado: logger_config.json
[2025-10-21 15:43:21] [ERROR] [envWatcher] Archivo .env NO encontrado en: C:\Users\User\Documents\Personal\LockeritDesk\electron\preload\configFiles\.env
[2025-10-21 15:43:21] [INFO] [preload] Watcher iniciado: .env
[2025-10-21 15:43:21] [INFO] [preload] API expuesta en window.electronAPI
[2025-10-21 15:43:22] [INFO] [preload] Inicializando preload.js
[2025-10-21 15:43:22] [ERROR] [setupWatcher] Archivo setup_config.json NO encontrado en: C:\Users\User\Documents\Personal\LockeritDesk\electron\preload\configFiles\setup_config.json
[2025-10-21 15:43:22] [INFO] [preload] Watcher iniciado: setup_config.json
[2025-10-21 15:43:22] [ERROR] [authWatcher] auth_key.json NO encontrado: C:\Users\User\Documents\Personal\LockeritDesk\electron\preload\configFiles\auth_key.json
[2025-10-21 15:43:22] [INFO] [preload] Watcher iniciado: auth_key.json
[2025-10-21 15:43:22] [ERROR] [loggerWatcher] Archivo logger_config.json NO encontrado en: C:\Users\User\Documents\Personal\LockeritDesk\electron\preload\configFiles\logger_config.json
[2025-10-21 15:43:22] [INFO] [preload] Watcher iniciado: logger_config.json
[2025-10-21 15:43:22] [ERROR] [envWatcher] Archivo .env NO encontrado en: C:\Users\User\Documents\Personal\LockeritDesk\electron\preload\configFiles\.env
[2025-10-21 15:43:22] [INFO] [preload] Watcher iniciado: .env
[2025-10-21 15:43:22] [INFO] [preload] API expuesta en window.electronAPI
[2025-10-21 15:43:22] [INFO] [preload] Inicializando preload.js
[2025-10-21 15:43:22] [ERROR] [setupWatcher] Archivo setup_config.json NO encontrado en: C:\Users\User\Documents\Personal\LockeritDesk\electron\preload\configFiles\setup_config.json
[2025-10-21 15:43:22] [INFO] [preload] Watcher iniciado: setup_config.json
[2025-10-21 15:43:22] [ERROR] [authWatcher] auth_key.json NO encontrado: C:\Users\User\Documents\Personal\LockeritDesk\electron\preload\configFiles\auth_key.json
[2025-10-21 15:43:22] [INFO] [preload] Watcher iniciado: auth_key.json
[2025-10-21 15:43:22] [ERROR] [loggerWatcher] Archivo logger_config.json NO encontrado en: C:\Users\User\Documents\Personal\LockeritDesk\electron\preload\configFiles\logger_config.json
[2025-10-21 15:43:22] [INFO] [preload] Watcher iniciado: logger_config.json
[2025-10-21 15:43:22] [ERROR] [envWatcher] Archivo .env NO encontrado en: C:\Users\User\Documents\Personal\LockeritDesk\electron\preload\configFiles\.env
[2025-10-21 15:43:22] [INFO] [preload] Watcher iniciado: .env
[2025-10-21 15:43:22] [INFO] [preload] API expuesta en window.electronAPI
[2025-10-21 15:43:42] [INFO] [preload] Inicializando preload.js
[2025-10-21 15:43:42] [ERROR] [setupWatcher] Archivo setup_config.json NO encontrado en: C:\Users\User\Documents\Personal\LockeritDesk\electron\preload\configFiles\setup_config.json
[2025-10-21 15:43:42] [INFO] [preload] Watcher iniciado: setup_config.json
[2025-10-21 15:43:42] [ERROR] [authWatcher] auth_key.json NO encontrado: C:\Users\User\Documents\Personal\LockeritDesk\electron\preload\configFiles\auth_key.json
[2025-10-21 15:43:42] [INFO] [preload] Watcher iniciado: auth_key.json
[2025-10-21 15:43:42] [ERROR] [loggerWatcher] Archivo logger_config.json NO encontrado en: C:\Users\User\Documents\Personal\LockeritDesk\electron\preload\configFiles\logger_config.json
[2025-10-21 15:43:42] [INFO] [preload] Watcher iniciado: logger_config.json
[2025-10-21 15:43:42] [ERROR] [envWatcher] Archivo .env NO encontrado en: C:\Users\User\Documents\Personal\LockeritDesk\electron\preload\configFiles\.env
[2025-10-21 15:43:42] [INFO] [preload] Watcher iniciado: .env
[2025-10-21 15:43:42] [INFO] [preload] API expuesta en window.electronAPI
[2025-10-21 15:44:11] [INFO] [preload] Inicializando preload.js
[2025-10-21 15:44:11] [ERROR] [setupWatcher] Archivo setup_config.json NO encontrado en: C:\Users\User\Documents\Personal\LockeritDesk\electron\preload\configFiles\setup_config.json
[2025-10-21 15:44:11] [INFO] [preload] Watcher iniciado: setup_config.json
[2025-10-21 15:44:11] [ERROR] [authWatcher] auth_key.json NO encontrado: C:\Users\User\Documents\Personal\LockeritDesk\electron\preload\configFiles\auth_key.json
[2025-10-21 15:44:11] [INFO] [preload] Watcher iniciado: auth_key.json
[2025-10-21 15:44:11] [ERROR] [loggerWatcher] Archivo logger_config.json NO encontrado en: C:\Users\User\Documents\Personal\LockeritDesk\electron\preload\configFiles\logger_config.json
[2025-10-21 15:44:11] [INFO] [preload] Watcher iniciado: logger_config.json
[2025-10-21 15:44:11] [ERROR] [envWatcher] Archivo .env NO encontrado en: C:\Users\User\Documents\Personal\LockeritDesk\electron\preload\configFiles\.env
[2025-10-21 15:44:11] [INFO] [preload] Watcher iniciado: .env
[2025-10-21 15:44:11] [INFO] [preload] API expuesta en window.electronAPI
[2025-10-21 15:44:12] [INFO] [preload] Inicializando preload.js
[2025-10-21 15:44:12] [ERROR] [setupWatcher] Archivo setup_config.json NO encontrado en: C:\Users\User\Documents\Personal\LockeritDesk\electron\preload\configFiles\setup_config.json
[2025-10-21 15:44:12] [INFO] [preload] Watcher iniciado: setup_config.json
[2025-10-21 15:44:12] [ERROR] [authWatcher] auth_key.json NO encontrado: C:\Users\User\Documents\Personal\LockeritDesk\electron\preload\configFiles\auth_key.json
[2025-10-21 15:44:12] [INFO] [preload] Watcher iniciado: auth_key.json
[2025-10-21 15:44:12] [ERROR] [loggerWatcher] Archivo logger_config.json NO encontrado en: C:\Users\User\Documents\Personal\LockeritDesk\electron\preload\configFiles\logger_config.json
[2025-10-21 15:44:12] [INFO] [preload] Watcher iniciado: logger_config.json
[2025-10-21 15:44:12] [ERROR] [envWatcher] Archivo .env NO encontrado en: C:\Users\User\Documents\Personal\LockeritDesk\electron\preload\configFiles\.env
[2025-10-21 15:44:12] [INFO] [preload] Watcher iniciado: .env
[2025-10-21 15:44:12] [INFO] [preload] API expuesta en window.electronAPI
[2025-10-21 15:44:12] [INFO] [preload] Inicializando preload.js
[2025-10-21 15:44:12] [ERROR] [setupWatcher] Archivo setup_config.json NO encontrado en: C:\Users\User\Documents\Personal\LockeritDesk\electron\preload\configFiles\setup_config.json
[2025-10-21 15:44:12] [INFO] [preload] Watcher iniciado: setup_config.json
[2025-10-21 15:44:12] [ERROR] [authWatcher] auth_key.json NO encontrado: C:\Users\User\Documents\Personal\LockeritDesk\electron\preload\configFiles\auth_key.json
[2025-10-21 15:44:12] [INFO] [preload] Watcher iniciado: auth_key.json
[2025-10-21 15:44:12] [ERROR] [loggerWatcher] Archivo logger_config.json NO encontrado en: C:\Users\User\Documents\Personal\LockeritDesk\electron\preload\configFiles\logger_config.json
[2025-10-21 15:44:12] [INFO] [preload] Watcher iniciado: logger_config.json
[2025-10-21 15:44:12] [ERROR] [envWatcher] Archivo .env NO encontrado en: C:\Users\User\Documents\Personal\LockeritDesk\electron\preload\configFiles\.env
[2025-10-21 15:44:12] [INFO] [preload] Watcher iniciado: .env
[2025-10-21 15:44:12] [INFO] [preload] API expuesta en window.electronAPI
[2025-10-21 15:44:21] [INFO] [preload] Inicializando preload.js
[2025-10-21 15:44:21] [ERROR] [setupWatcher] Archivo setup_config.json NO encontrado en: C:\Users\User\Documents\Personal\LockeritDesk\electron\preload\configFiles\setup_config.json
[2025-10-21 15:44:21] [INFO] [preload] Watcher iniciado: setup_config.json
[2025-10-21 15:44:21] [ERROR] [authWatcher] auth_key.json NO encontrado: C:\Users\User\Documents\Personal\LockeritDesk\electron\preload\configFiles\auth_key.json
[2025-10-21 15:44:21] [INFO] [preload] Watcher iniciado: auth_key.json
[2025-10-21 15:44:21] [ERROR] [loggerWatcher] Archivo logger_config.json NO encontrado en: C:\Users\User\Documents\Personal\LockeritDesk\electron\preload\configFiles\logger_config.json
[2025-10-21 15:44:21] [INFO] [preload] Watcher iniciado: logger_config.json
[2025-10-21 15:44:21] [ERROR] [envWatcher] Archivo .env NO encontrado en: C:\Users\User\Documents\Personal\LockeritDesk\electron\preload\configFiles\.env
[2025-10-21 15:44:21] [INFO] [preload] Watcher iniciado: .env
[2025-10-21 15:44:21] [INFO] [preload] API expuesta en window.electronAPI
[2025-10-21 15:44:32] [INFO] [preload] Inicializando preload.js
[2025-10-21 15:44:32] [ERROR] [setupWatcher] Archivo setup_config.json NO encontrado en: C:\Users\User\Documents\Personal\LockeritDesk\electron\preload\configFiles\setup_config.json
[2025-10-21 15:44:32] [INFO] [preload] Watcher iniciado: setup_config.json
[2025-10-21 15:44:32] [ERROR] [authWatcher] auth_key.json NO encontrado: C:\Users\User\Documents\Personal\LockeritDesk\electron\preload\configFiles\auth_key.json
[2025-10-21 15:44:32] [INFO] [preload] Watcher iniciado: auth_key.json
[2025-10-21 15:44:32] [ERROR] [loggerWatcher] Archivo logger_config.json NO encontrado en: C:\Users\User\Documents\Personal\LockeritDesk\electron\preload\configFiles\logger_config.json
[2025-10-21 15:44:32] [INFO] [preload] Watcher iniciado: logger_config.json
[2025-10-21 15:44:32] [ERROR] [envWatcher] Archivo .env NO encontrado en: C:\Users\User\Documents\Personal\LockeritDesk\electron\preload\configFiles\.env
[2025-10-21 15:44:32] [INFO] [preload] Watcher iniciado: .env
[2025-10-21 15:44:32] [INFO] [preload] API expuesta en window.electronAPI
[2025-10-21 15:45:34] [INFO] [preload] Inicializando preload.js
[2025-10-21 15:45:34] [ERROR] [setupWatcher] Archivo setup_config.json NO encontrado en: C:\Users\User\Documents\Personal\LockeritDesk\electron\preload\configFiles\setup_config.json
[2025-10-21 15:45:34] [INFO] [preload] Watcher iniciado: setup_config.json
[2025-10-21 15:45:34] [ERROR] [authWatcher] auth_key.json NO encontrado: C:\Users\User\Documents\Personal\LockeritDesk\electron\preload\configFiles\auth_key.json
[2025-10-21 15:45:34] [INFO] [preload] Watcher iniciado: auth_key.json
[2025-10-21 15:45:34] [ERROR] [loggerWatcher] Archivo logger_config.json NO encontrado en: C:\Users\User\Documents\Personal\LockeritDesk\electron\preload\configFiles\logger_config.json
[2025-10-21 15:45:34] [INFO] [preload] Watcher iniciado: logger_config.json
[2025-10-21 15:45:34] [ERROR] [envWatcher] Archivo .env NO encontrado en: C:\Users\User\Documents\Personal\LockeritDesk\electron\preload\configFiles\.env
[2025-10-21 15:45:34] [INFO] [preload] Watcher iniciado: .env
[2025-10-21 15:45:34] [INFO] [preload] API expuesta en window.electronAPI
[2025-10-21 15:45:35] [INFO] [preload] Inicializando preload.js
[2025-10-21 15:45:35] [ERROR] [setupWatcher] Archivo setup_config.json NO encontrado en: C:\Users\User\Documents\Personal\LockeritDesk\electron\preload\configFiles\setup_config.json
[2025-10-21 15:45:35] [INFO] [preload] Watcher iniciado: setup_config.json
[2025-10-21 15:45:35] [ERROR] [authWatcher] auth_key.json NO encontrado: C:\Users\User\Documents\Personal\LockeritDesk\electron\preload\configFiles\auth_key.json
[2025-10-21 15:45:35] [INFO] [preload] Watcher iniciado: auth_key.json
[2025-10-21 15:45:35] [ERROR] [loggerWatcher] Archivo logger_config.json NO encontrado en: C:\Users\User\Documents\Personal\LockeritDesk\electron\preload\configFiles\logger_config.json
[2025-10-21 15:45:35] [INFO] [preload] Watcher iniciado: logger_config.json
[2025-10-21 15:45:35] [ERROR] [envWatcher] Archivo .env NO encontrado en: C:\Users\User\Documents\Personal\LockeritDesk\electron\preload\configFiles\.env
[2025-10-21 15:45:35] [INFO] [preload] Watcher iniciado: .env
[2025-10-21 15:45:35] [INFO] [preload] API expuesta en window.electronAPI
[2025-10-21 15:45:35] [INFO] [preload] Inicializando preload.js
[2025-10-21 15:45:35] [ERROR] [setupWatcher] Archivo setup_config.json NO encontrado en: C:\Users\User\Documents\Personal\LockeritDesk\electron\preload\configFiles\setup_config.json
[2025-10-21 15:45:35] [INFO] [preload] Watcher iniciado: setup_config.json
[2025-10-21 15:45:35] [ERROR] [authWatcher] auth_key.json NO encontrado: C:\Users\User\Documents\Personal\LockeritDesk\electron\preload\configFiles\auth_key.json
[2025-10-21 15:45:35] [INFO] [preload] Watcher iniciado: auth_key.json
[2025-10-21 15:45:35] [ERROR] [loggerWatcher] Archivo logger_config.json NO encontrado en: C:\Users\User\Documents\Personal\LockeritDesk\electron\preload\configFiles\logger_config.json
[2025-10-21 15:45:35] [INFO] [preload] Watcher iniciado: logger_config.json
[2025-10-21 15:45:35] [ERROR] [envWatcher] Archivo .env NO encontrado en: C:\Users\User\Documents\Personal\LockeritDesk\electron\preload\configFiles\.env
[2025-10-21 15:45:35] [INFO] [preload] Watcher iniciado: .env
[2025-10-21 15:45:35] [INFO] [preload] API expuesta en window.electronAPI
[2025-10-21 15:45:55] [INFO] [preload] Inicializando preload.js
[2025-10-21 15:45:55] [ERROR] [setupWatcher] Archivo setup_config.json NO encontrado en: C:\Users\User\Documents\Personal\LockeritDesk\electron\preload\configFiles\setup_config.json
[2025-10-21 15:45:55] [INFO] [preload] Watcher iniciado: setup_config.json
[2025-10-21 15:45:55] [ERROR] [authWatcher] auth_key.json NO encontrado: C:\Users\User\Documents\Personal\LockeritDesk\electron\preload\configFiles\auth_key.json
[2025-10-21 15:45:55] [INFO] [preload] Watcher iniciado: auth_key.json
[2025-10-21 15:45:55] [ERROR] [loggerWatcher] Archivo logger_config.json NO encontrado en: C:\Users\User\Documents\Personal\LockeritDesk\electron\preload\configFiles\logger_config.json
[2025-10-21 15:45:55] [INFO] [preload] Watcher iniciado: logger_config.json
[2025-10-21 15:45:55] [ERROR] [envWatcher] Archivo .env NO encontrado en: C:\Users\User\Documents\Personal\LockeritDesk\electron\preload\configFiles\.env
[2025-10-21 15:45:55] [INFO] [preload] Watcher iniciado: .env
[2025-10-21 15:45:55] [INFO] [preload] API expuesta en window.electronAPI
[2025-10-21 15:46:18] [INFO] [preload] Inicializando preload.js
[2025-10-21 15:46:18] [ERROR] [setupWatcher] Archivo setup_config.json NO encontrado en: C:\Users\User\Documents\Personal\LockeritDesk\electron\preload\configFiles\setup_config.json
[2025-10-21 15:46:18] [INFO] [preload] Watcher iniciado: setup_config.json
[2025-10-21 15:46:18] [ERROR] [authWatcher] auth_key.json NO encontrado: C:\Users\User\Documents\Personal\LockeritDesk\electron\preload\configFiles\auth_key.json
[2025-10-21 15:46:18] [INFO] [preload] Watcher iniciado: auth_key.json
[2025-10-21 15:46:18] [ERROR] [loggerWatcher] Archivo logger_config.json NO encontrado en: C:\Users\User\Documents\Personal\LockeritDesk\electron\preload\configFiles\logger_config.json
[2025-10-21 15:46:18] [INFO] [preload] Watcher iniciado: logger_config.json
[2025-10-21 15:46:18] [ERROR] [envWatcher] Archivo .env NO encontrado en: C:\Users\User\Documents\Personal\LockeritDesk\electron\preload\configFiles\.env
[2025-10-21 15:46:18] [INFO] [preload] Watcher iniciado: .env
[2025-10-21 15:46:18] [INFO] [preload] API expuesta en window.electronAPI
[2025-10-21 15:46:18] [INFO] [preload] Inicializando preload.js
[2025-10-21 15:46:18] [ERROR] [setupWatcher] Archivo setup_config.json NO encontrado en: C:\Users\User\Documents\Personal\LockeritDesk\electron\preload\configFiles\setup_config.json
[2025-10-21 15:46:18] [INFO] [preload] Watcher iniciado: setup_config.json
[2025-10-21 15:46:18] [ERROR] [authWatcher] auth_key.json NO encontrado: C:\Users\User\Documents\Personal\LockeritDesk\electron\preload\configFiles\auth_key.json
[2025-10-21 15:46:18] [INFO] [preload] Watcher iniciado: auth_key.json
[2025-10-21 15:46:18] [ERROR] [loggerWatcher] Archivo logger_config.json NO encontrado en: C:\Users\User\Documents\Personal\LockeritDesk\electron\preload\configFiles\logger_config.json
[2025-10-21 15:46:18] [INFO] [preload] Watcher iniciado: logger_config.json
[2025-10-21 15:46:18] [ERROR] [envWatcher] Archivo .env NO encontrado en: C:\Users\User\Documents\Personal\LockeritDesk\electron\preload\configFiles\.env
[2025-10-21 15:46:18] [INFO] [preload] Watcher iniciado: .env
[2025-10-21 15:46:18] [INFO] [preload] API expuesta en window.electronAPI
[2025-10-21 15:46:19] [INFO] [preload] Inicializando preload.js
[2025-10-21 15:46:19] [ERROR] [setupWatcher] Archivo setup_config.json NO encontrado en: C:\Users\User\Documents\Personal\LockeritDesk\electron\preload\configFiles\setup_config.json
[2025-10-21 15:46:19] [INFO] [preload] Watcher iniciado: setup_config.json
[2025-10-21 15:46:19] [ERROR] [authWatcher] auth_key.json NO encontrado: C:\Users\User\Documents\Personal\LockeritDesk\electron\preload\configFiles\auth_key.json
[2025-10-21 15:46:19] [INFO] [preload] Watcher iniciado: auth_key.json
[2025-10-21 15:46:19] [ERROR] [loggerWatcher] Archivo logger_config.json NO encontrado en: C:\Users\User\Documents\Personal\LockeritDesk\electron\preload\configFiles\logger_config.json
[2025-10-21 15:46:19] [INFO] [preload] Watcher iniciado: logger_config.json
[2025-10-21 15:46:19] [ERROR] [envWatcher] Archivo .env NO encontrado en: C:\Users\User\Documents\Personal\LockeritDesk\electron\preload\configFiles\.env
[2025-10-21 15:46:19] [INFO] [preload] Watcher iniciado: .env
[2025-10-21 15:46:19] [INFO] [preload] API expuesta en window.electronAPI
[2025-10-21 15:46:33] [INFO] [preload] Inicializando preload.js
[2025-10-21 15:46:33] [ERROR] [setupWatcher] Archivo setup_config.json NO encontrado en: C:\Users\User\Documents\Personal\LockeritDesk\electron\preload\configFiles\setup_config.json
[2025-10-21 15:46:33] [INFO] [preload] Watcher iniciado: setup_config.json
[2025-10-21 15:46:33] [ERROR] [authWatcher] auth_key.json NO encontrado: C:\Users\User\Documents\Personal\LockeritDesk\electron\preload\configFiles\auth_key.json
[2025-10-21 15:46:33] [INFO] [preload] Watcher iniciado: auth_key.json
[2025-10-21 15:46:33] [ERROR] [loggerWatcher] Archivo logger_config.json NO encontrado en: C:\Users\User\Documents\Personal\LockeritDesk\electron\preload\configFiles\logger_config.json
[2025-10-21 15:46:33] [INFO] [preload] Watcher iniciado: logger_config.json
[2025-10-21 15:46:33] [ERROR] [envWatcher] Archivo .env NO encontrado en: C:\Users\User\Documents\Personal\LockeritDesk\electron\preload\configFiles\.env
[2025-10-21 15:46:33] [INFO] [preload] Watcher iniciado: .env
[2025-10-21 15:46:33] [INFO] [preload] API expuesta en window.electronAPI
[2025-10-21 15:46:39] [INFO] [preload] Inicializando preload.js
[2025-10-21 15:46:39] [ERROR] [setupWatcher] Archivo setup_config.json NO encontrado en: C:\Users\User\Documents\Personal\LockeritDesk\electron\preload\configFiles\setup_config.json
[2025-10-21 15:46:39] [INFO] [preload] Watcher iniciado: setup_config.json
[2025-10-21 15:46:39] [ERROR] [authWatcher] auth_key.json NO encontrado: C:\Users\User\Documents\Personal\LockeritDesk\electron\preload\configFiles\auth_key.json
[2025-10-21 15:46:39] [INFO] [preload] Watcher iniciado: auth_key.json
[2025-10-21 15:46:39] [ERROR] [loggerWatcher] Archivo logger_config.json NO encontrado en: C:\Users\User\Documents\Personal\LockeritDesk\electron\preload\configFiles\logger_config.json
[2025-10-21 15:46:39] [INFO] [preload] Watcher iniciado: logger_config.json
[2025-10-21 15:46:39] [ERROR] [envWatcher] Archivo .env NO encontrado en: C:\Users\User\Documents\Personal\LockeritDesk\electron\preload\configFiles\.env
[2025-10-21 15:46:39] [INFO] [preload] Watcher iniciado: .env
[2025-10-21 15:46:39] [INFO] [preload] API expuesta en window.electronAPI
[2025-10-21 15:48:11] [INFO] [preload] Inicializando preload.js
[2025-10-21 15:48:11] [ERROR] [setupWatcher] Archivo setup_config.json NO encontrado en: C:\Users\User\Documents\Personal\LockeritDesk\electron\preload\configFiles\setup_config.json
[2025-10-21 15:48:11] [INFO] [preload] Watcher iniciado: setup_config.json
[2025-10-21 15:48:11] [ERROR] [authWatcher] auth_key.json NO encontrado: C:\Users\User\Documents\Personal\LockeritDesk\electron\preload\configFiles\auth_key.json
[2025-10-21 15:48:11] [INFO] [preload] Watcher iniciado: auth_key.json
[2025-10-21 15:48:11] [ERROR] [loggerWatcher] Archivo logger_config.json NO encontrado en: C:\Users\User\Documents\Personal\LockeritDesk\electron\preload\configFiles\logger_config.json
[2025-10-21 15:48:11] [INFO] [preload] Watcher iniciado: logger_config.json
[2025-10-21 15:48:11] [ERROR] [envWatcher] Archivo .env NO encontrado en: C:\Users\User\Documents\Personal\LockeritDesk\electron\preload\configFiles\.env
[2025-10-21 15:48:11] [INFO] [preload] Watcher iniciado: .env
[2025-10-21 15:48:11] [INFO] [preload] API expuesta en window.electronAPI
[2025-10-21 15:48:11] [INFO] [preload] Inicializando preload.js
[2025-10-21 15:48:11] [ERROR] [setupWatcher] Archivo setup_config.json NO encontrado en: C:\Users\User\Documents\Personal\LockeritDesk\electron\preload\configFiles\setup_config.json
[2025-10-21 15:48:11] [INFO] [preload] Watcher iniciado: setup_config.json
[2025-10-21 15:48:11] [ERROR] [authWatcher] auth_key.json NO encontrado: C:\Users\User\Documents\Personal\LockeritDesk\electron\preload\configFiles\auth_key.json
[2025-10-21 15:48:11] [INFO] [preload] Watcher iniciado: auth_key.json
[2025-10-21 15:48:11] [ERROR] [loggerWatcher] Archivo logger_config.json NO encontrado en: C:\Users\User\Documents\Personal\LockeritDesk\electron\preload\configFiles\logger_config.json
[2025-10-21 15:48:11] [INFO] [preload] Watcher iniciado: logger_config.json
[2025-10-21 15:48:11] [ERROR] [envWatcher] Archivo .env NO encontrado en: C:\Users\User\Documents\Personal\LockeritDesk\electron\preload\configFiles\.env
[2025-10-21 15:48:11] [INFO] [preload] Watcher iniciado: .env
[2025-10-21 15:48:11] [INFO] [preload] API expuesta en window.electronAPI
[2025-10-21 15:48:12] [INFO] [preload] Inicializando preload.js
[2025-10-21 15:48:12] [ERROR] [setupWatcher] Archivo setup_config.json NO encontrado en: C:\Users\User\Documents\Personal\LockeritDesk\electron\preload\configFiles\setup_config.json
[2025-10-21 15:48:12] [INFO] [preload] Watcher iniciado: setup_config.json
[2025-10-21 15:48:12] [ERROR] [authWatcher] auth_key.json NO encontrado: C:\Users\User\Documents\Personal\LockeritDesk\electron\preload\configFiles\auth_key.json
[2025-10-21 15:48:12] [INFO] [preload] Watcher iniciado: auth_key.json
[2025-10-21 15:48:12] [ERROR] [loggerWatcher] Archivo logger_config.json NO encontrado en: C:\Users\User\Documents\Personal\LockeritDesk\electron\preload\configFiles\logger_config.json
[2025-10-21 15:48:12] [INFO] [preload] Watcher iniciado: logger_config.json
[2025-10-21 15:48:12] [ERROR] [envWatcher] Archivo .env NO encontrado en: C:\Users\User\Documents\Personal\LockeritDesk\electron\preload\configFiles\.env
[2025-10-21 15:48:12] [INFO] [preload] Watcher iniciado: .env
[2025-10-21 15:48:12] [INFO] [preload] API expuesta en window.electronAPI
[2025-10-21 15:48:15] [INFO] [preload] Inicializando preload.js
[2025-10-21 15:48:15] [ERROR] [setupWatcher] Archivo setup_config.json NO encontrado en: C:\Users\User\Documents\Personal\LockeritDesk\electron\preload\configFiles\setup_config.json
[2025-10-21 15:48:15] [INFO] [preload] Watcher iniciado: setup_config.json
[2025-10-21 15:48:15] [ERROR] [authWatcher] auth_key.json NO encontrado: C:\Users\User\Documents\Personal\LockeritDesk\electron\preload\configFiles\auth_key.json
[2025-10-21 15:48:15] [INFO] [preload] Watcher iniciado: auth_key.json
[2025-10-21 15:48:15] [ERROR] [loggerWatcher] Archivo logger_config.json NO encontrado en: C:\Users\User\Documents\Personal\LockeritDesk\electron\preload\configFiles\logger_config.json
[2025-10-21 15:48:15] [INFO] [preload] Watcher iniciado: logger_config.json
[2025-10-21 15:48:15] [ERROR] [envWatcher] Archivo .env NO encontrado en: C:\Users\User\Documents\Personal\LockeritDesk\electron\preload\configFiles\.env
[2025-10-21 15:48:15] [INFO] [preload] Watcher iniciado: .env
[2025-10-21 15:48:15] [INFO] [preload] API expuesta en window.electronAPI
[2025-10-21 15:48:32] [INFO] [preload] Inicializando preload.js
[2025-10-21 15:48:32] [ERROR] [setupWatcher] Archivo setup_config.json NO encontrado en: C:\Users\User\Documents\Personal\LockeritDesk\electron\preload\configFiles\setup_config.json
[2025-10-21 15:48:32] [INFO] [preload] Watcher iniciado: setup_config.json
[2025-10-21 15:48:32] [ERROR] [authWatcher] auth_key.json NO encontrado: C:\Users\User\Documents\Personal\LockeritDesk\electron\preload\configFiles\auth_key.json
[2025-10-21 15:48:32] [INFO] [preload] Watcher iniciado: auth_key.json
[2025-10-21 15:48:32] [ERROR] [loggerWatcher] Archivo logger_config.json NO encontrado en: C:\Users\User\Documents\Personal\LockeritDesk\electron\preload\configFiles\logger_config.json
[2025-10-21 15:48:32] [INFO] [preload] Watcher iniciado: logger_config.json
[2025-10-21 15:48:32] [ERROR] [envWatcher] Archivo .env NO encontrado en: C:\Users\User\Documents\Personal\LockeritDesk\electron\preload\configFiles\.env
[2025-10-21 15:48:32] [INFO] [preload] Watcher iniciado: .env
[2025-10-21 15:48:32] [INFO] [preload] API expuesta en window.electronAPI
[2025-10-21 15:48:42] [INFO] [main] Iniciando aplicación Electron
[2025-10-21 15:48:42] [WARN] [main] .env NO encontrado en: C:\Users\User\Documents\Personal\LockeritDesk\electron\main\configFiles\.env
[2025-10-21 15:48:42] [INFO] [main] App lista, creando ventana...
[2025-10-21 15:48:42] [INFO] [main] Creando ventana principal...
[2025-10-21 15:48:42] [INFO] [main] Cargando URL: http://localhost:5173
[2025-10-21 15:48:42] [INFO] [preload] Inicializando preload.js
[2025-10-21 15:48:42] [ERROR] [setupWatcher] Archivo setup_config.json NO encontrado en: C:\Users\User\Documents\Personal\LockeritDesk\electron\preload\configFiles\setup_config.json
[2025-10-21 15:48:42] [INFO] [preload] Watcher iniciado: setup_config.json
[2025-10-21 15:48:42] [ERROR] [authWatcher] auth_key.json NO encontrado: C:\Users\User\Documents\Personal\LockeritDesk\electron\preload\configFiles\auth_key.json
[2025-10-21 15:48:42] [INFO] [preload] Watcher iniciado: auth_key.json
[2025-10-21 15:48:42] [ERROR] [loggerWatcher] Archivo logger_config.json NO encontrado en: C:\Users\User\Documents\Personal\LockeritDesk\electron\preload\configFiles\logger_config.json
[2025-10-21 15:48:42] [INFO] [preload] Watcher iniciado: logger_config.json
[2025-10-21 15:48:42] [ERROR] [envWatcher] Archivo .env NO encontrado en: C:\Users\User\Documents\Personal\LockeritDesk\electron\preload\configFiles\.env
[2025-10-21 15:48:42] [INFO] [preload] Watcher iniciado: .env
[2025-10-21 15:48:42] [INFO] [preload] API expuesta en window.electronAPI
[2025-10-21 15:48:42] [INFO] [main] CSP cambió, enviando al renderer
[2025-10-21 15:48:43] [INFO] [preload] Inicializando preload.js
[2025-10-21 15:48:43] [ERROR] [setupWatcher] Archivo setup_config.json NO encontrado en: C:\Users\User\Documents\Personal\LockeritDesk\electron\preload\configFiles\setup_config.json
[2025-10-21 15:48:43] [INFO] [preload] Watcher iniciado: setup_config.json
[2025-10-21 15:48:43] [ERROR] [authWatcher] auth_key.json NO encontrado: C:\Users\User\Documents\Personal\LockeritDesk\electron\preload\configFiles\auth_key.json
[2025-10-21 15:48:43] [INFO] [preload] Watcher iniciado: auth_key.json
[2025-10-21 15:48:43] [ERROR] [loggerWatcher] Archivo logger_config.json NO encontrado en: C:\Users\User\Documents\Personal\LockeritDesk\electron\preload\configFiles\logger_config.json
[2025-10-21 15:48:43] [INFO] [preload] Watcher iniciado: logger_config.json
[2025-10-21 15:48:43] [ERROR] [envWatcher] Archivo .env NO encontrado en: C:\Users\User\Documents\Personal\LockeritDesk\electron\preload\configFiles\.env
[2025-10-21 15:48:43] [INFO] [preload] Watcher iniciado: .env
[2025-10-21 15:48:43] [INFO] [preload] API expuesta en window.electronAPI
[2025-10-21 15:48:43] [INFO] [preload] Inicializando preload.js
[2025-10-21 15:48:43] [ERROR] [setupWatcher] Archivo setup_config.json NO encontrado en: C:\Users\User\Documents\Personal\LockeritDesk\electron\preload\configFiles\setup_config.json
[2025-10-21 15:48:43] [INFO] [preload] Watcher iniciado: setup_config.json
[2025-10-21 15:48:43] [ERROR] [authWatcher] auth_key.json NO encontrado: C:\Users\User\Documents\Personal\LockeritDesk\electron\preload\configFiles\auth_key.json
[2025-10-21 15:48:43] [INFO] [preload] Watcher iniciado: auth_key.json
[2025-10-21 15:48:43] [ERROR] [loggerWatcher] Archivo logger_config.json NO encontrado en: C:\Users\User\Documents\Personal\LockeritDesk\electron\preload\configFiles\logger_config.json
[2025-10-21 15:48:43] [INFO] [preload] Watcher iniciado: logger_config.json
[2025-10-21 15:48:43] [ERROR] [envWatcher] Archivo .env NO encontrado en: C:\Users\User\Documents\Personal\LockeritDesk\electron\preload\configFiles\.env
[2025-10-21 15:48:43] [INFO] [preload] Watcher iniciado: .env
[2025-10-21 15:48:43] [INFO] [preload] API expuesta en window.electronAPI
[2025-10-21 15:48:52] [INFO] [preload] Inicializando preload.js
[2025-10-21 15:48:52] [ERROR] [setupWatcher] Archivo setup_config.json NO encontrado en: C:\Users\User\Documents\Personal\LockeritDesk\electron\preload\configFiles\setup_config.json
[2025-10-21 15:48:52] [INFO] [preload] Watcher iniciado: setup_config.json
[2025-10-21 15:48:52] [ERROR] [authWatcher] auth_key.json NO encontrado: C:\Users\User\Documents\Personal\LockeritDesk\electron\preload\configFiles\auth_key.json
[2025-10-21 15:48:52] [INFO] [preload] Watcher iniciado: auth_key.json
[2025-10-21 15:48:52] [ERROR] [loggerWatcher] Archivo logger_config.json NO encontrado en: C:\Users\User\Documents\Personal\LockeritDesk\electron\preload\configFiles\logger_config.json
[2025-10-21 15:48:52] [INFO] [preload] Watcher iniciado: logger_config.json
[2025-10-21 15:48:52] [ERROR] [envWatcher] Archivo .env NO encontrado en: C:\Users\User\Documents\Personal\LockeritDesk\electron\preload\configFiles\.env
[2025-10-21 15:48:52] [INFO] [preload] Watcher iniciado: .env
[2025-10-21 15:48:52] [INFO] [preload] API expuesta en window.electronAPI
[2025-10-21 15:49:03] [INFO] [preload] Inicializando preload.js
[2025-10-21 15:49:03] [ERROR] [setupWatcher] Archivo setup_config.json NO encontrado en: C:\Users\User\Documents\Personal\LockeritDesk\electron\preload\configFiles\setup_config.json
[2025-10-21 15:49:03] [INFO] [preload] Watcher iniciado: setup_config.json
[2025-10-21 15:49:03] [ERROR] [authWatcher] auth_key.json NO encontrado: C:\Users\User\Documents\Personal\LockeritDesk\electron\preload\configFiles\auth_key.json
[2025-10-21 15:49:03] [INFO] [preload] Watcher iniciado: auth_key.json
[2025-10-21 15:49:03] [ERROR] [loggerWatcher] Archivo logger_config.json NO encontrado en: C:\Users\User\Documents\Personal\LockeritDesk\electron\preload\configFiles\logger_config.json
[2025-10-21 15:49:03] [INFO] [preload] Watcher iniciado: logger_config.json
[2025-10-21 15:49:03] [ERROR] [envWatcher] Archivo .env NO encontrado en: C:\Users\User\Documents\Personal\LockeritDesk\electron\preload\configFiles\.env
[2025-10-21 15:49:03] [INFO] [preload] Watcher iniciado: .env
[2025-10-21 15:49:03] [INFO] [preload] API expuesta en window.electronAPI
[2025-10-21 15:49:27] [INFO] [preload] Inicializando preload.js
[2025-10-21 15:49:27] [ERROR] [setupWatcher] Archivo setup_config.json NO encontrado en: C:\Users\User\Documents\Personal\LockeritDesk\electron\preload\configFiles\setup_config.json
[2025-10-21 15:49:27] [INFO] [preload] Watcher iniciado: setup_config.json
[2025-10-21 15:49:27] [ERROR] [authWatcher] auth_key.json NO encontrado: C:\Users\User\Documents\Personal\LockeritDesk\electron\preload\configFiles\auth_key.json
[2025-10-21 15:49:27] [INFO] [preload] Watcher iniciado: auth_key.json
[2025-10-21 15:49:27] [ERROR] [loggerWatcher] Archivo logger_config.json NO encontrado en: C:\Users\User\Documents\Personal\LockeritDesk\electron\preload\configFiles\logger_config.json
[2025-10-21 15:49:27] [INFO] [preload] Watcher iniciado: logger_config.json
[2025-10-21 15:49:27] [ERROR] [envWatcher] Archivo .env NO encontrado en: C:\Users\User\Documents\Personal\LockeritDesk\electron\preload\configFiles\.env
[2025-10-21 15:49:27] [INFO] [preload] Watcher iniciado: .env
[2025-10-21 15:49:27] [INFO] [preload] API expuesta en window.electronAPI
[2025-10-21 15:49:27] [INFO] [preload] Inicializando preload.js
[2025-10-21 15:49:27] [ERROR] [setupWatcher] Archivo setup_config.json NO encontrado en: C:\Users\User\Documents\Personal\LockeritDesk\electron\preload\configFiles\setup_config.json
[2025-10-21 15:49:27] [INFO] [preload] Watcher iniciado: setup_config.json
[2025-10-21 15:49:27] [ERROR] [authWatcher] auth_key.json NO encontrado: C:\Users\User\Documents\Personal\LockeritDesk\electron\preload\configFiles\auth_key.json
[2025-10-21 15:49:27] [INFO] [preload] Watcher iniciado: auth_key.json
[2025-10-21 15:49:27] [ERROR] [loggerWatcher] Archivo logger_config.json NO encontrado en: C:\Users\User\Documents\Personal\LockeritDesk\electron\preload\configFiles\logger_config.json
[2025-10-21 15:49:27] [INFO] [preload] Watcher iniciado: logger_config.json
[2025-10-21 15:49:27] [ERROR] [envWatcher] Archivo .env NO encontrado en: C:\Users\User\Documents\Personal\LockeritDesk\electron\preload\configFiles\.env
[2025-10-21 15:49:27] [INFO] [preload] Watcher iniciado: .env
[2025-10-21 15:49:27] [INFO] [preload] API expuesta en window.electronAPI
[2025-10-21 15:49:27] [INFO] [preload] Inicializando preload.js
[2025-10-21 15:49:27] [ERROR] [setupWatcher] Archivo setup_config.json NO encontrado en: C:\Users\User\Documents\Personal\LockeritDesk\electron\preload\configFiles\setup_config.json
[2025-10-21 15:49:27] [INFO] [preload] Watcher iniciado: setup_config.json
[2025-10-21 15:49:27] [ERROR] [authWatcher] auth_key.json NO encontrado: C:\Users\User\Documents\Personal\LockeritDesk\electron\preload\configFiles\auth_key.json
[2025-10-21 15:49:27] [INFO] [preload] Watcher iniciado: auth_key.json
[2025-10-21 15:49:27] [ERROR] [loggerWatcher] Archivo logger_config.json NO encontrado en: C:\Users\User\Documents\Personal\LockeritDesk\electron\preload\configFiles\logger_config.json
[2025-10-21 15:49:27] [INFO] [preload] Watcher iniciado: logger_config.json
[2025-10-21 15:49:27] [ERROR] [envWatcher] Archivo .env NO encontrado en: C:\Users\User\Documents\Personal\LockeritDesk\electron\preload\configFiles\.env
[2025-10-21 15:49:27] [INFO] [preload] Watcher iniciado: .env
[2025-10-21 15:49:27] [INFO] [preload] API expuesta en window.electronAPI
[2025-10-21 15:49:48] [INFO] [preload] Inicializando preload.js
[2025-10-21 15:49:48] [ERROR] [setupWatcher] Archivo setup_config.json NO encontrado en: C:\Users\User\Documents\Personal\LockeritDesk\electron\preload\configFiles\setup_config.json
[2025-10-21 15:49:48] [INFO] [preload] Watcher iniciado: setup_config.json
[2025-10-21 15:49:48] [ERROR] [authWatcher] auth_key.json NO encontrado: C:\Users\User\Documents\Personal\LockeritDesk\electron\preload\configFiles\auth_key.json
[2025-10-21 15:49:48] [INFO] [preload] Watcher iniciado: auth_key.json
[2025-10-21 15:49:48] [ERROR] [loggerWatcher] Archivo logger_config.json NO encontrado en: C:\Users\User\Documents\Personal\LockeritDesk\electron\preload\configFiles\logger_config.json
[2025-10-21 15:49:48] [INFO] [preload] Watcher iniciado: logger_config.json
[2025-10-21 15:49:48] [ERROR] [envWatcher] Archivo .env NO encontrado en: C:\Users\User\Documents\Personal\LockeritDesk\electron\preload\configFiles\.env
[2025-10-21 15:49:48] [INFO] [preload] Watcher iniciado: .env
[2025-10-21 15:49:48] [INFO] [preload] API expuesta en window.electronAPI
[2025-10-21 15:49:51] [INFO] [preload] Inicializando preload.js
[2025-10-21 15:49:51] [ERROR] [setupWatcher] Archivo setup_config.json NO encontrado en: C:\Users\User\Documents\Personal\LockeritDesk\electron\preload\configFiles\setup_config.json
[2025-10-21 15:49:51] [INFO] [preload] Watcher iniciado: setup_config.json
[2025-10-21 15:49:51] [ERROR] [authWatcher] auth_key.json NO encontrado: C:\Users\User\Documents\Personal\LockeritDesk\electron\preload\configFiles\auth_key.json
[2025-10-21 15:49:51] [INFO] [preload] Watcher iniciado: auth_key.json
[2025-10-21 15:49:51] [ERROR] [loggerWatcher] Archivo logger_config.json NO encontrado en: C:\Users\User\Documents\Personal\LockeritDesk\electron\preload\configFiles\logger_config.json
[2025-10-21 15:49:51] [INFO] [preload] Watcher iniciado: logger_config.json
[2025-10-21 15:49:51] [ERROR] [envWatcher] Archivo .env NO encontrado en: C:\Users\User\Documents\Personal\LockeritDesk\electron\preload\configFiles\.env
[2025-10-21 15:49:51] [INFO] [preload] Watcher iniciado: .env
[2025-10-21 15:49:51] [INFO] [preload] API expuesta en window.electronAPI
[2025-10-21 15:56:19] [INFO] [preload] Inicializando preload.js
[2025-10-21 15:56:19] [ERROR] [setupWatcher] Archivo setup_config.json NO encontrado en: C:\Users\User\Documents\Personal\LockeritDesk\electron\preload\configFiles\setup_config.json
[2025-10-21 15:56:19] [INFO] [preload] Watcher iniciado: setup_config.json
[2025-10-21 15:56:19] [ERROR] [authWatcher] auth_key.json NO encontrado: C:\Users\User\Documents\Personal\LockeritDesk\electron\preload\configFiles\auth_key.json
[2025-10-21 15:56:19] [INFO] [preload] Watcher iniciado: auth_key.json
[2025-10-21 15:56:19] [ERROR] [loggerWatcher] Archivo logger_config.json NO encontrado en: C:\Users\User\Documents\Personal\LockeritDesk\electron\preload\configFiles\logger_config.json
[2025-10-21 15:56:19] [INFO] [preload] Watcher iniciado: logger_config.json
[2025-10-21 15:56:19] [ERROR] [envWatcher] Archivo .env NO encontrado en: C:\Users\User\Documents\Personal\LockeritDesk\electron\preload\configFiles\.env
[2025-10-21 15:56:19] [INFO] [preload] Watcher iniciado: .env
[2025-10-21 15:56:19] [INFO] [preload] API expuesta en window.electronAPI
[2025-10-21 15:56:20] [INFO] [preload] Inicializando preload.js
[2025-10-21 15:56:20] [ERROR] [setupWatcher] Archivo setup_config.json NO encontrado en: C:\Users\User\Documents\Personal\LockeritDesk\electron\preload\configFiles\setup_config.json
[2025-10-21 15:56:20] [INFO] [preload] Watcher iniciado: setup_config.json
[2025-10-21 15:56:20] [ERROR] [authWatcher] auth_key.json NO encontrado: C:\Users\User\Documents\Personal\LockeritDesk\electron\preload\configFiles\auth_key.json
[2025-10-21 15:56:20] [INFO] [preload] Watcher iniciado: auth_key.json
[2025-10-21 15:56:20] [ERROR] [loggerWatcher] Archivo logger_config.json NO encontrado en: C:\Users\User\Documents\Personal\LockeritDesk\electron\preload\configFiles\logger_config.json
[2025-10-21 15:56:20] [INFO] [preload] Watcher iniciado: logger_config.json
[2025-10-21 15:56:20] [ERROR] [envWatcher] Archivo .env NO encontrado en: C:\Users\User\Documents\Personal\LockeritDesk\electron\preload\configFiles\.env
[2025-10-21 15:56:20] [INFO] [preload] Watcher iniciado: .env
[2025-10-21 15:56:20] [INFO] [preload] API expuesta en window.electronAPI
[2025-10-21 15:56:20] [INFO] [preload] Inicializando preload.js
[2025-10-21 15:56:20] [ERROR] [setupWatcher] Archivo setup_config.json NO encontrado en: C:\Users\User\Documents\Personal\LockeritDesk\electron\preload\configFiles\setup_config.json
[2025-10-21 15:56:20] [INFO] [preload] Watcher iniciado: setup_config.json
[2025-10-21 15:56:20] [ERROR] [authWatcher] auth_key.json NO encontrado: C:\Users\User\Documents\Personal\LockeritDesk\electron\preload\configFiles\auth_key.json
[2025-10-21 15:56:20] [INFO] [preload] Watcher iniciado: auth_key.json
[2025-10-21 15:56:20] [ERROR] [loggerWatcher] Archivo logger_config.json NO encontrado en: C:\Users\User\Documents\Personal\LockeritDesk\electron\preload\configFiles\logger_config.json
[2025-10-21 15:56:20] [INFO] [preload] Watcher iniciado: logger_config.json
[2025-10-21 15:56:20] [ERROR] [envWatcher] Archivo .env NO encontrado en: C:\Users\User\Documents\Personal\LockeritDesk\electron\preload\configFiles\.env
[2025-10-21 15:56:20] [INFO] [preload] Watcher iniciado: .env
[2025-10-21 15:56:20] [INFO] [preload] API expuesta en window.electronAPI
[2025-10-21 15:56:40] [INFO] [preload] Inicializando preload.js
[2025-10-21 15:56:40] [ERROR] [setupWatcher] Archivo setup_config.json NO encontrado en: C:\Users\User\Documents\Personal\LockeritDesk\electron\preload\configFiles\setup_config.json
[2025-10-21 15:56:40] [INFO] [preload] Watcher iniciado: setup_config.json
[2025-10-21 15:56:40] [ERROR] [authWatcher] auth_key.json NO encontrado: C:\Users\User\Documents\Personal\LockeritDesk\electron\preload\configFiles\auth_key.json
[2025-10-21 15:56:40] [INFO] [preload] Watcher iniciado: auth_key.json
[2025-10-21 15:56:40] [ERROR] [loggerWatcher] Archivo logger_config.json NO encontrado en: C:\Users\User\Documents\Personal\LockeritDesk\electron\preload\configFiles\logger_config.json
[2025-10-21 15:56:40] [INFO] [preload] Watcher iniciado: logger_config.json
[2025-10-21 15:56:40] [ERROR] [envWatcher] Archivo .env NO encontrado en: C:\Users\User\Documents\Personal\LockeritDesk\electron\preload\configFiles\.env
[2025-10-21 15:56:40] [INFO] [preload] Watcher iniciado: .env
[2025-10-21 15:56:40] [INFO] [preload] API expuesta en window.electronAPI
[2025-10-21 15:56:50] [INFO] [preload] Inicializando preload.js
[2025-10-21 15:56:50] [ERROR] [setupWatcher] Archivo setup_config.json NO encontrado en: C:\Users\User\Documents\Personal\LockeritDesk\electron\preload\configFiles\setup_config.json
[2025-10-21 15:56:50] [INFO] [preload] Watcher iniciado: setup_config.json
[2025-10-21 15:56:50] [ERROR] [authWatcher] auth_key.json NO encontrado: C:\Users\User\Documents\Personal\LockeritDesk\electron\preload\configFiles\auth_key.json
[2025-10-21 15:56:50] [INFO] [preload] Watcher iniciado: auth_key.json
[2025-10-21 15:56:50] [ERROR] [loggerWatcher] Archivo logger_config.json NO encontrado en: C:\Users\User\Documents\Personal\LockeritDesk\electron\preload\configFiles\logger_config.json
[2025-10-21 15:56:50] [INFO] [preload] Watcher iniciado: logger_config.json
[2025-10-21 15:56:50] [ERROR] [envWatcher] Archivo .env NO encontrado en: C:\Users\User\Documents\Personal\LockeritDesk\electron\preload\configFiles\.env
[2025-10-21 15:56:50] [INFO] [preload] Watcher iniciado: .env
[2025-10-21 15:56:50] [INFO] [preload] API expuesta en window.electronAPI
[2025-10-21 15:56:51] [INFO] [preload] Inicializando preload.js
[2025-10-21 15:56:51] [ERROR] [setupWatcher] Archivo setup_config.json NO encontrado en: C:\Users\User\Documents\Personal\LockeritDesk\electron\preload\configFiles\setup_config.json
[2025-10-21 15:56:51] [INFO] [preload] Watcher iniciado: setup_config.json
[2025-10-21 15:56:51] [ERROR] [authWatcher] auth_key.json NO encontrado: C:\Users\User\Documents\Personal\LockeritDesk\electron\preload\configFiles\auth_key.json
[2025-10-21 15:56:51] [INFO] [preload] Watcher iniciado: auth_key.json
[2025-10-21 15:56:51] [ERROR] [loggerWatcher] Archivo logger_config.json NO encontrado en: C:\Users\User\Documents\Personal\LockeritDesk\electron\preload\configFiles\logger_config.json
[2025-10-21 15:56:51] [INFO] [preload] Watcher iniciado: logger_config.json
[2025-10-21 15:56:51] [ERROR] [envWatcher] Archivo .env NO encontrado en: C:\Users\User\Documents\Personal\LockeritDesk\electron\preload\configFiles\.env
[2025-10-21 15:56:51] [INFO] [preload] Watcher iniciado: .env
[2025-10-21 15:56:51] [INFO] [preload] API expuesta en window.electronAPI
[2025-10-21 15:56:51] [INFO] [preload] Inicializando preload.js
[2025-10-21 15:56:51] [ERROR] [setupWatcher] Archivo setup_config.json NO encontrado en: C:\Users\User\Documents\Personal\LockeritDesk\electron\preload\configFiles\setup_config.json
[2025-10-21 15:56:51] [INFO] [preload] Watcher iniciado: setup_config.json
[2025-10-21 15:56:51] [ERROR] [authWatcher] auth_key.json NO encontrado: C:\Users\User\Documents\Personal\LockeritDesk\electron\preload\configFiles\auth_key.json
[2025-10-21 15:56:51] [INFO] [preload] Watcher iniciado: auth_key.json
[2025-10-21 15:56:51] [ERROR] [loggerWatcher] Archivo logger_config.json NO encontrado en: C:\Users\User\Documents\Personal\LockeritDesk\electron\preload\configFiles\logger_config.json
[2025-10-21 15:56:51] [INFO] [preload] Watcher iniciado: logger_config.json
[2025-10-21 15:56:51] [ERROR] [envWatcher] Archivo .env NO encontrado en: C:\Users\User\Documents\Personal\LockeritDesk\electron\preload\configFiles\.env
[2025-10-21 15:56:51] [INFO] [preload] Watcher iniciado: .env
[2025-10-21 15:56:51] [INFO] [preload] API expuesta en window.electronAPI
[2025-10-21 15:57:02] [INFO] [preload] Inicializando preload.js
[2025-10-21 15:57:02] [ERROR] [setupWatcher] Archivo setup_config.json NO encontrado en: C:\Users\User\Documents\Personal\LockeritDesk\electron\preload\configFiles\setup_config.json
[2025-10-21 15:57:02] [INFO] [preload] Watcher iniciado: setup_config.json
[2025-10-21 15:57:02] [ERROR] [authWatcher] auth_key.json NO encontrado: C:\Users\User\Documents\Personal\LockeritDesk\electron\preload\configFiles\auth_key.json
[2025-10-21 15:57:02] [INFO] [preload] Watcher iniciado: auth_key.json
[2025-10-21 15:57:02] [ERROR] [loggerWatcher] Archivo logger_config.json NO encontrado en: C:\Users\User\Documents\Personal\LockeritDesk\electron\preload\configFiles\logger_config.json
[2025-10-21 15:57:02] [INFO] [preload] Watcher iniciado: logger_config.json
[2025-10-21 15:57:02] [ERROR] [envWatcher] Archivo .env NO encontrado en: C:\Users\User\Documents\Personal\LockeritDesk\electron\preload\configFiles\.env
[2025-10-21 15:57:02] [INFO] [preload] Watcher iniciado: .env
[2025-10-21 15:57:02] [INFO] [preload] API expuesta en window.electronAPI
[2025-10-21 15:57:03] [INFO] [preload] Inicializando preload.js
[2025-10-21 15:57:03] [ERROR] [setupWatcher] Archivo setup_config.json NO encontrado en: C:\Users\User\Documents\Personal\LockeritDesk\electron\preload\configFiles\setup_config.json
[2025-10-21 15:57:03] [INFO] [preload] Watcher iniciado: setup_config.json
[2025-10-21 15:57:03] [ERROR] [authWatcher] auth_key.json NO encontrado: C:\Users\User\Documents\Personal\LockeritDesk\electron\preload\configFiles\auth_key.json
[2025-10-21 15:57:03] [INFO] [preload] Watcher iniciado: auth_key.json
[2025-10-21 15:57:03] [ERROR] [loggerWatcher] Archivo logger_config.json NO encontrado en: C:\Users\User\Documents\Personal\LockeritDesk\electron\preload\configFiles\logger_config.json
[2025-10-21 15:57:03] [INFO] [preload] Watcher iniciado: logger_config.json
[2025-10-21 15:57:03] [ERROR] [envWatcher] Archivo .env NO encontrado en: C:\Users\User\Documents\Personal\LockeritDesk\electron\preload\configFiles\.env
[2025-10-21 15:57:03] [INFO] [preload] Watcher iniciado: .env
[2025-10-21 15:57:03] [INFO] [preload] API expuesta en window.electronAPI
[2025-10-21 15:57:03] [INFO] [preload] Inicializando preload.js
[2025-10-21 15:57:03] [ERROR] [setupWatcher] Archivo setup_config.json NO encontrado en: C:\Users\User\Documents\Personal\LockeritDesk\electron\preload\configFiles\setup_config.json
[2025-10-21 15:57:03] [INFO] [preload] Watcher iniciado: setup_config.json
[2025-10-21 15:57:03] [ERROR] [authWatcher] auth_key.json NO encontrado: C:\Users\User\Documents\Personal\LockeritDesk\electron\preload\configFiles\auth_key.json
[2025-10-21 15:57:03] [INFO] [preload] Watcher iniciado: auth_key.json
[2025-10-21 15:57:03] [ERROR] [loggerWatcher] Archivo logger_config.json NO encontrado en: C:\Users\User\Documents\Personal\LockeritDesk\electron\preload\configFiles\logger_config.json
[2025-10-21 15:57:03] [INFO] [preload] Watcher iniciado: logger_config.json
[2025-10-21 15:57:03] [ERROR] [envWatcher] Archivo .env NO encontrado en: C:\Users\User\Documents\Personal\LockeritDesk\electron\preload\configFiles\.env
[2025-10-21 15:57:03] [INFO] [preload] Watcher iniciado: .env
[2025-10-21 15:57:03] [INFO] [preload] API expuesta en window.electronAPI
[2025-10-21 15:57:23] [INFO] [preload] Inicializando preload.js
[2025-10-21 15:57:23] [ERROR] [setupWatcher] Archivo setup_config.json NO encontrado en: C:\Users\User\Documents\Personal\LockeritDesk\electron\preload\configFiles\setup_config.json
[2025-10-21 15:57:23] [INFO] [preload] Watcher iniciado: setup_config.json
[2025-10-21 15:57:23] [ERROR] [authWatcher] auth_key.json NO encontrado: C:\Users\User\Documents\Personal\LockeritDesk\electron\preload\configFiles\auth_key.json
[2025-10-21 15:57:23] [INFO] [preload] Watcher iniciado: auth_key.json
[2025-10-21 15:57:23] [ERROR] [loggerWatcher] Archivo logger_config.json NO encontrado en: C:\Users\User\Documents\Personal\LockeritDesk\electron\preload\configFiles\logger_config.json
[2025-10-21 15:57:23] [INFO] [preload] Watcher iniciado: logger_config.json
[2025-10-21 15:57:23] [ERROR] [envWatcher] Archivo .env NO encontrado en: C:\Users\User\Documents\Personal\LockeritDesk\electron\preload\configFiles\.env
[2025-10-21 15:57:23] [INFO] [preload] Watcher iniciado: .env
[2025-10-21 15:57:23] [INFO] [preload] API expuesta en window.electronAPI
[2025-10-21 16:00:32] [INFO] [main] Iniciando aplicación Electron
[2025-10-21 16:00:32] [WARN] [main] .env NO encontrado en: C:\Users\User\Documents\Personal\LockeritDesk\electron\main\configFiles\.env
[2025-10-21 16:00:32] [INFO] [main] App lista, creando ventana...
[2025-10-21 16:00:32] [INFO] [main] Creando ventana principal...
[2025-10-21 16:00:32] [INFO] [main] Cargando URL: http://localhost:5173
[2025-10-21 16:00:33] [INFO] [preload] Inicializando preload.js
[2025-10-21 16:00:33] [ERROR] [setupWatcher] Archivo setup_config.json NO encontrado en: C:\Users\User\Documents\Personal\LockeritDesk\electron\preload\configFiles\setup_config.json
[2025-10-21 16:00:33] [INFO] [preload] Watcher iniciado: setup_config.json
[2025-10-21 16:00:33] [ERROR] [authWatcher] auth_key.json NO encontrado: C:\Users\User\Documents\Personal\LockeritDesk\electron\preload\configFiles\auth_key.json
[2025-10-21 16:00:33] [INFO] [preload] Watcher iniciado: auth_key.json
[2025-10-21 16:00:33] [ERROR] [loggerWatcher] Archivo logger_config.json NO encontrado en: C:\Users\User\Documents\Personal\LockeritDesk\electron\preload\configFiles\logger_config.json
[2025-10-21 16:00:33] [INFO] [preload] Watcher iniciado: logger_config.json
[2025-10-21 16:00:33] [ERROR] [envWatcher] Archivo .env NO encontrado en: C:\Users\User\Documents\Personal\LockeritDesk\electron\preload\configFiles\.env
[2025-10-21 16:00:33] [INFO] [preload] Watcher iniciado: .env
[2025-10-21 16:00:33] [INFO] [preload] API expuesta en window.electronAPI
[2025-10-21 16:00:33] [INFO] [main] CSP cambió, enviando al renderer
[2025-10-21 16:00:33] [INFO] [preload] Inicializando preload.js
[2025-10-21 16:00:33] [ERROR] [setupWatcher] Archivo setup_config.json NO encontrado en: C:\Users\User\Documents\Personal\LockeritDesk\electron\preload\configFiles\setup_config.json
[2025-10-21 16:00:33] [INFO] [preload] Watcher iniciado: setup_config.json
[2025-10-21 16:00:33] [ERROR] [authWatcher] auth_key.json NO encontrado: C:\Users\User\Documents\Personal\LockeritDesk\electron\preload\configFiles\auth_key.json
[2025-10-21 16:00:33] [INFO] [preload] Watcher iniciado: auth_key.json
[2025-10-21 16:00:33] [ERROR] [loggerWatcher] Archivo logger_config.json NO encontrado en: C:\Users\User\Documents\Personal\LockeritDesk\electron\preload\configFiles\logger_config.json
[2025-10-21 16:00:33] [INFO] [preload] Watcher iniciado: logger_config.json
[2025-10-21 16:00:33] [ERROR] [envWatcher] Archivo .env NO encontrado en: C:\Users\User\Documents\Personal\LockeritDesk\electron\preload\configFiles\.env
[2025-10-21 16:00:33] [INFO] [preload] Watcher iniciado: .env
[2025-10-21 16:00:33] [INFO] [preload] API expuesta en window.electronAPI
[2025-10-21 16:00:33] [INFO] [preload] Inicializando preload.js
[2025-10-21 16:00:33] [ERROR] [setupWatcher] Archivo setup_config.json NO encontrado en: C:\Users\User\Documents\Personal\LockeritDesk\electron\preload\configFiles\setup_config.json
[2025-10-21 16:00:33] [INFO] [preload] Watcher iniciado: setup_config.json
[2025-10-21 16:00:33] [ERROR] [authWatcher] auth_key.json NO encontrado: C:\Users\User\Documents\Personal\LockeritDesk\electron\preload\configFiles\auth_key.json
[2025-10-21 16:00:33] [INFO] [preload] Watcher iniciado: auth_key.json
[2025-10-21 16:00:33] [ERROR] [loggerWatcher] Archivo logger_config.json NO encontrado en: C:\Users\User\Documents\Personal\LockeritDesk\electron\preload\configFiles\logger_config.json
[2025-10-21 16:00:33] [INFO] [preload] Watcher iniciado: logger_config.json
[2025-10-21 16:00:33] [ERROR] [envWatcher] Archivo .env NO encontrado en: C:\Users\User\Documents\Personal\LockeritDesk\electron\preload\configFiles\.env
[2025-10-21 16:00:33] [INFO] [preload] Watcher iniciado: .env
[2025-10-21 16:00:33] [INFO] [preload] API expuesta en window.electronAPI
[2025-10-21 16:00:42] [INFO] [preload] Inicializando preload.js
[2025-10-21 16:00:42] [ERROR] [setupWatcher] Archivo setup_config.json NO encontrado en: C:\Users\User\Documents\Personal\LockeritDesk\electron\preload\configFiles\setup_config.json
[2025-10-21 16:00:42] [INFO] [preload] Watcher iniciado: setup_config.json
[2025-10-21 16:00:42] [ERROR] [authWatcher] auth_key.json NO encontrado: C:\Users\User\Documents\Personal\LockeritDesk\electron\preload\configFiles\auth_key.json
[2025-10-21 16:00:42] [INFO] [preload] Watcher iniciado: auth_key.json
[2025-10-21 16:00:42] [ERROR] [loggerWatcher] Archivo logger_config.json NO encontrado en: C:\Users\User\Documents\Personal\LockeritDesk\electron\preload\configFiles\logger_config.json
[2025-10-21 16:00:42] [INFO] [preload] Watcher iniciado: logger_config.json
[2025-10-21 16:00:42] [ERROR] [envWatcher] Archivo .env NO encontrado en: C:\Users\User\Documents\Personal\LockeritDesk\electron\preload\configFiles\.env
[2025-10-21 16:00:42] [INFO] [preload] Watcher iniciado: .env
[2025-10-21 16:00:42] [INFO] [preload] API expuesta en window.electronAPI
[2025-10-21 16:00:54] [INFO] [preload] Inicializando preload.js
[2025-10-21 16:00:54] [ERROR] [setupWatcher] Archivo setup_config.json NO encontrado en: C:\Users\User\Documents\Personal\LockeritDesk\electron\preload\configFiles\setup_config.json
[2025-10-21 16:00:54] [INFO] [preload] Watcher iniciado: setup_config.json
[2025-10-21 16:00:54] [ERROR] [authWatcher] auth_key.json NO encontrado: C:\Users\User\Documents\Personal\LockeritDesk\electron\preload\configFiles\auth_key.json
[2025-10-21 16:00:54] [INFO] [preload] Watcher iniciado: auth_key.json
[2025-10-21 16:00:54] [ERROR] [loggerWatcher] Archivo logger_config.json NO encontrado en: C:\Users\User\Documents\Personal\LockeritDesk\electron\preload\configFiles\logger_config.json
[2025-10-21 16:00:54] [INFO] [preload] Watcher iniciado: logger_config.json
[2025-10-21 16:00:54] [ERROR] [envWatcher] Archivo .env NO encontrado en: C:\Users\User\Documents\Personal\LockeritDesk\electron\preload\configFiles\.env
[2025-10-21 16:00:54] [INFO] [preload] Watcher iniciado: .env
[2025-10-21 16:00:54] [INFO] [preload] API expuesta en window.electronAPI
[2025-10-21 16:00:54] [INFO] [preload] Inicializando preload.js
[2025-10-21 16:00:54] [ERROR] [setupWatcher] Archivo setup_config.json NO encontrado en: C:\Users\User\Documents\Personal\LockeritDesk\electron\preload\configFiles\setup_config.json
[2025-10-21 16:00:54] [INFO] [preload] Watcher iniciado: setup_config.json
[2025-10-21 16:00:54] [ERROR] [authWatcher] auth_key.json NO encontrado: C:\Users\User\Documents\Personal\LockeritDesk\electron\preload\configFiles\auth_key.json
[2025-10-21 16:00:54] [INFO] [preload] Watcher iniciado: auth_key.json
[2025-10-21 16:00:54] [ERROR] [loggerWatcher] Archivo logger_config.json NO encontrado en: C:\Users\User\Documents\Personal\LockeritDesk\electron\preload\configFiles\logger_config.json
[2025-10-21 16:00:54] [INFO] [preload] Watcher iniciado: logger_config.json
[2025-10-21 16:00:54] [ERROR] [envWatcher] Archivo .env NO encontrado en: C:\Users\User\Documents\Personal\LockeritDesk\electron\preload\configFiles\.env
[2025-10-21 16:00:54] [INFO] [preload] Watcher iniciado: .env
[2025-10-21 16:00:54] [INFO] [preload] API expuesta en window.electronAPI
[2025-10-21 16:01:09] [INFO] [preload] Inicializando preload.js
[2025-10-21 16:01:09] [ERROR] [setupWatcher] Archivo setup_config.json NO encontrado en: C:\Users\User\Documents\Personal\LockeritDesk\electron\preload\configFiles\setup_config.json
[2025-10-21 16:01:09] [INFO] [preload] Watcher iniciado: setup_config.json
[2025-10-21 16:01:09] [ERROR] [authWatcher] auth_key.json NO encontrado: C:\Users\User\Documents\Personal\LockeritDesk\electron\preload\configFiles\auth_key.json
[2025-10-21 16:01:09] [INFO] [preload] Watcher iniciado: auth_key.json
[2025-10-21 16:01:09] [ERROR] [loggerWatcher] Archivo logger_config.json NO encontrado en: C:\Users\User\Documents\Personal\LockeritDesk\electron\preload\configFiles\logger_config.json
[2025-10-21 16:01:09] [INFO] [preload] Watcher iniciado: logger_config.json
[2025-10-21 16:01:09] [ERROR] [envWatcher] Archivo .env NO encontrado en: C:\Users\User\Documents\Personal\LockeritDesk\electron\preload\configFiles\.env
[2025-10-21 16:01:09] [INFO] [preload] Watcher iniciado: .env
[2025-10-21 16:01:09] [INFO] [preload] API expuesta en window.electronAPI
[2025-10-21 16:01:09] [INFO] [preload] Inicializando preload.js
[2025-10-21 16:01:09] [ERROR] [setupWatcher] Archivo setup_config.json NO encontrado en: C:\Users\User\Documents\Personal\LockeritDesk\electron\preload\configFiles\setup_config.json
[2025-10-21 16:01:09] [INFO] [preload] Watcher iniciado: setup_config.json
[2025-10-21 16:01:09] [ERROR] [authWatcher] auth_key.json NO encontrado: C:\Users\User\Documents\Personal\LockeritDesk\electron\preload\configFiles\auth_key.json
[2025-10-21 16:01:09] [INFO] [preload] Watcher iniciado: auth_key.json
[2025-10-21 16:01:09] [ERROR] [loggerWatcher] Archivo logger_config.json NO encontrado en: C:\Users\User\Documents\Personal\LockeritDesk\electron\preload\configFiles\logger_config.json
[2025-10-21 16:01:09] [INFO] [preload] Watcher iniciado: logger_config.json
[2025-10-21 16:01:09] [ERROR] [envWatcher] Archivo .env NO encontrado en: C:\Users\User\Documents\Personal\LockeritDesk\electron\preload\configFiles\.env
[2025-10-21 16:01:09] [INFO] [preload] Watcher iniciado: .env
[2025-10-21 16:01:09] [INFO] [preload] API expuesta en window.electronAPI
[2025-10-21 16:01:10] [INFO] [preload] Inicializando preload.js
[2025-10-21 16:01:10] [ERROR] [setupWatcher] Archivo setup_config.json NO encontrado en: C:\Users\User\Documents\Personal\LockeritDesk\electron\preload\configFiles\setup_config.json
[2025-10-21 16:01:10] [INFO] [preload] Watcher iniciado: setup_config.json
[2025-10-21 16:01:10] [ERROR] [authWatcher] auth_key.json NO encontrado: C:\Users\User\Documents\Personal\LockeritDesk\electron\preload\configFiles\auth_key.json
[2025-10-21 16:01:10] [INFO] [preload] Watcher iniciado: auth_key.json
[2025-10-21 16:01:10] [ERROR] [loggerWatcher] Archivo logger_config.json NO encontrado en: C:\Users\User\Documents\Personal\LockeritDesk\electron\preload\configFiles\logger_config.json
[2025-10-21 16:01:10] [INFO] [preload] Watcher iniciado: logger_config.json
[2025-10-21 16:01:10] [ERROR] [envWatcher] Archivo .env NO encontrado en: C:\Users\User\Documents\Personal\LockeritDesk\electron\preload\configFiles\.env
[2025-10-21 16:01:10] [INFO] [preload] Watcher iniciado: .env
[2025-10-21 16:01:10] [INFO] [preload] API expuesta en window.electronAPI
[2025-10-21 16:01:20] [INFO] [main] Iniciando aplicación Electron
[2025-10-21 16:01:20] [WARN] [main] .env NO encontrado en: C:\Users\User\Documents\Personal\LockeritDesk\electron\main\configFiles\.env
[2025-10-21 16:01:20] [INFO] [main] App lista, creando ventana...
[2025-10-21 16:01:20] [INFO] [main] Creando ventana principal...
[2025-10-21 16:01:21] [INFO] [main] Cargando URL: http://localhost:5173
[2025-10-21 16:01:21] [INFO] [preload] Inicializando preload.js
[2025-10-21 16:01:21] [ERROR] [setupWatcher] Archivo setup_config.json NO encontrado en: C:\Users\User\Documents\Personal\LockeritDesk\electron\preload\configFiles\setup_config.json
[2025-10-21 16:01:21] [INFO] [preload] Watcher iniciado: setup_config.json
[2025-10-21 16:01:21] [ERROR] [authWatcher] auth_key.json NO encontrado: C:\Users\User\Documents\Personal\LockeritDesk\electron\preload\configFiles\auth_key.json
[2025-10-21 16:01:21] [INFO] [preload] Watcher iniciado: auth_key.json
[2025-10-21 16:01:21] [ERROR] [loggerWatcher] Archivo logger_config.json NO encontrado en: C:\Users\User\Documents\Personal\LockeritDesk\electron\preload\configFiles\logger_config.json
[2025-10-21 16:01:21] [INFO] [preload] Watcher iniciado: logger_config.json
[2025-10-21 16:01:21] [ERROR] [envWatcher] Archivo .env NO encontrado en: C:\Users\User\Documents\Personal\LockeritDesk\electron\preload\configFiles\.env
[2025-10-21 16:01:21] [INFO] [preload] Watcher iniciado: .env
[2025-10-21 16:01:21] [INFO] [preload] API expuesta en window.electronAPI
[2025-10-21 16:01:21] [INFO] [main] CSP cambió, enviando al renderer
[2025-10-21 16:01:21] [INFO] [preload] Inicializando preload.js
[2025-10-21 16:01:21] [ERROR] [setupWatcher] Archivo setup_config.json NO encontrado en: C:\Users\User\Documents\Personal\LockeritDesk\electron\preload\configFiles\setup_config.json
[2025-10-21 16:01:21] [INFO] [preload] Watcher iniciado: setup_config.json
[2025-10-21 16:01:21] [ERROR] [authWatcher] auth_key.json NO encontrado: C:\Users\User\Documents\Personal\LockeritDesk\electron\preload\configFiles\auth_key.json
[2025-10-21 16:01:21] [INFO] [preload] Watcher iniciado: auth_key.json
[2025-10-21 16:01:21] [ERROR] [loggerWatcher] Archivo logger_config.json NO encontrado en: C:\Users\User\Documents\Personal\LockeritDesk\electron\preload\configFiles\logger_config.json
[2025-10-21 16:01:21] [INFO] [preload] Watcher iniciado: logger_config.json
[2025-10-21 16:01:21] [ERROR] [envWatcher] Archivo .env NO encontrado en: C:\Users\User\Documents\Personal\LockeritDesk\electron\preload\configFiles\.env
[2025-10-21 16:01:21] [INFO] [preload] Watcher iniciado: .env
[2025-10-21 16:01:21] [INFO] [preload] API expuesta en window.electronAPI
[2025-10-21 16:01:22] [INFO] [preload] Inicializando preload.js
[2025-10-21 16:01:22] [ERROR] [setupWatcher] Archivo setup_config.json NO encontrado en: C:\Users\User\Documents\Personal\LockeritDesk\electron\preload\configFiles\setup_config.json
[2025-10-21 16:01:22] [INFO] [preload] Watcher iniciado: setup_config.json
[2025-10-21 16:01:22] [ERROR] [authWatcher] auth_key.json NO encontrado: C:\Users\User\Documents\Personal\LockeritDesk\electron\preload\configFiles\auth_key.json
[2025-10-21 16:01:22] [INFO] [preload] Watcher iniciado: auth_key.json
[2025-10-21 16:01:22] [ERROR] [loggerWatcher] Archivo logger_config.json NO encontrado en: C:\Users\User\Documents\Personal\LockeritDesk\electron\preload\configFiles\logger_config.json
[2025-10-21 16:01:22] [INFO] [preload] Watcher iniciado: logger_config.json
[2025-10-21 16:01:22] [ERROR] [envWatcher] Archivo .env NO encontrado en: C:\Users\User\Documents\Personal\LockeritDesk\electron\preload\configFiles\.env
[2025-10-21 16:01:22] [INFO] [preload] Watcher iniciado: .env
[2025-10-21 16:01:22] [INFO] [preload] API expuesta en window.electronAPI
[2025-10-21 16:01:31] [INFO] [preload] Inicializando preload.js
[2025-10-21 16:01:31] [ERROR] [setupWatcher] Archivo setup_config.json NO encontrado en: C:\Users\User\Documents\Personal\LockeritDesk\electron\preload\configFiles\setup_config.json
[2025-10-21 16:01:31] [INFO] [preload] Watcher iniciado: setup_config.json
[2025-10-21 16:01:31] [ERROR] [authWatcher] auth_key.json NO encontrado: C:\Users\User\Documents\Personal\LockeritDesk\electron\preload\configFiles\auth_key.json
[2025-10-21 16:01:31] [INFO] [preload] Watcher iniciado: auth_key.json
[2025-10-21 16:01:31] [ERROR] [loggerWatcher] Archivo logger_config.json NO encontrado en: C:\Users\User\Documents\Personal\LockeritDesk\electron\preload\configFiles\logger_config.json
[2025-10-21 16:01:31] [INFO] [preload] Watcher iniciado: logger_config.json
[2025-10-21 16:01:31] [ERROR] [envWatcher] Archivo .env NO encontrado en: C:\Users\User\Documents\Personal\LockeritDesk\electron\preload\configFiles\.env
[2025-10-21 16:01:31] [INFO] [preload] Watcher iniciado: .env
[2025-10-21 16:01:31] [INFO] [preload] API expuesta en window.electronAPI
[2025-10-21 16:01:42] [INFO] [preload] Inicializando preload.js
[2025-10-21 16:01:42] [ERROR] [setupWatcher] Archivo setup_config.json NO encontrado en: C:\Users\User\Documents\Personal\LockeritDesk\electron\preload\configFiles\setup_config.json
[2025-10-21 16:01:42] [INFO] [preload] Watcher iniciado: setup_config.json
[2025-10-21 16:01:42] [ERROR] [authWatcher] auth_key.json NO encontrado: C:\Users\User\Documents\Personal\LockeritDesk\electron\preload\configFiles\auth_key.json
[2025-10-21 16:01:42] [INFO] [preload] Watcher iniciado: auth_key.json
[2025-10-21 16:01:42] [ERROR] [loggerWatcher] Archivo logger_config.json NO encontrado en: C:\Users\User\Documents\Personal\LockeritDesk\electron\preload\configFiles\logger_config.json
[2025-10-21 16:01:42] [INFO] [preload] Watcher iniciado: logger_config.json
[2025-10-21 16:01:42] [ERROR] [envWatcher] Archivo .env NO encontrado en: C:\Users\User\Documents\Personal\LockeritDesk\electron\preload\configFiles\.env
[2025-10-21 16:01:42] [INFO] [preload] Watcher iniciado: .env
[2025-10-21 16:01:42] [INFO] [preload] API expuesta en window.electronAPI
[2025-10-21 16:02:00] [INFO] [preload] Inicializando preload.js
[2025-10-21 16:02:00] [ERROR] [setupWatcher] Archivo setup_config.json NO encontrado en: C:\Users\User\Documents\Personal\LockeritDesk\electron\preload\configFiles\setup_config.json
[2025-10-21 16:02:00] [INFO] [preload] Watcher iniciado: setup_config.json
[2025-10-21 16:02:00] [ERROR] [authWatcher] auth_key.json NO encontrado: C:\Users\User\Documents\Personal\LockeritDesk\electron\preload\configFiles\auth_key.json
[2025-10-21 16:02:00] [INFO] [preload] Watcher iniciado: auth_key.json
[2025-10-21 16:02:00] [ERROR] [loggerWatcher] Archivo logger_config.json NO encontrado en: C:\Users\User\Documents\Personal\LockeritDesk\electron\preload\configFiles\logger_config.json
[2025-10-21 16:02:00] [INFO] [preload] Watcher iniciado: logger_config.json
[2025-10-21 16:02:00] [ERROR] [envWatcher] Archivo .env NO encontrado en: C:\Users\User\Documents\Personal\LockeritDesk\electron\preload\configFiles\.env
[2025-10-21 16:02:00] [INFO] [preload] Watcher iniciado: .env
[2025-10-21 16:02:00] [INFO] [preload] API expuesta en window.electronAPI
[2025-10-21 16:02:01] [INFO] [preload] Inicializando preload.js
[2025-10-21 16:02:01] [ERROR] [setupWatcher] Archivo setup_config.json NO encontrado en: C:\Users\User\Documents\Personal\LockeritDesk\electron\preload\configFiles\setup_config.json
[2025-10-21 16:02:01] [INFO] [preload] Watcher iniciado: setup_config.json
[2025-10-21 16:02:01] [ERROR] [authWatcher] auth_key.json NO encontrado: C:\Users\User\Documents\Personal\LockeritDesk\electron\preload\configFiles\auth_key.json
[2025-10-21 16:02:01] [INFO] [preload] Watcher iniciado: auth_key.json
[2025-10-21 16:02:01] [ERROR] [loggerWatcher] Archivo logger_config.json NO encontrado en: C:\Users\User\Documents\Personal\LockeritDesk\electron\preload\configFiles\logger_config.json
[2025-10-21 16:02:01] [INFO] [preload] Watcher iniciado: logger_config.json
[2025-10-21 16:02:01] [ERROR] [envWatcher] Archivo .env NO encontrado en: C:\Users\User\Documents\Personal\LockeritDesk\electron\preload\configFiles\.env
[2025-10-21 16:02:01] [INFO] [preload] Watcher iniciado: .env
[2025-10-21 16:02:01] [INFO] [preload] API expuesta en window.electronAPI
[2025-10-21 16:02:01] [INFO] [preload] Inicializando preload.js
[2025-10-21 16:02:01] [ERROR] [setupWatcher] Archivo setup_config.json NO encontrado en: C:\Users\User\Documents\Personal\LockeritDesk\electron\preload\configFiles\setup_config.json
[2025-10-21 16:02:01] [INFO] [preload] Watcher iniciado: setup_config.json
[2025-10-21 16:02:01] [ERROR] [authWatcher] auth_key.json NO encontrado: C:\Users\User\Documents\Personal\LockeritDesk\electron\preload\configFiles\auth_key.json
[2025-10-21 16:02:01] [INFO] [preload] Watcher iniciado: auth_key.json
[2025-10-21 16:02:01] [ERROR] [loggerWatcher] Archivo logger_config.json NO encontrado en: C:\Users\User\Documents\Personal\LockeritDesk\electron\preload\configFiles\logger_config.json
[2025-10-21 16:02:01] [INFO] [preload] Watcher iniciado: logger_config.json
[2025-10-21 16:02:01] [ERROR] [envWatcher] Archivo .env NO encontrado en: C:\Users\User\Documents\Personal\LockeritDesk\electron\preload\configFiles\.env
[2025-10-21 16:02:01] [INFO] [preload] Watcher iniciado: .env
[2025-10-21 16:02:01] [INFO] [preload] API expuesta en window.electronAPI
[2025-10-21 16:02:02] [INFO] [preload] Inicializando preload.js
[2025-10-21 16:02:02] [ERROR] [setupWatcher] Archivo setup_config.json NO encontrado en: C:\Users\User\Documents\Personal\LockeritDesk\electron\preload\configFiles\setup_config.json
[2025-10-21 16:02:02] [INFO] [preload] Watcher iniciado: setup_config.json
[2025-10-21 16:02:02] [ERROR] [authWatcher] auth_key.json NO encontrado: C:\Users\User\Documents\Personal\LockeritDesk\electron\preload\configFiles\auth_key.json
[2025-10-21 16:02:02] [INFO] [preload] Watcher iniciado: auth_key.json
[2025-10-21 16:02:02] [ERROR] [loggerWatcher] Archivo logger_config.json NO encontrado en: C:\Users\User\Documents\Personal\LockeritDesk\electron\preload\configFiles\logger_config.json
[2025-10-21 16:02:02] [INFO] [preload] Watcher iniciado: logger_config.json
[2025-10-21 16:02:02] [ERROR] [envWatcher] Archivo .env NO encontrado en: C:\Users\User\Documents\Personal\LockeritDesk\electron\preload\configFiles\.env
[2025-10-21 16:02:02] [INFO] [preload] Watcher iniciado: .env
[2025-10-21 16:02:02] [INFO] [preload] API expuesta en window.electronAPI
[2025-10-21 16:02:02] [INFO] [preload] Inicializando preload.js
[2025-10-21 16:02:02] [ERROR] [setupWatcher] Archivo setup_config.json NO encontrado en: C:\Users\User\Documents\Personal\LockeritDesk\electron\preload\configFiles\setup_config.json
[2025-10-21 16:02:02] [INFO] [preload] Watcher iniciado: setup_config.json
[2025-10-21 16:02:02] [ERROR] [authWatcher] auth_key.json NO encontrado: C:\Users\User\Documents\Personal\LockeritDesk\electron\preload\configFiles\auth_key.json
[2025-10-21 16:02:02] [INFO] [preload] Watcher iniciado: auth_key.json
[2025-10-21 16:02:02] [ERROR] [loggerWatcher] Archivo logger_config.json NO encontrado en: C:\Users\User\Documents\Personal\LockeritDesk\electron\preload\configFiles\logger_config.json
[2025-10-21 16:02:02] [INFO] [preload] Watcher iniciado: logger_config.json
[2025-10-21 16:02:02] [ERROR] [envWatcher] Archivo .env NO encontrado en: C:\Users\User\Documents\Personal\LockeritDesk\electron\preload\configFiles\.env
[2025-10-21 16:02:02] [INFO] [preload] Watcher iniciado: .env
[2025-10-21 16:02:02] [INFO] [preload] API expuesta en window.electronAPI
[2025-10-21 16:02:02] [INFO] [preload] Inicializando preload.js
[2025-10-21 16:02:02] [ERROR] [setupWatcher] Archivo setup_config.json NO encontrado en: C:\Users\User\Documents\Personal\LockeritDesk\electron\preload\configFiles\setup_config.json
[2025-10-21 16:02:02] [INFO] [preload] Watcher iniciado: setup_config.json
[2025-10-21 16:02:02] [ERROR] [authWatcher] auth_key.json NO encontrado: C:\Users\User\Documents\Personal\LockeritDesk\electron\preload\configFiles\auth_key.json
[2025-10-21 16:02:02] [INFO] [preload] Watcher iniciado: auth_key.json
[2025-10-21 16:02:02] [ERROR] [loggerWatcher] Archivo logger_config.json NO encontrado en: C:\Users\User\Documents\Personal\LockeritDesk\electron\preload\configFiles\logger_config.json
[2025-10-21 16:02:02] [INFO] [preload] Watcher iniciado: logger_config.json
[2025-10-21 16:02:02] [ERROR] [envWatcher] Archivo .env NO encontrado en: C:\Users\User\Documents\Personal\LockeritDesk\electron\preload\configFiles\.env
[2025-10-21 16:02:02] [INFO] [preload] Watcher iniciado: .env
[2025-10-21 16:02:02] [INFO] [preload] API expuesta en window.electronAPI
[2025-10-21 16:02:03] [INFO] [preload] Inicializando preload.js
[2025-10-21 16:02:03] [ERROR] [setupWatcher] Archivo setup_config.json NO encontrado en: C:\Users\User\Documents\Personal\LockeritDesk\electron\preload\configFiles\setup_config.json
[2025-10-21 16:02:03] [INFO] [preload] Watcher iniciado: setup_config.json
[2025-10-21 16:02:03] [ERROR] [authWatcher] auth_key.json NO encontrado: C:\Users\User\Documents\Personal\LockeritDesk\electron\preload\configFiles\auth_key.json
[2025-10-21 16:02:03] [INFO] [preload] Watcher iniciado: auth_key.json
[2025-10-21 16:02:03] [ERROR] [loggerWatcher] Archivo logger_config.json NO encontrado en: C:\Users\User\Documents\Personal\LockeritDesk\electron\preload\configFiles\logger_config.json
[2025-10-21 16:02:03] [INFO] [preload] Watcher iniciado: logger_config.json
[2025-10-21 16:02:03] [ERROR] [envWatcher] Archivo .env NO encontrado en: C:\Users\User\Documents\Personal\LockeritDesk\electron\preload\configFiles\.env
[2025-10-21 16:02:03] [INFO] [preload] Watcher iniciado: .env
[2025-10-21 16:02:03] [INFO] [preload] API expuesta en window.electronAPI
[2025-10-21 16:02:03] [INFO] [preload] Inicializando preload.js
[2025-10-21 16:02:03] [ERROR] [setupWatcher] Archivo setup_config.json NO encontrado en: C:\Users\User\Documents\Personal\LockeritDesk\electron\preload\configFiles\setup_config.json
[2025-10-21 16:02:03] [INFO] [preload] Watcher iniciado: setup_config.json
[2025-10-21 16:02:03] [ERROR] [authWatcher] auth_key.json NO encontrado: C:\Users\User\Documents\Personal\LockeritDesk\electron\preload\configFiles\auth_key.json
[2025-10-21 16:02:03] [INFO] [preload] Watcher iniciado: auth_key.json
[2025-10-21 16:02:03] [ERROR] [loggerWatcher] Archivo logger_config.json NO encontrado en: C:\Users\User\Documents\Personal\LockeritDesk\electron\preload\configFiles\logger_config.json
[2025-10-21 16:02:03] [INFO] [preload] Watcher iniciado: logger_config.json
[2025-10-21 16:02:03] [ERROR] [envWatcher] Archivo .env NO encontrado en: C:\Users\User\Documents\Personal\LockeritDesk\electron\preload\configFiles\.env
[2025-10-21 16:02:03] [INFO] [preload] Watcher iniciado: .env
[2025-10-21 16:02:03] [INFO] [preload] API expuesta en window.electronAPI
[2025-10-21 16:02:03] [INFO] [preload] Inicializando preload.js
[2025-10-21 16:02:03] [ERROR] [setupWatcher] Archivo setup_config.json NO encontrado en: C:\Users\User\Documents\Personal\LockeritDesk\electron\preload\configFiles\setup_config.json
[2025-10-21 16:02:03] [INFO] [preload] Watcher iniciado: setup_config.json
[2025-10-21 16:02:03] [ERROR] [authWatcher] auth_key.json NO encontrado: C:\Users\User\Documents\Personal\LockeritDesk\electron\preload\configFiles\auth_key.json
[2025-10-21 16:02:03] [INFO] [preload] Watcher iniciado: auth_key.json
[2025-10-21 16:02:03] [ERROR] [loggerWatcher] Archivo logger_config.json NO encontrado en: C:\Users\User\Documents\Personal\LockeritDesk\electron\preload\configFiles\logger_config.json
[2025-10-21 16:02:03] [INFO] [preload] Watcher iniciado: logger_config.json
[2025-10-21 16:02:03] [ERROR] [envWatcher] Archivo .env NO encontrado en: C:\Users\User\Documents\Personal\LockeritDesk\electron\preload\configFiles\.env
[2025-10-21 16:02:03] [INFO] [preload] Watcher iniciado: .env
[2025-10-21 16:02:03] [INFO] [preload] API expuesta en window.electronAPI
[2025-10-21 16:02:04] [INFO] [preload] Inicializando preload.js
[2025-10-21 16:02:04] [ERROR] [setupWatcher] Archivo setup_config.json NO encontrado en: C:\Users\User\Documents\Personal\LockeritDesk\electron\preload\configFiles\setup_config.json
[2025-10-21 16:02:04] [INFO] [preload] Watcher iniciado: setup_config.json
[2025-10-21 16:02:04] [ERROR] [authWatcher] auth_key.json NO encontrado: C:\Users\User\Documents\Personal\LockeritDesk\electron\preload\configFiles\auth_key.json
[2025-10-21 16:02:04] [INFO] [preload] Watcher iniciado: auth_key.json
[2025-10-21 16:02:04] [ERROR] [loggerWatcher] Archivo logger_config.json NO encontrado en: C:\Users\User\Documents\Personal\LockeritDesk\electron\preload\configFiles\logger_config.json
[2025-10-21 16:02:04] [INFO] [preload] Watcher iniciado: logger_config.json
[2025-10-21 16:02:04] [ERROR] [envWatcher] Archivo .env NO encontrado en: C:\Users\User\Documents\Personal\LockeritDesk\electron\preload\configFiles\.env
[2025-10-21 16:02:04] [INFO] [preload] Watcher iniciado: .env
[2025-10-21 16:02:04] [INFO] [preload] API expuesta en window.electronAPI
[2025-10-21 16:02:04] [INFO] [preload] Inicializando preload.js
[2025-10-21 16:02:04] [ERROR] [setupWatcher] Archivo setup_config.json NO encontrado en: C:\Users\User\Documents\Personal\LockeritDesk\electron\preload\configFiles\setup_config.json
[2025-10-21 16:02:04] [INFO] [preload] Watcher iniciado: setup_config.json
[2025-10-21 16:02:04] [ERROR] [authWatcher] auth_key.json NO encontrado: C:\Users\User\Documents\Personal\LockeritDesk\electron\preload\configFiles\auth_key.json
[2025-10-21 16:02:04] [INFO] [preload] Watcher iniciado: auth_key.json
[2025-10-21 16:02:04] [ERROR] [loggerWatcher] Archivo logger_config.json NO encontrado en: C:\Users\User\Documents\Personal\LockeritDesk\electron\preload\configFiles\logger_config.json
[2025-10-21 16:02:04] [INFO] [preload] Watcher iniciado: logger_config.json
[2025-10-21 16:02:04] [ERROR] [envWatcher] Archivo .env NO encontrado en: C:\Users\User\Documents\Personal\LockeritDesk\electron\preload\configFiles\.env
[2025-10-21 16:02:04] [INFO] [preload] Watcher iniciado: .env
[2025-10-21 16:02:04] [INFO] [preload] API expuesta en window.electronAPI
[2025-10-21 16:02:04] [INFO] [preload] Inicializando preload.js
[2025-10-21 16:02:04] [ERROR] [setupWatcher] Archivo setup_config.json NO encontrado en: C:\Users\User\Documents\Personal\LockeritDesk\electron\preload\configFiles\setup_config.json
[2025-10-21 16:02:04] [INFO] [preload] Watcher iniciado: setup_config.json
[2025-10-21 16:02:04] [ERROR] [authWatcher] auth_key.json NO encontrado: C:\Users\User\Documents\Personal\LockeritDesk\electron\preload\configFiles\auth_key.json
[2025-10-21 16:02:04] [INFO] [preload] Watcher iniciado: auth_key.json
[2025-10-21 16:02:04] [ERROR] [loggerWatcher] Archivo logger_config.json NO encontrado en: C:\Users\User\Documents\Personal\LockeritDesk\electron\preload\configFiles\logger_config.json
[2025-10-21 16:02:04] [INFO] [preload] Watcher iniciado: logger_config.json
[2025-10-21 16:02:04] [ERROR] [envWatcher] Archivo .env NO encontrado en: C:\Users\User\Documents\Personal\LockeritDesk\electron\preload\configFiles\.env
[2025-10-21 16:02:04] [INFO] [preload] Watcher iniciado: .env
[2025-10-21 16:02:04] [INFO] [preload] API expuesta en window.electronAPI
[2025-10-21 16:02:04] [INFO] [preload] Inicializando preload.js
[2025-10-21 16:02:04] [ERROR] [setupWatcher] Archivo setup_config.json NO encontrado en: C:\Users\User\Documents\Personal\LockeritDesk\electron\preload\configFiles\setup_config.json
[2025-10-21 16:02:04] [INFO] [preload] Watcher iniciado: setup_config.json
[2025-10-21 16:02:04] [ERROR] [authWatcher] auth_key.json NO encontrado: C:\Users\User\Documents\Personal\LockeritDesk\electron\preload\configFiles\auth_key.json
[2025-10-21 16:02:04] [INFO] [preload] Watcher iniciado: auth_key.json
[2025-10-21 16:02:04] [ERROR] [loggerWatcher] Archivo logger_config.json NO encontrado en: C:\Users\User\Documents\Personal\LockeritDesk\electron\preload\configFiles\logger_config.json
[2025-10-21 16:02:04] [INFO] [preload] Watcher iniciado: logger_config.json
[2025-10-21 16:02:04] [ERROR] [envWatcher] Archivo .env NO encontrado en: C:\Users\User\Documents\Personal\LockeritDesk\electron\preload\configFiles\.env
[2025-10-21 16:02:04] [INFO] [preload] Watcher iniciado: .env
[2025-10-21 16:02:04] [INFO] [preload] API expuesta en window.electronAPI
[2025-10-21 16:02:05] [INFO] [preload] Inicializando preload.js
[2025-10-21 16:02:05] [ERROR] [setupWatcher] Archivo setup_config.json NO encontrado en: C:\Users\User\Documents\Personal\LockeritDesk\electron\preload\configFiles\setup_config.json
[2025-10-21 16:02:05] [INFO] [preload] Watcher iniciado: setup_config.json
[2025-10-21 16:02:05] [ERROR] [authWatcher] auth_key.json NO encontrado: C:\Users\User\Documents\Personal\LockeritDesk\electron\preload\configFiles\auth_key.json
[2025-10-21 16:02:05] [INFO] [preload] Watcher iniciado: auth_key.json
[2025-10-21 16:02:05] [ERROR] [loggerWatcher] Archivo logger_config.json NO encontrado en: C:\Users\User\Documents\Personal\LockeritDesk\electron\preload\configFiles\logger_config.json
[2025-10-21 16:02:05] [INFO] [preload] Watcher iniciado: logger_config.json
[2025-10-21 16:02:05] [ERROR] [envWatcher] Archivo .env NO encontrado en: C:\Users\User\Documents\Personal\LockeritDesk\electron\preload\configFiles\.env
[2025-10-21 16:02:05] [INFO] [preload] Watcher iniciado: .env
[2025-10-21 16:02:05] [INFO] [preload] API expuesta en window.electronAPI
[2025-10-21 16:02:05] [INFO] [preload] Inicializando preload.js
[2025-10-21 16:02:05] [ERROR] [setupWatcher] Archivo setup_config.json NO encontrado en: C:\Users\User\Documents\Personal\LockeritDesk\electron\preload\configFiles\setup_config.json
[2025-10-21 16:02:05] [INFO] [preload] Watcher iniciado: setup_config.json
[2025-10-21 16:02:05] [ERROR] [authWatcher] auth_key.json NO encontrado: C:\Users\User\Documents\Personal\LockeritDesk\electron\preload\configFiles\auth_key.json
[2025-10-21 16:02:05] [INFO] [preload] Watcher iniciado: auth_key.json
[2025-10-21 16:02:05] [ERROR] [loggerWatcher] Archivo logger_config.json NO encontrado en: C:\Users\User\Documents\Personal\LockeritDesk\electron\preload\configFiles\logger_config.json
[2025-10-21 16:02:05] [INFO] [preload] Watcher iniciado: logger_config.json
[2025-10-21 16:02:05] [ERROR] [envWatcher] Archivo .env NO encontrado en: C:\Users\User\Documents\Personal\LockeritDesk\electron\preload\configFiles\.env
[2025-10-21 16:02:05] [INFO] [preload] Watcher iniciado: .env
[2025-10-21 16:02:05] [INFO] [preload] API expuesta en window.electronAPI
[2025-10-21 16:02:05] [INFO] [preload] Inicializando preload.js
[2025-10-21 16:02:05] [ERROR] [setupWatcher] Archivo setup_config.json NO encontrado en: C:\Users\User\Documents\Personal\LockeritDesk\electron\preload\configFiles\setup_config.json
[2025-10-21 16:02:05] [INFO] [preload] Watcher iniciado: setup_config.json
[2025-10-21 16:02:05] [ERROR] [authWatcher] auth_key.json NO encontrado: C:\Users\User\Documents\Personal\LockeritDesk\electron\preload\configFiles\auth_key.json
[2025-10-21 16:02:05] [INFO] [preload] Watcher iniciado: auth_key.json
[2025-10-21 16:02:05] [ERROR] [loggerWatcher] Archivo logger_config.json NO encontrado en: C:\Users\User\Documents\Personal\LockeritDesk\electron\preload\configFiles\logger_config.json
[2025-10-21 16:02:05] [INFO] [preload] Watcher iniciado: logger_config.json
[2025-10-21 16:02:05] [ERROR] [envWatcher] Archivo .env NO encontrado en: C:\Users\User\Documents\Personal\LockeritDesk\electron\preload\configFiles\.env
[2025-10-21 16:02:05] [INFO] [preload] Watcher iniciado: .env
[2025-10-21 16:02:05] [INFO] [preload] API expuesta en window.electronAPI
[2025-10-21 16:02:05] [INFO] [preload] Inicializando preload.js
[2025-10-21 16:02:05] [ERROR] [setupWatcher] Archivo setup_config.json NO encontrado en: C:\Users\User\Documents\Personal\LockeritDesk\electron\preload\configFiles\setup_config.json
[2025-10-21 16:02:05] [INFO] [preload] Watcher iniciado: setup_config.json
[2025-10-21 16:02:05] [ERROR] [authWatcher] auth_key.json NO encontrado: C:\Users\User\Documents\Personal\LockeritDesk\electron\preload\configFiles\auth_key.json
[2025-10-21 16:02:05] [INFO] [preload] Watcher iniciado: auth_key.json
[2025-10-21 16:02:05] [ERROR] [loggerWatcher] Archivo logger_config.json NO encontrado en: C:\Users\User\Documents\Personal\LockeritDesk\electron\preload\configFiles\logger_config.json
[2025-10-21 16:02:05] [INFO] [preload] Watcher iniciado: logger_config.json
[2025-10-21 16:02:05] [ERROR] [envWatcher] Archivo .env NO encontrado en: C:\Users\User\Documents\Personal\LockeritDesk\electron\preload\configFiles\.env
[2025-10-21 16:02:05] [INFO] [preload] Watcher iniciado: .env
[2025-10-21 16:02:05] [INFO] [preload] API expuesta en window.electronAPI
[2025-10-21 16:02:06] [INFO] [preload] Inicializando preload.js
[2025-10-21 16:02:06] [ERROR] [setupWatcher] Archivo setup_config.json NO encontrado en: C:\Users\User\Documents\Personal\LockeritDesk\electron\preload\configFiles\setup_config.json
[2025-10-21 16:02:06] [INFO] [preload] Watcher iniciado: setup_config.json
[2025-10-21 16:02:06] [ERROR] [authWatcher] auth_key.json NO encontrado: C:\Users\User\Documents\Personal\LockeritDesk\electron\preload\configFiles\auth_key.json
[2025-10-21 16:02:06] [INFO] [preload] Watcher iniciado: auth_key.json
[2025-10-21 16:02:06] [ERROR] [loggerWatcher] Archivo logger_config.json NO encontrado en: C:\Users\User\Documents\Personal\LockeritDesk\electron\preload\configFiles\logger_config.json
[2025-10-21 16:02:06] [INFO] [preload] Watcher iniciado: logger_config.json
[2025-10-21 16:02:06] [ERROR] [envWatcher] Archivo .env NO encontrado en: C:\Users\User\Documents\Personal\LockeritDesk\electron\preload\configFiles\.env
[2025-10-21 16:02:06] [INFO] [preload] Watcher iniciado: .env
[2025-10-21 16:02:06] [INFO] [preload] API expuesta en window.electronAPI
[2025-10-21 16:02:06] [INFO] [preload] Inicializando preload.js
[2025-10-21 16:02:06] [ERROR] [setupWatcher] Archivo setup_config.json NO encontrado en: C:\Users\User\Documents\Personal\LockeritDesk\electron\preload\configFiles\setup_config.json
[2025-10-21 16:02:06] [INFO] [preload] Watcher iniciado: setup_config.json
[2025-10-21 16:02:06] [ERROR] [authWatcher] auth_key.json NO encontrado: C:\Users\User\Documents\Personal\LockeritDesk\electron\preload\configFiles\auth_key.json
[2025-10-21 16:02:06] [INFO] [preload] Watcher iniciado: auth_key.json
[2025-10-21 16:02:06] [ERROR] [loggerWatcher] Archivo logger_config.json NO encontrado en: C:\Users\User\Documents\Personal\LockeritDesk\electron\preload\configFiles\logger_config.json
[2025-10-21 16:02:06] [INFO] [preload] Watcher iniciado: logger_config.json
[2025-10-21 16:02:06] [ERROR] [envWatcher] Archivo .env NO encontrado en: C:\Users\User\Documents\Personal\LockeritDesk\electron\preload\configFiles\.env
[2025-10-21 16:02:06] [INFO] [preload] Watcher iniciado: .env
[2025-10-21 16:02:06] [INFO] [preload] API expuesta en window.electronAPI
[2025-10-21 16:02:06] [INFO] [preload] Inicializando preload.js
[2025-10-21 16:02:06] [ERROR] [setupWatcher] Archivo setup_config.json NO encontrado en: C:\Users\User\Documents\Personal\LockeritDesk\electron\preload\configFiles\setup_config.json
[2025-10-21 16:02:06] [INFO] [preload] Watcher iniciado: setup_config.json
[2025-10-21 16:02:06] [ERROR] [authWatcher] auth_key.json NO encontrado: C:\Users\User\Documents\Personal\LockeritDesk\electron\preload\configFiles\auth_key.json
[2025-10-21 16:02:06] [INFO] [preload] Watcher iniciado: auth_key.json
[2025-10-21 16:02:06] [ERROR] [loggerWatcher] Archivo logger_config.json NO encontrado en: C:\Users\User\Documents\Personal\LockeritDesk\electron\preload\configFiles\logger_config.json
[2025-10-21 16:02:06] [INFO] [preload] Watcher iniciado: logger_config.json
[2025-10-21 16:02:06] [ERROR] [envWatcher] Archivo .env NO encontrado en: C:\Users\User\Documents\Personal\LockeritDesk\electron\preload\configFiles\.env
[2025-10-21 16:02:06] [INFO] [preload] Watcher iniciado: .env
[2025-10-21 16:02:06] [INFO] [preload] API expuesta en window.electronAPI
[2025-10-21 16:02:06] [INFO] [preload] Inicializando preload.js
[2025-10-21 16:02:06] [ERROR] [setupWatcher] Archivo setup_config.json NO encontrado en: C:\Users\User\Documents\Personal\LockeritDesk\electron\preload\configFiles\setup_config.json
[2025-10-21 16:02:06] [INFO] [preload] Watcher iniciado: setup_config.json
[2025-10-21 16:02:06] [ERROR] [authWatcher] auth_key.json NO encontrado: C:\Users\User\Documents\Personal\LockeritDesk\electron\preload\configFiles\auth_key.json
[2025-10-21 16:02:06] [INFO] [preload] Watcher iniciado: auth_key.json
[2025-10-21 16:02:06] [ERROR] [loggerWatcher] Archivo logger_config.json NO encontrado en: C:\Users\User\Documents\Personal\LockeritDesk\electron\preload\configFiles\logger_config.json
[2025-10-21 16:02:06] [INFO] [preload] Watcher iniciado: logger_config.json
[2025-10-21 16:02:06] [ERROR] [envWatcher] Archivo .env NO encontrado en: C:\Users\User\Documents\Personal\LockeritDesk\electron\preload\configFiles\.env
[2025-10-21 16:02:06] [INFO] [preload] Watcher iniciado: .env
[2025-10-21 16:02:06] [INFO] [preload] API expuesta en window.electronAPI
[2025-10-21 16:02:07] [INFO] [preload] Inicializando preload.js
[2025-10-21 16:02:07] [ERROR] [setupWatcher] Archivo setup_config.json NO encontrado en: C:\Users\User\Documents\Personal\LockeritDesk\electron\preload\configFiles\setup_config.json
[2025-10-21 16:02:07] [INFO] [preload] Watcher iniciado: setup_config.json
[2025-10-21 16:02:07] [ERROR] [authWatcher] auth_key.json NO encontrado: C:\Users\User\Documents\Personal\LockeritDesk\electron\preload\configFiles\auth_key.json
[2025-10-21 16:02:07] [INFO] [preload] Watcher iniciado: auth_key.json
[2025-10-21 16:02:07] [ERROR] [loggerWatcher] Archivo logger_config.json NO encontrado en: C:\Users\User\Documents\Personal\LockeritDesk\electron\preload\configFiles\logger_config.json
[2025-10-21 16:02:07] [INFO] [preload] Watcher iniciado: logger_config.json
[2025-10-21 16:02:07] [ERROR] [envWatcher] Archivo .env NO encontrado en: C:\Users\User\Documents\Personal\LockeritDesk\electron\preload\configFiles\.env
[2025-10-21 16:02:07] [INFO] [preload] Watcher iniciado: .env
[2025-10-21 16:02:07] [INFO] [preload] API expuesta en window.electronAPI
[2025-10-21 16:02:07] [INFO] [preload] Inicializando preload.js
[2025-10-21 16:02:07] [ERROR] [setupWatcher] Archivo setup_config.json NO encontrado en: C:\Users\User\Documents\Personal\LockeritDesk\electron\preload\configFiles\setup_config.json
[2025-10-21 16:02:07] [INFO] [preload] Watcher iniciado: setup_config.json
[2025-10-21 16:02:07] [ERROR] [authWatcher] auth_key.json NO encontrado: C:\Users\User\Documents\Personal\LockeritDesk\electron\preload\configFiles\auth_key.json
[2025-10-21 16:02:07] [INFO] [preload] Watcher iniciado: auth_key.json
[2025-10-21 16:02:07] [ERROR] [loggerWatcher] Archivo logger_config.json NO encontrado en: C:\Users\User\Documents\Personal\LockeritDesk\electron\preload\configFiles\logger_config.json
[2025-10-21 16:02:07] [INFO] [preload] Watcher iniciado: logger_config.json
[2025-10-21 16:02:07] [ERROR] [envWatcher] Archivo .env NO encontrado en: C:\Users\User\Documents\Personal\LockeritDesk\electron\preload\configFiles\.env
[2025-10-21 16:02:07] [INFO] [preload] Watcher iniciado: .env
[2025-10-21 16:02:07] [INFO] [preload] API expuesta en window.electronAPI
[2025-10-21 16:02:07] [INFO] [preload] Inicializando preload.js
[2025-10-21 16:02:07] [ERROR] [setupWatcher] Archivo setup_config.json NO encontrado en: C:\Users\User\Documents\Personal\LockeritDesk\electron\preload\configFiles\setup_config.json
[2025-10-21 16:02:07] [INFO] [preload] Watcher iniciado: setup_config.json
[2025-10-21 16:02:07] [ERROR] [authWatcher] auth_key.json NO encontrado: C:\Users\User\Documents\Personal\LockeritDesk\electron\preload\configFiles\auth_key.json
[2025-10-21 16:02:07] [INFO] [preload] Watcher iniciado: auth_key.json
[2025-10-21 16:02:07] [ERROR] [loggerWatcher] Archivo logger_config.json NO encontrado en: C:\Users\User\Documents\Personal\LockeritDesk\electron\preload\configFiles\logger_config.json
[2025-10-21 16:02:07] [INFO] [preload] Watcher iniciado: logger_config.json
[2025-10-21 16:02:07] [ERROR] [envWatcher] Archivo .env NO encontrado en: C:\Users\User\Documents\Personal\LockeritDesk\electron\preload\configFiles\.env
[2025-10-21 16:02:07] [INFO] [preload] Watcher iniciado: .env
[2025-10-21 16:02:07] [INFO] [preload] API expuesta en window.electronAPI
[2025-10-21 16:02:08] [INFO] [preload] Inicializando preload.js
[2025-10-21 16:02:08] [ERROR] [setupWatcher] Archivo setup_config.json NO encontrado en: C:\Users\User\Documents\Personal\LockeritDesk\electron\preload\configFiles\setup_config.json
[2025-10-21 16:02:08] [INFO] [preload] Watcher iniciado: setup_config.json
[2025-10-21 16:02:08] [ERROR] [authWatcher] auth_key.json NO encontrado: C:\Users\User\Documents\Personal\LockeritDesk\electron\preload\configFiles\auth_key.json
[2025-10-21 16:02:08] [INFO] [preload] Watcher iniciado: auth_key.json
[2025-10-21 16:02:08] [ERROR] [loggerWatcher] Archivo logger_config.json NO encontrado en: C:\Users\User\Documents\Personal\LockeritDesk\electron\preload\configFiles\logger_config.json
[2025-10-21 16:02:08] [INFO] [preload] Watcher iniciado: logger_config.json
[2025-10-21 16:02:08] [ERROR] [envWatcher] Archivo .env NO encontrado en: C:\Users\User\Documents\Personal\LockeritDesk\electron\preload\configFiles\.env
[2025-10-21 16:02:08] [INFO] [preload] Watcher iniciado: .env
[2025-10-21 16:02:08] [INFO] [preload] API expuesta en window.electronAPI
[2025-10-21 16:02:08] [INFO] [preload] Inicializando preload.js
[2025-10-21 16:02:08] [ERROR] [setupWatcher] Archivo setup_config.json NO encontrado en: C:\Users\User\Documents\Personal\LockeritDesk\electron\preload\configFiles\setup_config.json
[2025-10-21 16:02:08] [INFO] [preload] Watcher iniciado: setup_config.json
[2025-10-21 16:02:08] [ERROR] [authWatcher] auth_key.json NO encontrado: C:\Users\User\Documents\Personal\LockeritDesk\electron\preload\configFiles\auth_key.json
[2025-10-21 16:02:08] [INFO] [preload] Watcher iniciado: auth_key.json
[2025-10-21 16:02:08] [ERROR] [loggerWatcher] Archivo logger_config.json NO encontrado en: C:\Users\User\Documents\Personal\LockeritDesk\electron\preload\configFiles\logger_config.json
[2025-10-21 16:02:08] [INFO] [preload] Watcher iniciado: logger_config.json
[2025-10-21 16:02:08] [ERROR] [envWatcher] Archivo .env NO encontrado en: C:\Users\User\Documents\Personal\LockeritDesk\electron\preload\configFiles\.env
[2025-10-21 16:02:08] [INFO] [preload] Watcher iniciado: .env
[2025-10-21 16:02:08] [INFO] [preload] API expuesta en window.electronAPI
[2025-10-21 16:02:08] [INFO] [preload] Inicializando preload.js
[2025-10-21 16:02:08] [ERROR] [setupWatcher] Archivo setup_config.json NO encontrado en: C:\Users\User\Documents\Personal\LockeritDesk\electron\preload\configFiles\setup_config.json
[2025-10-21 16:02:08] [INFO] [preload] Watcher iniciado: setup_config.json
[2025-10-21 16:02:08] [ERROR] [authWatcher] auth_key.json NO encontrado: C:\Users\User\Documents\Personal\LockeritDesk\electron\preload\configFiles\auth_key.json
[2025-10-21 16:02:08] [INFO] [preload] Watcher iniciado: auth_key.json
[2025-10-21 16:02:08] [ERROR] [loggerWatcher] Archivo logger_config.json NO encontrado en: C:\Users\User\Documents\Personal\LockeritDesk\electron\preload\configFiles\logger_config.json
[2025-10-21 16:02:08] [INFO] [preload] Watcher iniciado: logger_config.json
[2025-10-21 16:02:08] [ERROR] [envWatcher] Archivo .env NO encontrado en: C:\Users\User\Documents\Personal\LockeritDesk\electron\preload\configFiles\.env
[2025-10-21 16:02:08] [INFO] [preload] Watcher iniciado: .env
[2025-10-21 16:02:08] [INFO] [preload] API expuesta en window.electronAPI
[2025-10-21 16:02:08] [INFO] [preload] Inicializando preload.js
[2025-10-21 16:02:08] [ERROR] [setupWatcher] Archivo setup_config.json NO encontrado en: C:\Users\User\Documents\Personal\LockeritDesk\electron\preload\configFiles\setup_config.json
[2025-10-21 16:02:08] [INFO] [preload] Watcher iniciado: setup_config.json
[2025-10-21 16:02:08] [ERROR] [authWatcher] auth_key.json NO encontrado: C:\Users\User\Documents\Personal\LockeritDesk\electron\preload\configFiles\auth_key.json
[2025-10-21 16:02:08] [INFO] [preload] Watcher iniciado: auth_key.json
[2025-10-21 16:02:08] [ERROR] [loggerWatcher] Archivo logger_config.json NO encontrado en: C:\Users\User\Documents\Personal\LockeritDesk\electron\preload\configFiles\logger_config.json
[2025-10-21 16:02:08] [INFO] [preload] Watcher iniciado: logger_config.json
[2025-10-21 16:02:08] [ERROR] [envWatcher] Archivo .env NO encontrado en: C:\Users\User\Documents\Personal\LockeritDesk\electron\preload\configFiles\.env
[2025-10-21 16:02:08] [INFO] [preload] Watcher iniciado: .env
[2025-10-21 16:02:08] [INFO] [preload] API expuesta en window.electronAPI
[2025-10-21 16:02:09] [INFO] [preload] Inicializando preload.js
[2025-10-21 16:02:09] [ERROR] [setupWatcher] Archivo setup_config.json NO encontrado en: C:\Users\User\Documents\Personal\LockeritDesk\electron\preload\configFiles\setup_config.json
[2025-10-21 16:02:09] [INFO] [preload] Watcher iniciado: setup_config.json
[2025-10-21 16:02:09] [ERROR] [authWatcher] auth_key.json NO encontrado: C:\Users\User\Documents\Personal\LockeritDesk\electron\preload\configFiles\auth_key.json
[2025-10-21 16:02:09] [INFO] [preload] Watcher iniciado: auth_key.json
[2025-10-21 16:02:09] [ERROR] [loggerWatcher] Archivo logger_config.json NO encontrado en: C:\Users\User\Documents\Personal\LockeritDesk\electron\preload\configFiles\logger_config.json
[2025-10-21 16:02:09] [INFO] [preload] Watcher iniciado: logger_config.json
[2025-10-21 16:02:09] [ERROR] [envWatcher] Archivo .env NO encontrado en: C:\Users\User\Documents\Personal\LockeritDesk\electron\preload\configFiles\.env
[2025-10-21 16:02:09] [INFO] [preload] Watcher iniciado: .env
[2025-10-21 16:02:09] [INFO] [preload] API expuesta en window.electronAPI
[2025-10-21 16:02:09] [INFO] [preload] Inicializando preload.js
[2025-10-21 16:02:09] [ERROR] [setupWatcher] Archivo setup_config.json NO encontrado en: C:\Users\User\Documents\Personal\LockeritDesk\electron\preload\configFiles\setup_config.json
[2025-10-21 16:02:09] [INFO] [preload] Watcher iniciado: setup_config.json
[2025-10-21 16:02:09] [ERROR] [authWatcher] auth_key.json NO encontrado: C:\Users\User\Documents\Personal\LockeritDesk\electron\preload\configFiles\auth_key.json
[2025-10-21 16:02:09] [INFO] [preload] Watcher iniciado: auth_key.json
[2025-10-21 16:02:09] [ERROR] [loggerWatcher] Archivo logger_config.json NO encontrado en: C:\Users\User\Documents\Personal\LockeritDesk\electron\preload\configFiles\logger_config.json
[2025-10-21 16:02:09] [INFO] [preload] Watcher iniciado: logger_config.json
[2025-10-21 16:02:09] [ERROR] [envWatcher] Archivo .env NO encontrado en: C:\Users\User\Documents\Personal\LockeritDesk\electron\preload\configFiles\.env
[2025-10-21 16:02:09] [INFO] [preload] Watcher iniciado: .env
[2025-10-21 16:02:09] [INFO] [preload] API expuesta en window.electronAPI
[2025-10-21 16:02:09] [INFO] [preload] Inicializando preload.js
[2025-10-21 16:02:09] [ERROR] [setupWatcher] Archivo setup_config.json NO encontrado en: C:\Users\User\Documents\Personal\LockeritDesk\electron\preload\configFiles\setup_config.json
[2025-10-21 16:02:09] [INFO] [preload] Watcher iniciado: setup_config.json
[2025-10-21 16:02:09] [ERROR] [authWatcher] auth_key.json NO encontrado: C:\Users\User\Documents\Personal\LockeritDesk\electron\preload\configFiles\auth_key.json
[2025-10-21 16:02:09] [INFO] [preload] Watcher iniciado: auth_key.json
[2025-10-21 16:02:09] [ERROR] [loggerWatcher] Archivo logger_config.json NO encontrado en: C:\Users\User\Documents\Personal\LockeritDesk\electron\preload\configFiles\logger_config.json
[2025-10-21 16:02:09] [INFO] [preload] Watcher iniciado: logger_config.json
[2025-10-21 16:02:09] [ERROR] [envWatcher] Archivo .env NO encontrado en: C:\Users\User\Documents\Personal\LockeritDesk\electron\preload\configFiles\.env
[2025-10-21 16:02:09] [INFO] [preload] Watcher iniciado: .env
[2025-10-21 16:02:09] [INFO] [preload] API expuesta en window.electronAPI
[2025-10-21 16:02:10] [INFO] [preload] Inicializando preload.js
[2025-10-21 16:02:10] [ERROR] [setupWatcher] Archivo setup_config.json NO encontrado en: C:\Users\User\Documents\Personal\LockeritDesk\electron\preload\configFiles\setup_config.json
[2025-10-21 16:02:10] [INFO] [preload] Watcher iniciado: setup_config.json
[2025-10-21 16:02:10] [ERROR] [authWatcher] auth_key.json NO encontrado: C:\Users\User\Documents\Personal\LockeritDesk\electron\preload\configFiles\auth_key.json
[2025-10-21 16:02:10] [INFO] [preload] Watcher iniciado: auth_key.json
[2025-10-21 16:02:10] [ERROR] [loggerWatcher] Archivo logger_config.json NO encontrado en: C:\Users\User\Documents\Personal\LockeritDesk\electron\preload\configFiles\logger_config.json
[2025-10-21 16:02:10] [INFO] [preload] Watcher iniciado: logger_config.json
[2025-10-21 16:02:10] [ERROR] [envWatcher] Archivo .env NO encontrado en: C:\Users\User\Documents\Personal\LockeritDesk\electron\preload\configFiles\.env
[2025-10-21 16:02:10] [INFO] [preload] Watcher iniciado: .env
[2025-10-21 16:02:10] [INFO] [preload] API expuesta en window.electronAPI
[2025-10-21 16:02:10] [INFO] [preload] Inicializando preload.js
[2025-10-21 16:02:10] [ERROR] [setupWatcher] Archivo setup_config.json NO encontrado en: C:\Users\User\Documents\Personal\LockeritDesk\electron\preload\configFiles\setup_config.json
[2025-10-21 16:02:10] [INFO] [preload] Watcher iniciado: setup_config.json
[2025-10-21 16:02:10] [ERROR] [authWatcher] auth_key.json NO encontrado: C:\Users\User\Documents\Personal\LockeritDesk\electron\preload\configFiles\auth_key.json
[2025-10-21 16:02:10] [INFO] [preload] Watcher iniciado: auth_key.json
[2025-10-21 16:02:10] [ERROR] [loggerWatcher] Archivo logger_config.json NO encontrado en: C:\Users\User\Documents\Personal\LockeritDesk\electron\preload\configFiles\logger_config.json
[2025-10-21 16:02:10] [INFO] [preload] Watcher iniciado: logger_config.json
[2025-10-21 16:02:10] [ERROR] [envWatcher] Archivo .env NO encontrado en: C:\Users\User\Documents\Personal\LockeritDesk\electron\preload\configFiles\.env
[2025-10-21 16:02:10] [INFO] [preload] Watcher iniciado: .env
[2025-10-21 16:02:10] [INFO] [preload] API expuesta en window.electronAPI
[2025-10-21 16:02:10] [INFO] [preload] Inicializando preload.js
[2025-10-21 16:02:10] [ERROR] [setupWatcher] Archivo setup_config.json NO encontrado en: C:\Users\User\Documents\Personal\LockeritDesk\electron\preload\configFiles\setup_config.json
[2025-10-21 16:02:10] [INFO] [preload] Watcher iniciado: setup_config.json
[2025-10-21 16:02:10] [ERROR] [authWatcher] auth_key.json NO encontrado: C:\Users\User\Documents\Personal\LockeritDesk\electron\preload\configFiles\auth_key.json
[2025-10-21 16:02:10] [INFO] [preload] Watcher iniciado: auth_key.json
[2025-10-21 16:02:10] [ERROR] [loggerWatcher] Archivo logger_config.json NO encontrado en: C:\Users\User\Documents\Personal\LockeritDesk\electron\preload\configFiles\logger_config.json
[2025-10-21 16:02:10] [INFO] [preload] Watcher iniciado: logger_config.json
[2025-10-21 16:02:10] [ERROR] [envWatcher] Archivo .env NO encontrado en: C:\Users\User\Documents\Personal\LockeritDesk\electron\preload\configFiles\.env
[2025-10-21 16:02:10] [INFO] [preload] Watcher iniciado: .env
[2025-10-21 16:02:10] [INFO] [preload] API expuesta en window.electronAPI
[2025-10-21 16:02:11] [INFO] [preload] Inicializando preload.js
[2025-10-21 16:02:11] [ERROR] [setupWatcher] Archivo setup_config.json NO encontrado en: C:\Users\User\Documents\Personal\LockeritDesk\electron\preload\configFiles\setup_config.json
[2025-10-21 16:02:11] [INFO] [preload] Watcher iniciado: setup_config.json
[2025-10-21 16:02:11] [ERROR] [authWatcher] auth_key.json NO encontrado: C:\Users\User\Documents\Personal\LockeritDesk\electron\preload\configFiles\auth_key.json
[2025-10-21 16:02:11] [INFO] [preload] Watcher iniciado: auth_key.json
[2025-10-21 16:02:11] [ERROR] [loggerWatcher] Archivo logger_config.json NO encontrado en: C:\Users\User\Documents\Personal\LockeritDesk\electron\preload\configFiles\logger_config.json
[2025-10-21 16:02:11] [INFO] [preload] Watcher iniciado: logger_config.json
[2025-10-21 16:02:11] [ERROR] [envWatcher] Archivo .env NO encontrado en: C:\Users\User\Documents\Personal\LockeritDesk\electron\preload\configFiles\.env
[2025-10-21 16:02:11] [INFO] [preload] Watcher iniciado: .env
[2025-10-21 16:02:11] [INFO] [preload] API expuesta en window.electronAPI
[2025-10-21 16:02:11] [INFO] [preload] Inicializando preload.js
[2025-10-21 16:02:11] [ERROR] [setupWatcher] Archivo setup_config.json NO encontrado en: C:\Users\User\Documents\Personal\LockeritDesk\electron\preload\configFiles\setup_config.json
[2025-10-21 16:02:11] [INFO] [preload] Watcher iniciado: setup_config.json
[2025-10-21 16:02:11] [ERROR] [authWatcher] auth_key.json NO encontrado: C:\Users\User\Documents\Personal\LockeritDesk\electron\preload\configFiles\auth_key.json
[2025-10-21 16:02:11] [INFO] [preload] Watcher iniciado: auth_key.json
[2025-10-21 16:02:11] [ERROR] [loggerWatcher] Archivo logger_config.json NO encontrado en: C:\Users\User\Documents\Personal\LockeritDesk\electron\preload\configFiles\logger_config.json
[2025-10-21 16:02:11] [INFO] [preload] Watcher iniciado: logger_config.json
[2025-10-21 16:02:11] [ERROR] [envWatcher] Archivo .env NO encontrado en: C:\Users\User\Documents\Personal\LockeritDesk\electron\preload\configFiles\.env
[2025-10-21 16:02:11] [INFO] [preload] Watcher iniciado: .env
[2025-10-21 16:02:11] [INFO] [preload] API expuesta en window.electronAPI
[2025-10-21 16:02:11] [INFO] [preload] Inicializando preload.js
[2025-10-21 16:02:11] [ERROR] [setupWatcher] Archivo setup_config.json NO encontrado en: C:\Users\User\Documents\Personal\LockeritDesk\electron\preload\configFiles\setup_config.json
[2025-10-21 16:02:11] [INFO] [preload] Watcher iniciado: setup_config.json
[2025-10-21 16:02:11] [ERROR] [authWatcher] auth_key.json NO encontrado: C:\Users\User\Documents\Personal\LockeritDesk\electron\preload\configFiles\auth_key.json
[2025-10-21 16:02:11] [INFO] [preload] Watcher iniciado: auth_key.json
[2025-10-21 16:02:11] [ERROR] [loggerWatcher] Archivo logger_config.json NO encontrado en: C:\Users\User\Documents\Personal\LockeritDesk\electron\preload\configFiles\logger_config.json
[2025-10-21 16:02:11] [INFO] [preload] Watcher iniciado: logger_config.json
[2025-10-21 16:02:11] [ERROR] [envWatcher] Archivo .env NO encontrado en: C:\Users\User\Documents\Personal\LockeritDesk\electron\preload\configFiles\.env
[2025-10-21 16:02:11] [INFO] [preload] Watcher iniciado: .env
[2025-10-21 16:02:11] [INFO] [preload] API expuesta en window.electronAPI
[2025-10-21 16:02:11] [INFO] [preload] Inicializando preload.js
[2025-10-21 16:02:11] [ERROR] [setupWatcher] Archivo setup_config.json NO encontrado en: C:\Users\User\Documents\Personal\LockeritDesk\electron\preload\configFiles\setup_config.json
[2025-10-21 16:02:11] [INFO] [preload] Watcher iniciado: setup_config.json
[2025-10-21 16:02:11] [ERROR] [authWatcher] auth_key.json NO encontrado: C:\Users\User\Documents\Personal\LockeritDesk\electron\preload\configFiles\auth_key.json
[2025-10-21 16:02:11] [INFO] [preload] Watcher iniciado: auth_key.json
[2025-10-21 16:02:11] [ERROR] [loggerWatcher] Archivo logger_config.json NO encontrado en: C:\Users\User\Documents\Personal\LockeritDesk\electron\preload\configFiles\logger_config.json
[2025-10-21 16:02:11] [INFO] [preload] Watcher iniciado: logger_config.json
[2025-10-21 16:02:11] [ERROR] [envWatcher] Archivo .env NO encontrado en: C:\Users\User\Documents\Personal\LockeritDesk\electron\preload\configFiles\.env
[2025-10-21 16:02:11] [INFO] [preload] Watcher iniciado: .env
[2025-10-21 16:02:11] [INFO] [preload] API expuesta en window.electronAPI
[2025-10-21 16:02:12] [INFO] [preload] Inicializando preload.js
[2025-10-21 16:02:12] [ERROR] [setupWatcher] Archivo setup_config.json NO encontrado en: C:\Users\User\Documents\Personal\LockeritDesk\electron\preload\configFiles\setup_config.json
[2025-10-21 16:02:12] [INFO] [preload] Watcher iniciado: setup_config.json
[2025-10-21 16:02:12] [ERROR] [authWatcher] auth_key.json NO encontrado: C:\Users\User\Documents\Personal\LockeritDesk\electron\preload\configFiles\auth_key.json
[2025-10-21 16:02:12] [INFO] [preload] Watcher iniciado: auth_key.json
[2025-10-21 16:02:12] [ERROR] [loggerWatcher] Archivo logger_config.json NO encontrado en: C:\Users\User\Documents\Personal\LockeritDesk\electron\preload\configFiles\logger_config.json
[2025-10-21 16:02:12] [INFO] [preload] Watcher iniciado: logger_config.json
[2025-10-21 16:02:12] [ERROR] [envWatcher] Archivo .env NO encontrado en: C:\Users\User\Documents\Personal\LockeritDesk\electron\preload\configFiles\.env
[2025-10-21 16:02:12] [INFO] [preload] Watcher iniciado: .env
[2025-10-21 16:02:12] [INFO] [preload] API expuesta en window.electronAPI
[2025-10-21 16:02:12] [INFO] [preload] Inicializando preload.js
[2025-10-21 16:02:12] [ERROR] [setupWatcher] Archivo setup_config.json NO encontrado en: C:\Users\User\Documents\Personal\LockeritDesk\electron\preload\configFiles\setup_config.json
[2025-10-21 16:02:12] [INFO] [preload] Watcher iniciado: setup_config.json
[2025-10-21 16:02:12] [ERROR] [authWatcher] auth_key.json NO encontrado: C:\Users\User\Documents\Personal\LockeritDesk\electron\preload\configFiles\auth_key.json
[2025-10-21 16:02:12] [INFO] [preload] Watcher iniciado: auth_key.json
[2025-10-21 16:02:12] [ERROR] [loggerWatcher] Archivo logger_config.json NO encontrado en: C:\Users\User\Documents\Personal\LockeritDesk\electron\preload\configFiles\logger_config.json
[2025-10-21 16:02:12] [INFO] [preload] Watcher iniciado: logger_config.json
[2025-10-21 16:02:12] [ERROR] [envWatcher] Archivo .env NO encontrado en: C:\Users\User\Documents\Personal\LockeritDesk\electron\preload\configFiles\.env
[2025-10-21 16:02:12] [INFO] [preload] Watcher iniciado: .env
[2025-10-21 16:02:12] [INFO] [preload] API expuesta en window.electronAPI
[2025-10-21 16:02:12] [INFO] [preload] Inicializando preload.js
[2025-10-21 16:02:12] [ERROR] [setupWatcher] Archivo setup_config.json NO encontrado en: C:\Users\User\Documents\Personal\LockeritDesk\electron\preload\configFiles\setup_config.json
[2025-10-21 16:02:12] [INFO] [preload] Watcher iniciado: setup_config.json
[2025-10-21 16:02:12] [ERROR] [authWatcher] auth_key.json NO encontrado: C:\Users\User\Documents\Personal\LockeritDesk\electron\preload\configFiles\auth_key.json
[2025-10-21 16:02:12] [INFO] [preload] Watcher iniciado: auth_key.json
[2025-10-21 16:02:12] [ERROR] [loggerWatcher] Archivo logger_config.json NO encontrado en: C:\Users\User\Documents\Personal\LockeritDesk\electron\preload\configFiles\logger_config.json
[2025-10-21 16:02:12] [INFO] [preload] Watcher iniciado: logger_config.json
[2025-10-21 16:02:12] [ERROR] [envWatcher] Archivo .env NO encontrado en: C:\Users\User\Documents\Personal\LockeritDesk\electron\preload\configFiles\.env
[2025-10-21 16:02:12] [INFO] [preload] Watcher iniciado: .env
[2025-10-21 16:02:12] [INFO] [preload] API expuesta en window.electronAPI
[2025-10-21 16:02:13] [INFO] [preload] Inicializando preload.js
[2025-10-21 16:02:13] [ERROR] [setupWatcher] Archivo setup_config.json NO encontrado en: C:\Users\User\Documents\Personal\LockeritDesk\electron\preload\configFiles\setup_config.json
[2025-10-21 16:02:13] [INFO] [preload] Watcher iniciado: setup_config.json
[2025-10-21 16:02:13] [ERROR] [authWatcher] auth_key.json NO encontrado: C:\Users\User\Documents\Personal\LockeritDesk\electron\preload\configFiles\auth_key.json
[2025-10-21 16:02:13] [INFO] [preload] Watcher iniciado: auth_key.json
[2025-10-21 16:02:13] [ERROR] [loggerWatcher] Archivo logger_config.json NO encontrado en: C:\Users\User\Documents\Personal\LockeritDesk\electron\preload\configFiles\logger_config.json
[2025-10-21 16:02:13] [INFO] [preload] Watcher iniciado: logger_config.json
[2025-10-21 16:02:13] [ERROR] [envWatcher] Archivo .env NO encontrado en: C:\Users\User\Documents\Personal\LockeritDesk\electron\preload\configFiles\.env
[2025-10-21 16:02:13] [INFO] [preload] Watcher iniciado: .env
[2025-10-21 16:02:13] [INFO] [preload] API expuesta en window.electronAPI
[2025-10-21 16:02:13] [INFO] [preload] Inicializando preload.js
[2025-10-21 16:02:13] [ERROR] [setupWatcher] Archivo setup_config.json NO encontrado en: C:\Users\User\Documents\Personal\LockeritDesk\electron\preload\configFiles\setup_config.json
[2025-10-21 16:02:13] [INFO] [preload] Watcher iniciado: setup_config.json
[2025-10-21 16:02:13] [ERROR] [authWatcher] auth_key.json NO encontrado: C:\Users\User\Documents\Personal\LockeritDesk\electron\preload\configFiles\auth_key.json
[2025-10-21 16:02:13] [INFO] [preload] Watcher iniciado: auth_key.json
[2025-10-21 16:02:13] [ERROR] [loggerWatcher] Archivo logger_config.json NO encontrado en: C:\Users\User\Documents\Personal\LockeritDesk\electron\preload\configFiles\logger_config.json
[2025-10-21 16:02:13] [INFO] [preload] Watcher iniciado: logger_config.json
[2025-10-21 16:02:13] [ERROR] [envWatcher] Archivo .env NO encontrado en: C:\Users\User\Documents\Personal\LockeritDesk\electron\preload\configFiles\.env
[2025-10-21 16:02:13] [INFO] [preload] Watcher iniciado: .env
[2025-10-21 16:02:13] [INFO] [preload] API expuesta en window.electronAPI
[2025-10-21 16:02:13] [INFO] [preload] Inicializando preload.js
[2025-10-21 16:02:13] [ERROR] [setupWatcher] Archivo setup_config.json NO encontrado en: C:\Users\User\Documents\Personal\LockeritDesk\electron\preload\configFiles\setup_config.json
[2025-10-21 16:02:13] [INFO] [preload] Watcher iniciado: setup_config.json
[2025-10-21 16:02:13] [ERROR] [authWatcher] auth_key.json NO encontrado: C:\Users\User\Documents\Personal\LockeritDesk\electron\preload\configFiles\auth_key.json
[2025-10-21 16:02:13] [INFO] [preload] Watcher iniciado: auth_key.json
[2025-10-21 16:02:13] [ERROR] [loggerWatcher] Archivo logger_config.json NO encontrado en: C:\Users\User\Documents\Personal\LockeritDesk\electron\preload\configFiles\logger_config.json
[2025-10-21 16:02:13] [INFO] [preload] Watcher iniciado: logger_config.json
[2025-10-21 16:02:13] [ERROR] [envWatcher] Archivo .env NO encontrado en: C:\Users\User\Documents\Personal\LockeritDesk\electron\preload\configFiles\.env
[2025-10-21 16:02:13] [INFO] [preload] Watcher iniciado: .env
[2025-10-21 16:02:13] [INFO] [preload] API expuesta en window.electronAPI
[2025-10-21 16:02:14] [INFO] [preload] Inicializando preload.js
[2025-10-21 16:02:14] [ERROR] [setupWatcher] Archivo setup_config.json NO encontrado en: C:\Users\User\Documents\Personal\LockeritDesk\electron\preload\configFiles\setup_config.json
[2025-10-21 16:02:14] [INFO] [preload] Watcher iniciado: setup_config.json
[2025-10-21 16:02:14] [ERROR] [authWatcher] auth_key.json NO encontrado: C:\Users\User\Documents\Personal\LockeritDesk\electron\preload\configFiles\auth_key.json
[2025-10-21 16:02:14] [INFO] [preload] Watcher iniciado: auth_key.json
[2025-10-21 16:02:14] [ERROR] [loggerWatcher] Archivo logger_config.json NO encontrado en: C:\Users\User\Documents\Personal\LockeritDesk\electron\preload\configFiles\logger_config.json
[2025-10-21 16:02:14] [INFO] [preload] Watcher iniciado: logger_config.json
[2025-10-21 16:02:14] [ERROR] [envWatcher] Archivo .env NO encontrado en: C:\Users\User\Documents\Personal\LockeritDesk\electron\preload\configFiles\.env
[2025-10-21 16:02:14] [INFO] [preload] Watcher iniciado: .env
[2025-10-21 16:02:14] [INFO] [preload] API expuesta en window.electronAPI
[2025-10-21 16:02:14] [INFO] [preload] Inicializando preload.js
[2025-10-21 16:02:14] [ERROR] [setupWatcher] Archivo setup_config.json NO encontrado en: C:\Users\User\Documents\Personal\LockeritDesk\electron\preload\configFiles\setup_config.json
[2025-10-21 16:02:14] [INFO] [preload] Watcher iniciado: setup_config.json
[2025-10-21 16:02:14] [ERROR] [authWatcher] auth_key.json NO encontrado: C:\Users\User\Documents\Personal\LockeritDesk\electron\preload\configFiles\auth_key.json
[2025-10-21 16:02:14] [INFO] [preload] Watcher iniciado: auth_key.json
[2025-10-21 16:02:14] [ERROR] [loggerWatcher] Archivo logger_config.json NO encontrado en: C:\Users\User\Documents\Personal\LockeritDesk\electron\preload\configFiles\logger_config.json
[2025-10-21 16:02:14] [INFO] [preload] Watcher iniciado: logger_config.json
[2025-10-21 16:02:14] [ERROR] [envWatcher] Archivo .env NO encontrado en: C:\Users\User\Documents\Personal\LockeritDesk\electron\preload\configFiles\.env
[2025-10-21 16:02:14] [INFO] [preload] Watcher iniciado: .env
[2025-10-21 16:02:14] [INFO] [preload] API expuesta en window.electronAPI
[2025-10-21 16:02:14] [INFO] [preload] Inicializando preload.js
[2025-10-21 16:02:14] [ERROR] [setupWatcher] Archivo setup_config.json NO encontrado en: C:\Users\User\Documents\Personal\LockeritDesk\electron\preload\configFiles\setup_config.json
[2025-10-21 16:02:14] [INFO] [preload] Watcher iniciado: setup_config.json
[2025-10-21 16:02:14] [ERROR] [authWatcher] auth_key.json NO encontrado: C:\Users\User\Documents\Personal\LockeritDesk\electron\preload\configFiles\auth_key.json
[2025-10-21 16:02:14] [INFO] [preload] Watcher iniciado: auth_key.json
[2025-10-21 16:02:14] [ERROR] [loggerWatcher] Archivo logger_config.json NO encontrado en: C:\Users\User\Documents\Personal\LockeritDesk\electron\preload\configFiles\logger_config.json
[2025-10-21 16:02:14] [INFO] [preload] Watcher iniciado: logger_config.json
[2025-10-21 16:02:14] [ERROR] [envWatcher] Archivo .env NO encontrado en: C:\Users\User\Documents\Personal\LockeritDesk\electron\preload\configFiles\.env
[2025-10-21 16:02:14] [INFO] [preload] Watcher iniciado: .env
[2025-10-21 16:02:14] [INFO] [preload] API expuesta en window.electronAPI
[2025-10-21 16:02:14] [INFO] [preload] Inicializando preload.js
[2025-10-21 16:02:14] [ERROR] [setupWatcher] Archivo setup_config.json NO encontrado en: C:\Users\User\Documents\Personal\LockeritDesk\electron\preload\configFiles\setup_config.json
[2025-10-21 16:02:14] [INFO] [preload] Watcher iniciado: setup_config.json
[2025-10-21 16:02:14] [ERROR] [authWatcher] auth_key.json NO encontrado: C:\Users\User\Documents\Personal\LockeritDesk\electron\preload\configFiles\auth_key.json
[2025-10-21 16:02:14] [INFO] [preload] Watcher iniciado: auth_key.json
[2025-10-21 16:02:14] [ERROR] [loggerWatcher] Archivo logger_config.json NO encontrado en: C:\Users\User\Documents\Personal\LockeritDesk\electron\preload\configFiles\logger_config.json
[2025-10-21 16:02:14] [INFO] [preload] Watcher iniciado: logger_config.json
[2025-10-21 16:02:14] [ERROR] [envWatcher] Archivo .env NO encontrado en: C:\Users\User\Documents\Personal\LockeritDesk\electron\preload\configFiles\.env
[2025-10-21 16:02:14] [INFO] [preload] Watcher iniciado: .env
[2025-10-21 16:02:14] [INFO] [preload] API expuesta en window.electronAPI
[2025-10-21 16:02:15] [INFO] [preload] Inicializando preload.js
[2025-10-21 16:02:15] [ERROR] [setupWatcher] Archivo setup_config.json NO encontrado en: C:\Users\User\Documents\Personal\LockeritDesk\electron\preload\configFiles\setup_config.json
[2025-10-21 16:02:15] [INFO] [preload] Watcher iniciado: setup_config.json
[2025-10-21 16:02:15] [ERROR] [authWatcher] auth_key.json NO encontrado: C:\Users\User\Documents\Personal\LockeritDesk\electron\preload\configFiles\auth_key.json
[2025-10-21 16:02:15] [INFO] [preload] Watcher iniciado: auth_key.json
[2025-10-21 16:02:15] [ERROR] [loggerWatcher] Archivo logger_config.json NO encontrado en: C:\Users\User\Documents\Personal\LockeritDesk\electron\preload\configFiles\logger_config.json
[2025-10-21 16:02:15] [INFO] [preload] Watcher iniciado: logger_config.json
[2025-10-21 16:02:15] [ERROR] [envWatcher] Archivo .env NO encontrado en: C:\Users\User\Documents\Personal\LockeritDesk\electron\preload\configFiles\.env
[2025-10-21 16:02:15] [INFO] [preload] Watcher iniciado: .env
[2025-10-21 16:02:15] [INFO] [preload] API expuesta en window.electronAPI
[2025-10-21 16:02:15] [INFO] [preload] Inicializando preload.js
[2025-10-21 16:02:15] [ERROR] [setupWatcher] Archivo setup_config.json NO encontrado en: C:\Users\User\Documents\Personal\LockeritDesk\electron\preload\configFiles\setup_config.json
[2025-10-21 16:02:15] [INFO] [preload] Watcher iniciado: setup_config.json
[2025-10-21 16:02:15] [ERROR] [authWatcher] auth_key.json NO encontrado: C:\Users\User\Documents\Personal\LockeritDesk\electron\preload\configFiles\auth_key.json
[2025-10-21 16:02:15] [INFO] [preload] Watcher iniciado: auth_key.json
[2025-10-21 16:02:15] [ERROR] [loggerWatcher] Archivo logger_config.json NO encontrado en: C:\Users\User\Documents\Personal\LockeritDesk\electron\preload\configFiles\logger_config.json
[2025-10-21 16:02:15] [INFO] [preload] Watcher iniciado: logger_config.json
[2025-10-21 16:02:15] [ERROR] [envWatcher] Archivo .env NO encontrado en: C:\Users\User\Documents\Personal\LockeritDesk\electron\preload\configFiles\.env
[2025-10-21 16:02:15] [INFO] [preload] Watcher iniciado: .env
[2025-10-21 16:02:15] [INFO] [preload] API expuesta en window.electronAPI
[2025-10-21 16:02:15] [INFO] [preload] Inicializando preload.js
[2025-10-21 16:02:15] [ERROR] [setupWatcher] Archivo setup_config.json NO encontrado en: C:\Users\User\Documents\Personal\LockeritDesk\electron\preload\configFiles\setup_config.json
[2025-10-21 16:02:15] [INFO] [preload] Watcher iniciado: setup_config.json
[2025-10-21 16:02:15] [ERROR] [authWatcher] auth_key.json NO encontrado: C:\Users\User\Documents\Personal\LockeritDesk\electron\preload\configFiles\auth_key.json
[2025-10-21 16:02:15] [INFO] [preload] Watcher iniciado: auth_key.json
[2025-10-21 16:02:15] [ERROR] [loggerWatcher] Archivo logger_config.json NO encontrado en: C:\Users\User\Documents\Personal\LockeritDesk\electron\preload\configFiles\logger_config.json
[2025-10-21 16:02:15] [INFO] [preload] Watcher iniciado: logger_config.json
[2025-10-21 16:02:15] [ERROR] [envWatcher] Archivo .env NO encontrado en: C:\Users\User\Documents\Personal\LockeritDesk\electron\preload\configFiles\.env
[2025-10-21 16:02:15] [INFO] [preload] Watcher iniciado: .env
[2025-10-21 16:02:15] [INFO] [preload] API expuesta en window.electronAPI
[2025-10-21 16:02:16] [INFO] [preload] Inicializando preload.js
[2025-10-21 16:02:16] [ERROR] [setupWatcher] Archivo setup_config.json NO encontrado en: C:\Users\User\Documents\Personal\LockeritDesk\electron\preload\configFiles\setup_config.json
[2025-10-21 16:02:16] [INFO] [preload] Watcher iniciado: setup_config.json
[2025-10-21 16:02:16] [ERROR] [authWatcher] auth_key.json NO encontrado: C:\Users\User\Documents\Personal\LockeritDesk\electron\preload\configFiles\auth_key.json
[2025-10-21 16:02:16] [INFO] [preload] Watcher iniciado: auth_key.json
[2025-10-21 16:02:16] [ERROR] [loggerWatcher] Archivo logger_config.json NO encontrado en: C:\Users\User\Documents\Personal\LockeritDesk\electron\preload\configFiles\logger_config.json
[2025-10-21 16:02:16] [INFO] [preload] Watcher iniciado: logger_config.json
[2025-10-21 16:02:16] [ERROR] [envWatcher] Archivo .env NO encontrado en: C:\Users\User\Documents\Personal\LockeritDesk\electron\preload\configFiles\.env
[2025-10-21 16:02:16] [INFO] [preload] Watcher iniciado: .env
[2025-10-21 16:02:16] [INFO] [preload] API expuesta en window.electronAPI
[2025-10-21 16:02:16] [INFO] [preload] Inicializando preload.js
[2025-10-21 16:02:16] [ERROR] [setupWatcher] Archivo setup_config.json NO encontrado en: C:\Users\User\Documents\Personal\LockeritDesk\electron\preload\configFiles\setup_config.json
[2025-10-21 16:02:16] [INFO] [preload] Watcher iniciado: setup_config.json
[2025-10-21 16:02:16] [ERROR] [authWatcher] auth_key.json NO encontrado: C:\Users\User\Documents\Personal\LockeritDesk\electron\preload\configFiles\auth_key.json
[2025-10-21 16:02:16] [INFO] [preload] Watcher iniciado: auth_key.json
[2025-10-21 16:02:16] [ERROR] [loggerWatcher] Archivo logger_config.json NO encontrado en: C:\Users\User\Documents\Personal\LockeritDesk\electron\preload\configFiles\logger_config.json
[2025-10-21 16:02:16] [INFO] [preload] Watcher iniciado: logger_config.json
[2025-10-21 16:02:16] [ERROR] [envWatcher] Archivo .env NO encontrado en: C:\Users\User\Documents\Personal\LockeritDesk\electron\preload\configFiles\.env
[2025-10-21 16:02:16] [INFO] [preload] Watcher iniciado: .env
[2025-10-21 16:02:16] [INFO] [preload] API expuesta en window.electronAPI
[2025-10-21 16:02:16] [INFO] [preload] Inicializando preload.js
[2025-10-21 16:02:16] [ERROR] [setupWatcher] Archivo setup_config.json NO encontrado en: C:\Users\User\Documents\Personal\LockeritDesk\electron\preload\configFiles\setup_config.json
[2025-10-21 16:02:16] [INFO] [preload] Watcher iniciado: setup_config.json
[2025-10-21 16:02:16] [ERROR] [authWatcher] auth_key.json NO encontrado: C:\Users\User\Documents\Personal\LockeritDesk\electron\preload\configFiles\auth_key.json
[2025-10-21 16:02:16] [INFO] [preload] Watcher iniciado: auth_key.json
[2025-10-21 16:02:16] [ERROR] [loggerWatcher] Archivo logger_config.json NO encontrado en: C:\Users\User\Documents\Personal\LockeritDesk\electron\preload\configFiles\logger_config.json
[2025-10-21 16:02:16] [INFO] [preload] Watcher iniciado: logger_config.json
[2025-10-21 16:02:16] [ERROR] [envWatcher] Archivo .env NO encontrado en: C:\Users\User\Documents\Personal\LockeritDesk\electron\preload\configFiles\.env
[2025-10-21 16:02:16] [INFO] [preload] Watcher iniciado: .env
[2025-10-21 16:02:16] [INFO] [preload] API expuesta en window.electronAPI
[2025-10-21 16:02:17] [INFO] [preload] Inicializando preload.js
[2025-10-21 16:02:17] [ERROR] [setupWatcher] Archivo setup_config.json NO encontrado en: C:\Users\User\Documents\Personal\LockeritDesk\electron\preload\configFiles\setup_config.json
[2025-10-21 16:02:17] [INFO] [preload] Watcher iniciado: setup_config.json
[2025-10-21 16:02:17] [ERROR] [authWatcher] auth_key.json NO encontrado: C:\Users\User\Documents\Personal\LockeritDesk\electron\preload\configFiles\auth_key.json
[2025-10-21 16:02:17] [INFO] [preload] Watcher iniciado: auth_key.json
[2025-10-21 16:02:17] [ERROR] [loggerWatcher] Archivo logger_config.json NO encontrado en: C:\Users\User\Documents\Personal\LockeritDesk\electron\preload\configFiles\logger_config.json
[2025-10-21 16:02:17] [INFO] [preload] Watcher iniciado: logger_config.json
[2025-10-21 16:02:17] [ERROR] [envWatcher] Archivo .env NO encontrado en: C:\Users\User\Documents\Personal\LockeritDesk\electron\preload\configFiles\.env
[2025-10-21 16:02:17] [INFO] [preload] Watcher iniciado: .env
[2025-10-21 16:02:17] [INFO] [preload] API expuesta en window.electronAPI
[2025-10-21 16:02:17] [INFO] [preload] Inicializando preload.js
[2025-10-21 16:02:17] [ERROR] [setupWatcher] Archivo setup_config.json NO encontrado en: C:\Users\User\Documents\Personal\LockeritDesk\electron\preload\configFiles\setup_config.json
[2025-10-21 16:02:17] [INFO] [preload] Watcher iniciado: setup_config.json
[2025-10-21 16:02:17] [ERROR] [authWatcher] auth_key.json NO encontrado: C:\Users\User\Documents\Personal\LockeritDesk\electron\preload\configFiles\auth_key.json
[2025-10-21 16:02:17] [INFO] [preload] Watcher iniciado: auth_key.json
[2025-10-21 16:02:17] [ERROR] [loggerWatcher] Archivo logger_config.json NO encontrado en: C:\Users\User\Documents\Personal\LockeritDesk\electron\preload\configFiles\logger_config.json
[2025-10-21 16:02:17] [INFO] [preload] Watcher iniciado: logger_config.json
[2025-10-21 16:02:17] [ERROR] [envWatcher] Archivo .env NO encontrado en: C:\Users\User\Documents\Personal\LockeritDesk\electron\preload\configFiles\.env
[2025-10-21 16:02:17] [INFO] [preload] Watcher iniciado: .env
[2025-10-21 16:02:17] [INFO] [preload] API expuesta en window.electronAPI
[2025-10-21 16:02:17] [INFO] [preload] Inicializando preload.js
[2025-10-21 16:02:17] [ERROR] [setupWatcher] Archivo setup_config.json NO encontrado en: C:\Users\User\Documents\Personal\LockeritDesk\electron\preload\configFiles\setup_config.json
[2025-10-21 16:02:17] [INFO] [preload] Watcher iniciado: setup_config.json
[2025-10-21 16:02:17] [ERROR] [authWatcher] auth_key.json NO encontrado: C:\Users\User\Documents\Personal\LockeritDesk\electron\preload\configFiles\auth_key.json
[2025-10-21 16:02:17] [INFO] [preload] Watcher iniciado: auth_key.json
[2025-10-21 16:02:17] [ERROR] [loggerWatcher] Archivo logger_config.json NO encontrado en: C:\Users\User\Documents\Personal\LockeritDesk\electron\preload\configFiles\logger_config.json
[2025-10-21 16:02:17] [INFO] [preload] Watcher iniciado: logger_config.json
[2025-10-21 16:02:17] [ERROR] [envWatcher] Archivo .env NO encontrado en: C:\Users\User\Documents\Personal\LockeritDesk\electron\preload\configFiles\.env
[2025-10-21 16:02:17] [INFO] [preload] Watcher iniciado: .env
[2025-10-21 16:02:17] [INFO] [preload] API expuesta en window.electronAPI
[2025-10-21 16:02:18] [INFO] [preload] Inicializando preload.js
[2025-10-21 16:02:18] [ERROR] [setupWatcher] Archivo setup_config.json NO encontrado en: C:\Users\User\Documents\Personal\LockeritDesk\electron\preload\configFiles\setup_config.json
[2025-10-21 16:02:18] [INFO] [preload] Watcher iniciado: setup_config.json
[2025-10-21 16:02:18] [ERROR] [authWatcher] auth_key.json NO encontrado: C:\Users\User\Documents\Personal\LockeritDesk\electron\preload\configFiles\auth_key.json
[2025-10-21 16:02:18] [INFO] [preload] Watcher iniciado: auth_key.json
[2025-10-21 16:02:18] [ERROR] [loggerWatcher] Archivo logger_config.json NO encontrado en: C:\Users\User\Documents\Personal\LockeritDesk\electron\preload\configFiles\logger_config.json
[2025-10-21 16:02:18] [INFO] [preload] Watcher iniciado: logger_config.json
[2025-10-21 16:02:18] [ERROR] [envWatcher] Archivo .env NO encontrado en: C:\Users\User\Documents\Personal\LockeritDesk\electron\preload\configFiles\.env
[2025-10-21 16:02:18] [INFO] [preload] Watcher iniciado: .env
[2025-10-21 16:02:18] [INFO] [preload] API expuesta en window.electronAPI
[2025-10-21 16:02:18] [INFO] [preload] Inicializando preload.js
[2025-10-21 16:02:18] [ERROR] [setupWatcher] Archivo setup_config.json NO encontrado en: C:\Users\User\Documents\Personal\LockeritDesk\electron\preload\configFiles\setup_config.json
[2025-10-21 16:02:18] [INFO] [preload] Watcher iniciado: setup_config.json
[2025-10-21 16:02:18] [ERROR] [authWatcher] auth_key.json NO encontrado: C:\Users\User\Documents\Personal\LockeritDesk\electron\preload\configFiles\auth_key.json
[2025-10-21 16:02:18] [INFO] [preload] Watcher iniciado: auth_key.json
[2025-10-21 16:02:18] [ERROR] [loggerWatcher] Archivo logger_config.json NO encontrado en: C:\Users\User\Documents\Personal\LockeritDesk\electron\preload\configFiles\logger_config.json
[2025-10-21 16:02:18] [INFO] [preload] Watcher iniciado: logger_config.json
[2025-10-21 16:02:18] [ERROR] [envWatcher] Archivo .env NO encontrado en: C:\Users\User\Documents\Personal\LockeritDesk\electron\preload\configFiles\.env
[2025-10-21 16:02:18] [INFO] [preload] Watcher iniciado: .env
[2025-10-21 16:02:18] [INFO] [preload] API expuesta en window.electronAPI
[2025-10-21 16:02:18] [INFO] [preload] Inicializando preload.js
[2025-10-21 16:02:18] [ERROR] [setupWatcher] Archivo setup_config.json NO encontrado en: C:\Users\User\Documents\Personal\LockeritDesk\electron\preload\configFiles\setup_config.json
[2025-10-21 16:02:18] [INFO] [preload] Watcher iniciado: setup_config.json
[2025-10-21 16:02:18] [ERROR] [authWatcher] auth_key.json NO encontrado: C:\Users\User\Documents\Personal\LockeritDesk\electron\preload\configFiles\auth_key.json
[2025-10-21 16:02:18] [INFO] [preload] Watcher iniciado: auth_key.json
[2025-10-21 16:02:18] [ERROR] [loggerWatcher] Archivo logger_config.json NO encontrado en: C:\Users\User\Documents\Personal\LockeritDesk\electron\preload\configFiles\logger_config.json
[2025-10-21 16:02:18] [INFO] [preload] Watcher iniciado: logger_config.json
[2025-10-21 16:02:18] [ERROR] [envWatcher] Archivo .env NO encontrado en: C:\Users\User\Documents\Personal\LockeritDesk\electron\preload\configFiles\.env
[2025-10-21 16:02:18] [INFO] [preload] Watcher iniciado: .env
[2025-10-21 16:02:18] [INFO] [preload] API expuesta en window.electronAPI
[2025-10-21 16:02:18] [INFO] [preload] Inicializando preload.js
[2025-10-21 16:02:18] [ERROR] [setupWatcher] Archivo setup_config.json NO encontrado en: C:\Users\User\Documents\Personal\LockeritDesk\electron\preload\configFiles\setup_config.json
[2025-10-21 16:02:18] [INFO] [preload] Watcher iniciado: setup_config.json
[2025-10-21 16:02:18] [ERROR] [authWatcher] auth_key.json NO encontrado: C:\Users\User\Documents\Personal\LockeritDesk\electron\preload\configFiles\auth_key.json
[2025-10-21 16:02:18] [INFO] [preload] Watcher iniciado: auth_key.json
[2025-10-21 16:02:18] [ERROR] [loggerWatcher] Archivo logger_config.json NO encontrado en: C:\Users\User\Documents\Personal\LockeritDesk\electron\preload\configFiles\logger_config.json
[2025-10-21 16:02:18] [INFO] [preload] Watcher iniciado: logger_config.json
[2025-10-21 16:02:18] [ERROR] [envWatcher] Archivo .env NO encontrado en: C:\Users\User\Documents\Personal\LockeritDesk\electron\preload\configFiles\.env
[2025-10-21 16:02:18] [INFO] [preload] Watcher iniciado: .env
[2025-10-21 16:02:18] [INFO] [preload] API expuesta en window.electronAPI
[2025-10-21 16:02:19] [INFO] [preload] Inicializando preload.js
[2025-10-21 16:02:19] [ERROR] [setupWatcher] Archivo setup_config.json NO encontrado en: C:\Users\User\Documents\Personal\LockeritDesk\electron\preload\configFiles\setup_config.json
[2025-10-21 16:02:19] [INFO] [preload] Watcher iniciado: setup_config.json
[2025-10-21 16:02:19] [ERROR] [authWatcher] auth_key.json NO encontrado: C:\Users\User\Documents\Personal\LockeritDesk\electron\preload\configFiles\auth_key.json
[2025-10-21 16:02:19] [INFO] [preload] Watcher iniciado: auth_key.json
[2025-10-21 16:02:19] [ERROR] [loggerWatcher] Archivo logger_config.json NO encontrado en: C:\Users\User\Documents\Personal\LockeritDesk\electron\preload\configFiles\logger_config.json
[2025-10-21 16:02:19] [INFO] [preload] Watcher iniciado: logger_config.json
[2025-10-21 16:02:19] [ERROR] [envWatcher] Archivo .env NO encontrado en: C:\Users\User\Documents\Personal\LockeritDesk\electron\preload\configFiles\.env
[2025-10-21 16:02:19] [INFO] [preload] Watcher iniciado: .env
[2025-10-21 16:02:19] [INFO] [preload] API expuesta en window.electronAPI
[2025-10-21 16:02:19] [INFO] [preload] Inicializando preload.js
[2025-10-21 16:02:19] [ERROR] [setupWatcher] Archivo setup_config.json NO encontrado en: C:\Users\User\Documents\Personal\LockeritDesk\electron\preload\configFiles\setup_config.json
[2025-10-21 16:02:19] [INFO] [preload] Watcher iniciado: setup_config.json
[2025-10-21 16:02:19] [ERROR] [authWatcher] auth_key.json NO encontrado: C:\Users\User\Documents\Personal\LockeritDesk\electron\preload\configFiles\auth_key.json
[2025-10-21 16:02:19] [INFO] [preload] Watcher iniciado: auth_key.json
[2025-10-21 16:02:19] [ERROR] [loggerWatcher] Archivo logger_config.json NO encontrado en: C:\Users\User\Documents\Personal\LockeritDesk\electron\preload\configFiles\logger_config.json
[2025-10-21 16:02:19] [INFO] [preload] Watcher iniciado: logger_config.json
[2025-10-21 16:02:19] [ERROR] [envWatcher] Archivo .env NO encontrado en: C:\Users\User\Documents\Personal\LockeritDesk\electron\preload\configFiles\.env
[2025-10-21 16:02:19] [INFO] [preload] Watcher iniciado: .env
[2025-10-21 16:02:19] [INFO] [preload] API expuesta en window.electronAPI
[2025-10-21 16:02:19] [INFO] [preload] Inicializando preload.js
[2025-10-21 16:02:19] [ERROR] [setupWatcher] Archivo setup_config.json NO encontrado en: C:\Users\User\Documents\Personal\LockeritDesk\electron\preload\configFiles\setup_config.json
[2025-10-21 16:02:19] [INFO] [preload] Watcher iniciado: setup_config.json
[2025-10-21 16:02:19] [ERROR] [authWatcher] auth_key.json NO encontrado: C:\Users\User\Documents\Personal\LockeritDesk\electron\preload\configFiles\auth_key.json
[2025-10-21 16:02:19] [INFO] [preload] Watcher iniciado: auth_key.json
[2025-10-21 16:02:19] [ERROR] [loggerWatcher] Archivo logger_config.json NO encontrado en: C:\Users\User\Documents\Personal\LockeritDesk\electron\preload\configFiles\logger_config.json
[2025-10-21 16:02:19] [INFO] [preload] Watcher iniciado: logger_config.json
[2025-10-21 16:02:19] [ERROR] [envWatcher] Archivo .env NO encontrado en: C:\Users\User\Documents\Personal\LockeritDesk\electron\preload\configFiles\.env
[2025-10-21 16:02:19] [INFO] [preload] Watcher iniciado: .env
[2025-10-21 16:02:19] [INFO] [preload] API expuesta en window.electronAPI
[2025-10-21 16:02:19] [INFO] [preload] Inicializando preload.js
[2025-10-21 16:02:19] [ERROR] [setupWatcher] Archivo setup_config.json NO encontrado en: C:\Users\User\Documents\Personal\LockeritDesk\electron\preload\configFiles\setup_config.json
[2025-10-21 16:02:19] [INFO] [preload] Watcher iniciado: setup_config.json
[2025-10-21 16:02:19] [ERROR] [authWatcher] auth_key.json NO encontrado: C:\Users\User\Documents\Personal\LockeritDesk\electron\preload\configFiles\auth_key.json
[2025-10-21 16:02:19] [INFO] [preload] Watcher iniciado: auth_key.json
[2025-10-21 16:02:19] [ERROR] [loggerWatcher] Archivo logger_config.json NO encontrado en: C:\Users\User\Documents\Personal\LockeritDesk\electron\preload\configFiles\logger_config.json
[2025-10-21 16:02:19] [INFO] [preload] Watcher iniciado: logger_config.json
[2025-10-21 16:02:19] [ERROR] [envWatcher] Archivo .env NO encontrado en: C:\Users\User\Documents\Personal\LockeritDesk\electron\preload\configFiles\.env
[2025-10-21 16:02:19] [INFO] [preload] Watcher iniciado: .env
[2025-10-21 16:02:19] [INFO] [preload] API expuesta en window.electronAPI
[2025-10-21 16:02:20] [INFO] [preload] Inicializando preload.js
[2025-10-21 16:02:20] [ERROR] [setupWatcher] Archivo setup_config.json NO encontrado en: C:\Users\User\Documents\Personal\LockeritDesk\electron\preload\configFiles\setup_config.json
[2025-10-21 16:02:20] [INFO] [preload] Watcher iniciado: setup_config.json
[2025-10-21 16:02:20] [ERROR] [authWatcher] auth_key.json NO encontrado: C:\Users\User\Documents\Personal\LockeritDesk\electron\preload\configFiles\auth_key.json
[2025-10-21 16:02:20] [INFO] [preload] Watcher iniciado: auth_key.json
[2025-10-21 16:02:20] [ERROR] [loggerWatcher] Archivo logger_config.json NO encontrado en: C:\Users\User\Documents\Personal\LockeritDesk\electron\preload\configFiles\logger_config.json
[2025-10-21 16:02:20] [INFO] [preload] Watcher iniciado: logger_config.json
[2025-10-21 16:02:20] [ERROR] [envWatcher] Archivo .env NO encontrado en: C:\Users\User\Documents\Personal\LockeritDesk\electron\preload\configFiles\.env
[2025-10-21 16:02:20] [INFO] [preload] Watcher iniciado: .env
[2025-10-21 16:02:20] [INFO] [preload] API expuesta en window.electronAPI
[2025-10-21 16:02:20] [INFO] [preload] Inicializando preload.js
[2025-10-21 16:02:20] [ERROR] [setupWatcher] Archivo setup_config.json NO encontrado en: C:\Users\User\Documents\Personal\LockeritDesk\electron\preload\configFiles\setup_config.json
[2025-10-21 16:02:20] [INFO] [preload] Watcher iniciado: setup_config.json
[2025-10-21 16:02:20] [ERROR] [authWatcher] auth_key.json NO encontrado: C:\Users\User\Documents\Personal\LockeritDesk\electron\preload\configFiles\auth_key.json
[2025-10-21 16:02:20] [INFO] [preload] Watcher iniciado: auth_key.json
[2025-10-21 16:02:20] [ERROR] [loggerWatcher] Archivo logger_config.json NO encontrado en: C:\Users\User\Documents\Personal\LockeritDesk\electron\preload\configFiles\logger_config.json
[2025-10-21 16:02:20] [INFO] [preload] Watcher iniciado: logger_config.json
[2025-10-21 16:02:20] [ERROR] [envWatcher] Archivo .env NO encontrado en: C:\Users\User\Documents\Personal\LockeritDesk\electron\preload\configFiles\.env
[2025-10-21 16:02:20] [INFO] [preload] Watcher iniciado: .env
[2025-10-21 16:02:20] [INFO] [preload] API expuesta en window.electronAPI
[2025-10-21 16:02:20] [INFO] [preload] Inicializando preload.js
[2025-10-21 16:02:20] [ERROR] [setupWatcher] Archivo setup_config.json NO encontrado en: C:\Users\User\Documents\Personal\LockeritDesk\electron\preload\configFiles\setup_config.json
[2025-10-21 16:02:20] [INFO] [preload] Watcher iniciado: setup_config.json
[2025-10-21 16:02:20] [ERROR] [authWatcher] auth_key.json NO encontrado: C:\Users\User\Documents\Personal\LockeritDesk\electron\preload\configFiles\auth_key.json
[2025-10-21 16:02:20] [INFO] [preload] Watcher iniciado: auth_key.json
[2025-10-21 16:02:20] [ERROR] [loggerWatcher] Archivo logger_config.json NO encontrado en: C:\Users\User\Documents\Personal\LockeritDesk\electron\preload\configFiles\logger_config.json
[2025-10-21 16:02:20] [INFO] [preload] Watcher iniciado: logger_config.json
[2025-10-21 16:02:20] [ERROR] [envWatcher] Archivo .env NO encontrado en: C:\Users\User\Documents\Personal\LockeritDesk\electron\preload\configFiles\.env
[2025-10-21 16:02:20] [INFO] [preload] Watcher iniciado: .env
[2025-10-21 16:02:20] [INFO] [preload] API expuesta en window.electronAPI
[2025-10-21 16:02:21] [INFO] [preload] Inicializando preload.js
[2025-10-21 16:02:21] [ERROR] [setupWatcher] Archivo setup_config.json NO encontrado en: C:\Users\User\Documents\Personal\LockeritDesk\electron\preload\configFiles\setup_config.json
[2025-10-21 16:02:21] [INFO] [preload] Watcher iniciado: setup_config.json
[2025-10-21 16:02:21] [ERROR] [authWatcher] auth_key.json NO encontrado: C:\Users\User\Documents\Personal\LockeritDesk\electron\preload\configFiles\auth_key.json
[2025-10-21 16:02:21] [INFO] [preload] Watcher iniciado: auth_key.json
[2025-10-21 16:02:21] [ERROR] [loggerWatcher] Archivo logger_config.json NO encontrado en: C:\Users\User\Documents\Personal\LockeritDesk\electron\preload\configFiles\logger_config.json
[2025-10-21 16:02:21] [INFO] [preload] Watcher iniciado: logger_config.json
[2025-10-21 16:02:21] [ERROR] [envWatcher] Archivo .env NO encontrado en: C:\Users\User\Documents\Personal\LockeritDesk\electron\preload\configFiles\.env
[2025-10-21 16:02:21] [INFO] [preload] Watcher iniciado: .env
[2025-10-21 16:02:21] [INFO] [preload] API expuesta en window.electronAPI
[2025-10-21 16:02:21] [INFO] [preload] Inicializando preload.js
[2025-10-21 16:02:21] [ERROR] [setupWatcher] Archivo setup_config.json NO encontrado en: C:\Users\User\Documents\Personal\LockeritDesk\electron\preload\configFiles\setup_config.json
[2025-10-21 16:02:21] [INFO] [preload] Watcher iniciado: setup_config.json
[2025-10-21 16:02:21] [ERROR] [authWatcher] auth_key.json NO encontrado: C:\Users\User\Documents\Personal\LockeritDesk\electron\preload\configFiles\auth_key.json
[2025-10-21 16:02:21] [INFO] [preload] Watcher iniciado: auth_key.json
[2025-10-21 16:02:21] [ERROR] [loggerWatcher] Archivo logger_config.json NO encontrado en: C:\Users\User\Documents\Personal\LockeritDesk\electron\preload\configFiles\logger_config.json
[2025-10-21 16:02:21] [INFO] [preload] Watcher iniciado: logger_config.json
[2025-10-21 16:02:21] [ERROR] [envWatcher] Archivo .env NO encontrado en: C:\Users\User\Documents\Personal\LockeritDesk\electron\preload\configFiles\.env
[2025-10-21 16:02:21] [INFO] [preload] Watcher iniciado: .env
[2025-10-21 16:02:21] [INFO] [preload] API expuesta en window.electronAPI
[2025-10-21 16:02:21] [INFO] [preload] Inicializando preload.js
[2025-10-21 16:02:21] [ERROR] [setupWatcher] Archivo setup_config.json NO encontrado en: C:\Users\User\Documents\Personal\LockeritDesk\electron\preload\configFiles\setup_config.json
[2025-10-21 16:02:21] [INFO] [preload] Watcher iniciado: setup_config.json
[2025-10-21 16:02:21] [ERROR] [authWatcher] auth_key.json NO encontrado: C:\Users\User\Documents\Personal\LockeritDesk\electron\preload\configFiles\auth_key.json
[2025-10-21 16:02:21] [INFO] [preload] Watcher iniciado: auth_key.json
[2025-10-21 16:02:21] [ERROR] [loggerWatcher] Archivo logger_config.json NO encontrado en: C:\Users\User\Documents\Personal\LockeritDesk\electron\preload\configFiles\logger_config.json
[2025-10-21 16:02:21] [INFO] [preload] Watcher iniciado: logger_config.json
[2025-10-21 16:02:21] [ERROR] [envWatcher] Archivo .env NO encontrado en: C:\Users\User\Documents\Personal\LockeritDesk\electron\preload\configFiles\.env
[2025-10-21 16:02:21] [INFO] [preload] Watcher iniciado: .env
[2025-10-21 16:02:21] [INFO] [preload] API expuesta en window.electronAPI
[2025-10-21 16:02:21] [INFO] [preload] Inicializando preload.js
[2025-10-21 16:02:21] [ERROR] [setupWatcher] Archivo setup_config.json NO encontrado en: C:\Users\User\Documents\Personal\LockeritDesk\electron\preload\configFiles\setup_config.json
[2025-10-21 16:02:21] [INFO] [preload] Watcher iniciado: setup_config.json
[2025-10-21 16:02:21] [ERROR] [authWatcher] auth_key.json NO encontrado: C:\Users\User\Documents\Personal\LockeritDesk\electron\preload\configFiles\auth_key.json
[2025-10-21 16:02:21] [INFO] [preload] Watcher iniciado: auth_key.json
[2025-10-21 16:02:21] [ERROR] [loggerWatcher] Archivo logger_config.json NO encontrado en: C:\Users\User\Documents\Personal\LockeritDesk\electron\preload\configFiles\logger_config.json
[2025-10-21 16:02:21] [INFO] [preload] Watcher iniciado: logger_config.json
[2025-10-21 16:02:21] [ERROR] [envWatcher] Archivo .env NO encontrado en: C:\Users\User\Documents\Personal\LockeritDesk\electron\preload\configFiles\.env
[2025-10-21 16:02:21] [INFO] [preload] Watcher iniciado: .env
[2025-10-21 16:02:21] [INFO] [preload] API expuesta en window.electronAPI
[2025-10-21 16:02:22] [INFO] [preload] Inicializando preload.js
[2025-10-21 16:02:22] [ERROR] [setupWatcher] Archivo setup_config.json NO encontrado en: C:\Users\User\Documents\Personal\LockeritDesk\electron\preload\configFiles\setup_config.json
[2025-10-21 16:02:22] [INFO] [preload] Watcher iniciado: setup_config.json
[2025-10-21 16:02:22] [ERROR] [authWatcher] auth_key.json NO encontrado: C:\Users\User\Documents\Personal\LockeritDesk\electron\preload\configFiles\auth_key.json
[2025-10-21 16:02:22] [INFO] [preload] Watcher iniciado: auth_key.json
[2025-10-21 16:02:22] [ERROR] [loggerWatcher] Archivo logger_config.json NO encontrado en: C:\Users\User\Documents\Personal\LockeritDesk\electron\preload\configFiles\logger_config.json
[2025-10-21 16:02:22] [INFO] [preload] Watcher iniciado: logger_config.json
[2025-10-21 16:02:22] [ERROR] [envWatcher] Archivo .env NO encontrado en: C:\Users\User\Documents\Personal\LockeritDesk\electron\preload\configFiles\.env
[2025-10-21 16:02:22] [INFO] [preload] Watcher iniciado: .env
[2025-10-21 16:02:22] [INFO] [preload] API expuesta en window.electronAPI
[2025-10-21 16:02:22] [INFO] [preload] Inicializando preload.js
[2025-10-21 16:02:22] [ERROR] [setupWatcher] Archivo setup_config.json NO encontrado en: C:\Users\User\Documents\Personal\LockeritDesk\electron\preload\configFiles\setup_config.json
[2025-10-21 16:02:22] [INFO] [preload] Watcher iniciado: setup_config.json
[2025-10-21 16:02:22] [ERROR] [authWatcher] auth_key.json NO encontrado: C:\Users\User\Documents\Personal\LockeritDesk\electron\preload\configFiles\auth_key.json
[2025-10-21 16:02:22] [INFO] [preload] Watcher iniciado: auth_key.json
[2025-10-21 16:02:22] [ERROR] [loggerWatcher] Archivo logger_config.json NO encontrado en: C:\Users\User\Documents\Personal\LockeritDesk\electron\preload\configFiles\logger_config.json
[2025-10-21 16:02:22] [INFO] [preload] Watcher iniciado: logger_config.json
[2025-10-21 16:02:22] [ERROR] [envWatcher] Archivo .env NO encontrado en: C:\Users\User\Documents\Personal\LockeritDesk\electron\preload\configFiles\.env
[2025-10-21 16:02:22] [INFO] [preload] Watcher iniciado: .env
[2025-10-21 16:02:22] [INFO] [preload] API expuesta en window.electronAPI
[2025-10-21 16:02:23] [INFO] [preload] Inicializando preload.js
[2025-10-21 16:02:23] [ERROR] [setupWatcher] Archivo setup_config.json NO encontrado en: C:\Users\User\Documents\Personal\LockeritDesk\electron\preload\configFiles\setup_config.json
[2025-10-21 16:02:23] [INFO] [preload] Watcher iniciado: setup_config.json
[2025-10-21 16:02:23] [ERROR] [authWatcher] auth_key.json NO encontrado: C:\Users\User\Documents\Personal\LockeritDesk\electron\preload\configFiles\auth_key.json
[2025-10-21 16:02:23] [INFO] [preload] Watcher iniciado: auth_key.json
[2025-10-21 16:02:23] [ERROR] [loggerWatcher] Archivo logger_config.json NO encontrado en: C:\Users\User\Documents\Personal\LockeritDesk\electron\preload\configFiles\logger_config.json
[2025-10-21 16:02:23] [INFO] [preload] Watcher iniciado: logger_config.json
[2025-10-21 16:02:23] [ERROR] [envWatcher] Archivo .env NO encontrado en: C:\Users\User\Documents\Personal\LockeritDesk\electron\preload\configFiles\.env
[2025-10-21 16:02:23] [INFO] [preload] Watcher iniciado: .env
[2025-10-21 16:02:23] [INFO] [preload] API expuesta en window.electronAPI
[2025-10-21 16:02:23] [INFO] [preload] Inicializando preload.js
[2025-10-21 16:02:23] [ERROR] [setupWatcher] Archivo setup_config.json NO encontrado en: C:\Users\User\Documents\Personal\LockeritDesk\electron\preload\configFiles\setup_config.json
[2025-10-21 16:02:23] [INFO] [preload] Watcher iniciado: setup_config.json
[2025-10-21 16:02:23] [ERROR] [authWatcher] auth_key.json NO encontrado: C:\Users\User\Documents\Personal\LockeritDesk\electron\preload\configFiles\auth_key.json
[2025-10-21 16:02:23] [INFO] [preload] Watcher iniciado: auth_key.json
[2025-10-21 16:02:23] [ERROR] [loggerWatcher] Archivo logger_config.json NO encontrado en: C:\Users\User\Documents\Personal\LockeritDesk\electron\preload\configFiles\logger_config.json
[2025-10-21 16:02:23] [INFO] [preload] Watcher iniciado: logger_config.json
[2025-10-21 16:02:23] [ERROR] [envWatcher] Archivo .env NO encontrado en: C:\Users\User\Documents\Personal\LockeritDesk\electron\preload\configFiles\.env
[2025-10-21 16:02:23] [INFO] [preload] Watcher iniciado: .env
[2025-10-21 16:02:23] [INFO] [preload] API expuesta en window.electronAPI
[2025-10-21 16:02:24] [INFO] [preload] Inicializando preload.js
[2025-10-21 16:02:24] [ERROR] [setupWatcher] Archivo setup_config.json NO encontrado en: C:\Users\User\Documents\Personal\LockeritDesk\electron\preload\configFiles\setup_config.json
[2025-10-21 16:02:24] [INFO] [preload] Watcher iniciado: setup_config.json
[2025-10-21 16:02:24] [ERROR] [authWatcher] auth_key.json NO encontrado: C:\Users\User\Documents\Personal\LockeritDesk\electron\preload\configFiles\auth_key.json
[2025-10-21 16:02:24] [INFO] [preload] Watcher iniciado: auth_key.json
[2025-10-21 16:02:24] [ERROR] [loggerWatcher] Archivo logger_config.json NO encontrado en: C:\Users\User\Documents\Personal\LockeritDesk\electron\preload\configFiles\logger_config.json
[2025-10-21 16:02:24] [INFO] [preload] Watcher iniciado: logger_config.json
[2025-10-21 16:02:24] [ERROR] [envWatcher] Archivo .env NO encontrado en: C:\Users\User\Documents\Personal\LockeritDesk\electron\preload\configFiles\.env
[2025-10-21 16:02:24] [INFO] [preload] Watcher iniciado: .env
[2025-10-21 16:02:24] [INFO] [preload] API expuesta en window.electronAPI
[2025-10-21 16:02:24] [INFO] [preload] Inicializando preload.js
[2025-10-21 16:02:24] [ERROR] [setupWatcher] Archivo setup_config.json NO encontrado en: C:\Users\User\Documents\Personal\LockeritDesk\electron\preload\configFiles\setup_config.json
[2025-10-21 16:02:24] [INFO] [preload] Watcher iniciado: setup_config.json
[2025-10-21 16:02:24] [ERROR] [authWatcher] auth_key.json NO encontrado: C:\Users\User\Documents\Personal\LockeritDesk\electron\preload\configFiles\auth_key.json
[2025-10-21 16:02:24] [INFO] [preload] Watcher iniciado: auth_key.json
[2025-10-21 16:02:24] [ERROR] [loggerWatcher] Archivo logger_config.json NO encontrado en: C:\Users\User\Documents\Personal\LockeritDesk\electron\preload\configFiles\logger_config.json
[2025-10-21 16:02:24] [INFO] [preload] Watcher iniciado: logger_config.json
[2025-10-21 16:02:24] [ERROR] [envWatcher] Archivo .env NO encontrado en: C:\Users\User\Documents\Personal\LockeritDesk\electron\preload\configFiles\.env
[2025-10-21 16:02:24] [INFO] [preload] Watcher iniciado: .env
[2025-10-21 16:02:24] [INFO] [preload] API expuesta en window.electronAPI
[2025-10-21 16:02:25] [INFO] [preload] Inicializando preload.js
[2025-10-21 16:02:25] [ERROR] [setupWatcher] Archivo setup_config.json NO encontrado en: C:\Users\User\Documents\Personal\LockeritDesk\electron\preload\configFiles\setup_config.json
[2025-10-21 16:02:25] [INFO] [preload] Watcher iniciado: setup_config.json
[2025-10-21 16:02:25] [ERROR] [authWatcher] auth_key.json NO encontrado: C:\Users\User\Documents\Personal\LockeritDesk\electron\preload\configFiles\auth_key.json
[2025-10-21 16:02:25] [INFO] [preload] Watcher iniciado: auth_key.json
[2025-10-21 16:02:25] [ERROR] [loggerWatcher] Archivo logger_config.json NO encontrado en: C:\Users\User\Documents\Personal\LockeritDesk\electron\preload\configFiles\logger_config.json
[2025-10-21 16:02:25] [INFO] [preload] Watcher iniciado: logger_config.json
[2025-10-21 16:02:25] [ERROR] [envWatcher] Archivo .env NO encontrado en: C:\Users\User\Documents\Personal\LockeritDesk\electron\preload\configFiles\.env
[2025-10-21 16:02:25] [INFO] [preload] Watcher iniciado: .env
[2025-10-21 16:02:25] [INFO] [preload] API expuesta en window.electronAPI
[2025-10-21 16:02:25] [INFO] [preload] Inicializando preload.js
[2025-10-21 16:02:25] [ERROR] [setupWatcher] Archivo setup_config.json NO encontrado en: C:\Users\User\Documents\Personal\LockeritDesk\electron\preload\configFiles\setup_config.json
[2025-10-21 16:02:25] [INFO] [preload] Watcher iniciado: setup_config.json
[2025-10-21 16:02:25] [ERROR] [authWatcher] auth_key.json NO encontrado: C:\Users\User\Documents\Personal\LockeritDesk\electron\preload\configFiles\auth_key.json
[2025-10-21 16:02:25] [INFO] [preload] Watcher iniciado: auth_key.json
[2025-10-21 16:02:25] [ERROR] [loggerWatcher] Archivo logger_config.json NO encontrado en: C:\Users\User\Documents\Personal\LockeritDesk\electron\preload\configFiles\logger_config.json
[2025-10-21 16:02:25] [INFO] [preload] Watcher iniciado: logger_config.json
[2025-10-21 16:02:25] [ERROR] [envWatcher] Archivo .env NO encontrado en: C:\Users\User\Documents\Personal\LockeritDesk\electron\preload\configFiles\.env
[2025-10-21 16:02:25] [INFO] [preload] Watcher iniciado: .env
[2025-10-21 16:02:25] [INFO] [preload] API expuesta en window.electronAPI
[2025-10-21 16:02:26] [INFO] [preload] Inicializando preload.js
[2025-10-21 16:02:26] [ERROR] [setupWatcher] Archivo setup_config.json NO encontrado en: C:\Users\User\Documents\Personal\LockeritDesk\electron\preload\configFiles\setup_config.json
[2025-10-21 16:02:26] [INFO] [preload] Watcher iniciado: setup_config.json
[2025-10-21 16:02:26] [ERROR] [authWatcher] auth_key.json NO encontrado: C:\Users\User\Documents\Personal\LockeritDesk\electron\preload\configFiles\auth_key.json
[2025-10-21 16:02:26] [INFO] [preload] Watcher iniciado: auth_key.json
[2025-10-21 16:02:26] [ERROR] [loggerWatcher] Archivo logger_config.json NO encontrado en: C:\Users\User\Documents\Personal\LockeritDesk\electron\preload\configFiles\logger_config.json
[2025-10-21 16:02:26] [INFO] [preload] Watcher iniciado: logger_config.json
[2025-10-21 16:02:26] [ERROR] [envWatcher] Archivo .env NO encontrado en: C:\Users\User\Documents\Personal\LockeritDesk\electron\preload\configFiles\.env
[2025-10-21 16:02:26] [INFO] [preload] Watcher iniciado: .env
[2025-10-21 16:02:26] [INFO] [preload] API expuesta en window.electronAPI
[2025-10-21 16:02:26] [INFO] [preload] Inicializando preload.js
[2025-10-21 16:02:26] [ERROR] [setupWatcher] Archivo setup_config.json NO encontrado en: C:\Users\User\Documents\Personal\LockeritDesk\electron\preload\configFiles\setup_config.json
[2025-10-21 16:02:26] [INFO] [preload] Watcher iniciado: setup_config.json
[2025-10-21 16:02:26] [ERROR] [authWatcher] auth_key.json NO encontrado: C:\Users\User\Documents\Personal\LockeritDesk\electron\preload\configFiles\auth_key.json
[2025-10-21 16:02:26] [INFO] [preload] Watcher iniciado: auth_key.json
[2025-10-21 16:02:26] [ERROR] [loggerWatcher] Archivo logger_config.json NO encontrado en: C:\Users\User\Documents\Personal\LockeritDesk\electron\preload\configFiles\logger_config.json
[2025-10-21 16:02:26] [INFO] [preload] Watcher iniciado: logger_config.json
[2025-10-21 16:02:26] [ERROR] [envWatcher] Archivo .env NO encontrado en: C:\Users\User\Documents\Personal\LockeritDesk\electron\preload\configFiles\.env
[2025-10-21 16:02:26] [INFO] [preload] Watcher iniciado: .env
[2025-10-21 16:02:26] [INFO] [preload] API expuesta en window.electronAPI
[2025-10-21 16:02:27] [INFO] [preload] Inicializando preload.js
[2025-10-21 16:02:27] [ERROR] [setupWatcher] Archivo setup_config.json NO encontrado en: C:\Users\User\Documents\Personal\LockeritDesk\electron\preload\configFiles\setup_config.json
[2025-10-21 16:02:27] [INFO] [preload] Watcher iniciado: setup_config.json
[2025-10-21 16:02:27] [ERROR] [authWatcher] auth_key.json NO encontrado: C:\Users\User\Documents\Personal\LockeritDesk\electron\preload\configFiles\auth_key.json
[2025-10-21 16:02:27] [INFO] [preload] Watcher iniciado: auth_key.json
[2025-10-21 16:02:27] [ERROR] [loggerWatcher] Archivo logger_config.json NO encontrado en: C:\Users\User\Documents\Personal\LockeritDesk\electron\preload\configFiles\logger_config.json
[2025-10-21 16:02:27] [INFO] [preload] Watcher iniciado: logger_config.json
[2025-10-21 16:02:27] [ERROR] [envWatcher] Archivo .env NO encontrado en: C:\Users\User\Documents\Personal\LockeritDesk\electron\preload\configFiles\.env
[2025-10-21 16:02:27] [INFO] [preload] Watcher iniciado: .env
[2025-10-21 16:02:27] [INFO] [preload] API expuesta en window.electronAPI
[2025-10-21 16:02:27] [INFO] [preload] Inicializando preload.js
[2025-10-21 16:02:27] [ERROR] [setupWatcher] Archivo setup_config.json NO encontrado en: C:\Users\User\Documents\Personal\LockeritDesk\electron\preload\configFiles\setup_config.json
[2025-10-21 16:02:27] [INFO] [preload] Watcher iniciado: setup_config.json
[2025-10-21 16:02:27] [ERROR] [authWatcher] auth_key.json NO encontrado: C:\Users\User\Documents\Personal\LockeritDesk\electron\preload\configFiles\auth_key.json
[2025-10-21 16:02:27] [INFO] [preload] Watcher iniciado: auth_key.json
[2025-10-21 16:02:27] [ERROR] [loggerWatcher] Archivo logger_config.json NO encontrado en: C:\Users\User\Documents\Personal\LockeritDesk\electron\preload\configFiles\logger_config.json
[2025-10-21 16:02:27] [INFO] [preload] Watcher iniciado: logger_config.json
[2025-10-21 16:02:27] [ERROR] [envWatcher] Archivo .env NO encontrado en: C:\Users\User\Documents\Personal\LockeritDesk\electron\preload\configFiles\.env
[2025-10-21 16:02:27] [INFO] [preload] Watcher iniciado: .env
[2025-10-21 16:02:27] [INFO] [preload] API expuesta en window.electronAPI
[2025-10-21 16:02:28] [INFO] [preload] Inicializando preload.js
[2025-10-21 16:02:28] [ERROR] [setupWatcher] Archivo setup_config.json NO encontrado en: C:\Users\User\Documents\Personal\LockeritDesk\electron\preload\configFiles\setup_config.json
[2025-10-21 16:02:28] [INFO] [preload] Watcher iniciado: setup_config.json
[2025-10-21 16:02:28] [ERROR] [authWatcher] auth_key.json NO encontrado: C:\Users\User\Documents\Personal\LockeritDesk\electron\preload\configFiles\auth_key.json
[2025-10-21 16:02:28] [INFO] [preload] Watcher iniciado: auth_key.json
[2025-10-21 16:02:28] [ERROR] [loggerWatcher] Archivo logger_config.json NO encontrado en: C:\Users\User\Documents\Personal\LockeritDesk\electron\preload\configFiles\logger_config.json
[2025-10-21 16:02:28] [INFO] [preload] Watcher iniciado: logger_config.json
[2025-10-21 16:02:28] [ERROR] [envWatcher] Archivo .env NO encontrado en: C:\Users\User\Documents\Personal\LockeritDesk\electron\preload\configFiles\.env
[2025-10-21 16:02:28] [INFO] [preload] Watcher iniciado: .env
[2025-10-21 16:02:28] [INFO] [preload] API expuesta en window.electronAPI
[2025-10-21 16:02:28] [INFO] [preload] Inicializando preload.js
[2025-10-21 16:02:28] [ERROR] [setupWatcher] Archivo setup_config.json NO encontrado en: C:\Users\User\Documents\Personal\LockeritDesk\electron\preload\configFiles\setup_config.json
[2025-10-21 16:02:28] [INFO] [preload] Watcher iniciado: setup_config.json
[2025-10-21 16:02:29] [ERROR] [authWatcher] auth_key.json NO encontrado: C:\Users\User\Documents\Personal\LockeritDesk\electron\preload\configFiles\auth_key.json
[2025-10-21 16:02:29] [INFO] [preload] Watcher iniciado: auth_key.json
[2025-10-21 16:02:29] [ERROR] [loggerWatcher] Archivo logger_config.json NO encontrado en: C:\Users\User\Documents\Personal\LockeritDesk\electron\preload\configFiles\logger_config.json
[2025-10-21 16:02:29] [INFO] [preload] Watcher iniciado: logger_config.json
[2025-10-21 16:02:29] [ERROR] [envWatcher] Archivo .env NO encontrado en: C:\Users\User\Documents\Personal\LockeritDesk\electron\preload\configFiles\.env
[2025-10-21 16:02:29] [INFO] [preload] Watcher iniciado: .env
[2025-10-21 16:02:29] [INFO] [preload] API expuesta en window.electronAPI
[2025-10-21 16:02:29] [INFO] [preload] Inicializando preload.js
[2025-10-21 16:02:29] [ERROR] [setupWatcher] Archivo setup_config.json NO encontrado en: C:\Users\User\Documents\Personal\LockeritDesk\electron\preload\configFiles\setup_config.json
[2025-10-21 16:02:29] [INFO] [preload] Watcher iniciado: setup_config.json
[2025-10-21 16:02:29] [ERROR] [authWatcher] auth_key.json NO encontrado: C:\Users\User\Documents\Personal\LockeritDesk\electron\preload\configFiles\auth_key.json
[2025-10-21 16:02:29] [INFO] [preload] Watcher iniciado: auth_key.json
[2025-10-21 16:02:29] [ERROR] [loggerWatcher] Archivo logger_config.json NO encontrado en: C:\Users\User\Documents\Personal\LockeritDesk\electron\preload\configFiles\logger_config.json
[2025-10-21 16:02:29] [INFO] [preload] Watcher iniciado: logger_config.json
[2025-10-21 16:02:29] [ERROR] [envWatcher] Archivo .env NO encontrado en: C:\Users\User\Documents\Personal\LockeritDesk\electron\preload\configFiles\.env
[2025-10-21 16:02:29] [INFO] [preload] Watcher iniciado: .env
[2025-10-21 16:02:29] [INFO] [preload] API expuesta en window.electronAPI
[2025-10-21 17:24:47] [INFO] [main] Iniciando aplicación Electron
[2025-10-21 17:24:47] [WARN] [main] .env NO encontrado en: C:\Users\User\Documents\Personal\LockeritDesk\electron\main\configFiles\.env
[2025-10-21 17:24:48] [INFO] [main] App lista, creando ventana...
[2025-10-21 17:24:48] [INFO] [main] Creando ventana principal...
[2025-10-21 17:24:48] [INFO] [main] Cargando URL: http://localhost:5173
[2025-10-21 17:24:49] [INFO] [preload] Inicializando preload.js
[2025-10-21 17:24:49] [ERROR] [setupWatcher] Archivo setup_config.json NO encontrado en: C:\Users\User\Documents\Personal\LockeritDesk\electron\preload\configFiles\setup_config.json
[2025-10-21 17:24:49] [INFO] [preload] Watcher iniciado: setup_config.json
[2025-10-21 17:24:49] [ERROR] [authWatcher] auth_key.json NO encontrado: C:\Users\User\Documents\Personal\LockeritDesk\electron\preload\configFiles\auth_key.json
[2025-10-21 17:24:49] [INFO] [preload] Watcher iniciado: auth_key.json
[2025-10-21 17:24:49] [ERROR] [loggerWatcher] Archivo logger_config.json NO encontrado en: C:\Users\User\Documents\Personal\LockeritDesk\electron\preload\configFiles\logger_config.json
[2025-10-21 17:24:49] [INFO] [preload] Watcher iniciado: logger_config.json
[2025-10-21 17:24:49] [ERROR] [envWatcher] Archivo .env NO encontrado en: C:\Users\User\Documents\Personal\LockeritDesk\electron\preload\configFiles\.env
[2025-10-21 17:24:49] [INFO] [preload] Watcher iniciado: .env
[2025-10-21 17:24:49] [INFO] [preload] API expuesta en window.electronAPI
[2025-10-21 17:24:52] [INFO] [main] CSP cambió, enviando al renderer
[2025-10-21 17:25:25] [INFO] [preload] Inicializando preload.js
[2025-10-21 17:25:25] [ERROR] [setupWatcher] Archivo setup_config.json NO encontrado en: C:\Users\User\Documents\Personal\LockeritDesk\electron\preload\configFiles\setup_config.json
[2025-10-21 17:25:25] [INFO] [preload] Watcher iniciado: setup_config.json
[2025-10-21 17:25:25] [ERROR] [authWatcher] auth_key.json NO encontrado: C:\Users\User\Documents\Personal\LockeritDesk\electron\preload\configFiles\auth_key.json
[2025-10-21 17:25:25] [INFO] [preload] Watcher iniciado: auth_key.json
[2025-10-21 17:25:25] [ERROR] [loggerWatcher] Archivo logger_config.json NO encontrado en: C:\Users\User\Documents\Personal\LockeritDesk\electron\preload\configFiles\logger_config.json
[2025-10-21 17:25:25] [INFO] [preload] Watcher iniciado: logger_config.json
[2025-10-21 17:25:25] [ERROR] [envWatcher] Archivo .env NO encontrado en: C:\Users\User\Documents\Personal\LockeritDesk\electron\preload\configFiles\.env
[2025-10-21 17:25:25] [INFO] [preload] Watcher iniciado: .env
[2025-10-21 17:25:25] [INFO] [preload] API expuesta en window.electronAPI
[2025-10-21 17:25:27] [INFO] [preload] Inicializando preload.js
[2025-10-21 17:25:27] [ERROR] [setupWatcher] Archivo setup_config.json NO encontrado en: C:\Users\User\Documents\Personal\LockeritDesk\electron\preload\configFiles\setup_config.json
[2025-10-21 17:25:27] [INFO] [preload] Watcher iniciado: setup_config.json
[2025-10-21 17:25:27] [ERROR] [authWatcher] auth_key.json NO encontrado: C:\Users\User\Documents\Personal\LockeritDesk\electron\preload\configFiles\auth_key.json
[2025-10-21 17:25:27] [INFO] [preload] Watcher iniciado: auth_key.json
[2025-10-21 17:25:27] [ERROR] [loggerWatcher] Archivo logger_config.json NO encontrado en: C:\Users\User\Documents\Personal\LockeritDesk\electron\preload\configFiles\logger_config.json
[2025-10-21 17:25:27] [INFO] [preload] Watcher iniciado: logger_config.json
[2025-10-21 17:25:27] [ERROR] [envWatcher] Archivo .env NO encontrado en: C:\Users\User\Documents\Personal\LockeritDesk\electron\preload\configFiles\.env
[2025-10-21 17:25:27] [INFO] [preload] Watcher iniciado: .env
[2025-10-21 17:25:27] [INFO] [preload] API expuesta en window.electronAPI
[2025-10-21 17:25:47] [INFO] [preload] Inicializando preload.js
[2025-10-21 17:25:47] [ERROR] [setupWatcher] Archivo setup_config.json NO encontrado en: C:\Users\User\Documents\Personal\LockeritDesk\electron\preload\configFiles\setup_config.json
[2025-10-21 17:25:47] [INFO] [preload] Watcher iniciado: setup_config.json
[2025-10-21 17:25:47] [ERROR] [authWatcher] auth_key.json NO encontrado: C:\Users\User\Documents\Personal\LockeritDesk\electron\preload\configFiles\auth_key.json
[2025-10-21 17:25:47] [INFO] [preload] Watcher iniciado: auth_key.json
[2025-10-21 17:25:47] [ERROR] [loggerWatcher] Archivo logger_config.json NO encontrado en: C:\Users\User\Documents\Personal\LockeritDesk\electron\preload\configFiles\logger_config.json
[2025-10-21 17:25:47] [INFO] [preload] Watcher iniciado: logger_config.json
[2025-10-21 17:25:47] [ERROR] [envWatcher] Archivo .env NO encontrado en: C:\Users\User\Documents\Personal\LockeritDesk\electron\preload\configFiles\.env
[2025-10-21 17:25:47] [INFO] [preload] Watcher iniciado: .env
[2025-10-21 17:25:47] [INFO] [preload] API expuesta en window.electronAPI
[2025-10-21 17:25:47] [INFO] [preload] Inicializando preload.js
[2025-10-21 17:25:47] [ERROR] [setupWatcher] Archivo setup_config.json NO encontrado en: C:\Users\User\Documents\Personal\LockeritDesk\electron\preload\configFiles\setup_config.json
[2025-10-21 17:25:47] [INFO] [preload] Watcher iniciado: setup_config.json
[2025-10-21 17:25:47] [ERROR] [authWatcher] auth_key.json NO encontrado: C:\Users\User\Documents\Personal\LockeritDesk\electron\preload\configFiles\auth_key.json
[2025-10-21 17:25:47] [INFO] [preload] Watcher iniciado: auth_key.json
[2025-10-21 17:25:48] [ERROR] [loggerWatcher] Archivo logger_config.json NO encontrado en: C:\Users\User\Documents\Personal\LockeritDesk\electron\preload\configFiles\logger_config.json
[2025-10-21 17:25:48] [INFO] [preload] Watcher iniciado: logger_config.json
[2025-10-21 17:25:48] [ERROR] [envWatcher] Archivo .env NO encontrado en: C:\Users\User\Documents\Personal\LockeritDesk\electron\preload\configFiles\.env
[2025-10-21 17:25:48] [INFO] [preload] Watcher iniciado: .env
[2025-10-21 17:25:48] [INFO] [preload] API expuesta en window.electronAPI
[2025-10-21 17:25:48] [INFO] [preload] Inicializando preload.js
[2025-10-21 17:25:48] [ERROR] [setupWatcher] Archivo setup_config.json NO encontrado en: C:\Users\User\Documents\Personal\LockeritDesk\electron\preload\configFiles\setup_config.json
[2025-10-21 17:25:48] [INFO] [preload] Watcher iniciado: setup_config.json
[2025-10-21 17:25:48] [ERROR] [authWatcher] auth_key.json NO encontrado: C:\Users\User\Documents\Personal\LockeritDesk\electron\preload\configFiles\auth_key.json
[2025-10-21 17:25:48] [INFO] [preload] Watcher iniciado: auth_key.json
[2025-10-21 17:25:48] [ERROR] [loggerWatcher] Archivo logger_config.json NO encontrado en: C:\Users\User\Documents\Personal\LockeritDesk\electron\preload\configFiles\logger_config.json
[2025-10-21 17:25:48] [INFO] [preload] Watcher iniciado: logger_config.json
[2025-10-21 17:25:48] [ERROR] [envWatcher] Archivo .env NO encontrado en: C:\Users\User\Documents\Personal\LockeritDesk\electron\preload\configFiles\.env
[2025-10-21 17:25:48] [INFO] [preload] Watcher iniciado: .env
[2025-10-21 17:25:48] [INFO] [preload] API expuesta en window.electronAPI
[2025-10-21 17:25:49] [INFO] [preload] Inicializando preload.js
[2025-10-21 17:25:49] [ERROR] [setupWatcher] Archivo setup_config.json NO encontrado en: C:\Users\User\Documents\Personal\LockeritDesk\electron\preload\configFiles\setup_config.json
[2025-10-21 17:25:49] [INFO] [preload] Watcher iniciado: setup_config.json
[2025-10-21 17:25:49] [ERROR] [authWatcher] auth_key.json NO encontrado: C:\Users\User\Documents\Personal\LockeritDesk\electron\preload\configFiles\auth_key.json
[2025-10-21 17:25:49] [INFO] [preload] Watcher iniciado: auth_key.json
[2025-10-21 17:25:49] [ERROR] [loggerWatcher] Archivo logger_config.json NO encontrado en: C:\Users\User\Documents\Personal\LockeritDesk\electron\preload\configFiles\logger_config.json
[2025-10-21 17:25:49] [INFO] [preload] Watcher iniciado: logger_config.json
[2025-10-21 17:25:49] [ERROR] [envWatcher] Archivo .env NO encontrado en: C:\Users\User\Documents\Personal\LockeritDesk\electron\preload\configFiles\.env
[2025-10-21 17:25:49] [INFO] [preload] Watcher iniciado: .env
[2025-10-21 17:25:49] [INFO] [preload] API expuesta en window.electronAPI
[2025-10-21 17:25:49] [INFO] [preload] Inicializando preload.js
[2025-10-21 17:25:49] [ERROR] [setupWatcher] Archivo setup_config.json NO encontrado en: C:\Users\User\Documents\Personal\LockeritDesk\electron\preload\configFiles\setup_config.json
[2025-10-21 17:25:49] [INFO] [preload] Watcher iniciado: setup_config.json
[2025-10-21 17:25:49] [ERROR] [authWatcher] auth_key.json NO encontrado: C:\Users\User\Documents\Personal\LockeritDesk\electron\preload\configFiles\auth_key.json
[2025-10-21 17:25:49] [INFO] [preload] Watcher iniciado: auth_key.json
[2025-10-21 17:25:49] [ERROR] [loggerWatcher] Archivo logger_config.json NO encontrado en: C:\Users\User\Documents\Personal\LockeritDesk\electron\preload\configFiles\logger_config.json
[2025-10-21 17:25:49] [INFO] [preload] Watcher iniciado: logger_config.json
[2025-10-21 17:25:49] [ERROR] [envWatcher] Archivo .env NO encontrado en: C:\Users\User\Documents\Personal\LockeritDesk\electron\preload\configFiles\.env
[2025-10-21 17:25:49] [INFO] [preload] Watcher iniciado: .env
[2025-10-21 17:25:49] [INFO] [preload] API expuesta en window.electronAPI
[2025-10-21 17:26:08] [INFO] [preload] Inicializando preload.js
[2025-10-21 17:26:08] [ERROR] [setupWatcher] Archivo setup_config.json NO encontrado en: C:\Users\User\Documents\Personal\LockeritDesk\electron\preload\configFiles\setup_config.json
[2025-10-21 17:26:08] [INFO] [preload] Watcher iniciado: setup_config.json
[2025-10-21 17:26:08] [ERROR] [authWatcher] auth_key.json NO encontrado: C:\Users\User\Documents\Personal\LockeritDesk\electron\preload\configFiles\auth_key.json
[2025-10-21 17:26:08] [INFO] [preload] Watcher iniciado: auth_key.json
[2025-10-21 17:26:08] [ERROR] [loggerWatcher] Archivo logger_config.json NO encontrado en: C:\Users\User\Documents\Personal\LockeritDesk\electron\preload\configFiles\logger_config.json
[2025-10-21 17:26:08] [INFO] [preload] Watcher iniciado: logger_config.json
[2025-10-21 17:26:08] [ERROR] [envWatcher] Archivo .env NO encontrado en: C:\Users\User\Documents\Personal\LockeritDesk\electron\preload\configFiles\.env
[2025-10-21 17:26:08] [INFO] [preload] Watcher iniciado: .env
[2025-10-21 17:26:08] [INFO] [preload] API expuesta en window.electronAPI
[2025-10-21 17:26:09] [INFO] [preload] Inicializando preload.js
[2025-10-21 17:26:09] [ERROR] [setupWatcher] Archivo setup_config.json NO encontrado en: C:\Users\User\Documents\Personal\LockeritDesk\electron\preload\configFiles\setup_config.json
[2025-10-21 17:26:09] [INFO] [preload] Watcher iniciado: setup_config.json
[2025-10-21 17:26:09] [ERROR] [authWatcher] auth_key.json NO encontrado: C:\Users\User\Documents\Personal\LockeritDesk\electron\preload\configFiles\auth_key.json
[2025-10-21 17:26:09] [INFO] [preload] Watcher iniciado: auth_key.json
[2025-10-21 17:26:09] [ERROR] [loggerWatcher] Archivo logger_config.json NO encontrado en: C:\Users\User\Documents\Personal\LockeritDesk\electron\preload\configFiles\logger_config.json
[2025-10-21 17:26:09] [INFO] [preload] Watcher iniciado: logger_config.json
[2025-10-21 17:26:09] [ERROR] [envWatcher] Archivo .env NO encontrado en: C:\Users\User\Documents\Personal\LockeritDesk\electron\preload\configFiles\.env
[2025-10-21 17:26:09] [INFO] [preload] Watcher iniciado: .env
[2025-10-21 17:26:09] [INFO] [preload] API expuesta en window.electronAPI
[2025-10-21 17:26:09] [INFO] [preload] Inicializando preload.js
[2025-10-21 17:26:09] [ERROR] [setupWatcher] Archivo setup_config.json NO encontrado en: C:\Users\User\Documents\Personal\LockeritDesk\electron\preload\configFiles\setup_config.json
[2025-10-21 17:26:09] [INFO] [preload] Watcher iniciado: setup_config.json
[2025-10-21 17:26:09] [ERROR] [authWatcher] auth_key.json NO encontrado: C:\Users\User\Documents\Personal\LockeritDesk\electron\preload\configFiles\auth_key.json
[2025-10-21 17:26:09] [INFO] [preload] Watcher iniciado: auth_key.json
[2025-10-21 17:26:09] [ERROR] [loggerWatcher] Archivo logger_config.json NO encontrado en: C:\Users\User\Documents\Personal\LockeritDesk\electron\preload\configFiles\logger_config.json
[2025-10-21 17:26:09] [INFO] [preload] Watcher iniciado: logger_config.json
[2025-10-21 17:26:09] [ERROR] [envWatcher] Archivo .env NO encontrado en: C:\Users\User\Documents\Personal\LockeritDesk\electron\preload\configFiles\.env
[2025-10-21 17:26:09] [INFO] [preload] Watcher iniciado: .env
[2025-10-21 17:26:09] [INFO] [preload] API expuesta en window.electronAPI
[2025-10-21 17:26:09] [INFO] [preload] Inicializando preload.js
[2025-10-21 17:26:09] [ERROR] [setupWatcher] Archivo setup_config.json NO encontrado en: C:\Users\User\Documents\Personal\LockeritDesk\electron\preload\configFiles\setup_config.json
[2025-10-21 17:26:09] [INFO] [preload] Watcher iniciado: setup_config.json
[2025-10-21 17:26:09] [ERROR] [authWatcher] auth_key.json NO encontrado: C:\Users\User\Documents\Personal\LockeritDesk\electron\preload\configFiles\auth_key.json
[2025-10-21 17:26:09] [INFO] [preload] Watcher iniciado: auth_key.json
[2025-10-21 17:26:09] [ERROR] [loggerWatcher] Archivo logger_config.json NO encontrado en: C:\Users\User\Documents\Personal\LockeritDesk\electron\preload\configFiles\logger_config.json
[2025-10-21 17:26:09] [INFO] [preload] Watcher iniciado: logger_config.json
[2025-10-21 17:26:09] [ERROR] [envWatcher] Archivo .env NO encontrado en: C:\Users\User\Documents\Personal\LockeritDesk\electron\preload\configFiles\.env
[2025-10-21 17:26:09] [INFO] [preload] Watcher iniciado: .env
[2025-10-21 17:26:09] [INFO] [preload] API expuesta en window.electronAPI
[2025-10-21 17:26:09] [INFO] [preload] Inicializando preload.js
[2025-10-21 17:26:09] [ERROR] [setupWatcher] Archivo setup_config.json NO encontrado en: C:\Users\User\Documents\Personal\LockeritDesk\electron\preload\configFiles\setup_config.json
[2025-10-21 17:26:09] [INFO] [preload] Watcher iniciado: setup_config.json
[2025-10-21 17:26:09] [ERROR] [authWatcher] auth_key.json NO encontrado: C:\Users\User\Documents\Personal\LockeritDesk\electron\preload\configFiles\auth_key.json
[2025-10-21 17:26:09] [INFO] [preload] Watcher iniciado: auth_key.json
[2025-10-21 17:26:09] [ERROR] [loggerWatcher] Archivo logger_config.json NO encontrado en: C:\Users\User\Documents\Personal\LockeritDesk\electron\preload\configFiles\logger_config.json
[2025-10-21 17:26:09] [INFO] [preload] Watcher iniciado: logger_config.json
[2025-10-21 17:26:09] [ERROR] [envWatcher] Archivo .env NO encontrado en: C:\Users\User\Documents\Personal\LockeritDesk\electron\preload\configFiles\.env
[2025-10-21 17:26:09] [INFO] [preload] Watcher iniciado: .env
[2025-10-21 17:26:09] [INFO] [preload] API expuesta en window.electronAPI
[2025-10-21 17:26:10] [INFO] [preload] Inicializando preload.js
[2025-10-21 17:26:10] [ERROR] [setupWatcher] Archivo setup_config.json NO encontrado en: C:\Users\User\Documents\Personal\LockeritDesk\electron\preload\configFiles\setup_config.json
[2025-10-21 17:26:10] [INFO] [preload] Watcher iniciado: setup_config.json
[2025-10-21 17:26:10] [ERROR] [authWatcher] auth_key.json NO encontrado: C:\Users\User\Documents\Personal\LockeritDesk\electron\preload\configFiles\auth_key.json
[2025-10-21 17:26:10] [INFO] [preload] Watcher iniciado: auth_key.json
[2025-10-21 17:26:10] [ERROR] [loggerWatcher] Archivo logger_config.json NO encontrado en: C:\Users\User\Documents\Personal\LockeritDesk\electron\preload\configFiles\logger_config.json
[2025-10-21 17:26:10] [INFO] [preload] Watcher iniciado: logger_config.json
[2025-10-21 17:26:10] [ERROR] [envWatcher] Archivo .env NO encontrado en: C:\Users\User\Documents\Personal\LockeritDesk\electron\preload\configFiles\.env
[2025-10-21 17:26:10] [INFO] [preload] Watcher iniciado: .env
[2025-10-21 17:26:10] [INFO] [preload] API expuesta en window.electronAPI
[2025-10-21 17:26:10] [INFO] [preload] Inicializando preload.js
[2025-10-21 17:26:10] [ERROR] [setupWatcher] Archivo setup_config.json NO encontrado en: C:\Users\User\Documents\Personal\LockeritDesk\electron\preload\configFiles\setup_config.json
[2025-10-21 17:26:10] [INFO] [preload] Watcher iniciado: setup_config.json
[2025-10-21 17:26:10] [ERROR] [authWatcher] auth_key.json NO encontrado: C:\Users\User\Documents\Personal\LockeritDesk\electron\preload\configFiles\auth_key.json
[2025-10-21 17:26:10] [INFO] [preload] Watcher iniciado: auth_key.json
[2025-10-21 17:26:10] [ERROR] [loggerWatcher] Archivo logger_config.json NO encontrado en: C:\Users\User\Documents\Personal\LockeritDesk\electron\preload\configFiles\logger_config.json
[2025-10-21 17:26:10] [INFO] [preload] Watcher iniciado: logger_config.json
[2025-10-21 17:26:10] [ERROR] [envWatcher] Archivo .env NO encontrado en: C:\Users\User\Documents\Personal\LockeritDesk\electron\preload\configFiles\.env
[2025-10-21 17:26:10] [INFO] [preload] Watcher iniciado: .env
[2025-10-21 17:26:10] [INFO] [preload] API expuesta en window.electronAPI
[2025-10-21 17:26:10] [INFO] [preload] Inicializando preload.js
[2025-10-21 17:26:10] [ERROR] [setupWatcher] Archivo setup_config.json NO encontrado en: C:\Users\User\Documents\Personal\LockeritDesk\electron\preload\configFiles\setup_config.json
[2025-10-21 17:26:10] [INFO] [preload] Watcher iniciado: setup_config.json
[2025-10-21 17:26:10] [ERROR] [authWatcher] auth_key.json NO encontrado: C:\Users\User\Documents\Personal\LockeritDesk\electron\preload\configFiles\auth_key.json
[2025-10-21 17:26:10] [INFO] [preload] Watcher iniciado: auth_key.json
[2025-10-21 17:26:10] [ERROR] [loggerWatcher] Archivo logger_config.json NO encontrado en: C:\Users\User\Documents\Personal\LockeritDesk\electron\preload\configFiles\logger_config.json
[2025-10-21 17:26:10] [INFO] [preload] Watcher iniciado: logger_config.json
[2025-10-21 17:26:10] [ERROR] [envWatcher] Archivo .env NO encontrado en: C:\Users\User\Documents\Personal\LockeritDesk\electron\preload\configFiles\.env
[2025-10-21 17:26:10] [INFO] [preload] Watcher iniciado: .env
[2025-10-21 17:26:10] [INFO] [preload] API expuesta en window.electronAPI
[2025-10-21 17:26:11] [INFO] [preload] Inicializando preload.js
[2025-10-21 17:26:11] [ERROR] [setupWatcher] Archivo setup_config.json NO encontrado en: C:\Users\User\Documents\Personal\LockeritDesk\electron\preload\configFiles\setup_config.json
[2025-10-21 17:26:11] [INFO] [preload] Watcher iniciado: setup_config.json
[2025-10-21 17:26:11] [ERROR] [authWatcher] auth_key.json NO encontrado: C:\Users\User\Documents\Personal\LockeritDesk\electron\preload\configFiles\auth_key.json
[2025-10-21 17:26:11] [INFO] [preload] Watcher iniciado: auth_key.json
[2025-10-21 17:26:11] [ERROR] [loggerWatcher] Archivo logger_config.json NO encontrado en: C:\Users\User\Documents\Personal\LockeritDesk\electron\preload\configFiles\logger_config.json
[2025-10-21 17:26:11] [INFO] [preload] Watcher iniciado: logger_config.json
[2025-10-21 17:26:11] [ERROR] [envWatcher] Archivo .env NO encontrado en: C:\Users\User\Documents\Personal\LockeritDesk\electron\preload\configFiles\.env
[2025-10-21 17:26:11] [INFO] [preload] Watcher iniciado: .env
[2025-10-21 17:26:11] [INFO] [preload] API expuesta en window.electronAPI
[2025-10-21 17:26:11] [INFO] [preload] Inicializando preload.js
[2025-10-21 17:26:11] [ERROR] [setupWatcher] Archivo setup_config.json NO encontrado en: C:\Users\User\Documents\Personal\LockeritDesk\electron\preload\configFiles\setup_config.json
[2025-10-21 17:26:11] [INFO] [preload] Watcher iniciado: setup_config.json
[2025-10-21 17:26:11] [ERROR] [authWatcher] auth_key.json NO encontrado: C:\Users\User\Documents\Personal\LockeritDesk\electron\preload\configFiles\auth_key.json
[2025-10-21 17:26:11] [INFO] [preload] Watcher iniciado: auth_key.json
[2025-10-21 17:26:11] [ERROR] [loggerWatcher] Archivo logger_config.json NO encontrado en: C:\Users\User\Documents\Personal\LockeritDesk\electron\preload\configFiles\logger_config.json
[2025-10-21 17:26:11] [INFO] [preload] Watcher iniciado: logger_config.json
[2025-10-21 17:26:11] [ERROR] [envWatcher] Archivo .env NO encontrado en: C:\Users\User\Documents\Personal\LockeritDesk\electron\preload\configFiles\.env
[2025-10-21 17:26:11] [INFO] [preload] Watcher iniciado: .env
[2025-10-21 17:26:11] [INFO] [preload] API expuesta en window.electronAPI
[2025-10-21 17:26:11] [INFO] [preload] Inicializando preload.js
[2025-10-21 17:26:11] [ERROR] [setupWatcher] Archivo setup_config.json NO encontrado en: C:\Users\User\Documents\Personal\LockeritDesk\electron\preload\configFiles\setup_config.json
[2025-10-21 17:26:11] [INFO] [preload] Watcher iniciado: setup_config.json
[2025-10-21 17:26:11] [ERROR] [authWatcher] auth_key.json NO encontrado: C:\Users\User\Documents\Personal\LockeritDesk\electron\preload\configFiles\auth_key.json
[2025-10-21 17:26:11] [INFO] [preload] Watcher iniciado: auth_key.json
[2025-10-21 17:26:11] [ERROR] [loggerWatcher] Archivo logger_config.json NO encontrado en: C:\Users\User\Documents\Personal\LockeritDesk\electron\preload\configFiles\logger_config.json
[2025-10-21 17:26:11] [INFO] [preload] Watcher iniciado: logger_config.json
[2025-10-21 17:26:11] [ERROR] [envWatcher] Archivo .env NO encontrado en: C:\Users\User\Documents\Personal\LockeritDesk\electron\preload\configFiles\.env
[2025-10-21 17:26:11] [INFO] [preload] Watcher iniciado: .env
[2025-10-21 17:26:11] [INFO] [preload] API expuesta en window.electronAPI
[2025-10-21 17:26:11] [INFO] [preload] Inicializando preload.js
[2025-10-21 17:26:11] [ERROR] [setupWatcher] Archivo setup_config.json NO encontrado en: C:\Users\User\Documents\Personal\LockeritDesk\electron\preload\configFiles\setup_config.json
[2025-10-21 17:26:11] [INFO] [preload] Watcher iniciado: setup_config.json
[2025-10-21 17:26:11] [ERROR] [authWatcher] auth_key.json NO encontrado: C:\Users\User\Documents\Personal\LockeritDesk\electron\preload\configFiles\auth_key.json
[2025-10-21 17:26:11] [INFO] [preload] Watcher iniciado: auth_key.json
[2025-10-21 17:26:11] [ERROR] [loggerWatcher] Archivo logger_config.json NO encontrado en: C:\Users\User\Documents\Personal\LockeritDesk\electron\preload\configFiles\logger_config.json
[2025-10-21 17:26:11] [INFO] [preload] Watcher iniciado: logger_config.json
[2025-10-21 17:26:11] [ERROR] [envWatcher] Archivo .env NO encontrado en: C:\Users\User\Documents\Personal\LockeritDesk\electron\preload\configFiles\.env
[2025-10-21 17:26:11] [INFO] [preload] Watcher iniciado: .env
[2025-10-21 17:26:11] [INFO] [preload] API expuesta en window.electronAPI
[2025-10-21 17:26:12] [INFO] [preload] Inicializando preload.js
[2025-10-21 17:26:12] [ERROR] [setupWatcher] Archivo setup_config.json NO encontrado en: C:\Users\User\Documents\Personal\LockeritDesk\electron\preload\configFiles\setup_config.json
[2025-10-21 17:26:12] [INFO] [preload] Watcher iniciado: setup_config.json
[2025-10-21 17:26:12] [ERROR] [authWatcher] auth_key.json NO encontrado: C:\Users\User\Documents\Personal\LockeritDesk\electron\preload\configFiles\auth_key.json
[2025-10-21 17:26:12] [INFO] [preload] Watcher iniciado: auth_key.json
[2025-10-21 17:26:12] [ERROR] [loggerWatcher] Archivo logger_config.json NO encontrado en: C:\Users\User\Documents\Personal\LockeritDesk\electron\preload\configFiles\logger_config.json
[2025-10-21 17:26:12] [INFO] [preload] Watcher iniciado: logger_config.json
[2025-10-21 17:26:12] [ERROR] [envWatcher] Archivo .env NO encontrado en: C:\Users\User\Documents\Personal\LockeritDesk\electron\preload\configFiles\.env
[2025-10-21 17:26:12] [INFO] [preload] Watcher iniciado: .env
[2025-10-21 17:26:12] [INFO] [preload] API expuesta en window.electronAPI
[2025-10-21 17:26:12] [INFO] [preload] Inicializando preload.js
[2025-10-21 17:26:12] [ERROR] [setupWatcher] Archivo setup_config.json NO encontrado en: C:\Users\User\Documents\Personal\LockeritDesk\electron\preload\configFiles\setup_config.json
[2025-10-21 17:26:12] [INFO] [preload] Watcher iniciado: setup_config.json
[2025-10-21 17:26:12] [ERROR] [authWatcher] auth_key.json NO encontrado: C:\Users\User\Documents\Personal\LockeritDesk\electron\preload\configFiles\auth_key.json
[2025-10-21 17:26:12] [INFO] [preload] Watcher iniciado: auth_key.json
[2025-10-21 17:26:12] [ERROR] [loggerWatcher] Archivo logger_config.json NO encontrado en: C:\Users\User\Documents\Personal\LockeritDesk\electron\preload\configFiles\logger_config.json
[2025-10-21 17:26:12] [INFO] [preload] Watcher iniciado: logger_config.json
[2025-10-21 17:26:12] [ERROR] [envWatcher] Archivo .env NO encontrado en: C:\Users\User\Documents\Personal\LockeritDesk\electron\preload\configFiles\.env
[2025-10-21 17:26:12] [INFO] [preload] Watcher iniciado: .env
[2025-10-21 17:26:12] [INFO] [preload] API expuesta en window.electronAPI
[2025-10-21 17:26:12] [INFO] [preload] Inicializando preload.js
[2025-10-21 17:26:12] [ERROR] [setupWatcher] Archivo setup_config.json NO encontrado en: C:\Users\User\Documents\Personal\LockeritDesk\electron\preload\configFiles\setup_config.json
[2025-10-21 17:26:12] [INFO] [preload] Watcher iniciado: setup_config.json
[2025-10-21 17:26:12] [ERROR] [authWatcher] auth_key.json NO encontrado: C:\Users\User\Documents\Personal\LockeritDesk\electron\preload\configFiles\auth_key.json
[2025-10-21 17:26:12] [INFO] [preload] Watcher iniciado: auth_key.json
[2025-10-21 17:26:12] [ERROR] [loggerWatcher] Archivo logger_config.json NO encontrado en: C:\Users\User\Documents\Personal\LockeritDesk\electron\preload\configFiles\logger_config.json
[2025-10-21 17:26:12] [INFO] [preload] Watcher iniciado: logger_config.json
[2025-10-21 17:26:12] [ERROR] [envWatcher] Archivo .env NO encontrado en: C:\Users\User\Documents\Personal\LockeritDesk\electron\preload\configFiles\.env
[2025-10-21 17:26:12] [INFO] [preload] Watcher iniciado: .env
[2025-10-21 17:26:12] [INFO] [preload] API expuesta en window.electronAPI
[2025-10-21 17:26:12] [INFO] [preload] Inicializando preload.js
[2025-10-21 17:26:12] [ERROR] [setupWatcher] Archivo setup_config.json NO encontrado en: C:\Users\User\Documents\Personal\LockeritDesk\electron\preload\configFiles\setup_config.json
[2025-10-21 17:26:12] [INFO] [preload] Watcher iniciado: setup_config.json
[2025-10-21 17:26:12] [ERROR] [authWatcher] auth_key.json NO encontrado: C:\Users\User\Documents\Personal\LockeritDesk\electron\preload\configFiles\auth_key.json
[2025-10-21 17:26:12] [INFO] [preload] Watcher iniciado: auth_key.json
[2025-10-21 17:26:12] [ERROR] [loggerWatcher] Archivo logger_config.json NO encontrado en: C:\Users\User\Documents\Personal\LockeritDesk\electron\preload\configFiles\logger_config.json
[2025-10-21 17:26:12] [INFO] [preload] Watcher iniciado: logger_config.json
[2025-10-21 17:26:12] [ERROR] [envWatcher] Archivo .env NO encontrado en: C:\Users\User\Documents\Personal\LockeritDesk\electron\preload\configFiles\.env
[2025-10-21 17:26:12] [INFO] [preload] Watcher iniciado: .env
[2025-10-21 17:26:12] [INFO] [preload] API expuesta en window.electronAPI
[2025-10-21 17:26:13] [INFO] [preload] Inicializando preload.js
[2025-10-21 17:26:13] [ERROR] [setupWatcher] Archivo setup_config.json NO encontrado en: C:\Users\User\Documents\Personal\LockeritDesk\electron\preload\configFiles\setup_config.json
[2025-10-21 17:26:13] [INFO] [preload] Watcher iniciado: setup_config.json
[2025-10-21 17:26:13] [ERROR] [authWatcher] auth_key.json NO encontrado: C:\Users\User\Documents\Personal\LockeritDesk\electron\preload\configFiles\auth_key.json
[2025-10-21 17:26:13] [INFO] [preload] Watcher iniciado: auth_key.json
[2025-10-21 17:26:13] [ERROR] [loggerWatcher] Archivo logger_config.json NO encontrado en: C:\Users\User\Documents\Personal\LockeritDesk\electron\preload\configFiles\logger_config.json
[2025-10-21 17:26:13] [INFO] [preload] Watcher iniciado: logger_config.json
[2025-10-21 17:26:13] [ERROR] [envWatcher] Archivo .env NO encontrado en: C:\Users\User\Documents\Personal\LockeritDesk\electron\preload\configFiles\.env
[2025-10-21 17:26:13] [INFO] [preload] Watcher iniciado: .env
[2025-10-21 17:26:13] [INFO] [preload] API expuesta en window.electronAPI
[2025-10-21 17:26:13] [INFO] [preload] Inicializando preload.js
[2025-10-21 17:26:13] [ERROR] [setupWatcher] Archivo setup_config.json NO encontrado en: C:\Users\User\Documents\Personal\LockeritDesk\electron\preload\configFiles\setup_config.json
[2025-10-21 17:26:13] [INFO] [preload] Watcher iniciado: setup_config.json
[2025-10-21 17:26:13] [ERROR] [authWatcher] auth_key.json NO encontrado: C:\Users\User\Documents\Personal\LockeritDesk\electron\preload\configFiles\auth_key.json
[2025-10-21 17:26:13] [INFO] [preload] Watcher iniciado: auth_key.json
[2025-10-21 17:26:13] [ERROR] [loggerWatcher] Archivo logger_config.json NO encontrado en: C:\Users\User\Documents\Personal\LockeritDesk\electron\preload\configFiles\logger_config.json
[2025-10-21 17:26:13] [INFO] [preload] Watcher iniciado: logger_config.json
[2025-10-21 17:26:13] [ERROR] [envWatcher] Archivo .env NO encontrado en: C:\Users\User\Documents\Personal\LockeritDesk\electron\preload\configFiles\.env
[2025-10-21 17:26:13] [INFO] [preload] Watcher iniciado: .env
[2025-10-21 17:26:13] [INFO] [preload] API expuesta en window.electronAPI
[2025-10-21 17:26:13] [INFO] [preload] Inicializando preload.js
[2025-10-21 17:26:13] [ERROR] [setupWatcher] Archivo setup_config.json NO encontrado en: C:\Users\User\Documents\Personal\LockeritDesk\electron\preload\configFiles\setup_config.json
[2025-10-21 17:26:13] [INFO] [preload] Watcher iniciado: setup_config.json
[2025-10-21 17:26:13] [ERROR] [authWatcher] auth_key.json NO encontrado: C:\Users\User\Documents\Personal\LockeritDesk\electron\preload\configFiles\auth_key.json
[2025-10-21 17:26:13] [INFO] [preload] Watcher iniciado: auth_key.json
[2025-10-21 17:26:13] [ERROR] [loggerWatcher] Archivo logger_config.json NO encontrado en: C:\Users\User\Documents\Personal\LockeritDesk\electron\preload\configFiles\logger_config.json
[2025-10-21 17:26:13] [INFO] [preload] Watcher iniciado: logger_config.json
[2025-10-21 17:26:13] [ERROR] [envWatcher] Archivo .env NO encontrado en: C:\Users\User\Documents\Personal\LockeritDesk\electron\preload\configFiles\.env
[2025-10-21 17:26:13] [INFO] [preload] Watcher iniciado: .env
[2025-10-21 17:26:13] [INFO] [preload] API expuesta en window.electronAPI
[2025-10-21 17:26:13] [INFO] [preload] Inicializando preload.js
[2025-10-21 17:26:13] [ERROR] [setupWatcher] Archivo setup_config.json NO encontrado en: C:\Users\User\Documents\Personal\LockeritDesk\electron\preload\configFiles\setup_config.json
[2025-10-21 17:26:13] [INFO] [preload] Watcher iniciado: setup_config.json
[2025-10-21 17:26:13] [ERROR] [authWatcher] auth_key.json NO encontrado: C:\Users\User\Documents\Personal\LockeritDesk\electron\preload\configFiles\auth_key.json
[2025-10-21 17:26:13] [INFO] [preload] Watcher iniciado: auth_key.json
[2025-10-21 17:26:13] [ERROR] [loggerWatcher] Archivo logger_config.json NO encontrado en: C:\Users\User\Documents\Personal\LockeritDesk\electron\preload\configFiles\logger_config.json
[2025-10-21 17:26:13] [INFO] [preload] Watcher iniciado: logger_config.json
[2025-10-21 17:26:13] [ERROR] [envWatcher] Archivo .env NO encontrado en: C:\Users\User\Documents\Personal\LockeritDesk\electron\preload\configFiles\.env
[2025-10-21 17:26:13] [INFO] [preload] Watcher iniciado: .env
[2025-10-21 17:26:13] [INFO] [preload] API expuesta en window.electronAPI
[2025-10-21 17:26:14] [INFO] [preload] Inicializando preload.js
[2025-10-21 17:26:14] [ERROR] [setupWatcher] Archivo setup_config.json NO encontrado en: C:\Users\User\Documents\Personal\LockeritDesk\electron\preload\configFiles\setup_config.json
[2025-10-21 17:26:14] [INFO] [preload] Watcher iniciado: setup_config.json
[2025-10-21 17:26:14] [ERROR] [authWatcher] auth_key.json NO encontrado: C:\Users\User\Documents\Personal\LockeritDesk\electron\preload\configFiles\auth_key.json
[2025-10-21 17:26:14] [INFO] [preload] Watcher iniciado: auth_key.json
[2025-10-21 17:26:14] [ERROR] [loggerWatcher] Archivo logger_config.json NO encontrado en: C:\Users\User\Documents\Personal\LockeritDesk\electron\preload\configFiles\logger_config.json
[2025-10-21 17:26:14] [INFO] [preload] Watcher iniciado: logger_config.json
[2025-10-21 17:26:14] [ERROR] [envWatcher] Archivo .env NO encontrado en: C:\Users\User\Documents\Personal\LockeritDesk\electron\preload\configFiles\.env
[2025-10-21 17:26:14] [INFO] [preload] Watcher iniciado: .env
[2025-10-21 17:26:14] [INFO] [preload] API expuesta en window.electronAPI
[2025-10-21 17:26:14] [INFO] [preload] Inicializando preload.js
[2025-10-21 17:26:14] [ERROR] [setupWatcher] Archivo setup_config.json NO encontrado en: C:\Users\User\Documents\Personal\LockeritDesk\electron\preload\configFiles\setup_config.json
[2025-10-21 17:26:14] [INFO] [preload] Watcher iniciado: setup_config.json
[2025-10-21 17:26:14] [ERROR] [authWatcher] auth_key.json NO encontrado: C:\Users\User\Documents\Personal\LockeritDesk\electron\preload\configFiles\auth_key.json
[2025-10-21 17:26:14] [INFO] [preload] Watcher iniciado: auth_key.json
[2025-10-21 17:26:14] [ERROR] [loggerWatcher] Archivo logger_config.json NO encontrado en: C:\Users\User\Documents\Personal\LockeritDesk\electron\preload\configFiles\logger_config.json
[2025-10-21 17:26:14] [INFO] [preload] Watcher iniciado: logger_config.json
[2025-10-21 17:26:14] [ERROR] [envWatcher] Archivo .env NO encontrado en: C:\Users\User\Documents\Personal\LockeritDesk\electron\preload\configFiles\.env
[2025-10-21 17:26:14] [INFO] [preload] Watcher iniciado: .env
[2025-10-21 17:26:14] [INFO] [preload] API expuesta en window.electronAPI
[2025-10-21 17:26:14] [INFO] [preload] Inicializando preload.js
[2025-10-21 17:26:14] [ERROR] [setupWatcher] Archivo setup_config.json NO encontrado en: C:\Users\User\Documents\Personal\LockeritDesk\electron\preload\configFiles\setup_config.json
[2025-10-21 17:26:14] [INFO] [preload] Watcher iniciado: setup_config.json
[2025-10-21 17:26:14] [ERROR] [authWatcher] auth_key.json NO encontrado: C:\Users\User\Documents\Personal\LockeritDesk\electron\preload\configFiles\auth_key.json
[2025-10-21 17:26:14] [INFO] [preload] Watcher iniciado: auth_key.json
[2025-10-21 17:26:14] [ERROR] [loggerWatcher] Archivo logger_config.json NO encontrado en: C:\Users\User\Documents\Personal\LockeritDesk\electron\preload\configFiles\logger_config.json
[2025-10-21 17:26:14] [INFO] [preload] Watcher iniciado: logger_config.json
[2025-10-21 17:26:14] [ERROR] [envWatcher] Archivo .env NO encontrado en: C:\Users\User\Documents\Personal\LockeritDesk\electron\preload\configFiles\.env
[2025-10-21 17:26:14] [INFO] [preload] Watcher iniciado: .env
[2025-10-21 17:26:14] [INFO] [preload] API expuesta en window.electronAPI
[2025-10-21 17:26:15] [INFO] [preload] Inicializando preload.js
[2025-10-21 17:26:15] [ERROR] [setupWatcher] Archivo setup_config.json NO encontrado en: C:\Users\User\Documents\Personal\LockeritDesk\electron\preload\configFiles\setup_config.json
[2025-10-21 17:26:15] [INFO] [preload] Watcher iniciado: setup_config.json
[2025-10-21 17:26:15] [ERROR] [authWatcher] auth_key.json NO encontrado: C:\Users\User\Documents\Personal\LockeritDesk\electron\preload\configFiles\auth_key.json
[2025-10-21 17:26:15] [INFO] [preload] Watcher iniciado: auth_key.json
[2025-10-21 17:26:15] [ERROR] [loggerWatcher] Archivo logger_config.json NO encontrado en: C:\Users\User\Documents\Personal\LockeritDesk\electron\preload\configFiles\logger_config.json
[2025-10-21 17:26:15] [INFO] [preload] Watcher iniciado: logger_config.json
[2025-10-21 17:26:15] [ERROR] [envWatcher] Archivo .env NO encontrado en: C:\Users\User\Documents\Personal\LockeritDesk\electron\preload\configFiles\.env
[2025-10-21 17:26:15] [INFO] [preload] Watcher iniciado: .env
[2025-10-21 17:26:15] [INFO] [preload] API expuesta en window.electronAPI
[2025-10-21 17:26:15] [INFO] [preload] Inicializando preload.js
[2025-10-21 17:26:15] [ERROR] [setupWatcher] Archivo setup_config.json NO encontrado en: C:\Users\User\Documents\Personal\LockeritDesk\electron\preload\configFiles\setup_config.json
[2025-10-21 17:26:15] [INFO] [preload] Watcher iniciado: setup_config.json
[2025-10-21 17:26:15] [ERROR] [authWatcher] auth_key.json NO encontrado: C:\Users\User\Documents\Personal\LockeritDesk\electron\preload\configFiles\auth_key.json
[2025-10-21 17:26:15] [INFO] [preload] Watcher iniciado: auth_key.json
[2025-10-21 17:26:15] [ERROR] [loggerWatcher] Archivo logger_config.json NO encontrado en: C:\Users\User\Documents\Personal\LockeritDesk\electron\preload\configFiles\logger_config.json
[2025-10-21 17:26:15] [INFO] [preload] Watcher iniciado: logger_config.json
[2025-10-21 17:26:15] [ERROR] [envWatcher] Archivo .env NO encontrado en: C:\Users\User\Documents\Personal\LockeritDesk\electron\preload\configFiles\.env
[2025-10-21 17:26:15] [INFO] [preload] Watcher iniciado: .env
[2025-10-21 17:26:15] [INFO] [preload] API expuesta en window.electronAPI
[2025-10-21 17:26:15] [INFO] [preload] Inicializando preload.js
[2025-10-21 17:26:15] [ERROR] [setupWatcher] Archivo setup_config.json NO encontrado en: C:\Users\User\Documents\Personal\LockeritDesk\electron\preload\configFiles\setup_config.json
[2025-10-21 17:26:15] [INFO] [preload] Watcher iniciado: setup_config.json
[2025-10-21 17:26:15] [ERROR] [authWatcher] auth_key.json NO encontrado: C:\Users\User\Documents\Personal\LockeritDesk\electron\preload\configFiles\auth_key.json
[2025-10-21 17:26:15] [INFO] [preload] Watcher iniciado: auth_key.json
[2025-10-21 17:26:15] [ERROR] [loggerWatcher] Archivo logger_config.json NO encontrado en: C:\Users\User\Documents\Personal\LockeritDesk\electron\preload\configFiles\logger_config.json
[2025-10-21 17:26:15] [INFO] [preload] Watcher iniciado: logger_config.json
[2025-10-21 17:26:15] [ERROR] [envWatcher] Archivo .env NO encontrado en: C:\Users\User\Documents\Personal\LockeritDesk\electron\preload\configFiles\.env
[2025-10-21 17:26:15] [INFO] [preload] Watcher iniciado: .env
[2025-10-21 17:26:15] [INFO] [preload] API expuesta en window.electronAPI
[2025-10-21 17:26:16] [INFO] [preload] Inicializando preload.js
[2025-10-21 17:26:16] [ERROR] [setupWatcher] Archivo setup_config.json NO encontrado en: C:\Users\User\Documents\Personal\LockeritDesk\electron\preload\configFiles\setup_config.json
[2025-10-21 17:26:16] [INFO] [preload] Watcher iniciado: setup_config.json
[2025-10-21 17:26:16] [ERROR] [authWatcher] auth_key.json NO encontrado: C:\Users\User\Documents\Personal\LockeritDesk\electron\preload\configFiles\auth_key.json
[2025-10-21 17:26:16] [INFO] [preload] Watcher iniciado: auth_key.json
[2025-10-21 17:26:16] [ERROR] [loggerWatcher] Archivo logger_config.json NO encontrado en: C:\Users\User\Documents\Personal\LockeritDesk\electron\preload\configFiles\logger_config.json
[2025-10-21 17:26:16] [INFO] [preload] Watcher iniciado: logger_config.json
[2025-10-21 17:26:16] [ERROR] [envWatcher] Archivo .env NO encontrado en: C:\Users\User\Documents\Personal\LockeritDesk\electron\preload\configFiles\.env
[2025-10-21 17:26:16] [INFO] [preload] Watcher iniciado: .env
[2025-10-21 17:26:16] [INFO] [preload] API expuesta en window.electronAPI
[2025-10-21 17:26:16] [INFO] [preload] Inicializando preload.js
[2025-10-21 17:26:16] [ERROR] [setupWatcher] Archivo setup_config.json NO encontrado en: C:\Users\User\Documents\Personal\LockeritDesk\electron\preload\configFiles\setup_config.json
[2025-10-21 17:26:16] [INFO] [preload] Watcher iniciado: setup_config.json
[2025-10-21 17:26:16] [ERROR] [authWatcher] auth_key.json NO encontrado: C:\Users\User\Documents\Personal\LockeritDesk\electron\preload\configFiles\auth_key.json
[2025-10-21 17:26:16] [INFO] [preload] Watcher iniciado: auth_key.json
[2025-10-21 17:26:16] [ERROR] [loggerWatcher] Archivo logger_config.json NO encontrado en: C:\Users\User\Documents\Personal\LockeritDesk\electron\preload\configFiles\logger_config.json
[2025-10-21 17:26:16] [INFO] [preload] Watcher iniciado: logger_config.json
[2025-10-21 17:26:16] [ERROR] [envWatcher] Archivo .env NO encontrado en: C:\Users\User\Documents\Personal\LockeritDesk\electron\preload\configFiles\.env
[2025-10-21 17:26:16] [INFO] [preload] Watcher iniciado: .env
[2025-10-21 17:26:16] [INFO] [preload] API expuesta en window.electronAPI
[2025-10-21 17:26:16] [INFO] [preload] Inicializando preload.js
[2025-10-21 17:26:16] [ERROR] [setupWatcher] Archivo setup_config.json NO encontrado en: C:\Users\User\Documents\Personal\LockeritDesk\electron\preload\configFiles\setup_config.json
[2025-10-21 17:26:16] [INFO] [preload] Watcher iniciado: setup_config.json
[2025-10-21 17:26:16] [ERROR] [authWatcher] auth_key.json NO encontrado: C:\Users\User\Documents\Personal\LockeritDesk\electron\preload\configFiles\auth_key.json
[2025-10-21 17:26:16] [INFO] [preload] Watcher iniciado: auth_key.json
[2025-10-21 17:26:16] [ERROR] [loggerWatcher] Archivo logger_config.json NO encontrado en: C:\Users\User\Documents\Personal\LockeritDesk\electron\preload\configFiles\logger_config.json
[2025-10-21 17:26:16] [INFO] [preload] Watcher iniciado: logger_config.json
[2025-10-21 17:26:16] [ERROR] [envWatcher] Archivo .env NO encontrado en: C:\Users\User\Documents\Personal\LockeritDesk\electron\preload\configFiles\.env
[2025-10-21 17:26:16] [INFO] [preload] Watcher iniciado: .env
[2025-10-21 17:26:16] [INFO] [preload] API expuesta en window.electronAPI
[2025-10-21 17:26:17] [INFO] [preload] Inicializando preload.js
[2025-10-21 17:26:17] [ERROR] [setupWatcher] Archivo setup_config.json NO encontrado en: C:\Users\User\Documents\Personal\LockeritDesk\electron\preload\configFiles\setup_config.json
[2025-10-21 17:26:17] [INFO] [preload] Watcher iniciado: setup_config.json
[2025-10-21 17:26:17] [ERROR] [authWatcher] auth_key.json NO encontrado: C:\Users\User\Documents\Personal\LockeritDesk\electron\preload\configFiles\auth_key.json
[2025-10-21 17:26:17] [INFO] [preload] Watcher iniciado: auth_key.json
[2025-10-21 17:26:17] [ERROR] [loggerWatcher] Archivo logger_config.json NO encontrado en: C:\Users\User\Documents\Personal\LockeritDesk\electron\preload\configFiles\logger_config.json
[2025-10-21 17:26:17] [INFO] [preload] Watcher iniciado: logger_config.json
[2025-10-21 17:26:17] [ERROR] [envWatcher] Archivo .env NO encontrado en: C:\Users\User\Documents\Personal\LockeritDesk\electron\preload\configFiles\.env
[2025-10-21 17:26:17] [INFO] [preload] Watcher iniciado: .env
[2025-10-21 17:26:17] [INFO] [preload] API expuesta en window.electronAPI
[2025-10-21 17:26:17] [INFO] [preload] Inicializando preload.js
[2025-10-21 17:26:17] [ERROR] [setupWatcher] Archivo setup_config.json NO encontrado en: C:\Users\User\Documents\Personal\LockeritDesk\electron\preload\configFiles\setup_config.json
[2025-10-21 17:26:17] [INFO] [preload] Watcher iniciado: setup_config.json
[2025-10-21 17:26:17] [ERROR] [authWatcher] auth_key.json NO encontrado: C:\Users\User\Documents\Personal\LockeritDesk\electron\preload\configFiles\auth_key.json
[2025-10-21 17:26:17] [INFO] [preload] Watcher iniciado: auth_key.json
[2025-10-21 17:26:17] [ERROR] [loggerWatcher] Archivo logger_config.json NO encontrado en: C:\Users\User\Documents\Personal\LockeritDesk\electron\preload\configFiles\logger_config.json
[2025-10-21 17:26:17] [INFO] [preload] Watcher iniciado: logger_config.json
[2025-10-21 17:26:17] [ERROR] [envWatcher] Archivo .env NO encontrado en: C:\Users\User\Documents\Personal\LockeritDesk\electron\preload\configFiles\.env
[2025-10-21 17:26:17] [INFO] [preload] Watcher iniciado: .env
[2025-10-21 17:26:17] [INFO] [preload] API expuesta en window.electronAPI
[2025-10-21 17:26:17] [INFO] [preload] Inicializando preload.js
[2025-10-21 17:26:17] [ERROR] [setupWatcher] Archivo setup_config.json NO encontrado en: C:\Users\User\Documents\Personal\LockeritDesk\electron\preload\configFiles\setup_config.json
[2025-10-21 17:26:17] [INFO] [preload] Watcher iniciado: setup_config.json
[2025-10-21 17:26:17] [ERROR] [authWatcher] auth_key.json NO encontrado: C:\Users\User\Documents\Personal\LockeritDesk\electron\preload\configFiles\auth_key.json
[2025-10-21 17:26:17] [INFO] [preload] Watcher iniciado: auth_key.json
[2025-10-21 17:26:17] [ERROR] [loggerWatcher] Archivo logger_config.json NO encontrado en: C:\Users\User\Documents\Personal\LockeritDesk\electron\preload\configFiles\logger_config.json
[2025-10-21 17:26:17] [INFO] [preload] Watcher iniciado: logger_config.json
[2025-10-21 17:26:17] [ERROR] [envWatcher] Archivo .env NO encontrado en: C:\Users\User\Documents\Personal\LockeritDesk\electron\preload\configFiles\.env
[2025-10-21 17:26:17] [INFO] [preload] Watcher iniciado: .env
[2025-10-21 17:26:17] [INFO] [preload] API expuesta en window.electronAPI
[2025-10-21 17:26:18] [INFO] [preload] Inicializando preload.js
[2025-10-21 17:26:18] [ERROR] [setupWatcher] Archivo setup_config.json NO encontrado en: C:\Users\User\Documents\Personal\LockeritDesk\electron\preload\configFiles\setup_config.json
[2025-10-21 17:26:18] [INFO] [preload] Watcher iniciado: setup_config.json
[2025-10-21 17:26:18] [ERROR] [authWatcher] auth_key.json NO encontrado: C:\Users\User\Documents\Personal\LockeritDesk\electron\preload\configFiles\auth_key.json
[2025-10-21 17:26:18] [INFO] [preload] Watcher iniciado: auth_key.json
[2025-10-21 17:26:18] [ERROR] [loggerWatcher] Archivo logger_config.json NO encontrado en: C:\Users\User\Documents\Personal\LockeritDesk\electron\preload\configFiles\logger_config.json
[2025-10-21 17:26:18] [INFO] [preload] Watcher iniciado: logger_config.json
[2025-10-21 17:26:18] [ERROR] [envWatcher] Archivo .env NO encontrado en: C:\Users\User\Documents\Personal\LockeritDesk\electron\preload\configFiles\.env
[2025-10-21 17:26:18] [INFO] [preload] Watcher iniciado: .env
[2025-10-21 17:26:18] [INFO] [preload] API expuesta en window.electronAPI
[2025-10-21 17:26:18] [INFO] [preload] Inicializando preload.js
[2025-10-21 17:26:18] [ERROR] [setupWatcher] Archivo setup_config.json NO encontrado en: C:\Users\User\Documents\Personal\LockeritDesk\electron\preload\configFiles\setup_config.json
[2025-10-21 17:26:18] [INFO] [preload] Watcher iniciado: setup_config.json
[2025-10-21 17:26:18] [ERROR] [authWatcher] auth_key.json NO encontrado: C:\Users\User\Documents\Personal\LockeritDesk\electron\preload\configFiles\auth_key.json
[2025-10-21 17:26:18] [INFO] [preload] Watcher iniciado: auth_key.json
[2025-10-21 17:26:18] [ERROR] [loggerWatcher] Archivo logger_config.json NO encontrado en: C:\Users\User\Documents\Personal\LockeritDesk\electron\preload\configFiles\logger_config.json
[2025-10-21 17:26:18] [INFO] [preload] Watcher iniciado: logger_config.json
[2025-10-21 17:26:18] [ERROR] [envWatcher] Archivo .env NO encontrado en: C:\Users\User\Documents\Personal\LockeritDesk\electron\preload\configFiles\.env
[2025-10-21 17:26:18] [INFO] [preload] Watcher iniciado: .env
[2025-10-21 17:26:18] [INFO] [preload] API expuesta en window.electronAPI
[2025-10-21 17:26:18] [INFO] [preload] Inicializando preload.js
[2025-10-21 17:26:18] [ERROR] [setupWatcher] Archivo setup_config.json NO encontrado en: C:\Users\User\Documents\Personal\LockeritDesk\electron\preload\configFiles\setup_config.json
[2025-10-21 17:26:18] [INFO] [preload] Watcher iniciado: setup_config.json
[2025-10-21 17:26:18] [ERROR] [authWatcher] auth_key.json NO encontrado: C:\Users\User\Documents\Personal\LockeritDesk\electron\preload\configFiles\auth_key.json
[2025-10-21 17:26:18] [INFO] [preload] Watcher iniciado: auth_key.json
[2025-10-21 17:26:18] [ERROR] [loggerWatcher] Archivo logger_config.json NO encontrado en: C:\Users\User\Documents\Personal\LockeritDesk\electron\preload\configFiles\logger_config.json
[2025-10-21 17:26:18] [INFO] [preload] Watcher iniciado: logger_config.json
[2025-10-21 17:26:18] [ERROR] [envWatcher] Archivo .env NO encontrado en: C:\Users\User\Documents\Personal\LockeritDesk\electron\preload\configFiles\.env
[2025-10-21 17:26:18] [INFO] [preload] Watcher iniciado: .env
[2025-10-21 17:26:18] [INFO] [preload] API expuesta en window.electronAPI
[2025-10-21 17:26:19] [INFO] [preload] Inicializando preload.js
[2025-10-21 17:26:19] [ERROR] [setupWatcher] Archivo setup_config.json NO encontrado en: C:\Users\User\Documents\Personal\LockeritDesk\electron\preload\configFiles\setup_config.json
[2025-10-21 17:26:19] [INFO] [preload] Watcher iniciado: setup_config.json
[2025-10-21 17:26:19] [ERROR] [authWatcher] auth_key.json NO encontrado: C:\Users\User\Documents\Personal\LockeritDesk\electron\preload\configFiles\auth_key.json
[2025-10-21 17:26:19] [INFO] [preload] Watcher iniciado: auth_key.json
[2025-10-21 17:26:19] [ERROR] [loggerWatcher] Archivo logger_config.json NO encontrado en: C:\Users\User\Documents\Personal\LockeritDesk\electron\preload\configFiles\logger_config.json
[2025-10-21 17:26:19] [INFO] [preload] Watcher iniciado: logger_config.json
[2025-10-21 17:26:19] [ERROR] [envWatcher] Archivo .env NO encontrado en: C:\Users\User\Documents\Personal\LockeritDesk\electron\preload\configFiles\.env
[2025-10-21 17:26:19] [INFO] [preload] Watcher iniciado: .env
[2025-10-21 17:26:19] [INFO] [preload] API expuesta en window.electronAPI
[2025-10-21 17:26:19] [INFO] [preload] Inicializando preload.js
[2025-10-21 17:26:19] [ERROR] [setupWatcher] Archivo setup_config.json NO encontrado en: C:\Users\User\Documents\Personal\LockeritDesk\electron\preload\configFiles\setup_config.json
[2025-10-21 17:26:19] [INFO] [preload] Watcher iniciado: setup_config.json
[2025-10-21 17:26:19] [ERROR] [authWatcher] auth_key.json NO encontrado: C:\Users\User\Documents\Personal\LockeritDesk\electron\preload\configFiles\auth_key.json
[2025-10-21 17:26:19] [INFO] [preload] Watcher iniciado: auth_key.json
[2025-10-21 17:26:19] [ERROR] [loggerWatcher] Archivo logger_config.json NO encontrado en: C:\Users\User\Documents\Personal\LockeritDesk\electron\preload\configFiles\logger_config.json
[2025-10-21 17:26:19] [INFO] [preload] Watcher iniciado: logger_config.json
[2025-10-21 17:26:19] [ERROR] [envWatcher] Archivo .env NO encontrado en: C:\Users\User\Documents\Personal\LockeritDesk\electron\preload\configFiles\.env
[2025-10-21 17:26:19] [INFO] [preload] Watcher iniciado: .env
[2025-10-21 17:26:19] [INFO] [preload] API expuesta en window.electronAPI
[2025-10-21 17:26:19] [INFO] [preload] Inicializando preload.js
[2025-10-21 17:26:19] [ERROR] [setupWatcher] Archivo setup_config.json NO encontrado en: C:\Users\User\Documents\Personal\LockeritDesk\electron\preload\configFiles\setup_config.json
[2025-10-21 17:26:19] [INFO] [preload] Watcher iniciado: setup_config.json
[2025-10-21 17:26:19] [ERROR] [authWatcher] auth_key.json NO encontrado: C:\Users\User\Documents\Personal\LockeritDesk\electron\preload\configFiles\auth_key.json
[2025-10-21 17:26:19] [INFO] [preload] Watcher iniciado: auth_key.json
[2025-10-21 17:26:19] [ERROR] [loggerWatcher] Archivo logger_config.json NO encontrado en: C:\Users\User\Documents\Personal\LockeritDesk\electron\preload\configFiles\logger_config.json
[2025-10-21 17:26:19] [INFO] [preload] Watcher iniciado: logger_config.json
[2025-10-21 17:26:19] [ERROR] [envWatcher] Archivo .env NO encontrado en: C:\Users\User\Documents\Personal\LockeritDesk\electron\preload\configFiles\.env
[2025-10-21 17:26:19] [INFO] [preload] Watcher iniciado: .env
[2025-10-21 17:26:19] [INFO] [preload] API expuesta en window.electronAPI
[2025-10-21 17:26:20] [INFO] [preload] Inicializando preload.js
[2025-10-21 17:26:20] [ERROR] [setupWatcher] Archivo setup_config.json NO encontrado en: C:\Users\User\Documents\Personal\LockeritDesk\electron\preload\configFiles\setup_config.json
[2025-10-21 17:26:20] [INFO] [preload] Watcher iniciado: setup_config.json
[2025-10-21 17:26:20] [ERROR] [authWatcher] auth_key.json NO encontrado: C:\Users\User\Documents\Personal\LockeritDesk\electron\preload\configFiles\auth_key.json
[2025-10-21 17:26:20] [INFO] [preload] Watcher iniciado: auth_key.json
[2025-10-21 17:26:20] [ERROR] [loggerWatcher] Archivo logger_config.json NO encontrado en: C:\Users\User\Documents\Personal\LockeritDesk\electron\preload\configFiles\logger_config.json
[2025-10-21 17:26:20] [INFO] [preload] Watcher iniciado: logger_config.json
[2025-10-21 17:26:20] [ERROR] [envWatcher] Archivo .env NO encontrado en: C:\Users\User\Documents\Personal\LockeritDesk\electron\preload\configFiles\.env
[2025-10-21 17:26:20] [INFO] [preload] Watcher iniciado: .env
[2025-10-21 17:26:20] [INFO] [preload] API expuesta en window.electronAPI
[2025-10-21 17:26:20] [INFO] [preload] Inicializando preload.js
[2025-10-21 17:26:20] [ERROR] [setupWatcher] Archivo setup_config.json NO encontrado en: C:\Users\User\Documents\Personal\LockeritDesk\electron\preload\configFiles\setup_config.json
[2025-10-21 17:26:20] [INFO] [preload] Watcher iniciado: setup_config.json
[2025-10-21 17:26:20] [ERROR] [authWatcher] auth_key.json NO encontrado: C:\Users\User\Documents\Personal\LockeritDesk\electron\preload\configFiles\auth_key.json
[2025-10-21 17:26:20] [INFO] [preload] Watcher iniciado: auth_key.json
[2025-10-21 17:26:20] [ERROR] [loggerWatcher] Archivo logger_config.json NO encontrado en: C:\Users\User\Documents\Personal\LockeritDesk\electron\preload\configFiles\logger_config.json
[2025-10-21 17:26:20] [INFO] [preload] Watcher iniciado: logger_config.json
[2025-10-21 17:26:20] [ERROR] [envWatcher] Archivo .env NO encontrado en: C:\Users\User\Documents\Personal\LockeritDesk\electron\preload\configFiles\.env
[2025-10-21 17:26:20] [INFO] [preload] Watcher iniciado: .env
[2025-10-21 17:26:20] [INFO] [preload] API expuesta en window.electronAPI
[2025-10-21 17:26:20] [INFO] [preload] Inicializando preload.js
[2025-10-21 17:26:20] [ERROR] [setupWatcher] Archivo setup_config.json NO encontrado en: C:\Users\User\Documents\Personal\LockeritDesk\electron\preload\configFiles\setup_config.json
[2025-10-21 17:26:20] [INFO] [preload] Watcher iniciado: setup_config.json
[2025-10-21 17:26:20] [ERROR] [authWatcher] auth_key.json NO encontrado: C:\Users\User\Documents\Personal\LockeritDesk\electron\preload\configFiles\auth_key.json
[2025-10-21 17:26:20] [INFO] [preload] Watcher iniciado: auth_key.json
[2025-10-21 17:26:20] [ERROR] [loggerWatcher] Archivo logger_config.json NO encontrado en: C:\Users\User\Documents\Personal\LockeritDesk\electron\preload\configFiles\logger_config.json
[2025-10-21 17:26:20] [INFO] [preload] Watcher iniciado: logger_config.json
[2025-10-21 17:26:20] [ERROR] [envWatcher] Archivo .env NO encontrado en: C:\Users\User\Documents\Personal\LockeritDesk\electron\preload\configFiles\.env
[2025-10-21 17:26:20] [INFO] [preload] Watcher iniciado: .env
[2025-10-21 17:26:20] [INFO] [preload] API expuesta en window.electronAPI
[2025-10-21 17:26:21] [INFO] [preload] Inicializando preload.js
[2025-10-21 17:26:21] [ERROR] [setupWatcher] Archivo setup_config.json NO encontrado en: C:\Users\User\Documents\Personal\LockeritDesk\electron\preload\configFiles\setup_config.json
[2025-10-21 17:26:21] [INFO] [preload] Watcher iniciado: setup_config.json
[2025-10-21 17:26:21] [ERROR] [authWatcher] auth_key.json NO encontrado: C:\Users\User\Documents\Personal\LockeritDesk\electron\preload\configFiles\auth_key.json
[2025-10-21 17:26:21] [INFO] [preload] Watcher iniciado: auth_key.json
[2025-10-21 17:26:21] [ERROR] [loggerWatcher] Archivo logger_config.json NO encontrado en: C:\Users\User\Documents\Personal\LockeritDesk\electron\preload\configFiles\logger_config.json
[2025-10-21 17:26:21] [INFO] [preload] Watcher iniciado: logger_config.json
[2025-10-21 17:26:21] [ERROR] [envWatcher] Archivo .env NO encontrado en: C:\Users\User\Documents\Personal\LockeritDesk\electron\preload\configFiles\.env
[2025-10-21 17:26:21] [INFO] [preload] Watcher iniciado: .env
[2025-10-21 17:26:21] [INFO] [preload] API expuesta en window.electronAPI
[2025-10-21 17:26:21] [INFO] [preload] Inicializando preload.js
[2025-10-21 17:26:21] [ERROR] [setupWatcher] Archivo setup_config.json NO encontrado en: C:\Users\User\Documents\Personal\LockeritDesk\electron\preload\configFiles\setup_config.json
[2025-10-21 17:26:21] [INFO] [preload] Watcher iniciado: setup_config.json
[2025-10-21 17:26:21] [ERROR] [authWatcher] auth_key.json NO encontrado: C:\Users\User\Documents\Personal\LockeritDesk\electron\preload\configFiles\auth_key.json
[2025-10-21 17:26:21] [INFO] [preload] Watcher iniciado: auth_key.json
[2025-10-21 17:26:21] [ERROR] [loggerWatcher] Archivo logger_config.json NO encontrado en: C:\Users\User\Documents\Personal\LockeritDesk\electron\preload\configFiles\logger_config.json
[2025-10-21 17:26:21] [INFO] [preload] Watcher iniciado: logger_config.json
[2025-10-21 17:26:21] [ERROR] [envWatcher] Archivo .env NO encontrado en: C:\Users\User\Documents\Personal\LockeritDesk\electron\preload\configFiles\.env
[2025-10-21 17:26:21] [INFO] [preload] Watcher iniciado: .env
[2025-10-21 17:26:21] [INFO] [preload] API expuesta en window.electronAPI
[2025-10-21 17:26:21] [INFO] [preload] Inicializando preload.js
[2025-10-21 17:26:21] [ERROR] [setupWatcher] Archivo setup_config.json NO encontrado en: C:\Users\User\Documents\Personal\LockeritDesk\electron\preload\configFiles\setup_config.json
[2025-10-21 17:26:21] [INFO] [preload] Watcher iniciado: setup_config.json
[2025-10-21 17:26:21] [ERROR] [authWatcher] auth_key.json NO encontrado: C:\Users\User\Documents\Personal\LockeritDesk\electron\preload\configFiles\auth_key.json
[2025-10-21 17:26:21] [INFO] [preload] Watcher iniciado: auth_key.json
[2025-10-21 17:26:21] [ERROR] [loggerWatcher] Archivo logger_config.json NO encontrado en: C:\Users\User\Documents\Personal\LockeritDesk\electron\preload\configFiles\logger_config.json
[2025-10-21 17:26:21] [INFO] [preload] Watcher iniciado: logger_config.json
[2025-10-21 17:26:21] [ERROR] [envWatcher] Archivo .env NO encontrado en: C:\Users\User\Documents\Personal\LockeritDesk\electron\preload\configFiles\.env
[2025-10-21 17:26:21] [INFO] [preload] Watcher iniciado: .env
[2025-10-21 17:26:21] [INFO] [preload] API expuesta en window.electronAPI
[2025-10-21 17:26:22] [INFO] [preload] Inicializando preload.js
[2025-10-21 17:26:22] [ERROR] [setupWatcher] Archivo setup_config.json NO encontrado en: C:\Users\User\Documents\Personal\LockeritDesk\electron\preload\configFiles\setup_config.json
[2025-10-21 17:26:22] [INFO] [preload] Watcher iniciado: setup_config.json
[2025-10-21 17:26:22] [ERROR] [authWatcher] auth_key.json NO encontrado: C:\Users\User\Documents\Personal\LockeritDesk\electron\preload\configFiles\auth_key.json
[2025-10-21 17:26:22] [INFO] [preload] Watcher iniciado: auth_key.json
[2025-10-21 17:26:22] [ERROR] [loggerWatcher] Archivo logger_config.json NO encontrado en: C:\Users\User\Documents\Personal\LockeritDesk\electron\preload\configFiles\logger_config.json
[2025-10-21 17:26:22] [INFO] [preload] Watcher iniciado: logger_config.json
[2025-10-21 17:26:22] [ERROR] [envWatcher] Archivo .env NO encontrado en: C:\Users\User\Documents\Personal\LockeritDesk\electron\preload\configFiles\.env
[2025-10-21 17:26:22] [INFO] [preload] Watcher iniciado: .env
[2025-10-21 17:26:22] [INFO] [preload] API expuesta en window.electronAPI
[2025-10-21 17:26:22] [INFO] [preload] Inicializando preload.js
[2025-10-21 17:26:22] [ERROR] [setupWatcher] Archivo setup_config.json NO encontrado en: C:\Users\User\Documents\Personal\LockeritDesk\electron\preload\configFiles\setup_config.json
[2025-10-21 17:26:22] [INFO] [preload] Watcher iniciado: setup_config.json
[2025-10-21 17:26:22] [ERROR] [authWatcher] auth_key.json NO encontrado: C:\Users\User\Documents\Personal\LockeritDesk\electron\preload\configFiles\auth_key.json
[2025-10-21 17:26:22] [INFO] [preload] Watcher iniciado: auth_key.json
[2025-10-21 17:26:22] [ERROR] [loggerWatcher] Archivo logger_config.json NO encontrado en: C:\Users\User\Documents\Personal\LockeritDesk\electron\preload\configFiles\logger_config.json
[2025-10-21 17:26:22] [INFO] [preload] Watcher iniciado: logger_config.json
[2025-10-21 17:26:22] [ERROR] [envWatcher] Archivo .env NO encontrado en: C:\Users\User\Documents\Personal\LockeritDesk\electron\preload\configFiles\.env
[2025-10-21 17:26:22] [INFO] [preload] Watcher iniciado: .env
[2025-10-21 17:26:22] [INFO] [preload] API expuesta en window.electronAPI
[2025-10-21 17:26:22] [INFO] [preload] Inicializando preload.js
[2025-10-21 17:26:22] [ERROR] [setupWatcher] Archivo setup_config.json NO encontrado en: C:\Users\User\Documents\Personal\LockeritDesk\electron\preload\configFiles\setup_config.json
[2025-10-21 17:26:22] [INFO] [preload] Watcher iniciado: setup_config.json
[2025-10-21 17:26:22] [ERROR] [authWatcher] auth_key.json NO encontrado: C:\Users\User\Documents\Personal\LockeritDesk\electron\preload\configFiles\auth_key.json
[2025-10-21 17:26:22] [INFO] [preload] Watcher iniciado: auth_key.json
[2025-10-21 17:26:22] [ERROR] [loggerWatcher] Archivo logger_config.json NO encontrado en: C:\Users\User\Documents\Personal\LockeritDesk\electron\preload\configFiles\logger_config.json
[2025-10-21 17:26:22] [INFO] [preload] Watcher iniciado: logger_config.json
[2025-10-21 17:26:22] [ERROR] [envWatcher] Archivo .env NO encontrado en: C:\Users\User\Documents\Personal\LockeritDesk\electron\preload\configFiles\.env
[2025-10-21 17:26:22] [INFO] [preload] Watcher iniciado: .env
[2025-10-21 17:26:22] [INFO] [preload] API expuesta en window.electronAPI
[2025-10-21 17:26:23] [INFO] [preload] Inicializando preload.js
[2025-10-21 17:26:23] [ERROR] [setupWatcher] Archivo setup_config.json NO encontrado en: C:\Users\User\Documents\Personal\LockeritDesk\electron\preload\configFiles\setup_config.json
[2025-10-21 17:26:23] [INFO] [preload] Watcher iniciado: setup_config.json
[2025-10-21 17:26:23] [ERROR] [authWatcher] auth_key.json NO encontrado: C:\Users\User\Documents\Personal\LockeritDesk\electron\preload\configFiles\auth_key.json
[2025-10-21 17:26:23] [INFO] [preload] Watcher iniciado: auth_key.json
[2025-10-21 17:26:23] [ERROR] [loggerWatcher] Archivo logger_config.json NO encontrado en: C:\Users\User\Documents\Personal\LockeritDesk\electron\preload\configFiles\logger_config.json
[2025-10-21 17:26:23] [INFO] [preload] Watcher iniciado: logger_config.json
[2025-10-21 17:26:23] [ERROR] [envWatcher] Archivo .env NO encontrado en: C:\Users\User\Documents\Personal\LockeritDesk\electron\preload\configFiles\.env
[2025-10-21 17:26:23] [INFO] [preload] Watcher iniciado: .env
[2025-10-21 17:26:23] [INFO] [preload] API expuesta en window.electronAPI
[2025-10-21 17:26:23] [INFO] [preload] Inicializando preload.js
[2025-10-21 17:26:23] [ERROR] [setupWatcher] Archivo setup_config.json NO encontrado en: C:\Users\User\Documents\Personal\LockeritDesk\electron\preload\configFiles\setup_config.json
[2025-10-21 17:26:23] [INFO] [preload] Watcher iniciado: setup_config.json
[2025-10-21 17:26:23] [ERROR] [authWatcher] auth_key.json NO encontrado: C:\Users\User\Documents\Personal\LockeritDesk\electron\preload\configFiles\auth_key.json
[2025-10-21 17:26:23] [INFO] [preload] Watcher iniciado: auth_key.json
[2025-10-21 17:26:23] [ERROR] [loggerWatcher] Archivo logger_config.json NO encontrado en: C:\Users\User\Documents\Personal\LockeritDesk\electron\preload\configFiles\logger_config.json
[2025-10-21 17:26:23] [INFO] [preload] Watcher iniciado: logger_config.json
[2025-10-21 17:26:23] [ERROR] [envWatcher] Archivo .env NO encontrado en: C:\Users\User\Documents\Personal\LockeritDesk\electron\preload\configFiles\.env
[2025-10-21 17:26:23] [INFO] [preload] Watcher iniciado: .env
[2025-10-21 17:26:23] [INFO] [preload] API expuesta en window.electronAPI
[2025-10-21 17:26:24] [INFO] [preload] Inicializando preload.js
[2025-10-21 17:26:24] [ERROR] [setupWatcher] Archivo setup_config.json NO encontrado en: C:\Users\User\Documents\Personal\LockeritDesk\electron\preload\configFiles\setup_config.json
[2025-10-21 17:26:24] [INFO] [preload] Watcher iniciado: setup_config.json
[2025-10-21 17:26:24] [ERROR] [authWatcher] auth_key.json NO encontrado: C:\Users\User\Documents\Personal\LockeritDesk\electron\preload\configFiles\auth_key.json
[2025-10-21 17:26:24] [INFO] [preload] Watcher iniciado: auth_key.json
[2025-10-21 17:26:24] [ERROR] [loggerWatcher] Archivo logger_config.json NO encontrado en: C:\Users\User\Documents\Personal\LockeritDesk\electron\preload\configFiles\logger_config.json
[2025-10-21 17:26:24] [INFO] [preload] Watcher iniciado: logger_config.json
[2025-10-21 17:26:24] [ERROR] [envWatcher] Archivo .env NO encontrado en: C:\Users\User\Documents\Personal\LockeritDesk\electron\preload\configFiles\.env
[2025-10-21 17:26:24] [INFO] [preload] Watcher iniciado: .env
[2025-10-21 17:26:24] [INFO] [preload] API expuesta en window.electronAPI
[2025-10-21 17:26:24] [INFO] [preload] Inicializando preload.js
[2025-10-21 17:26:24] [ERROR] [setupWatcher] Archivo setup_config.json NO encontrado en: C:\Users\User\Documents\Personal\LockeritDesk\electron\preload\configFiles\setup_config.json
[2025-10-21 17:26:24] [INFO] [preload] Watcher iniciado: setup_config.json
[2025-10-21 17:26:24] [ERROR] [authWatcher] auth_key.json NO encontrado: C:\Users\User\Documents\Personal\LockeritDesk\electron\preload\configFiles\auth_key.json
[2025-10-21 17:26:24] [INFO] [preload] Watcher iniciado: auth_key.json
[2025-10-21 17:26:24] [ERROR] [loggerWatcher] Archivo logger_config.json NO encontrado en: C:\Users\User\Documents\Personal\LockeritDesk\electron\preload\configFiles\logger_config.json
[2025-10-21 17:26:24] [INFO] [preload] Watcher iniciado: logger_config.json
[2025-10-21 17:26:24] [ERROR] [envWatcher] Archivo .env NO encontrado en: C:\Users\User\Documents\Personal\LockeritDesk\electron\preload\configFiles\.env
[2025-10-21 17:26:24] [INFO] [preload] Watcher iniciado: .env
[2025-10-21 17:26:24] [INFO] [preload] API expuesta en window.electronAPI
[2025-10-21 17:26:24] [INFO] [preload] Inicializando preload.js
[2025-10-21 17:26:24] [ERROR] [setupWatcher] Archivo setup_config.json NO encontrado en: C:\Users\User\Documents\Personal\LockeritDesk\electron\preload\configFiles\setup_config.json
[2025-10-21 17:26:24] [INFO] [preload] Watcher iniciado: setup_config.json
[2025-10-21 17:26:24] [ERROR] [authWatcher] auth_key.json NO encontrado: C:\Users\User\Documents\Personal\LockeritDesk\electron\preload\configFiles\auth_key.json
[2025-10-21 17:26:24] [INFO] [preload] Watcher iniciado: auth_key.json
[2025-10-21 17:26:24] [ERROR] [loggerWatcher] Archivo logger_config.json NO encontrado en: C:\Users\User\Documents\Personal\LockeritDesk\electron\preload\configFiles\logger_config.json
[2025-10-21 17:26:24] [INFO] [preload] Watcher iniciado: logger_config.json
[2025-10-21 17:26:24] [ERROR] [envWatcher] Archivo .env NO encontrado en: C:\Users\User\Documents\Personal\LockeritDesk\electron\preload\configFiles\.env
[2025-10-21 17:26:24] [INFO] [preload] Watcher iniciado: .env
[2025-10-21 17:26:24] [INFO] [preload] API expuesta en window.electronAPI
[2025-10-21 17:26:25] [INFO] [preload] Inicializando preload.js
[2025-10-21 17:26:25] [ERROR] [setupWatcher] Archivo setup_config.json NO encontrado en: C:\Users\User\Documents\Personal\LockeritDesk\electron\preload\configFiles\setup_config.json
[2025-10-21 17:26:25] [INFO] [preload] Watcher iniciado: setup_config.json
[2025-10-21 17:26:25] [ERROR] [authWatcher] auth_key.json NO encontrado: C:\Users\User\Documents\Personal\LockeritDesk\electron\preload\configFiles\auth_key.json
[2025-10-21 17:26:25] [INFO] [preload] Watcher iniciado: auth_key.json
[2025-10-21 17:26:25] [ERROR] [loggerWatcher] Archivo logger_config.json NO encontrado en: C:\Users\User\Documents\Personal\LockeritDesk\electron\preload\configFiles\logger_config.json
[2025-10-21 17:26:25] [INFO] [preload] Watcher iniciado: logger_config.json
[2025-10-21 17:26:25] [ERROR] [envWatcher] Archivo .env NO encontrado en: C:\Users\User\Documents\Personal\LockeritDesk\electron\preload\configFiles\.env
[2025-10-21 17:26:25] [INFO] [preload] Watcher iniciado: .env
[2025-10-21 17:26:25] [INFO] [preload] API expuesta en window.electronAPI
[2025-10-21 17:26:25] [INFO] [preload] Inicializando preload.js
[2025-10-21 17:26:25] [ERROR] [setupWatcher] Archivo setup_config.json NO encontrado en: C:\Users\User\Documents\Personal\LockeritDesk\electron\preload\configFiles\setup_config.json
[2025-10-21 17:26:25] [INFO] [preload] Watcher iniciado: setup_config.json
[2025-10-21 17:26:25] [ERROR] [authWatcher] auth_key.json NO encontrado: C:\Users\User\Documents\Personal\LockeritDesk\electron\preload\configFiles\auth_key.json
[2025-10-21 17:26:25] [INFO] [preload] Watcher iniciado: auth_key.json
[2025-10-21 17:26:25] [ERROR] [loggerWatcher] Archivo logger_config.json NO encontrado en: C:\Users\User\Documents\Personal\LockeritDesk\electron\preload\configFiles\logger_config.json
[2025-10-21 17:26:25] [INFO] [preload] Watcher iniciado: logger_config.json
[2025-10-21 17:26:25] [ERROR] [envWatcher] Archivo .env NO encontrado en: C:\Users\User\Documents\Personal\LockeritDesk\electron\preload\configFiles\.env
[2025-10-21 17:26:25] [INFO] [preload] Watcher iniciado: .env
[2025-10-21 17:26:25] [INFO] [preload] API expuesta en window.electronAPI
[2025-10-21 17:26:26] [INFO] [preload] Inicializando preload.js
[2025-10-21 17:26:26] [ERROR] [setupWatcher] Archivo setup_config.json NO encontrado en: C:\Users\User\Documents\Personal\LockeritDesk\electron\preload\configFiles\setup_config.json
[2025-10-21 17:26:26] [INFO] [preload] Watcher iniciado: setup_config.json
[2025-10-21 17:26:26] [ERROR] [authWatcher] auth_key.json NO encontrado: C:\Users\User\Documents\Personal\LockeritDesk\electron\preload\configFiles\auth_key.json
[2025-10-21 17:26:26] [INFO] [preload] Watcher iniciado: auth_key.json
[2025-10-21 17:26:26] [ERROR] [loggerWatcher] Archivo logger_config.json NO encontrado en: C:\Users\User\Documents\Personal\LockeritDesk\electron\preload\configFiles\logger_config.json
[2025-10-21 17:26:26] [INFO] [preload] Watcher iniciado: logger_config.json
[2025-10-21 17:26:26] [ERROR] [envWatcher] Archivo .env NO encontrado en: C:\Users\User\Documents\Personal\LockeritDesk\electron\preload\configFiles\.env
[2025-10-21 17:26:26] [INFO] [preload] Watcher iniciado: .env
[2025-10-21 17:26:26] [INFO] [preload] API expuesta en window.electronAPI
[2025-10-21 17:26:26] [INFO] [preload] Inicializando preload.js
[2025-10-21 17:26:26] [ERROR] [setupWatcher] Archivo setup_config.json NO encontrado en: C:\Users\User\Documents\Personal\LockeritDesk\electron\preload\configFiles\setup_config.json
[2025-10-21 17:26:26] [INFO] [preload] Watcher iniciado: setup_config.json
[2025-10-21 17:26:26] [ERROR] [authWatcher] auth_key.json NO encontrado: C:\Users\User\Documents\Personal\LockeritDesk\electron\preload\configFiles\auth_key.json
[2025-10-21 17:26:26] [INFO] [preload] Watcher iniciado: auth_key.json
[2025-10-21 17:26:26] [ERROR] [loggerWatcher] Archivo logger_config.json NO encontrado en: C:\Users\User\Documents\Personal\LockeritDesk\electron\preload\configFiles\logger_config.json
[2025-10-21 17:26:26] [INFO] [preload] Watcher iniciado: logger_config.json
[2025-10-21 17:26:26] [ERROR] [envWatcher] Archivo .env NO encontrado en: C:\Users\User\Documents\Personal\LockeritDesk\electron\preload\configFiles\.env
[2025-10-21 17:26:26] [INFO] [preload] Watcher iniciado: .env
[2025-10-21 17:26:26] [INFO] [preload] API expuesta en window.electronAPI
[2025-10-21 17:26:26] [INFO] [preload] Inicializando preload.js
[2025-10-21 17:26:26] [ERROR] [setupWatcher] Archivo setup_config.json NO encontrado en: C:\Users\User\Documents\Personal\LockeritDesk\electron\preload\configFiles\setup_config.json
[2025-10-21 17:26:26] [INFO] [preload] Watcher iniciado: setup_config.json
[2025-10-21 17:26:26] [ERROR] [authWatcher] auth_key.json NO encontrado: C:\Users\User\Documents\Personal\LockeritDesk\electron\preload\configFiles\auth_key.json
[2025-10-21 17:26:26] [INFO] [preload] Watcher iniciado: auth_key.json
[2025-10-21 17:26:26] [ERROR] [loggerWatcher] Archivo logger_config.json NO encontrado en: C:\Users\User\Documents\Personal\LockeritDesk\electron\preload\configFiles\logger_config.json
[2025-10-21 17:26:26] [INFO] [preload] Watcher iniciado: logger_config.json
[2025-10-21 17:26:26] [ERROR] [envWatcher] Archivo .env NO encontrado en: C:\Users\User\Documents\Personal\LockeritDesk\electron\preload\configFiles\.env
[2025-10-21 17:26:26] [INFO] [preload] Watcher iniciado: .env
[2025-10-21 17:26:26] [INFO] [preload] API expuesta en window.electronAPI
[2025-10-21 17:26:27] [INFO] [preload] Inicializando preload.js
[2025-10-21 17:26:27] [ERROR] [setupWatcher] Archivo setup_config.json NO encontrado en: C:\Users\User\Documents\Personal\LockeritDesk\electron\preload\configFiles\setup_config.json
[2025-10-21 17:26:27] [INFO] [preload] Watcher iniciado: setup_config.json
[2025-10-21 17:26:27] [ERROR] [authWatcher] auth_key.json NO encontrado: C:\Users\User\Documents\Personal\LockeritDesk\electron\preload\configFiles\auth_key.json
[2025-10-21 17:26:27] [INFO] [preload] Watcher iniciado: auth_key.json
[2025-10-21 17:26:27] [ERROR] [loggerWatcher] Archivo logger_config.json NO encontrado en: C:\Users\User\Documents\Personal\LockeritDesk\electron\preload\configFiles\logger_config.json
[2025-10-21 17:26:27] [INFO] [preload] Watcher iniciado: logger_config.json
[2025-10-21 17:26:27] [ERROR] [envWatcher] Archivo .env NO encontrado en: C:\Users\User\Documents\Personal\LockeritDesk\electron\preload\configFiles\.env
[2025-10-21 17:26:27] [INFO] [preload] Watcher iniciado: .env
[2025-10-21 17:26:27] [INFO] [preload] API expuesta en window.electronAPI
[2025-10-21 17:26:27] [INFO] [preload] Inicializando preload.js
[2025-10-21 17:26:27] [ERROR] [setupWatcher] Archivo setup_config.json NO encontrado en: C:\Users\User\Documents\Personal\LockeritDesk\electron\preload\configFiles\setup_config.json
[2025-10-21 17:26:27] [INFO] [preload] Watcher iniciado: setup_config.json
[2025-10-21 17:26:27] [ERROR] [authWatcher] auth_key.json NO encontrado: C:\Users\User\Documents\Personal\LockeritDesk\electron\preload\configFiles\auth_key.json
[2025-10-21 17:26:27] [INFO] [preload] Watcher iniciado: auth_key.json
[2025-10-21 17:26:27] [ERROR] [loggerWatcher] Archivo logger_config.json NO encontrado en: C:\Users\User\Documents\Personal\LockeritDesk\electron\preload\configFiles\logger_config.json
[2025-10-21 17:26:27] [INFO] [preload] Watcher iniciado: logger_config.json
[2025-10-21 17:26:27] [ERROR] [envWatcher] Archivo .env NO encontrado en: C:\Users\User\Documents\Personal\LockeritDesk\electron\preload\configFiles\.env
[2025-10-21 17:26:27] [INFO] [preload] Watcher iniciado: .env
[2025-10-21 17:26:27] [INFO] [preload] API expuesta en window.electronAPI
[2025-10-21 17:26:28] [INFO] [preload] Inicializando preload.js
[2025-10-21 17:26:28] [ERROR] [setupWatcher] Archivo setup_config.json NO encontrado en: C:\Users\User\Documents\Personal\LockeritDesk\electron\preload\configFiles\setup_config.json
[2025-10-21 17:26:28] [INFO] [preload] Watcher iniciado: setup_config.json
[2025-10-21 17:26:28] [ERROR] [authWatcher] auth_key.json NO encontrado: C:\Users\User\Documents\Personal\LockeritDesk\electron\preload\configFiles\auth_key.json
[2025-10-21 17:26:28] [INFO] [preload] Watcher iniciado: auth_key.json
[2025-10-21 17:26:28] [ERROR] [loggerWatcher] Archivo logger_config.json NO encontrado en: C:\Users\User\Documents\Personal\LockeritDesk\electron\preload\configFiles\logger_config.json
[2025-10-21 17:26:28] [INFO] [preload] Watcher iniciado: logger_config.json
[2025-10-21 17:26:28] [ERROR] [envWatcher] Archivo .env NO encontrado en: C:\Users\User\Documents\Personal\LockeritDesk\electron\preload\configFiles\.env
[2025-10-21 17:26:28] [INFO] [preload] Watcher iniciado: .env
[2025-10-21 17:26:28] [INFO] [preload] API expuesta en window.electronAPI
[2025-10-21 17:26:28] [INFO] [preload] Inicializando preload.js
[2025-10-21 17:26:28] [ERROR] [setupWatcher] Archivo setup_config.json NO encontrado en: C:\Users\User\Documents\Personal\LockeritDesk\electron\preload\configFiles\setup_config.json
[2025-10-21 17:26:28] [INFO] [preload] Watcher iniciado: setup_config.json
[2025-10-21 17:26:28] [ERROR] [authWatcher] auth_key.json NO encontrado: C:\Users\User\Documents\Personal\LockeritDesk\electron\preload\configFiles\auth_key.json
[2025-10-21 17:26:28] [INFO] [preload] Watcher iniciado: auth_key.json
[2025-10-21 17:26:28] [ERROR] [loggerWatcher] Archivo logger_config.json NO encontrado en: C:\Users\User\Documents\Personal\LockeritDesk\electron\preload\configFiles\logger_config.json
[2025-10-21 17:26:28] [INFO] [preload] Watcher iniciado: logger_config.json
[2025-10-21 17:26:28] [ERROR] [envWatcher] Archivo .env NO encontrado en: C:\Users\User\Documents\Personal\LockeritDesk\electron\preload\configFiles\.env
[2025-10-21 17:26:28] [INFO] [preload] Watcher iniciado: .env
[2025-10-21 17:26:28] [INFO] [preload] API expuesta en window.electronAPI
[2025-10-21 17:26:29] [INFO] [preload] Inicializando preload.js
[2025-10-21 17:26:29] [ERROR] [setupWatcher] Archivo setup_config.json NO encontrado en: C:\Users\User\Documents\Personal\LockeritDesk\electron\preload\configFiles\setup_config.json
[2025-10-21 17:26:29] [INFO] [preload] Watcher iniciado: setup_config.json
[2025-10-21 17:26:29] [ERROR] [authWatcher] auth_key.json NO encontrado: C:\Users\User\Documents\Personal\LockeritDesk\electron\preload\configFiles\auth_key.json
[2025-10-21 17:26:29] [INFO] [preload] Watcher iniciado: auth_key.json
[2025-10-21 17:26:29] [ERROR] [loggerWatcher] Archivo logger_config.json NO encontrado en: C:\Users\User\Documents\Personal\LockeritDesk\electron\preload\configFiles\logger_config.json
[2025-10-21 17:26:29] [INFO] [preload] Watcher iniciado: logger_config.json
[2025-10-21 17:26:29] [ERROR] [envWatcher] Archivo .env NO encontrado en: C:\Users\User\Documents\Personal\LockeritDesk\electron\preload\configFiles\.env
[2025-10-21 17:26:29] [INFO] [preload] Watcher iniciado: .env
[2025-10-21 17:26:29] [INFO] [preload] API expuesta en window.electronAPI
[2025-10-21 17:26:29] [INFO] [preload] Inicializando preload.js
[2025-10-21 17:26:29] [ERROR] [setupWatcher] Archivo setup_config.json NO encontrado en: C:\Users\User\Documents\Personal\LockeritDesk\electron\preload\configFiles\setup_config.json
[2025-10-21 17:26:29] [INFO] [preload] Watcher iniciado: setup_config.json
[2025-10-21 17:26:29] [ERROR] [authWatcher] auth_key.json NO encontrado: C:\Users\User\Documents\Personal\LockeritDesk\electron\preload\configFiles\auth_key.json
[2025-10-21 17:26:29] [INFO] [preload] Watcher iniciado: auth_key.json
[2025-10-21 17:26:29] [ERROR] [loggerWatcher] Archivo logger_config.json NO encontrado en: C:\Users\User\Documents\Personal\LockeritDesk\electron\preload\configFiles\logger_config.json
[2025-10-21 17:26:29] [INFO] [preload] Watcher iniciado: logger_config.json
[2025-10-21 17:26:29] [ERROR] [envWatcher] Archivo .env NO encontrado en: C:\Users\User\Documents\Personal\LockeritDesk\electron\preload\configFiles\.env
[2025-10-21 17:26:29] [INFO] [preload] Watcher iniciado: .env
[2025-10-21 17:26:29] [INFO] [preload] API expuesta en window.electronAPI
[2025-10-21 17:26:29] [INFO] [preload] Inicializando preload.js
[2025-10-21 17:26:29] [ERROR] [setupWatcher] Archivo setup_config.json NO encontrado en: C:\Users\User\Documents\Personal\LockeritDesk\electron\preload\configFiles\setup_config.json
[2025-10-21 17:26:29] [INFO] [preload] Watcher iniciado: setup_config.json
[2025-10-21 17:26:29] [ERROR] [authWatcher] auth_key.json NO encontrado: C:\Users\User\Documents\Personal\LockeritDesk\electron\preload\configFiles\auth_key.json
[2025-10-21 17:26:29] [INFO] [preload] Watcher iniciado: auth_key.json
[2025-10-21 17:26:29] [ERROR] [loggerWatcher] Archivo logger_config.json NO encontrado en: C:\Users\User\Documents\Personal\LockeritDesk\electron\preload\configFiles\logger_config.json
[2025-10-21 17:26:29] [INFO] [preload] Watcher iniciado: logger_config.json
[2025-10-21 17:26:29] [ERROR] [envWatcher] Archivo .env NO encontrado en: C:\Users\User\Documents\Personal\LockeritDesk\electron\preload\configFiles\.env
[2025-10-21 17:26:29] [INFO] [preload] Watcher iniciado: .env
[2025-10-21 17:26:29] [INFO] [preload] API expuesta en window.electronAPI
[2025-10-21 17:26:30] [INFO] [preload] Inicializando preload.js
[2025-10-21 17:26:30] [ERROR] [setupWatcher] Archivo setup_config.json NO encontrado en: C:\Users\User\Documents\Personal\LockeritDesk\electron\preload\configFiles\setup_config.json
[2025-10-21 17:26:30] [INFO] [preload] Watcher iniciado: setup_config.json
[2025-10-21 17:26:30] [ERROR] [authWatcher] auth_key.json NO encontrado: C:\Users\User\Documents\Personal\LockeritDesk\electron\preload\configFiles\auth_key.json
[2025-10-21 17:26:30] [INFO] [preload] Watcher iniciado: auth_key.json
[2025-10-21 17:26:30] [ERROR] [loggerWatcher] Archivo logger_config.json NO encontrado en: C:\Users\User\Documents\Personal\LockeritDesk\electron\preload\configFiles\logger_config.json
[2025-10-21 17:26:30] [INFO] [preload] Watcher iniciado: logger_config.json
[2025-10-21 17:26:30] [ERROR] [envWatcher] Archivo .env NO encontrado en: C:\Users\User\Documents\Personal\LockeritDesk\electron\preload\configFiles\.env
[2025-10-21 17:26:30] [INFO] [preload] Watcher iniciado: .env
[2025-10-21 17:26:30] [INFO] [preload] API expuesta en window.electronAPI
[2025-10-21 17:26:30] [INFO] [preload] Inicializando preload.js
[2025-10-21 17:26:30] [ERROR] [setupWatcher] Archivo setup_config.json NO encontrado en: C:\Users\User\Documents\Personal\LockeritDesk\electron\preload\configFiles\setup_config.json
[2025-10-21 17:26:30] [INFO] [preload] Watcher iniciado: setup_config.json
[2025-10-21 17:26:30] [ERROR] [authWatcher] auth_key.json NO encontrado: C:\Users\User\Documents\Personal\LockeritDesk\electron\preload\configFiles\auth_key.json
[2025-10-21 17:26:30] [INFO] [preload] Watcher iniciado: auth_key.json
[2025-10-21 17:26:30] [ERROR] [loggerWatcher] Archivo logger_config.json NO encontrado en: C:\Users\User\Documents\Personal\LockeritDesk\electron\preload\configFiles\logger_config.json
[2025-10-21 17:26:30] [INFO] [preload] Watcher iniciado: logger_config.json
[2025-10-21 17:26:30] [ERROR] [envWatcher] Archivo .env NO encontrado en: C:\Users\User\Documents\Personal\LockeritDesk\electron\preload\configFiles\.env
[2025-10-21 17:26:30] [INFO] [preload] Watcher iniciado: .env
[2025-10-21 17:26:30] [INFO] [preload] API expuesta en window.electronAPI
[2025-10-21 17:26:31] [INFO] [preload] Inicializando preload.js
[2025-10-21 17:26:31] [ERROR] [setupWatcher] Archivo setup_config.json NO encontrado en: C:\Users\User\Documents\Personal\LockeritDesk\electron\preload\configFiles\setup_config.json
[2025-10-21 17:26:31] [INFO] [preload] Watcher iniciado: setup_config.json
[2025-10-21 17:26:31] [ERROR] [authWatcher] auth_key.json NO encontrado: C:\Users\User\Documents\Personal\LockeritDesk\electron\preload\configFiles\auth_key.json
[2025-10-21 17:26:31] [INFO] [preload] Watcher iniciado: auth_key.json
[2025-10-21 17:26:31] [ERROR] [loggerWatcher] Archivo logger_config.json NO encontrado en: C:\Users\User\Documents\Personal\LockeritDesk\electron\preload\configFiles\logger_config.json
[2025-10-21 17:26:31] [INFO] [preload] Watcher iniciado: logger_config.json
[2025-10-21 17:26:31] [ERROR] [envWatcher] Archivo .env NO encontrado en: C:\Users\User\Documents\Personal\LockeritDesk\electron\preload\configFiles\.env
[2025-10-21 17:26:31] [INFO] [preload] Watcher iniciado: .env
[2025-10-21 17:26:31] [INFO] [preload] API expuesta en window.electronAPI
[2025-10-21 17:26:31] [INFO] [preload] Inicializando preload.js
[2025-10-21 17:26:31] [ERROR] [setupWatcher] Archivo setup_config.json NO encontrado en: C:\Users\User\Documents\Personal\LockeritDesk\electron\preload\configFiles\setup_config.json
[2025-10-21 17:26:31] [INFO] [preload] Watcher iniciado: setup_config.json
[2025-10-21 17:26:31] [ERROR] [authWatcher] auth_key.json NO encontrado: C:\Users\User\Documents\Personal\LockeritDesk\electron\preload\configFiles\auth_key.json
[2025-10-21 17:26:31] [INFO] [preload] Watcher iniciado: auth_key.json
[2025-10-21 17:26:31] [ERROR] [loggerWatcher] Archivo logger_config.json NO encontrado en: C:\Users\User\Documents\Personal\LockeritDesk\electron\preload\configFiles\logger_config.json
[2025-10-21 17:26:31] [INFO] [preload] Watcher iniciado: logger_config.json
[2025-10-21 17:26:31] [ERROR] [envWatcher] Archivo .env NO encontrado en: C:\Users\User\Documents\Personal\LockeritDesk\electron\preload\configFiles\.env
[2025-10-21 17:26:31] [INFO] [preload] Watcher iniciado: .env
[2025-10-21 17:26:31] [INFO] [preload] API expuesta en window.electronAPI
[2025-10-21 17:26:32] [INFO] [preload] Inicializando preload.js
[2025-10-21 17:26:32] [ERROR] [setupWatcher] Archivo setup_config.json NO encontrado en: C:\Users\User\Documents\Personal\LockeritDesk\electron\preload\configFiles\setup_config.json
[2025-10-21 17:26:32] [INFO] [preload] Watcher iniciado: setup_config.json
[2025-10-21 17:26:32] [ERROR] [authWatcher] auth_key.json NO encontrado: C:\Users\User\Documents\Personal\LockeritDesk\electron\preload\configFiles\auth_key.json
[2025-10-21 17:26:32] [INFO] [preload] Watcher iniciado: auth_key.json
[2025-10-21 17:26:32] [ERROR] [loggerWatcher] Archivo logger_config.json NO encontrado en: C:\Users\User\Documents\Personal\LockeritDesk\electron\preload\configFiles\logger_config.json
[2025-10-21 17:26:32] [INFO] [preload] Watcher iniciado: logger_config.json
[2025-10-21 17:26:32] [ERROR] [envWatcher] Archivo .env NO encontrado en: C:\Users\User\Documents\Personal\LockeritDesk\electron\preload\configFiles\.env
[2025-10-21 17:26:32] [INFO] [preload] Watcher iniciado: .env
[2025-10-21 17:26:32] [INFO] [preload] API expuesta en window.electronAPI
[2025-10-21 17:26:32] [INFO] [preload] Inicializando preload.js
[2025-10-21 17:26:32] [ERROR] [setupWatcher] Archivo setup_config.json NO encontrado en: C:\Users\User\Documents\Personal\LockeritDesk\electron\preload\configFiles\setup_config.json
[2025-10-21 17:26:32] [INFO] [preload] Watcher iniciado: setup_config.json
[2025-10-21 17:26:32] [ERROR] [authWatcher] auth_key.json NO encontrado: C:\Users\User\Documents\Personal\LockeritDesk\electron\preload\configFiles\auth_key.json
[2025-10-21 17:26:32] [INFO] [preload] Watcher iniciado: auth_key.json
[2025-10-21 17:26:32] [ERROR] [loggerWatcher] Archivo logger_config.json NO encontrado en: C:\Users\User\Documents\Personal\LockeritDesk\electron\preload\configFiles\logger_config.json
[2025-10-21 17:26:32] [INFO] [preload] Watcher iniciado: logger_config.json
[2025-10-21 17:26:32] [ERROR] [envWatcher] Archivo .env NO encontrado en: C:\Users\User\Documents\Personal\LockeritDesk\electron\preload\configFiles\.env
[2025-10-21 17:26:32] [INFO] [preload] Watcher iniciado: .env
[2025-10-21 17:26:32] [INFO] [preload] API expuesta en window.electronAPI
[2025-10-21 17:26:33] [INFO] [preload] Inicializando preload.js
[2025-10-21 17:26:33] [ERROR] [setupWatcher] Archivo setup_config.json NO encontrado en: C:\Users\User\Documents\Personal\LockeritDesk\electron\preload\configFiles\setup_config.json
[2025-10-21 17:26:33] [INFO] [preload] Watcher iniciado: setup_config.json
[2025-10-21 17:26:33] [ERROR] [authWatcher] auth_key.json NO encontrado: C:\Users\User\Documents\Personal\LockeritDesk\electron\preload\configFiles\auth_key.json
[2025-10-21 17:26:33] [INFO] [preload] Watcher iniciado: auth_key.json
[2025-10-21 17:26:33] [ERROR] [loggerWatcher] Archivo logger_config.json NO encontrado en: C:\Users\User\Documents\Personal\LockeritDesk\electron\preload\configFiles\logger_config.json
[2025-10-21 17:26:33] [INFO] [preload] Watcher iniciado: logger_config.json
[2025-10-21 17:26:33] [ERROR] [envWatcher] Archivo .env NO encontrado en: C:\Users\User\Documents\Personal\LockeritDesk\electron\preload\configFiles\.env
[2025-10-21 17:26:33] [INFO] [preload] Watcher iniciado: .env
[2025-10-21 17:26:33] [INFO] [preload] API expuesta en window.electronAPI
[2025-10-21 17:26:33] [INFO] [preload] Inicializando preload.js
[2025-10-21 17:26:33] [ERROR] [setupWatcher] Archivo setup_config.json NO encontrado en: C:\Users\User\Documents\Personal\LockeritDesk\electron\preload\configFiles\setup_config.json
[2025-10-21 17:26:33] [INFO] [preload] Watcher iniciado: setup_config.json
[2025-10-21 17:26:33] [ERROR] [authWatcher] auth_key.json NO encontrado: C:\Users\User\Documents\Personal\LockeritDesk\electron\preload\configFiles\auth_key.json
[2025-10-21 17:26:33] [INFO] [preload] Watcher iniciado: auth_key.json
[2025-10-21 17:26:33] [ERROR] [loggerWatcher] Archivo logger_config.json NO encontrado en: C:\Users\User\Documents\Personal\LockeritDesk\electron\preload\configFiles\logger_config.json
[2025-10-21 17:26:33] [INFO] [preload] Watcher iniciado: logger_config.json
[2025-10-21 17:26:33] [ERROR] [envWatcher] Archivo .env NO encontrado en: C:\Users\User\Documents\Personal\LockeritDesk\electron\preload\configFiles\.env
[2025-10-21 17:26:33] [INFO] [preload] Watcher iniciado: .env
[2025-10-21 17:26:33] [INFO] [preload] API expuesta en window.electronAPI
[2025-10-21 17:26:34] [INFO] [preload] Inicializando preload.js
[2025-10-21 17:26:34] [ERROR] [setupWatcher] Archivo setup_config.json NO encontrado en: C:\Users\User\Documents\Personal\LockeritDesk\electron\preload\configFiles\setup_config.json
[2025-10-21 17:26:34] [INFO] [preload] Watcher iniciado: setup_config.json
[2025-10-21 17:26:34] [ERROR] [authWatcher] auth_key.json NO encontrado: C:\Users\User\Documents\Personal\LockeritDesk\electron\preload\configFiles\auth_key.json
[2025-10-21 17:26:34] [INFO] [preload] Watcher iniciado: auth_key.json
[2025-10-21 17:26:34] [ERROR] [loggerWatcher] Archivo logger_config.json NO encontrado en: C:\Users\User\Documents\Personal\LockeritDesk\electron\preload\configFiles\logger_config.json
[2025-10-21 17:26:34] [INFO] [preload] Watcher iniciado: logger_config.json
[2025-10-21 17:26:34] [ERROR] [envWatcher] Archivo .env NO encontrado en: C:\Users\User\Documents\Personal\LockeritDesk\electron\preload\configFiles\.env
[2025-10-21 17:26:34] [INFO] [preload] Watcher iniciado: .env
[2025-10-21 17:26:34] [INFO] [preload] API expuesta en window.electronAPI
[2025-10-21 17:26:34] [INFO] [preload] Inicializando preload.js
[2025-10-21 17:26:34] [ERROR] [setupWatcher] Archivo setup_config.json NO encontrado en: C:\Users\User\Documents\Personal\LockeritDesk\electron\preload\configFiles\setup_config.json
[2025-10-21 17:26:34] [INFO] [preload] Watcher iniciado: setup_config.json
[2025-10-21 17:26:34] [ERROR] [authWatcher] auth_key.json NO encontrado: C:\Users\User\Documents\Personal\LockeritDesk\electron\preload\configFiles\auth_key.json
[2025-10-21 17:26:34] [INFO] [preload] Watcher iniciado: auth_key.json
[2025-10-21 17:26:34] [ERROR] [loggerWatcher] Archivo logger_config.json NO encontrado en: C:\Users\User\Documents\Personal\LockeritDesk\electron\preload\configFiles\logger_config.json
[2025-10-21 17:26:34] [INFO] [preload] Watcher iniciado: logger_config.json
[2025-10-21 17:26:34] [ERROR] [envWatcher] Archivo .env NO encontrado en: C:\Users\User\Documents\Personal\LockeritDesk\electron\preload\configFiles\.env
[2025-10-21 17:26:34] [INFO] [preload] Watcher iniciado: .env
[2025-10-21 17:26:34] [INFO] [preload] API expuesta en window.electronAPI
[2025-10-21 17:26:35] [INFO] [preload] Inicializando preload.js
[2025-10-21 17:26:35] [ERROR] [setupWatcher] Archivo setup_config.json NO encontrado en: C:\Users\User\Documents\Personal\LockeritDesk\electron\preload\configFiles\setup_config.json
[2025-10-21 17:26:35] [INFO] [preload] Watcher iniciado: setup_config.json
[2025-10-21 17:26:35] [ERROR] [authWatcher] auth_key.json NO encontrado: C:\Users\User\Documents\Personal\LockeritDesk\electron\preload\configFiles\auth_key.json
[2025-10-21 17:26:35] [INFO] [preload] Watcher iniciado: auth_key.json
[2025-10-21 17:26:35] [ERROR] [loggerWatcher] Archivo logger_config.json NO encontrado en: C:\Users\User\Documents\Personal\LockeritDesk\electron\preload\configFiles\logger_config.json
[2025-10-21 17:26:35] [INFO] [preload] Watcher iniciado: logger_config.json
[2025-10-21 17:26:35] [ERROR] [envWatcher] Archivo .env NO encontrado en: C:\Users\User\Documents\Personal\LockeritDesk\electron\preload\configFiles\.env
[2025-10-21 17:26:35] [INFO] [preload] Watcher iniciado: .env
[2025-10-21 17:26:35] [INFO] [preload] API expuesta en window.electronAPI
[2025-10-21 17:26:35] [INFO] [preload] Inicializando preload.js
[2025-10-21 17:26:35] [ERROR] [setupWatcher] Archivo setup_config.json NO encontrado en: C:\Users\User\Documents\Personal\LockeritDesk\electron\preload\configFiles\setup_config.json
[2025-10-21 17:26:35] [INFO] [preload] Watcher iniciado: setup_config.json
[2025-10-21 17:26:35] [ERROR] [authWatcher] auth_key.json NO encontrado: C:\Users\User\Documents\Personal\LockeritDesk\electron\preload\configFiles\auth_key.json
[2025-10-21 17:26:35] [INFO] [preload] Watcher iniciado: auth_key.json
[2025-10-21 17:26:35] [ERROR] [loggerWatcher] Archivo logger_config.json NO encontrado en: C:\Users\User\Documents\Personal\LockeritDesk\electron\preload\configFiles\logger_config.json
[2025-10-21 17:26:35] [INFO] [preload] Watcher iniciado: logger_config.json
[2025-10-21 17:26:35] [ERROR] [envWatcher] Archivo .env NO encontrado en: C:\Users\User\Documents\Personal\LockeritDesk\electron\preload\configFiles\.env
[2025-10-21 17:26:35] [INFO] [preload] Watcher iniciado: .env
[2025-10-21 17:26:35] [INFO] [preload] API expuesta en window.electronAPI
[2025-10-21 17:26:36] [INFO] [preload] Inicializando preload.js
[2025-10-21 17:26:36] [ERROR] [setupWatcher] Archivo setup_config.json NO encontrado en: C:\Users\User\Documents\Personal\LockeritDesk\electron\preload\configFiles\setup_config.json
[2025-10-21 17:26:36] [INFO] [preload] Watcher iniciado: setup_config.json
[2025-10-21 17:26:36] [ERROR] [authWatcher] auth_key.json NO encontrado: C:\Users\User\Documents\Personal\LockeritDesk\electron\preload\configFiles\auth_key.json
[2025-10-21 17:26:36] [INFO] [preload] Watcher iniciado: auth_key.json
[2025-10-21 17:26:36] [ERROR] [loggerWatcher] Archivo logger_config.json NO encontrado en: C:\Users\User\Documents\Personal\LockeritDesk\electron\preload\configFiles\logger_config.json
[2025-10-21 17:26:36] [INFO] [preload] Watcher iniciado: logger_config.json
[2025-10-21 17:26:36] [ERROR] [envWatcher] Archivo .env NO encontrado en: C:\Users\User\Documents\Personal\LockeritDesk\electron\preload\configFiles\.env
[2025-10-21 17:26:36] [INFO] [preload] Watcher iniciado: .env
[2025-10-21 17:26:36] [INFO] [preload] API expuesta en window.electronAPI
[2025-10-21 17:26:36] [INFO] [preload] Inicializando preload.js
[2025-10-21 17:26:36] [ERROR] [setupWatcher] Archivo setup_config.json NO encontrado en: C:\Users\User\Documents\Personal\LockeritDesk\electron\preload\configFiles\setup_config.json
[2025-10-21 17:26:36] [INFO] [preload] Watcher iniciado: setup_config.json
[2025-10-21 17:26:36] [ERROR] [authWatcher] auth_key.json NO encontrado: C:\Users\User\Documents\Personal\LockeritDesk\electron\preload\configFiles\auth_key.json
[2025-10-21 17:26:36] [INFO] [preload] Watcher iniciado: auth_key.json
[2025-10-21 17:26:36] [ERROR] [loggerWatcher] Archivo logger_config.json NO encontrado en: C:\Users\User\Documents\Personal\LockeritDesk\electron\preload\configFiles\logger_config.json
[2025-10-21 17:26:36] [INFO] [preload] Watcher iniciado: logger_config.json
[2025-10-21 17:26:36] [ERROR] [envWatcher] Archivo .env NO encontrado en: C:\Users\User\Documents\Personal\LockeritDesk\electron\preload\configFiles\.env
[2025-10-21 17:26:36] [INFO] [preload] Watcher iniciado: .env
[2025-10-21 17:26:36] [INFO] [preload] API expuesta en window.electronAPI
[2025-10-21 17:26:37] [INFO] [preload] Inicializando preload.js
[2025-10-21 17:26:37] [ERROR] [setupWatcher] Archivo setup_config.json NO encontrado en: C:\Users\User\Documents\Personal\LockeritDesk\electron\preload\configFiles\setup_config.json
[2025-10-21 17:26:37] [INFO] [preload] Watcher iniciado: setup_config.json
[2025-10-21 17:26:37] [ERROR] [authWatcher] auth_key.json NO encontrado: C:\Users\User\Documents\Personal\LockeritDesk\electron\preload\configFiles\auth_key.json
[2025-10-21 17:26:37] [INFO] [preload] Watcher iniciado: auth_key.json
[2025-10-21 17:26:37] [ERROR] [loggerWatcher] Archivo logger_config.json NO encontrado en: C:\Users\User\Documents\Personal\LockeritDesk\electron\preload\configFiles\logger_config.json
[2025-10-21 17:26:37] [INFO] [preload] Watcher iniciado: logger_config.json
[2025-10-21 17:26:37] [ERROR] [envWatcher] Archivo .env NO encontrado en: C:\Users\User\Documents\Personal\LockeritDesk\electron\preload\configFiles\.env
[2025-10-21 17:26:37] [INFO] [preload] Watcher iniciado: .env
[2025-10-21 17:26:37] [INFO] [preload] API expuesta en window.electronAPI
[2025-10-21 17:26:37] [INFO] [preload] Inicializando preload.js
[2025-10-21 17:26:37] [ERROR] [setupWatcher] Archivo setup_config.json NO encontrado en: C:\Users\User\Documents\Personal\LockeritDesk\electron\preload\configFiles\setup_config.json
[2025-10-21 17:26:37] [INFO] [preload] Watcher iniciado: setup_config.json
[2025-10-21 17:26:37] [ERROR] [authWatcher] auth_key.json NO encontrado: C:\Users\User\Documents\Personal\LockeritDesk\electron\preload\configFiles\auth_key.json
[2025-10-21 17:26:37] [INFO] [preload] Watcher iniciado: auth_key.json
[2025-10-21 17:26:37] [ERROR] [loggerWatcher] Archivo logger_config.json NO encontrado en: C:\Users\User\Documents\Personal\LockeritDesk\electron\preload\configFiles\logger_config.json
[2025-10-21 17:26:37] [INFO] [preload] Watcher iniciado: logger_config.json
[2025-10-21 17:26:37] [ERROR] [envWatcher] Archivo .env NO encontrado en: C:\Users\User\Documents\Personal\LockeritDesk\electron\preload\configFiles\.env
[2025-10-21 17:26:37] [INFO] [preload] Watcher iniciado: .env
[2025-10-21 17:26:37] [INFO] [preload] API expuesta en window.electronAPI
[2025-10-21 17:26:38] [INFO] [preload] Inicializando preload.js
[2025-10-21 17:26:38] [ERROR] [setupWatcher] Archivo setup_config.json NO encontrado en: C:\Users\User\Documents\Personal\LockeritDesk\electron\preload\configFiles\setup_config.json
[2025-10-21 17:26:38] [INFO] [preload] Watcher iniciado: setup_config.json
[2025-10-21 17:26:38] [ERROR] [authWatcher] auth_key.json NO encontrado: C:\Users\User\Documents\Personal\LockeritDesk\electron\preload\configFiles\auth_key.json
[2025-10-21 17:26:38] [INFO] [preload] Watcher iniciado: auth_key.json
[2025-10-21 17:26:38] [ERROR] [loggerWatcher] Archivo logger_config.json NO encontrado en: C:\Users\User\Documents\Personal\LockeritDesk\electron\preload\configFiles\logger_config.json
[2025-10-21 17:26:38] [INFO] [preload] Watcher iniciado: logger_config.json
[2025-10-21 17:26:38] [ERROR] [envWatcher] Archivo .env NO encontrado en: C:\Users\User\Documents\Personal\LockeritDesk\electron\preload\configFiles\.env
[2025-10-21 17:26:38] [INFO] [preload] Watcher iniciado: .env
[2025-10-21 17:26:38] [INFO] [preload] API expuesta en window.electronAPI
[2025-10-21 17:26:38] [INFO] [preload] Inicializando preload.js
[2025-10-21 17:26:38] [ERROR] [setupWatcher] Archivo setup_config.json NO encontrado en: C:\Users\User\Documents\Personal\LockeritDesk\electron\preload\configFiles\setup_config.json
[2025-10-21 17:26:38] [INFO] [preload] Watcher iniciado: setup_config.json
[2025-10-21 17:26:38] [ERROR] [authWatcher] auth_key.json NO encontrado: C:\Users\User\Documents\Personal\LockeritDesk\electron\preload\configFiles\auth_key.json
[2025-10-21 17:26:38] [INFO] [preload] Watcher iniciado: auth_key.json
[2025-10-21 17:26:38] [ERROR] [loggerWatcher] Archivo logger_config.json NO encontrado en: C:\Users\User\Documents\Personal\LockeritDesk\electron\preload\configFiles\logger_config.json
[2025-10-21 17:26:38] [INFO] [preload] Watcher iniciado: logger_config.json
[2025-10-21 17:26:38] [ERROR] [envWatcher] Archivo .env NO encontrado en: C:\Users\User\Documents\Personal\LockeritDesk\electron\preload\configFiles\.env
[2025-10-21 17:26:38] [INFO] [preload] Watcher iniciado: .env
[2025-10-21 17:26:38] [INFO] [preload] API expuesta en window.electronAPI
[2025-10-21 17:26:39] [INFO] [preload] Inicializando preload.js
[2025-10-21 17:26:39] [ERROR] [setupWatcher] Archivo setup_config.json NO encontrado en: C:\Users\User\Documents\Personal\LockeritDesk\electron\preload\configFiles\setup_config.json
[2025-10-21 17:26:39] [INFO] [preload] Watcher iniciado: setup_config.json
[2025-10-21 17:26:39] [ERROR] [authWatcher] auth_key.json NO encontrado: C:\Users\User\Documents\Personal\LockeritDesk\electron\preload\configFiles\auth_key.json
[2025-10-21 17:26:39] [INFO] [preload] Watcher iniciado: auth_key.json
[2025-10-21 17:26:39] [ERROR] [loggerWatcher] Archivo logger_config.json NO encontrado en: C:\Users\User\Documents\Personal\LockeritDesk\electron\preload\configFiles\logger_config.json
[2025-10-21 17:26:39] [INFO] [preload] Watcher iniciado: logger_config.json
[2025-10-21 17:26:39] [ERROR] [envWatcher] Archivo .env NO encontrado en: C:\Users\User\Documents\Personal\LockeritDesk\electron\preload\configFiles\.env
[2025-10-21 17:26:39] [INFO] [preload] Watcher iniciado: .env
[2025-10-21 17:26:39] [INFO] [preload] API expuesta en window.electronAPI
[2025-10-21 17:26:39] [INFO] [preload] Inicializando preload.js
[2025-10-21 17:26:39] [ERROR] [setupWatcher] Archivo setup_config.json NO encontrado en: C:\Users\User\Documents\Personal\LockeritDesk\electron\preload\configFiles\setup_config.json
[2025-10-21 17:26:39] [INFO] [preload] Watcher iniciado: setup_config.json
[2025-10-21 17:26:39] [ERROR] [authWatcher] auth_key.json NO encontrado: C:\Users\User\Documents\Personal\LockeritDesk\electron\preload\configFiles\auth_key.json
[2025-10-21 17:26:39] [INFO] [preload] Watcher iniciado: auth_key.json
[2025-10-21 17:26:39] [ERROR] [loggerWatcher] Archivo logger_config.json NO encontrado en: C:\Users\User\Documents\Personal\LockeritDesk\electron\preload\configFiles\logger_config.json
[2025-10-21 17:26:39] [INFO] [preload] Watcher iniciado: logger_config.json
[2025-10-21 17:26:39] [ERROR] [envWatcher] Archivo .env NO encontrado en: C:\Users\User\Documents\Personal\LockeritDesk\electron\preload\configFiles\.env
[2025-10-21 17:26:39] [INFO] [preload] Watcher iniciado: .env
[2025-10-21 17:26:39] [INFO] [preload] API expuesta en window.electronAPI
[2025-10-21 17:26:40] [INFO] [preload] Inicializando preload.js
[2025-10-21 17:26:40] [ERROR] [setupWatcher] Archivo setup_config.json NO encontrado en: C:\Users\User\Documents\Personal\LockeritDesk\electron\preload\configFiles\setup_config.json
[2025-10-21 17:26:40] [INFO] [preload] Watcher iniciado: setup_config.json
[2025-10-21 17:26:40] [ERROR] [authWatcher] auth_key.json NO encontrado: C:\Users\User\Documents\Personal\LockeritDesk\electron\preload\configFiles\auth_key.json
[2025-10-21 17:26:40] [INFO] [preload] Watcher iniciado: auth_key.json
[2025-10-21 17:26:40] [ERROR] [loggerWatcher] Archivo logger_config.json NO encontrado en: C:\Users\User\Documents\Personal\LockeritDesk\electron\preload\configFiles\logger_config.json
[2025-10-21 17:26:40] [INFO] [preload] Watcher iniciado: logger_config.json
[2025-10-21 17:26:40] [ERROR] [envWatcher] Archivo .env NO encontrado en: C:\Users\User\Documents\Personal\LockeritDesk\electron\preload\configFiles\.env
[2025-10-21 17:26:40] [INFO] [preload] Watcher iniciado: .env
[2025-10-21 17:26:40] [INFO] [preload] API expuesta en window.electronAPI
[2025-10-21 17:26:40] [INFO] [preload] Inicializando preload.js
[2025-10-21 17:26:40] [ERROR] [setupWatcher] Archivo setup_config.json NO encontrado en: C:\Users\User\Documents\Personal\LockeritDesk\electron\preload\configFiles\setup_config.json
[2025-10-21 17:26:40] [INFO] [preload] Watcher iniciado: setup_config.json
[2025-10-21 17:26:40] [ERROR] [authWatcher] auth_key.json NO encontrado: C:\Users\User\Documents\Personal\LockeritDesk\electron\preload\configFiles\auth_key.json
[2025-10-21 17:26:40] [INFO] [preload] Watcher iniciado: auth_key.json
[2025-10-21 17:26:40] [ERROR] [loggerWatcher] Archivo logger_config.json NO encontrado en: C:\Users\User\Documents\Personal\LockeritDesk\electron\preload\configFiles\logger_config.json
[2025-10-21 17:26:40] [INFO] [preload] Watcher iniciado: logger_config.json
[2025-10-21 17:26:40] [ERROR] [envWatcher] Archivo .env NO encontrado en: C:\Users\User\Documents\Personal\LockeritDesk\electron\preload\configFiles\.env
[2025-10-21 17:26:40] [INFO] [preload] Watcher iniciado: .env
[2025-10-21 17:26:40] [INFO] [preload] API expuesta en window.electronAPI
[2025-10-21 17:26:41] [INFO] [preload] Inicializando preload.js
[2025-10-21 17:26:41] [ERROR] [setupWatcher] Archivo setup_config.json NO encontrado en: C:\Users\User\Documents\Personal\LockeritDesk\electron\preload\configFiles\setup_config.json
[2025-10-21 17:26:41] [INFO] [preload] Watcher iniciado: setup_config.json
[2025-10-21 17:26:41] [ERROR] [authWatcher] auth_key.json NO encontrado: C:\Users\User\Documents\Personal\LockeritDesk\electron\preload\configFiles\auth_key.json
[2025-10-21 17:26:41] [INFO] [preload] Watcher iniciado: auth_key.json
[2025-10-21 17:26:41] [ERROR] [loggerWatcher] Archivo logger_config.json NO encontrado en: C:\Users\User\Documents\Personal\LockeritDesk\electron\preload\configFiles\logger_config.json
[2025-10-21 17:26:41] [INFO] [preload] Watcher iniciado: logger_config.json
[2025-10-21 17:26:41] [ERROR] [envWatcher] Archivo .env NO encontrado en: C:\Users\User\Documents\Personal\LockeritDesk\electron\preload\configFiles\.env
[2025-10-21 17:26:41] [INFO] [preload] Watcher iniciado: .env
[2025-10-21 17:26:41] [INFO] [preload] API expuesta en window.electronAPI
[2025-10-21 17:26:41] [INFO] [preload] Inicializando preload.js
[2025-10-21 17:26:41] [ERROR] [setupWatcher] Archivo setup_config.json NO encontrado en: C:\Users\User\Documents\Personal\LockeritDesk\electron\preload\configFiles\setup_config.json
[2025-10-21 17:26:41] [INFO] [preload] Watcher iniciado: setup_config.json
[2025-10-21 17:26:41] [ERROR] [authWatcher] auth_key.json NO encontrado: C:\Users\User\Documents\Personal\LockeritDesk\electron\preload\configFiles\auth_key.json
[2025-10-21 17:26:41] [INFO] [preload] Watcher iniciado: auth_key.json
[2025-10-21 17:26:41] [ERROR] [loggerWatcher] Archivo logger_config.json NO encontrado en: C:\Users\User\Documents\Personal\LockeritDesk\electron\preload\configFiles\logger_config.json
[2025-10-21 17:26:41] [INFO] [preload] Watcher iniciado: logger_config.json
[2025-10-21 17:26:41] [ERROR] [envWatcher] Archivo .env NO encontrado en: C:\Users\User\Documents\Personal\LockeritDesk\electron\preload\configFiles\.env
[2025-10-21 17:26:41] [INFO] [preload] Watcher iniciado: .env
[2025-10-21 17:26:41] [INFO] [preload] API expuesta en window.electronAPI
[2025-10-21 17:26:42] [INFO] [preload] Inicializando preload.js
[2025-10-21 17:26:42] [ERROR] [setupWatcher] Archivo setup_config.json NO encontrado en: C:\Users\User\Documents\Personal\LockeritDesk\electron\preload\configFiles\setup_config.json
[2025-10-21 17:26:42] [INFO] [preload] Watcher iniciado: setup_config.json
[2025-10-21 17:26:42] [ERROR] [authWatcher] auth_key.json NO encontrado: C:\Users\User\Documents\Personal\LockeritDesk\electron\preload\configFiles\auth_key.json
[2025-10-21 17:26:42] [INFO] [preload] Watcher iniciado: auth_key.json
[2025-10-21 17:26:42] [ERROR] [loggerWatcher] Archivo logger_config.json NO encontrado en: C:\Users\User\Documents\Personal\LockeritDesk\electron\preload\configFiles\logger_config.json
[2025-10-21 17:26:42] [INFO] [preload] Watcher iniciado: logger_config.json
[2025-10-21 17:26:42] [ERROR] [envWatcher] Archivo .env NO encontrado en: C:\Users\User\Documents\Personal\LockeritDesk\electron\preload\configFiles\.env
[2025-10-21 17:26:42] [INFO] [preload] Watcher iniciado: .env
[2025-10-21 17:26:42] [INFO] [preload] API expuesta en window.electronAPI
[2025-10-21 17:26:42] [INFO] [preload] Inicializando preload.js
[2025-10-21 17:26:42] [ERROR] [setupWatcher] Archivo setup_config.json NO encontrado en: C:\Users\User\Documents\Personal\LockeritDesk\electron\preload\configFiles\setup_config.json
[2025-10-21 17:26:42] [INFO] [preload] Watcher iniciado: setup_config.json
[2025-10-21 17:26:42] [ERROR] [authWatcher] auth_key.json NO encontrado: C:\Users\User\Documents\Personal\LockeritDesk\electron\preload\configFiles\auth_key.json
[2025-10-21 17:26:42] [INFO] [preload] Watcher iniciado: auth_key.json
[2025-10-21 17:26:42] [ERROR] [loggerWatcher] Archivo logger_config.json NO encontrado en: C:\Users\User\Documents\Personal\LockeritDesk\electron\preload\configFiles\logger_config.json
[2025-10-21 17:26:42] [INFO] [preload] Watcher iniciado: logger_config.json
[2025-10-21 17:26:42] [ERROR] [envWatcher] Archivo .env NO encontrado en: C:\Users\User\Documents\Personal\LockeritDesk\electron\preload\configFiles\.env
[2025-10-21 17:26:42] [INFO] [preload] Watcher iniciado: .env
[2025-10-21 17:26:42] [INFO] [preload] API expuesta en window.electronAPI
[2025-10-21 17:26:43] [INFO] [preload] Inicializando preload.js
[2025-10-21 17:26:43] [ERROR] [setupWatcher] Archivo setup_config.json NO encontrado en: C:\Users\User\Documents\Personal\LockeritDesk\electron\preload\configFiles\setup_config.json
[2025-10-21 17:26:43] [INFO] [preload] Watcher iniciado: setup_config.json
[2025-10-21 17:26:43] [ERROR] [authWatcher] auth_key.json NO encontrado: C:\Users\User\Documents\Personal\LockeritDesk\electron\preload\configFiles\auth_key.json
[2025-10-21 17:26:43] [INFO] [preload] Watcher iniciado: auth_key.json
[2025-10-21 17:26:43] [ERROR] [loggerWatcher] Archivo logger_config.json NO encontrado en: C:\Users\User\Documents\Personal\LockeritDesk\electron\preload\configFiles\logger_config.json
[2025-10-21 17:26:43] [INFO] [preload] Watcher iniciado: logger_config.json
[2025-10-21 17:26:43] [ERROR] [envWatcher] Archivo .env NO encontrado en: C:\Users\User\Documents\Personal\LockeritDesk\electron\preload\configFiles\.env
[2025-10-21 17:26:43] [INFO] [preload] Watcher iniciado: .env
[2025-10-21 17:26:43] [INFO] [preload] API expuesta en window.electronAPI
[2025-10-21 17:26:44] [INFO] [preload] Inicializando preload.js
[2025-10-21 17:26:44] [ERROR] [setupWatcher] Archivo setup_config.json NO encontrado en: C:\Users\User\Documents\Personal\LockeritDesk\electron\preload\configFiles\setup_config.json
[2025-10-21 17:26:44] [INFO] [preload] Watcher iniciado: setup_config.json
[2025-10-21 17:26:44] [ERROR] [authWatcher] auth_key.json NO encontrado: C:\Users\User\Documents\Personal\LockeritDesk\electron\preload\configFiles\auth_key.json
[2025-10-21 17:26:44] [INFO] [preload] Watcher iniciado: auth_key.json
[2025-10-21 17:26:44] [ERROR] [loggerWatcher] Archivo logger_config.json NO encontrado en: C:\Users\User\Documents\Personal\LockeritDesk\electron\preload\configFiles\logger_config.json
[2025-10-21 17:26:44] [INFO] [preload] Watcher iniciado: logger_config.json
[2025-10-21 17:26:44] [ERROR] [envWatcher] Archivo .env NO encontrado en: C:\Users\User\Documents\Personal\LockeritDesk\electron\preload\configFiles\.env
[2025-10-21 17:26:44] [INFO] [preload] Watcher iniciado: .env
[2025-10-21 17:26:44] [INFO] [preload] API expuesta en window.electronAPI
[2025-10-21 17:26:44] [INFO] [preload] Inicializando preload.js
[2025-10-21 17:26:44] [ERROR] [setupWatcher] Archivo setup_config.json NO encontrado en: C:\Users\User\Documents\Personal\LockeritDesk\electron\preload\configFiles\setup_config.json
[2025-10-21 17:26:44] [INFO] [preload] Watcher iniciado: setup_config.json
[2025-10-21 17:26:44] [ERROR] [authWatcher] auth_key.json NO encontrado: C:\Users\User\Documents\Personal\LockeritDesk\electron\preload\configFiles\auth_key.json
[2025-10-21 17:26:44] [INFO] [preload] Watcher iniciado: auth_key.json
[2025-10-21 17:26:44] [ERROR] [loggerWatcher] Archivo logger_config.json NO encontrado en: C:\Users\User\Documents\Personal\LockeritDesk\electron\preload\configFiles\logger_config.json
[2025-10-21 17:26:44] [INFO] [preload] Watcher iniciado: logger_config.json
[2025-10-21 17:26:44] [ERROR] [envWatcher] Archivo .env NO encontrado en: C:\Users\User\Documents\Personal\LockeritDesk\electron\preload\configFiles\.env
[2025-10-21 17:26:44] [INFO] [preload] Watcher iniciado: .env
[2025-10-21 17:26:44] [INFO] [preload] API expuesta en window.electronAPI
[2025-10-21 17:26:45] [INFO] [preload] Inicializando preload.js
[2025-10-21 17:26:45] [ERROR] [setupWatcher] Archivo setup_config.json NO encontrado en: C:\Users\User\Documents\Personal\LockeritDesk\electron\preload\configFiles\setup_config.json
[2025-10-21 17:26:45] [INFO] [preload] Watcher iniciado: setup_config.json
[2025-10-21 17:26:45] [ERROR] [authWatcher] auth_key.json NO encontrado: C:\Users\User\Documents\Personal\LockeritDesk\electron\preload\configFiles\auth_key.json
[2025-10-21 17:26:45] [INFO] [preload] Watcher iniciado: auth_key.json
[2025-10-21 17:26:45] [ERROR] [loggerWatcher] Archivo logger_config.json NO encontrado en: C:\Users\User\Documents\Personal\LockeritDesk\electron\preload\configFiles\logger_config.json
[2025-10-21 17:26:45] [INFO] [preload] Watcher iniciado: logger_config.json
[2025-10-21 17:26:45] [ERROR] [envWatcher] Archivo .env NO encontrado en: C:\Users\User\Documents\Personal\LockeritDesk\electron\preload\configFiles\.env
[2025-10-21 17:26:45] [INFO] [preload] Watcher iniciado: .env
[2025-10-21 17:26:45] [INFO] [preload] API expuesta en window.electronAPI
[2025-10-21 17:26:46] [INFO] [preload] Inicializando preload.js
[2025-10-21 17:26:46] [ERROR] [setupWatcher] Archivo setup_config.json NO encontrado en: C:\Users\User\Documents\Personal\LockeritDesk\electron\preload\configFiles\setup_config.json
[2025-10-21 17:26:46] [INFO] [preload] Watcher iniciado: setup_config.json
[2025-10-21 17:26:46] [ERROR] [authWatcher] auth_key.json NO encontrado: C:\Users\User\Documents\Personal\LockeritDesk\electron\preload\configFiles\auth_key.json
[2025-10-21 17:26:46] [INFO] [preload] Watcher iniciado: auth_key.json
[2025-10-21 17:26:46] [ERROR] [loggerWatcher] Archivo logger_config.json NO encontrado en: C:\Users\User\Documents\Personal\LockeritDesk\electron\preload\configFiles\logger_config.json
[2025-10-21 17:26:46] [INFO] [preload] Watcher iniciado: logger_config.json
[2025-10-21 17:26:46] [ERROR] [envWatcher] Archivo .env NO encontrado en: C:\Users\User\Documents\Personal\LockeritDesk\electron\preload\configFiles\.env
[2025-10-21 17:26:46] [INFO] [preload] Watcher iniciado: .env
[2025-10-21 17:26:46] [INFO] [preload] API expuesta en window.electronAPI
[2025-10-21 17:26:46] [INFO] [preload] Inicializando preload.js
[2025-10-21 17:26:46] [ERROR] [setupWatcher] Archivo setup_config.json NO encontrado en: C:\Users\User\Documents\Personal\LockeritDesk\electron\preload\configFiles\setup_config.json
[2025-10-21 17:26:46] [INFO] [preload] Watcher iniciado: setup_config.json
[2025-10-21 17:26:46] [ERROR] [authWatcher] auth_key.json NO encontrado: C:\Users\User\Documents\Personal\LockeritDesk\electron\preload\configFiles\auth_key.json
[2025-10-21 17:26:46] [INFO] [preload] Watcher iniciado: auth_key.json
[2025-10-21 17:26:46] [ERROR] [loggerWatcher] Archivo logger_config.json NO encontrado en: C:\Users\User\Documents\Personal\LockeritDesk\electron\preload\configFiles\logger_config.json
[2025-10-21 17:26:46] [INFO] [preload] Watcher iniciado: logger_config.json
[2025-10-21 17:26:46] [ERROR] [envWatcher] Archivo .env NO encontrado en: C:\Users\User\Documents\Personal\LockeritDesk\electron\preload\configFiles\.env
[2025-10-21 17:26:46] [INFO] [preload] Watcher iniciado: .env
[2025-10-21 17:26:46] [INFO] [preload] API expuesta en window.electronAPI
[2025-10-21 17:26:47] [INFO] [preload] Inicializando preload.js
[2025-10-21 17:26:47] [ERROR] [setupWatcher] Archivo setup_config.json NO encontrado en: C:\Users\User\Documents\Personal\LockeritDesk\electron\preload\configFiles\setup_config.json
[2025-10-21 17:26:47] [INFO] [preload] Watcher iniciado: setup_config.json
[2025-10-21 17:26:47] [ERROR] [authWatcher] auth_key.json NO encontrado: C:\Users\User\Documents\Personal\LockeritDesk\electron\preload\configFiles\auth_key.json
[2025-10-21 17:26:47] [INFO] [preload] Watcher iniciado: auth_key.json
[2025-10-21 17:26:47] [ERROR] [loggerWatcher] Archivo logger_config.json NO encontrado en: C:\Users\User\Documents\Personal\LockeritDesk\electron\preload\configFiles\logger_config.json
[2025-10-21 17:26:47] [INFO] [preload] Watcher iniciado: logger_config.json
[2025-10-21 17:26:47] [ERROR] [envWatcher] Archivo .env NO encontrado en: C:\Users\User\Documents\Personal\LockeritDesk\electron\preload\configFiles\.env
[2025-10-21 17:26:47] [INFO] [preload] Watcher iniciado: .env
[2025-10-21 17:26:47] [INFO] [preload] API expuesta en window.electronAPI
[2025-10-21 17:26:47] [INFO] [preload] Inicializando preload.js
[2025-10-21 17:26:47] [ERROR] [setupWatcher] Archivo setup_config.json NO encontrado en: C:\Users\User\Documents\Personal\LockeritDesk\electron\preload\configFiles\setup_config.json
[2025-10-21 17:26:47] [INFO] [preload] Watcher iniciado: setup_config.json
[2025-10-21 17:26:47] [ERROR] [authWatcher] auth_key.json NO encontrado: C:\Users\User\Documents\Personal\LockeritDesk\electron\preload\configFiles\auth_key.json
[2025-10-21 17:26:47] [INFO] [preload] Watcher iniciado: auth_key.json
[2025-10-21 17:26:47] [ERROR] [loggerWatcher] Archivo logger_config.json NO encontrado en: C:\Users\User\Documents\Personal\LockeritDesk\electron\preload\configFiles\logger_config.json
[2025-10-21 17:26:47] [INFO] [preload] Watcher iniciado: logger_config.json
[2025-10-21 17:26:47] [ERROR] [envWatcher] Archivo .env NO encontrado en: C:\Users\User\Documents\Personal\LockeritDesk\electron\preload\configFiles\.env
[2025-10-21 17:26:47] [INFO] [preload] Watcher iniciado: .env
[2025-10-21 17:26:47] [INFO] [preload] API expuesta en window.electronAPI
[2025-10-21 17:26:48] [INFO] [preload] Inicializando preload.js
[2025-10-21 17:26:48] [ERROR] [setupWatcher] Archivo setup_config.json NO encontrado en: C:\Users\User\Documents\Personal\LockeritDesk\electron\preload\configFiles\setup_config.json
[2025-10-21 17:26:48] [INFO] [preload] Watcher iniciado: setup_config.json
[2025-10-21 17:26:48] [ERROR] [authWatcher] auth_key.json NO encontrado: C:\Users\User\Documents\Personal\LockeritDesk\electron\preload\configFiles\auth_key.json
[2025-10-21 17:26:48] [INFO] [preload] Watcher iniciado: auth_key.json
[2025-10-21 17:26:48] [ERROR] [loggerWatcher] Archivo logger_config.json NO encontrado en: C:\Users\User\Documents\Personal\LockeritDesk\electron\preload\configFiles\logger_config.json
[2025-10-21 17:26:48] [INFO] [preload] Watcher iniciado: logger_config.json
[2025-10-21 17:26:48] [ERROR] [envWatcher] Archivo .env NO encontrado en: C:\Users\User\Documents\Personal\LockeritDesk\electron\preload\configFiles\.env
[2025-10-21 17:26:48] [INFO] [preload] Watcher iniciado: .env
[2025-10-21 17:26:48] [INFO] [preload] API expuesta en window.electronAPI
[2025-10-21 18:31:41] [INFO] [main] Iniciando aplicación Electron
[2025-10-21 18:31:41] [WARN] [main] .env NO encontrado en: C:\Users\User\Documents\Personal\LockeritDesk\electron\main\configFiles\.env
[2025-10-21 18:31:41] [INFO] [main] App lista, creando ventana...
[2025-10-21 18:31:41] [INFO] [main] Creando ventana principal...
[2025-10-21 18:31:41] [INFO] [main] Cargando URL: http://localhost:5173
[2025-10-21 18:31:42] [INFO] [preload] Inicializando preload.js
[2025-10-21 18:31:42] [ERROR] [setupWatcher] Archivo setup_config.json NO encontrado en: C:\Users\User\Documents\Personal\LockeritDesk\electron\preload\configFiles\setup_config.json
[2025-10-21 18:31:42] [INFO] [preload] Watcher iniciado: setup_config.json
[2025-10-21 18:31:42] [ERROR] [authWatcher] auth_key.json NO encontrado: C:\Users\User\Documents\Personal\LockeritDesk\electron\preload\configFiles\auth_key.json
[2025-10-21 18:31:42] [INFO] [preload] Watcher iniciado: auth_key.json
[2025-10-21 18:31:42] [ERROR] [loggerWatcher] Archivo logger_config.json NO encontrado en: C:\Users\User\Documents\Personal\LockeritDesk\electron\preload\configFiles\logger_config.json
[2025-10-21 18:31:42] [INFO] [preload] Watcher iniciado: logger_config.json
[2025-10-21 18:31:42] [ERROR] [envWatcher] Archivo .env NO encontrado en: C:\Users\User\Documents\Personal\LockeritDesk\electron\preload\configFiles\.env
[2025-10-21 18:31:42] [INFO] [preload] Watcher iniciado: .env
[2025-10-21 18:31:42] [INFO] [preload] API expuesta en window.electronAPI
[2025-10-21 18:31:42] [INFO] [main] CSP cambió, enviando al renderer
[2025-10-21 18:31:42] [INFO] [preload] Inicializando preload.js
[2025-10-21 18:31:42] [ERROR] [setupWatcher] Archivo setup_config.json NO encontrado en: C:\Users\User\Documents\Personal\LockeritDesk\electron\preload\configFiles\setup_config.json
[2025-10-21 18:31:42] [INFO] [preload] Watcher iniciado: setup_config.json
[2025-10-21 18:31:42] [ERROR] [authWatcher] auth_key.json NO encontrado: C:\Users\User\Documents\Personal\LockeritDesk\electron\preload\configFiles\auth_key.json
[2025-10-21 18:31:42] [INFO] [preload] Watcher iniciado: auth_key.json
[2025-10-21 18:31:42] [ERROR] [loggerWatcher] Archivo logger_config.json NO encontrado en: C:\Users\User\Documents\Personal\LockeritDesk\electron\preload\configFiles\logger_config.json
[2025-10-21 18:31:42] [INFO] [preload] Watcher iniciado: logger_config.json
[2025-10-21 18:31:42] [ERROR] [envWatcher] Archivo .env NO encontrado en: C:\Users\User\Documents\Personal\LockeritDesk\electron\preload\configFiles\.env
[2025-10-21 18:31:42] [INFO] [preload] Watcher iniciado: .env
[2025-10-21 18:31:42] [INFO] [preload] API expuesta en window.electronAPI
[2025-10-21 18:31:42] [INFO] [preload] Inicializando preload.js
[2025-10-21 18:31:42] [ERROR] [setupWatcher] Archivo setup_config.json NO encontrado en: C:\Users\User\Documents\Personal\LockeritDesk\electron\preload\configFiles\setup_config.json
[2025-10-21 18:31:42] [INFO] [preload] Watcher iniciado: setup_config.json
[2025-10-21 18:31:42] [ERROR] [authWatcher] auth_key.json NO encontrado: C:\Users\User\Documents\Personal\LockeritDesk\electron\preload\configFiles\auth_key.json
[2025-10-21 18:31:42] [INFO] [preload] Watcher iniciado: auth_key.json
[2025-10-21 18:31:42] [ERROR] [loggerWatcher] Archivo logger_config.json NO encontrado en: C:\Users\User\Documents\Personal\LockeritDesk\electron\preload\configFiles\logger_config.json
[2025-10-21 18:31:42] [INFO] [preload] Watcher iniciado: logger_config.json
[2025-10-21 18:31:42] [ERROR] [envWatcher] Archivo .env NO encontrado en: C:\Users\User\Documents\Personal\LockeritDesk\electron\preload\configFiles\.env
[2025-10-21 18:31:42] [INFO] [preload] Watcher iniciado: .env
[2025-10-21 18:31:42] [INFO] [preload] API expuesta en window.electronAPI
[2025-10-21 18:31:43] [INFO] [preload] Inicializando preload.js
[2025-10-21 18:31:43] [ERROR] [setupWatcher] Archivo setup_config.json NO encontrado en: C:\Users\User\Documents\Personal\LockeritDesk\electron\preload\configFiles\setup_config.json
[2025-10-21 18:31:43] [INFO] [preload] Watcher iniciado: setup_config.json
[2025-10-21 18:31:43] [ERROR] [authWatcher] auth_key.json NO encontrado: C:\Users\User\Documents\Personal\LockeritDesk\electron\preload\configFiles\auth_key.json
[2025-10-21 18:31:43] [INFO] [preload] Watcher iniciado: auth_key.json
[2025-10-21 18:31:43] [ERROR] [loggerWatcher] Archivo logger_config.json NO encontrado en: C:\Users\User\Documents\Personal\LockeritDesk\electron\preload\configFiles\logger_config.json
[2025-10-21 18:31:43] [INFO] [preload] Watcher iniciado: logger_config.json
[2025-10-21 18:31:43] [ERROR] [envWatcher] Archivo .env NO encontrado en: C:\Users\User\Documents\Personal\LockeritDesk\electron\preload\configFiles\.env
[2025-10-21 18:31:43] [INFO] [preload] Watcher iniciado: .env
[2025-10-21 18:31:43] [INFO] [preload] API expuesta en window.electronAPI
[2025-10-21 18:31:43] [INFO] [preload] Inicializando preload.js
[2025-10-21 18:31:43] [ERROR] [setupWatcher] Archivo setup_config.json NO encontrado en: C:\Users\User\Documents\Personal\LockeritDesk\electron\preload\configFiles\setup_config.json
[2025-10-21 18:31:43] [INFO] [preload] Watcher iniciado: setup_config.json
[2025-10-21 18:31:43] [ERROR] [authWatcher] auth_key.json NO encontrado: C:\Users\User\Documents\Personal\LockeritDesk\electron\preload\configFiles\auth_key.json
[2025-10-21 18:31:43] [INFO] [preload] Watcher iniciado: auth_key.json
[2025-10-21 18:31:43] [ERROR] [loggerWatcher] Archivo logger_config.json NO encontrado en: C:\Users\User\Documents\Personal\LockeritDesk\electron\preload\configFiles\logger_config.json
[2025-10-21 18:31:43] [INFO] [preload] Watcher iniciado: logger_config.json
[2025-10-21 18:31:43] [ERROR] [envWatcher] Archivo .env NO encontrado en: C:\Users\User\Documents\Personal\LockeritDesk\electron\preload\configFiles\.env
[2025-10-21 18:31:43] [INFO] [preload] Watcher iniciado: .env
[2025-10-21 18:31:43] [INFO] [preload] API expuesta en window.electronAPI
[2025-10-21 18:31:44] [INFO] [preload] Inicializando preload.js
[2025-10-21 18:31:44] [ERROR] [setupWatcher] Archivo setup_config.json NO encontrado en: C:\Users\User\Documents\Personal\LockeritDesk\electron\preload\configFiles\setup_config.json
[2025-10-21 18:31:44] [INFO] [preload] Watcher iniciado: setup_config.json
[2025-10-21 18:31:44] [ERROR] [authWatcher] auth_key.json NO encontrado: C:\Users\User\Documents\Personal\LockeritDesk\electron\preload\configFiles\auth_key.json
[2025-10-21 18:31:44] [INFO] [preload] Watcher iniciado: auth_key.json
[2025-10-21 18:31:44] [ERROR] [loggerWatcher] Archivo logger_config.json NO encontrado en: C:\Users\User\Documents\Personal\LockeritDesk\electron\preload\configFiles\logger_config.json
[2025-10-21 18:31:44] [INFO] [preload] Watcher iniciado: logger_config.json
[2025-10-21 18:31:44] [ERROR] [envWatcher] Archivo .env NO encontrado en: C:\Users\User\Documents\Personal\LockeritDesk\electron\preload\configFiles\.env
[2025-10-21 18:31:44] [INFO] [preload] Watcher iniciado: .env
[2025-10-21 18:31:44] [INFO] [preload] API expuesta en window.electronAPI
[2025-10-21 18:31:44] [INFO] [preload] Inicializando preload.js
[2025-10-21 18:31:44] [ERROR] [setupWatcher] Archivo setup_config.json NO encontrado en: C:\Users\User\Documents\Personal\LockeritDesk\electron\preload\configFiles\setup_config.json
[2025-10-21 18:31:44] [INFO] [preload] Watcher iniciado: setup_config.json
[2025-10-21 18:31:44] [ERROR] [authWatcher] auth_key.json NO encontrado: C:\Users\User\Documents\Personal\LockeritDesk\electron\preload\configFiles\auth_key.json
[2025-10-21 18:31:44] [INFO] [preload] Watcher iniciado: auth_key.json
[2025-10-21 18:31:44] [ERROR] [loggerWatcher] Archivo logger_config.json NO encontrado en: C:\Users\User\Documents\Personal\LockeritDesk\electron\preload\configFiles\logger_config.json
[2025-10-21 18:31:44] [INFO] [preload] Watcher iniciado: logger_config.json
[2025-10-21 18:31:44] [ERROR] [envWatcher] Archivo .env NO encontrado en: C:\Users\User\Documents\Personal\LockeritDesk\electron\preload\configFiles\.env
[2025-10-21 18:31:44] [INFO] [preload] Watcher iniciado: .env
[2025-10-21 18:31:44] [INFO] [preload] API expuesta en window.electronAPI
[2025-10-21 18:31:44] [INFO] [preload] Inicializando preload.js
[2025-10-21 18:31:44] [ERROR] [setupWatcher] Archivo setup_config.json NO encontrado en: C:\Users\User\Documents\Personal\LockeritDesk\electron\preload\configFiles\setup_config.json
[2025-10-21 18:31:44] [INFO] [preload] Watcher iniciado: setup_config.json
[2025-10-21 18:31:44] [ERROR] [authWatcher] auth_key.json NO encontrado: C:\Users\User\Documents\Personal\LockeritDesk\electron\preload\configFiles\auth_key.json
[2025-10-21 18:31:44] [INFO] [preload] Watcher iniciado: auth_key.json
[2025-10-21 18:31:44] [ERROR] [loggerWatcher] Archivo logger_config.json NO encontrado en: C:\Users\User\Documents\Personal\LockeritDesk\electron\preload\configFiles\logger_config.json
[2025-10-21 18:31:44] [INFO] [preload] Watcher iniciado: logger_config.json
[2025-10-21 18:31:44] [ERROR] [envWatcher] Archivo .env NO encontrado en: C:\Users\User\Documents\Personal\LockeritDesk\electron\preload\configFiles\.env
[2025-10-21 18:31:44] [INFO] [preload] Watcher iniciado: .env
[2025-10-21 18:31:44] [INFO] [preload] API expuesta en window.electronAPI
[2025-10-21 18:31:45] [INFO] [preload] Inicializando preload.js
[2025-10-21 18:31:45] [ERROR] [setupWatcher] Archivo setup_config.json NO encontrado en: C:\Users\User\Documents\Personal\LockeritDesk\electron\preload\configFiles\setup_config.json
[2025-10-21 18:31:45] [INFO] [preload] Watcher iniciado: setup_config.json
[2025-10-21 18:31:45] [ERROR] [authWatcher] auth_key.json NO encontrado: C:\Users\User\Documents\Personal\LockeritDesk\electron\preload\configFiles\auth_key.json
[2025-10-21 18:31:45] [INFO] [preload] Watcher iniciado: auth_key.json
[2025-10-21 18:31:45] [ERROR] [loggerWatcher] Archivo logger_config.json NO encontrado en: C:\Users\User\Documents\Personal\LockeritDesk\electron\preload\configFiles\logger_config.json
[2025-10-21 18:31:45] [INFO] [preload] Watcher iniciado: logger_config.json
[2025-10-21 18:31:45] [ERROR] [envWatcher] Archivo .env NO encontrado en: C:\Users\User\Documents\Personal\LockeritDesk\electron\preload\configFiles\.env
[2025-10-21 18:31:45] [INFO] [preload] Watcher iniciado: .env
[2025-10-21 18:31:45] [INFO] [preload] API expuesta en window.electronAPI
[2025-10-21 18:31:45] [INFO] [preload] Inicializando preload.js
[2025-10-21 18:31:45] [ERROR] [setupWatcher] Archivo setup_config.json NO encontrado en: C:\Users\User\Documents\Personal\LockeritDesk\electron\preload\configFiles\setup_config.json
[2025-10-21 18:31:45] [INFO] [preload] Watcher iniciado: setup_config.json
[2025-10-21 18:31:45] [ERROR] [authWatcher] auth_key.json NO encontrado: C:\Users\User\Documents\Personal\LockeritDesk\electron\preload\configFiles\auth_key.json
[2025-10-21 18:31:45] [INFO] [preload] Watcher iniciado: auth_key.json
[2025-10-21 18:31:45] [ERROR] [loggerWatcher] Archivo logger_config.json NO encontrado en: C:\Users\User\Documents\Personal\LockeritDesk\electron\preload\configFiles\logger_config.json
[2025-10-21 18:31:45] [INFO] [preload] Watcher iniciado: logger_config.json
[2025-10-21 18:31:45] [ERROR] [envWatcher] Archivo .env NO encontrado en: C:\Users\User\Documents\Personal\LockeritDesk\electron\preload\configFiles\.env
[2025-10-21 18:31:45] [INFO] [preload] Watcher iniciado: .env
[2025-10-21 18:31:45] [INFO] [preload] API expuesta en window.electronAPI
[2025-10-21 18:31:45] [INFO] [preload] Inicializando preload.js
[2025-10-21 18:31:45] [ERROR] [setupWatcher] Archivo setup_config.json NO encontrado en: C:\Users\User\Documents\Personal\LockeritDesk\electron\preload\configFiles\setup_config.json
[2025-10-21 18:31:45] [INFO] [preload] Watcher iniciado: setup_config.json
[2025-10-21 18:31:45] [ERROR] [authWatcher] auth_key.json NO encontrado: C:\Users\User\Documents\Personal\LockeritDesk\electron\preload\configFiles\auth_key.json
[2025-10-21 18:31:45] [INFO] [preload] Watcher iniciado: auth_key.json
[2025-10-21 18:31:45] [ERROR] [loggerWatcher] Archivo logger_config.json NO encontrado en: C:\Users\User\Documents\Personal\LockeritDesk\electron\preload\configFiles\logger_config.json
[2025-10-21 18:31:45] [INFO] [preload] Watcher iniciado: logger_config.json
[2025-10-21 18:31:45] [ERROR] [envWatcher] Archivo .env NO encontrado en: C:\Users\User\Documents\Personal\LockeritDesk\electron\preload\configFiles\.env
[2025-10-21 18:31:45] [INFO] [preload] Watcher iniciado: .env
[2025-10-21 18:31:45] [INFO] [preload] API expuesta en window.electronAPI
[2025-10-21 18:31:45] [INFO] [preload] Inicializando preload.js
[2025-10-21 18:31:45] [ERROR] [setupWatcher] Archivo setup_config.json NO encontrado en: C:\Users\User\Documents\Personal\LockeritDesk\electron\preload\configFiles\setup_config.json
[2025-10-21 18:31:45] [INFO] [preload] Watcher iniciado: setup_config.json
[2025-10-21 18:31:45] [ERROR] [authWatcher] auth_key.json NO encontrado: C:\Users\User\Documents\Personal\LockeritDesk\electron\preload\configFiles\auth_key.json
[2025-10-21 18:31:45] [INFO] [preload] Watcher iniciado: auth_key.json
[2025-10-21 18:31:45] [ERROR] [loggerWatcher] Archivo logger_config.json NO encontrado en: C:\Users\User\Documents\Personal\LockeritDesk\electron\preload\configFiles\logger_config.json
[2025-10-21 18:31:45] [INFO] [preload] Watcher iniciado: logger_config.json
[2025-10-21 18:31:45] [ERROR] [envWatcher] Archivo .env NO encontrado en: C:\Users\User\Documents\Personal\LockeritDesk\electron\preload\configFiles\.env
[2025-10-21 18:31:45] [INFO] [preload] Watcher iniciado: .env
[2025-10-21 18:31:45] [INFO] [preload] API expuesta en window.electronAPI
[2025-10-21 18:31:46] [INFO] [preload] Inicializando preload.js
[2025-10-21 18:31:46] [ERROR] [setupWatcher] Archivo setup_config.json NO encontrado en: C:\Users\User\Documents\Personal\LockeritDesk\electron\preload\configFiles\setup_config.json
[2025-10-21 18:31:46] [INFO] [preload] Watcher iniciado: setup_config.json
[2025-10-21 18:31:46] [ERROR] [authWatcher] auth_key.json NO encontrado: C:\Users\User\Documents\Personal\LockeritDesk\electron\preload\configFiles\auth_key.json
[2025-10-21 18:31:46] [INFO] [preload] Watcher iniciado: auth_key.json
[2025-10-21 18:31:46] [ERROR] [loggerWatcher] Archivo logger_config.json NO encontrado en: C:\Users\User\Documents\Personal\LockeritDesk\electron\preload\configFiles\logger_config.json
[2025-10-21 18:31:46] [INFO] [preload] Watcher iniciado: logger_config.json
[2025-10-21 18:31:46] [ERROR] [envWatcher] Archivo .env NO encontrado en: C:\Users\User\Documents\Personal\LockeritDesk\electron\preload\configFiles\.env
[2025-10-21 18:31:46] [INFO] [preload] Watcher iniciado: .env
[2025-10-21 18:31:46] [INFO] [preload] API expuesta en window.electronAPI
[2025-10-21 18:31:46] [INFO] [preload] Inicializando preload.js
[2025-10-21 18:31:46] [ERROR] [setupWatcher] Archivo setup_config.json NO encontrado en: C:\Users\User\Documents\Personal\LockeritDesk\electron\preload\configFiles\setup_config.json
[2025-10-21 18:31:46] [INFO] [preload] Watcher iniciado: setup_config.json
[2025-10-21 18:31:46] [ERROR] [authWatcher] auth_key.json NO encontrado: C:\Users\User\Documents\Personal\LockeritDesk\electron\preload\configFiles\auth_key.json
[2025-10-21 18:31:46] [INFO] [preload] Watcher iniciado: auth_key.json
[2025-10-21 18:31:46] [ERROR] [loggerWatcher] Archivo logger_config.json NO encontrado en: C:\Users\User\Documents\Personal\LockeritDesk\electron\preload\configFiles\logger_config.json
[2025-10-21 18:31:46] [INFO] [preload] Watcher iniciado: logger_config.json
[2025-10-21 18:31:46] [ERROR] [envWatcher] Archivo .env NO encontrado en: C:\Users\User\Documents\Personal\LockeritDesk\electron\preload\configFiles\.env
[2025-10-21 18:31:46] [INFO] [preload] Watcher iniciado: .env
[2025-10-21 18:31:46] [INFO] [preload] API expuesta en window.electronAPI
[2025-10-21 18:31:46] [INFO] [preload] Inicializando preload.js
[2025-10-21 18:31:46] [ERROR] [setupWatcher] Archivo setup_config.json NO encontrado en: C:\Users\User\Documents\Personal\LockeritDesk\electron\preload\configFiles\setup_config.json
[2025-10-21 18:31:46] [INFO] [preload] Watcher iniciado: setup_config.json
[2025-10-21 18:31:46] [ERROR] [authWatcher] auth_key.json NO encontrado: C:\Users\User\Documents\Personal\LockeritDesk\electron\preload\configFiles\auth_key.json
[2025-10-21 18:31:46] [INFO] [preload] Watcher iniciado: auth_key.json
[2025-10-21 18:31:46] [ERROR] [loggerWatcher] Archivo logger_config.json NO encontrado en: C:\Users\User\Documents\Personal\LockeritDesk\electron\preload\configFiles\logger_config.json
[2025-10-21 18:31:46] [INFO] [preload] Watcher iniciado: logger_config.json
[2025-10-21 18:31:46] [ERROR] [envWatcher] Archivo .env NO encontrado en: C:\Users\User\Documents\Personal\LockeritDesk\electron\preload\configFiles\.env
[2025-10-21 18:31:46] [INFO] [preload] Watcher iniciado: .env
[2025-10-21 18:31:46] [INFO] [preload] API expuesta en window.electronAPI
[2025-10-21 18:31:46] [INFO] [preload] Inicializando preload.js
[2025-10-21 18:31:46] [ERROR] [setupWatcher] Archivo setup_config.json NO encontrado en: C:\Users\User\Documents\Personal\LockeritDesk\electron\preload\configFiles\setup_config.json
[2025-10-21 18:31:46] [INFO] [preload] Watcher iniciado: setup_config.json
[2025-10-21 18:31:46] [ERROR] [authWatcher] auth_key.json NO encontrado: C:\Users\User\Documents\Personal\LockeritDesk\electron\preload\configFiles\auth_key.json
[2025-10-21 18:31:46] [INFO] [preload] Watcher iniciado: auth_key.json
[2025-10-21 18:31:46] [ERROR] [loggerWatcher] Archivo logger_config.json NO encontrado en: C:\Users\User\Documents\Personal\LockeritDesk\electron\preload\configFiles\logger_config.json
[2025-10-21 18:31:46] [INFO] [preload] Watcher iniciado: logger_config.json
[2025-10-21 18:31:46] [ERROR] [envWatcher] Archivo .env NO encontrado en: C:\Users\User\Documents\Personal\LockeritDesk\electron\preload\configFiles\.env
[2025-10-21 18:31:46] [INFO] [preload] Watcher iniciado: .env
[2025-10-21 18:31:46] [INFO] [preload] API expuesta en window.electronAPI
[2025-10-21 18:31:47] [INFO] [preload] Inicializando preload.js
[2025-10-21 18:31:47] [ERROR] [setupWatcher] Archivo setup_config.json NO encontrado en: C:\Users\User\Documents\Personal\LockeritDesk\electron\preload\configFiles\setup_config.json
[2025-10-21 18:31:47] [INFO] [preload] Watcher iniciado: setup_config.json
[2025-10-21 18:31:47] [ERROR] [authWatcher] auth_key.json NO encontrado: C:\Users\User\Documents\Personal\LockeritDesk\electron\preload\configFiles\auth_key.json
[2025-10-21 18:31:47] [INFO] [preload] Watcher iniciado: auth_key.json
[2025-10-21 18:31:47] [ERROR] [loggerWatcher] Archivo logger_config.json NO encontrado en: C:\Users\User\Documents\Personal\LockeritDesk\electron\preload\configFiles\logger_config.json
[2025-10-21 18:31:47] [INFO] [preload] Watcher iniciado: logger_config.json
[2025-10-21 18:31:47] [ERROR] [envWatcher] Archivo .env NO encontrado en: C:\Users\User\Documents\Personal\LockeritDesk\electron\preload\configFiles\.env
[2025-10-21 18:31:47] [INFO] [preload] Watcher iniciado: .env
[2025-10-21 18:31:47] [INFO] [preload] API expuesta en window.electronAPI
[2025-10-21 18:31:47] [INFO] [preload] Inicializando preload.js
[2025-10-21 18:31:47] [ERROR] [setupWatcher] Archivo setup_config.json NO encontrado en: C:\Users\User\Documents\Personal\LockeritDesk\electron\preload\configFiles\setup_config.json
[2025-10-21 18:31:47] [INFO] [preload] Watcher iniciado: setup_config.json
[2025-10-21 18:31:47] [ERROR] [authWatcher] auth_key.json NO encontrado: C:\Users\User\Documents\Personal\LockeritDesk\electron\preload\configFiles\auth_key.json
[2025-10-21 18:31:47] [INFO] [preload] Watcher iniciado: auth_key.json
[2025-10-21 18:31:47] [ERROR] [loggerWatcher] Archivo logger_config.json NO encontrado en: C:\Users\User\Documents\Personal\LockeritDesk\electron\preload\configFiles\logger_config.json
[2025-10-21 18:31:47] [INFO] [preload] Watcher iniciado: logger_config.json
[2025-10-21 18:31:47] [ERROR] [envWatcher] Archivo .env NO encontrado en: C:\Users\User\Documents\Personal\LockeritDesk\electron\preload\configFiles\.env
[2025-10-21 18:31:47] [INFO] [preload] Watcher iniciado: .env
[2025-10-21 18:31:47] [INFO] [preload] API expuesta en window.electronAPI
[2025-10-21 18:31:47] [INFO] [preload] Inicializando preload.js
[2025-10-21 18:31:47] [ERROR] [setupWatcher] Archivo setup_config.json NO encontrado en: C:\Users\User\Documents\Personal\LockeritDesk\electron\preload\configFiles\setup_config.json
[2025-10-21 18:31:47] [INFO] [preload] Watcher iniciado: setup_config.json
[2025-10-21 18:31:47] [ERROR] [authWatcher] auth_key.json NO encontrado: C:\Users\User\Documents\Personal\LockeritDesk\electron\preload\configFiles\auth_key.json
[2025-10-21 18:31:47] [INFO] [preload] Watcher iniciado: auth_key.json
[2025-10-21 18:31:47] [ERROR] [loggerWatcher] Archivo logger_config.json NO encontrado en: C:\Users\User\Documents\Personal\LockeritDesk\electron\preload\configFiles\logger_config.json
[2025-10-21 18:31:47] [INFO] [preload] Watcher iniciado: logger_config.json
[2025-10-21 18:31:47] [ERROR] [envWatcher] Archivo .env NO encontrado en: C:\Users\User\Documents\Personal\LockeritDesk\electron\preload\configFiles\.env
[2025-10-21 18:31:47] [INFO] [preload] Watcher iniciado: .env
[2025-10-21 18:31:47] [INFO] [preload] API expuesta en window.electronAPI
[2025-10-21 18:35:08] [INFO] [preload] Inicializando preload.js
[2025-10-21 18:35:08] [ERROR] [setupWatcher] Archivo setup_config.json NO encontrado en: C:\Users\User\Documents\Personal\LockeritDesk\electron\preload\configFiles\setup_config.json
[2025-10-21 18:35:08] [INFO] [preload] Watcher iniciado: setup_config.json
[2025-10-21 18:35:08] [ERROR] [authWatcher] auth_key.json NO encontrado: C:\Users\User\Documents\Personal\LockeritDesk\electron\preload\configFiles\auth_key.json
[2025-10-21 18:35:08] [INFO] [preload] Watcher iniciado: auth_key.json
[2025-10-21 18:35:08] [ERROR] [loggerWatcher] Archivo logger_config.json NO encontrado en: C:\Users\User\Documents\Personal\LockeritDesk\electron\preload\configFiles\logger_config.json
[2025-10-21 18:35:08] [INFO] [preload] Watcher iniciado: logger_config.json
[2025-10-21 18:35:08] [ERROR] [envWatcher] Archivo .env NO encontrado en: C:\Users\User\Documents\Personal\LockeritDesk\electron\preload\configFiles\.env
[2025-10-21 18:35:08] [INFO] [preload] Watcher iniciado: .env
[2025-10-21 18:35:08] [INFO] [preload] API expuesta en window.electronAPI
[2025-10-21 18:35:08] [INFO] [preload] Inicializando preload.js
[2025-10-21 18:35:08] [ERROR] [setupWatcher] Archivo setup_config.json NO encontrado en: C:\Users\User\Documents\Personal\LockeritDesk\electron\preload\configFiles\setup_config.json
[2025-10-21 18:35:08] [INFO] [preload] Watcher iniciado: setup_config.json
[2025-10-21 18:35:08] [ERROR] [authWatcher] auth_key.json NO encontrado: C:\Users\User\Documents\Personal\LockeritDesk\electron\preload\configFiles\auth_key.json
[2025-10-21 18:35:08] [INFO] [preload] Watcher iniciado: auth_key.json
[2025-10-21 18:35:08] [ERROR] [loggerWatcher] Archivo logger_config.json NO encontrado en: C:\Users\User\Documents\Personal\LockeritDesk\electron\preload\configFiles\logger_config.json
[2025-10-21 18:35:08] [INFO] [preload] Watcher iniciado: logger_config.json
[2025-10-21 18:35:08] [ERROR] [envWatcher] Archivo .env NO encontrado en: C:\Users\User\Documents\Personal\LockeritDesk\electron\preload\configFiles\.env
[2025-10-21 18:35:08] [INFO] [preload] Watcher iniciado: .env
[2025-10-21 18:35:08] [INFO] [preload] API expuesta en window.electronAPI
[2025-10-21 18:35:20] [INFO] [preload] Inicializando preload.js
[2025-10-21 18:35:20] [ERROR] [setupWatcher] Archivo setup_config.json NO encontrado en: C:\Users\User\Documents\Personal\LockeritDesk\electron\preload\configFiles\setup_config.json
[2025-10-21 18:35:20] [INFO] [preload] Watcher iniciado: setup_config.json
[2025-10-21 18:35:20] [ERROR] [authWatcher] auth_key.json NO encontrado: C:\Users\User\Documents\Personal\LockeritDesk\electron\preload\configFiles\auth_key.json
[2025-10-21 18:35:20] [INFO] [preload] Watcher iniciado: auth_key.json
[2025-10-21 18:35:20] [ERROR] [loggerWatcher] Archivo logger_config.json NO encontrado en: C:\Users\User\Documents\Personal\LockeritDesk\electron\preload\configFiles\logger_config.json
[2025-10-21 18:35:20] [INFO] [preload] Watcher iniciado: logger_config.json
[2025-10-21 18:35:20] [ERROR] [envWatcher] Archivo .env NO encontrado en: C:\Users\User\Documents\Personal\LockeritDesk\electron\preload\configFiles\.env
[2025-10-21 18:35:20] [INFO] [preload] Watcher iniciado: .env
[2025-10-21 18:35:20] [INFO] [preload] API expuesta en window.electronAPI
[2025-10-21 18:37:52] [INFO] [main] Iniciando aplicación Electron
[2025-10-21 18:37:52] [WARN] [main] .env NO encontrado en: C:\Users\User\Documents\Personal\LockeritDesk\electron\main\configFiles\.env
[2025-10-21 18:37:52] [INFO] [main] App lista, creando ventana...
[2025-10-21 18:37:52] [INFO] [main] Creando ventana principal...
[2025-10-21 18:37:52] [INFO] [main] Cargando URL: http://localhost:5173
[2025-10-21 18:37:53] [INFO] [preload] Inicializando preload.js
[2025-10-21 18:37:53] [ERROR] [setupWatcher] Archivo setup_config.json NO encontrado en: C:\Users\User\Documents\Personal\LockeritDesk\electron\preload\configFiles\setup_config.json
[2025-10-21 18:37:53] [INFO] [preload] Watcher iniciado: setup_config.json
[2025-10-21 18:37:53] [ERROR] [authWatcher] auth_key.json NO encontrado: C:\Users\User\Documents\Personal\LockeritDesk\electron\preload\configFiles\auth_key.json
[2025-10-21 18:37:53] [INFO] [preload] Watcher iniciado: auth_key.json
[2025-10-21 18:37:53] [ERROR] [loggerWatcher] Archivo logger_config.json NO encontrado en: C:\Users\User\Documents\Personal\LockeritDesk\electron\preload\configFiles\logger_config.json
[2025-10-21 18:37:53] [INFO] [preload] Watcher iniciado: logger_config.json
[2025-10-21 18:37:53] [ERROR] [envWatcher] Archivo .env NO encontrado en: C:\Users\User\Documents\Personal\LockeritDesk\electron\preload\configFiles\.env
[2025-10-21 18:37:53] [INFO] [preload] Watcher iniciado: .env
[2025-10-21 18:37:53] [INFO] [preload] API expuesta en window.electronAPI
[2025-10-21 18:37:53] [INFO] [main] CSP cambió, enviando al renderer
[2025-10-21 18:42:22] [INFO] [main] Iniciando aplicación Electron
[2025-10-21 18:42:22] [WARN] [main] .env NO encontrado en: C:\Users\User\Documents\Personal\LockeritDesk\electron\main\configFiles\.env
[2025-10-21 18:42:22] [INFO] [main] App lista, creando ventana...
[2025-10-21 18:42:22] [INFO] [main] Creando ventana principal...
[2025-10-21 18:42:22] [INFO] [main] Cargando URL: http://localhost:5173
[2025-10-21 18:42:23] [INFO] [preload] Inicializando preload.js
[2025-10-21 18:42:23] [ERROR] [setupWatcher] Archivo setup_config.json NO encontrado en: C:\Users\User\Documents\Personal\LockeritDesk\electron\preload\configFiles\setup_config.json
[2025-10-21 18:42:23] [INFO] [preload] Watcher iniciado: setup_config.json
[2025-10-21 18:42:23] [ERROR] [authWatcher] auth_key.json NO encontrado: C:\Users\User\Documents\Personal\LockeritDesk\electron\preload\configFiles\auth_key.json
[2025-10-21 18:42:23] [INFO] [preload] Watcher iniciado: auth_key.json
[2025-10-21 18:42:23] [ERROR] [loggerWatcher] Archivo logger_config.json NO encontrado en: C:\Users\User\Documents\Personal\LockeritDesk\electron\preload\configFiles\logger_config.json
[2025-10-21 18:42:23] [INFO] [preload] Watcher iniciado: logger_config.json
[2025-10-21 18:42:23] [ERROR] [envWatcher] Archivo .env NO encontrado en: C:\Users\User\Documents\Personal\LockeritDesk\electron\preload\configFiles\.env
[2025-10-21 18:42:23] [INFO] [preload] Watcher iniciado: .env
[2025-10-21 18:42:23] [INFO] [preload] API expuesta en window.electronAPI
[2025-10-21 18:42:23] [INFO] [main] CSP cambió, enviando al renderer
[2025-10-21 18:45:42] [INFO] [main] Iniciando aplicación Electron
[2025-10-21 18:45:42] [WARN] [main] .env NO encontrado en: C:\Users\User\Documents\Personal\LockeritDesk\electron\main\configFiles\.env
[2025-10-21 18:45:42] [INFO] [main] App lista, creando ventana...
[2025-10-21 18:45:42] [INFO] [main] Creando ventana principal...
[2025-10-21 18:45:42] [INFO] [main] Cargando URL: http://localhost:5173
[2025-10-21 18:45:43] [INFO] [preload] Inicializando preload.js
[2025-10-21 18:45:43] [ERROR] [setupWatcher] Archivo setup_config.json NO encontrado en: C:\Users\User\Documents\Personal\LockeritDesk\electron\preload\configFiles\setup_config.json
[2025-10-21 18:45:43] [INFO] [preload] Watcher iniciado: setup_config.json
[2025-10-21 18:45:43] [ERROR] [authWatcher] auth_key.json NO encontrado: C:\Users\User\Documents\Personal\LockeritDesk\electron\preload\configFiles\auth_key.json
[2025-10-21 18:45:43] [INFO] [preload] Watcher iniciado: auth_key.json
[2025-10-21 18:45:43] [ERROR] [loggerWatcher] Archivo logger_config.json NO encontrado en: C:\Users\User\Documents\Personal\LockeritDesk\electron\preload\configFiles\logger_config.json
[2025-10-21 18:45:43] [INFO] [preload] Watcher iniciado: logger_config.json
[2025-10-21 18:45:43] [ERROR] [envWatcher] Archivo .env NO encontrado en: C:\Users\User\Documents\Personal\LockeritDesk\electron\preload\configFiles\.env
[2025-10-21 18:45:43] [INFO] [preload] Watcher iniciado: .env
[2025-10-21 18:45:43] [INFO] [preload] API expuesta en window.electronAPI
[2025-10-21 18:45:43] [INFO] [main] CSP cambió, enviando al renderer
[2025-10-21 18:46:27] [INFO] [main] Iniciando aplicación Electron
[2025-10-21 18:46:27] [WARN] [main] .env NO encontrado en: C:\Users\User\Documents\Personal\LockeritDesk\electron\main\configFiles\.env
[2025-10-21 18:46:27] [INFO] [main] App lista, creando ventana...
[2025-10-21 18:46:27] [INFO] [main] Creando ventana principal...
[2025-10-21 18:46:27] [INFO] [main] Cargando URL: http://localhost:5173
[2025-10-21 18:46:28] [INFO] [preload] Inicializando preload.js
[2025-10-21 18:46:28] [ERROR] [setupWatcher] Archivo setup_config.json NO encontrado en: C:\Users\User\Documents\Personal\LockeritDesk\electron\preload\configFiles\setup_config.json
[2025-10-21 18:46:28] [INFO] [preload] Watcher iniciado: setup_config.json
[2025-10-21 18:46:28] [ERROR] [authWatcher] auth_key.json NO encontrado: C:\Users\User\Documents\Personal\LockeritDesk\electron\preload\configFiles\auth_key.json
[2025-10-21 18:46:28] [INFO] [preload] Watcher iniciado: auth_key.json
[2025-10-21 18:46:28] [ERROR] [loggerWatcher] Archivo logger_config.json NO encontrado en: C:\Users\User\Documents\Personal\LockeritDesk\electron\preload\configFiles\logger_config.json
[2025-10-21 18:46:28] [INFO] [preload] Watcher iniciado: logger_config.json
[2025-10-21 18:46:28] [ERROR] [envWatcher] Archivo .env NO encontrado en: C:\Users\User\Documents\Personal\LockeritDesk\electron\preload\configFiles\.env
[2025-10-21 18:46:28] [INFO] [preload] Watcher iniciado: .env
[2025-10-21 18:46:28] [INFO] [preload] API expuesta en window.electronAPI
[2025-10-21 18:46:28] [INFO] [main] CSP cambió, enviando al renderer
[2025-10-21 18:47:16] [INFO] [main] Iniciando aplicación Electron
[2025-10-21 18:47:16] [WARN] [main] .env NO encontrado en: C:\Users\User\Documents\Personal\LockeritDesk\electron\main\configFiles\.env
[2025-10-21 18:47:16] [INFO] [main] App lista, creando ventana...
[2025-10-21 18:47:16] [INFO] [main] Creando ventana principal...
[2025-10-21 18:47:16] [INFO] [main] Cargando URL: http://localhost:5173
[2025-10-21 18:47:16] [INFO] [preload] Inicializando preload.js
[2025-10-21 18:47:16] [ERROR] [setupWatcher] Archivo setup_config.json NO encontrado en: C:\Users\User\Documents\Personal\LockeritDesk\electron\preload\configFiles\setup_config.json
[2025-10-21 18:47:16] [INFO] [preload] Watcher iniciado: setup_config.json
[2025-10-21 18:47:16] [ERROR] [authWatcher] auth_key.json NO encontrado: C:\Users\User\Documents\Personal\LockeritDesk\electron\preload\configFiles\auth_key.json
[2025-10-21 18:47:16] [INFO] [preload] Watcher iniciado: auth_key.json
[2025-10-21 18:47:16] [ERROR] [loggerWatcher] Archivo logger_config.json NO encontrado en: C:\Users\User\Documents\Personal\LockeritDesk\electron\preload\configFiles\logger_config.json
[2025-10-21 18:47:16] [INFO] [preload] Watcher iniciado: logger_config.json
[2025-10-21 18:47:16] [ERROR] [envWatcher] Archivo .env NO encontrado en: C:\Users\User\Documents\Personal\LockeritDesk\electron\preload\configFiles\.env
[2025-10-21 18:47:16] [INFO] [preload] Watcher iniciado: .env
[2025-10-21 18:47:16] [INFO] [preload] API expuesta en window.electronAPI
[2025-10-21 18:47:17] [INFO] [main] CSP cambió, enviando al renderer
[2025-10-21 18:47:57] [INFO] [main] Iniciando aplicación Electron
[2025-10-21 18:47:57] [WARN] [main] .env NO encontrado en: C:\Users\User\Documents\Personal\LockeritDesk\electron\main\configFiles\.env
[2025-10-21 18:47:57] [INFO] [main] App lista, creando ventana...
[2025-10-21 18:47:57] [INFO] [main] Creando ventana principal...
[2025-10-21 18:47:57] [INFO] [main] Cargando URL: http://localhost:5173
[2025-10-21 18:47:57] [INFO] [preload] Inicializando preload.js
[2025-10-21 18:47:57] [ERROR] [setupWatcher] Archivo setup_config.json NO encontrado en: C:\Users\User\Documents\Personal\LockeritDesk\electron\preload\configFiles\setup_config.json
[2025-10-21 18:47:57] [INFO] [preload] Watcher iniciado: setup_config.json
[2025-10-21 18:47:57] [ERROR] [authWatcher] auth_key.json NO encontrado: C:\Users\User\Documents\Personal\LockeritDesk\electron\preload\configFiles\auth_key.json
[2025-10-21 18:47:57] [INFO] [preload] Watcher iniciado: auth_key.json
[2025-10-21 18:47:57] [ERROR] [loggerWatcher] Archivo logger_config.json NO encontrado en: C:\Users\User\Documents\Personal\LockeritDesk\electron\preload\configFiles\logger_config.json
[2025-10-21 18:47:57] [INFO] [preload] Watcher iniciado: logger_config.json
[2025-10-21 18:47:57] [ERROR] [envWatcher] Archivo .env NO encontrado en: C:\Users\User\Documents\Personal\LockeritDesk\electron\preload\configFiles\.env
[2025-10-21 18:47:57] [INFO] [preload] Watcher iniciado: .env
[2025-10-21 18:47:57] [INFO] [preload] API expuesta en window.electronAPI
[2025-10-21 18:47:57] [INFO] [main] CSP cambió, enviando al renderer
[2025-10-21 18:49:45] [INFO] [main] Iniciando aplicación Electron
[2025-10-21 18:49:45] [WARN] [main] .env NO encontrado en: C:\Users\User\Documents\Personal\LockeritDesk\electron\main\configFiles\.env
[2025-10-21 18:49:45] [INFO] [main] App lista, creando ventana...
[2025-10-21 18:49:45] [INFO] [main] Creando ventana principal...
[2025-10-21 18:49:45] [INFO] [main] Cargando URL: http://localhost:5173
[2025-10-21 18:49:45] [INFO] [preload] Inicializando preload.js
[2025-10-21 18:49:45] [ERROR] [setupWatcher] Archivo setup_config.json NO encontrado en: C:\Users\User\Documents\Personal\LockeritDesk\electron\preload\configFiles\setup_config.json
[2025-10-21 18:49:45] [INFO] [preload] Watcher iniciado: setup_config.json
[2025-10-21 18:49:45] [ERROR] [authWatcher] auth_key.json NO encontrado: C:\Users\User\Documents\Personal\LockeritDesk\electron\preload\configFiles\auth_key.json
[2025-10-21 18:49:45] [INFO] [preload] Watcher iniciado: auth_key.json
[2025-10-21 18:49:45] [ERROR] [loggerWatcher] Archivo logger_config.json NO encontrado en: C:\Users\User\Documents\Personal\LockeritDesk\electron\preload\configFiles\logger_config.json
[2025-10-21 18:49:45] [INFO] [preload] Watcher iniciado: logger_config.json
[2025-10-21 18:49:45] [ERROR] [envWatcher] Archivo .env NO encontrado en: C:\Users\User\Documents\Personal\LockeritDesk\electron\preload\configFiles\.env
[2025-10-21 18:49:45] [INFO] [preload] Watcher iniciado: .env
[2025-10-21 18:49:45] [INFO] [preload] API expuesta en window.electronAPI
[2025-10-21 18:49:46] [INFO] [main] CSP cambió, enviando al renderer
[2025-10-21 18:50:17] [INFO] [main] Iniciando aplicación Electron
[2025-10-21 18:50:17] [WARN] [main] .env NO encontrado en: C:\Users\User\Documents\Personal\LockeritDesk\electron\main\configFiles\.env
[2025-10-21 18:50:17] [INFO] [main] App lista, creando ventana...
[2025-10-21 18:50:17] [INFO] [main] Creando ventana principal...
[2025-10-21 18:50:17] [INFO] [main] Cargando URL: http://localhost:5173
[2025-10-21 18:50:17] [INFO] [preload] Inicializando preload.js
[2025-10-21 18:50:17] [ERROR] [setupWatcher] Archivo setup_config.json NO encontrado en: C:\Users\User\Documents\Personal\LockeritDesk\electron\preload\configFiles\setup_config.json
[2025-10-21 18:50:17] [INFO] [preload] Watcher iniciado: setup_config.json
[2025-10-21 18:50:17] [ERROR] [authWatcher] auth_key.json NO encontrado: C:\Users\User\Documents\Personal\LockeritDesk\electron\preload\configFiles\auth_key.json
[2025-10-21 18:50:17] [INFO] [preload] Watcher iniciado: auth_key.json
[2025-10-21 18:50:17] [ERROR] [loggerWatcher] Archivo logger_config.json NO encontrado en: C:\Users\User\Documents\Personal\LockeritDesk\electron\preload\configFiles\logger_config.json
[2025-10-21 18:50:17] [INFO] [preload] Watcher iniciado: logger_config.json
[2025-10-21 18:50:17] [ERROR] [envWatcher] Archivo .env NO encontrado en: C:\Users\User\Documents\Personal\LockeritDesk\electron\preload\configFiles\.env
[2025-10-21 18:50:17] [INFO] [preload] Watcher iniciado: .env
[2025-10-21 18:50:17] [INFO] [preload] API expuesta en window.electronAPI
[2025-10-21 18:50:18] [INFO] [main] CSP cambió, enviando al renderer
[2025-10-21 18:50:49] [INFO] [main] Iniciando aplicación Electron
[2025-10-21 18:50:49] [WARN] [main] .env NO encontrado en: C:\Users\User\Documents\Personal\LockeritDesk\electron\main\configFiles\.env
[2025-10-21 18:50:49] [INFO] [main] App lista, creando ventana...
[2025-10-21 18:50:49] [INFO] [main] Creando ventana principal...
[2025-10-21 18:50:49] [INFO] [main] Cargando URL: http://localhost:5173
[2025-10-21 18:50:49] [INFO] [preload] Inicializando preload.js
[2025-10-21 18:50:49] [ERROR] [setupWatcher] Archivo setup_config.json NO encontrado en: C:\Users\User\Documents\Personal\LockeritDesk\electron\preload\configFiles\setup_config.json
[2025-10-21 18:50:49] [INFO] [preload] Watcher iniciado: setup_config.json
[2025-10-21 18:50:49] [ERROR] [authWatcher] auth_key.json NO encontrado: C:\Users\User\Documents\Personal\LockeritDesk\electron\preload\configFiles\auth_key.json
[2025-10-21 18:50:49] [INFO] [preload] Watcher iniciado: auth_key.json
[2025-10-21 18:50:49] [ERROR] [loggerWatcher] Archivo logger_config.json NO encontrado en: C:\Users\User\Documents\Personal\LockeritDesk\electron\preload\configFiles\logger_config.json
[2025-10-21 18:50:49] [INFO] [preload] Watcher iniciado: logger_config.json
[2025-10-21 18:50:49] [ERROR] [envWatcher] Archivo .env NO encontrado en: C:\Users\User\Documents\Personal\LockeritDesk\electron\preload\configFiles\.env
[2025-10-21 18:50:49] [INFO] [preload] Watcher iniciado: .env
[2025-10-21 18:50:49] [INFO] [preload] API expuesta en window.electronAPI
[2025-10-21 18:50:50] [INFO] [main] CSP cambió, enviando al renderer
[2025-10-21 18:51:39] [INFO] [main] Iniciando aplicación Electron
[2025-10-21 18:51:39] [WARN] [main] .env NO encontrado en: C:\Users\User\Documents\Personal\LockeritDesk\electron\main\configFiles\.env
[2025-10-21 18:51:40] [INFO] [main] App lista, creando ventana...
[2025-10-21 18:51:40] [INFO] [main] Creando ventana principal...
[2025-10-21 18:51:40] [INFO] [main] Cargando URL: http://localhost:5173
[2025-10-21 18:51:40] [INFO] [preload] Inicializando preload.js
[2025-10-21 18:51:40] [ERROR] [setupWatcher] Archivo setup_config.json NO encontrado en: C:\Users\User\Documents\Personal\LockeritDesk\electron\preload\configFiles\setup_config.json
[2025-10-21 18:51:40] [INFO] [preload] Watcher iniciado: setup_config.json
[2025-10-21 18:51:40] [ERROR] [authWatcher] auth_key.json NO encontrado: C:\Users\User\Documents\Personal\LockeritDesk\electron\preload\configFiles\auth_key.json
[2025-10-21 18:51:40] [INFO] [preload] Watcher iniciado: auth_key.json
[2025-10-21 18:51:40] [ERROR] [loggerWatcher] Archivo logger_config.json NO encontrado en: C:\Users\User\Documents\Personal\LockeritDesk\electron\preload\configFiles\logger_config.json
[2025-10-21 18:51:40] [INFO] [preload] Watcher iniciado: logger_config.json
[2025-10-21 18:51:40] [ERROR] [envWatcher] Archivo .env NO encontrado en: C:\Users\User\Documents\Personal\LockeritDesk\electron\preload\configFiles\.env
[2025-10-21 18:51:40] [INFO] [preload] Watcher iniciado: .env
[2025-10-21 18:51:40] [INFO] [preload] API expuesta en window.electronAPI
[2025-10-21 18:51:40] [INFO] [main] CSP cambió, enviando al renderer
[2025-10-21 18:52:13] [INFO] [main] Iniciando aplicación Electron
[2025-10-21 18:52:13] [WARN] [main] .env NO encontrado en: C:\Users\User\Documents\Personal\LockeritDesk\electron\main\configFiles\.env
[2025-10-21 18:52:13] [INFO] [main] App lista, creando ventana...
[2025-10-21 18:52:13] [INFO] [main] Creando ventana principal...
[2025-10-21 18:52:13] [INFO] [main] Cargando URL: http://localhost:5173
[2025-10-21 18:52:13] [INFO] [preload] Inicializando preload.js
[2025-10-21 18:52:13] [ERROR] [setupWatcher] Archivo setup_config.json NO encontrado en: C:\Users\User\Documents\Personal\LockeritDesk\electron\preload\configFiles\setup_config.json
[2025-10-21 18:52:13] [INFO] [preload] Watcher iniciado: setup_config.json
[2025-10-21 18:52:13] [ERROR] [authWatcher] auth_key.json NO encontrado: C:\Users\User\Documents\Personal\LockeritDesk\electron\preload\configFiles\auth_key.json
[2025-10-21 18:52:13] [INFO] [preload] Watcher iniciado: auth_key.json
[2025-10-21 18:52:13] [ERROR] [loggerWatcher] Archivo logger_config.json NO encontrado en: C:\Users\User\Documents\Personal\LockeritDesk\electron\preload\configFiles\logger_config.json
[2025-10-21 18:52:13] [INFO] [preload] Watcher iniciado: logger_config.json
[2025-10-21 18:52:13] [ERROR] [envWatcher] Archivo .env NO encontrado en: C:\Users\User\Documents\Personal\LockeritDesk\electron\preload\configFiles\.env
[2025-10-21 18:52:13] [INFO] [preload] Watcher iniciado: .env
[2025-10-21 18:52:13] [INFO] [preload] API expuesta en window.electronAPI
[2025-10-21 18:52:13] [INFO] [main] CSP cambió, enviando al renderer
[2025-10-21 18:55:14] [INFO] [main] Iniciando aplicación Electron
[2025-10-21 18:55:14] [WARN] [main] .env NO encontrado en: C:\Users\User\Documents\Personal\LockeritDesk\electron\main\configFiles\.env
[2025-10-21 18:55:14] [INFO] [main] App lista, creando ventana...
[2025-10-21 18:55:14] [INFO] [main] Creando ventana principal...
[2025-10-21 18:55:14] [INFO] [main] Cargando URL: http://localhost:5173
[2025-10-21 18:55:14] [INFO] [preload] Inicializando preload.js
[2025-10-21 18:55:14] [ERROR] [setupWatcher] Archivo setup_config.json NO encontrado en: C:\Users\User\Documents\Personal\LockeritDesk\electron\preload\configFiles\setup_config.json
[2025-10-21 18:55:14] [INFO] [preload] Watcher iniciado: setup_config.json
[2025-10-21 18:55:14] [ERROR] [authWatcher] auth_key.json NO encontrado: C:\Users\User\Documents\Personal\LockeritDesk\electron\preload\configFiles\auth_key.json
[2025-10-21 18:55:14] [INFO] [preload] Watcher iniciado: auth_key.json
[2025-10-21 18:55:14] [ERROR] [loggerWatcher] Archivo logger_config.json NO encontrado en: C:\Users\User\Documents\Personal\LockeritDesk\electron\preload\configFiles\logger_config.json
[2025-10-21 18:55:14] [INFO] [preload] Watcher iniciado: logger_config.json
[2025-10-21 18:55:14] [ERROR] [envWatcher] Archivo .env NO encontrado en: C:\Users\User\Documents\Personal\LockeritDesk\electron\preload\configFiles\.env
[2025-10-21 18:55:14] [INFO] [preload] Watcher iniciado: .env
[2025-10-21 18:55:14] [INFO] [preload] API expuesta en window.electronAPI
[2025-10-21 18:55:14] [INFO] [main] CSP cambió, enviando al renderer
[2025-10-21 18:57:35] [INFO] [main] Iniciando aplicación Electron
[2025-10-21 18:57:35] [WARN] [main] .env NO encontrado en: C:\Users\User\Documents\Personal\LockeritDesk\electron\main\configFiles\.env
[2025-10-21 18:57:36] [INFO] [main] App lista, creando ventana...
[2025-10-21 18:57:36] [INFO] [main] Creando ventana principal...
[2025-10-21 18:57:36] [INFO] [main] Cargando URL: http://localhost:5173
[2025-10-21 18:57:36] [INFO] [preload] Inicializando preload.js
[2025-10-21 18:57:36] [ERROR] [setupWatcher] Archivo setup_config.json NO encontrado en: C:\Users\User\Documents\Personal\LockeritDesk\electron\preload\configFiles\setup_config.json
[2025-10-21 18:57:36] [INFO] [preload] Watcher iniciado: setup_config.json
[2025-10-21 18:57:36] [ERROR] [authWatcher] auth_key.json NO encontrado: C:\Users\User\Documents\Personal\LockeritDesk\electron\preload\configFiles\auth_key.json
[2025-10-21 18:57:36] [INFO] [preload] Watcher iniciado: auth_key.json
[2025-10-21 18:57:36] [ERROR] [loggerWatcher] Archivo logger_config.json NO encontrado en: C:\Users\User\Documents\Personal\LockeritDesk\electron\preload\configFiles\logger_config.json
[2025-10-21 18:57:36] [INFO] [preload] Watcher iniciado: logger_config.json
[2025-10-21 18:57:36] [ERROR] [envWatcher] Archivo .env NO encontrado en: C:\Users\User\Documents\Personal\LockeritDesk\electron\preload\configFiles\.env
[2025-10-21 18:57:36] [INFO] [preload] Watcher iniciado: .env
[2025-10-21 18:57:36] [INFO] [preload] API expuesta en window.electronAPI
[2025-10-21 18:57:37] [INFO] [main] CSP cambió, enviando al renderer
[2025-10-21 18:59:20] [INFO] [main] Iniciando aplicación Electron
[2025-10-21 18:59:20] [WARN] [main] .env NO encontrado en: C:\Users\User\Documents\Personal\LockeritDesk\electron\main\configFiles\.env
[2025-10-21 18:59:20] [INFO] [main] App lista, creando ventana...
[2025-10-21 18:59:20] [INFO] [main] Creando ventana principal...
[2025-10-21 18:59:20] [INFO] [main] Cargando URL: http://localhost:5173
[2025-10-21 18:59:20] [INFO] [preload] Inicializando preload.js
[2025-10-21 18:59:20] [ERROR] [setupWatcher] Archivo setup_config.json NO encontrado en: C:\Users\User\Documents\Personal\LockeritDesk\electron\preload\configFiles\setup_config.json
[2025-10-21 18:59:20] [INFO] [preload] Watcher iniciado: setup_config.json
[2025-10-21 18:59:20] [ERROR] [authWatcher] auth_key.json NO encontrado: C:\Users\User\Documents\Personal\LockeritDesk\electron\preload\configFiles\auth_key.json
[2025-10-21 18:59:20] [INFO] [preload] Watcher iniciado: auth_key.json
[2025-10-21 18:59:20] [ERROR] [loggerWatcher] Archivo logger_config.json NO encontrado en: C:\Users\User\Documents\Personal\LockeritDesk\electron\preload\configFiles\logger_config.json
[2025-10-21 18:59:20] [INFO] [preload] Watcher iniciado: logger_config.json
[2025-10-21 18:59:20] [ERROR] [envWatcher] Archivo .env NO encontrado en: C:\Users\User\Documents\Personal\LockeritDesk\electron\preload\configFiles\.env
[2025-10-21 18:59:20] [INFO] [preload] Watcher iniciado: .env
[2025-10-21 18:59:20] [INFO] [preload] API expuesta en window.electronAPI
[2025-10-21 18:59:21] [INFO] [main] CSP cambió, enviando al renderer
[2025-10-21 19:02:25] [INFO] [main] Iniciando aplicación Electron
[2025-10-21 19:02:25] [WARN] [main] .env NO encontrado en: C:\Users\User\Documents\Personal\LockeritDesk\electron\main\configFiles\.env
[2025-10-21 19:02:25] [INFO] [main] App lista, creando ventana...
[2025-10-21 19:02:25] [INFO] [main] Creando ventana principal...
[2025-10-21 19:02:25] [INFO] [main] Cargando URL: http://localhost:5173
[2025-10-21 19:02:25] [INFO] [preload] Inicializando preload.js
[2025-10-21 19:02:25] [ERROR] [setupWatcher] Archivo setup_config.json NO encontrado en: C:\Users\User\Documents\Personal\LockeritDesk\electron\preload\configFiles\setup_config.json
[2025-10-21 19:02:25] [INFO] [preload] Watcher iniciado: setup_config.json
[2025-10-21 19:02:25] [ERROR] [authWatcher] auth_key.json NO encontrado: C:\Users\User\Documents\Personal\LockeritDesk\electron\preload\configFiles\auth_key.json
[2025-10-21 19:02:25] [INFO] [preload] Watcher iniciado: auth_key.json
[2025-10-21 19:02:25] [ERROR] [loggerWatcher] Archivo logger_config.json NO encontrado en: C:\Users\User\Documents\Personal\LockeritDesk\electron\preload\configFiles\logger_config.json
[2025-10-21 19:02:25] [INFO] [preload] Watcher iniciado: logger_config.json
[2025-10-21 19:02:25] [ERROR] [envWatcher] Archivo .env NO encontrado en: C:\Users\User\Documents\Personal\LockeritDesk\electron\preload\configFiles\.env
[2025-10-21 19:02:25] [INFO] [preload] Watcher iniciado: .env
[2025-10-21 19:02:25] [INFO] [preload] API expuesta en window.electronAPI
[2025-10-21 19:02:26] [INFO] [main] CSP cambió, enviando al renderer
[2025-10-21 19:06:07] [INFO] [main] Iniciando aplicación Electron
[2025-10-21 19:06:07] [WARN] [main] .env NO encontrado en: C:\Users\User\Documents\Personal\LockeritDesk\electron\main\configFiles\.env
[2025-10-21 19:06:07] [INFO] [main] App lista, creando ventana...
[2025-10-21 19:06:07] [INFO] [main] Creando ventana principal...
[2025-10-21 19:06:07] [INFO] [main] Cargando URL: http://localhost:5173
[2025-10-21 19:06:07] [INFO] [preload] Inicializando preload.js
[2025-10-21 19:06:07] [ERROR] [setupWatcher] Archivo setup_config.json NO encontrado en: C:\Users\User\Documents\Personal\LockeritDesk\electron\preload\configFiles\setup_config.json
[2025-10-21 19:06:07] [INFO] [preload] Watcher iniciado: setup_config.json
[2025-10-21 19:06:07] [ERROR] [authWatcher] auth_key.json NO encontrado: C:\Users\User\Documents\Personal\LockeritDesk\electron\preload\configFiles\auth_key.json
[2025-10-21 19:06:07] [INFO] [preload] Watcher iniciado: auth_key.json
[2025-10-21 19:06:07] [ERROR] [loggerWatcher] Archivo logger_config.json NO encontrado en: C:\Users\User\Documents\Personal\LockeritDesk\electron\preload\configFiles\logger_config.json
[2025-10-21 19:06:07] [INFO] [preload] Watcher iniciado: logger_config.json
[2025-10-21 19:06:07] [ERROR] [envWatcher] Archivo .env NO encontrado en: C:\Users\User\Documents\Personal\LockeritDesk\electron\preload\configFiles\.env
[2025-10-21 19:06:07] [INFO] [preload] Watcher iniciado: .env
[2025-10-21 19:06:07] [INFO] [preload] API expuesta en window.electronAPI
[2025-10-21 19:06:08] [INFO] [main] CSP cambió, enviando al renderer
[2025-10-21 19:06:39] [INFO] [main] Iniciando aplicación Electron
[2025-10-21 19:06:39] [WARN] [main] .env NO encontrado en: C:\Users\User\Documents\Personal\LockeritDesk\electron\main\configFiles\.env
[2025-10-21 19:06:39] [INFO] [main] App lista, creando ventana...
[2025-10-21 19:06:39] [INFO] [main] Creando ventana principal...
[2025-10-21 19:06:39] [INFO] [main] Cargando URL: http://localhost:5173
[2025-10-21 19:06:39] [INFO] [preload] Inicializando preload.js
[2025-10-21 19:06:39] [ERROR] [setupWatcher] Archivo setup_config.json NO encontrado en: C:\Users\User\Documents\Personal\LockeritDesk\electron\preload\configFiles\setup_config.json
[2025-10-21 19:06:39] [INFO] [preload] Watcher iniciado: setup_config.json
[2025-10-21 19:06:39] [ERROR] [authWatcher] auth_key.json NO encontrado: C:\Users\User\Documents\Personal\LockeritDesk\electron\preload\configFiles\auth_key.json
[2025-10-21 19:06:39] [INFO] [preload] Watcher iniciado: auth_key.json
[2025-10-21 19:06:39] [ERROR] [loggerWatcher] Archivo logger_config.json NO encontrado en: C:\Users\User\Documents\Personal\LockeritDesk\electron\preload\configFiles\logger_config.json
[2025-10-21 19:06:39] [INFO] [preload] Watcher iniciado: logger_config.json
[2025-10-21 19:06:39] [ERROR] [envWatcher] Archivo .env NO encontrado en: C:\Users\User\Documents\Personal\LockeritDesk\electron\preload\configFiles\.env
[2025-10-21 19:06:39] [INFO] [preload] Watcher iniciado: .env
[2025-10-21 19:06:39] [INFO] [preload] API expuesta en window.electronAPI
[2025-10-21 19:06:40] [INFO] [main] CSP cambió, enviando al renderer
[2025-10-21 19:07:35] [INFO] [main] Iniciando aplicación Electron
[2025-10-21 19:07:35] [WARN] [main] .env NO encontrado en: C:\Users\User\Documents\Personal\LockeritDesk\electron\main\configFiles\.env
[2025-10-21 19:07:35] [INFO] [main] App lista, creando ventana...
[2025-10-21 19:07:35] [INFO] [main] Creando ventana principal...
[2025-10-21 19:07:35] [INFO] [main] Cargando URL: http://localhost:5173
[2025-10-21 19:07:35] [INFO] [preload] Inicializando preload.js
[2025-10-21 19:07:35] [ERROR] [setupWatcher] Archivo setup_config.json NO encontrado en: C:\Users\User\Documents\Personal\LockeritDesk\electron\preload\configFiles\setup_config.json
[2025-10-21 19:07:35] [INFO] [preload] Watcher iniciado: setup_config.json
[2025-10-21 19:07:35] [ERROR] [authWatcher] auth_key.json NO encontrado: C:\Users\User\Documents\Personal\LockeritDesk\electron\preload\configFiles\auth_key.json
[2025-10-21 19:07:35] [INFO] [preload] Watcher iniciado: auth_key.json
[2025-10-21 19:07:35] [ERROR] [loggerWatcher] Archivo logger_config.json NO encontrado en: C:\Users\User\Documents\Personal\LockeritDesk\electron\preload\configFiles\logger_config.json
[2025-10-21 19:07:35] [INFO] [preload] Watcher iniciado: logger_config.json
[2025-10-21 19:07:35] [ERROR] [envWatcher] Archivo .env NO encontrado en: C:\Users\User\Documents\Personal\LockeritDesk\electron\preload\configFiles\.env
[2025-10-21 19:07:35] [INFO] [preload] Watcher iniciado: .env
[2025-10-21 19:07:35] [INFO] [preload] API expuesta en window.electronAPI
[2025-10-21 19:07:35] [INFO] [main] CSP cambió, enviando al renderer
[2025-10-21 19:12:43] [INFO] [main] Iniciando aplicación Electron
[2025-10-21 19:12:43] [WARN] [main] .env NO encontrado en: C:\Users\User\Documents\Personal\LockeritDesk\electron\main\configFiles\.env
[2025-10-21 19:12:43] [INFO] [main] App lista, creando ventana...
[2025-10-21 19:12:43] [INFO] [main] Creando ventana principal...
[2025-10-21 19:12:43] [INFO] [main] Cargando URL: http://localhost:5173
[2025-10-21 19:12:43] [INFO] [preload] Inicializando preload.js
[2025-10-21 19:12:43] [ERROR] [setupWatcher] Archivo setup_config.json NO encontrado en: C:\Users\User\Documents\Personal\LockeritDesk\electron\preload\configFiles\setup_config.json
[2025-10-21 19:12:43] [INFO] [preload] Watcher iniciado: setup_config.json
[2025-10-21 19:12:43] [ERROR] [authWatcher] auth_key.json NO encontrado: C:\Users\User\Documents\Personal\LockeritDesk\electron\preload\configFiles\auth_key.json
[2025-10-21 19:12:43] [INFO] [preload] Watcher iniciado: auth_key.json
[2025-10-21 19:12:43] [ERROR] [loggerWatcher] Archivo logger_config.json NO encontrado en: C:\Users\User\Documents\Personal\LockeritDesk\electron\preload\configFiles\logger_config.json
[2025-10-21 19:12:43] [INFO] [preload] Watcher iniciado: logger_config.json
[2025-10-21 19:12:43] [ERROR] [envWatcher] Archivo .env NO encontrado en: C:\Users\User\Documents\Personal\LockeritDesk\electron\preload\configFiles\.env
[2025-10-21 19:12:43] [INFO] [preload] Watcher iniciado: .env
[2025-10-21 19:12:43] [INFO] [preload] API expuesta en window.electronAPI
[2025-10-21 19:12:44] [INFO] [main] CSP cambió, enviando al renderer
[2025-10-21 19:13:07] [INFO] [main] Iniciando aplicación Electron
[2025-10-21 19:13:07] [WARN] [main] .env NO encontrado en: C:\Users\User\Documents\Personal\LockeritDesk\electron\main\configFiles\.env
[2025-10-21 19:13:07] [INFO] [main] App lista, creando ventana...
[2025-10-21 19:13:07] [INFO] [main] Creando ventana principal...
[2025-10-21 19:13:07] [INFO] [main] Cargando URL: http://localhost:5173
[2025-10-21 19:13:08] [INFO] [preload] Inicializando preload.js
[2025-10-21 19:13:08] [ERROR] [setupWatcher] Archivo setup_config.json NO encontrado en: C:\Users\User\Documents\Personal\LockeritDesk\electron\preload\configFiles\setup_config.json
[2025-10-21 19:13:08] [INFO] [preload] Watcher iniciado: setup_config.json
[2025-10-21 19:13:08] [ERROR] [authWatcher] auth_key.json NO encontrado: C:\Users\User\Documents\Personal\LockeritDesk\electron\preload\configFiles\auth_key.json
[2025-10-21 19:13:08] [INFO] [preload] Watcher iniciado: auth_key.json
[2025-10-21 19:13:08] [ERROR] [loggerWatcher] Archivo logger_config.json NO encontrado en: C:\Users\User\Documents\Personal\LockeritDesk\electron\preload\configFiles\logger_config.json
[2025-10-21 19:13:08] [INFO] [preload] Watcher iniciado: logger_config.json
[2025-10-21 19:13:08] [ERROR] [envWatcher] Archivo .env NO encontrado en: C:\Users\User\Documents\Personal\LockeritDesk\electron\preload\configFiles\.env
[2025-10-21 19:13:08] [INFO] [preload] Watcher iniciado: .env
[2025-10-21 19:13:08] [INFO] [preload] API expuesta en window.electronAPI
[2025-10-21 19:13:08] [INFO] [main] CSP cambió, enviando al renderer
[2025-10-21 19:14:40] [INFO] [main] Iniciando aplicación Electron
[2025-10-21 19:14:40] [WARN] [main] .env NO encontrado en: C:\Users\User\Documents\Personal\LockeritDesk\electron\main\configFiles\.env
[2025-10-21 19:14:40] [INFO] [main] App lista, creando ventana...
[2025-10-21 19:14:40] [INFO] [main] Creando ventana principal...
[2025-10-21 19:14:40] [INFO] [main] Cargando URL: http://localhost:5173
[2025-10-21 19:14:40] [INFO] [preload] Inicializando preload.js
[2025-10-21 19:14:40] [ERROR] [setupWatcher] Archivo setup_config.json NO encontrado en: C:\Users\User\Documents\Personal\LockeritDesk\electron\preload\configFiles\setup_config.json
[2025-10-21 19:14:40] [INFO] [preload] Watcher iniciado: setup_config.json
[2025-10-21 19:14:40] [ERROR] [authWatcher] auth_key.json NO encontrado: C:\Users\User\Documents\Personal\LockeritDesk\electron\preload\configFiles\auth_key.json
[2025-10-21 19:14:40] [INFO] [preload] Watcher iniciado: auth_key.json
[2025-10-21 19:14:40] [ERROR] [loggerWatcher] Archivo logger_config.json NO encontrado en: C:\Users\User\Documents\Personal\LockeritDesk\electron\preload\configFiles\logger_config.json
[2025-10-21 19:14:40] [INFO] [preload] Watcher iniciado: logger_config.json
[2025-10-21 19:14:40] [ERROR] [envWatcher] Archivo .env NO encontrado en: C:\Users\User\Documents\Personal\LockeritDesk\electron\preload\configFiles\.env
[2025-10-21 19:14:40] [INFO] [preload] Watcher iniciado: .env
[2025-10-21 19:14:40] [INFO] [preload] API expuesta en window.electronAPI
[2025-10-21 19:14:40] [INFO] [main] CSP cambió, enviando al renderer
[2025-10-21 19:24:57] [INFO] [main] Iniciando aplicación Electron
[2025-10-21 19:24:57] [WARN] [main] .env NO encontrado en: C:\Users\User\Documents\Personal\LockeritDesk\electron\main\configFiles\.env
[2025-10-21 19:24:57] [INFO] [main] App lista, creando ventana...
[2025-10-21 19:24:57] [INFO] [main] Creando ventana principal...
[2025-10-21 19:24:58] [INFO] [main] Cargando URL: http://localhost:5173
[2025-10-21 19:24:58] [INFO] [preload] Inicializando preload.js
[2025-10-21 19:24:58] [ERROR] [setupWatcher] Archivo setup_config.json NO encontrado en: C:\Users\User\Documents\Personal\LockeritDesk\electron\preload\configFiles\setup_config.json
[2025-10-21 19:24:58] [INFO] [preload] Watcher iniciado: setup_config.json
[2025-10-21 19:24:58] [ERROR] [authWatcher] auth_key.json NO encontrado: C:\Users\User\Documents\Personal\LockeritDesk\electron\preload\configFiles\auth_key.json
[2025-10-21 19:24:58] [INFO] [preload] Watcher iniciado: auth_key.json
[2025-10-21 19:24:58] [ERROR] [loggerWatcher] Archivo logger_config.json NO encontrado en: C:\Users\User\Documents\Personal\LockeritDesk\electron\preload\configFiles\logger_config.json
[2025-10-21 19:24:58] [INFO] [preload] Watcher iniciado: logger_config.json
[2025-10-21 19:24:58] [ERROR] [envWatcher] Archivo .env NO encontrado en: C:\Users\User\Documents\Personal\LockeritDesk\electron\preload\configFiles\.env
[2025-10-21 19:24:58] [INFO] [preload] Watcher iniciado: .env
[2025-10-21 19:24:58] [INFO] [preload] API expuesta en window.electronAPI
[2025-10-21 19:24:58] [INFO] [main] CSP cambió, enviando al renderer
[2025-10-21 19:27:54] [INFO] [main] Iniciando aplicación Electron
[2025-10-21 19:27:54] [WARN] [main] .env NO encontrado en: C:\Users\User\Documents\Personal\LockeritDesk\electron\main\configFiles\.env
[2025-10-21 19:27:54] [INFO] [main] App lista, creando ventana...
[2025-10-21 19:27:54] [INFO] [main] Creando ventana principal...
[2025-10-21 19:27:54] [INFO] [main] Cargando URL: http://localhost:5173
[2025-10-21 19:27:54] [INFO] [preload] Inicializando preload.js
[2025-10-21 19:27:54] [ERROR] [setupWatcher] Archivo setup_config.json NO encontrado en: C:\Users\User\Documents\Personal\LockeritDesk\electron\preload\configFiles\setup_config.json
[2025-10-21 19:27:54] [INFO] [preload] Watcher iniciado: setup_config.json
[2025-10-21 19:27:54] [ERROR] [authWatcher] auth_key.json NO encontrado: C:\Users\User\Documents\Personal\LockeritDesk\electron\preload\configFiles\auth_key.json
[2025-10-21 19:27:54] [INFO] [preload] Watcher iniciado: auth_key.json
[2025-10-21 19:27:54] [ERROR] [loggerWatcher] Archivo logger_config.json NO encontrado en: C:\Users\User\Documents\Personal\LockeritDesk\electron\preload\configFiles\logger_config.json
[2025-10-21 19:27:54] [INFO] [preload] Watcher iniciado: logger_config.json
[2025-10-21 19:27:54] [ERROR] [envWatcher] Archivo .env NO encontrado en: C:\Users\User\Documents\Personal\LockeritDesk\electron\preload\configFiles\.env
[2025-10-21 19:27:54] [INFO] [preload] Watcher iniciado: .env
[2025-10-21 19:27:54] [INFO] [preload] API expuesta en window.electronAPI
[2025-10-21 19:27:55] [INFO] [main] CSP cambió, enviando al renderer
[2025-10-21 19:28:48] [INFO] [main] Iniciando aplicación Electron
[2025-10-21 19:28:48] [WARN] [main] .env NO encontrado en: C:\Users\User\Documents\Personal\LockeritDesk\electron\main\configFiles\.env
[2025-10-21 19:28:48] [INFO] [main] App lista, creando ventana...
[2025-10-21 19:28:48] [INFO] [main] Creando ventana principal...
[2025-10-21 19:28:49] [INFO] [main] Cargando URL: http://localhost:5173
[2025-10-21 19:28:49] [INFO] [preload] Inicializando preload.js
[2025-10-21 19:28:49] [ERROR] [setupWatcher] Archivo setup_config.json NO encontrado en: C:\Users\User\Documents\Personal\LockeritDesk\electron\preload\configFiles\setup_config.json
[2025-10-21 19:28:49] [INFO] [preload] Watcher iniciado: setup_config.json
[2025-10-21 19:28:49] [ERROR] [authWatcher] auth_key.json NO encontrado: C:\Users\User\Documents\Personal\LockeritDesk\electron\preload\configFiles\auth_key.json
[2025-10-21 19:28:49] [INFO] [preload] Watcher iniciado: auth_key.json
[2025-10-21 19:28:49] [ERROR] [loggerWatcher] Archivo logger_config.json NO encontrado en: C:\Users\User\Documents\Personal\LockeritDesk\electron\preload\configFiles\logger_config.json
[2025-10-21 19:28:49] [INFO] [preload] Watcher iniciado: logger_config.json
[2025-10-21 19:28:49] [ERROR] [envWatcher] Archivo .env NO encontrado en: C:\Users\User\Documents\Personal\LockeritDesk\electron\preload\configFiles\.env
[2025-10-21 19:28:49] [INFO] [preload] Watcher iniciado: .env
[2025-10-21 19:28:49] [INFO] [preload] API expuesta en window.electronAPI
[2025-10-21 19:28:49] [INFO] [main] CSP cambió, enviando al renderer
[2025-10-21 19:29:49] [INFO] [main] Iniciando aplicación Electron
[2025-10-21 19:29:49] [WARN] [main] .env NO encontrado en: C:\Users\User\Documents\Personal\LockeritDesk\electron\main\configFiles\.env
[2025-10-21 19:29:49] [INFO] [main] App lista, creando ventana...
[2025-10-21 19:29:49] [INFO] [main] Creando ventana principal...
[2025-10-21 19:29:49] [INFO] [main] Cargando URL: http://localhost:5173
[2025-10-21 19:29:50] [INFO] [preload] Inicializando preload.js
[2025-10-21 19:29:50] [ERROR] [setupWatcher] Archivo setup_config.json NO encontrado en: C:\Users\User\Documents\Personal\LockeritDesk\electron\preload\configFiles\setup_config.json
[2025-10-21 19:29:50] [INFO] [preload] Watcher iniciado: setup_config.json
[2025-10-21 19:29:50] [ERROR] [authWatcher] auth_key.json NO encontrado: C:\Users\User\Documents\Personal\LockeritDesk\electron\preload\configFiles\auth_key.json
[2025-10-21 19:29:50] [INFO] [preload] Watcher iniciado: auth_key.json
[2025-10-21 19:29:50] [ERROR] [loggerWatcher] Archivo logger_config.json NO encontrado en: C:\Users\User\Documents\Personal\LockeritDesk\electron\preload\configFiles\logger_config.json
[2025-10-21 19:29:50] [INFO] [preload] Watcher iniciado: logger_config.json
[2025-10-21 19:29:50] [ERROR] [envWatcher] Archivo .env NO encontrado en: C:\Users\User\Documents\Personal\LockeritDesk\electron\preload\configFiles\.env
[2025-10-21 19:29:50] [INFO] [preload] Watcher iniciado: .env
[2025-10-21 19:29:50] [INFO] [preload] API expuesta en window.electronAPI
[2025-10-21 19:29:50] [INFO] [main] CSP cambió, enviando al renderer
[2025-10-21 19:30:21] [INFO] [main] Iniciando aplicación Electron
[2025-10-21 19:30:21] [WARN] [main] .env NO encontrado en: C:\Users\User\Documents\Personal\LockeritDesk\electron\main\configFiles\.env
[2025-10-21 19:30:21] [INFO] [main] App lista, creando ventana...
[2025-10-21 19:30:21] [INFO] [main] Creando ventana principal...
[2025-10-21 19:30:21] [INFO] [main] Cargando URL: http://localhost:5173
[2025-10-21 19:30:21] [INFO] [preload] Inicializando preload.js
[2025-10-21 19:30:21] [ERROR] [setupWatcher] Archivo setup_config.json NO encontrado en: C:\Users\User\Documents\Personal\LockeritDesk\electron\preload\configFiles\setup_config.json
[2025-10-21 19:30:21] [INFO] [preload] Watcher iniciado: setup_config.json
[2025-10-21 19:30:21] [ERROR] [authWatcher] auth_key.json NO encontrado: C:\Users\User\Documents\Personal\LockeritDesk\electron\preload\configFiles\auth_key.json
[2025-10-21 19:30:21] [INFO] [preload] Watcher iniciado: auth_key.json
[2025-10-21 19:30:21] [ERROR] [loggerWatcher] Archivo logger_config.json NO encontrado en: C:\Users\User\Documents\Personal\LockeritDesk\electron\preload\configFiles\logger_config.json
[2025-10-21 19:30:21] [INFO] [preload] Watcher iniciado: logger_config.json
[2025-10-21 19:30:21] [ERROR] [envWatcher] Archivo .env NO encontrado en: C:\Users\User\Documents\Personal\LockeritDesk\electron\preload\configFiles\.env
[2025-10-21 19:30:21] [INFO] [preload] Watcher iniciado: .env
[2025-10-21 19:30:21] [INFO] [preload] API expuesta en window.electronAPI
[2025-10-21 19:30:22] [INFO] [main] CSP cambió, enviando al renderer
[2025-10-21 19:31:43] [INFO] [main] Iniciando aplicación Electron
[2025-10-21 19:31:43] [WARN] [main] .env NO encontrado en: C:\Users\User\Documents\Personal\LockeritDesk\electron\main\configFiles\.env
[2025-10-21 19:31:43] [INFO] [main] App lista, creando ventana...
[2025-10-21 19:31:43] [INFO] [main] Creando ventana principal...
[2025-10-21 19:31:43] [INFO] [main] Cargando URL: http://localhost:5173
[2025-10-21 19:31:43] [INFO] [preload] Inicializando preload.js
[2025-10-21 19:31:43] [ERROR] [setupWatcher] Archivo setup_config.json NO encontrado en: C:\Users\User\Documents\Personal\LockeritDesk\electron\preload\configFiles\setup_config.json
[2025-10-21 19:31:43] [INFO] [preload] Watcher iniciado: setup_config.json
[2025-10-21 19:31:43] [ERROR] [authWatcher] auth_key.json NO encontrado: C:\Users\User\Documents\Personal\LockeritDesk\electron\preload\configFiles\auth_key.json
[2025-10-21 19:31:43] [INFO] [preload] Watcher iniciado: auth_key.json
[2025-10-21 19:31:43] [ERROR] [loggerWatcher] Archivo logger_config.json NO encontrado en: C:\Users\User\Documents\Personal\LockeritDesk\electron\preload\configFiles\logger_config.json
[2025-10-21 19:31:43] [INFO] [preload] Watcher iniciado: logger_config.json
[2025-10-21 19:31:43] [ERROR] [envWatcher] Archivo .env NO encontrado en: C:\Users\User\Documents\Personal\LockeritDesk\electron\preload\configFiles\.env
[2025-10-21 19:31:43] [INFO] [preload] Watcher iniciado: .env
[2025-10-21 19:31:43] [INFO] [preload] API expuesta en window.electronAPI
[2025-10-21 19:31:44] [INFO] [main] CSP cambió, enviando al renderer
[2025-10-21 19:33:02] [INFO] [main] Iniciando aplicación Electron
[2025-10-21 19:33:02] [WARN] [main] .env NO encontrado en: C:\Users\User\Documents\Personal\LockeritDesk\electron\main\configFiles\.env
[2025-10-21 19:33:02] [INFO] [main] App lista, creando ventana...
[2025-10-21 19:33:02] [INFO] [main] Creando ventana principal...
[2025-10-21 19:33:02] [INFO] [main] Cargando URL: http://localhost:5173
[2025-10-21 19:33:02] [INFO] [preload] Inicializando preload.js
[2025-10-21 19:33:02] [ERROR] [setupWatcher] Archivo setup_config.json NO encontrado en: C:\Users\User\Documents\Personal\LockeritDesk\electron\preload\configFiles\setup_config.json
[2025-10-21 19:33:02] [INFO] [preload] Watcher iniciado: setup_config.json
[2025-10-21 19:33:02] [ERROR] [authWatcher] auth_key.json NO encontrado: C:\Users\User\Documents\Personal\LockeritDesk\electron\preload\configFiles\auth_key.json
[2025-10-21 19:33:02] [INFO] [preload] Watcher iniciado: auth_key.json
[2025-10-21 19:33:02] [ERROR] [loggerWatcher] Archivo logger_config.json NO encontrado en: C:\Users\User\Documents\Personal\LockeritDesk\electron\preload\configFiles\logger_config.json
[2025-10-21 19:33:02] [INFO] [preload] Watcher iniciado: logger_config.json
[2025-10-21 19:33:02] [ERROR] [envWatcher] Archivo .env NO encontrado en: C:\Users\User\Documents\Personal\LockeritDesk\electron\preload\configFiles\.env
[2025-10-21 19:33:02] [INFO] [preload] Watcher iniciado: .env
[2025-10-21 19:33:02] [INFO] [preload] API expuesta en window.electronAPI
[2025-10-21 19:33:03] [INFO] [main] CSP cambió, enviando al renderer
[2025-10-21 19:33:59] [INFO] [main] Iniciando aplicación Electron
[2025-10-21 19:33:59] [WARN] [main] .env NO encontrado en: C:\Users\User\Documents\Personal\LockeritDesk\electron\main\configFiles\.env
[2025-10-21 19:33:59] [INFO] [main] App lista, creando ventana...
[2025-10-21 19:33:59] [INFO] [main] Creando ventana principal...
[2025-10-21 19:33:59] [INFO] [main] Cargando URL: http://localhost:5173
[2025-10-21 19:34:00] [INFO] [preload] Inicializando preload.js
[2025-10-21 19:34:00] [ERROR] [setupWatcher] Archivo setup_config.json NO encontrado en: C:\Users\User\Documents\Personal\LockeritDesk\electron\preload\configFiles\setup_config.json
[2025-10-21 19:34:00] [INFO] [preload] Watcher iniciado: setup_config.json
[2025-10-21 19:34:00] [ERROR] [authWatcher] auth_key.json NO encontrado: C:\Users\User\Documents\Personal\LockeritDesk\electron\preload\configFiles\auth_key.json
[2025-10-21 19:34:00] [INFO] [preload] Watcher iniciado: auth_key.json
[2025-10-21 19:34:00] [ERROR] [loggerWatcher] Archivo logger_config.json NO encontrado en: C:\Users\User\Documents\Personal\LockeritDesk\electron\preload\configFiles\logger_config.json
[2025-10-21 19:34:00] [INFO] [preload] Watcher iniciado: logger_config.json
[2025-10-21 19:34:00] [ERROR] [envWatcher] Archivo .env NO encontrado en: C:\Users\User\Documents\Personal\LockeritDesk\electron\preload\configFiles\.env
[2025-10-21 19:34:00] [INFO] [preload] Watcher iniciado: .env
[2025-10-21 19:34:00] [INFO] [preload] API expuesta en window.electronAPI
[2025-10-21 19:34:00] [WARN] [main] C:\Users\User\Documents\Personal\LockeritDesk\electron\main\configFiles\setup_config.json no encontrado
[2025-10-21 19:34:00] [WARN] [main] C:\Users\User\Documents\Personal\LockeritDesk\electron\main\configFiles\auth_key.json no encontrado
[2025-10-21 19:34:00] [INFO] [main] [axiosConfig] API BaseURL Inicial: http://localhost:8080
[2025-10-21 19:34:00] [INFO] [main] [axiosConfig] API BaseTimeout Inicial: 30
[2025-10-21 19:34:00] [INFO] [main] CSP cambió, enviando al renderer
[2025-10-21 19:34:00] [INFO] [main] [configStore] Configuración actualizada
[2025-10-21 19:34:00] [INFO] [main] [configStore] config_key.json inicial cargado exitosamente
[2025-10-21 19:34:00] [INFO] [main] [envStore] ENV inicial cargado correctamente
[2025-10-21 19:34:00] [INFO] [main] [envStore] ENV actualizado
[2025-10-21 19:34:00] [INFO] [main] [authStore] Auth actualizado
[2025-10-21 19:34:00] [INFO] [main] [authStore] auth_key.json inicial cargado exitosamente
[2025-10-21 19:34:55] [INFO] [main] Iniciando aplicación Electron
[2025-10-21 19:34:55] [WARN] [main] .env NO encontrado en: C:\Users\User\Documents\Personal\LockeritDesk\electron\main\configFiles\.env
[2025-10-21 19:34:55] [INFO] [main] App lista, creando ventana...
[2025-10-21 19:34:55] [INFO] [main] Creando ventana principal...
[2025-10-21 19:34:55] [INFO] [main] Cargando URL: http://localhost:5173
[2025-10-21 19:34:55] [INFO] [preload] Inicializando preload.js
[2025-10-21 19:34:55] [ERROR] [setupWatcher] Archivo setup_config.json NO encontrado en: C:\Users\User\Documents\Personal\LockeritDesk\electron\preload\configFiles\setup_config.json
[2025-10-21 19:34:55] [INFO] [preload] Watcher iniciado: setup_config.json
[2025-10-21 19:34:55] [ERROR] [authWatcher] auth_key.json NO encontrado: C:\Users\User\Documents\Personal\LockeritDesk\electron\preload\configFiles\auth_key.json
[2025-10-21 19:34:55] [INFO] [preload] Watcher iniciado: auth_key.json
[2025-10-21 19:34:55] [ERROR] [loggerWatcher] Archivo logger_config.json NO encontrado en: C:\Users\User\Documents\Personal\LockeritDesk\electron\preload\configFiles\logger_config.json
[2025-10-21 19:34:55] [INFO] [preload] Watcher iniciado: logger_config.json
[2025-10-21 19:34:55] [ERROR] [envWatcher] Archivo .env NO encontrado en: C:\Users\User\Documents\Personal\LockeritDesk\electron\preload\configFiles\.env
[2025-10-21 19:34:55] [INFO] [preload] Watcher iniciado: .env
[2025-10-21 19:34:55] [INFO] [preload] API expuesta en window.electronAPI
[2025-10-21 19:34:55] [WARN] [main] C:\Users\User\Documents\Personal\LockeritDesk\electron\main\configFiles\setup_config.json no encontrado
[2025-10-21 19:34:55] [WARN] [main] C:\Users\User\Documents\Personal\LockeritDesk\electron\main\configFiles\auth_key.json no encontrado
[2025-10-21 19:34:55] [INFO] [main] [axiosConfig] API BaseURL Inicial: http://localhost:8080
[2025-10-21 19:34:55] [INFO] [main] [axiosConfig] API BaseTimeout Inicial: 30
[2025-10-21 19:34:55] [INFO] [main] CSP cambió, enviando al renderer
[2025-10-21 19:34:55] [INFO] [main] [configStore] Configuración actualizada
[2025-10-21 19:34:55] [INFO] [main] [configStore] config_key.json inicial cargado exitosamente
[2025-10-21 19:34:56] [INFO] [main] [envStore] ENV inicial cargado correctamente
[2025-10-21 19:34:56] [INFO] [main] [envStore] ENV actualizado
[2025-10-21 19:34:56] [INFO] [main] [authStore] Auth actualizado
[2025-10-21 19:34:56] [INFO] [main] [authStore] auth_key.json inicial cargado exitosamente
[2025-10-21 19:37:53] [INFO] [main] Iniciando aplicación Electron
[2025-10-21 19:37:53] [WARN] [main] .env NO encontrado en: C:\Users\User\Documents\Personal\LockeritDesk\electron\main\configFiles\.env
[2025-10-21 19:37:53] [INFO] [main] App lista, creando ventana...
[2025-10-21 19:37:53] [INFO] [main] Creando ventana principal...
[2025-10-21 19:37:53] [INFO] [main] Cargando URL: http://localhost:5173
[2025-10-21 19:37:53] [INFO] [preload] Inicializando preload.js
[2025-10-21 19:37:53] [ERROR] [setupWatcher] Archivo setup_config.json NO encontrado en: C:\Users\User\Documents\Personal\LockeritDesk\electron\preload\configFiles\setup_config.json
[2025-10-21 19:37:53] [INFO] [preload] Watcher iniciado: setup_config.json
[2025-10-21 19:37:53] [ERROR] [authWatcher] auth_key.json NO encontrado: C:\Users\User\Documents\Personal\LockeritDesk\electron\preload\configFiles\auth_key.json
[2025-10-21 19:37:53] [INFO] [preload] Watcher iniciado: auth_key.json
[2025-10-21 19:37:53] [ERROR] [loggerWatcher] Archivo logger_config.json NO encontrado en: C:\Users\User\Documents\Personal\LockeritDesk\electron\preload\configFiles\logger_config.json
[2025-10-21 19:37:53] [INFO] [preload] Watcher iniciado: logger_config.json
[2025-10-21 19:37:53] [ERROR] [envWatcher] Archivo .env NO encontrado en: C:\Users\User\Documents\Personal\LockeritDesk\electron\preload\configFiles\.env
[2025-10-21 19:37:53] [INFO] [preload] Watcher iniciado: .env
[2025-10-21 19:37:53] [INFO] [preload] API expuesta en window.electronAPI
[2025-10-21 19:37:54] [WARN] [main] C:\Users\User\Documents\Personal\LockeritDesk\electron\main\configFiles\setup_config.json no encontrado
[2025-10-21 19:37:54] [WARN] [main] C:\Users\User\Documents\Personal\LockeritDesk\electron\main\configFiles\auth_key.json no encontrado
[2025-10-21 19:37:54] [INFO] [main] [axiosConfig] API BaseURL Inicial: http://localhost:8080
[2025-10-21 19:37:54] [INFO] [main] [axiosConfig] API BaseTimeout Inicial: 30
[2025-10-21 19:37:54] [INFO] [main] [configStore] Configuración actualizada
[2025-10-21 19:37:54] [INFO] [main] [configStore] config_key.json inicial cargado exitosamente
[2025-10-21 19:37:54] [INFO] [main] [envStore] ENV inicial cargado correctamente
[2025-10-21 19:37:54] [INFO] [main] [envStore] ENV actualizado
[2025-10-21 19:37:54] [INFO] [main] [authStore] Auth actualizado
[2025-10-21 19:37:54] [WARN] [main] [axiosConfig] Token eliminado de headers
[2025-10-21 19:37:54] [INFO] [main] [authStore] auth_key.json inicial cargado exitosamente
[2025-10-21 19:37:54] [INFO] [main] CSP cambió, enviando al renderer
[2025-10-21 19:37:55] [INFO] [main] get-screen-data-once -> 1920x1032 factor=0.96
[2025-10-21 19:37:55] [INFO] [main] [app] Scheduler diario habilitado: false | usuario config: undefined | usuario actual: 
[2025-10-21 19:37:55] [INFO] [main] [app] Scheduler semanal habilitado: false | usuario config: undefined | usuario actual: 
[2025-10-21 19:37:55] [INFO] [main] [app] Scheduler mensual habilitado: false | usuario config: undefined | usuario actual: 
[2025-10-21 19:37:55] [INFO] [main] [app] Scheduler diario habilitado: false | usuario config: undefined | usuario actual: 
[2025-10-21 19:37:55] [INFO] [main] [app] Scheduler semanal habilitado: false | usuario config: undefined | usuario actual: 
[2025-10-21 19:37:55] [INFO] [main] [app] Scheduler mensual habilitado: false | usuario config: undefined | usuario actual: 
[2025-10-21 19:37:55] [WARN] [main] C:\Users\User\Documents\Personal\LockeritDesk\electron\main\configFiles\setup_config.json no encontrado
[2025-10-21 19:37:55] [WARN] [main] C:\Users\User\Documents\Personal\LockeritDesk\electron\main\configFiles\setup_config.json no encontrado
[2025-10-21 19:37:55] [INFO] [main] [Copyright] Versión cargada: 1.1.0
[2025-10-21 19:37:55] [WARN] [main] C:\Users\User\Documents\Personal\LockeritDesk\electron\main\configFiles\setup_config.json no encontrado
[2025-10-21 19:37:55] [INFO] [main] [app] Componente App montado
[2025-10-21 19:37:55] [INFO] [main] [app] Versión cargada: 1.1.0
[2025-10-21 19:37:55] [WARN] [main] C:\Users\User\Documents\Personal\LockeritDesk\electron\main\configFiles\setup_config.json no encontrado
[2025-10-21 19:37:55] [WARN] [main] C:\Users\User\Documents\Personal\LockeritDesk\electron\main\configFiles\setup_config.json no encontrado
[2025-10-21 19:37:55] [INFO] [main] [Copyright] Versión cargada: 1.1.0
[2025-10-21 19:37:55] [WARN] [main] C:\Users\User\Documents\Personal\LockeritDesk\electron\main\configFiles\setup_config.json no encontrado
[2025-10-21 19:37:55] [INFO] [main] [app] Componente App montado
[2025-10-21 19:37:55] [INFO] [main] [app] Versión cargada: 1.1.0
[2025-10-21 19:37:55] [INFO] [main] [app] Scheduler diario habilitado: false | usuario config: undefined | usuario actual: 
[2025-10-21 19:37:55] [INFO] [main] [app] Scheduler semanal habilitado: false | usuario config: undefined | usuario actual: 
[2025-10-21 19:37:55] [INFO] [main] [app] Scheduler mensual habilitado: false | usuario config: undefined | usuario actual: 
[2025-10-21 19:37:55] [INFO] [main] [app] Scheduler diario habilitado: false | usuario config: undefined | usuario actual: 
[2025-10-21 19:37:55] [INFO] [main] [app] Scheduler semanal habilitado: false | usuario config: undefined | usuario actual: 
[2025-10-21 19:37:55] [INFO] [main] [app] Scheduler mensual habilitado: false | usuario config: undefined | usuario actual: 
[2025-10-21 19:37:55] [INFO] [main] [useConfig] Configuración inicial obtenida
[2025-10-21 19:37:55] [INFO] [main] [useConfig] Configuración inicial obtenida
[2025-10-21 19:37:55] [INFO] [main] [useConfig] Configuración inicial obtenida
[2025-10-21 19:37:55] [INFO] [main] [useConfig] Configuración inicial obtenida
[2025-10-21 19:37:55] [INFO] [main] [useConfig] Configuración inicial obtenida
[2025-10-21 19:37:55] [INFO] [main] [useConfig] Configuración inicial obtenida
[2025-10-21 19:37:55] [INFO] [main] [app] Scheduler diario habilitado: false | usuario config: undefined | usuario actual: 
[2025-10-21 19:37:55] [INFO] [main] [app] Scheduler semanal habilitado: false | usuario config: undefined | usuario actual: 
[2025-10-21 19:37:55] [INFO] [main] [app] Scheduler mensual habilitado: false | usuario config: undefined | usuario actual: 
[2025-10-21 19:37:55] [INFO] [main] [app] Scheduler diario habilitado: false | usuario config: undefined | usuario actual: 
[2025-10-21 19:37:55] [INFO] [main] [app] Scheduler semanal habilitado: false | usuario config: undefined | usuario actual: 
[2025-10-21 19:37:55] [INFO] [main] [app] Scheduler mensual habilitado: false | usuario config: undefined | usuario actual: 
[2025-10-21 19:37:56] [INFO] [main] [app] Scheduler diario habilitado: false | usuario config: undefined | usuario actual: 
[2025-10-21 19:37:56] [INFO] [main] [app] Scheduler semanal habilitado: false | usuario config: undefined | usuario actual: 
[2025-10-21 19:37:56] [INFO] [main] [app] Scheduler mensual habilitado: false | usuario config: undefined | usuario actual: 
[2025-10-21 19:37:56] [INFO] [main] [app] Scheduler diario habilitado: false | usuario config: undefined | usuario actual: 
[2025-10-21 19:37:56] [INFO] [main] [app] Scheduler semanal habilitado: false | usuario config: undefined | usuario actual: 
[2025-10-21 19:37:56] [INFO] [main] [app] Scheduler mensual habilitado: false | usuario config: undefined | usuario actual: 
[2025-10-21 19:37:59] [INFO] [main] [app] Scheduler diario habilitado: false | usuario config: undefined | usuario actual: 
[2025-10-21 19:37:59] [INFO] [main] [app] Scheduler semanal habilitado: false | usuario config: undefined | usuario actual: 
[2025-10-21 19:37:59] [INFO] [main] [app] Scheduler mensual habilitado: false | usuario config: undefined | usuario actual: 
[2025-10-21 19:37:59] [INFO] [main] [app] Scheduler diario habilitado: false | usuario config: undefined | usuario actual: 
[2025-10-21 19:37:59] [INFO] [main] [app] Scheduler semanal habilitado: false | usuario config: undefined | usuario actual: 
[2025-10-21 19:37:59] [INFO] [main] [app] Scheduler mensual habilitado: false | usuario config: undefined | usuario actual: 
[2025-10-21 19:37:59] [WARN] [main] C:\Users\User\Documents\Personal\LockeritDesk\electron\main\configFiles\setup_config.json no encontrado
[2025-10-21 19:37:59] [WARN] [main] C:\Users\User\Documents\Personal\LockeritDesk\electron\main\configFiles\setup_config.json no encontrado
[2025-10-21 19:37:59] [INFO] [main] [Copyright] Versión cargada: 1.1.0
[2025-10-21 19:37:59] [WARN] [main] C:\Users\User\Documents\Personal\LockeritDesk\electron\main\configFiles\setup_config.json no encontrado
[2025-10-21 19:37:59] [INFO] [main] [app] Componente App montado
[2025-10-21 19:37:59] [INFO] [main] [app] Versión cargada: 1.1.0
[2025-10-21 19:37:59] [WARN] [main] C:\Users\User\Documents\Personal\LockeritDesk\electron\main\configFiles\setup_config.json no encontrado
[2025-10-21 19:37:59] [WARN] [main] C:\Users\User\Documents\Personal\LockeritDesk\electron\main\configFiles\setup_config.json no encontrado
[2025-10-21 19:37:59] [INFO] [main] [Copyright] Versión cargada: 1.1.0
[2025-10-21 19:37:59] [WARN] [main] C:\Users\User\Documents\Personal\LockeritDesk\electron\main\configFiles\setup_config.json no encontrado
[2025-10-21 19:37:59] [INFO] [main] [app] Componente App montado
[2025-10-21 19:37:59] [INFO] [main] [app] Versión cargada: 1.1.0
[2025-10-21 19:37:59] [INFO] [main] [app] Scheduler diario habilitado: false | usuario config: undefined | usuario actual: 
[2025-10-21 19:37:59] [INFO] [main] [app] Scheduler semanal habilitado: false | usuario config: undefined | usuario actual: 
[2025-10-21 19:37:59] [INFO] [main] [app] Scheduler mensual habilitado: false | usuario config: undefined | usuario actual: 
[2025-10-21 19:37:59] [INFO] [main] [app] Scheduler diario habilitado: false | usuario config: undefined | usuario actual: 
[2025-10-21 19:37:59] [INFO] [main] [app] Scheduler semanal habilitado: false | usuario config: undefined | usuario actual: 
[2025-10-21 19:37:59] [INFO] [main] [app] Scheduler mensual habilitado: false | usuario config: undefined | usuario actual: 
[2025-10-21 19:37:59] [INFO] [main] [useConfig] Configuración inicial obtenida
[2025-10-21 19:37:59] [INFO] [main] [useConfig] Configuración inicial obtenida
[2025-10-21 19:37:59] [INFO] [main] [useConfig] Configuración inicial obtenida
[2025-10-21 19:37:59] [INFO] [main] [useConfig] Configuración inicial obtenida
[2025-10-21 19:37:59] [INFO] [main] [useConfig] Configuración inicial obtenida
[2025-10-21 19:37:59] [INFO] [main] [useConfig] Configuración inicial obtenida
[2025-10-21 19:37:59] [INFO] [main] [app] Scheduler diario habilitado: false | usuario config: undefined | usuario actual: 
[2025-10-21 19:37:59] [INFO] [main] [app] Scheduler semanal habilitado: false | usuario config: undefined | usuario actual: 
[2025-10-21 19:37:59] [INFO] [main] [app] Scheduler mensual habilitado: false | usuario config: undefined | usuario actual: 
[2025-10-21 19:37:59] [INFO] [main] [app] Scheduler diario habilitado: false | usuario config: undefined | usuario actual: 
[2025-10-21 19:37:59] [INFO] [main] [app] Scheduler semanal habilitado: false | usuario config: undefined | usuario actual: 
[2025-10-21 19:37:59] [INFO] [main] [app] Scheduler mensual habilitado: false | usuario config: undefined | usuario actual: 
[2025-10-21 19:37:59] [INFO] [main] [app] Scheduler diario habilitado: false | usuario config: undefined | usuario actual: 
[2025-10-21 19:37:59] [INFO] [main] [app] Scheduler semanal habilitado: false | usuario config: undefined | usuario actual: 
[2025-10-21 19:37:59] [INFO] [main] [app] Scheduler mensual habilitado: false | usuario config: undefined | usuario actual: 
[2025-10-21 19:37:59] [INFO] [main] [app] Scheduler diario habilitado: false | usuario config: undefined | usuario actual: 
[2025-10-21 19:37:59] [INFO] [main] [app] Scheduler semanal habilitado: false | usuario config: undefined | usuario actual: 
[2025-10-21 19:37:59] [INFO] [main] [app] Scheduler mensual habilitado: false | usuario config: undefined | usuario actual: 
[2025-10-21 19:38:06] [INFO] [main] [app] Scheduler diario habilitado: false | usuario config: undefined | usuario actual: 
[2025-10-21 19:38:06] [INFO] [main] [app] Scheduler semanal habilitado: false | usuario config: undefined | usuario actual: 
[2025-10-21 19:38:06] [INFO] [main] [app] Scheduler mensual habilitado: false | usuario config: undefined | usuario actual: 
[2025-10-21 19:38:06] [INFO] [main] [app] Scheduler diario habilitado: false | usuario config: undefined | usuario actual: 
[2025-10-21 19:38:06] [INFO] [main] [app] Scheduler semanal habilitado: false | usuario config: undefined | usuario actual: 
[2025-10-21 19:38:06] [INFO] [main] [app] Scheduler mensual habilitado: false | usuario config: undefined | usuario actual: 
[2025-10-21 19:38:30] [INFO] [main] [app] Scheduler diario habilitado: false | usuario config: undefined | usuario actual: 
[2025-10-21 19:38:30] [INFO] [main] [app] Scheduler semanal habilitado: false | usuario config: undefined | usuario actual: 
[2025-10-21 19:38:30] [INFO] [main] [app] Scheduler mensual habilitado: false | usuario config: undefined | usuario actual: 
[2025-10-21 19:38:30] [INFO] [main] [app] Scheduler diario habilitado: false | usuario config: undefined | usuario actual: 
[2025-10-21 19:38:30] [INFO] [main] [app] Scheduler semanal habilitado: false | usuario config: undefined | usuario actual: 
[2025-10-21 19:38:30] [INFO] [main] [app] Scheduler mensual habilitado: false | usuario config: undefined | usuario actual: 
[2025-10-21 19:38:53] [ERROR] [main] [Login] No se encontró la configuración de login.
[2025-10-21 19:38:53] [WARN] [main] [Login] Intento de inicio de sesión fallido para usuario: administrador
[2025-10-21 19:39:06] [ERROR] [main] [Login] No se encontró la configuración de login.
[2025-10-21 19:39:06] [WARN] [main] [Login] Intento de inicio de sesión fallido para usuario: administrador
[2025-10-21 19:39:11] [INFO] [main] [app] Scheduler diario habilitado: false | usuario config: undefined | usuario actual: 
[2025-10-21 19:39:11] [INFO] [main] [app] Scheduler semanal habilitado: false | usuario config: undefined | usuario actual: 
[2025-10-21 19:39:11] [INFO] [main] [app] Scheduler mensual habilitado: false | usuario config: undefined | usuario actual: 
[2025-10-21 19:39:11] [INFO] [main] [app] Scheduler diario habilitado: false | usuario config: undefined | usuario actual: 
[2025-10-21 19:39:11] [INFO] [main] [app] Scheduler semanal habilitado: false | usuario config: undefined | usuario actual: 
[2025-10-21 19:39:11] [INFO] [main] [app] Scheduler mensual habilitado: false | usuario config: undefined | usuario actual: 
[2025-10-21 19:39:36] [INFO] [main] [app] Scheduler diario habilitado: false | usuario config: undefined | usuario actual: 
[2025-10-21 19:39:36] [INFO] [main] [app] Scheduler semanal habilitado: false | usuario config: undefined | usuario actual: 
[2025-10-21 19:39:36] [INFO] [main] [app] Scheduler mensual habilitado: false | usuario config: undefined | usuario actual: 
[2025-10-21 19:39:36] [INFO] [main] [app] Scheduler diario habilitado: false | usuario config: undefined | usuario actual: 
[2025-10-21 19:39:36] [INFO] [main] [app] Scheduler semanal habilitado: false | usuario config: undefined | usuario actual: 
[2025-10-21 19:39:36] [INFO] [main] [app] Scheduler mensual habilitado: false | usuario config: undefined | usuario actual: 
[2025-10-21 19:39:41] [ERROR] [main] [Login] No se encontró la configuración de login.
[2025-10-21 19:39:41] [WARN] [main] [Login] Intento de inicio de sesión fallido para usuario: Administrador
[2025-10-21 19:39:43] [INFO] [main] [app] Scheduler diario habilitado: false | usuario config: undefined | usuario actual: 
[2025-10-21 19:39:43] [INFO] [main] [app] Scheduler semanal habilitado: false | usuario config: undefined | usuario actual: 
[2025-10-21 19:39:43] [INFO] [main] [app] Scheduler mensual habilitado: false | usuario config: undefined | usuario actual: 
[2025-10-21 19:39:43] [INFO] [main] [app] Scheduler diario habilitado: false | usuario config: undefined | usuario actual: 
[2025-10-21 19:39:43] [INFO] [main] [app] Scheduler semanal habilitado: false | usuario config: undefined | usuario actual: 
[2025-10-21 19:39:43] [INFO] [main] [app] Scheduler mensual habilitado: false | usuario config: undefined | usuario actual: 
[2025-10-21 19:39:48] [INFO] [main] Iniciando aplicación Electron
[2025-10-21 19:39:48] [WARN] [main] .env NO encontrado en: C:\Users\User\Documents\Personal\LockeritDesk\electron\main\configFiles\.env
[2025-10-21 19:39:48] [INFO] [main] App lista, creando ventana...
[2025-10-21 19:39:48] [INFO] [main] Creando ventana principal...
[2025-10-21 19:39:48] [INFO] [main] Cargando URL: http://localhost:5173
[2025-10-21 19:39:49] [INFO] [preload] Inicializando preload.js
[2025-10-21 19:39:49] [ERROR] [setupWatcher] Archivo setup_config.json NO encontrado en: C:\Users\User\Documents\Personal\LockeritDesk\electron\preload\configFiles\setup_config.json
[2025-10-21 19:39:49] [INFO] [preload] Watcher iniciado: setup_config.json
[2025-10-21 19:39:49] [ERROR] [authWatcher] auth_key.json NO encontrado: C:\Users\User\Documents\Personal\LockeritDesk\electron\preload\configFiles\auth_key.json
[2025-10-21 19:39:49] [INFO] [preload] Watcher iniciado: auth_key.json
[2025-10-21 19:39:49] [ERROR] [loggerWatcher] Archivo logger_config.json NO encontrado en: C:\Users\User\Documents\Personal\LockeritDesk\electron\preload\configFiles\logger_config.json
[2025-10-21 19:39:49] [INFO] [preload] Watcher iniciado: logger_config.json
[2025-10-21 19:39:49] [ERROR] [envWatcher] Archivo .env NO encontrado en: C:\Users\User\Documents\Personal\LockeritDesk\electron\preload\configFiles\.env
[2025-10-21 19:39:49] [INFO] [preload] Watcher iniciado: .env
[2025-10-21 19:39:49] [INFO] [preload] API expuesta en window.electronAPI
[2025-10-21 19:39:49] [WARN] [main] C:\Users\User\Documents\Personal\LockeritDesk\electron\main\configFiles\setup_config.json no encontrado
[2025-10-21 19:39:49] [WARN] [main] C:\Users\User\Documents\Personal\LockeritDesk\electron\main\configFiles\auth_key.json no encontrado
[2025-10-21 19:39:49] [INFO] [main] [axiosConfig] API BaseURL Inicial: http://localhost:8080
[2025-10-21 19:39:49] [INFO] [main] [axiosConfig] API BaseTimeout Inicial: 30
[2025-10-21 19:39:49] [INFO] [main] [configStore] Configuración actualizada
[2025-10-21 19:39:49] [INFO] [main] [configStore] config_key.json inicial cargado exitosamente
[2025-10-21 19:39:49] [INFO] [main] [envStore] ENV inicial cargado correctamente
[2025-10-21 19:39:49] [INFO] [main] [envStore] ENV actualizado
[2025-10-21 19:39:49] [INFO] [main] [authStore] Auth actualizado
[2025-10-21 19:39:49] [WARN] [main] [axiosConfig] Token eliminado de headers
[2025-10-21 19:39:49] [INFO] [main] [authStore] auth_key.json inicial cargado exitosamente
[2025-10-21 19:39:49] [INFO] [main] CSP cambió, enviando al renderer
[2025-10-21 19:39:50] [INFO] [main] get-screen-data-once -> 1920x1032 factor=0.96
[2025-10-21 19:39:50] [INFO] [main] [app] Scheduler diario habilitado: false | usuario config: undefined | usuario actual: 
[2025-10-21 19:39:50] [INFO] [main] [app] Scheduler semanal habilitado: false | usuario config: undefined | usuario actual: 
[2025-10-21 19:39:50] [INFO] [main] [app] Scheduler mensual habilitado: false | usuario config: undefined | usuario actual: 
[2025-10-21 19:39:50] [INFO] [main] [app] Scheduler diario habilitado: false | usuario config: undefined | usuario actual: 
[2025-10-21 19:39:50] [INFO] [main] [app] Scheduler semanal habilitado: false | usuario config: undefined | usuario actual: 
[2025-10-21 19:39:50] [INFO] [main] [app] Scheduler mensual habilitado: false | usuario config: undefined | usuario actual: 
[2025-10-21 19:39:50] [WARN] [main] C:\Users\User\Documents\Personal\LockeritDesk\electron\main\configFiles\setup_config.json no encontrado
[2025-10-21 19:39:50] [WARN] [main] C:\Users\User\Documents\Personal\LockeritDesk\electron\main\configFiles\setup_config.json no encontrado
[2025-10-21 19:39:50] [INFO] [main] [Copyright] Versión cargada: 1.1.0
[2025-10-21 19:39:50] [WARN] [main] C:\Users\User\Documents\Personal\LockeritDesk\electron\main\configFiles\setup_config.json no encontrado
[2025-10-21 19:39:50] [INFO] [main] [app] Componente App montado
[2025-10-21 19:39:50] [INFO] [main] [app] Versión cargada: 1.1.0
[2025-10-21 19:39:50] [WARN] [main] C:\Users\User\Documents\Personal\LockeritDesk\electron\main\configFiles\setup_config.json no encontrado
[2025-10-21 19:39:50] [WARN] [main] C:\Users\User\Documents\Personal\LockeritDesk\electron\main\configFiles\setup_config.json no encontrado
[2025-10-21 19:39:50] [INFO] [main] [Copyright] Versión cargada: 1.1.0
[2025-10-21 19:39:50] [WARN] [main] C:\Users\User\Documents\Personal\LockeritDesk\electron\main\configFiles\setup_config.json no encontrado
[2025-10-21 19:39:50] [INFO] [main] [app] Componente App montado
[2025-10-21 19:39:50] [INFO] [main] [app] Versión cargada: 1.1.0
[2025-10-21 19:39:50] [INFO] [main] [app] Scheduler diario habilitado: false | usuario config: undefined | usuario actual: 
[2025-10-21 19:39:50] [INFO] [main] [app] Scheduler semanal habilitado: false | usuario config: undefined | usuario actual: 
[2025-10-21 19:39:50] [INFO] [main] [app] Scheduler mensual habilitado: false | usuario config: undefined | usuario actual: 
[2025-10-21 19:39:50] [INFO] [main] [app] Scheduler diario habilitado: false | usuario config: undefined | usuario actual: 
[2025-10-21 19:39:50] [INFO] [main] [app] Scheduler semanal habilitado: false | usuario config: undefined | usuario actual: 
[2025-10-21 19:39:50] [INFO] [main] [app] Scheduler mensual habilitado: false | usuario config: undefined | usuario actual: 
[2025-10-21 19:39:50] [INFO] [main] [useConfig] Configuración inicial obtenida
[2025-10-21 19:39:50] [INFO] [main] [useConfig] Configuración inicial obtenida
[2025-10-21 19:39:50] [INFO] [main] [useConfig] Configuración inicial obtenida
[2025-10-21 19:39:50] [INFO] [main] [useConfig] Configuración inicial obtenida
[2025-10-21 19:39:50] [INFO] [main] [useConfig] Configuración inicial obtenida
[2025-10-21 19:39:50] [INFO] [main] [useConfig] Configuración inicial obtenida
[2025-10-21 19:39:50] [INFO] [main] [app] Scheduler diario habilitado: false | usuario config: undefined | usuario actual: 
[2025-10-21 19:39:50] [INFO] [main] [app] Scheduler semanal habilitado: false | usuario config: undefined | usuario actual: 
[2025-10-21 19:39:50] [INFO] [main] [app] Scheduler mensual habilitado: false | usuario config: undefined | usuario actual: 
[2025-10-21 19:39:50] [INFO] [main] [app] Scheduler diario habilitado: false | usuario config: undefined | usuario actual: 
[2025-10-21 19:39:50] [INFO] [main] [app] Scheduler semanal habilitado: false | usuario config: undefined | usuario actual: 
[2025-10-21 19:39:50] [INFO] [main] [app] Scheduler mensual habilitado: false | usuario config: undefined | usuario actual: 
[2025-10-21 19:39:51] [INFO] [main] [app] Scheduler diario habilitado: false | usuario config: undefined | usuario actual: 
[2025-10-21 19:39:51] [INFO] [main] [app] Scheduler semanal habilitado: false | usuario config: undefined | usuario actual: 
[2025-10-21 19:39:51] [INFO] [main] [app] Scheduler mensual habilitado: false | usuario config: undefined | usuario actual: 
[2025-10-21 19:39:51] [INFO] [main] [app] Scheduler diario habilitado: false | usuario config: undefined | usuario actual: 
[2025-10-21 19:39:51] [INFO] [main] [app] Scheduler semanal habilitado: false | usuario config: undefined | usuario actual: 
[2025-10-21 19:39:51] [INFO] [main] [app] Scheduler mensual habilitado: false | usuario config: undefined | usuario actual: 
[2025-10-21 19:40:00] [ERROR] [main] [Login] No se encontró la configuración de login.
[2025-10-21 19:40:00] [WARN] [main] [Login] Intento de inicio de sesión fallido para usuario: administrador
[2025-10-21 19:40:02] [INFO] [main] [app] Scheduler diario habilitado: false | usuario config: undefined | usuario actual: 
[2025-10-21 19:40:02] [INFO] [main] [app] Scheduler semanal habilitado: false | usuario config: undefined | usuario actual: 
[2025-10-21 19:40:02] [INFO] [main] [app] Scheduler mensual habilitado: false | usuario config: undefined | usuario actual: 
[2025-10-21 19:40:02] [INFO] [main] [app] Scheduler diario habilitado: false | usuario config: undefined | usuario actual: 
[2025-10-21 19:40:02] [INFO] [main] [app] Scheduler semanal habilitado: false | usuario config: undefined | usuario actual: 
[2025-10-21 19:40:02] [INFO] [main] [app] Scheduler mensual habilitado: false | usuario config: undefined | usuario actual: 
[2025-10-21 19:40:02] [WARN] [main] C:\Users\User\Documents\Personal\LockeritDesk\electron\main\configFiles\setup_config.json no encontrado
[2025-10-21 19:40:02] [WARN] [main] C:\Users\User\Documents\Personal\LockeritDesk\electron\main\configFiles\setup_config.json no encontrado
[2025-10-21 19:40:02] [INFO] [main] [Copyright] Versión cargada: 1.1.0
[2025-10-21 19:40:02] [WARN] [main] C:\Users\User\Documents\Personal\LockeritDesk\electron\main\configFiles\setup_config.json no encontrado
[2025-10-21 19:40:02] [INFO] [main] [app] Componente App montado
[2025-10-21 19:40:02] [INFO] [main] [app] Versión cargada: 1.1.0
[2025-10-21 19:40:02] [WARN] [main] C:\Users\User\Documents\Personal\LockeritDesk\electron\main\configFiles\setup_config.json no encontrado
[2025-10-21 19:40:02] [WARN] [main] C:\Users\User\Documents\Personal\LockeritDesk\electron\main\configFiles\setup_config.json no encontrado
[2025-10-21 19:40:02] [INFO] [main] [Copyright] Versión cargada: 1.1.0
[2025-10-21 19:40:02] [WARN] [main] C:\Users\User\Documents\Personal\LockeritDesk\electron\main\configFiles\setup_config.json no encontrado
[2025-10-21 19:40:02] [INFO] [main] [app] Componente App montado
[2025-10-21 19:40:02] [INFO] [main] [app] Versión cargada: 1.1.0
[2025-10-21 19:40:02] [INFO] [main] [app] Scheduler diario habilitado: false | usuario config: undefined | usuario actual: 
[2025-10-21 19:40:02] [INFO] [main] [app] Scheduler semanal habilitado: false | usuario config: undefined | usuario actual: 
[2025-10-21 19:40:02] [INFO] [main] [app] Scheduler mensual habilitado: false | usuario config: undefined | usuario actual: 
[2025-10-21 19:40:02] [INFO] [main] [app] Scheduler diario habilitado: false | usuario config: undefined | usuario actual: 
[2025-10-21 19:40:02] [INFO] [main] [app] Scheduler semanal habilitado: false | usuario config: undefined | usuario actual: 
[2025-10-21 19:40:02] [INFO] [main] [app] Scheduler mensual habilitado: false | usuario config: undefined | usuario actual: 
[2025-10-21 19:40:02] [INFO] [main] [useConfig] Configuración inicial obtenida
[2025-10-21 19:40:02] [INFO] [main] [useConfig] Configuración inicial obtenida
[2025-10-21 19:40:02] [INFO] [main] [useConfig] Configuración inicial obtenida
[2025-10-21 19:40:02] [INFO] [main] [useConfig] Configuración inicial obtenida
[2025-10-21 19:40:02] [INFO] [main] [useConfig] Configuración inicial obtenida
[2025-10-21 19:40:02] [INFO] [main] [useConfig] Configuración inicial obtenida
[2025-10-21 19:40:02] [INFO] [main] [app] Scheduler diario habilitado: false | usuario config: undefined | usuario actual: 
[2025-10-21 19:40:02] [INFO] [main] [app] Scheduler semanal habilitado: false | usuario config: undefined | usuario actual: 
[2025-10-21 19:40:02] [INFO] [main] [app] Scheduler mensual habilitado: false | usuario config: undefined | usuario actual: 
[2025-10-21 19:40:02] [INFO] [main] [app] Scheduler diario habilitado: false | usuario config: undefined | usuario actual: 
[2025-10-21 19:40:02] [INFO] [main] [app] Scheduler semanal habilitado: false | usuario config: undefined | usuario actual: 
[2025-10-21 19:40:02] [INFO] [main] [app] Scheduler mensual habilitado: false | usuario config: undefined | usuario actual: 
[2025-10-21 19:40:02] [INFO] [main] [app] Scheduler diario habilitado: false | usuario config: undefined | usuario actual: 
[2025-10-21 19:40:02] [INFO] [main] [app] Scheduler semanal habilitado: false | usuario config: undefined | usuario actual: 
[2025-10-21 19:40:02] [INFO] [main] [app] Scheduler mensual habilitado: false | usuario config: undefined | usuario actual: 
[2025-10-21 19:40:02] [INFO] [main] [app] Scheduler diario habilitado: false | usuario config: undefined | usuario actual: 
[2025-10-21 19:40:02] [INFO] [main] [app] Scheduler semanal habilitado: false | usuario config: undefined | usuario actual: 
[2025-10-21 19:40:02] [INFO] [main] [app] Scheduler mensual habilitado: false | usuario config: undefined | usuario actual: 
[2025-10-21 19:46:59] [INFO] [main] [app] Scheduler diario habilitado: false | usuario config: undefined | usuario actual: 
[2025-10-21 19:46:59] [INFO] [main] [app] Scheduler semanal habilitado: false | usuario config: undefined | usuario actual: 
[2025-10-21 19:46:59] [INFO] [main] [app] Scheduler mensual habilitado: false | usuario config: undefined | usuario actual: 
[2025-10-21 19:46:59] [INFO] [main] [app] Scheduler diario habilitado: false | usuario config: undefined | usuario actual: 
[2025-10-21 19:46:59] [INFO] [main] [app] Scheduler semanal habilitado: false | usuario config: undefined | usuario actual: 
[2025-10-21 19:46:59] [INFO] [main] [app] Scheduler mensual habilitado: false | usuario config: undefined | usuario actual: 
[2025-10-21 19:47:00] [WARN] [main] C:\Users\User\Documents\Personal\LockeritDesk\electron\main\configFiles\setup_config.json no encontrado
[2025-10-21 19:47:00] [WARN] [main] C:\Users\User\Documents\Personal\LockeritDesk\electron\main\configFiles\setup_config.json no encontrado
[2025-10-21 19:47:00] [INFO] [main] [Copyright] Versión cargada: 1.1.0
[2025-10-21 19:47:00] [WARN] [main] C:\Users\User\Documents\Personal\LockeritDesk\electron\main\configFiles\setup_config.json no encontrado
[2025-10-21 19:47:00] [INFO] [main] [app] Componente App montado
[2025-10-21 19:47:00] [INFO] [main] [app] Versión cargada: 1.1.0
[2025-10-21 19:47:00] [WARN] [main] C:\Users\User\Documents\Personal\LockeritDesk\electron\main\configFiles\setup_config.json no encontrado
[2025-10-21 19:47:00] [WARN] [main] C:\Users\User\Documents\Personal\LockeritDesk\electron\main\configFiles\setup_config.json no encontrado
[2025-10-21 19:47:00] [INFO] [main] [Copyright] Versión cargada: 1.1.0
[2025-10-21 19:47:00] [WARN] [main] C:\Users\User\Documents\Personal\LockeritDesk\electron\main\configFiles\setup_config.json no encontrado
[2025-10-21 19:47:00] [INFO] [main] [app] Componente App montado
[2025-10-21 19:47:00] [INFO] [main] [app] Versión cargada: 1.1.0
[2025-10-21 19:47:00] [INFO] [main] [app] Scheduler diario habilitado: false | usuario config: undefined | usuario actual: 
[2025-10-21 19:47:00] [INFO] [main] [app] Scheduler semanal habilitado: false | usuario config: undefined | usuario actual: 
[2025-10-21 19:47:00] [INFO] [main] [app] Scheduler mensual habilitado: false | usuario config: undefined | usuario actual: 
[2025-10-21 19:47:00] [INFO] [main] [app] Scheduler diario habilitado: false | usuario config: undefined | usuario actual: 
[2025-10-21 19:47:00] [INFO] [main] [app] Scheduler semanal habilitado: false | usuario config: undefined | usuario actual: 
[2025-10-21 19:47:00] [INFO] [main] [app] Scheduler mensual habilitado: false | usuario config: undefined | usuario actual: 
[2025-10-21 19:47:00] [INFO] [main] [useConfig] Configuración inicial obtenida
[2025-10-21 19:47:00] [INFO] [main] [useConfig] Configuración inicial obtenida
[2025-10-21 19:47:00] [INFO] [main] [useConfig] Configuración inicial obtenida
[2025-10-21 19:47:00] [INFO] [main] [useConfig] Configuración inicial obtenida
[2025-10-21 19:47:00] [INFO] [main] [useConfig] Configuración inicial obtenida
[2025-10-21 19:47:00] [INFO] [main] [useConfig] Configuración inicial obtenida
[2025-10-21 19:47:00] [INFO] [main] [app] Scheduler diario habilitado: false | usuario config: undefined | usuario actual: 
[2025-10-21 19:47:00] [INFO] [main] [app] Scheduler semanal habilitado: false | usuario config: undefined | usuario actual: 
[2025-10-21 19:47:00] [INFO] [main] [app] Scheduler mensual habilitado: false | usuario config: undefined | usuario actual: 
[2025-10-21 19:47:00] [INFO] [main] [app] Scheduler diario habilitado: false | usuario config: undefined | usuario actual: 
[2025-10-21 19:47:00] [INFO] [main] [app] Scheduler semanal habilitado: false | usuario config: undefined | usuario actual: 
[2025-10-21 19:47:00] [INFO] [main] [app] Scheduler mensual habilitado: false | usuario config: undefined | usuario actual: 
[2025-10-21 19:47:01] [INFO] [main] [app] Scheduler diario habilitado: false | usuario config: undefined | usuario actual: 
[2025-10-21 19:47:01] [INFO] [main] [app] Scheduler semanal habilitado: false | usuario config: undefined | usuario actual: 
[2025-10-21 19:47:01] [INFO] [main] [app] Scheduler mensual habilitado: false | usuario config: undefined | usuario actual: 
[2025-10-21 19:47:01] [INFO] [main] [app] Scheduler diario habilitado: false | usuario config: undefined | usuario actual: 
[2025-10-21 19:47:01] [INFO] [main] [app] Scheduler semanal habilitado: false | usuario config: undefined | usuario actual: 
[2025-10-21 19:47:01] [INFO] [main] [app] Scheduler mensual habilitado: false | usuario config: undefined | usuario actual: 
[2025-10-21 19:47:43] [INFO] [preload] Inicializando preload.js
[2025-10-21 19:47:43] [ERROR] [setupWatcher] Archivo setup_config.json NO encontrado en: C:\Users\User\Documents\Personal\LockeritDesk\electron\preload\configFiles\setup_config.json
[2025-10-21 19:47:43] [INFO] [preload] Watcher iniciado: setup_config.json
[2025-10-21 19:47:43] [ERROR] [authWatcher] auth_key.json NO encontrado: C:\Users\User\Documents\Personal\LockeritDesk\electron\preload\configFiles\auth_key.json
[2025-10-21 19:47:43] [INFO] [preload] Watcher iniciado: auth_key.json
[2025-10-21 19:47:43] [ERROR] [loggerWatcher] Archivo logger_config.json NO encontrado en: C:\Users\User\Documents\Personal\LockeritDesk\electron\preload\configFiles\logger_config.json
[2025-10-21 19:47:43] [INFO] [preload] Watcher iniciado: logger_config.json
[2025-10-21 19:47:43] [ERROR] [envWatcher] Archivo .env NO encontrado en: C:\Users\User\Documents\Personal\LockeritDesk\electron\preload\configFiles\.env
[2025-10-21 19:47:43] [INFO] [preload] Watcher iniciado: .env
[2025-10-21 19:47:43] [INFO] [preload] API expuesta en window.electronAPI
[2025-10-21 20:04:36] [WARN] [main] C:\Users\User\Documents\Personal\LockeritDesk\electron\main\configFiles\setup_config.json no encontrado
[2025-10-21 20:04:36] [WARN] [main] C:\Users\User\Documents\Personal\LockeritDesk\electron\main\configFiles\auth_key.json no encontrado
[2025-10-21 20:04:36] [INFO] [main] [axiosConfig] API BaseURL Inicial: http://localhost:8080
[2025-10-21 20:04:36] [INFO] [main] [axiosConfig] API BaseTimeout Inicial: 30
[2025-10-21 20:04:36] [INFO] [main] get-screen-data-once -> 1920x1032 factor=0.96
[2025-10-21 20:04:36] [INFO] [main] [configStore] Configuración actualizada
[2025-10-21 20:04:36] [INFO] [main] [configStore] config_key.json inicial cargado exitosamente
[2025-10-21 20:04:36] [INFO] [main] [envStore] ENV inicial cargado correctamente
[2025-10-21 20:04:36] [INFO] [main] [envStore] ENV actualizado
[2025-10-21 20:04:36] [INFO] [main] [authStore] Auth actualizado
[2025-10-21 20:04:36] [WARN] [main] [axiosConfig] Token eliminado de headers
[2025-10-21 20:04:36] [INFO] [main] [authStore] auth_key.json inicial cargado exitosamente
[2025-10-21 20:04:36] [INFO] [main] [app] Scheduler diario habilitado: false | usuario config: undefined | usuario actual: 
[2025-10-21 20:04:36] [INFO] [main] [app] Scheduler semanal habilitado: false | usuario config: undefined | usuario actual: 
[2025-10-21 20:04:36] [INFO] [main] [app] Scheduler mensual habilitado: false | usuario config: undefined | usuario actual: 
[2025-10-21 20:04:36] [INFO] [main] [app] Scheduler diario habilitado: false | usuario config: undefined | usuario actual: 
[2025-10-21 20:04:36] [INFO] [main] [app] Scheduler semanal habilitado: false | usuario config: undefined | usuario actual: 
[2025-10-21 20:04:36] [INFO] [main] [app] Scheduler mensual habilitado: false | usuario config: undefined | usuario actual: 
[2025-10-21 20:04:36] [WARN] [main] C:\Users\User\Documents\Personal\LockeritDesk\electron\main\configFiles\setup_config.json no encontrado
[2025-10-21 20:04:36] [WARN] [main] C:\Users\User\Documents\Personal\LockeritDesk\electron\main\configFiles\setup_config.json no encontrado
[2025-10-21 20:04:36] [INFO] [main] [Copyright] Versión cargada: 1.1.0
[2025-10-21 20:04:36] [WARN] [main] C:\Users\User\Documents\Personal\LockeritDesk\electron\main\configFiles\setup_config.json no encontrado
[2025-10-21 20:04:36] [INFO] [main] [app] Componente App montado
[2025-10-21 20:04:36] [INFO] [main] [app] Versión cargada: 1.1.0
[2025-10-21 20:04:36] [WARN] [main] C:\Users\User\Documents\Personal\LockeritDesk\electron\main\configFiles\setup_config.json no encontrado
[2025-10-21 20:04:36] [WARN] [main] C:\Users\User\Documents\Personal\LockeritDesk\electron\main\configFiles\setup_config.json no encontrado
[2025-10-21 20:04:36] [INFO] [main] [Copyright] Versión cargada: 1.1.0
[2025-10-21 20:04:36] [WARN] [main] C:\Users\User\Documents\Personal\LockeritDesk\electron\main\configFiles\setup_config.json no encontrado
[2025-10-21 20:04:36] [INFO] [main] [app] Componente App montado
[2025-10-21 20:04:36] [INFO] [main] [app] Versión cargada: 1.1.0
[2025-10-21 20:04:36] [INFO] [main] [app] Scheduler diario habilitado: false | usuario config: undefined | usuario actual: 
[2025-10-21 20:04:36] [INFO] [main] [app] Scheduler semanal habilitado: false | usuario config: undefined | usuario actual: 
[2025-10-21 20:04:36] [INFO] [main] [app] Scheduler mensual habilitado: false | usuario config: undefined | usuario actual: 
[2025-10-21 20:04:36] [INFO] [main] [app] Scheduler diario habilitado: false | usuario config: undefined | usuario actual: 
[2025-10-21 20:04:36] [INFO] [main] [app] Scheduler semanal habilitado: false | usuario config: undefined | usuario actual: 
[2025-10-21 20:04:36] [INFO] [main] [app] Scheduler mensual habilitado: false | usuario config: undefined | usuario actual: 
[2025-10-21 20:04:36] [INFO] [main] [useConfig] Configuración inicial obtenida
[2025-10-21 20:04:36] [INFO] [main] [useConfig] Configuración inicial obtenida
[2025-10-21 20:04:36] [INFO] [main] [useConfig] Configuración inicial obtenida
[2025-10-21 20:04:36] [INFO] [main] [useConfig] Configuración inicial obtenida
[2025-10-21 20:04:36] [INFO] [main] [useConfig] Configuración inicial obtenida
[2025-10-21 20:04:36] [INFO] [main] [useConfig] Configuración inicial obtenida
[2025-10-21 20:04:36] [INFO] [main] [app] Scheduler diario habilitado: false | usuario config: undefined | usuario actual: 
[2025-10-21 20:04:36] [INFO] [main] [app] Scheduler semanal habilitado: false | usuario config: undefined | usuario actual: 
[2025-10-21 20:04:36] [INFO] [main] [app] Scheduler mensual habilitado: false | usuario config: undefined | usuario actual: 
[2025-10-21 20:04:36] [INFO] [main] [app] Scheduler diario habilitado: false | usuario config: undefined | usuario actual: 
[2025-10-21 20:04:36] [INFO] [main] [app] Scheduler semanal habilitado: false | usuario config: undefined | usuario actual: 
[2025-10-21 20:04:36] [INFO] [main] [app] Scheduler mensual habilitado: false | usuario config: undefined | usuario actual: 
[2025-10-21 20:04:39] [INFO] [preload] Inicializando preload.js
[2025-10-21 20:04:39] [ERROR] [setupWatcher] Archivo setup_config.json NO encontrado en: C:\Users\User\Documents\Personal\LockeritDesk\electron\preload\configFiles\setup_config.json
[2025-10-21 20:04:39] [INFO] [preload] Watcher iniciado: setup_config.json
[2025-10-21 20:04:39] [ERROR] [authWatcher] auth_key.json NO encontrado: C:\Users\User\Documents\Personal\LockeritDesk\electron\preload\configFiles\auth_key.json
[2025-10-21 20:04:39] [INFO] [preload] Watcher iniciado: auth_key.json
[2025-10-21 20:04:39] [ERROR] [loggerWatcher] Archivo logger_config.json NO encontrado en: C:\Users\User\Documents\Personal\LockeritDesk\electron\preload\configFiles\logger_config.json
[2025-10-21 20:04:39] [INFO] [preload] Watcher iniciado: logger_config.json
[2025-10-21 20:04:39] [ERROR] [envWatcher] Archivo .env NO encontrado en: C:\Users\User\Documents\Personal\LockeritDesk\electron\preload\configFiles\.env
[2025-10-21 20:04:39] [INFO] [preload] Watcher iniciado: .env
[2025-10-21 20:04:39] [INFO] [preload] API expuesta en window.electronAPI
[2025-10-21 20:04:39] [WARN] [main] C:\Users\User\Documents\Personal\LockeritDesk\electron\main\configFiles\setup_config.json no encontrado
[2025-10-21 20:04:39] [WARN] [main] C:\Users\User\Documents\Personal\LockeritDesk\electron\main\configFiles\auth_key.json no encontrado
[2025-10-21 20:04:39] [INFO] [main] [axiosConfig] API BaseURL Inicial: http://localhost:8080
[2025-10-21 20:04:39] [INFO] [main] [axiosConfig] API BaseTimeout Inicial: 30
[2025-10-21 20:04:39] [INFO] [main] [configStore] Configuración actualizada
[2025-10-21 20:04:39] [INFO] [main] [configStore] config_key.json inicial cargado exitosamente
[2025-10-21 20:04:39] [INFO] [main] [envStore] ENV inicial cargado correctamente
[2025-10-21 20:04:39] [INFO] [main] [envStore] ENV actualizado
[2025-10-21 20:04:39] [INFO] [main] [authStore] Auth actualizado
[2025-10-21 20:04:39] [WARN] [main] [axiosConfig] Token eliminado de headers
[2025-10-21 20:04:39] [INFO] [main] [authStore] auth_key.json inicial cargado exitosamente
[2025-10-21 20:04:40] [INFO] [main] get-screen-data-once -> 1920x1032 factor=0.96
[2025-10-21 20:04:40] [INFO] [main] [app] Scheduler diario habilitado: false | usuario config: undefined | usuario actual: 
[2025-10-21 20:04:40] [INFO] [main] [app] Scheduler semanal habilitado: false | usuario config: undefined | usuario actual: 
[2025-10-21 20:04:40] [INFO] [main] [app] Scheduler mensual habilitado: false | usuario config: undefined | usuario actual: 
[2025-10-21 20:04:40] [INFO] [main] [app] Scheduler diario habilitado: false | usuario config: undefined | usuario actual: 
[2025-10-21 20:04:40] [INFO] [main] [app] Scheduler semanal habilitado: false | usuario config: undefined | usuario actual: 
[2025-10-21 20:04:40] [INFO] [main] [app] Scheduler mensual habilitado: false | usuario config: undefined | usuario actual: 
[2025-10-21 20:04:40] [WARN] [main] C:\Users\User\Documents\Personal\LockeritDesk\electron\main\configFiles\setup_config.json no encontrado
[2025-10-21 20:04:40] [WARN] [main] C:\Users\User\Documents\Personal\LockeritDesk\electron\main\configFiles\setup_config.json no encontrado
[2025-10-21 20:04:40] [INFO] [main] [Copyright] Versión cargada: 1.1.0
[2025-10-21 20:04:40] [WARN] [main] C:\Users\User\Documents\Personal\LockeritDesk\electron\main\configFiles\setup_config.json no encontrado
[2025-10-21 20:04:40] [INFO] [main] [app] Componente App montado
[2025-10-21 20:04:40] [INFO] [main] [app] Versión cargada: 1.1.0
[2025-10-21 20:04:40] [WARN] [main] C:\Users\User\Documents\Personal\LockeritDesk\electron\main\configFiles\setup_config.json no encontrado
[2025-10-21 20:04:40] [WARN] [main] C:\Users\User\Documents\Personal\LockeritDesk\electron\main\configFiles\setup_config.json no encontrado
[2025-10-21 20:04:40] [INFO] [main] [Copyright] Versión cargada: 1.1.0
[2025-10-21 20:04:40] [WARN] [main] C:\Users\User\Documents\Personal\LockeritDesk\electron\main\configFiles\setup_config.json no encontrado
[2025-10-21 20:04:40] [INFO] [main] [app] Componente App montado
[2025-10-21 20:04:40] [INFO] [main] [app] Versión cargada: 1.1.0
[2025-10-21 20:04:40] [INFO] [main] [app] Scheduler diario habilitado: false | usuario config: undefined | usuario actual: 
[2025-10-21 20:04:40] [INFO] [main] [app] Scheduler semanal habilitado: false | usuario config: undefined | usuario actual: 
[2025-10-21 20:04:40] [INFO] [main] [app] Scheduler mensual habilitado: false | usuario config: undefined | usuario actual: 
[2025-10-21 20:04:40] [INFO] [main] [app] Scheduler diario habilitado: false | usuario config: undefined | usuario actual: 
[2025-10-21 20:04:40] [INFO] [main] [app] Scheduler semanal habilitado: false | usuario config: undefined | usuario actual: 
[2025-10-21 20:04:40] [INFO] [main] [app] Scheduler mensual habilitado: false | usuario config: undefined | usuario actual: 
[2025-10-21 20:04:40] [INFO] [main] [useConfig] Configuración inicial obtenida
[2025-10-21 20:04:40] [INFO] [main] [useConfig] Configuración inicial obtenida
[2025-10-21 20:04:40] [INFO] [main] [useConfig] Configuración inicial obtenida
[2025-10-21 20:04:40] [INFO] [main] [useConfig] Configuración inicial obtenida
[2025-10-21 20:04:40] [INFO] [main] [useConfig] Configuración inicial obtenida
[2025-10-21 20:04:40] [INFO] [main] [useConfig] Configuración inicial obtenida
[2025-10-21 20:04:40] [INFO] [main] [app] Scheduler diario habilitado: false | usuario config: undefined | usuario actual: 
[2025-10-21 20:04:40] [INFO] [main] [app] Scheduler semanal habilitado: false | usuario config: undefined | usuario actual: 
[2025-10-21 20:04:40] [INFO] [main] [app] Scheduler mensual habilitado: false | usuario config: undefined | usuario actual: 
[2025-10-21 20:04:40] [INFO] [main] [app] Scheduler diario habilitado: false | usuario config: undefined | usuario actual: 
[2025-10-21 20:04:40] [INFO] [main] [app] Scheduler semanal habilitado: false | usuario config: undefined | usuario actual: 
[2025-10-21 20:04:40] [INFO] [main] [app] Scheduler mensual habilitado: false | usuario config: undefined | usuario actual: 
[2025-10-21 20:04:46] [INFO] [main] [app] Scheduler diario habilitado: false | usuario config: undefined | usuario actual: 
[2025-10-21 20:04:46] [INFO] [main] [app] Scheduler semanal habilitado: false | usuario config: undefined | usuario actual: 
[2025-10-21 20:04:46] [INFO] [main] [app] Scheduler mensual habilitado: false | usuario config: undefined | usuario actual: 
[2025-10-21 20:04:46] [INFO] [main] [app] Scheduler diario habilitado: false | usuario config: undefined | usuario actual: 
[2025-10-21 20:04:46] [INFO] [main] [app] Scheduler semanal habilitado: false | usuario config: undefined | usuario actual: 
[2025-10-21 20:04:46] [INFO] [main] [app] Scheduler mensual habilitado: false | usuario config: undefined | usuario actual: 
[2025-10-21 20:12:11] [INFO] [main] Iniciando aplicación Electron
[2025-10-21 20:12:11] [WARN] [main] .env NO encontrado en: C:\Users\User\Documents\Personal\LockeritDesk\electron\main\configFiles\.env
[2025-10-21 20:12:11] [INFO] [main] App lista, creando ventana...
[2025-10-21 20:12:11] [INFO] [main] Creando ventana principal...
[2025-10-21 20:12:11] [INFO] [main] Cargando URL: http://localhost:5173
[2025-10-21 20:12:12] [INFO] [main] Recibido config actualizado
[2025-10-21 20:12:12] [INFO] [main] Recibido auth actualizado
[2025-10-21 20:12:12] [INFO] [main] Recibido logger actualizado
[2025-10-21 20:12:12] [INFO] [main] Recibido env actualizado
[2025-10-21 20:12:12] [INFO] [preload] Inicializando preload.js
[2025-10-21 20:12:12] [INFO] [setupWatcher] Observando archivo setup_config.json en: C:\Users\User\Documents\Personal\LockeritDesk\configFiles\setup_config.json
[2025-10-21 20:12:12] [INFO] [setupWatcher] Archivo setup_config.json cargado correctamente
[2025-10-21 20:12:12] [INFO] [authWatcher] Observando archivo auth_key.json en: C:\Users\User\Documents\Personal\LockeritDesk\configFiles\auth_key.json
[2025-10-21 20:12:12] [INFO] [authWatcher] auth_key.json actualizado correctamente
[2025-10-21 20:12:12] [INFO] [loggerWatcher] Observando archivo logger_config.json en: C:\Users\User\Documents\Personal\LockeritDesk\configFiles\logger_config.json
[2025-10-21 20:12:12] [INFO] [loggerWatcher] Archivo logger_config.json cargado correctamente
[2025-10-21 20:12:12] [INFO] [envWatcher] Observando archivo .env en: C:\Users\User\Documents\Personal\LockeritDesk\configFiles\.env
[2025-10-21 20:12:12] [INFO] [envWatcher] Archivo .env cargado correctamente
[2025-10-21 20:12:12] [INFO] [preload] API expuesta en window.electronAPI
[2025-10-21 20:12:12] [WARN] [main] C:\Users\User\Documents\Personal\LockeritDesk\electron\main\configFiles\setup_config.json no encontrado
[2025-10-21 20:12:12] [WARN] [main] C:\Users\User\Documents\Personal\LockeritDesk\electron\main\configFiles\auth_key.json no encontrado
[2025-10-21 20:12:12] [INFO] [main] [axiosConfig] API BaseURL Inicial: http://localhost:8080
[2025-10-21 20:12:12] [INFO] [main] [axiosConfig] API BaseTimeout Inicial: 30
[2025-10-21 20:12:12] [INFO] [main] [configStore] Configuración actualizada
[2025-10-21 20:12:12] [INFO] [main] [configStore] config_key.json inicial cargado exitosamente
[2025-10-21 20:12:12] [INFO] [main] [envStore] ENV inicial cargado correctamente
[2025-10-21 20:12:12] [INFO] [main] [envStore] ENV actualizado
[2025-10-21 20:12:12] [INFO] [main] [authStore] Auth actualizado
[2025-10-21 20:12:12] [WARN] [main] [axiosConfig] Token eliminado de headers
[2025-10-21 20:12:12] [INFO] [main] [authStore] auth_key.json inicial cargado exitosamente
[2025-10-21 20:12:12] [INFO] [main] CSP cambió, enviando al renderer
[2025-10-21 20:12:13] [INFO] [main] get-screen-data-once -> 1920x1032 factor=0.96
[2025-10-21 20:12:13] [INFO] [main] [app] Scheduler diario habilitado: false | usuario config: undefined | usuario actual: 
[2025-10-21 20:12:13] [INFO] [main] [app] Scheduler semanal habilitado: false | usuario config: undefined | usuario actual: 
[2025-10-21 20:12:13] [INFO] [main] [app] Scheduler mensual habilitado: false | usuario config: undefined | usuario actual: 
[2025-10-21 20:12:13] [INFO] [main] [app] Scheduler diario habilitado: false | usuario config: undefined | usuario actual: 
[2025-10-21 20:12:13] [INFO] [main] [app] Scheduler semanal habilitado: false | usuario config: undefined | usuario actual: 
[2025-10-21 20:12:13] [INFO] [main] [app] Scheduler mensual habilitado: false | usuario config: undefined | usuario actual: 
[2025-10-21 20:12:13] [WARN] [main] C:\Users\User\Documents\Personal\LockeritDesk\electron\main\configFiles\setup_config.json no encontrado
[2025-10-21 20:12:13] [WARN] [main] C:\Users\User\Documents\Personal\LockeritDesk\electron\main\configFiles\setup_config.json no encontrado
[2025-10-21 20:12:13] [INFO] [main] [Copyright] Versión cargada: 1.1.0
[2025-10-21 20:12:13] [WARN] [main] C:\Users\User\Documents\Personal\LockeritDesk\electron\main\configFiles\setup_config.json no encontrado
[2025-10-21 20:12:13] [INFO] [main] [app] Componente App montado
[2025-10-21 20:12:13] [INFO] [main] [app] Versión cargada: 1.1.0
[2025-10-21 20:12:13] [WARN] [main] C:\Users\User\Documents\Personal\LockeritDesk\electron\main\configFiles\setup_config.json no encontrado
[2025-10-21 20:12:13] [WARN] [main] C:\Users\User\Documents\Personal\LockeritDesk\electron\main\configFiles\setup_config.json no encontrado
[2025-10-21 20:12:13] [INFO] [main] [Copyright] Versión cargada: 1.1.0
[2025-10-21 20:12:13] [WARN] [main] C:\Users\User\Documents\Personal\LockeritDesk\electron\main\configFiles\setup_config.json no encontrado
[2025-10-21 20:12:13] [INFO] [main] [app] Componente App montado
[2025-10-21 20:12:13] [INFO] [main] [app] Versión cargada: 1.1.0
[2025-10-21 20:12:13] [INFO] [main] [app] Scheduler diario habilitado: false | usuario config: undefined | usuario actual: 
[2025-10-21 20:12:13] [INFO] [main] [app] Scheduler semanal habilitado: false | usuario config: undefined | usuario actual: 
[2025-10-21 20:12:13] [INFO] [main] [app] Scheduler mensual habilitado: false | usuario config: undefined | usuario actual: 
[2025-10-21 20:12:13] [INFO] [main] [app] Scheduler diario habilitado: false | usuario config: undefined | usuario actual: 
[2025-10-21 20:12:13] [INFO] [main] [app] Scheduler semanal habilitado: false | usuario config: undefined | usuario actual: 
[2025-10-21 20:12:13] [INFO] [main] [app] Scheduler mensual habilitado: false | usuario config: undefined | usuario actual: 
[2025-10-21 20:12:13] [INFO] [main] [useConfig] Configuración inicial obtenida
[2025-10-21 20:12:13] [INFO] [main] [useConfig] Configuración inicial obtenida
[2025-10-21 20:12:13] [INFO] [main] [useConfig] Configuración inicial obtenida
[2025-10-21 20:12:13] [INFO] [main] [useConfig] Configuración inicial obtenida
[2025-10-21 20:12:13] [INFO] [main] [useConfig] Configuración inicial obtenida
[2025-10-21 20:12:13] [INFO] [main] [useConfig] Configuración inicial obtenida
[2025-10-21 20:12:13] [INFO] [main] [app] Scheduler diario habilitado: false | usuario config: undefined | usuario actual: 
[2025-10-21 20:12:13] [INFO] [main] [app] Scheduler semanal habilitado: false | usuario config: undefined | usuario actual: 
[2025-10-21 20:12:13] [INFO] [main] [app] Scheduler mensual habilitado: false | usuario config: undefined | usuario actual: 
[2025-10-21 20:12:13] [INFO] [main] [app] Scheduler diario habilitado: false | usuario config: undefined | usuario actual: 
[2025-10-21 20:12:13] [INFO] [main] [app] Scheduler semanal habilitado: false | usuario config: undefined | usuario actual: 
[2025-10-21 20:12:13] [INFO] [main] [app] Scheduler mensual habilitado: false | usuario config: undefined | usuario actual: 
[2025-10-21 20:12:14] [INFO] [main] [app] Scheduler diario habilitado: false | usuario config: undefined | usuario actual: 
[2025-10-21 20:12:14] [INFO] [main] [app] Scheduler semanal habilitado: false | usuario config: undefined | usuario actual: 
[2025-10-21 20:12:14] [INFO] [main] [app] Scheduler mensual habilitado: false | usuario config: undefined | usuario actual: 
[2025-10-21 20:12:14] [INFO] [main] [app] Scheduler diario habilitado: false | usuario config: undefined | usuario actual: 
[2025-10-21 20:12:14] [INFO] [main] [app] Scheduler semanal habilitado: false | usuario config: undefined | usuario actual: 
[2025-10-21 20:12:14] [INFO] [main] [app] Scheduler mensual habilitado: false | usuario config: undefined | usuario actual: 
[2025-10-21 20:12:14] [INFO] [main] [app] Scheduler diario habilitado: false | usuario config: undefined | usuario actual: 
[2025-10-21 20:12:14] [INFO] [main] [app] Scheduler semanal habilitado: false | usuario config: undefined | usuario actual: 
[2025-10-21 20:12:14] [INFO] [main] [app] Scheduler mensual habilitado: false | usuario config: undefined | usuario actual: 
[2025-10-21 20:12:14] [INFO] [main] [app] Scheduler diario habilitado: false | usuario config: undefined | usuario actual: 
[2025-10-21 20:12:14] [INFO] [main] [app] Scheduler semanal habilitado: false | usuario config: undefined | usuario actual: 
[2025-10-21 20:12:14] [INFO] [main] [app] Scheduler mensual habilitado: false | usuario config: undefined | usuario actual: 
[2025-10-21 20:12:14] [WARN] [main] C:\Users\User\Documents\Personal\LockeritDesk\electron\main\configFiles\setup_config.json no encontrado
[2025-10-21 20:12:14] [WARN] [main] C:\Users\User\Documents\Personal\LockeritDesk\electron\main\configFiles\setup_config.json no encontrado
[2025-10-21 20:12:14] [INFO] [main] [Copyright] Versión cargada: 1.1.0
[2025-10-21 20:12:14] [WARN] [main] C:\Users\User\Documents\Personal\LockeritDesk\electron\main\configFiles\setup_config.json no encontrado
[2025-10-21 20:12:14] [INFO] [main] [app] Componente App montado
[2025-10-21 20:12:14] [INFO] [main] [app] Versión cargada: 1.1.0
[2025-10-21 20:12:14] [WARN] [main] C:\Users\User\Documents\Personal\LockeritDesk\electron\main\configFiles\setup_config.json no encontrado
[2025-10-21 20:12:14] [WARN] [main] C:\Users\User\Documents\Personal\LockeritDesk\electron\main\configFiles\setup_config.json no encontrado
[2025-10-21 20:12:14] [INFO] [main] [Copyright] Versión cargada: 1.1.0
[2025-10-21 20:12:14] [WARN] [main] C:\Users\User\Documents\Personal\LockeritDesk\electron\main\configFiles\setup_config.json no encontrado
[2025-10-21 20:12:14] [INFO] [main] [app] Componente App montado
[2025-10-21 20:12:14] [INFO] [main] [app] Versión cargada: 1.1.0
[2025-10-21 20:12:14] [INFO] [main] [app] Scheduler diario habilitado: false | usuario config: undefined | usuario actual: 
[2025-10-21 20:12:14] [INFO] [main] [app] Scheduler semanal habilitado: false | usuario config: undefined | usuario actual: 
[2025-10-21 20:12:14] [INFO] [main] [app] Scheduler mensual habilitado: false | usuario config: undefined | usuario actual: 
[2025-10-21 20:12:14] [INFO] [main] [app] Scheduler diario habilitado: false | usuario config: undefined | usuario actual: 
[2025-10-21 20:12:14] [INFO] [main] [app] Scheduler semanal habilitado: false | usuario config: undefined | usuario actual: 
[2025-10-21 20:12:14] [INFO] [main] [app] Scheduler mensual habilitado: false | usuario config: undefined | usuario actual: 
[2025-10-21 20:12:14] [INFO] [main] [useConfig] Configuración inicial obtenida
[2025-10-21 20:12:14] [INFO] [main] [useConfig] Configuración inicial obtenida
[2025-10-21 20:12:14] [INFO] [main] [useConfig] Configuración inicial obtenida
[2025-10-21 20:12:14] [INFO] [main] [useConfig] Configuración inicial obtenida
[2025-10-21 20:12:14] [INFO] [main] [useConfig] Configuración inicial obtenida
[2025-10-21 20:12:14] [INFO] [main] [useConfig] Configuración inicial obtenida
[2025-10-21 20:12:14] [INFO] [main] [app] Scheduler diario habilitado: false | usuario config: undefined | usuario actual: 
[2025-10-21 20:12:14] [INFO] [main] [app] Scheduler semanal habilitado: false | usuario config: undefined | usuario actual: 
[2025-10-21 20:12:14] [INFO] [main] [app] Scheduler mensual habilitado: false | usuario config: undefined | usuario actual: 
[2025-10-21 20:12:14] [INFO] [main] [app] Scheduler diario habilitado: false | usuario config: undefined | usuario actual: 
[2025-10-21 20:12:14] [INFO] [main] [app] Scheduler semanal habilitado: false | usuario config: undefined | usuario actual: 
[2025-10-21 20:12:14] [INFO] [main] [app] Scheduler mensual habilitado: false | usuario config: undefined | usuario actual: 
[2025-10-21 20:12:15] [INFO] [main] [app] Scheduler diario habilitado: false | usuario config: undefined | usuario actual: 
[2025-10-21 20:12:15] [INFO] [main] [app] Scheduler semanal habilitado: false | usuario config: undefined | usuario actual: 
[2025-10-21 20:12:15] [INFO] [main] [app] Scheduler mensual habilitado: false | usuario config: undefined | usuario actual: 
[2025-10-21 20:12:15] [INFO] [main] [app] Scheduler diario habilitado: false | usuario config: undefined | usuario actual: 
[2025-10-21 20:12:15] [INFO] [main] [app] Scheduler semanal habilitado: false | usuario config: undefined | usuario actual: 
[2025-10-21 20:12:15] [INFO] [main] [app] Scheduler mensual habilitado: false | usuario config: undefined | usuario actual: 
[2025-10-21 20:12:34] [INFO] [main] Iniciando aplicación Electron
[2025-10-21 20:12:34] [WARN] [main] .env NO encontrado en: C:\Users\User\Documents\Personal\LockeritDesk\electron\main\configFiles\.env
[2025-10-21 20:12:34] [INFO] [main] App lista, creando ventana...
[2025-10-21 20:12:34] [INFO] [main] Creando ventana principal...
[2025-10-21 20:12:34] [INFO] [main] Cargando URL: http://localhost:5173
[2025-10-21 20:12:35] [INFO] [main] Recibido config actualizado
[2025-10-21 20:12:35] [INFO] [main] Recibido auth actualizado
[2025-10-21 20:12:35] [INFO] [main] Recibido logger actualizado
[2025-10-21 20:12:35] [INFO] [main] Recibido env actualizado
[2025-10-21 20:12:35] [INFO] [preload] Inicializando preload.js
[2025-10-21 20:12:35] [INFO] [setupWatcher] Observando archivo setup_config.json en: C:\Users\User\Documents\Personal\LockeritDesk\configFiles\setup_config.json
[2025-10-21 20:12:35] [INFO] [setupWatcher] Archivo setup_config.json cargado correctamente
[2025-10-21 20:12:35] [INFO] [authWatcher] Observando archivo auth_key.json en: C:\Users\User\Documents\Personal\LockeritDesk\configFiles\auth_key.json
[2025-10-21 20:12:35] [INFO] [authWatcher] auth_key.json actualizado correctamente
[2025-10-21 20:12:35] [INFO] [loggerWatcher] Observando archivo logger_config.json en: C:\Users\User\Documents\Personal\LockeritDesk\configFiles\logger_config.json
[2025-10-21 20:12:35] [INFO] [loggerWatcher] Archivo logger_config.json cargado correctamente
[2025-10-21 20:12:35] [INFO] [envWatcher] Observando archivo .env en: C:\Users\User\Documents\Personal\LockeritDesk\configFiles\.env
[2025-10-21 20:12:35] [INFO] [envWatcher] Archivo .env cargado correctamente
[2025-10-21 20:12:35] [INFO] [preload] API expuesta en window.electronAPI
[2025-10-21 20:12:36] [WARN] [main] C:\Users\User\Documents\Personal\LockeritDesk\electron\main\configFiles\setup_config.json no encontrado
[2025-10-21 20:12:36] [WARN] [main] C:\Users\User\Documents\Personal\LockeritDesk\electron\main\configFiles\auth_key.json no encontrado
[2025-10-21 20:12:36] [INFO] [main] [axiosConfig] API BaseURL Inicial: http://localhost:8080
[2025-10-21 20:12:36] [INFO] [main] [axiosConfig] API BaseTimeout Inicial: 30
[2025-10-21 20:12:36] [INFO] [main] [configStore] Configuración actualizada
[2025-10-21 20:12:36] [INFO] [main] [configStore] config_key.json inicial cargado exitosamente
[2025-10-21 20:12:36] [INFO] [main] [envStore] ENV inicial cargado correctamente
[2025-10-21 20:12:36] [INFO] [main] [envStore] ENV actualizado
[2025-10-21 20:12:36] [INFO] [main] [authStore] Auth actualizado
[2025-10-21 20:12:36] [WARN] [main] [axiosConfig] Token eliminado de headers
[2025-10-21 20:12:36] [INFO] [main] [authStore] auth_key.json inicial cargado exitosamente
[2025-10-21 20:12:36] [INFO] [main] CSP cambió, enviando al renderer
[2025-10-21 20:12:36] [INFO] [main] get-screen-data-once -> 1920x1032 factor=0.96
[2025-10-21 20:12:36] [INFO] [main] [app] Scheduler diario habilitado: false | usuario config: undefined | usuario actual: 
[2025-10-21 20:12:36] [INFO] [main] [app] Scheduler semanal habilitado: false | usuario config: undefined | usuario actual: 
[2025-10-21 20:12:36] [INFO] [main] [app] Scheduler mensual habilitado: false | usuario config: undefined | usuario actual: 
[2025-10-21 20:12:36] [INFO] [main] [app] Scheduler diario habilitado: false | usuario config: undefined | usuario actual: 
[2025-10-21 20:12:36] [INFO] [main] [app] Scheduler semanal habilitado: false | usuario config: undefined | usuario actual: 
[2025-10-21 20:12:36] [INFO] [main] [app] Scheduler mensual habilitado: false | usuario config: undefined | usuario actual: 
[2025-10-21 20:12:36] [WARN] [main] C:\Users\User\Documents\Personal\LockeritDesk\electron\main\configFiles\setup_config.json no encontrado
[2025-10-21 20:12:36] [WARN] [main] C:\Users\User\Documents\Personal\LockeritDesk\electron\main\configFiles\setup_config.json no encontrado
[2025-10-21 20:12:36] [INFO] [main] [Copyright] Versión cargada: 1.1.0
[2025-10-21 20:12:36] [WARN] [main] C:\Users\User\Documents\Personal\LockeritDesk\electron\main\configFiles\setup_config.json no encontrado
[2025-10-21 20:12:36] [INFO] [main] [app] Componente App montado
[2025-10-21 20:12:36] [INFO] [main] [app] Versión cargada: 1.1.0
[2025-10-21 20:12:36] [WARN] [main] C:\Users\User\Documents\Personal\LockeritDesk\electron\main\configFiles\setup_config.json no encontrado
[2025-10-21 20:12:36] [WARN] [main] C:\Users\User\Documents\Personal\LockeritDesk\electron\main\configFiles\setup_config.json no encontrado
[2025-10-21 20:12:36] [INFO] [main] [Copyright] Versión cargada: 1.1.0
[2025-10-21 20:12:36] [WARN] [main] C:\Users\User\Documents\Personal\LockeritDesk\electron\main\configFiles\setup_config.json no encontrado
[2025-10-21 20:12:36] [INFO] [main] [app] Componente App montado
[2025-10-21 20:12:36] [INFO] [main] [app] Versión cargada: 1.1.0
[2025-10-21 20:12:36] [INFO] [main] [app] Scheduler diario habilitado: false | usuario config: undefined | usuario actual: 
[2025-10-21 20:12:36] [INFO] [main] [app] Scheduler semanal habilitado: false | usuario config: undefined | usuario actual: 
[2025-10-21 20:12:36] [INFO] [main] [app] Scheduler mensual habilitado: false | usuario config: undefined | usuario actual: 
[2025-10-21 20:12:36] [INFO] [main] [app] Scheduler diario habilitado: false | usuario config: undefined | usuario actual: 
[2025-10-21 20:12:36] [INFO] [main] [app] Scheduler semanal habilitado: false | usuario config: undefined | usuario actual: 
[2025-10-21 20:12:36] [INFO] [main] [app] Scheduler mensual habilitado: false | usuario config: undefined | usuario actual: 
[2025-10-21 20:12:36] [INFO] [main] [useConfig] Configuración inicial obtenida
[2025-10-21 20:12:36] [INFO] [main] [useConfig] Configuración inicial obtenida
[2025-10-21 20:12:36] [INFO] [main] [useConfig] Configuración inicial obtenida
[2025-10-21 20:12:36] [INFO] [main] [useConfig] Configuración inicial obtenida
[2025-10-21 20:12:36] [INFO] [main] [useConfig] Configuración inicial obtenida
[2025-10-21 20:12:36] [INFO] [main] [useConfig] Configuración inicial obtenida
[2025-10-21 20:12:36] [INFO] [main] [app] Scheduler diario habilitado: false | usuario config: undefined | usuario actual: 
[2025-10-21 20:12:36] [INFO] [main] [app] Scheduler semanal habilitado: false | usuario config: undefined | usuario actual: 
[2025-10-21 20:12:36] [INFO] [main] [app] Scheduler mensual habilitado: false | usuario config: undefined | usuario actual: 
[2025-10-21 20:12:36] [INFO] [main] [app] Scheduler diario habilitado: false | usuario config: undefined | usuario actual: 
[2025-10-21 20:12:36] [INFO] [main] [app] Scheduler semanal habilitado: false | usuario config: undefined | usuario actual: 
[2025-10-21 20:12:36] [INFO] [main] [app] Scheduler mensual habilitado: false | usuario config: undefined | usuario actual: 
[2025-10-21 20:12:37] [INFO] [main] [app] Scheduler diario habilitado: false | usuario config: undefined | usuario actual: 
[2025-10-21 20:12:37] [INFO] [main] [app] Scheduler semanal habilitado: false | usuario config: undefined | usuario actual: 
[2025-10-21 20:12:37] [INFO] [main] [app] Scheduler mensual habilitado: false | usuario config: undefined | usuario actual: 
[2025-10-21 20:12:37] [INFO] [main] [app] Scheduler diario habilitado: false | usuario config: undefined | usuario actual: 
[2025-10-21 20:12:37] [INFO] [main] [app] Scheduler semanal habilitado: false | usuario config: undefined | usuario actual: 
[2025-10-21 20:12:37] [INFO] [main] [app] Scheduler mensual habilitado: false | usuario config: undefined | usuario actual: 
[2025-10-21 20:12:37] [INFO] [main] [app] Scheduler diario habilitado: false | usuario config: undefined | usuario actual: 
[2025-10-21 20:12:37] [INFO] [main] [app] Scheduler semanal habilitado: false | usuario config: undefined | usuario actual: 
[2025-10-21 20:12:37] [INFO] [main] [app] Scheduler mensual habilitado: false | usuario config: undefined | usuario actual: 
[2025-10-21 20:12:37] [INFO] [main] [app] Scheduler diario habilitado: false | usuario config: undefined | usuario actual: 
[2025-10-21 20:12:37] [INFO] [main] [app] Scheduler semanal habilitado: false | usuario config: undefined | usuario actual: 
[2025-10-21 20:12:37] [INFO] [main] [app] Scheduler mensual habilitado: false | usuario config: undefined | usuario actual: 
[2025-10-21 20:12:37] [WARN] [main] C:\Users\User\Documents\Personal\LockeritDesk\electron\main\configFiles\setup_config.json no encontrado
[2025-10-21 20:12:37] [WARN] [main] C:\Users\User\Documents\Personal\LockeritDesk\electron\main\configFiles\setup_config.json no encontrado
[2025-10-21 20:12:37] [INFO] [main] [Copyright] Versión cargada: 1.1.0
[2025-10-21 20:12:37] [WARN] [main] C:\Users\User\Documents\Personal\LockeritDesk\electron\main\configFiles\setup_config.json no encontrado
[2025-10-21 20:12:37] [INFO] [main] [app] Componente App montado
[2025-10-21 20:12:37] [INFO] [main] [app] Versión cargada: 1.1.0
[2025-10-21 20:12:37] [WARN] [main] C:\Users\User\Documents\Personal\LockeritDesk\electron\main\configFiles\setup_config.json no encontrado
[2025-10-21 20:12:37] [WARN] [main] C:\Users\User\Documents\Personal\LockeritDesk\electron\main\configFiles\setup_config.json no encontrado
[2025-10-21 20:12:37] [INFO] [main] [Copyright] Versión cargada: 1.1.0
[2025-10-21 20:12:37] [WARN] [main] C:\Users\User\Documents\Personal\LockeritDesk\electron\main\configFiles\setup_config.json no encontrado
[2025-10-21 20:12:37] [INFO] [main] [app] Componente App montado
[2025-10-21 20:12:37] [INFO] [main] [app] Versión cargada: 1.1.0
[2025-10-21 20:12:37] [INFO] [main] [app] Scheduler diario habilitado: false | usuario config: undefined | usuario actual: 
[2025-10-21 20:12:37] [INFO] [main] [app] Scheduler semanal habilitado: false | usuario config: undefined | usuario actual: 
[2025-10-21 20:12:37] [INFO] [main] [app] Scheduler mensual habilitado: false | usuario config: undefined | usuario actual: 
[2025-10-21 20:12:37] [INFO] [main] [app] Scheduler diario habilitado: false | usuario config: undefined | usuario actual: 
[2025-10-21 20:12:37] [INFO] [main] [app] Scheduler semanal habilitado: false | usuario config: undefined | usuario actual: 
[2025-10-21 20:12:37] [INFO] [main] [app] Scheduler mensual habilitado: false | usuario config: undefined | usuario actual: 
[2025-10-21 20:12:37] [INFO] [main] [useConfig] Configuración inicial obtenida
[2025-10-21 20:12:37] [INFO] [main] [useConfig] Configuración inicial obtenida
[2025-10-21 20:12:37] [INFO] [main] [useConfig] Configuración inicial obtenida
[2025-10-21 20:12:37] [INFO] [main] [useConfig] Configuración inicial obtenida
[2025-10-21 20:12:37] [INFO] [main] [useConfig] Configuración inicial obtenida
[2025-10-21 20:12:37] [INFO] [main] [useConfig] Configuración inicial obtenida
[2025-10-21 20:12:37] [INFO] [main] [app] Scheduler diario habilitado: false | usuario config: undefined | usuario actual: 
[2025-10-21 20:12:37] [INFO] [main] [app] Scheduler semanal habilitado: false | usuario config: undefined | usuario actual: 
[2025-10-21 20:12:37] [INFO] [main] [app] Scheduler mensual habilitado: false | usuario config: undefined | usuario actual: 
[2025-10-21 20:12:37] [INFO] [main] [app] Scheduler diario habilitado: false | usuario config: undefined | usuario actual: 
[2025-10-21 20:12:37] [INFO] [main] [app] Scheduler semanal habilitado: false | usuario config: undefined | usuario actual: 
[2025-10-21 20:12:37] [INFO] [main] [app] Scheduler mensual habilitado: false | usuario config: undefined | usuario actual: 
[2025-10-21 20:12:38] [INFO] [main] [app] Scheduler diario habilitado: false | usuario config: undefined | usuario actual: 
[2025-10-21 20:12:38] [INFO] [main] [app] Scheduler semanal habilitado: false | usuario config: undefined | usuario actual: 
[2025-10-21 20:12:38] [INFO] [main] [app] Scheduler mensual habilitado: false | usuario config: undefined | usuario actual: 
[2025-10-21 20:12:38] [INFO] [main] [app] Scheduler diario habilitado: false | usuario config: undefined | usuario actual: 
[2025-10-21 20:12:38] [INFO] [main] [app] Scheduler semanal habilitado: false | usuario config: undefined | usuario actual: 
[2025-10-21 20:12:38] [INFO] [main] [app] Scheduler mensual habilitado: false | usuario config: undefined | usuario actual: 
[2025-10-21 20:13:24] [INFO] [main] [app] Scheduler diario habilitado: false | usuario config: undefined | usuario actual: 
[2025-10-21 20:13:24] [INFO] [main] [app] Scheduler semanal habilitado: false | usuario config: undefined | usuario actual: 
[2025-10-21 20:13:24] [INFO] [main] [app] Scheduler mensual habilitado: false | usuario config: undefined | usuario actual: 
[2025-10-21 20:13:24] [INFO] [main] [app] Scheduler diario habilitado: false | usuario config: undefined | usuario actual: 
[2025-10-21 20:13:24] [INFO] [main] [app] Scheduler semanal habilitado: false | usuario config: undefined | usuario actual: 
[2025-10-21 20:13:24] [INFO] [main] [app] Scheduler mensual habilitado: false | usuario config: undefined | usuario actual: 
[2025-10-21 20:13:25] [INFO] [main] [app] Scheduler diario habilitado: false | usuario config: undefined | usuario actual: 
[2025-10-21 20:13:25] [INFO] [main] [app] Scheduler semanal habilitado: false | usuario config: undefined | usuario actual: 
[2025-10-21 20:13:25] [INFO] [main] [app] Scheduler mensual habilitado: false | usuario config: undefined | usuario actual: 
[2025-10-21 20:13:25] [INFO] [main] [app] Scheduler diario habilitado: false | usuario config: undefined | usuario actual: 
[2025-10-21 20:13:25] [INFO] [main] [app] Scheduler semanal habilitado: false | usuario config: undefined | usuario actual: 
[2025-10-21 20:13:25] [INFO] [main] [app] Scheduler mensual habilitado: false | usuario config: undefined | usuario actual: 
[2025-10-21 20:13:45] [INFO] [main] [app] Scheduler diario habilitado: false | usuario config: undefined | usuario actual: 
[2025-10-21 20:13:45] [INFO] [main] [app] Scheduler semanal habilitado: false | usuario config: undefined | usuario actual: 
[2025-10-21 20:13:45] [INFO] [main] [app] Scheduler mensual habilitado: false | usuario config: undefined | usuario actual: 
[2025-10-21 20:13:45] [INFO] [main] [app] Scheduler diario habilitado: false | usuario config: undefined | usuario actual: 
[2025-10-21 20:13:45] [INFO] [main] [app] Scheduler semanal habilitado: false | usuario config: undefined | usuario actual: 
[2025-10-21 20:13:45] [INFO] [main] [app] Scheduler mensual habilitado: false | usuario config: undefined | usuario actual: 
[2025-10-21 20:13:46] [INFO] [main] [app] Scheduler diario habilitado: false | usuario config: undefined | usuario actual: 
[2025-10-21 20:13:46] [INFO] [main] [app] Scheduler semanal habilitado: false | usuario config: undefined | usuario actual: 
[2025-10-21 20:13:46] [INFO] [main] [app] Scheduler mensual habilitado: false | usuario config: undefined | usuario actual: 
[2025-10-21 20:13:46] [INFO] [main] [app] Scheduler diario habilitado: false | usuario config: undefined | usuario actual: 
[2025-10-21 20:13:46] [INFO] [main] [app] Scheduler semanal habilitado: false | usuario config: undefined | usuario actual: 
[2025-10-21 20:13:46] [INFO] [main] [app] Scheduler mensual habilitado: false | usuario config: undefined | usuario actual: 
[2025-10-21 20:15:09] [INFO] [main] [app] Scheduler diario habilitado: false | usuario config: undefined | usuario actual: 
[2025-10-21 20:15:09] [INFO] [main] [app] Scheduler semanal habilitado: false | usuario config: undefined | usuario actual: 
[2025-10-21 20:15:09] [INFO] [main] [app] Scheduler mensual habilitado: false | usuario config: undefined | usuario actual: 
[2025-10-21 20:15:09] [INFO] [main] [app] Scheduler diario habilitado: false | usuario config: undefined | usuario actual: 
[2025-10-21 20:15:09] [INFO] [main] [app] Scheduler semanal habilitado: false | usuario config: undefined | usuario actual: 
[2025-10-21 20:15:09] [INFO] [main] [app] Scheduler mensual habilitado: false | usuario config: undefined | usuario actual: 
[2025-10-21 20:15:10] [INFO] [main] [app] Scheduler diario habilitado: false | usuario config: undefined | usuario actual: 
[2025-10-21 20:15:10] [INFO] [main] [app] Scheduler semanal habilitado: false | usuario config: undefined | usuario actual: 
[2025-10-21 20:15:10] [INFO] [main] [app] Scheduler mensual habilitado: false | usuario config: undefined | usuario actual: 
[2025-10-21 20:15:10] [INFO] [main] [app] Scheduler diario habilitado: false | usuario config: undefined | usuario actual: 
[2025-10-21 20:15:10] [INFO] [main] [app] Scheduler semanal habilitado: false | usuario config: undefined | usuario actual: 
[2025-10-21 20:15:10] [INFO] [main] [app] Scheduler mensual habilitado: false | usuario config: undefined | usuario actual: 
[2025-10-21 20:22:14] [INFO] [main] Iniciando aplicación Electron
[2025-10-21 20:22:14] [INFO] [main] .env cargado desde C:\Users\User\Documents\Personal\LockeritDesk\configFiles\.env
[2025-10-21 20:22:14] [INFO] [main] Creando ventana principal...
[2025-10-21 20:22:14] [INFO] [main] Cargando URL: http://localhost:5173
[2025-10-21 20:22:14] [INFO] [setupWatcher] Observando: C:\Users\User\Documents\Personal\LockeritDesk\configFiles\setup_config.json
[2025-10-21 20:22:14] [INFO] [authWatcher] Observando: C:\Users\User\Documents\Personal\LockeritDesk\configFiles\auth_key.json
[2025-10-21 20:22:14] [INFO] [loggerWatcher] Observando: C:\Users\User\Documents\Personal\LockeritDesk\configFiles\logger_config.json
[2025-10-21 20:22:14] [INFO] [envWatcher] Observando: C:\Users\User\Documents\Personal\LockeritDesk\configFiles\.env
[2025-10-21 20:22:15] [INFO] [main] [axiosConfig] API BaseURL Inicial: http://localhost:8080
[2025-10-21 20:22:15] [INFO] [main] [axiosConfig] API BaseTimeout Inicial: 30
[2025-10-21 20:22:15] [INFO] [main] [configStore] Configuración actualizada
[2025-10-21 20:22:15] [INFO] [main] [configStore] config_key.json inicial cargado exitosamente
[2025-10-21 20:22:15] [INFO] [main] [envStore] ENV inicial cargado correctamente
[2025-10-21 20:22:15] [INFO] [main] [envStore] ENV actualizado
[2025-10-21 20:22:15] [INFO] [main] [axiosConfig] API BaseTimeout actualizada dinámicamente: 30
[2025-10-21 20:22:15] [INFO] [main] [assignLocker] API BaseTimeout actualizada dinámicamente: 30
[2025-10-21 20:22:15] [INFO] [main] [authStore] Auth actualizado
[2025-10-21 20:22:15] [INFO] [main] [authStore] auth_key.json inicial cargado exitosamente
[2025-10-21 20:22:15] [INFO] [main] CSP cambió, enviando al renderer
[2025-10-21 20:22:15] [INFO] [main] get-screen-data-once -> 1920x1032 factor=0.96
[2025-10-21 20:22:15] [INFO] [main] [app] Scheduler diario habilitado: false | usuario config: undefined | usuario actual: administrador
[2025-10-21 20:22:15] [INFO] [main] [app] Scheduler semanal habilitado: false | usuario config: undefined | usuario actual: administrador
[2025-10-21 20:22:15] [INFO] [main] [app] Scheduler mensual habilitado: false | usuario config: undefined | usuario actual: administrador
[2025-10-21 20:22:15] [INFO] [main] [app] Scheduler diario habilitado: false | usuario config: undefined | usuario actual: administrador
[2025-10-21 20:22:15] [INFO] [main] [app] Scheduler semanal habilitado: false | usuario config: undefined | usuario actual: administrador
[2025-10-21 20:22:15] [INFO] [main] [app] Scheduler mensual habilitado: false | usuario config: undefined | usuario actual: administrador
[2025-10-21 20:22:15] [INFO] [main] [Copyright] Versión cargada: 1.1.0
[2025-10-21 20:22:15] [INFO] [main] [app] Componente App montado
[2025-10-21 20:22:15] [INFO] [main] [app] Versión cargada: 1.1.0
[2025-10-21 20:22:15] [INFO] [main] [Copyright] Versión cargada: 1.1.0
[2025-10-21 20:22:15] [INFO] [main] [app] Componente App montado
[2025-10-21 20:22:15] [INFO] [main] [app] Versión cargada: 1.1.0
[2025-10-21 20:22:15] [INFO] [main] [app] Scheduler diario habilitado: false | usuario config: undefined | usuario actual: administrador
[2025-10-21 20:22:15] [INFO] [main] [app] Scheduler semanal habilitado: false | usuario config: undefined | usuario actual: administrador
[2025-10-21 20:22:15] [INFO] [main] [app] Scheduler mensual habilitado: false | usuario config: undefined | usuario actual: administrador
[2025-10-21 20:22:15] [INFO] [main] [app] Scheduler diario habilitado: false | usuario config: undefined | usuario actual: administrador
[2025-10-21 20:22:15] [INFO] [main] [app] Scheduler semanal habilitado: false | usuario config: undefined | usuario actual: administrador
[2025-10-21 20:22:15] [INFO] [main] [app] Scheduler mensual habilitado: false | usuario config: undefined | usuario actual: administrador
[2025-10-21 20:22:16] [INFO] [main] [useConfig] Configuración inicial obtenida
[2025-10-21 20:22:16] [INFO] [main] [useConfig] Configuración inicial obtenida
[2025-10-21 20:22:16] [INFO] [main] [useConfig] Configuración inicial obtenida
[2025-10-21 20:22:16] [INFO] [main] [useConfig] Configuración inicial obtenida
[2025-10-21 20:22:16] [INFO] [main] [useConfig] Configuración inicial obtenida
[2025-10-21 20:22:16] [INFO] [main] [useConfig] Configuración inicial obtenida
[2025-10-21 20:22:16] [INFO] [main] [app] Scheduler diario habilitado: false | usuario config: operador | usuario actual: administrador
[2025-10-21 20:22:16] [INFO] [main] [app] Scheduler semanal habilitado: false | usuario config: operador | usuario actual: administrador
[2025-10-21 20:22:16] [INFO] [main] [app] Scheduler mensual habilitado: false | usuario config: operador | usuario actual: administrador
[2025-10-21 20:22:16] [INFO] [main] [app] Scheduler diario habilitado: false | usuario config: operador | usuario actual: administrador
[2025-10-21 20:22:16] [INFO] [main] [app] Scheduler semanal habilitado: false | usuario config: operador | usuario actual: administrador
[2025-10-21 20:22:16] [INFO] [main] [app] Scheduler mensual habilitado: false | usuario config: operador | usuario actual: administrador
[2025-10-21 20:22:16] [INFO] [main] [app] [Scheduler] Config cambió → reseteando localStorage
[2025-10-21 20:22:16] [INFO] [main] [app] Scheduler diario habilitado: false | usuario config: operador | usuario actual: administrador
[2025-10-21 20:22:16] [INFO] [main] [app] Scheduler semanal habilitado: false | usuario config: operador | usuario actual: administrador
[2025-10-21 20:22:16] [INFO] [main] [app] Scheduler mensual habilitado: false | usuario config: operador | usuario actual: administrador
[2025-10-21 20:22:16] [INFO] [main] [app] Scheduler diario habilitado: false | usuario config: operador | usuario actual: administrador
[2025-10-21 20:22:16] [INFO] [main] [app] Scheduler semanal habilitado: false | usuario config: operador | usuario actual: administrador
[2025-10-21 20:22:16] [INFO] [main] [app] Scheduler mensual habilitado: false | usuario config: operador | usuario actual: administrador
[2025-10-21 20:22:17] [INFO] [main] [app] Scheduler diario habilitado: false | usuario config: undefined | usuario actual: administrador
[2025-10-21 20:22:17] [INFO] [main] [app] Scheduler semanal habilitado: false | usuario config: undefined | usuario actual: administrador
[2025-10-21 20:22:17] [INFO] [main] [app] Scheduler mensual habilitado: false | usuario config: undefined | usuario actual: administrador
[2025-10-21 20:22:17] [INFO] [main] [app] Scheduler diario habilitado: false | usuario config: undefined | usuario actual: administrador
[2025-10-21 20:22:17] [INFO] [main] [app] Scheduler semanal habilitado: false | usuario config: undefined | usuario actual: administrador
[2025-10-21 20:22:17] [INFO] [main] [app] Scheduler mensual habilitado: false | usuario config: undefined | usuario actual: administrador
[2025-10-21 20:22:17] [INFO] [main] [Copyright] Versión cargada: 1.1.0
[2025-10-21 20:22:17] [INFO] [main] [app] Componente App montado
[2025-10-21 20:22:17] [INFO] [main] [app] Versión cargada: 1.1.0
[2025-10-21 20:22:17] [INFO] [main] [Copyright] Versión cargada: 1.1.0
[2025-10-21 20:22:17] [INFO] [main] [app] Componente App montado
[2025-10-21 20:22:17] [INFO] [main] [app] Versión cargada: 1.1.0
[2025-10-21 20:22:17] [INFO] [main] [app] Scheduler diario habilitado: false | usuario config: undefined | usuario actual: administrador
[2025-10-21 20:22:17] [INFO] [main] [app] Scheduler semanal habilitado: false | usuario config: undefined | usuario actual: administrador
[2025-10-21 20:22:17] [INFO] [main] [app] Scheduler mensual habilitado: false | usuario config: undefined | usuario actual: administrador
[2025-10-21 20:22:17] [INFO] [main] [app] Scheduler diario habilitado: false | usuario config: undefined | usuario actual: administrador
[2025-10-21 20:22:17] [INFO] [main] [app] Scheduler semanal habilitado: false | usuario config: undefined | usuario actual: administrador
[2025-10-21 20:22:17] [INFO] [main] [app] Scheduler mensual habilitado: false | usuario config: undefined | usuario actual: administrador
[2025-10-21 20:22:17] [INFO] [main] [useConfig] Configuración inicial obtenida
[2025-10-21 20:22:17] [INFO] [main] [useConfig] Configuración inicial obtenida
[2025-10-21 20:22:17] [INFO] [main] [useConfig] Configuración inicial obtenida
[2025-10-21 20:22:17] [INFO] [main] [useConfig] Configuración inicial obtenida
[2025-10-21 20:22:17] [INFO] [main] [useConfig] Configuración inicial obtenida
[2025-10-21 20:22:17] [INFO] [main] [useConfig] Configuración inicial obtenida
[2025-10-21 20:22:17] [INFO] [main] [app] Scheduler diario habilitado: false | usuario config: operador | usuario actual: administrador
[2025-10-21 20:22:17] [INFO] [main] [app] Scheduler semanal habilitado: false | usuario config: operador | usuario actual: administrador
[2025-10-21 20:22:17] [INFO] [main] [app] Scheduler mensual habilitado: false | usuario config: operador | usuario actual: administrador
[2025-10-21 20:22:17] [INFO] [main] [app] Scheduler diario habilitado: false | usuario config: operador | usuario actual: administrador
[2025-10-21 20:22:17] [INFO] [main] [app] Scheduler semanal habilitado: false | usuario config: operador | usuario actual: administrador
[2025-10-21 20:22:17] [INFO] [main] [app] Scheduler mensual habilitado: false | usuario config: operador | usuario actual: administrador
[2025-10-21 20:22:18] [INFO] [main] [app] Scheduler diario habilitado: false | usuario config: operador | usuario actual: administrador
[2025-10-21 20:22:18] [INFO] [main] [app] Scheduler semanal habilitado: false | usuario config: operador | usuario actual: administrador
[2025-10-21 20:22:18] [INFO] [main] [app] Scheduler mensual habilitado: false | usuario config: operador | usuario actual: administrador
[2025-10-21 20:22:18] [INFO] [main] [app] Scheduler diario habilitado: false | usuario config: operador | usuario actual: administrador
[2025-10-21 20:22:18] [INFO] [main] [app] Scheduler semanal habilitado: false | usuario config: operador | usuario actual: administrador
[2025-10-21 20:22:18] [INFO] [main] [app] Scheduler mensual habilitado: false | usuario config: operador | usuario actual: administrador
[2025-10-21 20:22:38] [INFO] [main] [app] Scheduler diario habilitado: false | usuario config: operador | usuario actual: administrador
[2025-10-21 20:22:38] [INFO] [main] [app] Scheduler semanal habilitado: false | usuario config: operador | usuario actual: administrador
[2025-10-21 20:22:38] [INFO] [main] [app] Scheduler mensual habilitado: false | usuario config: operador | usuario actual: administrador
[2025-10-21 20:22:38] [INFO] [main] [app] Scheduler diario habilitado: false | usuario config: operador | usuario actual: administrador
[2025-10-21 20:22:38] [INFO] [main] [app] Scheduler semanal habilitado: false | usuario config: operador | usuario actual: administrador
[2025-10-21 20:22:38] [INFO] [main] [app] Scheduler mensual habilitado: false | usuario config: operador | usuario actual: administrador
[2025-10-21 20:22:42] [INFO] [main] [Login] Inicio de sesión exitoso para usuario: administrador
[2025-10-21 20:22:42] [INFO] [main] Creando ventana principal...
[2025-10-21 20:22:42] [INFO] [main] Cargando URL: http://localhost:5173
[2025-10-21 20:22:42] [INFO] [setupWatcher] Observando: C:\Users\User\Documents\Personal\LockeritDesk\configFiles\setup_config.json
[2025-10-21 20:22:42] [INFO] [authWatcher] Observando: C:\Users\User\Documents\Personal\LockeritDesk\configFiles\auth_key.json
[2025-10-21 20:22:42] [INFO] [loggerWatcher] Observando: C:\Users\User\Documents\Personal\LockeritDesk\configFiles\logger_config.json
[2025-10-21 20:22:42] [INFO] [envWatcher] Observando: C:\Users\User\Documents\Personal\LockeritDesk\configFiles\.env
[2025-10-21 20:22:42] [INFO] [main] [app] Scheduler diario habilitado: false | usuario config: operador | usuario actual: administrador
[2025-10-21 20:22:42] [INFO] [main] [app] Scheduler semanal habilitado: false | usuario config: operador | usuario actual: administrador
[2025-10-21 20:22:42] [INFO] [main] [app] Scheduler mensual habilitado: false | usuario config: operador | usuario actual: administrador
[2025-10-21 20:22:42] [INFO] [main] [app] Scheduler diario habilitado: false | usuario config: operador | usuario actual: administrador
[2025-10-21 20:22:42] [INFO] [main] [app] Scheduler semanal habilitado: false | usuario config: operador | usuario actual: administrador
[2025-10-21 20:22:42] [INFO] [main] [app] Scheduler mensual habilitado: false | usuario config: operador | usuario actual: administrador
[2025-10-21 20:22:42] [INFO] [main] [Login] Usuario autenticado en sesión principal, redirigiendo a /adminlockers
[2025-10-21 20:22:42] [INFO] [main] [app] Componente App montado
[2025-10-21 20:22:42] [INFO] [main] [app] Versión cargada: 1.1.0
[2025-10-21 20:22:42] [INFO] [main] [app] Scheduler diario habilitado: false | usuario config: undefined | usuario actual: administrador
[2025-10-21 20:22:42] [INFO] [main] [app] Scheduler semanal habilitado: false | usuario config: undefined | usuario actual: administrador
[2025-10-21 20:22:42] [INFO] [main] [app] Scheduler mensual habilitado: false | usuario config: undefined | usuario actual: administrador
[2025-10-21 20:22:42] [INFO] [main] [app] Scheduler diario habilitado: false | usuario config: undefined | usuario actual: administrador
[2025-10-21 20:22:42] [INFO] [main] [app] Scheduler semanal habilitado: false | usuario config: undefined | usuario actual: administrador
[2025-10-21 20:22:42] [INFO] [main] [app] Scheduler mensual habilitado: false | usuario config: undefined | usuario actual: administrador
[2025-10-21 20:22:42] [INFO] [main] [statusLockers] Iniciando petición para obtener casilleros disponibles
[2025-10-21 20:22:42] [INFO] [main] [statusLockers] Timeout efectivo en ejecución: 30000
[2025-10-21 20:22:42] [INFO] [main] [statusLockers] Intento 1: HOST -> http://localhost:8080
[2025-10-21 20:22:42] [INFO] [main] [statusLockers] Intento 1: URL -> /api/lockers/get-all-status
[2025-10-21 20:22:42] [INFO] [main] [Copyright] Versión cargada: 1.1.0
[2025-10-21 20:22:42] [INFO] [main] [app] Componente App montado
[2025-10-21 20:22:42] [INFO] [main] [app] Versión cargada: 1.1.0
[2025-10-21 20:22:42] [INFO] [main] [statusLockers] Iniciando petición para obtener casilleros disponibles
[2025-10-21 20:22:42] [INFO] [main] [statusLockers] Timeout efectivo en ejecución: 30000
[2025-10-21 20:22:42] [INFO] [main] [statusLockers] Intento 1: HOST -> http://localhost:8080
[2025-10-21 20:22:42] [INFO] [main] [statusLockers] Intento 1: URL -> /api/lockers/get-all-status
[2025-10-21 20:22:42] [INFO] [main] [Copyright] Versión cargada: 1.1.0
[2025-10-21 20:22:42] [INFO] [main] [app] Componente App montado
[2025-10-21 20:22:42] [INFO] [main] [app] Versión cargada: 1.1.0
[2025-10-21 20:22:42] [INFO] [main] [app] Scheduler diario habilitado: false | usuario config: undefined | usuario actual: administrador
[2025-10-21 20:22:42] [INFO] [main] [app] Scheduler semanal habilitado: false | usuario config: undefined | usuario actual: administrador
[2025-10-21 20:22:42] [INFO] [main] [app] Scheduler mensual habilitado: false | usuario config: undefined | usuario actual: administrador
[2025-10-21 20:22:42] [INFO] [main] [app] Scheduler diario habilitado: false | usuario config: undefined | usuario actual: administrador
[2025-10-21 20:22:42] [INFO] [main] [app] Scheduler semanal habilitado: false | usuario config: undefined | usuario actual: administrador
[2025-10-21 20:22:42] [INFO] [main] [app] Scheduler mensual habilitado: false | usuario config: undefined | usuario actual: administrador
[2025-10-21 20:22:42] [INFO] [main] [useConfig] Configuración inicial obtenida
[2025-10-21 20:22:42] [INFO] [main] [useConfig] Configuración inicial obtenida
[2025-10-21 20:22:42] [INFO] [main] [useConfig] Configuración inicial obtenida
[2025-10-21 20:22:42] [INFO] [main] [useConfig] Configuración inicial obtenida
[2025-10-21 20:22:42] [INFO] [main] [useConfig] Configuración inicial obtenida
[2025-10-21 20:22:42] [INFO] [main] [useConfig] Configuración inicial obtenida
[2025-10-21 20:22:42] [INFO] [main] [useConfig] Configuración inicial obtenida
[2025-10-21 20:22:42] [INFO] [main] [useConfig] Configuración inicial obtenida
[2025-10-21 20:22:42] [INFO] [main] [statusLockers] Response. Status: 200
[2025-10-21 20:22:42] [INFO] [main] [statusLockers] Response. Data: {"general":[{"status":"libre","total":51},{"status":"reservado","total":4},{"status":"deshabilitado","total":0},{"status":"asignado","total":1},{"status":"ocupado","total":4}],"modules":[{"module":"A","lockers":[{"lockerCode":"A1","status":"libre"},{"lockerCode":"A2","status":"reservado"},{"lockerCode":"A3","status":"reservado"},{"lockerCode":"A4","status":"reservado"},{"lockerCode":"A5","status":"libre"},{"lockerCode":"A6","status":"reservado"},{"lockerCode":"A7","status":"libre"},{"lockerCode":"A8","status":"libre"},{"lockerCode":"A9","status":"libre"},{"lockerCode":"A10","status":"libre"}]},{"module":"B","lockers":[{"lockerCode":"B1","status":"libre"},{"lockerCode":"B2","status":"libre"},{"lockerCode":"B3","status":"libre"},{"lockerCode":"B4","status":"ocupado"},{"lockerCode":"B5","status":"libre"},{"lockerCode":"B6","status":"libre"},{"lockerCode":"B7","status":"libre"},{"lockerCode":"B8","status":"libre"},{"lockerCode":"B9","status":"libre"},{"lockerCode":"B10","status":"ocupado"}]},{"module":"C","lockers":[{"lockerCode":"C1","status":"libre"},{"lockerCode":"C2","status":"libre"},{"lockerCode":"C3","status":"libre"},{"lockerCode":"C4","status":"libre"},{"lockerCode":"C5","status":"libre"},{"lockerCode":"C6","status":"libre"},{"lockerCode":"C7","status":"libre"},{"lockerCode":"C8","status":"libre"},{"lockerCode":"C9","status":"libre"},{"lockerCode":"C10","status":"libre"}]},{"module":"D","lockers":[{"lockerCode":"D1","status":"ocupado"},{"lockerCode":"D2","status":"libre"},{"lockerCode":"D3","status":"libre"},{"lockerCode":"D4","status":"libre"},{"lockerCode":"D5","status":"libre"},{"lockerCode":"D6","status":"libre"},{"lockerCode":"D7","status":"libre"},{"lockerCode":"D8","status":"libre"},{"lockerCode":"D9","status":"libre"},{"lockerCode":"D10","status":"libre"}]},{"module":"E","lockers":[{"lockerCode":"E1","status":"libre"},{"lockerCode":"E2","status":"libre"},{"lockerCode":"E3","status":"libre"},{"lockerCode":"E4","status":"libre"},{"lockerCode":"E5","status":"libre"},{"lockerCode":"E6","status":"libre"},{"lockerCode":"E7","status":"libre"},{"lockerCode":"E8","status":"libre"},{"lockerCode":"E9","status":"libre"},{"lockerCode":"E10","status":"libre"}]},{"module":"F","lockers":[{"lockerCode":"F1","status":"asignado"},{"lockerCode":"F2","status":"libre"},{"lockerCode":"F3","status":"libre"},{"lockerCode":"F4","status":"ocupado"},{"lockerCode":"F5","status":"libre"},{"lockerCode":"F6","status":"libre"},{"lockerCode":"F7","status":"libre"},{"lockerCode":"F8","status":"libre"},{"lockerCode":"F9","status":"libre"},{"lockerCode":"F10","status":"libre"}]}]}
[2025-10-21 20:22:42] [INFO] [main] [axiosConfig] API BaseURL Inicial: http://localhost:8080
[2025-10-21 20:22:42] [INFO] [main] [axiosConfig] API BaseTimeout Inicial: 30
[2025-10-21 20:22:42] [INFO] [main] [configStore] Configuración actualizada
[2025-10-21 20:22:42] [INFO] [main] [configStore] config_key.json inicial cargado exitosamente
[2025-10-21 20:22:42] [INFO] [main] [envStore] ENV inicial cargado correctamente
[2025-10-21 20:22:42] [INFO] [main] [envStore] ENV actualizado
[2025-10-21 20:22:42] [INFO] [main] [axiosConfig] API BaseTimeout actualizada dinámicamente: 30
[2025-10-21 20:22:42] [INFO] [main] [assignLocker] API BaseTimeout actualizada dinámicamente: 30
[2025-10-21 20:22:42] [INFO] [main] [authStore] Auth actualizado
[2025-10-21 20:22:42] [INFO] [main] [authStore] auth_key.json inicial cargado exitosamente
[2025-10-21 20:22:43] [INFO] [main] get-screen-data-once -> 1920x1032 factor=0.96
[2025-10-21 20:22:43] [INFO] [main] [app] Scheduler diario habilitado: false | usuario config: undefined | usuario actual: administrador
[2025-10-21 20:22:43] [INFO] [main] [app] Scheduler semanal habilitado: false | usuario config: undefined | usuario actual: administrador
[2025-10-21 20:22:43] [INFO] [main] [app] Scheduler mensual habilitado: false | usuario config: undefined | usuario actual: administrador
[2025-10-21 20:22:43] [INFO] [main] [app] Scheduler diario habilitado: false | usuario config: undefined | usuario actual: administrador
[2025-10-21 20:22:43] [INFO] [main] [app] Scheduler semanal habilitado: false | usuario config: undefined | usuario actual: administrador
[2025-10-21 20:22:43] [INFO] [main] [app] Scheduler mensual habilitado: false | usuario config: undefined | usuario actual: administrador
[2025-10-21 20:22:43] [INFO] [main] [Login] Usuario autenticado en sesión principal, redirigiendo a /adminlockers
[2025-10-21 20:22:43] [INFO] [main] [Copyright] Versión cargada: 1.1.0
[2025-10-21 20:22:43] [INFO] [main] [app] Componente App montado
[2025-10-21 20:22:43] [INFO] [main] [app] Versión cargada: 1.1.0
[2025-10-21 20:22:43] [INFO] [main] [Copyright] Versión cargada: 1.1.0
[2025-10-21 20:22:43] [INFO] [main] [app] Componente App montado
[2025-10-21 20:22:43] [INFO] [main] [app] Versión cargada: 1.1.0
[2025-10-21 20:22:43] [INFO] [main] [app] Scheduler diario habilitado: false | usuario config: undefined | usuario actual: administrador
[2025-10-21 20:22:43] [INFO] [main] [app] Scheduler semanal habilitado: false | usuario config: undefined | usuario actual: administrador
[2025-10-21 20:22:43] [INFO] [main] [app] Scheduler mensual habilitado: false | usuario config: undefined | usuario actual: administrador
[2025-10-21 20:22:43] [INFO] [main] [app] Scheduler diario habilitado: false | usuario config: undefined | usuario actual: administrador
[2025-10-21 20:22:43] [INFO] [main] [app] Scheduler semanal habilitado: false | usuario config: undefined | usuario actual: administrador
[2025-10-21 20:22:43] [INFO] [main] [app] Scheduler mensual habilitado: false | usuario config: undefined | usuario actual: administrador
[2025-10-21 20:22:43] [INFO] [main] [useConfig] Configuración inicial obtenida
[2025-10-21 20:22:43] [INFO] [main] [useConfig] Configuración inicial obtenida
[2025-10-21 20:22:43] [INFO] [main] [useConfig] Configuración inicial obtenida
[2025-10-21 20:22:43] [INFO] [main] [useConfig] Configuración inicial obtenida
[2025-10-21 20:22:43] [INFO] [main] [useConfig] Configuración inicial obtenida
[2025-10-21 20:22:43] [INFO] [main] [useConfig] Configuración inicial obtenida
[2025-10-21 20:22:43] [INFO] [main] [app] Scheduler diario habilitado: false | usuario config: operador | usuario actual: administrador
[2025-10-21 20:22:43] [INFO] [main] [app] Scheduler semanal habilitado: false | usuario config: operador | usuario actual: administrador
[2025-10-21 20:22:43] [INFO] [main] [app] Scheduler mensual habilitado: false | usuario config: operador | usuario actual: administrador
[2025-10-21 20:22:43] [INFO] [main] [app] Scheduler diario habilitado: false | usuario config: operador | usuario actual: administrador
[2025-10-21 20:22:43] [INFO] [main] [app] Scheduler semanal habilitado: false | usuario config: operador | usuario actual: administrador
[2025-10-21 20:22:43] [INFO] [main] [app] Scheduler mensual habilitado: false | usuario config: operador | usuario actual: administrador
[2025-10-21 20:22:44] [INFO] [main] [statusLockers] Iniciando petición para obtener casilleros disponibles
[2025-10-21 20:22:44] [INFO] [main] [statusLockers] Timeout efectivo en ejecución: 30000
[2025-10-21 20:22:44] [INFO] [main] [statusLockers] Intento 1: HOST -> http://localhost:8080
[2025-10-21 20:22:44] [INFO] [main] [statusLockers] Intento 1: URL -> /api/lockers/get-all-status
[2025-10-21 20:22:44] [INFO] [main] [statusLockers] Iniciando petición para obtener casilleros disponibles
[2025-10-21 20:22:44] [INFO] [main] [statusLockers] Timeout efectivo en ejecución: 30000
[2025-10-21 20:22:44] [INFO] [main] [statusLockers] Intento 1: HOST -> http://localhost:8080
[2025-10-21 20:22:44] [INFO] [main] [statusLockers] Intento 1: URL -> /api/lockers/get-all-status
[2025-10-21 20:22:44] [INFO] [main] [useConfig] Configuración inicial obtenida
[2025-10-21 20:22:44] [INFO] [main] [useConfig] Configuración inicial obtenida
[2025-10-21 20:22:44] [INFO] [main] [useConfig] Configuración inicial obtenida
[2025-10-21 20:22:44] [INFO] [main] [useConfig] Configuración inicial obtenida
[2025-10-21 20:22:44] [INFO] [main] [statusLockers] Response. Status: 200
[2025-10-21 20:22:44] [INFO] [main] [statusLockers] Response. Data: {"general":[{"status":"deshabilitado","total":0},{"status":"asignado","total":1},{"status":"ocupado","total":4},{"status":"libre","total":51},{"status":"reservado","total":4}],"modules":[{"module":"A","lockers":[{"lockerCode":"A1","status":"libre"},{"lockerCode":"A2","status":"reservado"},{"lockerCode":"A3","status":"reservado"},{"lockerCode":"A4","status":"reservado"},{"lockerCode":"A5","status":"libre"},{"lockerCode":"A6","status":"reservado"},{"lockerCode":"A7","status":"libre"},{"lockerCode":"A8","status":"libre"},{"lockerCode":"A9","status":"libre"},{"lockerCode":"A10","status":"libre"}]},{"module":"B","lockers":[{"lockerCode":"B1","status":"libre"},{"lockerCode":"B2","status":"libre"},{"lockerCode":"B3","status":"libre"},{"lockerCode":"B4","status":"ocupado"},{"lockerCode":"B5","status":"libre"},{"lockerCode":"B6","status":"libre"},{"lockerCode":"B7","status":"libre"},{"lockerCode":"B8","status":"libre"},{"lockerCode":"B9","status":"libre"},{"lockerCode":"B10","status":"ocupado"}]},{"module":"C","lockers":[{"lockerCode":"C1","status":"libre"},{"lockerCode":"C2","status":"libre"},{"lockerCode":"C3","status":"libre"},{"lockerCode":"C4","status":"libre"},{"lockerCode":"C5","status":"libre"},{"lockerCode":"C6","status":"libre"},{"lockerCode":"C7","status":"libre"},{"lockerCode":"C8","status":"libre"},{"lockerCode":"C9","status":"libre"},{"lockerCode":"C10","status":"libre"}]},{"module":"D","lockers":[{"lockerCode":"D1","status":"ocupado"},{"lockerCode":"D2","status":"libre"},{"lockerCode":"D3","status":"libre"},{"lockerCode":"D4","status":"libre"},{"lockerCode":"D5","status":"libre"},{"lockerCode":"D6","status":"libre"},{"lockerCode":"D7","status":"libre"},{"lockerCode":"D8","status":"libre"},{"lockerCode":"D9","status":"libre"},{"lockerCode":"D10","status":"libre"}]},{"module":"E","lockers":[{"lockerCode":"E1","status":"libre"},{"lockerCode":"E2","status":"libre"},{"lockerCode":"E3","status":"libre"},{"lockerCode":"E4","status":"libre"},{"lockerCode":"E5","status":"libre"},{"lockerCode":"E6","status":"libre"},{"lockerCode":"E7","status":"libre"},{"lockerCode":"E8","status":"libre"},{"lockerCode":"E9","status":"libre"},{"lockerCode":"E10","status":"libre"}]},{"module":"F","lockers":[{"lockerCode":"F1","status":"asignado"},{"lockerCode":"F2","status":"libre"},{"lockerCode":"F3","status":"libre"},{"lockerCode":"F4","status":"ocupado"},{"lockerCode":"F5","status":"libre"},{"lockerCode":"F6","status":"libre"},{"lockerCode":"F7","status":"libre"},{"lockerCode":"F8","status":"libre"},{"lockerCode":"F9","status":"libre"},{"lockerCode":"F10","status":"libre"}]}]}
[2025-10-21 20:22:44] [INFO] [main] [statusLockers] Response. Status: 200
[2025-10-21 20:22:44] [INFO] [main] [statusLockers] Response. Data: {"general":[{"status":"asignado","total":1},{"status":"ocupado","total":4},{"status":"libre","total":51},{"status":"reservado","total":4},{"status":"deshabilitado","total":0}],"modules":[{"module":"A","lockers":[{"lockerCode":"A1","status":"libre"},{"lockerCode":"A2","status":"reservado"},{"lockerCode":"A3","status":"reservado"},{"lockerCode":"A4","status":"reservado"},{"lockerCode":"A5","status":"libre"},{"lockerCode":"A6","status":"reservado"},{"lockerCode":"A7","status":"libre"},{"lockerCode":"A8","status":"libre"},{"lockerCode":"A9","status":"libre"},{"lockerCode":"A10","status":"libre"}]},{"module":"B","lockers":[{"lockerCode":"B1","status":"libre"},{"lockerCode":"B2","status":"libre"},{"lockerCode":"B3","status":"libre"},{"lockerCode":"B4","status":"ocupado"},{"lockerCode":"B5","status":"libre"},{"lockerCode":"B6","status":"libre"},{"lockerCode":"B7","status":"libre"},{"lockerCode":"B8","status":"libre"},{"lockerCode":"B9","status":"libre"},{"lockerCode":"B10","status":"ocupado"}]},{"module":"C","lockers":[{"lockerCode":"C1","status":"libre"},{"lockerCode":"C2","status":"libre"},{"lockerCode":"C3","status":"libre"},{"lockerCode":"C4","status":"libre"},{"lockerCode":"C5","status":"libre"},{"lockerCode":"C6","status":"libre"},{"lockerCode":"C7","status":"libre"},{"lockerCode":"C8","status":"libre"},{"lockerCode":"C9","status":"libre"},{"lockerCode":"C10","status":"libre"}]},{"module":"D","lockers":[{"lockerCode":"D1","status":"ocupado"},{"lockerCode":"D2","status":"libre"},{"lockerCode":"D3","status":"libre"},{"lockerCode":"D4","status":"libre"},{"lockerCode":"D5","status":"libre"},{"lockerCode":"D6","status":"libre"},{"lockerCode":"D7","status":"libre"},{"lockerCode":"D8","status":"libre"},{"lockerCode":"D9","status":"libre"},{"lockerCode":"D10","status":"libre"}]},{"module":"E","lockers":[{"lockerCode":"E1","status":"libre"},{"lockerCode":"E2","status":"libre"},{"lockerCode":"E3","status":"libre"},{"lockerCode":"E4","status":"libre"},{"lockerCode":"E5","status":"libre"},{"lockerCode":"E6","status":"libre"},{"lockerCode":"E7","status":"libre"},{"lockerCode":"E8","status":"libre"},{"lockerCode":"E9","status":"libre"},{"lockerCode":"E10","status":"libre"}]},{"module":"F","lockers":[{"lockerCode":"F1","status":"asignado"},{"lockerCode":"F2","status":"libre"},{"lockerCode":"F3","status":"libre"},{"lockerCode":"F4","status":"ocupado"},{"lockerCode":"F5","status":"libre"},{"lockerCode":"F6","status":"libre"},{"lockerCode":"F7","status":"libre"},{"lockerCode":"F8","status":"libre"},{"lockerCode":"F9","status":"libre"},{"lockerCode":"F10","status":"libre"}]}]}
[2025-10-21 20:22:44] [INFO] [main] [app] Scheduler diario habilitado: false | usuario config: operador | usuario actual: administrador
[2025-10-21 20:22:44] [INFO] [main] [app] Scheduler semanal habilitado: false | usuario config: operador | usuario actual: administrador
[2025-10-21 20:22:44] [INFO] [main] [app] Scheduler mensual habilitado: false | usuario config: operador | usuario actual: administrador
[2025-10-21 20:22:44] [INFO] [main] [app] Scheduler diario habilitado: false | usuario config: operador | usuario actual: administrador
[2025-10-21 20:22:44] [INFO] [main] [app] Scheduler semanal habilitado: false | usuario config: operador | usuario actual: administrador
[2025-10-21 20:22:44] [INFO] [main] [app] Scheduler mensual habilitado: false | usuario config: operador | usuario actual: administrador
[2025-10-21 20:22:58] [INFO] [main] Iniciando aplicación Electron
[2025-10-21 20:22:58] [INFO] [main] .env cargado desde C:\Users\User\Documents\Personal\LockeritDesk\configFiles\.env
[2025-10-21 20:22:58] [INFO] [main] Creando ventana principal...
[2025-10-21 20:22:58] [INFO] [main] Cargando URL: http://localhost:5173
[2025-10-21 20:22:58] [INFO] [setupWatcher] Observando: C:\Users\User\Documents\Personal\LockeritDesk\configFiles\setup_config.json
[2025-10-21 20:22:58] [INFO] [authWatcher] Observando: C:\Users\User\Documents\Personal\LockeritDesk\configFiles\auth_key.json
[2025-10-21 20:22:58] [INFO] [loggerWatcher] Observando: C:\Users\User\Documents\Personal\LockeritDesk\configFiles\logger_config.json
[2025-10-21 20:22:58] [INFO] [envWatcher] Observando: C:\Users\User\Documents\Personal\LockeritDesk\configFiles\.env
[2025-10-21 20:22:59] [INFO] [main] [axiosConfig] API BaseURL Inicial: http://localhost:8080
[2025-10-21 20:22:59] [INFO] [main] [axiosConfig] API BaseTimeout Inicial: 30
[2025-10-21 20:22:59] [INFO] [main] [configStore] Configuración actualizada
[2025-10-21 20:22:59] [INFO] [main] [configStore] config_key.json inicial cargado exitosamente
[2025-10-21 20:22:59] [INFO] [main] [envStore] ENV inicial cargado correctamente
[2025-10-21 20:22:59] [INFO] [main] [envStore] ENV actualizado
[2025-10-21 20:22:59] [INFO] [main] [axiosConfig] API BaseTimeout actualizada dinámicamente: 30
[2025-10-21 20:22:59] [INFO] [main] [assignLocker] API BaseTimeout actualizada dinámicamente: 30
[2025-10-21 20:22:59] [INFO] [main] [authStore] Auth actualizado
[2025-10-21 20:22:59] [INFO] [main] [authStore] auth_key.json inicial cargado exitosamente
[2025-10-21 20:22:59] [INFO] [main] CSP cambió, enviando al renderer
[2025-10-21 20:22:59] [INFO] [main] get-screen-data-once -> 1920x1032 factor=0.96
[2025-10-21 20:22:59] [INFO] [main] [app] Scheduler diario habilitado: false | usuario config: undefined | usuario actual: administrador
[2025-10-21 20:22:59] [INFO] [main] [app] Scheduler semanal habilitado: false | usuario config: undefined | usuario actual: administrador
[2025-10-21 20:22:59] [INFO] [main] [app] Scheduler mensual habilitado: false | usuario config: undefined | usuario actual: administrador
[2025-10-21 20:22:59] [INFO] [main] [app] Scheduler diario habilitado: false | usuario config: undefined | usuario actual: administrador
[2025-10-21 20:22:59] [INFO] [main] [app] Scheduler semanal habilitado: false | usuario config: undefined | usuario actual: administrador
[2025-10-21 20:22:59] [INFO] [main] [app] Scheduler mensual habilitado: false | usuario config: undefined | usuario actual: administrador
[2025-10-21 20:22:59] [INFO] [main] [Login] Usuario autenticado en sesión principal, redirigiendo a /adminlockers
[2025-10-21 20:22:59] [INFO] [main] [Copyright] Versión cargada: 1.1.0
[2025-10-21 20:22:59] [INFO] [main] [app] Componente App montado
[2025-10-21 20:22:59] [INFO] [main] [app] Versión cargada: 1.1.0
[2025-10-21 20:22:59] [INFO] [main] [Copyright] Versión cargada: 1.1.0
[2025-10-21 20:22:59] [INFO] [main] [app] Componente App montado
[2025-10-21 20:22:59] [INFO] [main] [app] Versión cargada: 1.1.0
[2025-10-21 20:22:59] [INFO] [main] [app] Scheduler diario habilitado: false | usuario config: undefined | usuario actual: administrador
[2025-10-21 20:22:59] [INFO] [main] [app] Scheduler semanal habilitado: false | usuario config: undefined | usuario actual: administrador
[2025-10-21 20:22:59] [INFO] [main] [app] Scheduler mensual habilitado: false | usuario config: undefined | usuario actual: administrador
[2025-10-21 20:22:59] [INFO] [main] [app] Scheduler diario habilitado: false | usuario config: undefined | usuario actual: administrador
[2025-10-21 20:22:59] [INFO] [main] [app] Scheduler semanal habilitado: false | usuario config: undefined | usuario actual: administrador
[2025-10-21 20:22:59] [INFO] [main] [app] Scheduler mensual habilitado: false | usuario config: undefined | usuario actual: administrador
[2025-10-21 20:22:59] [INFO] [main] [useConfig] Configuración inicial obtenida
[2025-10-21 20:22:59] [INFO] [main] [useConfig] Configuración inicial obtenida
[2025-10-21 20:22:59] [INFO] [main] [useConfig] Configuración inicial obtenida
[2025-10-21 20:22:59] [INFO] [main] [useConfig] Configuración inicial obtenida
[2025-10-21 20:22:59] [INFO] [main] [useConfig] Configuración inicial obtenida
[2025-10-21 20:22:59] [INFO] [main] [useConfig] Configuración inicial obtenida
[2025-10-21 20:22:59] [INFO] [main] [app] Scheduler diario habilitado: false | usuario config: operador | usuario actual: administrador
[2025-10-21 20:22:59] [INFO] [main] [app] Scheduler semanal habilitado: false | usuario config: operador | usuario actual: administrador
[2025-10-21 20:22:59] [INFO] [main] [app] Scheduler mensual habilitado: false | usuario config: operador | usuario actual: administrador
[2025-10-21 20:22:59] [INFO] [main] [app] Scheduler diario habilitado: false | usuario config: operador | usuario actual: administrador
[2025-10-21 20:22:59] [INFO] [main] [app] Scheduler semanal habilitado: false | usuario config: operador | usuario actual: administrador
[2025-10-21 20:22:59] [INFO] [main] [app] Scheduler mensual habilitado: false | usuario config: operador | usuario actual: administrador
[2025-10-21 20:23:00] [INFO] [main] [statusLockers] Iniciando petición para obtener casilleros disponibles
[2025-10-21 20:23:00] [INFO] [main] [statusLockers] Timeout efectivo en ejecución: 30000
[2025-10-21 20:23:00] [INFO] [main] [statusLockers] Intento 1: HOST -> http://localhost:8080
[2025-10-21 20:23:00] [INFO] [main] [statusLockers] Intento 1: URL -> /api/lockers/get-all-status
[2025-10-21 20:23:00] [INFO] [main] [statusLockers] Iniciando petición para obtener casilleros disponibles
[2025-10-21 20:23:00] [INFO] [main] [statusLockers] Timeout efectivo en ejecución: 30000
[2025-10-21 20:23:00] [INFO] [main] [statusLockers] Intento 1: HOST -> http://localhost:8080
[2025-10-21 20:23:00] [INFO] [main] [statusLockers] Intento 1: URL -> /api/lockers/get-all-status
[2025-10-21 20:23:00] [INFO] [main] [useConfig] Configuración inicial obtenida
[2025-10-21 20:23:00] [INFO] [main] [useConfig] Configuración inicial obtenida
[2025-10-21 20:23:00] [INFO] [main] [useConfig] Configuración inicial obtenida
[2025-10-21 20:23:00] [INFO] [main] [useConfig] Configuración inicial obtenida
[2025-10-21 20:23:00] [INFO] [main] [statusLockers] Response. Status: 200
[2025-10-21 20:23:00] [INFO] [main] [statusLockers] Response. Data: {"general":[{"status":"ocupado","total":4},{"status":"libre","total":51},{"status":"reservado","total":4},{"status":"deshabilitado","total":0},{"status":"asignado","total":1}],"modules":[{"module":"A","lockers":[{"lockerCode":"A1","status":"libre"},{"lockerCode":"A2","status":"reservado"},{"lockerCode":"A3","status":"reservado"},{"lockerCode":"A4","status":"reservado"},{"lockerCode":"A5","status":"libre"},{"lockerCode":"A6","status":"reservado"},{"lockerCode":"A7","status":"libre"},{"lockerCode":"A8","status":"libre"},{"lockerCode":"A9","status":"libre"},{"lockerCode":"A10","status":"libre"}]},{"module":"B","lockers":[{"lockerCode":"B1","status":"libre"},{"lockerCode":"B2","status":"libre"},{"lockerCode":"B3","status":"libre"},{"lockerCode":"B4","status":"ocupado"},{"lockerCode":"B5","status":"libre"},{"lockerCode":"B6","status":"libre"},{"lockerCode":"B7","status":"libre"},{"lockerCode":"B8","status":"libre"},{"lockerCode":"B9","status":"libre"},{"lockerCode":"B10","status":"ocupado"}]},{"module":"C","lockers":[{"lockerCode":"C1","status":"libre"},{"lockerCode":"C2","status":"libre"},{"lockerCode":"C3","status":"libre"},{"lockerCode":"C4","status":"libre"},{"lockerCode":"C5","status":"libre"},{"lockerCode":"C6","status":"libre"},{"lockerCode":"C7","status":"libre"},{"lockerCode":"C8","status":"libre"},{"lockerCode":"C9","status":"libre"},{"lockerCode":"C10","status":"libre"}]},{"module":"D","lockers":[{"lockerCode":"D1","status":"ocupado"},{"lockerCode":"D2","status":"libre"},{"lockerCode":"D3","status":"libre"},{"lockerCode":"D4","status":"libre"},{"lockerCode":"D5","status":"libre"},{"lockerCode":"D6","status":"libre"},{"lockerCode":"D7","status":"libre"},{"lockerCode":"D8","status":"libre"},{"lockerCode":"D9","status":"libre"},{"lockerCode":"D10","status":"libre"}]},{"module":"E","lockers":[{"lockerCode":"E1","status":"libre"},{"lockerCode":"E2","status":"libre"},{"lockerCode":"E3","status":"libre"},{"lockerCode":"E4","status":"libre"},{"lockerCode":"E5","status":"libre"},{"lockerCode":"E6","status":"libre"},{"lockerCode":"E7","status":"libre"},{"lockerCode":"E8","status":"libre"},{"lockerCode":"E9","status":"libre"},{"lockerCode":"E10","status":"libre"}]},{"module":"F","lockers":[{"lockerCode":"F1","status":"asignado"},{"lockerCode":"F2","status":"libre"},{"lockerCode":"F3","status":"libre"},{"lockerCode":"F4","status":"ocupado"},{"lockerCode":"F5","status":"libre"},{"lockerCode":"F6","status":"libre"},{"lockerCode":"F7","status":"libre"},{"lockerCode":"F8","status":"libre"},{"lockerCode":"F9","status":"libre"},{"lockerCode":"F10","status":"libre"}]}]}
[2025-10-21 20:23:00] [INFO] [main] [statusLockers] Response. Status: 200
[2025-10-21 20:23:00] [INFO] [main] [statusLockers] Response. Data: {"general":[{"status":"ocupado","total":4},{"status":"libre","total":51},{"status":"reservado","total":4},{"status":"deshabilitado","total":0},{"status":"asignado","total":1}],"modules":[{"module":"A","lockers":[{"lockerCode":"A1","status":"libre"},{"lockerCode":"A2","status":"reservado"},{"lockerCode":"A3","status":"reservado"},{"lockerCode":"A4","status":"reservado"},{"lockerCode":"A5","status":"libre"},{"lockerCode":"A6","status":"reservado"},{"lockerCode":"A7","status":"libre"},{"lockerCode":"A8","status":"libre"},{"lockerCode":"A9","status":"libre"},{"lockerCode":"A10","status":"libre"}]},{"module":"B","lockers":[{"lockerCode":"B1","status":"libre"},{"lockerCode":"B2","status":"libre"},{"lockerCode":"B3","status":"libre"},{"lockerCode":"B4","status":"ocupado"},{"lockerCode":"B5","status":"libre"},{"lockerCode":"B6","status":"libre"},{"lockerCode":"B7","status":"libre"},{"lockerCode":"B8","status":"libre"},{"lockerCode":"B9","status":"libre"},{"lockerCode":"B10","status":"ocupado"}]},{"module":"C","lockers":[{"lockerCode":"C1","status":"libre"},{"lockerCode":"C2","status":"libre"},{"lockerCode":"C3","status":"libre"},{"lockerCode":"C4","status":"libre"},{"lockerCode":"C5","status":"libre"},{"lockerCode":"C6","status":"libre"},{"lockerCode":"C7","status":"libre"},{"lockerCode":"C8","status":"libre"},{"lockerCode":"C9","status":"libre"},{"lockerCode":"C10","status":"libre"}]},{"module":"D","lockers":[{"lockerCode":"D1","status":"ocupado"},{"lockerCode":"D2","status":"libre"},{"lockerCode":"D3","status":"libre"},{"lockerCode":"D4","status":"libre"},{"lockerCode":"D5","status":"libre"},{"lockerCode":"D6","status":"libre"},{"lockerCode":"D7","status":"libre"},{"lockerCode":"D8","status":"libre"},{"lockerCode":"D9","status":"libre"},{"lockerCode":"D10","status":"libre"}]},{"module":"E","lockers":[{"lockerCode":"E1","status":"libre"},{"lockerCode":"E2","status":"libre"},{"lockerCode":"E3","status":"libre"},{"lockerCode":"E4","status":"libre"},{"lockerCode":"E5","status":"libre"},{"lockerCode":"E6","status":"libre"},{"lockerCode":"E7","status":"libre"},{"lockerCode":"E8","status":"libre"},{"lockerCode":"E9","status":"libre"},{"lockerCode":"E10","status":"libre"}]},{"module":"F","lockers":[{"lockerCode":"F1","status":"asignado"},{"lockerCode":"F2","status":"libre"},{"lockerCode":"F3","status":"libre"},{"lockerCode":"F4","status":"ocupado"},{"lockerCode":"F5","status":"libre"},{"lockerCode":"F6","status":"libre"},{"lockerCode":"F7","status":"libre"},{"lockerCode":"F8","status":"libre"},{"lockerCode":"F9","status":"libre"},{"lockerCode":"F10","status":"libre"}]}]}
[2025-10-21 20:23:00] [INFO] [main] [app] Scheduler diario habilitado: false | usuario config: operador | usuario actual: administrador
[2025-10-21 20:23:00] [INFO] [main] [app] Scheduler semanal habilitado: false | usuario config: operador | usuario actual: administrador
[2025-10-21 20:23:00] [INFO] [main] [app] Scheduler mensual habilitado: false | usuario config: operador | usuario actual: administrador
[2025-10-21 20:23:00] [INFO] [main] [app] Scheduler diario habilitado: false | usuario config: operador | usuario actual: administrador
[2025-10-21 20:23:00] [INFO] [main] [app] Scheduler semanal habilitado: false | usuario config: operador | usuario actual: administrador
[2025-10-21 20:23:00] [INFO] [main] [app] Scheduler mensual habilitado: false | usuario config: operador | usuario actual: administrador
[2025-10-21 20:23:03] [INFO] [main] [reportLockers] Iniciando petición para obtener el reporte de casilleros
[2025-10-21 20:23:03] [INFO] [main] [reportLockers] Timeout efectivo en ejecución: 30000
[2025-10-21 20:23:03] [INFO] [main] [reportLockers] Intento 1: HOST -> http://localhost:8080
[2025-10-21 20:23:03] [INFO] [main] [reportLockers] Intento 1: URL -> /api/lockers/report
[2025-10-21 20:23:03] [INFO] [main] [reportLockers] Intento 1: Request -> {"startDate":"2025-10-21 05:00:00","endDate":"2025-10-22 01:23:59","sendEmail":false}
[2025-10-21 20:23:03] [INFO] [main] [reportLockers] Iniciando petición para obtener el reporte de casilleros
[2025-10-21 20:23:03] [INFO] [main] [reportLockers] Timeout efectivo en ejecución: 30000
[2025-10-21 20:23:03] [INFO] [main] [reportLockers] Intento 1: HOST -> http://localhost:8080
[2025-10-21 20:23:03] [INFO] [main] [reportLockers] Intento 1: URL -> /api/lockers/report
[2025-10-21 20:23:03] [INFO] [main] [reportLockers] Intento 1: Request -> {"startDate":"2025-10-21 05:00:00","endDate":"2025-10-22 01:23:59","sendEmail":false}
[2025-10-21 20:23:03] [INFO] [main] [useConfig] Configuración inicial obtenida
[2025-10-21 20:23:03] [INFO] [main] [useConfig] Configuración inicial obtenida
[2025-10-21 20:23:03] [INFO] [main] [useConfig] Configuración inicial obtenida
[2025-10-21 20:23:03] [INFO] [main] [useConfig] Configuración inicial obtenida
[2025-10-21 20:23:03] [INFO] [main] [reportLockers] Response. Status: 200
[2025-10-21 20:23:03] [INFO] [main] [reportLockers] Response. Data: null
[2025-10-21 20:23:03] [INFO] [main] [reportLockers] Response. Status: 200
[2025-10-21 20:23:03] [INFO] [main] [reportLockers] Response. Data: null
[2025-10-21 20:23:05] [INFO] [main] [statusLockers] Iniciando petición para obtener casilleros disponibles
[2025-10-21 20:23:05] [INFO] [main] [statusLockers] Timeout efectivo en ejecución: 30000
[2025-10-21 20:23:05] [INFO] [main] [statusLockers] Intento 1: HOST -> http://localhost:8080
[2025-10-21 20:23:05] [INFO] [main] [statusLockers] Intento 1: URL -> /api/lockers/get-all-status
[2025-10-21 20:23:05] [INFO] [main] [statusLockers] Iniciando petición para obtener casilleros disponibles
[2025-10-21 20:23:05] [INFO] [main] [statusLockers] Timeout efectivo en ejecución: 30000
[2025-10-21 20:23:05] [INFO] [main] [statusLockers] Intento 1: HOST -> http://localhost:8080
[2025-10-21 20:23:05] [INFO] [main] [statusLockers] Intento 1: URL -> /api/lockers/get-all-status
[2025-10-21 20:23:05] [INFO] [main] [useConfig] Configuración inicial obtenida
[2025-10-21 20:23:05] [INFO] [main] [useConfig] Configuración inicial obtenida
[2025-10-21 20:23:05] [INFO] [main] [useConfig] Configuración inicial obtenida
[2025-10-21 20:23:05] [INFO] [main] [useConfig] Configuración inicial obtenida
[2025-10-21 20:23:05] [INFO] [main] [statusLockers] Response. Status: 200
[2025-10-21 20:23:05] [INFO] [main] [statusLockers] Response. Data: {"general":[{"status":"ocupado","total":4},{"status":"libre","total":51},{"status":"reservado","total":4},{"status":"deshabilitado","total":0},{"status":"asignado","total":1}],"modules":[{"module":"A","lockers":[{"lockerCode":"A1","status":"libre"},{"lockerCode":"A2","status":"reservado"},{"lockerCode":"A3","status":"reservado"},{"lockerCode":"A4","status":"reservado"},{"lockerCode":"A5","status":"libre"},{"lockerCode":"A6","status":"reservado"},{"lockerCode":"A7","status":"libre"},{"lockerCode":"A8","status":"libre"},{"lockerCode":"A9","status":"libre"},{"lockerCode":"A10","status":"libre"}]},{"module":"B","lockers":[{"lockerCode":"B1","status":"libre"},{"lockerCode":"B2","status":"libre"},{"lockerCode":"B3","status":"libre"},{"lockerCode":"B4","status":"ocupado"},{"lockerCode":"B5","status":"libre"},{"lockerCode":"B6","status":"libre"},{"lockerCode":"B7","status":"libre"},{"lockerCode":"B8","status":"libre"},{"lockerCode":"B9","status":"libre"},{"lockerCode":"B10","status":"ocupado"}]},{"module":"C","lockers":[{"lockerCode":"C1","status":"libre"},{"lockerCode":"C2","status":"libre"},{"lockerCode":"C3","status":"libre"},{"lockerCode":"C4","status":"libre"},{"lockerCode":"C5","status":"libre"},{"lockerCode":"C6","status":"libre"},{"lockerCode":"C7","status":"libre"},{"lockerCode":"C8","status":"libre"},{"lockerCode":"C9","status":"libre"},{"lockerCode":"C10","status":"libre"}]},{"module":"D","lockers":[{"lockerCode":"D1","status":"ocupado"},{"lockerCode":"D2","status":"libre"},{"lockerCode":"D3","status":"libre"},{"lockerCode":"D4","status":"libre"},{"lockerCode":"D5","status":"libre"},{"lockerCode":"D6","status":"libre"},{"lockerCode":"D7","status":"libre"},{"lockerCode":"D8","status":"libre"},{"lockerCode":"D9","status":"libre"},{"lockerCode":"D10","status":"libre"}]},{"module":"E","lockers":[{"lockerCode":"E1","status":"libre"},{"lockerCode":"E2","status":"libre"},{"lockerCode":"E3","status":"libre"},{"lockerCode":"E4","status":"libre"},{"lockerCode":"E5","status":"libre"},{"lockerCode":"E6","status":"libre"},{"lockerCode":"E7","status":"libre"},{"lockerCode":"E8","status":"libre"},{"lockerCode":"E9","status":"libre"},{"lockerCode":"E10","status":"libre"}]},{"module":"F","lockers":[{"lockerCode":"F1","status":"asignado"},{"lockerCode":"F2","status":"libre"},{"lockerCode":"F3","status":"libre"},{"lockerCode":"F4","status":"ocupado"},{"lockerCode":"F5","status":"libre"},{"lockerCode":"F6","status":"libre"},{"lockerCode":"F7","status":"libre"},{"lockerCode":"F8","status":"libre"},{"lockerCode":"F9","status":"libre"},{"lockerCode":"F10","status":"libre"}]}]}
[2025-10-21 20:23:05] [INFO] [main] [statusLockers] Response. Status: 200
[2025-10-21 20:23:05] [INFO] [main] [statusLockers] Response. Data: {"general":[{"status":"ocupado","total":4},{"status":"libre","total":51},{"status":"reservado","total":4},{"status":"deshabilitado","total":0},{"status":"asignado","total":1}],"modules":[{"module":"A","lockers":[{"lockerCode":"A1","status":"libre"},{"lockerCode":"A2","status":"reservado"},{"lockerCode":"A3","status":"reservado"},{"lockerCode":"A4","status":"reservado"},{"lockerCode":"A5","status":"libre"},{"lockerCode":"A6","status":"reservado"},{"lockerCode":"A7","status":"libre"},{"lockerCode":"A8","status":"libre"},{"lockerCode":"A9","status":"libre"},{"lockerCode":"A10","status":"libre"}]},{"module":"B","lockers":[{"lockerCode":"B1","status":"libre"},{"lockerCode":"B2","status":"libre"},{"lockerCode":"B3","status":"libre"},{"lockerCode":"B4","status":"ocupado"},{"lockerCode":"B5","status":"libre"},{"lockerCode":"B6","status":"libre"},{"lockerCode":"B7","status":"libre"},{"lockerCode":"B8","status":"libre"},{"lockerCode":"B9","status":"libre"},{"lockerCode":"B10","status":"ocupado"}]},{"module":"C","lockers":[{"lockerCode":"C1","status":"libre"},{"lockerCode":"C2","status":"libre"},{"lockerCode":"C3","status":"libre"},{"lockerCode":"C4","status":"libre"},{"lockerCode":"C5","status":"libre"},{"lockerCode":"C6","status":"libre"},{"lockerCode":"C7","status":"libre"},{"lockerCode":"C8","status":"libre"},{"lockerCode":"C9","status":"libre"},{"lockerCode":"C10","status":"libre"}]},{"module":"D","lockers":[{"lockerCode":"D1","status":"ocupado"},{"lockerCode":"D2","status":"libre"},{"lockerCode":"D3","status":"libre"},{"lockerCode":"D4","status":"libre"},{"lockerCode":"D5","status":"libre"},{"lockerCode":"D6","status":"libre"},{"lockerCode":"D7","status":"libre"},{"lockerCode":"D8","status":"libre"},{"lockerCode":"D9","status":"libre"},{"lockerCode":"D10","status":"libre"}]},{"module":"E","lockers":[{"lockerCode":"E1","status":"libre"},{"lockerCode":"E2","status":"libre"},{"lockerCode":"E3","status":"libre"},{"lockerCode":"E4","status":"libre"},{"lockerCode":"E5","status":"libre"},{"lockerCode":"E6","status":"libre"},{"lockerCode":"E7","status":"libre"},{"lockerCode":"E8","status":"libre"},{"lockerCode":"E9","status":"libre"},{"lockerCode":"E10","status":"libre"}]},{"module":"F","lockers":[{"lockerCode":"F1","status":"asignado"},{"lockerCode":"F2","status":"libre"},{"lockerCode":"F3","status":"libre"},{"lockerCode":"F4","status":"ocupado"},{"lockerCode":"F5","status":"libre"},{"lockerCode":"F6","status":"libre"},{"lockerCode":"F7","status":"libre"},{"lockerCode":"F8","status":"libre"},{"lockerCode":"F9","status":"libre"},{"lockerCode":"F10","status":"libre"}]}]}
[2025-10-21 20:23:09] [INFO] [main] [openByCodeLocker] Iniciando petición para abrir casillero
[2025-10-21 20:23:09] [INFO] [main] [openByCodeLocker] Timeout efectivo en ejecución: 30000
[2025-10-21 20:23:09] [INFO] [main] [openByCodeLocker] Intento 1: HOST -> http://localhost:8080
[2025-10-21 20:23:09] [INFO] [main] [openByCodeLocker] Intento 1: URL -> /api/lockers/open-by-code
[2025-10-21 20:23:09] [INFO] [main] [openByCodeLocker] Intento 1: Request -> {"lockerCode":"A1","setFree":false,"openBy":"local"}
[2025-10-21 20:23:09] [INFO] [main] [openByCodeLocker] Response. Status: 200
[2025-10-21 20:23:09] [INFO] [main] [openByCodeLocker] Response. Data: {"success":true,"message":"Casillero abierto exitosamente","lockerCode":"A1"}
[2025-10-21 20:23:09] [INFO] [main] [statusLockers] Iniciando petición para obtener casilleros disponibles
[2025-10-21 20:23:09] [INFO] [main] [statusLockers] Timeout efectivo en ejecución: 30000
[2025-10-21 20:23:09] [INFO] [main] [statusLockers] Intento 1: HOST -> http://localhost:8080
[2025-10-21 20:23:09] [INFO] [main] [statusLockers] Intento 1: URL -> /api/lockers/get-all-status
[2025-10-21 20:23:09] [INFO] [main] [statusLockers] Response. Status: 200
[2025-10-21 20:23:09] [INFO] [main] [statusLockers] Response. Data: {"general":[{"status":"libre","total":51},{"status":"reservado","total":4},{"status":"deshabilitado","total":0},{"status":"asignado","total":1},{"status":"ocupado","total":4}],"modules":[{"module":"A","lockers":[{"lockerCode":"A1","status":"libre"},{"lockerCode":"A2","status":"reservado"},{"lockerCode":"A3","status":"reservado"},{"lockerCode":"A4","status":"reservado"},{"lockerCode":"A5","status":"libre"},{"lockerCode":"A6","status":"reservado"},{"lockerCode":"A7","status":"libre"},{"lockerCode":"A8","status":"libre"},{"lockerCode":"A9","status":"libre"},{"lockerCode":"A10","status":"libre"}]},{"module":"B","lockers":[{"lockerCode":"B1","status":"libre"},{"lockerCode":"B2","status":"libre"},{"lockerCode":"B3","status":"libre"},{"lockerCode":"B4","status":"ocupado"},{"lockerCode":"B5","status":"libre"},{"lockerCode":"B6","status":"libre"},{"lockerCode":"B7","status":"libre"},{"lockerCode":"B8","status":"libre"},{"lockerCode":"B9","status":"libre"},{"lockerCode":"B10","status":"ocupado"}]},{"module":"C","lockers":[{"lockerCode":"C1","status":"libre"},{"lockerCode":"C2","status":"libre"},{"lockerCode":"C3","status":"libre"},{"lockerCode":"C4","status":"libre"},{"lockerCode":"C5","status":"libre"},{"lockerCode":"C6","status":"libre"},{"lockerCode":"C7","status":"libre"},{"lockerCode":"C8","status":"libre"},{"lockerCode":"C9","status":"libre"},{"lockerCode":"C10","status":"libre"}]},{"module":"D","lockers":[{"lockerCode":"D1","status":"ocupado"},{"lockerCode":"D2","status":"libre"},{"lockerCode":"D3","status":"libre"},{"lockerCode":"D4","status":"libre"},{"lockerCode":"D5","status":"libre"},{"lockerCode":"D6","status":"libre"},{"lockerCode":"D7","status":"libre"},{"lockerCode":"D8","status":"libre"},{"lockerCode":"D9","status":"libre"},{"lockerCode":"D10","status":"libre"}]},{"module":"E","lockers":[{"lockerCode":"E1","status":"libre"},{"lockerCode":"E2","status":"libre"},{"lockerCode":"E3","status":"libre"},{"lockerCode":"E4","status":"libre"},{"lockerCode":"E5","status":"libre"},{"lockerCode":"E6","status":"libre"},{"lockerCode":"E7","status":"libre"},{"lockerCode":"E8","status":"libre"},{"lockerCode":"E9","status":"libre"},{"lockerCode":"E10","status":"libre"}]},{"module":"F","lockers":[{"lockerCode":"F1","status":"asignado"},{"lockerCode":"F2","status":"libre"},{"lockerCode":"F3","status":"libre"},{"lockerCode":"F4","status":"ocupado"},{"lockerCode":"F5","status":"libre"},{"lockerCode":"F6","status":"libre"},{"lockerCode":"F7","status":"libre"},{"lockerCode":"F8","status":"libre"},{"lockerCode":"F9","status":"libre"},{"lockerCode":"F10","status":"libre"}]}]}
[2025-10-21 20:23:12] [INFO] [main] [openByCodeLocker] Iniciando petición para abrir casillero
[2025-10-21 20:23:12] [INFO] [main] [openByCodeLocker] Timeout efectivo en ejecución: 30000
[2025-10-21 20:23:12] [INFO] [main] [openByCodeLocker] Intento 1: HOST -> http://localhost:8080
[2025-10-21 20:23:12] [INFO] [main] [openByCodeLocker] Intento 1: URL -> /api/lockers/open-by-code
[2025-10-21 20:23:12] [INFO] [main] [openByCodeLocker] Intento 1: Request -> {"lockerCode":"A1","setFree":true,"openBy":"local"}
[2025-10-21 20:23:12] [INFO] [main] [openByCodeLocker] Response. Status: 200
[2025-10-21 20:23:12] [INFO] [main] [openByCodeLocker] Response. Data: {"success":true,"message":"Casillero abierto exitosamente","lockerCode":"A1"}
[2025-10-21 20:23:12] [INFO] [main] [statusLockers] Iniciando petición para obtener casilleros disponibles
[2025-10-21 20:23:12] [INFO] [main] [statusLockers] Timeout efectivo en ejecución: 30000
[2025-10-21 20:23:12] [INFO] [main] [statusLockers] Intento 1: HOST -> http://localhost:8080
[2025-10-21 20:23:12] [INFO] [main] [statusLockers] Intento 1: URL -> /api/lockers/get-all-status
[2025-10-21 20:23:12] [INFO] [main] [statusLockers] Response. Status: 200
[2025-10-21 20:23:12] [INFO] [main] [statusLockers] Response. Data: {"general":[{"status":"ocupado","total":4},{"status":"libre","total":51},{"status":"reservado","total":4},{"status":"deshabilitado","total":0},{"status":"asignado","total":1}],"modules":[{"module":"A","lockers":[{"lockerCode":"A1","status":"libre"},{"lockerCode":"A2","status":"reservado"},{"lockerCode":"A3","status":"reservado"},{"lockerCode":"A4","status":"reservado"},{"lockerCode":"A5","status":"libre"},{"lockerCode":"A6","status":"reservado"},{"lockerCode":"A7","status":"libre"},{"lockerCode":"A8","status":"libre"},{"lockerCode":"A9","status":"libre"},{"lockerCode":"A10","status":"libre"}]},{"module":"B","lockers":[{"lockerCode":"B1","status":"libre"},{"lockerCode":"B2","status":"libre"},{"lockerCode":"B3","status":"libre"},{"lockerCode":"B4","status":"ocupado"},{"lockerCode":"B5","status":"libre"},{"lockerCode":"B6","status":"libre"},{"lockerCode":"B7","status":"libre"},{"lockerCode":"B8","status":"libre"},{"lockerCode":"B9","status":"libre"},{"lockerCode":"B10","status":"ocupado"}]},{"module":"C","lockers":[{"lockerCode":"C1","status":"libre"},{"lockerCode":"C2","status":"libre"},{"lockerCode":"C3","status":"libre"},{"lockerCode":"C4","status":"libre"},{"lockerCode":"C5","status":"libre"},{"lockerCode":"C6","status":"libre"},{"lockerCode":"C7","status":"libre"},{"lockerCode":"C8","status":"libre"},{"lockerCode":"C9","status":"libre"},{"lockerCode":"C10","status":"libre"}]},{"module":"D","lockers":[{"lockerCode":"D1","status":"ocupado"},{"lockerCode":"D2","status":"libre"},{"lockerCode":"D3","status":"libre"},{"lockerCode":"D4","status":"libre"},{"lockerCode":"D5","status":"libre"},{"lockerCode":"D6","status":"libre"},{"lockerCode":"D7","status":"libre"},{"lockerCode":"D8","status":"libre"},{"lockerCode":"D9","status":"libre"},{"lockerCode":"D10","status":"libre"}]},{"module":"E","lockers":[{"lockerCode":"E1","status":"libre"},{"lockerCode":"E2","status":"libre"},{"lockerCode":"E3","status":"libre"},{"lockerCode":"E4","status":"libre"},{"lockerCode":"E5","status":"libre"},{"lockerCode":"E6","status":"libre"},{"lockerCode":"E7","status":"libre"},{"lockerCode":"E8","status":"libre"},{"lockerCode":"E9","status":"libre"},{"lockerCode":"E10","status":"libre"}]},{"module":"F","lockers":[{"lockerCode":"F1","status":"asignado"},{"lockerCode":"F2","status":"libre"},{"lockerCode":"F3","status":"libre"},{"lockerCode":"F4","status":"ocupado"},{"lockerCode":"F5","status":"libre"},{"lockerCode":"F6","status":"libre"},{"lockerCode":"F7","status":"libre"},{"lockerCode":"F8","status":"libre"},{"lockerCode":"F9","status":"libre"},{"lockerCode":"F10","status":"libre"}]}]}
[2025-10-21 20:23:14] [INFO] [main] [app] Scheduler diario habilitado: false | usuario config: undefined | usuario actual: administrador
[2025-10-21 20:23:14] [INFO] [main] [app] Scheduler semanal habilitado: false | usuario config: undefined | usuario actual: administrador
[2025-10-21 20:23:14] [INFO] [main] [app] Scheduler mensual habilitado: false | usuario config: undefined | usuario actual: administrador
[2025-10-21 20:23:14] [INFO] [main] [app] Scheduler diario habilitado: false | usuario config: undefined | usuario actual: administrador
[2025-10-21 20:23:14] [INFO] [main] [app] Scheduler semanal habilitado: false | usuario config: undefined | usuario actual: administrador
[2025-10-21 20:23:14] [INFO] [main] [app] Scheduler mensual habilitado: false | usuario config: undefined | usuario actual: administrador
[2025-10-21 20:23:14] [INFO] [main] [statusLockers] Iniciando petición para obtener casilleros disponibles
[2025-10-21 20:23:14] [INFO] [main] [statusLockers] Timeout efectivo en ejecución: 30000
[2025-10-21 20:23:14] [INFO] [main] [statusLockers] Intento 1: HOST -> http://localhost:8080
[2025-10-21 20:23:14] [INFO] [main] [statusLockers] Intento 1: URL -> /api/lockers/get-all-status
[2025-10-21 20:23:14] [INFO] [main] [Copyright] Versión cargada: 1.1.0
[2025-10-21 20:23:14] [INFO] [main] [app] Componente App montado
[2025-10-21 20:23:14] [INFO] [main] [app] Versión cargada: 1.1.0
[2025-10-21 20:23:14] [INFO] [main] [statusLockers] Iniciando petición para obtener casilleros disponibles
[2025-10-21 20:23:14] [INFO] [main] [statusLockers] Timeout efectivo en ejecución: 30000
[2025-10-21 20:23:14] [INFO] [main] [statusLockers] Intento 1: HOST -> http://localhost:8080
[2025-10-21 20:23:14] [INFO] [main] [statusLockers] Intento 1: URL -> /api/lockers/get-all-status
[2025-10-21 20:23:14] [INFO] [main] [Copyright] Versión cargada: 1.1.0
[2025-10-21 20:23:14] [INFO] [main] [app] Componente App montado
[2025-10-21 20:23:14] [INFO] [main] [app] Versión cargada: 1.1.0
[2025-10-21 20:23:14] [INFO] [main] [app] Scheduler diario habilitado: false | usuario config: undefined | usuario actual: administrador
[2025-10-21 20:23:14] [INFO] [main] [app] Scheduler semanal habilitado: false | usuario config: undefined | usuario actual: administrador
[2025-10-21 20:23:14] [INFO] [main] [app] Scheduler mensual habilitado: false | usuario config: undefined | usuario actual: administrador
[2025-10-21 20:23:14] [INFO] [main] [app] Scheduler diario habilitado: false | usuario config: undefined | usuario actual: administrador
[2025-10-21 20:23:14] [INFO] [main] [app] Scheduler semanal habilitado: false | usuario config: undefined | usuario actual: administrador
[2025-10-21 20:23:14] [INFO] [main] [app] Scheduler mensual habilitado: false | usuario config: undefined | usuario actual: administrador
[2025-10-21 20:23:14] [INFO] [main] [useConfig] Configuración inicial obtenida
[2025-10-21 20:23:14] [INFO] [main] [useConfig] Configuración inicial obtenida
[2025-10-21 20:23:14] [INFO] [main] [useConfig] Configuración inicial obtenida
[2025-10-21 20:23:14] [INFO] [main] [useConfig] Configuración inicial obtenida
[2025-10-21 20:23:14] [INFO] [main] [useConfig] Configuración inicial obtenida
[2025-10-21 20:23:14] [INFO] [main] [useConfig] Configuración inicial obtenida
[2025-10-21 20:23:14] [INFO] [main] [useConfig] Configuración inicial obtenida
[2025-10-21 20:23:14] [INFO] [main] [useConfig] Configuración inicial obtenida
[2025-10-21 20:23:14] [INFO] [main] [app] Scheduler diario habilitado: false | usuario config: operador | usuario actual: administrador
[2025-10-21 20:23:14] [INFO] [main] [app] Scheduler semanal habilitado: false | usuario config: operador | usuario actual: administrador
[2025-10-21 20:23:14] [INFO] [main] [app] Scheduler mensual habilitado: false | usuario config: operador | usuario actual: administrador
[2025-10-21 20:23:14] [INFO] [main] [app] Scheduler diario habilitado: false | usuario config: operador | usuario actual: administrador
[2025-10-21 20:23:14] [INFO] [main] [app] Scheduler semanal habilitado: false | usuario config: operador | usuario actual: administrador
[2025-10-21 20:23:14] [INFO] [main] [app] Scheduler mensual habilitado: false | usuario config: operador | usuario actual: administrador
[2025-10-21 20:23:14] [INFO] [main] [statusLockers] Response. Status: 200
[2025-10-21 20:23:14] [INFO] [main] [statusLockers] Response. Data: {"general":[{"status":"asignado","total":1},{"status":"ocupado","total":4},{"status":"libre","total":51},{"status":"reservado","total":4},{"status":"deshabilitado","total":0}],"modules":[{"module":"A","lockers":[{"lockerCode":"A1","status":"libre"},{"lockerCode":"A2","status":"reservado"},{"lockerCode":"A3","status":"reservado"},{"lockerCode":"A4","status":"reservado"},{"lockerCode":"A5","status":"libre"},{"lockerCode":"A6","status":"reservado"},{"lockerCode":"A7","status":"libre"},{"lockerCode":"A8","status":"libre"},{"lockerCode":"A9","status":"libre"},{"lockerCode":"A10","status":"libre"}]},{"module":"B","lockers":[{"lockerCode":"B1","status":"libre"},{"lockerCode":"B2","status":"libre"},{"lockerCode":"B3","status":"libre"},{"lockerCode":"B4","status":"ocupado"},{"lockerCode":"B5","status":"libre"},{"lockerCode":"B6","status":"libre"},{"lockerCode":"B7","status":"libre"},{"lockerCode":"B8","status":"libre"},{"lockerCode":"B9","status":"libre"},{"lockerCode":"B10","status":"ocupado"}]},{"module":"C","lockers":[{"lockerCode":"C1","status":"libre"},{"lockerCode":"C2","status":"libre"},{"lockerCode":"C3","status":"libre"},{"lockerCode":"C4","status":"libre"},{"lockerCode":"C5","status":"libre"},{"lockerCode":"C6","status":"libre"},{"lockerCode":"C7","status":"libre"},{"lockerCode":"C8","status":"libre"},{"lockerCode":"C9","status":"libre"},{"lockerCode":"C10","status":"libre"}]},{"module":"D","lockers":[{"lockerCode":"D1","status":"ocupado"},{"lockerCode":"D2","status":"libre"},{"lockerCode":"D3","status":"libre"},{"lockerCode":"D4","status":"libre"},{"lockerCode":"D5","status":"libre"},{"lockerCode":"D6","status":"libre"},{"lockerCode":"D7","status":"libre"},{"lockerCode":"D8","status":"libre"},{"lockerCode":"D9","status":"libre"},{"lockerCode":"D10","status":"libre"}]},{"module":"E","lockers":[{"lockerCode":"E1","status":"libre"},{"lockerCode":"E2","status":"libre"},{"lockerCode":"E3","status":"libre"},{"lockerCode":"E4","status":"libre"},{"lockerCode":"E5","status":"libre"},{"lockerCode":"E6","status":"libre"},{"lockerCode":"E7","status":"libre"},{"lockerCode":"E8","status":"libre"},{"lockerCode":"E9","status":"libre"},{"lockerCode":"E10","status":"libre"}]},{"module":"F","lockers":[{"lockerCode":"F1","status":"asignado"},{"lockerCode":"F2","status":"libre"},{"lockerCode":"F3","status":"libre"},{"lockerCode":"F4","status":"ocupado"},{"lockerCode":"F5","status":"libre"},{"lockerCode":"F6","status":"libre"},{"lockerCode":"F7","status":"libre"},{"lockerCode":"F8","status":"libre"},{"lockerCode":"F9","status":"libre"},{"lockerCode":"F10","status":"libre"}]}]}
[2025-10-21 20:23:14] [INFO] [main] [statusLockers] Response. Status: 200
[2025-10-21 20:23:14] [INFO] [main] [statusLockers] Response. Data: {"general":[{"status":"libre","total":51},{"status":"reservado","total":4},{"status":"deshabilitado","total":0},{"status":"asignado","total":1},{"status":"ocupado","total":4}],"modules":[{"module":"A","lockers":[{"lockerCode":"A1","status":"libre"},{"lockerCode":"A2","status":"reservado"},{"lockerCode":"A3","status":"reservado"},{"lockerCode":"A4","status":"reservado"},{"lockerCode":"A5","status":"libre"},{"lockerCode":"A6","status":"reservado"},{"lockerCode":"A7","status":"libre"},{"lockerCode":"A8","status":"libre"},{"lockerCode":"A9","status":"libre"},{"lockerCode":"A10","status":"libre"}]},{"module":"B","lockers":[{"lockerCode":"B1","status":"libre"},{"lockerCode":"B2","status":"libre"},{"lockerCode":"B3","status":"libre"},{"lockerCode":"B4","status":"ocupado"},{"lockerCode":"B5","status":"libre"},{"lockerCode":"B6","status":"libre"},{"lockerCode":"B7","status":"libre"},{"lockerCode":"B8","status":"libre"},{"lockerCode":"B9","status":"libre"},{"lockerCode":"B10","status":"ocupado"}]},{"module":"C","lockers":[{"lockerCode":"C1","status":"libre"},{"lockerCode":"C2","status":"libre"},{"lockerCode":"C3","status":"libre"},{"lockerCode":"C4","status":"libre"},{"lockerCode":"C5","status":"libre"},{"lockerCode":"C6","status":"libre"},{"lockerCode":"C7","status":"libre"},{"lockerCode":"C8","status":"libre"},{"lockerCode":"C9","status":"libre"},{"lockerCode":"C10","status":"libre"}]},{"module":"D","lockers":[{"lockerCode":"D1","status":"ocupado"},{"lockerCode":"D2","status":"libre"},{"lockerCode":"D3","status":"libre"},{"lockerCode":"D4","status":"libre"},{"lockerCode":"D5","status":"libre"},{"lockerCode":"D6","status":"libre"},{"lockerCode":"D7","status":"libre"},{"lockerCode":"D8","status":"libre"},{"lockerCode":"D9","status":"libre"},{"lockerCode":"D10","status":"libre"}]},{"module":"E","lockers":[{"lockerCode":"E1","status":"libre"},{"lockerCode":"E2","status":"libre"},{"lockerCode":"E3","status":"libre"},{"lockerCode":"E4","status":"libre"},{"lockerCode":"E5","status":"libre"},{"lockerCode":"E6","status":"libre"},{"lockerCode":"E7","status":"libre"},{"lockerCode":"E8","status":"libre"},{"lockerCode":"E9","status":"libre"},{"lockerCode":"E10","status":"libre"}]},{"module":"F","lockers":[{"lockerCode":"F1","status":"asignado"},{"lockerCode":"F2","status":"libre"},{"lockerCode":"F3","status":"libre"},{"lockerCode":"F4","status":"ocupado"},{"lockerCode":"F5","status":"libre"},{"lockerCode":"F6","status":"libre"},{"lockerCode":"F7","status":"libre"},{"lockerCode":"F8","status":"libre"},{"lockerCode":"F9","status":"libre"},{"lockerCode":"F10","status":"libre"}]}]}
[2025-10-21 20:23:15] [INFO] [main] [app] Scheduler diario habilitado: false | usuario config: operador | usuario actual: administrador
[2025-10-21 20:23:15] [INFO] [main] [app] Scheduler semanal habilitado: false | usuario config: operador | usuario actual: administrador
[2025-10-21 20:23:15] [INFO] [main] [app] Scheduler mensual habilitado: false | usuario config: operador | usuario actual: administrador
[2025-10-21 20:23:15] [INFO] [main] [app] Scheduler diario habilitado: false | usuario config: operador | usuario actual: administrador
[2025-10-21 20:23:15] [INFO] [main] [app] Scheduler semanal habilitado: false | usuario config: operador | usuario actual: administrador
[2025-10-21 20:23:15] [INFO] [main] [app] Scheduler mensual habilitado: false | usuario config: operador | usuario actual: administrador
[2025-10-21 20:23:15] [INFO] [main] [app] Scheduler diario habilitado: false | usuario config: operador | usuario actual: administrador
[2025-10-21 20:23:15] [INFO] [main] [app] Scheduler semanal habilitado: false | usuario config: operador | usuario actual: administrador
[2025-10-21 20:23:15] [INFO] [main] [app] Scheduler mensual habilitado: false | usuario config: operador | usuario actual: administrador
[2025-10-21 20:23:15] [INFO] [main] [app] Scheduler diario habilitado: false | usuario config: operador | usuario actual: administrador
[2025-10-21 20:23:15] [INFO] [main] [app] Scheduler semanal habilitado: false | usuario config: operador | usuario actual: administrador
[2025-10-21 20:23:15] [INFO] [main] [app] Scheduler mensual habilitado: false | usuario config: operador | usuario actual: administrador
[2025-10-21 20:23:17] [INFO] [main] [reportLockers] Iniciando petición para obtener el reporte de casilleros
[2025-10-21 20:23:17] [INFO] [main] [reportLockers] Timeout efectivo en ejecución: 30000
[2025-10-21 20:23:17] [INFO] [main] [reportLockers] Intento 1: HOST -> http://localhost:8080
[2025-10-21 20:23:17] [INFO] [main] [reportLockers] Intento 1: URL -> /api/lockers/report
[2025-10-21 20:23:17] [INFO] [main] [reportLockers] Intento 1: Request -> {"startDate":"2025-10-21 05:00:00","endDate":"2025-10-22 01:23:59","sendEmail":false}
[2025-10-21 20:23:17] [INFO] [main] [reportLockers] Iniciando petición para obtener el reporte de casilleros
[2025-10-21 20:23:17] [INFO] [main] [reportLockers] Timeout efectivo en ejecución: 30000
[2025-10-21 20:23:17] [INFO] [main] [reportLockers] Intento 1: HOST -> http://localhost:8080
[2025-10-21 20:23:17] [INFO] [main] [reportLockers] Intento 1: URL -> /api/lockers/report
[2025-10-21 20:23:17] [INFO] [main] [reportLockers] Intento 1: Request -> {"startDate":"2025-10-21 05:00:00","endDate":"2025-10-22 01:23:59","sendEmail":false}
[2025-10-21 20:23:17] [INFO] [main] [useConfig] Configuración inicial obtenida
[2025-10-21 20:23:17] [INFO] [main] [useConfig] Configuración inicial obtenida
[2025-10-21 20:23:17] [INFO] [main] [useConfig] Configuración inicial obtenida
[2025-10-21 20:23:17] [INFO] [main] [useConfig] Configuración inicial obtenida
[2025-10-21 20:23:17] [INFO] [main] [reportLockers] Response. Status: 200
[2025-10-21 20:23:17] [INFO] [main] [reportLockers] Response. Data: null
[2025-10-21 20:23:17] [INFO] [main] [reportLockers] Response. Status: 200
[2025-10-21 20:23:17] [INFO] [main] [reportLockers] Response. Data: null
[2025-10-21 20:23:23] [INFO] [main] [reportLockers] Iniciando petición para obtener el reporte de casilleros
[2025-10-21 20:23:23] [INFO] [main] [reportLockers] Timeout efectivo en ejecución: 30000
[2025-10-21 20:23:23] [INFO] [main] [reportLockers] Intento 1: HOST -> http://localhost:8080
[2025-10-21 20:23:23] [INFO] [main] [reportLockers] Intento 1: URL -> /api/lockers/report
[2025-10-21 20:23:23] [INFO] [main] [reportLockers] Intento 1: Request -> {"startDate":"2025-10-01 05:00:00","endDate":"2025-10-22 01:23:59","sendEmail":false}
[2025-10-21 20:23:23] [INFO] [main] [reportLockers] Response. Status: 200
[2025-10-21 20:23:23] [INFO] [main] [reportLockers] Response. Data: [{"ID":1,"LockerID":52,"Phone":"3233004015","PIN":"1996","Active":0,"StartTime":"2025-10-01T12:37:08Z","EndTime":"2025-10-01T13:21:19Z","AmountPaid":1500,"OpenBy":"user","LockerCode":"F2"},{"ID":2,"LockerID":3,"Phone":"3112578764","PIN":"8617","Active":0,"StartTime":"2025-10-01T16:01:40Z","EndTime":"2025-10-01T17:59:50Z","AmountPaid":1500,"OpenBy":"user","LockerCode":"A3"},{"ID":3,"LockerID":29,"Phone":"3502087413","PIN":"1972","Active":0,"StartTime":"2025-10-01T16:37:31Z","EndTime":"2025-10-01T18:15:58Z","AmountPaid":1500,"OpenBy":"user","LockerCode":"C9"},{"ID":4,"LockerID":24,"Phone":"3057498660","PIN":"2610","Active":0,"StartTime":"2025-10-01T19:10:06Z","EndTime":"2025-10-01T21:34:16Z","AmountPaid":1500,"OpenBy":"user","LockerCode":"C4"},{"ID":5,"LockerID":36,"Phone":"3003803986","PIN":"0852","Active":0,"StartTime":"2025-10-01T19:23:00Z","EndTime":"2025-10-01T23:46:33Z","AmountPaid":1500,"OpenBy":"user","LockerCode":"D6"},{"ID":6,"LockerID":14,"Phone":"3024179013","PIN":"4689","Active":0,"StartTime":"2025-10-01T22:15:50Z","EndTime":"2025-10-01T23:49:54Z","AmountPaid":1500,"OpenBy":"user","LockerCode":"B4"},{"ID":7,"LockerID":31,"Phone":"3160673333","PIN":"0715","Active":0,"StartTime":"2025-10-01T22:53:37Z","EndTime":"2025-10-02T01:42:54Z","AmountPaid":1500,"OpenBy":"user","LockerCode":"D1"},{"ID":8,"LockerID":52,"Phone":"3144825632","PIN":"1029","Active":0,"StartTime":"2025-10-01T22:55:20Z","EndTime":"2025-10-02T01:52:47Z","AmountPaid":1500,"OpenBy":"user","LockerCode":"F2"},{"ID":9,"LockerID":4,"Phone":"3209057786","PIN":"3117","Active":0,"StartTime":"2025-10-02T00:17:47Z","EndTime":"2025-10-02T02:34:56Z","AmountPaid":1500,"OpenBy":"user","LockerCode":"A4"},{"ID":10,"LockerID":10,"Phone":"3224191522","PIN":"1997","Active":0,"StartTime":"2025-10-02T00:18:59Z","EndTime":"2025-10-02T02:34:36Z","AmountPaid":1900,"OpenBy":"user","LockerCode":"A10"},{"ID":11,"LockerID":12,"Phone":"3127201635","PIN":"1999","Active":0,"StartTime":"2025-10-02T00:20:42Z","EndTime":"2025-10-02T02:37:26Z","AmountPaid":1500,"OpenBy":"user","LockerCode":"B2"},{"ID":12,"LockerID":58,"Phone":"3107982218","PIN":"1982","Active":0,"StartTime":"2025-10-02T01:59:37Z","EndTime":"2025-10-02T04:57:40Z","AmountPaid":1500,"OpenBy":"user","LockerCode":"F8"},{"ID":13,"LockerID":55,"Phone":"3123004862","PIN":"0721","Active":0,"StartTime":"2025-10-02T12:24:32Z","EndTime":"2025-10-02T12:38:10Z","AmountPaid":1500,"OpenBy":"user","LockerCode":"F5"},{"ID":14,"LockerID":34,"Phone":"3103505998","PIN":"4753","Active":0,"StartTime":"2025-10-02T13:22:41Z","EndTime":"2025-10-02T16:37:43Z","AmountPaid":1500,"OpenBy":"user","LockerCode":"D4"},{"ID":15,"LockerID":39,"Phone":"3205326065","PIN":"2608","Active":0,"StartTime":"2025-10-02T17:30:06Z","EndTime":"2025-10-02T21:49:20Z","AmountPaid":1500,"OpenBy":"user","LockerCode":"D9"},{"ID":16,"LockerID":44,"Phone":"3115583472","PIN":"1242","Active":0,"StartTime":"2025-10-02T18:56:05Z","EndTime":"2025-10-02T21:49:37Z","AmountPaid":1500,"OpenBy":"user","LockerCode":"E4"},{"ID":17,"LockerID":4,"Phone":"3203994118","PIN":"1508","Active":0,"StartTime":"2025-10-02T18:56:46Z","EndTime":"2025-10-02T20:41:34Z","AmountPaid":1500,"OpenBy":"local","LockerCode":"A4"},{"ID":18,"LockerID":23,"Phone":"3212964463","PIN":"1234","Active":0,"StartTime":"2025-10-02T19:38:03Z","EndTime":"2025-10-02T19:38:03Z","AmountPaid":1500,"OpenBy":"error","LockerCode":"C3"},{"ID":19,"LockerID":28,"Phone":"3212964463","PIN":"1234","Active":0,"StartTime":"2025-10-02T19:38:04Z","EndTime":"2025-10-02T19:38:04Z","AmountPaid":1500,"OpenBy":"error","LockerCode":"C8"},{"ID":20,"LockerID":24,"Phone":"3212964463","PIN":"1234","Active":0,"StartTime":"2025-10-02T19:38:06Z","EndTime":"2025-10-02T19:38:06Z","AmountPaid":1500,"OpenBy":"error","LockerCode":"C4"},{"ID":21,"LockerID":52,"Phone":"3212964463","PIN":"1234","Active":0,"StartTime":"2025-10-02T19:38:07Z","EndTime":"2025-10-02T19:38:07Z","AmountPaid":1500,"OpenBy":"error","LockerCode":"F2"},{"ID":22,"LockerID":25,"Phone":"3212964463","PIN":"1234","Active":0,"StartTime":"2025-10-02T19:38:08Z","EndTime":"2025-10-02T19:38:08Z","AmountPaid":1500,"OpenBy":"error","LockerCode":"C5"},{"ID":23,"LockerID":59,"Phone":"3212964463","PIN":"1234","Active":0,"StartTime":"2025-10-02T19:38:27Z","EndTime":"2025-10-02T19:38:27Z","AmountPaid":1500,"OpenBy":"error","LockerCode":"F9"},{"ID":24,"LockerID":46,"Phone":"3212964463","PIN":"1234","Active":0,"StartTime":"2025-10-02T19:38:28Z","EndTime":"2025-10-02T19:38:28Z","AmountPaid":1500,"OpenBy":"error","LockerCode":"E6"},{"ID":25,"LockerID":29,"Phone":"3212964463","PIN":"1234","Active":0,"StartTime":"2025-10-02T19:38:29Z","EndTime":"2025-10-02T19:38:29Z","AmountPaid":1500,"OpenBy":"error","LockerCode":"C9"},{"ID":26,"LockerID":10,"Phone":"3212964463","PIN":"1234","Active":0,"StartTime":"2025-10-02T19:38:30Z","EndTime":"2025-10-02T19:38:30Z","AmountPaid":1500,"OpenBy":"error","LockerCode":"A10"},{"ID":27,"LockerID":18,"Phone":"3212964463","PIN":"1234","Active":0,"StartTime":"2025-10-02T19:38:31Z","EndTime":"2025-10-02T19:38:31Z","AmountPaid":1500,"OpenBy":"error","LockerCode":"B8"},{"ID":28,"LockerID":6,"Phone":"3212964463","PIN":"1234","Active":0,"StartTime":"2025-10-02T19:38:40Z","EndTime":"2025-10-02T19:38:40Z","AmountPaid":1500,"OpenBy":"error","LockerCode":"A6"},{"ID":29,"LockerID":5,"Phone":"3212964463","PIN":"1234","Active":0,"StartTime":"2025-10-02T19:38:41Z","EndTime":"2025-10-02T19:38:41Z","AmountPaid":1500,"OpenBy":"error","LockerCode":"A5"},{"ID":30,"LockerID":26,"Phone":"3212964463","PIN":"1234","Active":0,"StartTime":"2025-10-02T19:38:42Z","EndTime":"2025-10-02T19:38:42Z","AmountPaid":1500,"OpenBy":"error","LockerCode":"C6"},{"ID":31,"LockerID":13,"Phone":"3212964463","PIN":"1234","Active":0,"StartTime":"2025-10-02T19:38:43Z","EndTime":"2025-10-02T19:38:43Z","AmountPaid":1500,"OpenBy":"error","LockerCode":"B3"},{"ID":32,"LockerID":50,"Phone":"3212964463","PIN":"1234","Active":0,"StartTime":"2025-10-02T19:38:44Z","EndTime":"2025-10-02T19:38:44Z","AmountPaid":1500,"OpenBy":"error","LockerCode":"E10"},{"ID":33,"LockerID":55,"Phone":"3212964463","PIN":"1234","Active":0,"StartTime":"2025-10-02T19:39:09Z","EndTime":"2025-10-02T19:39:09Z","AmountPaid":1500,"OpenBy":"error","LockerCode":"F5"},{"ID":34,"LockerID":43,"Phone":"3212964463","PIN":"1234","Active":0,"StartTime":"2025-10-02T19:39:10Z","EndTime":"2025-10-02T19:39:10Z","AmountPaid":1500,"OpenBy":"error","LockerCode":"E3"},{"ID":35,"LockerID":30,"Phone":"3212964463","PIN":"1234","Active":0,"StartTime":"2025-10-02T19:39:11Z","EndTime":"2025-10-02T19:39:11Z","AmountPaid":1500,"OpenBy":"error","LockerCode":"C10"},{"ID":36,"LockerID":40,"Phone":"3212964463","PIN":"1234","Active":0,"StartTime":"2025-10-02T19:39:12Z","EndTime":"2025-10-02T19:39:12Z","AmountPaid":1500,"OpenBy":"error","LockerCode":"D10"},{"ID":37,"LockerID":60,"Phone":"3212964463","PIN":"1234","Active":0,"StartTime":"2025-10-02T19:39:13Z","EndTime":"2025-10-02T19:39:13Z","AmountPaid":1500,"OpenBy":"error","LockerCode":"F10"},{"ID":38,"LockerID":58,"Phone":"3212964463","PIN":"1234","Active":0,"StartTime":"2025-10-02T19:39:19Z","EndTime":"2025-10-02T19:39:19Z","AmountPaid":1500,"OpenBy":"error","LockerCode":"F8"},{"ID":39,"LockerID":8,"Phone":"3212964463","PIN":"1234","Active":0,"StartTime":"2025-10-02T19:39:20Z","EndTime":"2025-10-02T19:39:20Z","AmountPaid":1500,"OpenBy":"error","LockerCode":"A8"},{"ID":40,"LockerID":36,"Phone":"3212964463","PIN":"1234","Active":0,"StartTime":"2025-10-02T19:39:21Z","EndTime":"2025-10-02T19:39:21Z","AmountPaid":1500,"OpenBy":"error","LockerCode":"D6"},{"ID":41,"LockerID":3,"Phone":"3212964463","PIN":"1234","Active":0,"StartTime":"2025-10-02T19:39:22Z","EndTime":"2025-10-02T19:39:22Z","AmountPaid":1500,"OpenBy":"error","LockerCode":"A3"},{"ID":42,"LockerID":19,"Phone":"3212964463","PIN":"1234","Active":0,"StartTime":"2025-10-02T19:39:23Z","EndTime":"2025-10-02T19:39:23Z","AmountPaid":1500,"OpenBy":"error","LockerCode":"B9"},{"ID":43,"LockerID":42,"Phone":"3212964463","PIN":"1234","Active":0,"StartTime":"2025-10-02T19:39:50Z","EndTime":"2025-10-02T19:39:50Z","AmountPaid":1500,"OpenBy":"error","LockerCode":"E2"},{"ID":44,"LockerID":27,"Phone":"3212964463","PIN":"1234","Active":0,"StartTime":"2025-10-02T19:39:51Z","EndTime":"2025-10-02T19:39:51Z","AmountPaid":1500,"OpenBy":"error","LockerCode":"C7"},{"ID":45,"LockerID":2,"Phone":"3212964463","PIN":"1234","Active":0,"StartTime":"2025-10-02T19:39:52Z","EndTime":"2025-10-02T19:39:52Z","AmountPaid":1500,"OpenBy":"error","LockerCode":"A2"},{"ID":46,"LockerID":38,"Phone":"3212964463","PIN":"1234","Active":0,"StartTime":"2025-10-02T19:39:53Z","EndTime":"2025-10-02T19:39:53Z","AmountPaid":1500,"OpenBy":"error","LockerCode":"D8"},{"ID":47,"LockerID":11,"Phone":"3212964463","PIN":"1234","Active":0,"StartTime":"2025-10-02T19:39:54Z","EndTime":"2025-10-02T19:39:54Z","AmountPaid":1500,"OpenBy":"error","LockerCode":"B1"},{"ID":48,"LockerID":57,"Phone":"3212964463","PIN":"1234","Active":0,"StartTime":"2025-10-02T19:40:17Z","EndTime":"2025-10-02T19:40:17Z","AmountPaid":1500,"OpenBy":"error","LockerCode":"F7"},{"ID":49,"LockerID":49,"Phone":"3212964463","PIN":"1234","Active":0,"StartTime":"2025-10-02T19:40:18Z","EndTime":"2025-10-02T19:40:18Z","AmountPaid":1500,"OpenBy":"error","LockerCode":"E9"},{"ID":50,"LockerID":16,"Phone":"3212964463","PIN":"1234","Active":0,"StartTime":"2025-10-02T19:40:19Z","EndTime":"2025-10-02T19:40:19Z","AmountPaid":1500,"OpenBy":"error","LockerCode":"B6"},{"ID":51,"LockerID":9,"Phone":"3212964463","PIN":"1234","Active":0,"StartTime":"2025-10-02T19:40:20Z","EndTime":"2025-10-02T19:40:20Z","AmountPaid":1500,"OpenBy":"error","LockerCode":"A9"},{"ID":52,"LockerID":34,"Phone":"3212964463","PIN":"1234","Active":0,"StartTime":"2025-10-02T19:40:21Z","EndTime":"2025-10-02T19:40:21Z","AmountPaid":1500,"OpenBy":"error","LockerCode":"D4"},{"ID":53,"LockerID":20,"Phone":"3212964463","PIN":"1234","Active":0,"StartTime":"2025-10-02T19:40:32Z","EndTime":"2025-10-02T19:40:32Z","AmountPaid":1500,"OpenBy":"error","LockerCode":"B10"},{"ID":54,"LockerID":45,"Phone":"3212964463","PIN":"1234","Active":0,"StartTime":"2025-10-02T19:40:33Z","EndTime":"2025-10-02T19:40:33Z","AmountPaid":1500,"OpenBy":"error","LockerCode":"E5"},{"ID":55,"LockerID":7,"Phone":"3212964463","PIN":"1234","Active":0,"StartTime":"2025-10-02T19:40:34Z","EndTime":"2025-10-02T19:40:34Z","AmountPaid":1500,"OpenBy":"error","LockerCode":"A7"},{"ID":56,"LockerID":32,"Phone":"3212964463","PIN":"1234","Active":0,"StartTime":"2025-10-02T19:40:35Z","EndTime":"2025-10-02T19:40:35Z","AmountPaid":1500,"OpenBy":"error","LockerCode":"D2"},{"ID":57,"LockerID":54,"Phone":"3212964463","PIN":"1234","Active":0,"StartTime":"2025-10-02T19:40:36Z","EndTime":"2025-10-02T19:40:36Z","AmountPaid":1500,"OpenBy":"error","LockerCode":"F4"},{"ID":58,"LockerID":37,"Phone":"3212964463","PIN":"1234","Active":0,"StartTime":"2025-10-02T19:40:53Z","EndTime":"2025-10-02T19:40:53Z","AmountPaid":1500,"OpenBy":"error","LockerCode":"D7"},{"ID":59,"LockerID":1,"Phone":"3212964463","PIN":"1234","Active":0,"StartTime":"2025-10-02T19:40:54Z","EndTime":"2025-10-02T19:40:54Z","AmountPaid":1500,"OpenBy":"error","LockerCode":"A1"},{"ID":60,"LockerID":12,"Phone":"3212964463","PIN":"1234","Active":0,"StartTime":"2025-10-02T19:40:55Z","EndTime":"2025-10-02T19:40:55Z","AmountPaid":1500,"OpenBy":"error","LockerCode":"B2"},{"ID":61,"LockerID":35,"Phone":"3212964463","PIN":"1234","Active":0,"StartTime":"2025-10-02T19:40:56Z","EndTime":"2025-10-02T19:40:56Z","AmountPaid":1500,"OpenBy":"error","LockerCode":"D5"},{"ID":62,"LockerID":41,"Phone":"3212964463","PIN":"1234","Active":0,"StartTime":"2025-10-02T19:40:57Z","EndTime":"2025-10-02T19:40:57Z","AmountPaid":1500,"OpenBy":"error","LockerCode":"E1"},{"ID":63,"LockerID":14,"Phone":"3212964463","PIN":"1234","Active":0,"StartTime":"2025-10-02T19:41:05Z","EndTime":"2025-10-02T19:41:05Z","AmountPaid":1500,"OpenBy":"error","LockerCode":"B4"},{"ID":64,"LockerID":53,"Phone":"3212964463","PIN":"1234","Active":0,"StartTime":"2025-10-02T19:41:06Z","EndTime":"2025-10-02T19:41:06Z","AmountPaid":1500,"OpenBy":"error","LockerCode":"F3"},{"ID":65,"LockerID":15,"Phone":"3212964463","PIN":"1234","Active":0,"StartTime":"2025-10-02T19:41:07Z","EndTime":"2025-10-02T19:41:07Z","AmountPaid":1500,"OpenBy":"error","LockerCode":"B5"},{"ID":66,"LockerID":51,"Phone":"3212964463","PIN":"1234","Active":0,"StartTime":"2025-10-02T19:41:08Z","EndTime":"2025-10-02T19:41:08Z","AmountPaid":1500,"OpenBy":"error","LockerCode":"F1"},{"ID":67,"LockerID":17,"Phone":"3212964463","PIN":"1234","Active":0,"StartTime":"2025-10-02T19:41:09Z","EndTime":"2025-10-02T19:41:09Z","AmountPaid":1500,"OpenBy":"error","LockerCode":"B7"},{"ID":68,"LockerID":31,"Phone":"3212964463","PIN":"1234","Active":0,"StartTime":"2025-10-02T19:41:34Z","EndTime":"2025-10-02T19:41:34Z","AmountPaid":1500,"OpenBy":"error","LockerCode":"D1"},{"ID":69,"LockerID":21,"Phone":"3212964463","PIN":"1234","Active":0,"StartTime":"2025-10-02T19:41:35Z","EndTime":"2025-10-02T19:41:35Z","AmountPaid":1500,"OpenBy":"error","LockerCode":"C1"},{"ID":70,"LockerID":33,"Phone":"3212964463","PIN":"1234","Active":0,"StartTime":"2025-10-02T19:41:36Z","EndTime":"2025-10-02T19:41:36Z","AmountPaid":1500,"OpenBy":"error","LockerCode":"D3"},{"ID":71,"LockerID":47,"Phone":"3212964463","PIN":"1234","Active":0,"StartTime":"2025-10-02T19:41:37Z","EndTime":"2025-10-02T19:41:37Z","AmountPaid":1500,"OpenBy":"error","LockerCode":"E7"},{"ID":72,"LockerID":56,"Phone":"3212964463","PIN":"1234","Active":0,"StartTime":"2025-10-02T19:41:38Z","EndTime":"2025-10-02T19:41:38Z","AmountPaid":1500,"OpenBy":"error","LockerCode":"F6"},{"ID":73,"LockerID":48,"Phone":"3212200322","PIN":"5221","Active":0,"StartTime":"2025-10-02T19:59:27Z","EndTime":"2025-10-02T19:59:27Z","AmountPaid":1500,"OpenBy":"error","LockerCode":"E8"},{"ID":74,"LockerID":22,"Phone":"3212200322","PIN":"5221","Active":0,"StartTime":"2025-10-02T19:59:28Z","EndTime":"2025-10-02T19:59:28Z","AmountPaid":1500,"OpenBy":"error","LockerCode":"C2"},{"ID":75,"LockerID":29,"Phone":"3024656973","PIN":"1014","Active":0,"StartTime":"2025-10-02T21:06:26Z","EndTime":"2025-10-02T22:09:30Z","AmountPaid":1500,"OpenBy":"user","LockerCode":"C9"},{"ID":76,"LockerID":43,"Phone":"3118929223","PIN":"5463","Active":0,"StartTime":"2025-10-02T22:50:35Z","EndTime":"2025-10-03T00:28:24Z","AmountPaid":1500,"OpenBy":"user","LockerCode":"E3"},{"ID":77,"LockerID":35,"Phone":"3232281069","PIN":"8349","Active":0,"StartTime":"2025-10-02T23:18:28Z","EndTime":"2025-10-03T00:06:37Z","AmountPaid":1500,"OpenBy":"user","LockerCode":"D5"},{"ID":78,"LockerID":55,"Phone":"3123776305","PIN":"2401","Active":0,"StartTime":"2025-10-02T23:22:34Z","EndTime":"2025-10-03T01:43:53Z","AmountPaid":1500,"OpenBy":"user","LockerCode":"F5"},{"ID":79,"LockerID":48,"Phone":"3212209099","PIN":"1231","Active":0,"StartTime":"2025-10-02T23:30:50Z","EndTime":"2025-10-03T01:26:31Z","AmountPaid":1500,"OpenBy":"user","LockerCode":"E8"},{"ID":80,"LockerID":50,"Phone":"3154109246","PIN":"0852","Active":0,"StartTime":"2025-10-02T23:46:09Z","EndTime":"2025-10-03T02:03:36Z","AmountPaid":1500,"OpenBy":"user","LockerCode":"E10"},{"ID":81,"LockerID":13,"Phone":"3002736032","PIN":"3002","Active":0,"StartTime":"2025-10-03T00:01:57Z","EndTime":"2025-10-03T03:57:32Z","AmountPaid":1500,"OpenBy":"user","LockerCode":"B3"},{"ID":82,"LockerID":42,"Phone":"3014017502","PIN":"2074","Active":0,"StartTime":"2025-10-03T00:03:05Z","EndTime":"2025-10-03T01:32:59Z","AmountPaid":1500,"OpenBy":"user","LockerCode":"E2"},{"ID":83,"LockerID":52,"Phone":"3104017502","PIN":"2074","Active":0,"StartTime":"2025-10-03T00:05:22Z","EndTime":"2025-10-03T01:57:32Z","AmountPaid":1500,"OpenBy":"user","LockerCode":"F2"},{"ID":84,"LockerID":56,"Phone":"3057061817","PIN":"1810","Active":0,"StartTime":"2025-10-03T12:27:22Z","EndTime":"2025-10-03T12:27:23Z","AmountPaid":1500,"OpenBy":"error","LockerCode":"F6"},{"ID":85,"LockerID":32,"Phone":"3057061817","PIN":"1810","Active":0,"StartTime":"2025-10-03T12:27:24Z","EndTime":"2025-10-03T13:28:54Z","AmountPaid":1500,"OpenBy":"user","LockerCode":"D2"},{"ID":86,"LockerID":38,"Phone":"3002769664","PIN":"7501","Active":0,"StartTime":"2025-10-03T16:08:12Z","EndTime":"2025-10-03T18:25:01Z","AmountPaid":1500,"OpenBy":"user","LockerCode":"D8"},{"ID":87,"LockerID":39,"Phone":"3054382129","PIN":"1510","Active":0,"StartTime":"2025-10-03T16:52:24Z","EndTime":"2025-10-03T18:42:29Z","AmountPaid":1500,"OpenBy":"user","LockerCode":"D9"},{"ID":88,"LockerID":11,"Phone":"3134264648","PIN":"1234","Active":0,"StartTime":"2025-10-03T18:48:36Z","EndTime":"2025-10-03T18:48:36Z","AmountPaid":1500,"OpenBy":"error","LockerCode":"B1"},{"ID":89,"LockerID":25,"Phone":"3134264648","PIN":"1234","Active":0,"StartTime":"2025-10-03T18:48:37Z","EndTime":"2025-10-03T18:48:37Z","AmountPaid":1500,"OpenBy":"error","LockerCode":"C5"},{"ID":90,"LockerID":4,"Phone":"3134264648","PIN":"1234","Active":0,"StartTime":"2025-10-03T18:48:38Z","EndTime":"2025-10-03T18:48:38Z","AmountPaid":1500,"OpenBy":"error","LockerCode":"A4"},{"ID":91,"LockerID":57,"Phone":"3134264648","PIN":"1234","Active":0,"StartTime":"2025-10-03T18:48:39Z","EndTime":"2025-10-03T18:48:40Z","AmountPaid":1500,"OpenBy":"error","LockerCode":"F7"},{"ID":92,"LockerID":49,"Phone":"3134264648","PIN":"1234","Active":0,"StartTime":"2025-10-03T18:48:41Z","EndTime":"2025-10-03T18:48:41Z","AmountPaid":1500,"OpenBy":"error","LockerCode":"E9"},{"ID":93,"LockerID":5,"Phone":"3134264648","PIN":"1234","Active":0,"StartTime":"2025-10-03T18:48:55Z","EndTime":"2025-10-03T18:48:55Z","AmountPaid":1500,"OpenBy":"error","LockerCode":"A5"},{"ID":94,"LockerID":47,"Phone":"3134264648","PIN":"1234","Active":0,"StartTime":"2025-10-03T18:48:56Z","EndTime":"2025-10-03T18:48:56Z","AmountPaid":1500,"OpenBy":"error","LockerCode":"E7"},{"ID":95,"LockerID":2,"Phone":"3134264648","PIN":"1234","Active":0,"StartTime":"2025-10-03T18:48:57Z","EndTime":"2025-10-03T18:48:57Z","AmountPaid":1500,"OpenBy":"error","LockerCode":"A2"},{"ID":96,"LockerID":6,"Phone":"3134264648","PIN":"1234","Active":0,"StartTime":"2025-10-03T18:48:58Z","EndTime":"2025-10-03T18:48:58Z","AmountPaid":1500,"OpenBy":"error","LockerCode":"A6"},{"ID":97,"LockerID":33,"Phone":"3134264648","PIN":"1234","Active":0,"StartTime":"2025-10-03T18:48:59Z","EndTime":"2025-10-03T18:48:59Z","AmountPaid":1500,"OpenBy":"error","LockerCode":"D3"},{"ID":98,"LockerID":18,"Phone":"3134264648","PIN":"1234","Active":0,"StartTime":"2025-10-03T18:49:08Z","EndTime":"2025-10-03T18:49:08Z","AmountPaid":1500,"OpenBy":"error","LockerCode":"B8"},{"ID":99,"LockerID":7,"Phone":"3134264648","PIN":"1234","Active":0,"StartTime":"2025-10-03T18:49:09Z","EndTime":"2025-10-03T18:49:09Z","AmountPaid":1500,"OpenBy":"error","LockerCode":"A7"},{"ID":100,"LockerID":43,"Phone":"3134264648","PIN":"1234","Active":0,"StartTime":"2025-10-03T18:49:10Z","EndTime":"2025-10-03T18:49:10Z","AmountPaid":1500,"OpenBy":"error","LockerCode":"E3"},{"ID":101,"LockerID":58,"Phone":"3134264648","PIN":"1234","Active":0,"StartTime":"2025-10-03T18:49:11Z","EndTime":"2025-10-03T18:49:11Z","AmountPaid":1500,"OpenBy":"error","LockerCode":"F8"},{"ID":102,"LockerID":48,"Phone":"3134264648","PIN":"1234","Active":0,"StartTime":"2025-10-03T18:49:12Z","EndTime":"2025-10-03T18:49:12Z","AmountPaid":1500,"OpenBy":"error","LockerCode":"E8"},{"ID":103,"LockerID":37,"Phone":"3134264648","PIN":"1234","Active":0,"StartTime":"2025-10-03T18:49:29Z","EndTime":"2025-10-03T18:49:30Z","AmountPaid":1500,"OpenBy":"error","LockerCode":"D7"},{"ID":104,"LockerID":24,"Phone":"3134264648","PIN":"1234","Active":0,"StartTime":"2025-10-03T18:49:31Z","EndTime":"2025-10-03T18:49:31Z","AmountPaid":1500,"OpenBy":"error","LockerCode":"C4"},{"ID":105,"LockerID":14,"Phone":"3134264648","PIN":"1234","Active":0,"StartTime":"2025-10-03T18:49:32Z","EndTime":"2025-10-03T18:49:32Z","AmountPaid":1500,"OpenBy":"error","LockerCode":"B4"},{"ID":106,"LockerID":51,"Phone":"3134264648","PIN":"1234","Active":0,"StartTime":"2025-10-03T18:49:33Z","EndTime":"2025-10-03T18:49:33Z","AmountPaid":1500,"OpenBy":"error","LockerCode":"F1"},{"ID":107,"LockerID":31,"Phone":"3134264648","PIN":"1234","Active":0,"StartTime":"2025-10-03T18:49:34Z","EndTime":"2025-10-03T18:49:34Z","AmountPaid":1500,"OpenBy":"error","LockerCode":"D1"},{"ID":108,"LockerID":21,"Phone":"3134264648","PIN":"1234","Active":0,"StartTime":"2025-10-03T18:50:07Z","EndTime":"2025-10-03T18:50:07Z","AmountPaid":1500,"OpenBy":"error","LockerCode":"C1"},{"ID":109,"LockerID":22,"Phone":"3134264648","PIN":"1234","Active":0,"StartTime":"2025-10-03T18:50:08Z","EndTime":"2025-10-03T18:50:08Z","AmountPaid":1500,"OpenBy":"error","LockerCode":"C2"},{"ID":110,"LockerID":8,"Phone":"3134264648","PIN":"1234","Active":0,"StartTime":"2025-10-03T18:50:09Z","EndTime":"2025-10-03T18:50:09Z","AmountPaid":1500,"OpenBy":"error","LockerCode":"A8"},{"ID":111,"LockerID":12,"Phone":"3134264648","PIN":"1234","Active":0,"StartTime":"2025-10-03T18:50:10Z","EndTime":"2025-10-03T18:50:10Z","AmountPaid":1500,"OpenBy":"error","LockerCode":"B2"},{"ID":112,"LockerID":13,"Phone":"3134264648","PIN":"1234","Active":0,"StartTime":"2025-10-03T18:50:11Z","EndTime":"2025-10-03T18:50:11Z","AmountPaid":1500,"OpenBy":"error","LockerCode":"B3"},{"ID":113,"LockerID":27,"Phone":"3134264648","PIN":"1234","Active":0,"StartTime":"2025-10-03T18:50:32Z","EndTime":"2025-10-03T18:50:32Z","AmountPaid":1500,"OpenBy":"error","LockerCode":"C7"},{"ID":114,"LockerID":9,"Phone":"3134264648","PIN":"1234","Active":0,"StartTime":"2025-10-03T18:50:33Z","EndTime":"2025-10-03T18:50:33Z","AmountPaid":1500,"OpenBy":"error","LockerCode":"A9"},{"ID":115,"LockerID":38,"Phone":"3134264648","PIN":"1234","Active":0,"StartTime":"2025-10-03T18:50:34Z","EndTime":"2025-10-03T18:50:34Z","AmountPaid":1500,"OpenBy":"error","LockerCode":"D8"},{"ID":116,"LockerID":34,"Phone":"3134264648","PIN":"1234","Active":0,"StartTime":"2025-10-03T18:50:35Z","EndTime":"2025-10-03T18:50:35Z","AmountPaid":1500,"OpenBy":"error","LockerCode":"D4"},{"ID":117,"LockerID":50,"Phone":"3134264648","PIN":"1234","Active":0,"StartTime":"2025-10-03T18:50:37Z","EndTime":"2025-10-03T18:50:37Z","AmountPaid":1500,"OpenBy":"error","LockerCode":"E10"},{"ID":118,"LockerID":20,"Phone":"3134264648","PIN":"1234","Active":0,"StartTime":"2025-10-03T18:51:04Z","EndTime":"2025-10-03T18:51:04Z","AmountPaid":1500,"OpenBy":"error","LockerCode":"B10"},{"ID":119,"LockerID":42,"Phone":"3134264648","PIN":"1234","Active":0,"StartTime":"2025-10-03T18:51:05Z","EndTime":"2025-10-03T18:51:05Z","AmountPaid":1500,"OpenBy":"error","LockerCode":"E2"},{"ID":120,"LockerID":40,"Phone":"3134264648","PIN":"1234","Active":0,"StartTime":"2025-10-03T18:51:06Z","EndTime":"2025-10-03T18:51:06Z","AmountPaid":1500,"OpenBy":"error","LockerCode":"D10"},{"ID":121,"LockerID":52,"Phone":"3134264648","PIN":"1234","Active":0,"StartTime":"2025-10-03T18:51:07Z","EndTime":"2025-10-03T18:51:07Z","AmountPaid":1500,"OpenBy":"error","LockerCode":"F2"},{"ID":122,"LockerID":16,"Phone":"3134264648","PIN":"1234","Active":0,"StartTime":"2025-10-03T18:51:08Z","EndTime":"2025-10-03T18:51:08Z","AmountPaid":1500,"OpenBy":"error","LockerCode":"B6"},{"ID":123,"LockerID":1,"Phone":"3134264648","PIN":"1234","Active":0,"StartTime":"2025-10-03T18:51:38Z","EndTime":"2025-10-03T18:51:38Z","AmountPaid":1500,"OpenBy":"error","LockerCode":"A1"},{"ID":124,"LockerID":36,"Phone":"3134264648","PIN":"1234","Active":0,"StartTime":"2025-10-03T18:51:39Z","EndTime":"2025-10-03T18:51:39Z","AmountPaid":1500,"OpenBy":"error","LockerCode":"D6"},{"ID":125,"LockerID":17,"Phone":"3134264648","PIN":"1234","Active":0,"StartTime":"2025-10-03T18:51:40Z","EndTime":"2025-10-03T18:51:40Z","AmountPaid":1500,"OpenBy":"error","LockerCode":"B7"},{"ID":126,"LockerID":46,"Phone":"3134264648","PIN":"1234","Active":0,"StartTime":"2025-10-03T18:51:41Z","EndTime":"2025-10-03T18:51:41Z","AmountPaid":1500,"OpenBy":"error","LockerCode":"E6"},{"ID":127,"LockerID":3,"Phone":"3134264648","PIN":"1234","Active":0,"StartTime":"2025-10-03T18:51:42Z","EndTime":"2025-10-03T18:51:42Z","AmountPaid":1500,"OpenBy":"error","LockerCode":"A3"},{"ID":128,"LockerID":10,"Phone":"3134264648","PIN":"1234","Active":0,"StartTime":"2025-10-03T18:52:15Z","EndTime":"2025-10-03T18:52:15Z","AmountPaid":1500,"OpenBy":"error","LockerCode":"A10"},{"ID":129,"LockerID":41,"Phone":"3134264648","PIN":"1234","Active":0,"StartTime":"2025-10-03T18:52:16Z","EndTime":"2025-10-03T18:52:16Z","AmountPaid":1500,"OpenBy":"error","LockerCode":"E1"},{"ID":130,"LockerID":32,"Phone":"3134264648","PIN":"1234","Active":0,"StartTime":"2025-10-03T18:52:17Z","EndTime":"2025-10-03T18:52:17Z","AmountPaid":1500,"OpenBy":"error","LockerCode":"D2"},{"ID":131,"LockerID":55,"Phone":"3134264648","PIN":"1234","Active":0,"StartTime":"2025-10-03T18:52:18Z","EndTime":"2025-10-03T18:52:18Z","AmountPaid":1500,"OpenBy":"error","LockerCode":"F5"},{"ID":132,"LockerID":35,"Phone":"3134264648","PIN":"1234","Active":0,"StartTime":"2025-10-03T18:52:19Z","EndTime":"2025-10-03T18:52:19Z","AmountPaid":1500,"OpenBy":"error","LockerCode":"D5"},{"ID":133,"LockerID":57,"Phone":"3138989876","PIN":"0857","Active":0,"StartTime":"2025-10-03T21:53:50Z","EndTime":"2025-10-04T03:31:14Z","AmountPaid":1500,"OpenBy":"user","LockerCode":"F7"},{"ID":134,"LockerID":14,"Phone":"3134526862","PIN":"1245","Active":0,"StartTime":"2025-10-03T21:58:23Z","EndTime":"2025-10-04T00:03:01Z","AmountPaid":1500,"OpenBy":"user","LockerCode":"B4"},{"ID":135,"LockerID":21,"Phone":"3207895989","PIN":"0303","Active":0,"StartTime":"2025-10-03T22:33:42Z","EndTime":"2025-10-03T23:31:37Z","AmountPaid":1500,"OpenBy":"user","LockerCode":"C1"},{"ID":136,"LockerID":39,"Phone":"3118471657","PIN":"1099","Active":0,"StartTime":"2025-10-03T23:02:04Z","EndTime":"2025-10-04T00:37:01Z","AmountPaid":1500,"OpenBy":"user","LockerCode":"D9"},{"ID":137,"LockerID":15,"Phone":"3197505984","PIN":"2512","Active":0,"StartTime":"2025-10-04T00:17:30Z","EndTime":"2025-10-04T02:38:51Z","AmountPaid":1500,"OpenBy":"user","LockerCode":"B5"},{"ID":138,"LockerID":21,"Phone":"3214378148","PIN":"2005","Active":0,"StartTime":"2025-10-04T00:40:52Z","EndTime":"2025-10-04T03:02:39Z","AmountPaid":1500,"OpenBy":"user","LockerCode":"C1"},{"ID":139,"LockerID":40,"Phone":"3208706973","PIN":"1008","Active":0,"StartTime":"2025-10-04T00:43:03Z","EndTime":"2025-10-04T03:03:06Z","AmountPaid":1500,"OpenBy":"user","LockerCode":"D10"},{"ID":140,"LockerID":26,"Phone":"3155456118","PIN":"3172","Active":0,"StartTime":"2025-10-04T12:08:46Z","EndTime":"2025-10-04T13:40:41Z","AmountPaid":1500,"OpenBy":"user","LockerCode":"C6"},{"ID":141,"LockerID":54,"Phone":"3102887154","PIN":"0106","Active":0,"StartTime":"2025-10-04T12:49:25Z","EndTime":"2025-10-04T13:45:20Z","AmountPaid":1500,"OpenBy":"user","LockerCode":"F4"},{"ID":142,"LockerID":43,"Phone":"3214489550","PIN":"1712","Active":0,"StartTime":"2025-10-04T12:55:02Z","EndTime":"2025-10-04T13:53:13Z","AmountPaid":1600,"OpenBy":"user","LockerCode":"E3"},{"ID":143,"LockerID":10,"Phone":"3106885890","PIN":"1379","Active":0,"StartTime":"2025-10-04T13:13:53Z","EndTime":"2025-10-04T16:22:50Z","AmountPaid":1500,"OpenBy":"local","LockerCode":"A10"},{"ID":144,"LockerID":13,"Phone":"3103737987","PIN":"0811","Active":0,"StartTime":"2025-10-04T13:20:46Z","EndTime":"2025-10-04T13:20:47Z","AmountPaid":1500,"OpenBy":"error","LockerCode":"B3"},{"ID":145,"LockerID":7,"Phone":"3103737987","PIN":"0811","Active":0,"StartTime":"2025-10-04T13:20:48Z","EndTime":"2025-10-04T13:20:49Z","AmountPaid":1500,"OpenBy":"error","LockerCode":"A7"},{"ID":146,"LockerID":20,"Phone":"3103737987","PIN":"0811","Active":0,"StartTime":"2025-10-04T13:20:50Z","EndTime":"2025-10-04T13:20:51Z","AmountPaid":1500,"OpenBy":"error","LockerCode":"B10"},{"ID":147,"LockerID":50,"Phone":"3103737987","PIN":"0811","Active":0,"StartTime":"2025-10-04T13:20:52Z","EndTime":"2025-10-04T13:20:53Z","AmountPaid":1500,"OpenBy":"error","LockerCode":"E10"},{"ID":148,"LockerID":12,"Phone":"3103737987","PIN":"0811","Active":0,"StartTime":"2025-10-04T13:20:54Z","EndTime":"2025-10-04T13:20:55Z","AmountPaid":1500,"OpenBy":"error","LockerCode":"B2"},{"ID":149,"LockerID":52,"Phone":"3103737987","PIN":"0811","Active":0,"StartTime":"2025-10-04T13:21:01Z","EndTime":"2025-10-04T13:21:01Z","AmountPaid":1500,"OpenBy":"error","LockerCode":"F2"},{"ID":150,"LockerID":11,"Phone":"3103737987","PIN":"0811","Active":0,"StartTime":"2025-10-04T13:21:02Z","EndTime":"2025-10-04T14:37:36Z","AmountPaid":1500,"OpenBy":"user","LockerCode":"B1"},{"ID":151,"LockerID":19,"Phone":"3027109127","PIN":"2003","Active":0,"StartTime":"2025-10-04T13:38:25Z","EndTime":"2025-10-04T15:54:32Z","AmountPaid":1500,"OpenBy":"user","LockerCode":"B9"},{"ID":152,"LockerID":59,"Phone":"3016186865","PIN":"3112","Active":0,"StartTime":"2025-10-04T13:54:17Z","EndTime":"2025-10-04T16:32:34Z","AmountPaid":2000,"OpenBy":"user","LockerCode":"F9"},{"ID":153,"LockerID":42,"Phone":"3112808315","PIN":"1606","Active":0,"StartTime":"2025-10-04T14:58:05Z","EndTime":"2025-10-04T20:58:07Z","AmountPaid":1500,"OpenBy":"user","LockerCode":"E2"},{"ID":154,"LockerID":37,"Phone":"3024675178","PIN":"1028","Active":0,"StartTime":"2025-10-04T15:19:32Z","EndTime":"2025-10-04T17:12:05Z","AmountPaid":1500,"OpenBy":"user","LockerCode":"D7"},{"ID":155,"LockerID":50,"Phone":"3158543242","PIN":"2626","Active":0,"StartTime":"2025-10-04T15:20:32Z","EndTime":"2025-10-04T18:03:04Z","AmountPaid":1500,"OpenBy":"user","LockerCode":"E10"},{"ID":156,"LockerID":36,"Phone":"3143706952","PIN":"1977","Active":0,"StartTime":"2025-10-04T15:32:49Z","EndTime":"2025-10-04T18:10:34Z","AmountPaid":1500,"OpenBy":"user","LockerCode":"D6"},{"ID":157,"LockerID":46,"Phone":"3208204998","PIN":"1234","Active":0,"StartTime":"2025-10-04T15:41:07Z","EndTime":"2025-10-04T19:20:40Z","AmountPaid":1500,"OpenBy":"user","LockerCode":"E6"},{"ID":158,"LockerID":58,"Phone":"3058060593","PIN":"3058","Active":0,"StartTime":"2025-10-04T16:50:30Z","EndTime":"2025-10-04T16:50:30Z","AmountPaid":1500,"OpenBy":"error","LockerCode":"F8"},{"ID":159,"LockerID":60,"Phone":"3058060593","PIN":"3058","Active":0,"StartTime":"2025-10-04T16:50:31Z","EndTime":"2025-10-04T16:50:31Z","AmountPaid":1500,"OpenBy":"error","LockerCode":"F10"},{"ID":160,"LockerID":14,"Phone":"3058060593","PIN":"3058","Active":0,"StartTime":"2025-10-04T16:50:32Z","EndTime":"2025-10-04T16:50:32Z","AmountPaid":1500,"OpenBy":"error","LockerCode":"B4"},{"ID":161,"LockerID":16,"Phone":"3058060593","PIN":"3058","Active":0,"StartTime":"2025-10-04T16:50:33Z","EndTime":"2025-10-04T16:50:33Z","AmountPaid":1500,"OpenBy":"error","LockerCode":"B6"},{"ID":162,"LockerID":22,"Phone":"3058060593","PIN":"3058","Active":0,"StartTime":"2025-10-04T16:50:34Z","EndTime":"2025-10-04T16:50:34Z","AmountPaid":1500,"OpenBy":"error","LockerCode":"C2"},{"ID":163,"LockerID":48,"Phone":"3058060593","PIN":"3058","Active":0,"StartTime":"2025-10-04T16:50:44Z","EndTime":"2025-10-04T16:50:44Z","AmountPaid":1500,"OpenBy":"error","LockerCode":"E8"},{"ID":164,"LockerID":29,"Phone":"3058060593","PIN":"3058","Active":0,"StartTime":"2025-10-04T16:50:45Z","EndTime":"2025-10-04T16:50:45Z","AmountPaid":1500,"OpenBy":"error","LockerCode":"C9"},{"ID":165,"LockerID":59,"Phone":"3058060593","PIN":"3058","Active":0,"StartTime":"2025-10-04T16:50:46Z","EndTime":"2025-10-04T16:50:46Z","AmountPaid":1500,"OpenBy":"error","LockerCode":"F9"},{"ID":166,"LockerID":51,"Phone":"3058060593","PIN":"3058","Active":0,"StartTime":"2025-10-04T16:50:47Z","EndTime":"2025-10-04T16:50:47Z","AmountPaid":1500,"OpenBy":"error","LockerCode":"F1"},{"ID":167,"LockerID":32,"Phone":"3058060593","PIN":"3058","Active":0,"StartTime":"2025-10-04T16:50:48Z","EndTime":"2025-10-04T16:50:48Z","AmountPaid":1500,"OpenBy":"error","LockerCode":"D2"},{"ID":168,"LockerID":38,"Phone":"3058060593","PIN":"3058","Active":0,"StartTime":"2025-10-04T16:51:28Z","EndTime":"2025-10-04T16:51:28Z","AmountPaid":1500,"OpenBy":"error","LockerCode":"D8"},{"ID":169,"LockerID":57,"Phone":"3058060593","PIN":"3058","Active":0,"StartTime":"2025-10-04T16:51:29Z","EndTime":"2025-10-04T16:51:29Z","AmountPaid":1500,"OpenBy":"error","LockerCode":"F7"},{"ID":170,"LockerID":19,"Phone":"3058060593","PIN":"3058","Active":0,"StartTime":"2025-10-04T16:51:30Z","EndTime":"2025-10-04T16:51:30Z","AmountPaid":1500,"OpenBy":"error","LockerCode":"B9"},{"ID":171,"LockerID":33,"Phone":"3058060593","PIN":"3058","Active":0,"StartTime":"2025-10-04T16:51:32Z","EndTime":"2025-10-04T16:51:32Z","AmountPaid":1500,"OpenBy":"error","LockerCode":"D3"},{"ID":172,"LockerID":39,"Phone":"3058060593","PIN":"3058","Active":0,"StartTime":"2025-10-04T16:51:33Z","EndTime":"2025-10-04T16:51:33Z","AmountPaid":1500,"OpenBy":"error","LockerCode":"D9"},{"ID":173,"LockerID":12,"Phone":"3058060593","PIN":"3058","Active":0,"StartTime":"2025-10-04T16:58:03Z","EndTime":"2025-10-04T18:21:25Z","AmountPaid":1500,"OpenBy":"user","LockerCode":"B2"},{"ID":174,"LockerID":5,"Phone":"3228975795","PIN":"1759","Active":0,"StartTime":"2025-10-04T18:26:58Z","EndTime":"2025-10-04T18:26:58Z","AmountPaid":1500,"OpenBy":"error","LockerCode":"A5"},{"ID":175,"LockerID":56,"Phone":"3228975795","PIN":"1759","Active":0,"StartTime":"2025-10-04T18:26:59Z","EndTime":"2025-10-04T18:26:59Z","AmountPaid":1500,"OpenBy":"error","LockerCode":"F6"},{"ID":176,"LockerID":4,"Phone":"3228975795","PIN":"1759","Active":0,"StartTime":"2025-10-04T18:27:00Z","EndTime":"2025-10-04T18:27:00Z","AmountPaid":1500,"OpenBy":"error","LockerCode":"A4"},{"ID":177,"LockerID":12,"Phone":"3228975795","PIN":"1759","Active":0,"StartTime":"2025-10-04T18:27:01Z","EndTime":"2025-10-04T18:27:01Z","AmountPaid":1500,"OpenBy":"error","LockerCode":"B2"},{"ID":178,"LockerID":2,"Phone":"3228975795","PIN":"1759","Active":0,"StartTime":"2025-10-04T18:27:02Z","EndTime":"2025-10-04T18:27:02Z","AmountPaid":1500,"OpenBy":"error","LockerCode":"A2"},{"ID":179,"LockerID":6,"Phone":"3227677167","PIN":"1759","Active":0,"StartTime":"2025-10-04T18:29:14Z","EndTime":"2025-10-04T18:29:14Z","AmountPaid":1500,"OpenBy":"error","LockerCode":"A6"},{"ID":180,"LockerID":13,"Phone":"3227677167","PIN":"1759","Active":0,"StartTime":"2025-10-04T18:29:15Z","EndTime":"2025-10-04T18:29:15Z","AmountPaid":1500,"OpenBy":"error","LockerCode":"B3"},{"ID":181,"LockerID":10,"Phone":"3227677167","PIN":"1759","Active":0,"StartTime":"2025-10-04T18:29:16Z","EndTime":"2025-10-04T18:29:16Z","AmountPaid":1500,"OpenBy":"error","LockerCode":"A10"},{"ID":182,"LockerID":35,"Phone":"3227677167","PIN":"1759","Active":0,"StartTime":"2025-10-04T18:29:17Z","EndTime":"2025-10-04T18:29:17Z","AmountPaid":1500,"OpenBy":"error","LockerCode":"D5"},{"ID":183,"LockerID":23,"Phone":"3227677167","PIN":"1759","Active":0,"StartTime":"2025-10-04T18:29:36Z","EndTime":"2025-10-04T18:29:36Z","AmountPaid":1500,"OpenBy":"error","LockerCode":"C3"},{"ID":184,"LockerID":17,"Phone":"3227677167","PIN":"1759","Active":0,"StartTime":"2025-10-04T18:29:37Z","EndTime":"2025-10-04T18:29:37Z","AmountPaid":1500,"OpenBy":"error","LockerCode":"B7"},{"ID":185,"LockerID":54,"Phone":"3227677167","PIN":"1759","Active":0,"StartTime":"2025-10-04T18:29:38Z","EndTime":"2025-10-04T18:29:38Z","AmountPaid":1500,"OpenBy":"error","LockerCode":"F4"},{"ID":186,"LockerID":45,"Phone":"3227677167","PIN":"1759","Active":0,"StartTime":"2025-10-04T18:29:39Z","EndTime":"2025-10-04T18:29:39Z","AmountPaid":1500,"OpenBy":"error","LockerCode":"E5"},{"ID":187,"LockerID":28,"Phone":"3227677167","PIN":"1759","Active":0,"StartTime":"2025-10-04T18:29:40Z","EndTime":"2025-10-04T18:29:40Z","AmountPaid":1500,"OpenBy":"error","LockerCode":"C8"},{"ID":188,"LockerID":8,"Phone":"3227677167","PIN":"1759","Active":0,"StartTime":"2025-10-04T18:29:47Z","EndTime":"2025-10-04T18:29:47Z","AmountPaid":1500,"OpenBy":"error","LockerCode":"A8"},{"ID":189,"LockerID":41,"Phone":"3227677167","PIN":"1759","Active":0,"StartTime":"2025-10-04T18:29:48Z","EndTime":"2025-10-04T18:29:48Z","AmountPaid":1500,"OpenBy":"error","LockerCode":"E1"},{"ID":190,"LockerID":18,"Phone":"3227677167","PIN":"1759","Active":0,"StartTime":"2025-10-04T18:29:49Z","EndTime":"2025-10-04T18:29:49Z","AmountPaid":1500,"OpenBy":"error","LockerCode":"B8"},{"ID":191,"LockerID":47,"Phone":"3227677167","PIN":"1759","Active":0,"StartTime":"2025-10-04T18:29:50Z","EndTime":"2025-10-04T18:29:50Z","AmountPaid":1500,"OpenBy":"error","LockerCode":"E7"},{"ID":192,"LockerID":37,"Phone":"3227677167","PIN":"1759","Active":0,"StartTime":"2025-10-04T18:29:51Z","EndTime":"2025-10-04T18:29:51Z","AmountPaid":1500,"OpenBy":"error","LockerCode":"D7"},{"ID":193,"LockerID":9,"Phone":"3227677167","PIN":"1759","Active":0,"StartTime":"2025-10-04T18:30:03Z","EndTime":"2025-10-04T18:30:03Z","AmountPaid":1500,"OpenBy":"error","LockerCode":"A9"},{"ID":194,"LockerID":21,"Phone":"3227677167","PIN":"1759","Active":0,"StartTime":"2025-10-04T18:30:04Z","EndTime":"2025-10-04T18:30:04Z","AmountPaid":1500,"OpenBy":"error","LockerCode":"C1"},{"ID":195,"LockerID":25,"Phone":"3227677167","PIN":"1759","Active":0,"StartTime":"2025-10-04T18:30:05Z","EndTime":"2025-10-04T18:30:05Z","AmountPaid":1500,"OpenBy":"error","LockerCode":"C5"},{"ID":196,"LockerID":15,"Phone":"3227677167","PIN":"1759","Active":0,"StartTime":"2025-10-04T18:30:06Z","EndTime":"2025-10-04T18:30:06Z","AmountPaid":1500,"OpenBy":"error","LockerCode":"B5"},{"ID":197,"LockerID":34,"Phone":"3227677167","PIN":"1759","Active":0,"StartTime":"2025-10-04T18:30:07Z","EndTime":"2025-10-04T18:30:07Z","AmountPaid":1500,"OpenBy":"error","LockerCode":"D4"},{"ID":198,"LockerID":36,"Phone":"3227677167","PIN":"1759","Active":0,"StartTime":"2025-10-04T18:30:21Z","EndTime":"2025-10-04T18:30:21Z","AmountPaid":1500,"OpenBy":"error","LockerCode":"D6"},{"ID":199,"LockerID":24,"Phone":"3227677167","PIN":"1759","Active":0,"StartTime":"2025-10-04T18:30:22Z","EndTime":"2025-10-04T18:30:22Z","AmountPaid":1500,"OpenBy":"error","LockerCode":"C4"},{"ID":200,"LockerID":30,"Phone":"3227677167","PIN":"1759","Active":0,"StartTime":"2025-10-04T18:30:23Z","EndTime":"2025-10-04T18:30:23Z","AmountPaid":1500,"OpenBy":"error","LockerCode":"C10"},{"ID":201,"LockerID":52,"Phone":"3227677167","PIN":"1759","Active":0,"StartTime":"2025-10-04T18:30:24Z","EndTime":"2025-10-04T18:30:24Z","AmountPaid":1500,"OpenBy":"error","LockerCode":"F2"},{"ID":202,"LockerID":49,"Phone":"3227677167","PIN":"1759","Active":0,"StartTime":"2025-10-04T18:30:25Z","EndTime":"2025-10-04T18:30:25Z","AmountPaid":1500,"OpenBy":"error","LockerCode":"E9"},{"ID":203,"LockerID":44,"Phone":"3227677167","PIN":"1127","Active":0,"StartTime":"2025-10-04T18:30:43Z","EndTime":"2025-10-04T18:30:43Z","AmountPaid":1500,"OpenBy":"error","LockerCode":"E4"},{"ID":204,"LockerID":53,"Phone":"3227677167","PIN":"1127","Active":0,"StartTime":"2025-10-04T18:30:44Z","EndTime":"2025-10-04T18:30:44Z","AmountPaid":1500,"OpenBy":"error","LockerCode":"F3"},{"ID":205,"LockerID":20,"Phone":"3227677167","PIN":"1127","Active":0,"StartTime":"2025-10-04T18:30:45Z","EndTime":"2025-10-04T18:30:45Z","AmountPaid":1500,"OpenBy":"error","LockerCode":"B10"},{"ID":206,"LockerID":1,"Phone":"3227677167","PIN":"1127","Active":0,"StartTime":"2025-10-04T18:30:46Z","EndTime":"2025-10-04T18:30:46Z","AmountPaid":1500,"OpenBy":"error","LockerCode":"A1"},{"ID":207,"LockerID":31,"Phone":"3227677167","PIN":"1127","Active":0,"StartTime":"2025-10-04T18:30:47Z","EndTime":"2025-10-04T18:30:47Z","AmountPaid":1500,"OpenBy":"error","LockerCode":"D1"},{"ID":208,"LockerID":1,"Phone":"3192536359","PIN":"2410","Active":0,"StartTime":"2025-10-04T19:03:55Z","EndTime":"2025-10-04T20:56:07Z","AmountPaid":1500,"OpenBy":"user","LockerCode":"A1"},{"ID":209,"LockerID":3,"Phone":"3009689949","PIN":"2133","Active":0,"StartTime":"2025-10-04T19:13:12Z","EndTime":"2025-10-04T23:18:47Z","AmountPaid":1500,"OpenBy":"user","LockerCode":"A3"},{"ID":210,"LockerID":2,"Phone":"3142683683","PIN":"2222","Active":0,"StartTime":"2025-10-04T19:40:02Z","EndTime":"2025-10-04T19:40:02Z","AmountPaid":1500,"OpenBy":"error","LockerCode":"A2"},{"ID":211,"LockerID":6,"Phone":"3142683683","PIN":"2222","Active":0,"StartTime":"2025-10-04T19:40:03Z","EndTime":"2025-10-04T19:40:03Z","AmountPaid":1500,"OpenBy":"error","LockerCode":"A6"},{"ID":212,"LockerID":7,"Phone":"3142683683","PIN":"2222","Active":0,"StartTime":"2025-10-04T19:40:04Z","EndTime":"2025-10-04T19:40:04Z","AmountPaid":1500,"OpenBy":"error","LockerCode":"A7"},{"ID":213,"LockerID":4,"Phone":"3142683683","PIN":"2222","Active":0,"StartTime":"2025-10-04T19:40:05Z","EndTime":"2025-10-04T19:40:05Z","AmountPaid":1500,"OpenBy":"error","LockerCode":"A4"},{"ID":214,"LockerID":8,"Phone":"3142683683","PIN":"2222","Active":0,"StartTime":"2025-10-04T19:40:07Z","EndTime":"2025-10-04T19:40:07Z","AmountPaid":1500,"OpenBy":"error","LockerCode":"A8"},{"ID":215,"LockerID":9,"Phone":"3142683683","PIN":"2222","Active":0,"StartTime":"2025-10-04T19:40:17Z","EndTime":"2025-10-04T19:40:17Z","AmountPaid":1500,"OpenBy":"error","LockerCode":"A9"},{"ID":216,"LockerID":10,"Phone":"3142683683","PIN":"2222","Active":0,"StartTime":"2025-10-04T19:40:18Z","EndTime":"2025-10-04T19:40:18Z","AmountPaid":1500,"OpenBy":"error","LockerCode":"A10"},{"ID":217,"LockerID":46,"Phone":"3142683683","PIN":"2222","Active":0,"StartTime":"2025-10-04T19:40:20Z","EndTime":"2025-10-04T19:40:20Z","AmountPaid":1500,"OpenBy":"error","LockerCode":"E6"},{"ID":218,"LockerID":5,"Phone":"3142683683","PIN":"2222","Active":0,"StartTime":"2025-10-04T19:40:21Z","EndTime":"2025-10-04T19:40:21Z","AmountPaid":1500,"OpenBy":"error","LockerCode":"A5"},{"ID":219,"LockerID":6,"Phone":"3124792031","PIN":"2007","Active":0,"StartTime":"2025-10-04T20:01:14Z","EndTime":"2025-10-04T20:01:14Z","AmountPaid":1500,"OpenBy":"error","LockerCode":"A6"},{"ID":220,"LockerID":9,"Phone":"3124792031","PIN":"2007","Active":0,"StartTime":"2025-10-04T20:01:15Z","EndTime":"2025-10-04T20:01:15Z","AmountPaid":1500,"OpenBy":"error","LockerCode":"A9"},{"ID":221,"LockerID":10,"Phone":"3124792031","PIN":"2007","Active":0,"StartTime":"2025-10-04T20:01:16Z","EndTime":"2025-10-04T20:01:16Z","AmountPaid":1500,"OpenBy":"error","LockerCode":"A10"},{"ID":222,"LockerID":7,"Phone":"3124792031","PIN":"2007","Active":0,"StartTime":"2025-10-04T20:01:17Z","EndTime":"2025-10-04T20:01:17Z","AmountPaid":1500,"OpenBy":"error","LockerCode":"A7"},{"ID":223,"LockerID":8,"Phone":"3124792031","PIN":"2007","Active":0,"StartTime":"2025-10-04T20:01:18Z","EndTime":"2025-10-04T20:01:18Z","AmountPaid":1500,"OpenBy":"error","LockerCode":"A8"},{"ID":224,"LockerID":9,"Phone":"3124792031","PIN":"2007","Active":0,"StartTime":"2025-10-04T20:11:22Z","EndTime":"2025-10-04T20:11:22Z","AmountPaid":1500,"OpenBy":"error","LockerCode":"A9"},{"ID":225,"LockerID":5,"Phone":"3124792031","PIN":"2007","Active":0,"StartTime":"2025-10-04T20:11:23Z","EndTime":"2025-10-04T20:11:23Z","AmountPaid":1500,"OpenBy":"error","LockerCode":"A5"},{"ID":226,"LockerID":2,"Phone":"3124792031","PIN":"2007","Active":0,"StartTime":"2025-10-04T20:11:24Z","EndTime":"2025-10-04T20:11:24Z","AmountPaid":1500,"OpenBy":"error","LockerCode":"A2"},{"ID":227,"LockerID":7,"Phone":"3124792031","PIN":"2007","Active":0,"StartTime":"2025-10-04T20:11:25Z","EndTime":"2025-10-04T20:11:25Z","AmountPaid":1500,"OpenBy":"error","LockerCode":"A7"},{"ID":228,"LockerID":6,"Phone":"3124792031","PIN":"2007","Active":0,"StartTime":"2025-10-04T20:11:26Z","EndTime":"2025-10-04T20:11:26Z","AmountPaid":1500,"OpenBy":"error","LockerCode":"A6"},{"ID":229,"LockerID":18,"Phone":"3124792031","PIN":"2007","Active":0,"StartTime":"2025-10-04T20:11:58Z","EndTime":"2025-10-04T20:11:58Z","AmountPaid":1500,"OpenBy":"error","LockerCode":"B8"},{"ID":230,"LockerID":15,"Phone":"3124792031","PIN":"2007","Active":0,"StartTime":"2025-10-04T20:12:00Z","EndTime":"2025-10-04T20:12:00Z","AmountPaid":1500,"OpenBy":"error","LockerCode":"B5"},{"ID":231,"LockerID":12,"Phone":"3124792031","PIN":"2007","Active":0,"StartTime":"2025-10-04T20:12:01Z","EndTime":"2025-10-04T20:12:01Z","AmountPaid":1500,"OpenBy":"error","LockerCode":"B2"},{"ID":232,"LockerID":20,"Phone":"3124792031","PIN":"2007","Active":0,"StartTime":"2025-10-04T20:12:02Z","EndTime":"2025-10-04T20:12:02Z","AmountPaid":1500,"OpenBy":"error","LockerCode":"B10"},{"ID":233,"LockerID":17,"Phone":"3124792031","PIN":"2007","Active":0,"StartTime":"2025-10-04T20:12:03Z","EndTime":"2025-10-04T20:12:03Z","AmountPaid":1500,"OpenBy":"error","LockerCode":"B7"},{"ID":234,"LockerID":8,"Phone":"3105727100","PIN":"2014","Active":0,"StartTime":"2025-10-04T20:47:17Z","EndTime":"2025-10-04T20:47:17Z","AmountPaid":1500,"OpenBy":"error","LockerCode":"A8"},{"ID":235,"LockerID":50,"Phone":"3105727100","PIN":"2014","Active":0,"StartTime":"2025-10-04T20:47:18Z","EndTime":"2025-10-04T20:47:18Z","AmountPaid":1500,"OpenBy":"error","LockerCode":"E10"},{"ID":236,"LockerID":49,"Phone":"3105727100","PIN":"2014","Active":0,"StartTime":"2025-10-04T20:47:19Z","EndTime":"2025-10-04T20:47:19Z","AmountPaid":1500,"OpenBy":"error","LockerCode":"E9"},{"ID":237,"LockerID":18,"Phone":"3105727100","PIN":"2014","Active":0,"StartTime":"2025-10-04T20:47:20Z","EndTime":"2025-10-04T20:47:20Z","AmountPaid":1500,"OpenBy":"error","LockerCode":"B8"},{"ID":238,"LockerID":14,"Phone":"3105727100","PIN":"2014","Active":0,"StartTime":"2025-10-04T20:47:21Z","EndTime":"2025-10-04T20:47:21Z","AmountPaid":1500,"OpenBy":"error","LockerCode":"B4"},{"ID":239,"LockerID":10,"Phone":"3105727100","PIN":"2014","Active":0,"StartTime":"2025-10-04T20:47:41Z","EndTime":"2025-10-04T20:47:41Z","AmountPaid":1500,"OpenBy":"error","LockerCode":"A10"},{"ID":240,"LockerID":32,"Phone":"3105727100","PIN":"2014","Active":0,"StartTime":"2025-10-04T20:47:42Z","EndTime":"2025-10-04T20:47:42Z","AmountPaid":1500,"OpenBy":"error","LockerCode":"D2"},{"ID":241,"LockerID":12,"Phone":"3105727100","PIN":"2014","Active":0,"StartTime":"2025-10-04T20:47:43Z","EndTime":"2025-10-04T20:47:43Z","AmountPaid":1500,"OpenBy":"error","LockerCode":"B2"},{"ID":242,"LockerID":24,"Phone":"3105727100","PIN":"2014","Active":0,"StartTime":"2025-10-04T20:47:44Z","EndTime":"2025-10-04T20:47:45Z","AmountPaid":1500,"OpenBy":"error","LockerCode":"C4"},{"ID":243,"LockerID":45,"Phone":"3105727100","PIN":"2014","Active":0,"StartTime":"2025-10-04T20:47:46Z","EndTime":"2025-10-04T20:47:46Z","AmountPaid":1500,"OpenBy":"error","LockerCode":"E5"},{"ID":244,"LockerID":37,"Phone":"3105727100","PIN":"2014","Active":0,"StartTime":"2025-10-04T20:47:58Z","EndTime":"2025-10-04T20:47:58Z","AmountPaid":1500,"OpenBy":"error","LockerCode":"D7"},{"ID":245,"LockerID":25,"Phone":"3105727100","PIN":"2014","Active":0,"StartTime":"2025-10-04T20:47:59Z","EndTime":"2025-10-04T20:47:59Z","AmountPaid":1500,"OpenBy":"error","LockerCode":"C5"},{"ID":246,"LockerID":57,"Phone":"3105727100","PIN":"2014","Active":0,"StartTime":"2025-10-04T20:48:00Z","EndTime":"2025-10-04T20:48:00Z","AmountPaid":1500,"OpenBy":"error","LockerCode":"F7"},{"ID":247,"LockerID":5,"Phone":"3105727100","PIN":"2014","Active":0,"StartTime":"2025-10-04T20:48:01Z","EndTime":"2025-10-04T20:48:01Z","AmountPaid":1500,"OpenBy":"error","LockerCode":"A5"},{"ID":248,"LockerID":33,"Phone":"3105727100","PIN":"2014","Active":0,"StartTime":"2025-10-04T20:48:02Z","EndTime":"2025-10-04T20:48:02Z","AmountPaid":1500,"OpenBy":"error","LockerCode":"D3"},{"ID":249,"LockerID":6,"Phone":"3105727100","PIN":"2014","Active":0,"StartTime":"2025-10-04T20:48:33Z","EndTime":"2025-10-04T20:48:33Z","AmountPaid":1500,"OpenBy":"error","LockerCode":"A6"},{"ID":250,"LockerID":23,"Phone":"3105727100","PIN":"2014","Active":0,"StartTime":"2025-10-04T20:48:34Z","EndTime":"2025-10-04T20:48:34Z","AmountPaid":1500,"OpenBy":"error","LockerCode":"C3"},{"ID":251,"LockerID":55,"Phone":"3105727100","PIN":"2014","Active":0,"StartTime":"2025-10-04T20:48:35Z","EndTime":"2025-10-04T20:48:35Z","AmountPaid":1500,"OpenBy":"error","LockerCode":"F5"},{"ID":252,"LockerID":56,"Phone":"3105727100","PIN":"2014","Active":0,"StartTime":"2025-10-04T20:48:36Z","EndTime":"2025-10-04T20:48:36Z","AmountPaid":1500,"OpenBy":"error","LockerCode":"F6"},{"ID":253,"LockerID":59,"Phone":"3105727100","PIN":"2014","Active":0,"StartTime":"2025-10-04T20:48:37Z","EndTime":"2025-10-04T20:48:37Z","AmountPaid":1500,"OpenBy":"error","LockerCode":"F9"},{"ID":254,"LockerID":17,"Phone":"3105727100","PIN":"2014","Active":0,"StartTime":"2025-10-04T20:48:44Z","EndTime":"2025-10-04T20:48:44Z","AmountPaid":1500,"OpenBy":"error","LockerCode":"B7"},{"ID":255,"LockerID":51,"Phone":"3105727100","PIN":"2014","Active":0,"StartTime":"2025-10-04T20:48:45Z","EndTime":"2025-10-04T20:48:45Z","AmountPaid":1500,"OpenBy":"error","LockerCode":"F1"},{"ID":256,"LockerID":27,"Phone":"3105727100","PIN":"2014","Active":0,"StartTime":"2025-10-04T20:48:46Z","EndTime":"2025-10-04T20:48:46Z","AmountPaid":1500,"OpenBy":"error","LockerCode":"C7"},{"ID":257,"LockerID":15,"Phone":"3105727100","PIN":"2014","Active":0,"StartTime":"2025-10-04T20:48:47Z","EndTime":"2025-10-04T20:48:47Z","AmountPaid":1500,"OpenBy":"error","LockerCode":"B5"},{"ID":258,"LockerID":40,"Phone":"3105727100","PIN":"2014","Active":0,"StartTime":"2025-10-04T20:48:48Z","EndTime":"2025-10-04T20:48:48Z","AmountPaid":1500,"OpenBy":"error","LockerCode":"D10"},{"ID":259,"LockerID":36,"Phone":"3105727100","PIN":"2014","Active":0,"StartTime":"2025-10-04T20:48:57Z","EndTime":"2025-10-04T20:48:57Z","AmountPaid":1500,"OpenBy":"error","LockerCode":"D6"},{"ID":260,"LockerID":43,"Phone":"3105727100","PIN":"2014","Active":0,"StartTime":"2025-10-04T20:48:58Z","EndTime":"2025-10-04T20:48:58Z","AmountPaid":1500,"OpenBy":"error","LockerCode":"E3"},{"ID":261,"LockerID":2,"Phone":"3105727100","PIN":"2014","Active":0,"StartTime":"2025-10-04T20:48:59Z","EndTime":"2025-10-04T20:48:59Z","AmountPaid":1500,"OpenBy":"error","LockerCode":"A2"},{"ID":262,"LockerID":28,"Phone":"3105727100","PIN":"2014","Active":0,"StartTime":"2025-10-04T20:49:00Z","EndTime":"2025-10-04T20:49:00Z","AmountPaid":1500,"OpenBy":"error","LockerCode":"C8"},{"ID":263,"LockerID":48,"Phone":"3105727100","PIN":"2014","Active":0,"StartTime":"2025-10-04T20:49:01Z","EndTime":"2025-10-04T20:49:01Z","AmountPaid":1500,"OpenBy":"error","LockerCode":"E8"},{"ID":264,"LockerID":58,"Phone":"3105727100","PIN":"2014","Active":0,"StartTime":"2025-10-04T20:49:11Z","EndTime":"2025-10-04T20:49:11Z","AmountPaid":1500,"OpenBy":"error","LockerCode":"F8"},{"ID":265,"LockerID":35,"Phone":"3105727100","PIN":"2014","Active":0,"StartTime":"2025-10-04T20:49:12Z","EndTime":"2025-10-04T20:49:12Z","AmountPaid":1500,"OpenBy":"error","LockerCode":"D5"},{"ID":266,"LockerID":20,"Phone":"3105727100","PIN":"2014","Active":0,"StartTime":"2025-10-04T20:49:13Z","EndTime":"2025-10-04T20:49:13Z","AmountPaid":1500,"OpenBy":"error","LockerCode":"B10"},{"ID":267,"LockerID":44,"Phone":"3105727100","PIN":"2014","Active":0,"StartTime":"2025-10-04T20:49:14Z","EndTime":"2025-10-04T20:49:14Z","AmountPaid":1500,"OpenBy":"error","LockerCode":"E4"},{"ID":268,"LockerID":13,"Phone":"3105727100","PIN":"2014","Active":0,"StartTime":"2025-10-04T20:49:15Z","EndTime":"2025-10-04T20:49:15Z","AmountPaid":1500,"OpenBy":"error","LockerCode":"B3"},{"ID":269,"LockerID":22,"Phone":"3105727100","PIN":"2014","Active":0,"StartTime":"2025-10-04T20:49:39Z","EndTime":"2025-10-04T20:49:39Z","AmountPaid":1500,"OpenBy":"error","LockerCode":"C2"},{"ID":270,"LockerID":9,"Phone":"3105727100","PIN":"2014","Active":0,"StartTime":"2025-10-04T20:49:40Z","EndTime":"2025-10-04T20:49:40Z","AmountPaid":1500,"OpenBy":"error","LockerCode":"A9"},{"ID":271,"LockerID":31,"Phone":"3105727100","PIN":"2014","Active":0,"StartTime":"2025-10-04T20:49:41Z","EndTime":"2025-10-04T20:49:41Z","AmountPaid":1500,"OpenBy":"error","LockerCode":"D1"},{"ID":272,"LockerID":60,"Phone":"3105727100","PIN":"2014","Active":0,"StartTime":"2025-10-04T20:49:42Z","EndTime":"2025-10-04T20:49:42Z","AmountPaid":1500,"OpenBy":"error","LockerCode":"F10"},{"ID":273,"LockerID":16,"Phone":"3105727100","PIN":"2014","Active":0,"StartTime":"2025-10-04T20:49:43Z","EndTime":"2025-10-04T20:49:43Z","AmountPaid":1500,"OpenBy":"error","LockerCode":"B6"},{"ID":274,"LockerID":7,"Phone":"3105727100","PIN":"2014","Active":0,"StartTime":"2025-10-04T20:49:50Z","EndTime":"2025-10-04T20:49:50Z","AmountPaid":1500,"OpenBy":"error","LockerCode":"A7"},{"ID":275,"LockerID":34,"Phone":"3105727100","PIN":"2014","Active":0,"StartTime":"2025-10-04T20:49:51Z","EndTime":"2025-10-04T20:49:51Z","AmountPaid":1500,"OpenBy":"error","LockerCode":"D4"},{"ID":276,"LockerID":53,"Phone":"3105727100","PIN":"2014","Active":0,"StartTime":"2025-10-04T20:49:52Z","EndTime":"2025-10-04T20:49:52Z","AmountPaid":1500,"OpenBy":"error","LockerCode":"F3"},{"ID":277,"LockerID":21,"Phone":"3105727100","PIN":"2014","Active":0,"StartTime":"2025-10-04T20:49:53Z","EndTime":"2025-10-04T20:49:53Z","AmountPaid":1500,"OpenBy":"error","LockerCode":"C1"},{"ID":278,"LockerID":52,"Phone":"3105727100","PIN":"2014","Active":0,"StartTime":"2025-10-04T20:49:54Z","EndTime":"2025-10-04T20:49:54Z","AmountPaid":1500,"OpenBy":"error","LockerCode":"F2"},{"ID":279,"LockerID":47,"Phone":"3105727100","PIN":"2014","Active":0,"StartTime":"2025-10-04T20:50:09Z","EndTime":"2025-10-04T20:50:09Z","AmountPaid":1500,"OpenBy":"error","LockerCode":"E7"},{"ID":280,"LockerID":30,"Phone":"3105727100","PIN":"2014","Active":0,"StartTime":"2025-10-04T20:50:11Z","EndTime":"2025-10-04T20:50:11Z","AmountPaid":1500,"OpenBy":"error","LockerCode":"C10"},{"ID":281,"LockerID":54,"Phone":"3105727100","PIN":"2014","Active":0,"StartTime":"2025-10-04T20:50:12Z","EndTime":"2025-10-04T20:50:12Z","AmountPaid":1500,"OpenBy":"error","LockerCode":"F4"},{"ID":282,"LockerID":26,"Phone":"3105727100","PIN":"2014","Active":0,"StartTime":"2025-10-04T20:50:13Z","EndTime":"2025-10-04T20:50:13Z","AmountPaid":1500,"OpenBy":"error","LockerCode":"C6"},{"ID":283,"LockerID":38,"Phone":"3105727100","PIN":"2014","Active":0,"StartTime":"2025-10-04T20:50:14Z","EndTime":"2025-10-04T20:50:14Z","AmountPaid":1500,"OpenBy":"error","LockerCode":"D8"},{"ID":284,"LockerID":11,"Phone":"3105727100","PIN":"2014","Active":0,"StartTime":"2025-10-04T20:51:10Z","EndTime":"2025-10-04T20:51:10Z","AmountPaid":1500,"OpenBy":"error","LockerCode":"B1"},{"ID":285,"LockerID":39,"Phone":"3105727100","PIN":"2014","Active":0,"StartTime":"2025-10-04T20:51:11Z","EndTime":"2025-10-04T20:51:11Z","AmountPaid":1500,"OpenBy":"error","LockerCode":"D9"},{"ID":286,"LockerID":19,"Phone":"3105727100","PIN":"2014","Active":0,"StartTime":"2025-10-04T20:51:12Z","EndTime":"2025-10-04T20:51:12Z","AmountPaid":1500,"OpenBy":"error","LockerCode":"B9"},{"ID":287,"LockerID":46,"Phone":"3105727100","PIN":"2014","Active":0,"StartTime":"2025-10-04T20:51:13Z","EndTime":"2025-10-04T20:51:13Z","AmountPaid":1500,"OpenBy":"error","LockerCode":"E6"},{"ID":288,"LockerID":41,"Phone":"3105727100","PIN":"2014","Active":0,"StartTime":"2025-10-04T20:51:14Z","EndTime":"2025-10-04T20:51:14Z","AmountPaid":1500,"OpenBy":"error","LockerCode":"E1"},{"ID":289,"LockerID":29,"Phone":"3105727100","PIN":"2014","Active":0,"StartTime":"2025-10-04T20:51:23Z","EndTime":"2025-10-04T20:51:23Z","AmountPaid":1500,"OpenBy":"error","LockerCode":"C9"},{"ID":290,"LockerID":1,"Phone":"3134555898","PIN":"0902","Active":0,"StartTime":"2025-10-04T21:01:44Z","EndTime":"2025-10-04T23:06:35Z","AmountPaid":1500,"OpenBy":"user","LockerCode":"A1"},{"ID":291,"LockerID":60,"Phone":"3103192771","PIN":"1234","Active":0,"StartTime":"2025-10-04T21:07:47Z","EndTime":"2025-10-04T21:08:03Z","AmountPaid":1500,"OpenBy":"user","LockerCode":"F10"},{"ID":292,"LockerID":60,"Phone":"3144756857","PIN":"0855","Active":0,"StartTime":"2025-10-04T21:33:49Z","EndTime":"2025-10-04T22:31:56Z","AmountPaid":1500,"OpenBy":"user","LockerCode":"F10"},{"ID":293,"LockerID":30,"Phone":"3105668502","PIN":"8502","Active":0,"StartTime":"2025-10-04T21:46:07Z","EndTime":"2025-10-04T23:49:08Z","AmountPaid":1500,"OpenBy":"user","LockerCode":"C10"},{"ID":294,"LockerID":50,"Phone":"3103192771","PIN":"0000","Active":0,"StartTime":"2025-10-04T21:58:57Z","EndTime":"2025-10-04T21:59:07Z","AmountPaid":1500,"OpenBy":"user","LockerCode":"E10"},{"ID":295,"LockerID":59,"Phone":"3007701575","PIN":"1196","Active":0,"StartTime":"2025-10-04T22:01:17Z","EndTime":"2025-10-04T22:16:46Z","AmountPaid":1500,"OpenBy":"user","LockerCode":"F9"},{"ID":296,"LockerID":26,"Phone":"3012732774","PIN":"1020","Active":0,"StartTime":"2025-10-04T22:18:56Z","EndTime":"2025-10-04T23:40:00Z","AmountPaid":1500,"OpenBy":"user","LockerCode":"C6"},{"ID":297,"LockerID":54,"Phone":"3125672346","PIN":"1031","Active":0,"StartTime":"2025-10-04T22:42:52Z","EndTime":"2025-10-05T00:27:51Z","AmountPaid":1500,"OpenBy":"user","LockerCode":"F4"},{"ID":298,"LockerID":28,"Phone":"3503615093","PIN":"2214","Active":0,"StartTime":"2025-10-04T23:12:55Z","EndTime":"2025-10-05T00:20:35Z","AmountPaid":1500,"OpenBy":"user","LockerCode":"C8"},{"ID":299,"LockerID":21,"Phone":"3112545199","PIN":"2560","Active":0,"StartTime":"2025-10-04T23:24:16Z","EndTime":"2025-10-05T01:11:55Z","AmountPaid":1500,"OpenBy":"user","LockerCode":"C1"},{"ID":300,"LockerID":57,"Phone":"3114359709","PIN":"1512","Active":0,"StartTime":"2025-10-05T00:37:04Z","EndTime":"2025-10-05T01:32:50Z","AmountPaid":1500,"OpenBy":"user","LockerCode":"F7"},{"ID":301,"LockerID":39,"Phone":"3058200071","PIN":"2508","Active":0,"StartTime":"2025-10-05T00:43:42Z","EndTime":"2025-10-05T03:39:17Z","AmountPaid":1500,"OpenBy":"user","LockerCode":"D9"},{"ID":302,"LockerID":28,"Phone":"3213634452","PIN":"2222","Active":0,"StartTime":"2025-10-05T01:11:34Z","EndTime":"2025-10-05T01:50:34Z","AmountPaid":1500,"OpenBy":"user","LockerCode":"C8"},{"ID":303,"LockerID":4,"Phone":"3164538113","PIN":"0408","Active":0,"StartTime":"2025-10-05T16:15:05Z","EndTime":"2025-10-05T18:48:16Z","AmountPaid":1500,"OpenBy":"user","LockerCode":"A4"},{"ID":304,"LockerID":11,"Phone":"3057582319","PIN":"1203","Active":0,"StartTime":"2025-10-05T16:46:51Z","EndTime":"2025-10-05T17:36:53Z","AmountPaid":1500,"OpenBy":"user","LockerCode":"B1"},{"ID":305,"LockerID":8,"Phone":"3007430327","PIN":"1807","Active":0,"StartTime":"2025-10-05T17:03:31Z","EndTime":"2025-10-05T19:56:50Z","AmountPaid":1500,"OpenBy":"user","LockerCode":"A8"},{"ID":306,"LockerID":56,"Phone":"3508957924","PIN":"1807","Active":0,"StartTime":"2025-10-05T17:05:06Z","EndTime":"2025-10-05T17:05:06Z","AmountPaid":1500,"OpenBy":"error","LockerCode":"F6"},{"ID":307,"LockerID":37,"Phone":"3508957924","PIN":"1807","Active":0,"StartTime":"2025-10-05T17:05:08Z","EndTime":"2025-10-05T19:57:12Z","AmountPaid":1500,"OpenBy":"user","LockerCode":"D7"},{"ID":308,"LockerID":5,"Phone":"3136932005","PIN":"1103","Active":0,"StartTime":"2025-10-05T17:15:07Z","EndTime":"2025-10-05T17:51:00Z","AmountPaid":1500,"OpenBy":"user","LockerCode":"A5"},{"ID":309,"LockerID":54,"Phone":"3508353881","PIN":"1983","Active":0,"StartTime":"2025-10-05T17:15:50Z","EndTime":"2025-10-05T18:12:48Z","AmountPaid":1500,"OpenBy":"user","LockerCode":"F4"},{"ID":310,"LockerID":16,"Phone":"3134596595","PIN":"2020","Active":0,"StartTime":"2025-10-05T17:22:22Z","EndTime":"2025-10-05T19:52:41Z","AmountPaid":1500,"OpenBy":"user","LockerCode":"B6"},{"ID":311,"LockerID":6,"Phone":"3014850544","PIN":"2412","Active":0,"StartTime":"2025-10-05T17:50:30Z","EndTime":"2025-10-05T19:43:05Z","AmountPaid":1500,"OpenBy":"user","LockerCode":"A6"},{"ID":312,"LockerID":59,"Phone":"3174300462","PIN":"9601","Active":0,"StartTime":"2025-10-05T17:52:07Z","EndTime":"2025-10-05T19:24:13Z","AmountPaid":1500,"OpenBy":"user","LockerCode":"F9"},{"ID":313,"LockerID":1,"Phone":"3148809757","PIN":"2412","Active":0,"StartTime":"2025-10-05T17:53:10Z","EndTime":"2025-10-05T19:43:15Z","AmountPaid":1500,"OpenBy":"user","LockerCode":"A1"},{"ID":314,"LockerID":29,"Phone":"3008566764","PIN":"3110","Active":0,"StartTime":"2025-10-05T17:55:01Z","EndTime":"2025-10-05T19:14:01Z","AmountPaid":1500,"OpenBy":"user","LockerCode":"C9"},{"ID":315,"LockerID":5,"Phone":"3213923586","PIN":"9601","Active":0,"StartTime":"2025-10-05T17:58:03Z","EndTime":"2025-10-05T19:24:32Z","AmountPaid":1500,"OpenBy":"user","LockerCode":"A5"},{"ID":316,"LockerID":3,"Phone":"3143000156","PIN":"9701","Active":0,"StartTime":"2025-10-05T18:35:59Z","EndTime":"2025-10-05T21:44:38Z","AmountPaid":1500,"OpenBy":"user","LockerCode":"A3"},{"ID":317,"LockerID":25,"Phone":"3152216272","PIN":"2013","Active":0,"StartTime":"2025-10-05T19:19:01Z","EndTime":"2025-10-05T22:19:06Z","AmountPaid":1500,"OpenBy":"user","LockerCode":"C5"},{"ID":318,"LockerID":5,"Phone":"3107794966","PIN":"6458","Active":0,"StartTime":"2025-10-05T19:45:28Z","EndTime":"2025-10-05T22:41:02Z","AmountPaid":1500,"OpenBy":"user","LockerCode":"A5"},{"ID":319,"LockerID":19,"Phone":"3134972160","PIN":"1425","Active":0,"StartTime":"2025-10-05T20:10:49Z","EndTime":"2025-10-05T21:07:17Z","AmountPaid":1500,"OpenBy":"user","LockerCode":"B9"},{"ID":320,"LockerID":28,"Phone":"3180613903","PIN":"1430","Active":0,"StartTime":"2025-10-05T20:27:24Z","EndTime":"2025-10-05T22:08:21Z","AmountPaid":1500,"OpenBy":"user","LockerCode":"C8"},{"ID":321,"LockerID":55,"Phone":"3132976022","PIN":"0876","Active":0,"StartTime":"2025-10-05T20:31:56Z","EndTime":"2025-10-06T00:18:48Z","AmountPaid":1500,"OpenBy":"user","LockerCode":"F5"},{"ID":322,"LockerID":32,"Phone":"3224095161","PIN":"0707","Active":0,"StartTime":"2025-10-05T20:35:48Z","EndTime":"2025-10-05T22:40:38Z","AmountPaid":1500,"OpenBy":"user","LockerCode":"D2"},{"ID":323,"LockerID":22,"Phone":"3164180757","PIN":"0205","Active":0,"StartTime":"2025-10-05T20:36:53Z","EndTime":"2025-10-05T23:39:54Z","AmountPaid":1500,"OpenBy":"user","LockerCode":"C2"},{"ID":324,"LockerID":6,"Phone":"3192365251","PIN":"6282","Active":0,"StartTime":"2025-10-05T20:40:14Z","EndTime":"2025-10-05T22:47:13Z","AmountPaid":1500,"OpenBy":"user","LockerCode":"A6"},{"ID":325,"LockerID":31,"Phone":"3008821952","PIN":"7811","Active":0,"StartTime":"2025-10-05T20:44:10Z","EndTime":"2025-10-05T23:43:28Z","AmountPaid":1500,"OpenBy":"user","LockerCode":"D1"},{"ID":326,"LockerID":17,"Phone":"3105855289","PIN":"1122","Active":0,"StartTime":"2025-10-05T20:45:32Z","EndTime":"2025-10-05T23:43:48Z","AmountPaid":1500,"OpenBy":"user","LockerCode":"B7"},{"ID":327,"LockerID":19,"Phone":"3165355493","PIN":"2580","Active":0,"StartTime":"2025-10-05T21:34:52Z","EndTime":"2025-10-05T23:09:13Z","AmountPaid":1500,"OpenBy":"user","LockerCode":"B9"},{"ID":328,"LockerID":51,"Phone":"3112667736","PIN":"2505","Active":0,"StartTime":"2025-10-05T22:07:54Z","EndTime":"2025-10-06T02:39:08Z","AmountPaid":1500,"OpenBy":"user","LockerCode":"F1"},{"ID":329,"LockerID":50,"Phone":"3508142987","PIN":"2841","Active":0,"StartTime":"2025-10-05T22:12:49Z","EndTime":"2025-10-05T23:05:32Z","AmountPaid":1500,"OpenBy":"user","LockerCode":"E10"},{"ID":330,"LockerID":43,"Phone":"3242040667","PIN":"0812","Active":0,"StartTime":"2025-10-05T22:13:36Z","EndTime":"2025-10-05T23:51:19Z","AmountPaid":1500,"OpenBy":"user","LockerCode":"E3"},{"ID":331,"LockerID":34,"Phone":"3107924225","PIN":"0000","Active":0,"StartTime":"2025-10-05T22:52:30Z","EndTime":"2025-10-06T01:27:44Z","AmountPaid":1500,"OpenBy":"user","LockerCode":"D4"},{"ID":332,"LockerID":8,"Phone":"3006505492","PIN":"0902","Active":0,"StartTime":"2025-10-05T22:55:47Z","EndTime":"2025-10-05T23:31:23Z","AmountPaid":1500,"OpenBy":"user","LockerCode":"A8"},{"ID":333,"LockerID":10,"Phone":"3248643851","PIN":"8521","Active":0,"StartTime":"2025-10-05T22:57:38Z","EndTime":"2025-10-05T23:24:01Z","AmountPaid":1500,"OpenBy":"user","LockerCode":"A10"},{"ID":334,"LockerID":60,"Phone":"3227013066","PIN":"2904","Active":0,"StartTime":"2025-10-05T23:37:38Z","EndTime":"2025-10-06T00:50:43Z","AmountPaid":1500,"OpenBy":"user","LockerCode":"F10"},{"ID":335,"LockerID":48,"Phone":"3223537741","PIN":"2904","Active":0,"StartTime":"2025-10-05T23:39:11Z","EndTime":"2025-10-06T00:50:54Z","AmountPaid":1500,"OpenBy":"user","LockerCode":"E8"},{"ID":336,"LockerID":19,"Phone":"3184920950","PIN":"1807","Active":0,"StartTime":"2025-10-06T11:24:19Z","EndTime":"2025-10-06T12:30:30Z","AmountPaid":1500,"OpenBy":"user","LockerCode":"B9"},{"ID":337,"LockerID":45,"Phone":"3148169044","PIN":"9804","Active":0,"StartTime":"2025-10-06T12:07:26Z","EndTime":"2025-10-06T13:17:23Z","AmountPaid":1500,"OpenBy":"user","LockerCode":"E5"},{"ID":338,"LockerID":3,"Phone":"3194051169","PIN":"9905","Active":0,"StartTime":"2025-10-06T13:25:07Z","EndTime":"2025-10-06T23:36:27Z","AmountPaid":1500,"OpenBy":"user","LockerCode":"A3"},{"ID":339,"LockerID":52,"Phone":"3118459069","PIN":"1608","Active":0,"StartTime":"2025-10-06T13:30:50Z","EndTime":"2025-10-06T13:58:48Z","AmountPaid":1500,"OpenBy":"user","LockerCode":"F2"},{"ID":340,"LockerID":50,"Phone":"3153618369","PIN":"1309","Active":0,"StartTime":"2025-10-06T15:07:30Z","EndTime":"2025-10-06T15:25:41Z","AmountPaid":1500,"OpenBy":"user","LockerCode":"E10"},{"ID":341,"LockerID":5,"Phone":"3003041589","PIN":"6521","Active":0,"StartTime":"2025-10-06T15:29:54Z","EndTime":"2025-10-06T17:11:11Z","AmountPaid":1500,"OpenBy":"user","LockerCode":"A5"},{"ID":342,"LockerID":59,"Phone":"3125277820","PIN":"0852","Active":0,"StartTime":"2025-10-06T15:39:56Z","EndTime":"2025-10-06T18:09:39Z","AmountPaid":1500,"OpenBy":"user","LockerCode":"F9"},{"ID":343,"LockerID":14,"Phone":"3012214526","PIN":"5689","Active":0,"StartTime":"2025-10-06T15:44:54Z","EndTime":"2025-10-06T17:00:05Z","AmountPaid":1500,"OpenBy":"user","LockerCode":"B4"},{"ID":344,"LockerID":12,"Phone":"3152189715","PIN":"1980","Active":0,"StartTime":"2025-10-06T16:42:44Z","EndTime":"2025-10-06T17:17:08Z","AmountPaid":1600,"OpenBy":"user","LockerCode":"B2"},{"ID":345,"LockerID":45,"Phone":"3234923198","PIN":"2002","Active":0,"StartTime":"2025-10-06T17:05:51Z","EndTime":"2025-10-06T19:06:02Z","AmountPaid":1500,"OpenBy":"user","LockerCode":"E5"},{"ID":346,"LockerID":28,"Phone":"3246213622","PIN":"1102","Active":0,"StartTime":"2025-10-06T18:04:00Z","EndTime":"2025-10-06T19:11:59Z","AmountPaid":1500,"OpenBy":"user","LockerCode":"C8"},{"ID":347,"LockerID":22,"Phone":"3118177312","PIN":"1379","Active":0,"StartTime":"2025-10-06T18:27:20Z","EndTime":"2025-10-06T19:53:53Z","AmountPaid":1700,"OpenBy":"user","LockerCode":"C2"},{"ID":348,"LockerID":26,"Phone":"3054583050","PIN":"2003","Active":0,"StartTime":"2025-10-06T18:52:08Z","EndTime":"2025-10-06T19:49:23Z","AmountPaid":1500,"OpenBy":"user","LockerCode":"C6"},{"ID":349,"LockerID":18,"Phone":"3118094594","PIN":"4594","Active":0,"StartTime":"2025-10-06T19:19:08Z","EndTime":"2025-10-06T20:22:20Z","AmountPaid":1500,"OpenBy":"user","LockerCode":"B8"},{"ID":350,"LockerID":2,"Phone":"3015904518","PIN":"1323","Active":0,"StartTime":"2025-10-06T19:23:22Z","EndTime":"2025-10-06T19:45:56Z","AmountPaid":1500,"OpenBy":"user","LockerCode":"A2"},{"ID":351,"LockerID":37,"Phone":"3233788239","PIN":"1818","Active":0,"StartTime":"2025-10-06T19:25:03Z","EndTime":"2025-10-06T19:44:39Z","AmountPaid":1500,"OpenBy":"user","LockerCode":"D7"},{"ID":352,"LockerID":45,"Phone":"3124667569","PIN":"6321","Active":0,"StartTime":"2025-10-06T19:53:05Z","EndTime":"2025-10-06T20:49:16Z","AmountPaid":1500,"OpenBy":"user","LockerCode":"E5"},{"ID":353,"LockerID":1,"Phone":"3103828664","PIN":"3204","Active":0,"StartTime":"2025-10-06T20:13:19Z","EndTime":"2025-10-07T00:14:37Z","AmountPaid":1500,"OpenBy":"user","LockerCode":"A1"},{"ID":354,"LockerID":43,"Phone":"3046657640","PIN":"2331","Active":0,"StartTime":"2025-10-06T20:51:09Z","EndTime":"2025-10-06T21:16:11Z","AmountPaid":1500,"OpenBy":"user","LockerCode":"E3"},{"ID":355,"LockerID":44,"Phone":"3195985796","PIN":"1214","Active":0,"StartTime":"2025-10-06T21:07:54Z","EndTime":"2025-10-06T22:01:35Z","AmountPaid":1500,"OpenBy":"user","LockerCode":"E4"},{"ID":356,"LockerID":55,"Phone":"3024179013","PIN":"4689","Active":0,"StartTime":"2025-10-06T22:42:00Z","EndTime":"2025-10-07T00:03:58Z","AmountPaid":1500,"OpenBy":"user","LockerCode":"F5"},{"ID":357,"LockerID":54,"Phone":"3212384685","PIN":"2582","Active":0,"StartTime":"2025-10-06T22:44:05Z","EndTime":"2025-10-07T01:26:07Z","AmountPaid":1500,"OpenBy":"user","LockerCode":"F4"},{"ID":358,"LockerID":26,"Phone":"3172166639","PIN":"1946","Active":0,"StartTime":"2025-10-06T23:42:28Z","EndTime":"2025-10-07T00:59:22Z","AmountPaid":1500,"OpenBy":"user","LockerCode":"C6"},{"ID":359,"LockerID":30,"Phone":"3102319349","PIN":"9208","Active":0,"StartTime":"2025-10-06T23:56:23Z","EndTime":"2025-10-07T03:24:43Z","AmountPaid":1500,"OpenBy":"user","LockerCode":"C10"},{"ID":360,"LockerID":41,"Phone":"3142321998","PIN":"2003","Active":0,"StartTime":"2025-10-07T00:44:05Z","EndTime":"2025-10-07T02:24:03Z","AmountPaid":1500,"OpenBy":"user","LockerCode":"E1"},{"ID":361,"LockerID":50,"Phone":"3203814048","PIN":"1424","Active":0,"StartTime":"2025-10-07T11:26:42Z","EndTime":"2025-10-07T12:28:01Z","AmountPaid":1500,"OpenBy":"user","LockerCode":"E10"},{"ID":362,"LockerID":37,"Phone":"3108691001","PIN":"1001","Active":0,"StartTime":"2025-10-07T12:01:01Z","EndTime":"2025-10-07T13:53:00Z","AmountPaid":1500,"OpenBy":"user","LockerCode":"D7"},{"ID":363,"LockerID":42,"Phone":"3183847210","PIN":"2904","Active":0,"StartTime":"2025-10-07T12:22:18Z","EndTime":"2025-10-07T12:53:28Z","AmountPaid":1500,"OpenBy":"user","LockerCode":"E2"},{"ID":364,"LockerID":37,"Phone":"3203389370","PIN":"3084","Active":0,"StartTime":"2025-10-07T14:34:18Z","EndTime":"2025-10-07T16:02:02Z","AmountPaid":1500,"OpenBy":"user","LockerCode":"D7"},{"ID":365,"LockerID":53,"Phone":"3227623029","PIN":"1819","Active":0,"StartTime":"2025-10-07T15:39:33Z","EndTime":"2025-10-07T15:40:27Z","AmountPaid":1500,"OpenBy":"user","LockerCode":"F3"},{"ID":366,"LockerID":44,"Phone":"3227623029","PIN":"1819","Active":0,"StartTime":"2025-10-07T15:41:33Z","EndTime":"2025-10-07T16:39:01Z","AmountPaid":1500,"OpenBy":"user","LockerCode":"E4"},{"ID":367,"LockerID":28,"Phone":"3203876699","PIN":"0528","Active":0,"StartTime":"2025-10-07T15:54:36Z","EndTime":"2025-10-07T18:56:24Z","AmountPaid":1500,"OpenBy":"user","LockerCode":"C8"},{"ID":368,"LockerID":47,"Phone":"3003006577","PIN":"9509","Active":0,"StartTime":"2025-10-07T15:57:42Z","EndTime":"2025-10-07T16:59:10Z","AmountPaid":1600,"OpenBy":"user","LockerCode":"E7"},{"ID":369,"LockerID":27,"Phone":"3114823922","PIN":"5821","Active":0,"StartTime":"2025-10-07T16:06:36Z","EndTime":"2025-10-07T18:58:22Z","AmountPaid":1500,"OpenBy":"user","LockerCode":"C7"},{"ID":370,"LockerID":49,"Phone":"3124688309","PIN":"7714","Active":0,"StartTime":"2025-10-07T16:29:56Z","EndTime":"2025-10-07T17:03:48Z","AmountPaid":1600,"OpenBy":"user","LockerCode":"E9"},{"ID":371,"LockerID":3,"Phone":"3213737079","PIN":"8110","Active":0,"StartTime":"2025-10-07T17:07:11Z","EndTime":"2025-10-07T20:04:01Z","AmountPaid":1600,"OpenBy":"user","LockerCode":"A3"},{"ID":372,"LockerID":43,"Phone":"3123025663","PIN":"4110","Active":0,"StartTime":"2025-10-07T18:09:43Z","EndTime":"2025-10-07T18:50:09Z","AmountPaid":1500,"OpenBy":"user","LockerCode":"E3"},{"ID":373,"LockerID":9,"Phone":"3185726047","PIN":"0000","Active":0,"StartTime":"2025-10-07T19:35:41Z","EndTime":"2025-10-07T20:35:22Z","AmountPaid":2000,"OpenBy":"user","LockerCode":"A9"},{"ID":374,"LockerID":20,"Phone":"3143422988","PIN":"3105","Active":0,"StartTime":"2025-10-07T21:07:00Z","EndTime":"2025-10-07T22:01:03Z","AmountPaid":1500,"OpenBy":"user","LockerCode":"B10"},{"ID":375,"LockerID":18,"Phone":"3043609795","PIN":"2003","Active":0,"StartTime":"2025-10-07T22:11:32Z","EndTime":"2025-10-08T00:52:12Z","AmountPaid":1500,"OpenBy":"user","LockerCode":"B8"},{"ID":376,"LockerID":6,"Phone":"3134439505","PIN":"1105","Active":0,"StartTime":"2025-10-08T00:02:48Z","EndTime":"2025-10-08T02:54:30Z","AmountPaid":1500,"OpenBy":"user","LockerCode":"A6"},{"ID":377,"LockerID":13,"Phone":"3227063977","PIN":"1105","Active":0,"StartTime":"2025-10-08T00:11:25Z","EndTime":"2025-10-08T02:54:52Z","AmountPaid":1500,"OpenBy":"user","LockerCode":"B3"},{"ID":378,"LockerID":51,"Phone":"3103362728","PIN":"1123","Active":0,"StartTime":"2025-10-08T12:47:43Z","EndTime":"2025-10-08T13:04:14Z","AmountPaid":1500,"OpenBy":"user","LockerCode":"F1"},{"ID":379,"LockerID":6,"Phone":"3112808315","PIN":"1606","Active":0,"StartTime":"2025-10-08T12:59:41Z","EndTime":"2025-10-08T21:31:47Z","AmountPaid":1500,"OpenBy":"user","LockerCode":"A6"},{"ID":380,"LockerID":35,"Phone":"3224349967","PIN":"2530","Active":0,"StartTime":"2025-10-08T14:03:53Z","EndTime":"2025-10-08T16:03:50Z","AmountPaid":1500,"OpenBy":"user","LockerCode":"D5"},{"ID":381,"LockerID":18,"Phone":"3105748615","PIN":"1609","Active":0,"StartTime":"2025-10-08T14:44:06Z","EndTime":"2025-10-08T15:47:28Z","AmountPaid":1500,"OpenBy":"user","LockerCode":"B8"},{"ID":382,"LockerID":57,"Phone":"3114948815","PIN":"2407","Active":0,"StartTime":"2025-10-08T15:46:01Z","EndTime":"2025-10-08T18:25:37Z","AmountPaid":1500,"OpenBy":"user","LockerCode":"F7"},{"ID":383,"LockerID":48,"Phone":"3143516899","PIN":"1991","Active":0,"StartTime":"2025-10-08T16:01:25Z","EndTime":"2025-10-08T17:11:05Z","AmountPaid":1500,"OpenBy":"user","LockerCode":"E8"},{"ID":384,"LockerID":45,"Phone":"3124688309","PIN":"7714","Active":0,"StartTime":"2025-10-08T16:19:29Z","EndTime":"2025-10-08T17:40:04Z","AmountPaid":1500,"OpenBy":"user","LockerCode":"E5"},{"ID":385,"LockerID":37,"Phone":"3133670552","PIN":"1325","Active":0,"StartTime":"2025-10-08T16:21:43Z","EndTime":"2025-10-08T21:33:45Z","AmountPaid":1500,"OpenBy":"user","LockerCode":"D7"},{"ID":386,"LockerID":31,"Phone":"3014368807","PIN":"2804","Active":0,"StartTime":"2025-10-08T16:23:18Z","EndTime":"2025-10-08T17:17:49Z","AmountPaid":1500,"OpenBy":"user","LockerCode":"D1"},{"ID":387,"LockerID":11,"Phone":"3045596628","PIN":"0708","Active":0,"StartTime":"2025-10-08T16:48:27Z","EndTime":"2025-10-08T17:41:07Z","AmountPaid":1500,"OpenBy":"user","LockerCode":"B1"},{"ID":388,"LockerID":34,"Phone":"3107698003","PIN":"0919","Active":0,"StartTime":"2025-10-08T17:23:07Z","EndTime":"2025-10-08T17:49:54Z","AmountPaid":1500,"OpenBy":"user","LockerCode":"D4"},{"ID":389,"LockerID":24,"Phone":"3178683129","PIN":"1014","Active":0,"StartTime":"2025-10-08T18:08:41Z","EndTime":"2025-10-08T18:55:47Z","AmountPaid":1500,"OpenBy":"user","LockerCode":"C4"},{"ID":390,"LockerID":10,"Phone":"3105192454","PIN":"1996","Active":0,"StartTime":"2025-10-08T18:25:06Z","EndTime":"2025-10-08T19:49:18Z","AmountPaid":1500,"OpenBy":"user","LockerCode":"A10"},{"ID":391,"LockerID":21,"Phone":"3045960585","PIN":"2123","Active":0,"StartTime":"2025-10-08T18:42:18Z","EndTime":"2025-10-08T20:20:04Z","AmountPaid":1500,"OpenBy":"user","LockerCode":"C1"},{"ID":392,"LockerID":4,"Phone":"3044605243","PIN":"1993","Active":0,"StartTime":"2025-10-08T20:25:36Z","EndTime":"2025-10-08T21:06:44Z","AmountPaid":1500,"OpenBy":"user","LockerCode":"A4"},{"ID":393,"LockerID":19,"Phone":"3505251097","PIN":"2212","Active":0,"StartTime":"2025-10-08T21:39:48Z","EndTime":"2025-10-09T00:34:02Z","AmountPaid":1500,"OpenBy":"user","LockerCode":"B9"},{"ID":394,"LockerID":17,"Phone":"3187128720","PIN":"2912","Active":0,"StartTime":"2025-10-08T22:11:52Z","EndTime":"2025-10-08T22:54:04Z","AmountPaid":1500,"OpenBy":"user","LockerCode":"B7"},{"ID":395,"LockerID":40,"Phone":"3107804399","PIN":"8707","Active":0,"StartTime":"2025-10-08T22:16:01Z","EndTime":"2025-10-09T00:24:58Z","AmountPaid":1500,"OpenBy":"user","LockerCode":"D10"},{"ID":396,"LockerID":3,"Phone":"3209889179","PIN":"0911","Active":0,"StartTime":"2025-10-08T22:26:43Z","EndTime":"2025-10-09T00:41:23Z","AmountPaid":1500,"OpenBy":"user","LockerCode":"A3"},{"ID":397,"LockerID":24,"Phone":"3142952062","PIN":"1205","Active":0,"StartTime":"2025-10-08T22:48:04Z","EndTime":"2025-10-08T23:54:04Z","AmountPaid":1500,"OpenBy":"user","LockerCode":"C4"},{"ID":398,"LockerID":47,"Phone":"3118775773","PIN":"3114","Active":0,"StartTime":"2025-10-08T23:23:55Z","EndTime":"2025-10-09T01:10:16Z","AmountPaid":1500,"OpenBy":"user","LockerCode":"E7"},{"ID":399,"LockerID":18,"Phone":"3229491133","PIN":"9702","Active":0,"StartTime":"2025-10-08T23:35:19Z","EndTime":"2025-10-09T01:41:08Z","AmountPaid":1500,"OpenBy":"user","LockerCode":"B8"},{"ID":400,"LockerID":41,"Phone":"3123175715","PIN":"6666","Active":0,"StartTime":"2025-10-09T00:37:25Z","EndTime":"2025-10-09T03:19:31Z","AmountPaid":1600,"OpenBy":"user","LockerCode":"E1"},{"ID":401,"LockerID":12,"Phone":"3053411152","PIN":"1510","Active":0,"StartTime":"2025-10-09T01:49:19Z","EndTime":"2025-10-09T04:32:11Z","AmountPaid":1500,"OpenBy":"user","LockerCode":"B2"},{"ID":402,"LockerID":13,"Phone":"3158888324","PIN":"2595","Active":0,"StartTime":"2025-10-09T10:34:52Z","EndTime":"2025-10-09T11:37:30Z","AmountPaid":1500,"OpenBy":"user","LockerCode":"B3"},{"ID":403,"LockerID":51,"Phone":"3204660728","PIN":"0707","Active":0,"StartTime":"2025-10-09T11:22:07Z","EndTime":"2025-10-09T13:06:25Z","AmountPaid":1500,"OpenBy":"user","LockerCode":"F1"},{"ID":404,"LockerID":1,"Phone":"3134392924","PIN":"2773","Active":0,"StartTime":"2025-10-09T11:40:15Z","EndTime":"2025-10-09T11:54:47Z","AmountPaid":1500,"OpenBy":"user","LockerCode":"A1"},{"ID":405,"LockerID":34,"Phone":"3112808315","PIN":"1606","Active":0,"StartTime":"2025-10-09T12:36:56Z","EndTime":"2025-10-09T17:43:43Z","AmountPaid":1500,"OpenBy":"user","LockerCode":"D4"},{"ID":406,"LockerID":3,"Phone":"3502829110","PIN":"8077","Active":0,"StartTime":"2025-10-09T13:02:18Z","EndTime":"2025-10-09T14:00:14Z","AmountPaid":1500,"OpenBy":"user","LockerCode":"A3"},{"ID":407,"LockerID":7,"Phone":"3229218384","PIN":"9403","Active":0,"StartTime":"2025-10-09T13:05:41Z","EndTime":"2025-10-10T00:12:42Z","AmountPaid":1500,"OpenBy":"user","LockerCode":"A7"},{"ID":408,"LockerID":39,"Phone":"3146010389","PIN":"5584","Active":0,"StartTime":"2025-10-09T13:56:26Z","EndTime":"2025-10-09T17:30:05Z","AmountPaid":1500,"OpenBy":"user","LockerCode":"D9"},{"ID":409,"LockerID":41,"Phone":"3102970976","PIN":"1930","Active":0,"StartTime":"2025-10-09T14:24:03Z","EndTime":"2025-10-09T17:04:22Z","AmountPaid":1500,"OpenBy":"user","LockerCode":"E1"},{"ID":410,"LockerID":31,"Phone":"3153618369","PIN":"1309","Active":0,"StartTime":"2025-10-09T15:15:09Z","EndTime":"2025-10-09T16:12:43Z","AmountPaid":1500,"OpenBy":"user","LockerCode":"D1"},{"ID":411,"LockerID":52,"Phone":"3502017032","PIN":"1976","Active":0,"StartTime":"2025-10-09T15:25:07Z","EndTime":"2025-10-09T16:35:29Z","AmountPaid":1500,"OpenBy":"user","LockerCode":"F2"},{"ID":412,"LockerID":16,"Phone":"3224055643","PIN":"1725","Active":0,"StartTime":"2025-10-09T16:35:09Z","EndTime":"2025-10-09T21:10:33Z","AmountPaid":1500,"OpenBy":"user","LockerCode":"B6"},{"ID":413,"LockerID":40,"Phone":"3118961221","PIN":"1226","Active":0,"StartTime":"2025-10-09T17:11:11Z","EndTime":"2025-10-09T17:44:35Z","AmountPaid":1500,"OpenBy":"user","LockerCode":"D10"},{"ID":414,"LockerID":31,"Phone":"3508569590","PIN":"0000","Active":0,"StartTime":"2025-10-09T17:58:10Z","EndTime":"2025-10-09T18:55:29Z","AmountPaid":1500,"OpenBy":"user","LockerCode":"D1"},{"ID":415,"LockerID":42,"Phone":"3016783916","PIN":"8059","Active":0,"StartTime":"2025-10-09T18:58:58Z","EndTime":"2025-10-09T21:19:23Z","AmountPaid":1500,"OpenBy":"user","LockerCode":"E2"},{"ID":416,"LockerID":52,"Phone":"3153329455","PIN":"6712","Active":0,"StartTime":"2025-10-09T19:48:45Z","EndTime":"2025-10-09T20:49:04Z","AmountPaid":1500,"OpenBy":"user","LockerCode":"F2"},{"ID":417,"LockerID":38,"Phone":"3142697104","PIN":"8117","Active":0,"StartTime":"2025-10-09T20:19:33Z","EndTime":"2025-10-09T22:13:42Z","AmountPaid":1500,"OpenBy":"user","LockerCode":"D8"},{"ID":418,"LockerID":10,"Phone":"3202624830","PIN":"9876","Active":0,"StartTime":"2025-10-09T21:26:02Z","EndTime":"2025-10-09T23:53:54Z","AmountPaid":1500,"OpenBy":"user","LockerCode":"A10"},{"ID":419,"LockerID":30,"Phone":"3108081077","PIN":"2311","Active":0,"StartTime":"2025-10-09T21:29:00Z","EndTime":"2025-10-10T00:43:22Z","AmountPaid":1500,"OpenBy":"user","LockerCode":"C10"},{"ID":420,"LockerID":9,"Phone":"3023672072","PIN":"2005","Active":0,"StartTime":"2025-10-09T21:30:06Z","EndTime":"2025-10-09T22:05:38Z","AmountPaid":1500,"OpenBy":"user","LockerCode":"A9"},{"ID":421,"LockerID":32,"Phone":"3229220818","PIN":"2005","Active":0,"StartTime":"2025-10-09T21:31:51Z","EndTime":"2025-10-09T22:06:01Z","AmountPaid":1500,"OpenBy":"user","LockerCode":"D2"},{"ID":422,"LockerID":53,"Phone":"3202700883","PIN":"1985","Active":0,"StartTime":"2025-10-09T22:28:53Z","EndTime":"2025-10-09T23:45:49Z","AmountPaid":1500,"OpenBy":"user","LockerCode":"F3"},{"ID":423,"LockerID":59,"Phone":"3177778083","PIN":"0615","Active":0,"StartTime":"2025-10-09T22:41:25Z","EndTime":"2025-10-10T01:07:03Z","AmountPaid":1500,"OpenBy":"user","LockerCode":"F9"},{"ID":424,"LockerID":8,"Phone":"3229491133","PIN":"9702","Active":0,"StartTime":"2025-10-09T23:30:24Z","EndTime":"2025-10-10T02:11:25Z","AmountPaid":1500,"OpenBy":"user","LockerCode":"A8"},{"ID":425,"LockerID":31,"Phone":"3213662126","PIN":"2005","Active":0,"StartTime":"2025-10-09T23:47:20Z","EndTime":"2025-10-10T02:36:39Z","AmountPaid":1500,"OpenBy":"user","LockerCode":"D1"},{"ID":426,"LockerID":22,"Phone":"3204673055","PIN":"1379","Active":0,"StartTime":"2025-10-09T23:57:24Z","EndTime":"2025-10-10T02:04:59Z","AmountPaid":1500,"OpenBy":"user","LockerCode":"C2"},{"ID":427,"LockerID":4,"Phone":"3219496216","PIN":"0001","Active":0,"StartTime":"2025-10-09T23:59:08Z","EndTime":"2025-10-10T02:05:16Z","AmountPaid":1500,"OpenBy":"user","LockerCode":"A4"},{"ID":428,"LockerID":29,"Phone":"3134141034","PIN":"0001","Active":0,"StartTime":"2025-10-10T00:02:09Z","EndTime":"2025-10-10T02:04:42Z","AmountPaid":1500,"OpenBy":"user","LockerCode":"C9"},{"ID":429,"LockerID":24,"Phone":"3162110115","PIN":"3162","Active":0,"StartTime":"2025-10-10T00:03:08Z","EndTime":"2025-10-10T00:36:39Z","AmountPaid":1500,"OpenBy":"user","LockerCode":"C4"},{"ID":430,"LockerID":33,"Phone":"3158749539","PIN":"2006","Active":0,"StartTime":"2025-10-10T10:57:34Z","EndTime":"2025-10-10T14:22:06Z","AmountPaid":1500,"OpenBy":"user","LockerCode":"D3"},{"ID":431,"LockerID":22,"Phone":"3132855617","PIN":"1321","Active":0,"StartTime":"2025-10-10T12:04:08Z","EndTime":"2025-10-10T14:01:06Z","AmountPaid":1500,"OpenBy":"user","LockerCode":"C2"},{"ID":432,"LockerID":16,"Phone":"3102088445","PIN":"3457","Active":0,"StartTime":"2025-10-10T12:28:32Z","EndTime":"2025-10-10T14:02:54Z","AmountPaid":1500,"OpenBy":"user","LockerCode":"B6"},{"ID":433,"LockerID":36,"Phone":"3232762616","PIN":"8608","Active":0,"StartTime":"2025-10-10T12:41:35Z","EndTime":"2025-10-10T16:15:08Z","AmountPaid":1500,"OpenBy":"user","LockerCode":"D6"},{"ID":434,"LockerID":31,"Phone":"3044605243","PIN":"1993","Active":0,"StartTime":"2025-10-10T12:57:33Z","EndTime":"2025-10-10T13:54:03Z","AmountPaid":1500,"OpenBy":"user","LockerCode":"D1"},{"ID":435,"LockerID":10,"Phone":"3005971888","PIN":"1526","Active":0,"StartTime":"2025-10-10T15:13:23Z","EndTime":"2025-10-10T16:20:02Z","AmountPaid":1500,"OpenBy":"user","LockerCode":"A10"},{"ID":436,"LockerID":4,"Phone":"3155535412","PIN":"8031","Active":0,"StartTime":"2025-10-10T15:34:56Z","EndTime":"2025-10-10T16:21:50Z","AmountPaid":1500,"OpenBy":"local","LockerCode":"A4"},{"ID":437,"LockerID":38,"Phone":"3103345271","PIN":"9106","Active":0,"StartTime":"2025-10-10T15:36:52Z","EndTime":"2025-10-10T15:36:53Z","AmountPaid":1500,"OpenBy":"error","LockerCode":"D8"},{"ID":438,"LockerID":18,"Phone":"3103345271","PIN":"9106","Active":0,"StartTime":"2025-10-10T15:36:54Z","EndTime":"2025-10-10T15:36:55Z","AmountPaid":1500,"OpenBy":"error","LockerCode":"B8"},{"ID":439,"LockerID":13,"Phone":"3103345271","PIN":"9106","Active":0,"StartTime":"2025-10-10T15:36:56Z","EndTime":"2025-10-10T15:36:57Z","AmountPaid":1500,"OpenBy":"error","LockerCode":"B3"},{"ID":440,"LockerID":57,"Phone":"3103345271","PIN":"9106","Active":0,"StartTime":"2025-10-10T15:36:58Z","EndTime":"2025-10-10T15:36:59Z","AmountPaid":1500,"OpenBy":"error","LockerCode":"F7"},{"ID":441,"LockerID":14,"Phone":"3103345271","PIN":"9106","Active":0,"StartTime":"2025-10-10T15:37:00Z","EndTime":"2025-10-10T15:37:01Z","AmountPaid":1500,"OpenBy":"error","LockerCode":"B4"},{"ID":442,"LockerID":47,"Phone":"3103345271","PIN":"9106","Active":0,"StartTime":"2025-10-10T15:37:09Z","EndTime":"2025-10-10T15:37:10Z","AmountPaid":1500,"OpenBy":"error","LockerCode":"E7"},{"ID":443,"LockerID":2,"Phone":"3103345271","PIN":"9106","Active":0,"StartTime":"2025-10-10T15:37:11Z","EndTime":"2025-10-10T15:37:12Z","AmountPaid":1500,"OpenBy":"error","LockerCode":"A2"},{"ID":444,"LockerID":31,"Phone":"3103345271","PIN":"9106","Active":0,"StartTime":"2025-10-10T15:37:13Z","EndTime":"2025-10-10T15:37:14Z","AmountPaid":1500,"OpenBy":"error","LockerCode":"D1"},{"ID":445,"LockerID":34,"Phone":"3103345271","PIN":"9106","Active":0,"StartTime":"2025-10-10T15:37:15Z","EndTime":"2025-10-10T15:37:16Z","AmountPaid":1500,"OpenBy":"error","LockerCode":"D4"},{"ID":446,"LockerID":54,"Phone":"3103345271","PIN":"9106","Active":0,"StartTime":"2025-10-10T15:37:17Z","EndTime":"2025-10-10T15:37:18Z","AmountPaid":1500,"OpenBy":"error","LockerCode":"F4"},{"ID":447,"LockerID":53,"Phone":"3103345271","PIN":"9106","Active":0,"StartTime":"2025-10-10T15:37:33Z","EndTime":"2025-10-10T15:37:34Z","AmountPaid":1500,"OpenBy":"error","LockerCode":"F3"},{"ID":448,"LockerID":59,"Phone":"3103345271","PIN":"9106","Active":0,"StartTime":"2025-10-10T15:37:35Z","EndTime":"2025-10-10T15:37:36Z","AmountPaid":1500,"OpenBy":"error","LockerCode":"F9"},{"ID":449,"LockerID":30,"Phone":"3103345271","PIN":"9106","Active":0,"StartTime":"2025-10-10T15:37:37Z","EndTime":"2025-10-10T15:37:38Z","AmountPaid":1500,"OpenBy":"error","LockerCode":"C10"},{"ID":450,"LockerID":3,"Phone":"3103345271","PIN":"9106","Active":0,"StartTime":"2025-10-10T15:37:39Z","EndTime":"2025-10-10T15:37:40Z","AmountPaid":1500,"OpenBy":"error","LockerCode":"A3"},{"ID":451,"LockerID":28,"Phone":"3103345271","PIN":"9106","Active":0,"StartTime":"2025-10-10T15:37:41Z","EndTime":"2025-10-10T15:37:42Z","AmountPaid":1500,"OpenBy":"error","LockerCode":"C8"},{"ID":452,"LockerID":27,"Phone":"3103345271","PIN":"9106","Active":0,"StartTime":"2025-10-10T15:37:47Z","EndTime":"2025-10-10T15:37:48Z","AmountPaid":1500,"OpenBy":"error","LockerCode":"C7"},{"ID":453,"LockerID":23,"Phone":"3103345271","PIN":"9106","Active":0,"StartTime":"2025-10-10T15:37:49Z","EndTime":"2025-10-10T15:37:50Z","AmountPaid":1500,"OpenBy":"error","LockerCode":"C3"},{"ID":454,"LockerID":39,"Phone":"3103345271","PIN":"9106","Active":0,"StartTime":"2025-10-10T15:37:51Z","EndTime":"2025-10-10T15:37:52Z","AmountPaid":1500,"OpenBy":"error","LockerCode":"D9"},{"ID":455,"LockerID":52,"Phone":"3103345271","PIN":"9106","Active":0,"StartTime":"2025-10-10T15:37:53Z","EndTime":"2025-10-10T15:37:54Z","AmountPaid":1500,"OpenBy":"error","LockerCode":"F2"},{"ID":456,"LockerID":26,"Phone":"3103345271","PIN":"9106","Active":0,"StartTime":"2025-10-10T15:37:55Z","EndTime":"2025-10-10T15:37:56Z","AmountPaid":1500,"OpenBy":"error","LockerCode":"C6"},{"ID":457,"LockerID":3,"Phone":"3025418438","PIN":"8008","Active":0,"StartTime":"2025-10-10T17:07:56Z","EndTime":"2025-10-10T18:45:53Z","AmountPaid":1500,"OpenBy":"user","LockerCode":"A3"},{"ID":458,"LockerID":53,"Phone":"3124316027","PIN":"2315","Active":0,"StartTime":"2025-10-10T19:15:09Z","EndTime":"2025-10-11T02:36:01Z","AmountPaid":1500,"OpenBy":"user","LockerCode":"F3"},{"ID":459,"LockerID":41,"Phone":"3057194149","PIN":"9809","Active":0,"StartTime":"2025-10-10T20:25:00Z","EndTime":"2025-10-10T23:35:15Z","AmountPaid":1500,"OpenBy":"user","LockerCode":"E1"},{"ID":460,"LockerID":20,"Phone":"3057364102","PIN":"9812","Active":0,"StartTime":"2025-10-10T20:25:47Z","EndTime":"2025-10-10T23:59:36Z","AmountPaid":1500,"OpenBy":"user","LockerCode":"B10"},{"ID":461,"LockerID":26,"Phone":"3208128478","PIN":"0211","Active":0,"StartTime":"2025-10-10T21:06:44Z","EndTime":"2025-10-10T22:36:00Z","AmountPaid":1500,"OpenBy":"user","LockerCode":"C6"},{"ID":462,"LockerID":21,"Phone":"3213808665","PIN":"0630","Active":0,"StartTime":"2025-10-10T21:10:01Z","EndTime":"2025-10-10T23:25:39Z","AmountPaid":1500,"OpenBy":"user","LockerCode":"C1"},{"ID":463,"LockerID":15,"Phone":"3135937752","PIN":"5248","Active":0,"StartTime":"2025-10-10T22:14:34Z","EndTime":"2025-10-10T22:51:53Z","AmountPaid":1600,"OpenBy":"user","LockerCode":"B5"},{"ID":464,"LockerID":40,"Phone":"3008804825","PIN":"1022","Active":0,"StartTime":"2025-10-10T22:40:51Z","EndTime":"2025-10-10T23:26:00Z","AmountPaid":1500,"OpenBy":"user","LockerCode":"D10"},{"ID":465,"LockerID":10,"Phone":"3105757513","PIN":"0823","Active":0,"StartTime":"2025-10-10T22:54:40Z","EndTime":"2025-10-10T23:46:44Z","AmountPaid":1500,"OpenBy":"user","LockerCode":"A10"},{"ID":466,"LockerID":28,"Phone":"3212591197","PIN":"1905","Active":0,"StartTime":"2025-10-11T00:08:00Z","EndTime":"2025-10-11T00:57:47Z","AmountPaid":1500,"OpenBy":"user","LockerCode":"C8"},{"ID":467,"LockerID":46,"Phone":"3124807989","PIN":"1004","Active":0,"StartTime":"2025-10-11T00:19:47Z","EndTime":"2025-10-11T00:59:56Z","AmountPaid":1500,"OpenBy":"user","LockerCode":"E6"},{"ID":468,"LockerID":27,"Phone":"3202019312","PIN":"1234","Active":0,"StartTime":"2025-10-12T16:14:50Z","EndTime":"2025-10-12T16:16:32Z","AmountPaid":1500,"OpenBy":"user","LockerCode":"C7"},{"ID":469,"LockerID":42,"Phone":"3103192771","PIN":"0000","Active":0,"StartTime":"2025-10-12T16:15:28Z","EndTime":"2025-10-12T16:15:58Z","AmountPaid":1500,"OpenBy":"user","LockerCode":"E2"},{"ID":470,"LockerID":33,"Phone":"3134800188","PIN":"2403","Active":0,"StartTime":"2025-10-12T20:53:27Z","EndTime":"2025-10-12T23:07:27Z","AmountPaid":1500,"OpenBy":"user","LockerCode":"D3"},{"ID":471,"LockerID":13,"Phone":"3213582446","PIN":"7298","Active":0,"StartTime":"2025-10-12T20:54:38Z","EndTime":"2025-10-12T23:07:11Z","AmountPaid":1500,"OpenBy":"user","LockerCode":"B3"},{"ID":472,"LockerID":6,"Phone":"3118483571","PIN":"0852","Active":0,"StartTime":"2025-10-12T23:01:15Z","EndTime":"2025-10-13T00:33:19Z","AmountPaid":1500,"OpenBy":"user","LockerCode":"A6"},{"ID":473,"LockerID":34,"Phone":"3166854291","PIN":"1915","Active":0,"StartTime":"2025-10-13T17:06:53Z","EndTime":"2025-10-13T20:15:33Z","AmountPaid":1500,"OpenBy":"user","LockerCode":"D4"},{"ID":474,"LockerID":41,"Phone":"3155892023","PIN":"0810","Active":0,"StartTime":"2025-10-13T17:07:38Z","EndTime":"2025-10-13T18:39:57Z","AmountPaid":1500,"OpenBy":"user","LockerCode":"E1"},{"ID":475,"LockerID":36,"Phone":"3228730338","PIN":"9603","Active":0,"StartTime":"2025-10-13T17:51:01Z","EndTime":"2025-10-13T18:22:54Z","AmountPaid":1500,"OpenBy":"user","LockerCode":"D6"},{"ID":476,"LockerID":50,"Phone":"3228730338","PIN":"9603","Active":0,"StartTime":"2025-10-13T18:59:39Z","EndTime":"2025-10-13T21:31:37Z","AmountPaid":1600,"OpenBy":"user","LockerCode":"E10"},{"ID":477,"LockerID":16,"Phone":"3115760512","PIN":"2510","Active":0,"StartTime":"2025-10-13T20:06:54Z","EndTime":"2025-10-13T23:24:54Z","AmountPaid":1500,"OpenBy":"user","LockerCode":"B6"},{"ID":478,"LockerID":36,"Phone":"3022173223","PIN":"1234","Active":0,"StartTime":"2025-10-13T20:29:38Z","EndTime":"2025-10-14T00:01:42Z","AmountPaid":1500,"OpenBy":"user","LockerCode":"D6"},{"ID":479,"LockerID":53,"Phone":"3203512515","PIN":"1234","Active":0,"StartTime":"2025-10-13T20:56:57Z","EndTime":"2025-10-14T02:06:20Z","AmountPaid":1500,"OpenBy":"user","LockerCode":"F3"},{"ID":480,"LockerID":45,"Phone":"3202350122","PIN":"1234","Active":0,"StartTime":"2025-10-13T20:57:41Z","EndTime":"2025-10-14T02:05:57Z","AmountPaid":1500,"OpenBy":"user","LockerCode":"E5"},{"ID":481,"LockerID":9,"Phone":"3013890490","PIN":"2006","Active":0,"StartTime":"2025-10-13T20:59:21Z","EndTime":"2025-10-14T02:06:40Z","AmountPaid":1500,"OpenBy":"user","LockerCode":"A9"},{"ID":482,"LockerID":5,"Phone":"3175416534","PIN":"1644","Active":0,"StartTime":"2025-10-13T22:42:29Z","EndTime":"2025-10-14T00:29:34Z","AmountPaid":1500,"OpenBy":"user","LockerCode":"A5"},{"ID":483,"LockerID":21,"Phone":"3195417135","PIN":"1234","Active":0,"StartTime":"2025-10-13T22:53:24Z","EndTime":"2025-10-14T01:33:36Z","AmountPaid":1500,"OpenBy":"user","LockerCode":"C1"},{"ID":484,"LockerID":13,"Phone":"3027075169","PIN":"1273","Active":0,"StartTime":"2025-10-14T10:28:07Z","EndTime":"2025-10-14T12:55:32Z","AmountPaid":1500,"OpenBy":"user","LockerCode":"B3"},{"ID":485,"LockerID":19,"Phone":"3168668414","PIN":"5420","Active":0,"StartTime":"2025-10-14T11:06:22Z","EndTime":"2025-10-14T11:50:05Z","AmountPaid":1500,"OpenBy":"user","LockerCode":"B9"},{"ID":486,"LockerID":56,"Phone":"3167470347","PIN":"1981","Active":0,"StartTime":"2025-10-14T11:17:47Z","EndTime":"2025-10-14T11:17:47Z","AmountPaid":1500,"OpenBy":"error","LockerCode":"F6"},{"ID":487,"LockerID":42,"Phone":"3167470347","PIN":"1981","Active":0,"StartTime":"2025-10-14T11:17:48Z","EndTime":"2025-10-14T12:53:34Z","AmountPaid":1500,"OpenBy":"user","LockerCode":"E2"},{"ID":488,"LockerID":43,"Phone":"3158888324","PIN":"2595","Active":0,"StartTime":"2025-10-14T12:06:43Z","EndTime":"2025-10-14T13:50:32Z","AmountPaid":1500,"OpenBy":"user","LockerCode":"E3"},{"ID":489,"LockerID":7,"Phone":"3112808315","PIN":"1606","Active":0,"StartTime":"2025-10-14T12:58:04Z","EndTime":"2025-10-14T21:03:17Z","AmountPaid":1500,"OpenBy":"user","LockerCode":"A7"},{"ID":490,"LockerID":51,"Phone":"3228086204","PIN":"2526","Active":0,"StartTime":"2025-10-14T14:35:38Z","EndTime":"2025-10-14T16:22:54Z","AmountPaid":1500,"OpenBy":"user","LockerCode":"F1"},{"ID":491,"LockerID":52,"Phone":"3143781848","PIN":"4127","Active":0,"StartTime":"2025-10-14T18:33:46Z","EndTime":"2025-10-14T18:52:27Z","AmountPaid":1500,"OpenBy":"user","LockerCode":"F2"},{"ID":492,"LockerID":5,"Phone":"3024785516","PIN":"2294","Active":0,"StartTime":"2025-10-14T19:23:09Z","EndTime":"2025-10-14T19:46:17Z","AmountPaid":1500,"OpenBy":"user","LockerCode":"A5"},{"ID":493,"LockerID":36,"Phone":"3127900825","PIN":"1526","Active":0,"StartTime":"2025-10-14T21:00:21Z","EndTime":"2025-10-14T21:32:00Z","AmountPaid":1500,"OpenBy":"user","LockerCode":"D6"},{"ID":494,"LockerID":50,"Phone":"3122694144","PIN":"2805","Active":0,"StartTime":"2025-10-14T22:26:59Z","EndTime":"2025-10-15T00:59:18Z","AmountPaid":2000,"OpenBy":"user","LockerCode":"E10"},{"ID":495,"LockerID":43,"Phone":"3222487276","PIN":"1234","Active":0,"StartTime":"2025-10-14T22:31:36Z","EndTime":"2025-10-14T23:07:42Z","AmountPaid":1500,"OpenBy":"user","LockerCode":"E3"},{"ID":496,"LockerID":2,"Phone":"3153618369","PIN":"1309","Active":0,"StartTime":"2025-10-14T22:32:13Z","EndTime":"2025-10-14T23:30:24Z","AmountPaid":1500,"OpenBy":"user","LockerCode":"A2"},{"ID":497,"LockerID":57,"Phone":"3229491133","PIN":"9702","Active":0,"StartTime":"2025-10-15T00:30:05Z","EndTime":"2025-10-15T02:22:09Z","AmountPaid":1500,"OpenBy":"user","LockerCode":"F7"},{"ID":498,"LockerID":7,"Phone":"3229514558","PIN":"0000","Active":0,"StartTime":"2025-10-15T21:42:02Z","EndTime":"2025-10-15T21:42:24Z","AmountPaid":1500,"OpenBy":"user","LockerCode":"A7"},{"ID":499,"LockerID":43,"Phone":"3057844648","PIN":"0418","Active":0,"StartTime":"2025-10-15T22:17:11Z","EndTime":"2025-10-15T23:22:15Z","AmountPaid":1700,"OpenBy":"user","LockerCode":"E3"},{"ID":500,"LockerID":14,"Phone":"3107982218","PIN":"1986","Active":0,"StartTime":"2025-10-16T01:57:25Z","EndTime":"2025-10-16T03:49:40Z","AmountPaid":1500,"OpenBy":"user","LockerCode":"B4"},{"ID":501,"LockerID":57,"Phone":"3012822842","PIN":"3581","Active":0,"StartTime":"2025-10-16T11:00:43Z","EndTime":"2025-10-16T11:53:00Z","AmountPaid":1500,"OpenBy":"user","LockerCode":"F7"},{"ID":502,"LockerID":24,"Phone":"3027921913","PIN":"1626","Active":0,"StartTime":"2025-10-16T12:09:07Z","EndTime":"2025-10-16T13:32:42Z","AmountPaid":1500,"OpenBy":"user","LockerCode":"C4"},{"ID":503,"LockerID":43,"Phone":"3115839699","PIN":"1805","Active":0,"StartTime":"2025-10-16T13:55:14Z","EndTime":"2025-10-16T14:30:17Z","AmountPaid":1500,"OpenBy":"user","LockerCode":"E3"},{"ID":504,"LockerID":24,"Phone":"3214176403","PIN":"2004","Active":0,"StartTime":"2025-10-16T14:03:33Z","EndTime":"2025-10-16T15:07:39Z","AmountPaid":1500,"OpenBy":"user","LockerCode":"C4"},{"ID":505,"LockerID":23,"Phone":"3057844648","PIN":"0418","Active":0,"StartTime":"2025-10-16T14:59:10Z","EndTime":"2025-10-16T15:32:56Z","AmountPaid":1500,"OpenBy":"user","LockerCode":"C3"},{"ID":506,"LockerID":29,"Phone":"3114943975","PIN":"1389","Active":0,"StartTime":"2025-10-16T15:28:09Z","EndTime":"2025-10-16T17:47:25Z","AmountPaid":1500,"OpenBy":"user","LockerCode":"C9"},{"ID":507,"LockerID":25,"Phone":"3028325452","PIN":"2425","Active":0,"StartTime":"2025-10-16T15:41:17Z","EndTime":"2025-10-16T16:57:39Z","AmountPaid":1500,"OpenBy":"user","LockerCode":"C5"},{"ID":508,"LockerID":47,"Phone":"3057083352","PIN":"5555","Active":0,"StartTime":"2025-10-16T16:21:36Z","EndTime":"2025-10-16T16:49:52Z","AmountPaid":1500,"OpenBy":"user","LockerCode":"E7"},{"ID":509,"LockerID":60,"Phone":"3008902690","PIN":"1310","Active":0,"StartTime":"2025-10-16T18:19:45Z","EndTime":"2025-10-16T18:50:57Z","AmountPaid":1500,"OpenBy":"user","LockerCode":"F10"},{"ID":510,"LockerID":16,"Phone":"3185398593","PIN":"6400","Active":0,"StartTime":"2025-10-16T20:29:11Z","EndTime":"2025-10-16T21:27:02Z","AmountPaid":1500,"OpenBy":"user","LockerCode":"B6"},{"ID":511,"LockerID":42,"Phone":"3152002930","PIN":"1822","Active":0,"StartTime":"2025-10-16T21:13:49Z","EndTime":"2025-10-16T22:52:55Z","AmountPaid":1500,"OpenBy":"user","LockerCode":"E2"},{"ID":512,"LockerID":20,"Phone":"3227214486","PIN":"0803","Active":1,"StartTime":"2025-10-16T22:36:35Z","EndTime":null,"AmountPaid":2000,"OpenBy":"user","LockerCode":"B10"},{"ID":513,"LockerID":14,"Phone":"3025473287","PIN":"0803","Active":1,"StartTime":"2025-10-16T22:37:47Z","EndTime":null,"AmountPaid":1500,"OpenBy":"user","LockerCode":"B4"},{"ID":514,"LockerID":31,"Phone":"3212258405","PIN":"9904","Active":1,"StartTime":"2025-10-16T22:43:42Z","EndTime":null,"AmountPaid":1500,"OpenBy":"user","LockerCode":"D1"},{"ID":515,"LockerID":54,"Phone":"3125478000","PIN":"0000","Active":1,"StartTime":"2025-10-17T05:07:31Z","EndTime":null,"AmountPaid":0,"OpenBy":"user","LockerCode":"F4"},{"ID":516,"LockerID":23,"Phone":"3103192771","PIN":"0000","Active":0,"StartTime":"2025-10-17T05:09:08Z","EndTime":"2025-10-17T05:09:19Z","AmountPaid":0,"OpenBy":"user","LockerCode":"C3"},{"ID":517,"LockerID":57,"Phone":"3103192771","PIN":"0000","Active":0,"StartTime":"2025-10-17T05:10:55Z","EndTime":"2025-10-17T05:11:17Z","AmountPaid":0,"OpenBy":"user","LockerCode":"F7"}]
[2025-10-21 20:23:23] [INFO] [main] [ReportLockers] Reporte generado con éxito
[2025-10-21 20:23:26] [INFO] [main] [reportLockers] Iniciando petición para obtener el reporte de casilleros
[2025-10-21 20:23:26] [INFO] [main] [reportLockers] Timeout efectivo en ejecución: 30000
[2025-10-21 20:23:26] [INFO] [main] [reportLockers] Intento 1: HOST -> http://localhost:8080
[2025-10-21 20:23:26] [INFO] [main] [reportLockers] Intento 1: URL -> /api/lockers/report
[2025-10-21 20:23:26] [INFO] [main] [reportLockers] Intento 1: Request -> {"startDate":"2025-10-01 05:00:00","endDate":"2025-10-22 01:23:59","sendEmail":true}
[2025-10-21 20:23:30] [INFO] [main] [reportLockers] Response. Status: 200
[2025-10-21 20:23:30] [INFO] [main] [reportLockers] Response. Data: [{"ID":1,"LockerID":52,"Phone":"3233004015","PIN":"1996","Active":0,"StartTime":"2025-10-01T12:37:08Z","EndTime":"2025-10-01T13:21:19Z","AmountPaid":1500,"OpenBy":"user","LockerCode":"F2"},{"ID":2,"LockerID":3,"Phone":"3112578764","PIN":"8617","Active":0,"StartTime":"2025-10-01T16:01:40Z","EndTime":"2025-10-01T17:59:50Z","AmountPaid":1500,"OpenBy":"user","LockerCode":"A3"},{"ID":3,"LockerID":29,"Phone":"3502087413","PIN":"1972","Active":0,"StartTime":"2025-10-01T16:37:31Z","EndTime":"2025-10-01T18:15:58Z","AmountPaid":1500,"OpenBy":"user","LockerCode":"C9"},{"ID":4,"LockerID":24,"Phone":"3057498660","PIN":"2610","Active":0,"StartTime":"2025-10-01T19:10:06Z","EndTime":"2025-10-01T21:34:16Z","AmountPaid":1500,"OpenBy":"user","LockerCode":"C4"},{"ID":5,"LockerID":36,"Phone":"3003803986","PIN":"0852","Active":0,"StartTime":"2025-10-01T19:23:00Z","EndTime":"2025-10-01T23:46:33Z","AmountPaid":1500,"OpenBy":"user","LockerCode":"D6"},{"ID":6,"LockerID":14,"Phone":"3024179013","PIN":"4689","Active":0,"StartTime":"2025-10-01T22:15:50Z","EndTime":"2025-10-01T23:49:54Z","AmountPaid":1500,"OpenBy":"user","LockerCode":"B4"},{"ID":7,"LockerID":31,"Phone":"3160673333","PIN":"0715","Active":0,"StartTime":"2025-10-01T22:53:37Z","EndTime":"2025-10-02T01:42:54Z","AmountPaid":1500,"OpenBy":"user","LockerCode":"D1"},{"ID":8,"LockerID":52,"Phone":"3144825632","PIN":"1029","Active":0,"StartTime":"2025-10-01T22:55:20Z","EndTime":"2025-10-02T01:52:47Z","AmountPaid":1500,"OpenBy":"user","LockerCode":"F2"},{"ID":9,"LockerID":4,"Phone":"3209057786","PIN":"3117","Active":0,"StartTime":"2025-10-02T00:17:47Z","EndTime":"2025-10-02T02:34:56Z","AmountPaid":1500,"OpenBy":"user","LockerCode":"A4"},{"ID":10,"LockerID":10,"Phone":"3224191522","PIN":"1997","Active":0,"StartTime":"2025-10-02T00:18:59Z","EndTime":"2025-10-02T02:34:36Z","AmountPaid":1900,"OpenBy":"user","LockerCode":"A10"},{"ID":11,"LockerID":12,"Phone":"3127201635","PIN":"1999","Active":0,"StartTime":"2025-10-02T00:20:42Z","EndTime":"2025-10-02T02:37:26Z","AmountPaid":1500,"OpenBy":"user","LockerCode":"B2"},{"ID":12,"LockerID":58,"Phone":"3107982218","PIN":"1982","Active":0,"StartTime":"2025-10-02T01:59:37Z","EndTime":"2025-10-02T04:57:40Z","AmountPaid":1500,"OpenBy":"user","LockerCode":"F8"},{"ID":13,"LockerID":55,"Phone":"3123004862","PIN":"0721","Active":0,"StartTime":"2025-10-02T12:24:32Z","EndTime":"2025-10-02T12:38:10Z","AmountPaid":1500,"OpenBy":"user","LockerCode":"F5"},{"ID":14,"LockerID":34,"Phone":"3103505998","PIN":"4753","Active":0,"StartTime":"2025-10-02T13:22:41Z","EndTime":"2025-10-02T16:37:43Z","AmountPaid":1500,"OpenBy":"user","LockerCode":"D4"},{"ID":15,"LockerID":39,"Phone":"3205326065","PIN":"2608","Active":0,"StartTime":"2025-10-02T17:30:06Z","EndTime":"2025-10-02T21:49:20Z","AmountPaid":1500,"OpenBy":"user","LockerCode":"D9"},{"ID":16,"LockerID":44,"Phone":"3115583472","PIN":"1242","Active":0,"StartTime":"2025-10-02T18:56:05Z","EndTime":"2025-10-02T21:49:37Z","AmountPaid":1500,"OpenBy":"user","LockerCode":"E4"},{"ID":17,"LockerID":4,"Phone":"3203994118","PIN":"1508","Active":0,"StartTime":"2025-10-02T18:56:46Z","EndTime":"2025-10-02T20:41:34Z","AmountPaid":1500,"OpenBy":"local","LockerCode":"A4"},{"ID":18,"LockerID":23,"Phone":"3212964463","PIN":"1234","Active":0,"StartTime":"2025-10-02T19:38:03Z","EndTime":"2025-10-02T19:38:03Z","AmountPaid":1500,"OpenBy":"error","LockerCode":"C3"},{"ID":19,"LockerID":28,"Phone":"3212964463","PIN":"1234","Active":0,"StartTime":"2025-10-02T19:38:04Z","EndTime":"2025-10-02T19:38:04Z","AmountPaid":1500,"OpenBy":"error","LockerCode":"C8"},{"ID":20,"LockerID":24,"Phone":"3212964463","PIN":"1234","Active":0,"StartTime":"2025-10-02T19:38:06Z","EndTime":"2025-10-02T19:38:06Z","AmountPaid":1500,"OpenBy":"error","LockerCode":"C4"},{"ID":21,"LockerID":52,"Phone":"3212964463","PIN":"1234","Active":0,"StartTime":"2025-10-02T19:38:07Z","EndTime":"2025-10-02T19:38:07Z","AmountPaid":1500,"OpenBy":"error","LockerCode":"F2"},{"ID":22,"LockerID":25,"Phone":"3212964463","PIN":"1234","Active":0,"StartTime":"2025-10-02T19:38:08Z","EndTime":"2025-10-02T19:38:08Z","AmountPaid":1500,"OpenBy":"error","LockerCode":"C5"},{"ID":23,"LockerID":59,"Phone":"3212964463","PIN":"1234","Active":0,"StartTime":"2025-10-02T19:38:27Z","EndTime":"2025-10-02T19:38:27Z","AmountPaid":1500,"OpenBy":"error","LockerCode":"F9"},{"ID":24,"LockerID":46,"Phone":"3212964463","PIN":"1234","Active":0,"StartTime":"2025-10-02T19:38:28Z","EndTime":"2025-10-02T19:38:28Z","AmountPaid":1500,"OpenBy":"error","LockerCode":"E6"},{"ID":25,"LockerID":29,"Phone":"3212964463","PIN":"1234","Active":0,"StartTime":"2025-10-02T19:38:29Z","EndTime":"2025-10-02T19:38:29Z","AmountPaid":1500,"OpenBy":"error","LockerCode":"C9"},{"ID":26,"LockerID":10,"Phone":"3212964463","PIN":"1234","Active":0,"StartTime":"2025-10-02T19:38:30Z","EndTime":"2025-10-02T19:38:30Z","AmountPaid":1500,"OpenBy":"error","LockerCode":"A10"},{"ID":27,"LockerID":18,"Phone":"3212964463","PIN":"1234","Active":0,"StartTime":"2025-10-02T19:38:31Z","EndTime":"2025-10-02T19:38:31Z","AmountPaid":1500,"OpenBy":"error","LockerCode":"B8"},{"ID":28,"LockerID":6,"Phone":"3212964463","PIN":"1234","Active":0,"StartTime":"2025-10-02T19:38:40Z","EndTime":"2025-10-02T19:38:40Z","AmountPaid":1500,"OpenBy":"error","LockerCode":"A6"},{"ID":29,"LockerID":5,"Phone":"3212964463","PIN":"1234","Active":0,"StartTime":"2025-10-02T19:38:41Z","EndTime":"2025-10-02T19:38:41Z","AmountPaid":1500,"OpenBy":"error","LockerCode":"A5"},{"ID":30,"LockerID":26,"Phone":"3212964463","PIN":"1234","Active":0,"StartTime":"2025-10-02T19:38:42Z","EndTime":"2025-10-02T19:38:42Z","AmountPaid":1500,"OpenBy":"error","LockerCode":"C6"},{"ID":31,"LockerID":13,"Phone":"3212964463","PIN":"1234","Active":0,"StartTime":"2025-10-02T19:38:43Z","EndTime":"2025-10-02T19:38:43Z","AmountPaid":1500,"OpenBy":"error","LockerCode":"B3"},{"ID":32,"LockerID":50,"Phone":"3212964463","PIN":"1234","Active":0,"StartTime":"2025-10-02T19:38:44Z","EndTime":"2025-10-02T19:38:44Z","AmountPaid":1500,"OpenBy":"error","LockerCode":"E10"},{"ID":33,"LockerID":55,"Phone":"3212964463","PIN":"1234","Active":0,"StartTime":"2025-10-02T19:39:09Z","EndTime":"2025-10-02T19:39:09Z","AmountPaid":1500,"OpenBy":"error","LockerCode":"F5"},{"ID":34,"LockerID":43,"Phone":"3212964463","PIN":"1234","Active":0,"StartTime":"2025-10-02T19:39:10Z","EndTime":"2025-10-02T19:39:10Z","AmountPaid":1500,"OpenBy":"error","LockerCode":"E3"},{"ID":35,"LockerID":30,"Phone":"3212964463","PIN":"1234","Active":0,"StartTime":"2025-10-02T19:39:11Z","EndTime":"2025-10-02T19:39:11Z","AmountPaid":1500,"OpenBy":"error","LockerCode":"C10"},{"ID":36,"LockerID":40,"Phone":"3212964463","PIN":"1234","Active":0,"StartTime":"2025-10-02T19:39:12Z","EndTime":"2025-10-02T19:39:12Z","AmountPaid":1500,"OpenBy":"error","LockerCode":"D10"},{"ID":37,"LockerID":60,"Phone":"3212964463","PIN":"1234","Active":0,"StartTime":"2025-10-02T19:39:13Z","EndTime":"2025-10-02T19:39:13Z","AmountPaid":1500,"OpenBy":"error","LockerCode":"F10"},{"ID":38,"LockerID":58,"Phone":"3212964463","PIN":"1234","Active":0,"StartTime":"2025-10-02T19:39:19Z","EndTime":"2025-10-02T19:39:19Z","AmountPaid":1500,"OpenBy":"error","LockerCode":"F8"},{"ID":39,"LockerID":8,"Phone":"3212964463","PIN":"1234","Active":0,"StartTime":"2025-10-02T19:39:20Z","EndTime":"2025-10-02T19:39:20Z","AmountPaid":1500,"OpenBy":"error","LockerCode":"A8"},{"ID":40,"LockerID":36,"Phone":"3212964463","PIN":"1234","Active":0,"StartTime":"2025-10-02T19:39:21Z","EndTime":"2025-10-02T19:39:21Z","AmountPaid":1500,"OpenBy":"error","LockerCode":"D6"},{"ID":41,"LockerID":3,"Phone":"3212964463","PIN":"1234","Active":0,"StartTime":"2025-10-02T19:39:22Z","EndTime":"2025-10-02T19:39:22Z","AmountPaid":1500,"OpenBy":"error","LockerCode":"A3"},{"ID":42,"LockerID":19,"Phone":"3212964463","PIN":"1234","Active":0,"StartTime":"2025-10-02T19:39:23Z","EndTime":"2025-10-02T19:39:23Z","AmountPaid":1500,"OpenBy":"error","LockerCode":"B9"},{"ID":43,"LockerID":42,"Phone":"3212964463","PIN":"1234","Active":0,"StartTime":"2025-10-02T19:39:50Z","EndTime":"2025-10-02T19:39:50Z","AmountPaid":1500,"OpenBy":"error","LockerCode":"E2"},{"ID":44,"LockerID":27,"Phone":"3212964463","PIN":"1234","Active":0,"StartTime":"2025-10-02T19:39:51Z","EndTime":"2025-10-02T19:39:51Z","AmountPaid":1500,"OpenBy":"error","LockerCode":"C7"},{"ID":45,"LockerID":2,"Phone":"3212964463","PIN":"1234","Active":0,"StartTime":"2025-10-02T19:39:52Z","EndTime":"2025-10-02T19:39:52Z","AmountPaid":1500,"OpenBy":"error","LockerCode":"A2"},{"ID":46,"LockerID":38,"Phone":"3212964463","PIN":"1234","Active":0,"StartTime":"2025-10-02T19:39:53Z","EndTime":"2025-10-02T19:39:53Z","AmountPaid":1500,"OpenBy":"error","LockerCode":"D8"},{"ID":47,"LockerID":11,"Phone":"3212964463","PIN":"1234","Active":0,"StartTime":"2025-10-02T19:39:54Z","EndTime":"2025-10-02T19:39:54Z","AmountPaid":1500,"OpenBy":"error","LockerCode":"B1"},{"ID":48,"LockerID":57,"Phone":"3212964463","PIN":"1234","Active":0,"StartTime":"2025-10-02T19:40:17Z","EndTime":"2025-10-02T19:40:17Z","AmountPaid":1500,"OpenBy":"error","LockerCode":"F7"},{"ID":49,"LockerID":49,"Phone":"3212964463","PIN":"1234","Active":0,"StartTime":"2025-10-02T19:40:18Z","EndTime":"2025-10-02T19:40:18Z","AmountPaid":1500,"OpenBy":"error","LockerCode":"E9"},{"ID":50,"LockerID":16,"Phone":"3212964463","PIN":"1234","Active":0,"StartTime":"2025-10-02T19:40:19Z","EndTime":"2025-10-02T19:40:19Z","AmountPaid":1500,"OpenBy":"error","LockerCode":"B6"},{"ID":51,"LockerID":9,"Phone":"3212964463","PIN":"1234","Active":0,"StartTime":"2025-10-02T19:40:20Z","EndTime":"2025-10-02T19:40:20Z","AmountPaid":1500,"OpenBy":"error","LockerCode":"A9"},{"ID":52,"LockerID":34,"Phone":"3212964463","PIN":"1234","Active":0,"StartTime":"2025-10-02T19:40:21Z","EndTime":"2025-10-02T19:40:21Z","AmountPaid":1500,"OpenBy":"error","LockerCode":"D4"},{"ID":53,"LockerID":20,"Phone":"3212964463","PIN":"1234","Active":0,"StartTime":"2025-10-02T19:40:32Z","EndTime":"2025-10-02T19:40:32Z","AmountPaid":1500,"OpenBy":"error","LockerCode":"B10"},{"ID":54,"LockerID":45,"Phone":"3212964463","PIN":"1234","Active":0,"StartTime":"2025-10-02T19:40:33Z","EndTime":"2025-10-02T19:40:33Z","AmountPaid":1500,"OpenBy":"error","LockerCode":"E5"},{"ID":55,"LockerID":7,"Phone":"3212964463","PIN":"1234","Active":0,"StartTime":"2025-10-02T19:40:34Z","EndTime":"2025-10-02T19:40:34Z","AmountPaid":1500,"OpenBy":"error","LockerCode":"A7"},{"ID":56,"LockerID":32,"Phone":"3212964463","PIN":"1234","Active":0,"StartTime":"2025-10-02T19:40:35Z","EndTime":"2025-10-02T19:40:35Z","AmountPaid":1500,"OpenBy":"error","LockerCode":"D2"},{"ID":57,"LockerID":54,"Phone":"3212964463","PIN":"1234","Active":0,"StartTime":"2025-10-02T19:40:36Z","EndTime":"2025-10-02T19:40:36Z","AmountPaid":1500,"OpenBy":"error","LockerCode":"F4"},{"ID":58,"LockerID":37,"Phone":"3212964463","PIN":"1234","Active":0,"StartTime":"2025-10-02T19:40:53Z","EndTime":"2025-10-02T19:40:53Z","AmountPaid":1500,"OpenBy":"error","LockerCode":"D7"},{"ID":59,"LockerID":1,"Phone":"3212964463","PIN":"1234","Active":0,"StartTime":"2025-10-02T19:40:54Z","EndTime":"2025-10-02T19:40:54Z","AmountPaid":1500,"OpenBy":"error","LockerCode":"A1"},{"ID":60,"LockerID":12,"Phone":"3212964463","PIN":"1234","Active":0,"StartTime":"2025-10-02T19:40:55Z","EndTime":"2025-10-02T19:40:55Z","AmountPaid":1500,"OpenBy":"error","LockerCode":"B2"},{"ID":61,"LockerID":35,"Phone":"3212964463","PIN":"1234","Active":0,"StartTime":"2025-10-02T19:40:56Z","EndTime":"2025-10-02T19:40:56Z","AmountPaid":1500,"OpenBy":"error","LockerCode":"D5"},{"ID":62,"LockerID":41,"Phone":"3212964463","PIN":"1234","Active":0,"StartTime":"2025-10-02T19:40:57Z","EndTime":"2025-10-02T19:40:57Z","AmountPaid":1500,"OpenBy":"error","LockerCode":"E1"},{"ID":63,"LockerID":14,"Phone":"3212964463","PIN":"1234","Active":0,"StartTime":"2025-10-02T19:41:05Z","EndTime":"2025-10-02T19:41:05Z","AmountPaid":1500,"OpenBy":"error","LockerCode":"B4"},{"ID":64,"LockerID":53,"Phone":"3212964463","PIN":"1234","Active":0,"StartTime":"2025-10-02T19:41:06Z","EndTime":"2025-10-02T19:41:06Z","AmountPaid":1500,"OpenBy":"error","LockerCode":"F3"},{"ID":65,"LockerID":15,"Phone":"3212964463","PIN":"1234","Active":0,"StartTime":"2025-10-02T19:41:07Z","EndTime":"2025-10-02T19:41:07Z","AmountPaid":1500,"OpenBy":"error","LockerCode":"B5"},{"ID":66,"LockerID":51,"Phone":"3212964463","PIN":"1234","Active":0,"StartTime":"2025-10-02T19:41:08Z","EndTime":"2025-10-02T19:41:08Z","AmountPaid":1500,"OpenBy":"error","LockerCode":"F1"},{"ID":67,"LockerID":17,"Phone":"3212964463","PIN":"1234","Active":0,"StartTime":"2025-10-02T19:41:09Z","EndTime":"2025-10-02T19:41:09Z","AmountPaid":1500,"OpenBy":"error","LockerCode":"B7"},{"ID":68,"LockerID":31,"Phone":"3212964463","PIN":"1234","Active":0,"StartTime":"2025-10-02T19:41:34Z","EndTime":"2025-10-02T19:41:34Z","AmountPaid":1500,"OpenBy":"error","LockerCode":"D1"},{"ID":69,"LockerID":21,"Phone":"3212964463","PIN":"1234","Active":0,"StartTime":"2025-10-02T19:41:35Z","EndTime":"2025-10-02T19:41:35Z","AmountPaid":1500,"OpenBy":"error","LockerCode":"C1"},{"ID":70,"LockerID":33,"Phone":"3212964463","PIN":"1234","Active":0,"StartTime":"2025-10-02T19:41:36Z","EndTime":"2025-10-02T19:41:36Z","AmountPaid":1500,"OpenBy":"error","LockerCode":"D3"},{"ID":71,"LockerID":47,"Phone":"3212964463","PIN":"1234","Active":0,"StartTime":"2025-10-02T19:41:37Z","EndTime":"2025-10-02T19:41:37Z","AmountPaid":1500,"OpenBy":"error","LockerCode":"E7"},{"ID":72,"LockerID":56,"Phone":"3212964463","PIN":"1234","Active":0,"StartTime":"2025-10-02T19:41:38Z","EndTime":"2025-10-02T19:41:38Z","AmountPaid":1500,"OpenBy":"error","LockerCode":"F6"},{"ID":73,"LockerID":48,"Phone":"3212200322","PIN":"5221","Active":0,"StartTime":"2025-10-02T19:59:27Z","EndTime":"2025-10-02T19:59:27Z","AmountPaid":1500,"OpenBy":"error","LockerCode":"E8"},{"ID":74,"LockerID":22,"Phone":"3212200322","PIN":"5221","Active":0,"StartTime":"2025-10-02T19:59:28Z","EndTime":"2025-10-02T19:59:28Z","AmountPaid":1500,"OpenBy":"error","LockerCode":"C2"},{"ID":75,"LockerID":29,"Phone":"3024656973","PIN":"1014","Active":0,"StartTime":"2025-10-02T21:06:26Z","EndTime":"2025-10-02T22:09:30Z","AmountPaid":1500,"OpenBy":"user","LockerCode":"C9"},{"ID":76,"LockerID":43,"Phone":"3118929223","PIN":"5463","Active":0,"StartTime":"2025-10-02T22:50:35Z","EndTime":"2025-10-03T00:28:24Z","AmountPaid":1500,"OpenBy":"user","LockerCode":"E3"},{"ID":77,"LockerID":35,"Phone":"3232281069","PIN":"8349","Active":0,"StartTime":"2025-10-02T23:18:28Z","EndTime":"2025-10-03T00:06:37Z","AmountPaid":1500,"OpenBy":"user","LockerCode":"D5"},{"ID":78,"LockerID":55,"Phone":"3123776305","PIN":"2401","Active":0,"StartTime":"2025-10-02T23:22:34Z","EndTime":"2025-10-03T01:43:53Z","AmountPaid":1500,"OpenBy":"user","LockerCode":"F5"},{"ID":79,"LockerID":48,"Phone":"3212209099","PIN":"1231","Active":0,"StartTime":"2025-10-02T23:30:50Z","EndTime":"2025-10-03T01:26:31Z","AmountPaid":1500,"OpenBy":"user","LockerCode":"E8"},{"ID":80,"LockerID":50,"Phone":"3154109246","PIN":"0852","Active":0,"StartTime":"2025-10-02T23:46:09Z","EndTime":"2025-10-03T02:03:36Z","AmountPaid":1500,"OpenBy":"user","LockerCode":"E10"},{"ID":81,"LockerID":13,"Phone":"3002736032","PIN":"3002","Active":0,"StartTime":"2025-10-03T00:01:57Z","EndTime":"2025-10-03T03:57:32Z","AmountPaid":1500,"OpenBy":"user","LockerCode":"B3"},{"ID":82,"LockerID":42,"Phone":"3014017502","PIN":"2074","Active":0,"StartTime":"2025-10-03T00:03:05Z","EndTime":"2025-10-03T01:32:59Z","AmountPaid":1500,"OpenBy":"user","LockerCode":"E2"},{"ID":83,"LockerID":52,"Phone":"3104017502","PIN":"2074","Active":0,"StartTime":"2025-10-03T00:05:22Z","EndTime":"2025-10-03T01:57:32Z","AmountPaid":1500,"OpenBy":"user","LockerCode":"F2"},{"ID":84,"LockerID":56,"Phone":"3057061817","PIN":"1810","Active":0,"StartTime":"2025-10-03T12:27:22Z","EndTime":"2025-10-03T12:27:23Z","AmountPaid":1500,"OpenBy":"error","LockerCode":"F6"},{"ID":85,"LockerID":32,"Phone":"3057061817","PIN":"1810","Active":0,"StartTime":"2025-10-03T12:27:24Z","EndTime":"2025-10-03T13:28:54Z","AmountPaid":1500,"OpenBy":"user","LockerCode":"D2"},{"ID":86,"LockerID":38,"Phone":"3002769664","PIN":"7501","Active":0,"StartTime":"2025-10-03T16:08:12Z","EndTime":"2025-10-03T18:25:01Z","AmountPaid":1500,"OpenBy":"user","LockerCode":"D8"},{"ID":87,"LockerID":39,"Phone":"3054382129","PIN":"1510","Active":0,"StartTime":"2025-10-03T16:52:24Z","EndTime":"2025-10-03T18:42:29Z","AmountPaid":1500,"OpenBy":"user","LockerCode":"D9"},{"ID":88,"LockerID":11,"Phone":"3134264648","PIN":"1234","Active":0,"StartTime":"2025-10-03T18:48:36Z","EndTime":"2025-10-03T18:48:36Z","AmountPaid":1500,"OpenBy":"error","LockerCode":"B1"},{"ID":89,"LockerID":25,"Phone":"3134264648","PIN":"1234","Active":0,"StartTime":"2025-10-03T18:48:37Z","EndTime":"2025-10-03T18:48:37Z","AmountPaid":1500,"OpenBy":"error","LockerCode":"C5"},{"ID":90,"LockerID":4,"Phone":"3134264648","PIN":"1234","Active":0,"StartTime":"2025-10-03T18:48:38Z","EndTime":"2025-10-03T18:48:38Z","AmountPaid":1500,"OpenBy":"error","LockerCode":"A4"},{"ID":91,"LockerID":57,"Phone":"3134264648","PIN":"1234","Active":0,"StartTime":"2025-10-03T18:48:39Z","EndTime":"2025-10-03T18:48:40Z","AmountPaid":1500,"OpenBy":"error","LockerCode":"F7"},{"ID":92,"LockerID":49,"Phone":"3134264648","PIN":"1234","Active":0,"StartTime":"2025-10-03T18:48:41Z","EndTime":"2025-10-03T18:48:41Z","AmountPaid":1500,"OpenBy":"error","LockerCode":"E9"},{"ID":93,"LockerID":5,"Phone":"3134264648","PIN":"1234","Active":0,"StartTime":"2025-10-03T18:48:55Z","EndTime":"2025-10-03T18:48:55Z","AmountPaid":1500,"OpenBy":"error","LockerCode":"A5"},{"ID":94,"LockerID":47,"Phone":"3134264648","PIN":"1234","Active":0,"StartTime":"2025-10-03T18:48:56Z","EndTime":"2025-10-03T18:48:56Z","AmountPaid":1500,"OpenBy":"error","LockerCode":"E7"},{"ID":95,"LockerID":2,"Phone":"3134264648","PIN":"1234","Active":0,"StartTime":"2025-10-03T18:48:57Z","EndTime":"2025-10-03T18:48:57Z","AmountPaid":1500,"OpenBy":"error","LockerCode":"A2"},{"ID":96,"LockerID":6,"Phone":"3134264648","PIN":"1234","Active":0,"StartTime":"2025-10-03T18:48:58Z","EndTime":"2025-10-03T18:48:58Z","AmountPaid":1500,"OpenBy":"error","LockerCode":"A6"},{"ID":97,"LockerID":33,"Phone":"3134264648","PIN":"1234","Active":0,"StartTime":"2025-10-03T18:48:59Z","EndTime":"2025-10-03T18:48:59Z","AmountPaid":1500,"OpenBy":"error","LockerCode":"D3"},{"ID":98,"LockerID":18,"Phone":"3134264648","PIN":"1234","Active":0,"StartTime":"2025-10-03T18:49:08Z","EndTime":"2025-10-03T18:49:08Z","AmountPaid":1500,"OpenBy":"error","LockerCode":"B8"},{"ID":99,"LockerID":7,"Phone":"3134264648","PIN":"1234","Active":0,"StartTime":"2025-10-03T18:49:09Z","EndTime":"2025-10-03T18:49:09Z","AmountPaid":1500,"OpenBy":"error","LockerCode":"A7"},{"ID":100,"LockerID":43,"Phone":"3134264648","PIN":"1234","Active":0,"StartTime":"2025-10-03T18:49:10Z","EndTime":"2025-10-03T18:49:10Z","AmountPaid":1500,"OpenBy":"error","LockerCode":"E3"},{"ID":101,"LockerID":58,"Phone":"3134264648","PIN":"1234","Active":0,"StartTime":"2025-10-03T18:49:11Z","EndTime":"2025-10-03T18:49:11Z","AmountPaid":1500,"OpenBy":"error","LockerCode":"F8"},{"ID":102,"LockerID":48,"Phone":"3134264648","PIN":"1234","Active":0,"StartTime":"2025-10-03T18:49:12Z","EndTime":"2025-10-03T18:49:12Z","AmountPaid":1500,"OpenBy":"error","LockerCode":"E8"},{"ID":103,"LockerID":37,"Phone":"3134264648","PIN":"1234","Active":0,"StartTime":"2025-10-03T18:49:29Z","EndTime":"2025-10-03T18:49:30Z","AmountPaid":1500,"OpenBy":"error","LockerCode":"D7"},{"ID":104,"LockerID":24,"Phone":"3134264648","PIN":"1234","Active":0,"StartTime":"2025-10-03T18:49:31Z","EndTime":"2025-10-03T18:49:31Z","AmountPaid":1500,"OpenBy":"error","LockerCode":"C4"},{"ID":105,"LockerID":14,"Phone":"3134264648","PIN":"1234","Active":0,"StartTime":"2025-10-03T18:49:32Z","EndTime":"2025-10-03T18:49:32Z","AmountPaid":1500,"OpenBy":"error","LockerCode":"B4"},{"ID":106,"LockerID":51,"Phone":"3134264648","PIN":"1234","Active":0,"StartTime":"2025-10-03T18:49:33Z","EndTime":"2025-10-03T18:49:33Z","AmountPaid":1500,"OpenBy":"error","LockerCode":"F1"},{"ID":107,"LockerID":31,"Phone":"3134264648","PIN":"1234","Active":0,"StartTime":"2025-10-03T18:49:34Z","EndTime":"2025-10-03T18:49:34Z","AmountPaid":1500,"OpenBy":"error","LockerCode":"D1"},{"ID":108,"LockerID":21,"Phone":"3134264648","PIN":"1234","Active":0,"StartTime":"2025-10-03T18:50:07Z","EndTime":"2025-10-03T18:50:07Z","AmountPaid":1500,"OpenBy":"error","LockerCode":"C1"},{"ID":109,"LockerID":22,"Phone":"3134264648","PIN":"1234","Active":0,"StartTime":"2025-10-03T18:50:08Z","EndTime":"2025-10-03T18:50:08Z","AmountPaid":1500,"OpenBy":"error","LockerCode":"C2"},{"ID":110,"LockerID":8,"Phone":"3134264648","PIN":"1234","Active":0,"StartTime":"2025-10-03T18:50:09Z","EndTime":"2025-10-03T18:50:09Z","AmountPaid":1500,"OpenBy":"error","LockerCode":"A8"},{"ID":111,"LockerID":12,"Phone":"3134264648","PIN":"1234","Active":0,"StartTime":"2025-10-03T18:50:10Z","EndTime":"2025-10-03T18:50:10Z","AmountPaid":1500,"OpenBy":"error","LockerCode":"B2"},{"ID":112,"LockerID":13,"Phone":"3134264648","PIN":"1234","Active":0,"StartTime":"2025-10-03T18:50:11Z","EndTime":"2025-10-03T18:50:11Z","AmountPaid":1500,"OpenBy":"error","LockerCode":"B3"},{"ID":113,"LockerID":27,"Phone":"3134264648","PIN":"1234","Active":0,"StartTime":"2025-10-03T18:50:32Z","EndTime":"2025-10-03T18:50:32Z","AmountPaid":1500,"OpenBy":"error","LockerCode":"C7"},{"ID":114,"LockerID":9,"Phone":"3134264648","PIN":"1234","Active":0,"StartTime":"2025-10-03T18:50:33Z","EndTime":"2025-10-03T18:50:33Z","AmountPaid":1500,"OpenBy":"error","LockerCode":"A9"},{"ID":115,"LockerID":38,"Phone":"3134264648","PIN":"1234","Active":0,"StartTime":"2025-10-03T18:50:34Z","EndTime":"2025-10-03T18:50:34Z","AmountPaid":1500,"OpenBy":"error","LockerCode":"D8"},{"ID":116,"LockerID":34,"Phone":"3134264648","PIN":"1234","Active":0,"StartTime":"2025-10-03T18:50:35Z","EndTime":"2025-10-03T18:50:35Z","AmountPaid":1500,"OpenBy":"error","LockerCode":"D4"},{"ID":117,"LockerID":50,"Phone":"3134264648","PIN":"1234","Active":0,"StartTime":"2025-10-03T18:50:37Z","EndTime":"2025-10-03T18:50:37Z","AmountPaid":1500,"OpenBy":"error","LockerCode":"E10"},{"ID":118,"LockerID":20,"Phone":"3134264648","PIN":"1234","Active":0,"StartTime":"2025-10-03T18:51:04Z","EndTime":"2025-10-03T18:51:04Z","AmountPaid":1500,"OpenBy":"error","LockerCode":"B10"},{"ID":119,"LockerID":42,"Phone":"3134264648","PIN":"1234","Active":0,"StartTime":"2025-10-03T18:51:05Z","EndTime":"2025-10-03T18:51:05Z","AmountPaid":1500,"OpenBy":"error","LockerCode":"E2"},{"ID":120,"LockerID":40,"Phone":"3134264648","PIN":"1234","Active":0,"StartTime":"2025-10-03T18:51:06Z","EndTime":"2025-10-03T18:51:06Z","AmountPaid":1500,"OpenBy":"error","LockerCode":"D10"},{"ID":121,"LockerID":52,"Phone":"3134264648","PIN":"1234","Active":0,"StartTime":"2025-10-03T18:51:07Z","EndTime":"2025-10-03T18:51:07Z","AmountPaid":1500,"OpenBy":"error","LockerCode":"F2"},{"ID":122,"LockerID":16,"Phone":"3134264648","PIN":"1234","Active":0,"StartTime":"2025-10-03T18:51:08Z","EndTime":"2025-10-03T18:51:08Z","AmountPaid":1500,"OpenBy":"error","LockerCode":"B6"},{"ID":123,"LockerID":1,"Phone":"3134264648","PIN":"1234","Active":0,"StartTime":"2025-10-03T18:51:38Z","EndTime":"2025-10-03T18:51:38Z","AmountPaid":1500,"OpenBy":"error","LockerCode":"A1"},{"ID":124,"LockerID":36,"Phone":"3134264648","PIN":"1234","Active":0,"StartTime":"2025-10-03T18:51:39Z","EndTime":"2025-10-03T18:51:39Z","AmountPaid":1500,"OpenBy":"error","LockerCode":"D6"},{"ID":125,"LockerID":17,"Phone":"3134264648","PIN":"1234","Active":0,"StartTime":"2025-10-03T18:51:40Z","EndTime":"2025-10-03T18:51:40Z","AmountPaid":1500,"OpenBy":"error","LockerCode":"B7"},{"ID":126,"LockerID":46,"Phone":"3134264648","PIN":"1234","Active":0,"StartTime":"2025-10-03T18:51:41Z","EndTime":"2025-10-03T18:51:41Z","AmountPaid":1500,"OpenBy":"error","LockerCode":"E6"},{"ID":127,"LockerID":3,"Phone":"3134264648","PIN":"1234","Active":0,"StartTime":"2025-10-03T18:51:42Z","EndTime":"2025-10-03T18:51:42Z","AmountPaid":1500,"OpenBy":"error","LockerCode":"A3"},{"ID":128,"LockerID":10,"Phone":"3134264648","PIN":"1234","Active":0,"StartTime":"2025-10-03T18:52:15Z","EndTime":"2025-10-03T18:52:15Z","AmountPaid":1500,"OpenBy":"error","LockerCode":"A10"},{"ID":129,"LockerID":41,"Phone":"3134264648","PIN":"1234","Active":0,"StartTime":"2025-10-03T18:52:16Z","EndTime":"2025-10-03T18:52:16Z","AmountPaid":1500,"OpenBy":"error","LockerCode":"E1"},{"ID":130,"LockerID":32,"Phone":"3134264648","PIN":"1234","Active":0,"StartTime":"2025-10-03T18:52:17Z","EndTime":"2025-10-03T18:52:17Z","AmountPaid":1500,"OpenBy":"error","LockerCode":"D2"},{"ID":131,"LockerID":55,"Phone":"3134264648","PIN":"1234","Active":0,"StartTime":"2025-10-03T18:52:18Z","EndTime":"2025-10-03T18:52:18Z","AmountPaid":1500,"OpenBy":"error","LockerCode":"F5"},{"ID":132,"LockerID":35,"Phone":"3134264648","PIN":"1234","Active":0,"StartTime":"2025-10-03T18:52:19Z","EndTime":"2025-10-03T18:52:19Z","AmountPaid":1500,"OpenBy":"error","LockerCode":"D5"},{"ID":133,"LockerID":57,"Phone":"3138989876","PIN":"0857","Active":0,"StartTime":"2025-10-03T21:53:50Z","EndTime":"2025-10-04T03:31:14Z","AmountPaid":1500,"OpenBy":"user","LockerCode":"F7"},{"ID":134,"LockerID":14,"Phone":"3134526862","PIN":"1245","Active":0,"StartTime":"2025-10-03T21:58:23Z","EndTime":"2025-10-04T00:03:01Z","AmountPaid":1500,"OpenBy":"user","LockerCode":"B4"},{"ID":135,"LockerID":21,"Phone":"3207895989","PIN":"0303","Active":0,"StartTime":"2025-10-03T22:33:42Z","EndTime":"2025-10-03T23:31:37Z","AmountPaid":1500,"OpenBy":"user","LockerCode":"C1"},{"ID":136,"LockerID":39,"Phone":"3118471657","PIN":"1099","Active":0,"StartTime":"2025-10-03T23:02:04Z","EndTime":"2025-10-04T00:37:01Z","AmountPaid":1500,"OpenBy":"user","LockerCode":"D9"},{"ID":137,"LockerID":15,"Phone":"3197505984","PIN":"2512","Active":0,"StartTime":"2025-10-04T00:17:30Z","EndTime":"2025-10-04T02:38:51Z","AmountPaid":1500,"OpenBy":"user","LockerCode":"B5"},{"ID":138,"LockerID":21,"Phone":"3214378148","PIN":"2005","Active":0,"StartTime":"2025-10-04T00:40:52Z","EndTime":"2025-10-04T03:02:39Z","AmountPaid":1500,"OpenBy":"user","LockerCode":"C1"},{"ID":139,"LockerID":40,"Phone":"3208706973","PIN":"1008","Active":0,"StartTime":"2025-10-04T00:43:03Z","EndTime":"2025-10-04T03:03:06Z","AmountPaid":1500,"OpenBy":"user","LockerCode":"D10"},{"ID":140,"LockerID":26,"Phone":"3155456118","PIN":"3172","Active":0,"StartTime":"2025-10-04T12:08:46Z","EndTime":"2025-10-04T13:40:41Z","AmountPaid":1500,"OpenBy":"user","LockerCode":"C6"},{"ID":141,"LockerID":54,"Phone":"3102887154","PIN":"0106","Active":0,"StartTime":"2025-10-04T12:49:25Z","EndTime":"2025-10-04T13:45:20Z","AmountPaid":1500,"OpenBy":"user","LockerCode":"F4"},{"ID":142,"LockerID":43,"Phone":"3214489550","PIN":"1712","Active":0,"StartTime":"2025-10-04T12:55:02Z","EndTime":"2025-10-04T13:53:13Z","AmountPaid":1600,"OpenBy":"user","LockerCode":"E3"},{"ID":143,"LockerID":10,"Phone":"3106885890","PIN":"1379","Active":0,"StartTime":"2025-10-04T13:13:53Z","EndTime":"2025-10-04T16:22:50Z","AmountPaid":1500,"OpenBy":"local","LockerCode":"A10"},{"ID":144,"LockerID":13,"Phone":"3103737987","PIN":"0811","Active":0,"StartTime":"2025-10-04T13:20:46Z","EndTime":"2025-10-04T13:20:47Z","AmountPaid":1500,"OpenBy":"error","LockerCode":"B3"},{"ID":145,"LockerID":7,"Phone":"3103737987","PIN":"0811","Active":0,"StartTime":"2025-10-04T13:20:48Z","EndTime":"2025-10-04T13:20:49Z","AmountPaid":1500,"OpenBy":"error","LockerCode":"A7"},{"ID":146,"LockerID":20,"Phone":"3103737987","PIN":"0811","Active":0,"StartTime":"2025-10-04T13:20:50Z","EndTime":"2025-10-04T13:20:51Z","AmountPaid":1500,"OpenBy":"error","LockerCode":"B10"},{"ID":147,"LockerID":50,"Phone":"3103737987","PIN":"0811","Active":0,"StartTime":"2025-10-04T13:20:52Z","EndTime":"2025-10-04T13:20:53Z","AmountPaid":1500,"OpenBy":"error","LockerCode":"E10"},{"ID":148,"LockerID":12,"Phone":"3103737987","PIN":"0811","Active":0,"StartTime":"2025-10-04T13:20:54Z","EndTime":"2025-10-04T13:20:55Z","AmountPaid":1500,"OpenBy":"error","LockerCode":"B2"},{"ID":149,"LockerID":52,"Phone":"3103737987","PIN":"0811","Active":0,"StartTime":"2025-10-04T13:21:01Z","EndTime":"2025-10-04T13:21:01Z","AmountPaid":1500,"OpenBy":"error","LockerCode":"F2"},{"ID":150,"LockerID":11,"Phone":"3103737987","PIN":"0811","Active":0,"StartTime":"2025-10-04T13:21:02Z","EndTime":"2025-10-04T14:37:36Z","AmountPaid":1500,"OpenBy":"user","LockerCode":"B1"},{"ID":151,"LockerID":19,"Phone":"3027109127","PIN":"2003","Active":0,"StartTime":"2025-10-04T13:38:25Z","EndTime":"2025-10-04T15:54:32Z","AmountPaid":1500,"OpenBy":"user","LockerCode":"B9"},{"ID":152,"LockerID":59,"Phone":"3016186865","PIN":"3112","Active":0,"StartTime":"2025-10-04T13:54:17Z","EndTime":"2025-10-04T16:32:34Z","AmountPaid":2000,"OpenBy":"user","LockerCode":"F9"},{"ID":153,"LockerID":42,"Phone":"3112808315","PIN":"1606","Active":0,"StartTime":"2025-10-04T14:58:05Z","EndTime":"2025-10-04T20:58:07Z","AmountPaid":1500,"OpenBy":"user","LockerCode":"E2"},{"ID":154,"LockerID":37,"Phone":"3024675178","PIN":"1028","Active":0,"StartTime":"2025-10-04T15:19:32Z","EndTime":"2025-10-04T17:12:05Z","AmountPaid":1500,"OpenBy":"user","LockerCode":"D7"},{"ID":155,"LockerID":50,"Phone":"3158543242","PIN":"2626","Active":0,"StartTime":"2025-10-04T15:20:32Z","EndTime":"2025-10-04T18:03:04Z","AmountPaid":1500,"OpenBy":"user","LockerCode":"E10"},{"ID":156,"LockerID":36,"Phone":"3143706952","PIN":"1977","Active":0,"StartTime":"2025-10-04T15:32:49Z","EndTime":"2025-10-04T18:10:34Z","AmountPaid":1500,"OpenBy":"user","LockerCode":"D6"},{"ID":157,"LockerID":46,"Phone":"3208204998","PIN":"1234","Active":0,"StartTime":"2025-10-04T15:41:07Z","EndTime":"2025-10-04T19:20:40Z","AmountPaid":1500,"OpenBy":"user","LockerCode":"E6"},{"ID":158,"LockerID":58,"Phone":"3058060593","PIN":"3058","Active":0,"StartTime":"2025-10-04T16:50:30Z","EndTime":"2025-10-04T16:50:30Z","AmountPaid":1500,"OpenBy":"error","LockerCode":"F8"},{"ID":159,"LockerID":60,"Phone":"3058060593","PIN":"3058","Active":0,"StartTime":"2025-10-04T16:50:31Z","EndTime":"2025-10-04T16:50:31Z","AmountPaid":1500,"OpenBy":"error","LockerCode":"F10"},{"ID":160,"LockerID":14,"Phone":"3058060593","PIN":"3058","Active":0,"StartTime":"2025-10-04T16:50:32Z","EndTime":"2025-10-04T16:50:32Z","AmountPaid":1500,"OpenBy":"error","LockerCode":"B4"},{"ID":161,"LockerID":16,"Phone":"3058060593","PIN":"3058","Active":0,"StartTime":"2025-10-04T16:50:33Z","EndTime":"2025-10-04T16:50:33Z","AmountPaid":1500,"OpenBy":"error","LockerCode":"B6"},{"ID":162,"LockerID":22,"Phone":"3058060593","PIN":"3058","Active":0,"StartTime":"2025-10-04T16:50:34Z","EndTime":"2025-10-04T16:50:34Z","AmountPaid":1500,"OpenBy":"error","LockerCode":"C2"},{"ID":163,"LockerID":48,"Phone":"3058060593","PIN":"3058","Active":0,"StartTime":"2025-10-04T16:50:44Z","EndTime":"2025-10-04T16:50:44Z","AmountPaid":1500,"OpenBy":"error","LockerCode":"E8"},{"ID":164,"LockerID":29,"Phone":"3058060593","PIN":"3058","Active":0,"StartTime":"2025-10-04T16:50:45Z","EndTime":"2025-10-04T16:50:45Z","AmountPaid":1500,"OpenBy":"error","LockerCode":"C9"},{"ID":165,"LockerID":59,"Phone":"3058060593","PIN":"3058","Active":0,"StartTime":"2025-10-04T16:50:46Z","EndTime":"2025-10-04T16:50:46Z","AmountPaid":1500,"OpenBy":"error","LockerCode":"F9"},{"ID":166,"LockerID":51,"Phone":"3058060593","PIN":"3058","Active":0,"StartTime":"2025-10-04T16:50:47Z","EndTime":"2025-10-04T16:50:47Z","AmountPaid":1500,"OpenBy":"error","LockerCode":"F1"},{"ID":167,"LockerID":32,"Phone":"3058060593","PIN":"3058","Active":0,"StartTime":"2025-10-04T16:50:48Z","EndTime":"2025-10-04T16:50:48Z","AmountPaid":1500,"OpenBy":"error","LockerCode":"D2"},{"ID":168,"LockerID":38,"Phone":"3058060593","PIN":"3058","Active":0,"StartTime":"2025-10-04T16:51:28Z","EndTime":"2025-10-04T16:51:28Z","AmountPaid":1500,"OpenBy":"error","LockerCode":"D8"},{"ID":169,"LockerID":57,"Phone":"3058060593","PIN":"3058","Active":0,"StartTime":"2025-10-04T16:51:29Z","EndTime":"2025-10-04T16:51:29Z","AmountPaid":1500,"OpenBy":"error","LockerCode":"F7"},{"ID":170,"LockerID":19,"Phone":"3058060593","PIN":"3058","Active":0,"StartTime":"2025-10-04T16:51:30Z","EndTime":"2025-10-04T16:51:30Z","AmountPaid":1500,"OpenBy":"error","LockerCode":"B9"},{"ID":171,"LockerID":33,"Phone":"3058060593","PIN":"3058","Active":0,"StartTime":"2025-10-04T16:51:32Z","EndTime":"2025-10-04T16:51:32Z","AmountPaid":1500,"OpenBy":"error","LockerCode":"D3"},{"ID":172,"LockerID":39,"Phone":"3058060593","PIN":"3058","Active":0,"StartTime":"2025-10-04T16:51:33Z","EndTime":"2025-10-04T16:51:33Z","AmountPaid":1500,"OpenBy":"error","LockerCode":"D9"},{"ID":173,"LockerID":12,"Phone":"3058060593","PIN":"3058","Active":0,"StartTime":"2025-10-04T16:58:03Z","EndTime":"2025-10-04T18:21:25Z","AmountPaid":1500,"OpenBy":"user","LockerCode":"B2"},{"ID":174,"LockerID":5,"Phone":"3228975795","PIN":"1759","Active":0,"StartTime":"2025-10-04T18:26:58Z","EndTime":"2025-10-04T18:26:58Z","AmountPaid":1500,"OpenBy":"error","LockerCode":"A5"},{"ID":175,"LockerID":56,"Phone":"3228975795","PIN":"1759","Active":0,"StartTime":"2025-10-04T18:26:59Z","EndTime":"2025-10-04T18:26:59Z","AmountPaid":1500,"OpenBy":"error","LockerCode":"F6"},{"ID":176,"LockerID":4,"Phone":"3228975795","PIN":"1759","Active":0,"StartTime":"2025-10-04T18:27:00Z","EndTime":"2025-10-04T18:27:00Z","AmountPaid":1500,"OpenBy":"error","LockerCode":"A4"},{"ID":177,"LockerID":12,"Phone":"3228975795","PIN":"1759","Active":0,"StartTime":"2025-10-04T18:27:01Z","EndTime":"2025-10-04T18:27:01Z","AmountPaid":1500,"OpenBy":"error","LockerCode":"B2"},{"ID":178,"LockerID":2,"Phone":"3228975795","PIN":"1759","Active":0,"StartTime":"2025-10-04T18:27:02Z","EndTime":"2025-10-04T18:27:02Z","AmountPaid":1500,"OpenBy":"error","LockerCode":"A2"},{"ID":179,"LockerID":6,"Phone":"3227677167","PIN":"1759","Active":0,"StartTime":"2025-10-04T18:29:14Z","EndTime":"2025-10-04T18:29:14Z","AmountPaid":1500,"OpenBy":"error","LockerCode":"A6"},{"ID":180,"LockerID":13,"Phone":"3227677167","PIN":"1759","Active":0,"StartTime":"2025-10-04T18:29:15Z","EndTime":"2025-10-04T18:29:15Z","AmountPaid":1500,"OpenBy":"error","LockerCode":"B3"},{"ID":181,"LockerID":10,"Phone":"3227677167","PIN":"1759","Active":0,"StartTime":"2025-10-04T18:29:16Z","EndTime":"2025-10-04T18:29:16Z","AmountPaid":1500,"OpenBy":"error","LockerCode":"A10"},{"ID":182,"LockerID":35,"Phone":"3227677167","PIN":"1759","Active":0,"StartTime":"2025-10-04T18:29:17Z","EndTime":"2025-10-04T18:29:17Z","AmountPaid":1500,"OpenBy":"error","LockerCode":"D5"},{"ID":183,"LockerID":23,"Phone":"3227677167","PIN":"1759","Active":0,"StartTime":"2025-10-04T18:29:36Z","EndTime":"2025-10-04T18:29:36Z","AmountPaid":1500,"OpenBy":"error","LockerCode":"C3"},{"ID":184,"LockerID":17,"Phone":"3227677167","PIN":"1759","Active":0,"StartTime":"2025-10-04T18:29:37Z","EndTime":"2025-10-04T18:29:37Z","AmountPaid":1500,"OpenBy":"error","LockerCode":"B7"},{"ID":185,"LockerID":54,"Phone":"3227677167","PIN":"1759","Active":0,"StartTime":"2025-10-04T18:29:38Z","EndTime":"2025-10-04T18:29:38Z","AmountPaid":1500,"OpenBy":"error","LockerCode":"F4"},{"ID":186,"LockerID":45,"Phone":"3227677167","PIN":"1759","Active":0,"StartTime":"2025-10-04T18:29:39Z","EndTime":"2025-10-04T18:29:39Z","AmountPaid":1500,"OpenBy":"error","LockerCode":"E5"},{"ID":187,"LockerID":28,"Phone":"3227677167","PIN":"1759","Active":0,"StartTime":"2025-10-04T18:29:40Z","EndTime":"2025-10-04T18:29:40Z","AmountPaid":1500,"OpenBy":"error","LockerCode":"C8"},{"ID":188,"LockerID":8,"Phone":"3227677167","PIN":"1759","Active":0,"StartTime":"2025-10-04T18:29:47Z","EndTime":"2025-10-04T18:29:47Z","AmountPaid":1500,"OpenBy":"error","LockerCode":"A8"},{"ID":189,"LockerID":41,"Phone":"3227677167","PIN":"1759","Active":0,"StartTime":"2025-10-04T18:29:48Z","EndTime":"2025-10-04T18:29:48Z","AmountPaid":1500,"OpenBy":"error","LockerCode":"E1"},{"ID":190,"LockerID":18,"Phone":"3227677167","PIN":"1759","Active":0,"StartTime":"2025-10-04T18:29:49Z","EndTime":"2025-10-04T18:29:49Z","AmountPaid":1500,"OpenBy":"error","LockerCode":"B8"},{"ID":191,"LockerID":47,"Phone":"3227677167","PIN":"1759","Active":0,"StartTime":"2025-10-04T18:29:50Z","EndTime":"2025-10-04T18:29:50Z","AmountPaid":1500,"OpenBy":"error","LockerCode":"E7"},{"ID":192,"LockerID":37,"Phone":"3227677167","PIN":"1759","Active":0,"StartTime":"2025-10-04T18:29:51Z","EndTime":"2025-10-04T18:29:51Z","AmountPaid":1500,"OpenBy":"error","LockerCode":"D7"},{"ID":193,"LockerID":9,"Phone":"3227677167","PIN":"1759","Active":0,"StartTime":"2025-10-04T18:30:03Z","EndTime":"2025-10-04T18:30:03Z","AmountPaid":1500,"OpenBy":"error","LockerCode":"A9"},{"ID":194,"LockerID":21,"Phone":"3227677167","PIN":"1759","Active":0,"StartTime":"2025-10-04T18:30:04Z","EndTime":"2025-10-04T18:30:04Z","AmountPaid":1500,"OpenBy":"error","LockerCode":"C1"},{"ID":195,"LockerID":25,"Phone":"3227677167","PIN":"1759","Active":0,"StartTime":"2025-10-04T18:30:05Z","EndTime":"2025-10-04T18:30:05Z","AmountPaid":1500,"OpenBy":"error","LockerCode":"C5"},{"ID":196,"LockerID":15,"Phone":"3227677167","PIN":"1759","Active":0,"StartTime":"2025-10-04T18:30:06Z","EndTime":"2025-10-04T18:30:06Z","AmountPaid":1500,"OpenBy":"error","LockerCode":"B5"},{"ID":197,"LockerID":34,"Phone":"3227677167","PIN":"1759","Active":0,"StartTime":"2025-10-04T18:30:07Z","EndTime":"2025-10-04T18:30:07Z","AmountPaid":1500,"OpenBy":"error","LockerCode":"D4"},{"ID":198,"LockerID":36,"Phone":"3227677167","PIN":"1759","Active":0,"StartTime":"2025-10-04T18:30:21Z","EndTime":"2025-10-04T18:30:21Z","AmountPaid":1500,"OpenBy":"error","LockerCode":"D6"},{"ID":199,"LockerID":24,"Phone":"3227677167","PIN":"1759","Active":0,"StartTime":"2025-10-04T18:30:22Z","EndTime":"2025-10-04T18:30:22Z","AmountPaid":1500,"OpenBy":"error","LockerCode":"C4"},{"ID":200,"LockerID":30,"Phone":"3227677167","PIN":"1759","Active":0,"StartTime":"2025-10-04T18:30:23Z","EndTime":"2025-10-04T18:30:23Z","AmountPaid":1500,"OpenBy":"error","LockerCode":"C10"},{"ID":201,"LockerID":52,"Phone":"3227677167","PIN":"1759","Active":0,"StartTime":"2025-10-04T18:30:24Z","EndTime":"2025-10-04T18:30:24Z","AmountPaid":1500,"OpenBy":"error","LockerCode":"F2"},{"ID":202,"LockerID":49,"Phone":"3227677167","PIN":"1759","Active":0,"StartTime":"2025-10-04T18:30:25Z","EndTime":"2025-10-04T18:30:25Z","AmountPaid":1500,"OpenBy":"error","LockerCode":"E9"},{"ID":203,"LockerID":44,"Phone":"3227677167","PIN":"1127","Active":0,"StartTime":"2025-10-04T18:30:43Z","EndTime":"2025-10-04T18:30:43Z","AmountPaid":1500,"OpenBy":"error","LockerCode":"E4"},{"ID":204,"LockerID":53,"Phone":"3227677167","PIN":"1127","Active":0,"StartTime":"2025-10-04T18:30:44Z","EndTime":"2025-10-04T18:30:44Z","AmountPaid":1500,"OpenBy":"error","LockerCode":"F3"},{"ID":205,"LockerID":20,"Phone":"3227677167","PIN":"1127","Active":0,"StartTime":"2025-10-04T18:30:45Z","EndTime":"2025-10-04T18:30:45Z","AmountPaid":1500,"OpenBy":"error","LockerCode":"B10"},{"ID":206,"LockerID":1,"Phone":"3227677167","PIN":"1127","Active":0,"StartTime":"2025-10-04T18:30:46Z","EndTime":"2025-10-04T18:30:46Z","AmountPaid":1500,"OpenBy":"error","LockerCode":"A1"},{"ID":207,"LockerID":31,"Phone":"3227677167","PIN":"1127","Active":0,"StartTime":"2025-10-04T18:30:47Z","EndTime":"2025-10-04T18:30:47Z","AmountPaid":1500,"OpenBy":"error","LockerCode":"D1"},{"ID":208,"LockerID":1,"Phone":"3192536359","PIN":"2410","Active":0,"StartTime":"2025-10-04T19:03:55Z","EndTime":"2025-10-04T20:56:07Z","AmountPaid":1500,"OpenBy":"user","LockerCode":"A1"},{"ID":209,"LockerID":3,"Phone":"3009689949","PIN":"2133","Active":0,"StartTime":"2025-10-04T19:13:12Z","EndTime":"2025-10-04T23:18:47Z","AmountPaid":1500,"OpenBy":"user","LockerCode":"A3"},{"ID":210,"LockerID":2,"Phone":"3142683683","PIN":"2222","Active":0,"StartTime":"2025-10-04T19:40:02Z","EndTime":"2025-10-04T19:40:02Z","AmountPaid":1500,"OpenBy":"error","LockerCode":"A2"},{"ID":211,"LockerID":6,"Phone":"3142683683","PIN":"2222","Active":0,"StartTime":"2025-10-04T19:40:03Z","EndTime":"2025-10-04T19:40:03Z","AmountPaid":1500,"OpenBy":"error","LockerCode":"A6"},{"ID":212,"LockerID":7,"Phone":"3142683683","PIN":"2222","Active":0,"StartTime":"2025-10-04T19:40:04Z","EndTime":"2025-10-04T19:40:04Z","AmountPaid":1500,"OpenBy":"error","LockerCode":"A7"},{"ID":213,"LockerID":4,"Phone":"3142683683","PIN":"2222","Active":0,"StartTime":"2025-10-04T19:40:05Z","EndTime":"2025-10-04T19:40:05Z","AmountPaid":1500,"OpenBy":"error","LockerCode":"A4"},{"ID":214,"LockerID":8,"Phone":"3142683683","PIN":"2222","Active":0,"StartTime":"2025-10-04T19:40:07Z","EndTime":"2025-10-04T19:40:07Z","AmountPaid":1500,"OpenBy":"error","LockerCode":"A8"},{"ID":215,"LockerID":9,"Phone":"3142683683","PIN":"2222","Active":0,"StartTime":"2025-10-04T19:40:17Z","EndTime":"2025-10-04T19:40:17Z","AmountPaid":1500,"OpenBy":"error","LockerCode":"A9"},{"ID":216,"LockerID":10,"Phone":"3142683683","PIN":"2222","Active":0,"StartTime":"2025-10-04T19:40:18Z","EndTime":"2025-10-04T19:40:18Z","AmountPaid":1500,"OpenBy":"error","LockerCode":"A10"},{"ID":217,"LockerID":46,"Phone":"3142683683","PIN":"2222","Active":0,"StartTime":"2025-10-04T19:40:20Z","EndTime":"2025-10-04T19:40:20Z","AmountPaid":1500,"OpenBy":"error","LockerCode":"E6"},{"ID":218,"LockerID":5,"Phone":"3142683683","PIN":"2222","Active":0,"StartTime":"2025-10-04T19:40:21Z","EndTime":"2025-10-04T19:40:21Z","AmountPaid":1500,"OpenBy":"error","LockerCode":"A5"},{"ID":219,"LockerID":6,"Phone":"3124792031","PIN":"2007","Active":0,"StartTime":"2025-10-04T20:01:14Z","EndTime":"2025-10-04T20:01:14Z","AmountPaid":1500,"OpenBy":"error","LockerCode":"A6"},{"ID":220,"LockerID":9,"Phone":"3124792031","PIN":"2007","Active":0,"StartTime":"2025-10-04T20:01:15Z","EndTime":"2025-10-04T20:01:15Z","AmountPaid":1500,"OpenBy":"error","LockerCode":"A9"},{"ID":221,"LockerID":10,"Phone":"3124792031","PIN":"2007","Active":0,"StartTime":"2025-10-04T20:01:16Z","EndTime":"2025-10-04T20:01:16Z","AmountPaid":1500,"OpenBy":"error","LockerCode":"A10"},{"ID":222,"LockerID":7,"Phone":"3124792031","PIN":"2007","Active":0,"StartTime":"2025-10-04T20:01:17Z","EndTime":"2025-10-04T20:01:17Z","AmountPaid":1500,"OpenBy":"error","LockerCode":"A7"},{"ID":223,"LockerID":8,"Phone":"3124792031","PIN":"2007","Active":0,"StartTime":"2025-10-04T20:01:18Z","EndTime":"2025-10-04T20:01:18Z","AmountPaid":1500,"OpenBy":"error","LockerCode":"A8"},{"ID":224,"LockerID":9,"Phone":"3124792031","PIN":"2007","Active":0,"StartTime":"2025-10-04T20:11:22Z","EndTime":"2025-10-04T20:11:22Z","AmountPaid":1500,"OpenBy":"error","LockerCode":"A9"},{"ID":225,"LockerID":5,"Phone":"3124792031","PIN":"2007","Active":0,"StartTime":"2025-10-04T20:11:23Z","EndTime":"2025-10-04T20:11:23Z","AmountPaid":1500,"OpenBy":"error","LockerCode":"A5"},{"ID":226,"LockerID":2,"Phone":"3124792031","PIN":"2007","Active":0,"StartTime":"2025-10-04T20:11:24Z","EndTime":"2025-10-04T20:11:24Z","AmountPaid":1500,"OpenBy":"error","LockerCode":"A2"},{"ID":227,"LockerID":7,"Phone":"3124792031","PIN":"2007","Active":0,"StartTime":"2025-10-04T20:11:25Z","EndTime":"2025-10-04T20:11:25Z","AmountPaid":1500,"OpenBy":"error","LockerCode":"A7"},{"ID":228,"LockerID":6,"Phone":"3124792031","PIN":"2007","Active":0,"StartTime":"2025-10-04T20:11:26Z","EndTime":"2025-10-04T20:11:26Z","AmountPaid":1500,"OpenBy":"error","LockerCode":"A6"},{"ID":229,"LockerID":18,"Phone":"3124792031","PIN":"2007","Active":0,"StartTime":"2025-10-04T20:11:58Z","EndTime":"2025-10-04T20:11:58Z","AmountPaid":1500,"OpenBy":"error","LockerCode":"B8"},{"ID":230,"LockerID":15,"Phone":"3124792031","PIN":"2007","Active":0,"StartTime":"2025-10-04T20:12:00Z","EndTime":"2025-10-04T20:12:00Z","AmountPaid":1500,"OpenBy":"error","LockerCode":"B5"},{"ID":231,"LockerID":12,"Phone":"3124792031","PIN":"2007","Active":0,"StartTime":"2025-10-04T20:12:01Z","EndTime":"2025-10-04T20:12:01Z","AmountPaid":1500,"OpenBy":"error","LockerCode":"B2"},{"ID":232,"LockerID":20,"Phone":"3124792031","PIN":"2007","Active":0,"StartTime":"2025-10-04T20:12:02Z","EndTime":"2025-10-04T20:12:02Z","AmountPaid":1500,"OpenBy":"error","LockerCode":"B10"},{"ID":233,"LockerID":17,"Phone":"3124792031","PIN":"2007","Active":0,"StartTime":"2025-10-04T20:12:03Z","EndTime":"2025-10-04T20:12:03Z","AmountPaid":1500,"OpenBy":"error","LockerCode":"B7"},{"ID":234,"LockerID":8,"Phone":"3105727100","PIN":"2014","Active":0,"StartTime":"2025-10-04T20:47:17Z","EndTime":"2025-10-04T20:47:17Z","AmountPaid":1500,"OpenBy":"error","LockerCode":"A8"},{"ID":235,"LockerID":50,"Phone":"3105727100","PIN":"2014","Active":0,"StartTime":"2025-10-04T20:47:18Z","EndTime":"2025-10-04T20:47:18Z","AmountPaid":1500,"OpenBy":"error","LockerCode":"E10"},{"ID":236,"LockerID":49,"Phone":"3105727100","PIN":"2014","Active":0,"StartTime":"2025-10-04T20:47:19Z","EndTime":"2025-10-04T20:47:19Z","AmountPaid":1500,"OpenBy":"error","LockerCode":"E9"},{"ID":237,"LockerID":18,"Phone":"3105727100","PIN":"2014","Active":0,"StartTime":"2025-10-04T20:47:20Z","EndTime":"2025-10-04T20:47:20Z","AmountPaid":1500,"OpenBy":"error","LockerCode":"B8"},{"ID":238,"LockerID":14,"Phone":"3105727100","PIN":"2014","Active":0,"StartTime":"2025-10-04T20:47:21Z","EndTime":"2025-10-04T20:47:21Z","AmountPaid":1500,"OpenBy":"error","LockerCode":"B4"},{"ID":239,"LockerID":10,"Phone":"3105727100","PIN":"2014","Active":0,"StartTime":"2025-10-04T20:47:41Z","EndTime":"2025-10-04T20:47:41Z","AmountPaid":1500,"OpenBy":"error","LockerCode":"A10"},{"ID":240,"LockerID":32,"Phone":"3105727100","PIN":"2014","Active":0,"StartTime":"2025-10-04T20:47:42Z","EndTime":"2025-10-04T20:47:42Z","AmountPaid":1500,"OpenBy":"error","LockerCode":"D2"},{"ID":241,"LockerID":12,"Phone":"3105727100","PIN":"2014","Active":0,"StartTime":"2025-10-04T20:47:43Z","EndTime":"2025-10-04T20:47:43Z","AmountPaid":1500,"OpenBy":"error","LockerCode":"B2"},{"ID":242,"LockerID":24,"Phone":"3105727100","PIN":"2014","Active":0,"StartTime":"2025-10-04T20:47:44Z","EndTime":"2025-10-04T20:47:45Z","AmountPaid":1500,"OpenBy":"error","LockerCode":"C4"},{"ID":243,"LockerID":45,"Phone":"3105727100","PIN":"2014","Active":0,"StartTime":"2025-10-04T20:47:46Z","EndTime":"2025-10-04T20:47:46Z","AmountPaid":1500,"OpenBy":"error","LockerCode":"E5"},{"ID":244,"LockerID":37,"Phone":"3105727100","PIN":"2014","Active":0,"StartTime":"2025-10-04T20:47:58Z","EndTime":"2025-10-04T20:47:58Z","AmountPaid":1500,"OpenBy":"error","LockerCode":"D7"},{"ID":245,"LockerID":25,"Phone":"3105727100","PIN":"2014","Active":0,"StartTime":"2025-10-04T20:47:59Z","EndTime":"2025-10-04T20:47:59Z","AmountPaid":1500,"OpenBy":"error","LockerCode":"C5"},{"ID":246,"LockerID":57,"Phone":"3105727100","PIN":"2014","Active":0,"StartTime":"2025-10-04T20:48:00Z","EndTime":"2025-10-04T20:48:00Z","AmountPaid":1500,"OpenBy":"error","LockerCode":"F7"},{"ID":247,"LockerID":5,"Phone":"3105727100","PIN":"2014","Active":0,"StartTime":"2025-10-04T20:48:01Z","EndTime":"2025-10-04T20:48:01Z","AmountPaid":1500,"OpenBy":"error","LockerCode":"A5"},{"ID":248,"LockerID":33,"Phone":"3105727100","PIN":"2014","Active":0,"StartTime":"2025-10-04T20:48:02Z","EndTime":"2025-10-04T20:48:02Z","AmountPaid":1500,"OpenBy":"error","LockerCode":"D3"},{"ID":249,"LockerID":6,"Phone":"3105727100","PIN":"2014","Active":0,"StartTime":"2025-10-04T20:48:33Z","EndTime":"2025-10-04T20:48:33Z","AmountPaid":1500,"OpenBy":"error","LockerCode":"A6"},{"ID":250,"LockerID":23,"Phone":"3105727100","PIN":"2014","Active":0,"StartTime":"2025-10-04T20:48:34Z","EndTime":"2025-10-04T20:48:34Z","AmountPaid":1500,"OpenBy":"error","LockerCode":"C3"},{"ID":251,"LockerID":55,"Phone":"3105727100","PIN":"2014","Active":0,"StartTime":"2025-10-04T20:48:35Z","EndTime":"2025-10-04T20:48:35Z","AmountPaid":1500,"OpenBy":"error","LockerCode":"F5"},{"ID":252,"LockerID":56,"Phone":"3105727100","PIN":"2014","Active":0,"StartTime":"2025-10-04T20:48:36Z","EndTime":"2025-10-04T20:48:36Z","AmountPaid":1500,"OpenBy":"error","LockerCode":"F6"},{"ID":253,"LockerID":59,"Phone":"3105727100","PIN":"2014","Active":0,"StartTime":"2025-10-04T20:48:37Z","EndTime":"2025-10-04T20:48:37Z","AmountPaid":1500,"OpenBy":"error","LockerCode":"F9"},{"ID":254,"LockerID":17,"Phone":"3105727100","PIN":"2014","Active":0,"StartTime":"2025-10-04T20:48:44Z","EndTime":"2025-10-04T20:48:44Z","AmountPaid":1500,"OpenBy":"error","LockerCode":"B7"},{"ID":255,"LockerID":51,"Phone":"3105727100","PIN":"2014","Active":0,"StartTime":"2025-10-04T20:48:45Z","EndTime":"2025-10-04T20:48:45Z","AmountPaid":1500,"OpenBy":"error","LockerCode":"F1"},{"ID":256,"LockerID":27,"Phone":"3105727100","PIN":"2014","Active":0,"StartTime":"2025-10-04T20:48:46Z","EndTime":"2025-10-04T20:48:46Z","AmountPaid":1500,"OpenBy":"error","LockerCode":"C7"},{"ID":257,"LockerID":15,"Phone":"3105727100","PIN":"2014","Active":0,"StartTime":"2025-10-04T20:48:47Z","EndTime":"2025-10-04T20:48:47Z","AmountPaid":1500,"OpenBy":"error","LockerCode":"B5"},{"ID":258,"LockerID":40,"Phone":"3105727100","PIN":"2014","Active":0,"StartTime":"2025-10-04T20:48:48Z","EndTime":"2025-10-04T20:48:48Z","AmountPaid":1500,"OpenBy":"error","LockerCode":"D10"},{"ID":259,"LockerID":36,"Phone":"3105727100","PIN":"2014","Active":0,"StartTime":"2025-10-04T20:48:57Z","EndTime":"2025-10-04T20:48:57Z","AmountPaid":1500,"OpenBy":"error","LockerCode":"D6"},{"ID":260,"LockerID":43,"Phone":"3105727100","PIN":"2014","Active":0,"StartTime":"2025-10-04T20:48:58Z","EndTime":"2025-10-04T20:48:58Z","AmountPaid":1500,"OpenBy":"error","LockerCode":"E3"},{"ID":261,"LockerID":2,"Phone":"3105727100","PIN":"2014","Active":0,"StartTime":"2025-10-04T20:48:59Z","EndTime":"2025-10-04T20:48:59Z","AmountPaid":1500,"OpenBy":"error","LockerCode":"A2"},{"ID":262,"LockerID":28,"Phone":"3105727100","PIN":"2014","Active":0,"StartTime":"2025-10-04T20:49:00Z","EndTime":"2025-10-04T20:49:00Z","AmountPaid":1500,"OpenBy":"error","LockerCode":"C8"},{"ID":263,"LockerID":48,"Phone":"3105727100","PIN":"2014","Active":0,"StartTime":"2025-10-04T20:49:01Z","EndTime":"2025-10-04T20:49:01Z","AmountPaid":1500,"OpenBy":"error","LockerCode":"E8"},{"ID":264,"LockerID":58,"Phone":"3105727100","PIN":"2014","Active":0,"StartTime":"2025-10-04T20:49:11Z","EndTime":"2025-10-04T20:49:11Z","AmountPaid":1500,"OpenBy":"error","LockerCode":"F8"},{"ID":265,"LockerID":35,"Phone":"3105727100","PIN":"2014","Active":0,"StartTime":"2025-10-04T20:49:12Z","EndTime":"2025-10-04T20:49:12Z","AmountPaid":1500,"OpenBy":"error","LockerCode":"D5"},{"ID":266,"LockerID":20,"Phone":"3105727100","PIN":"2014","Active":0,"StartTime":"2025-10-04T20:49:13Z","EndTime":"2025-10-04T20:49:13Z","AmountPaid":1500,"OpenBy":"error","LockerCode":"B10"},{"ID":267,"LockerID":44,"Phone":"3105727100","PIN":"2014","Active":0,"StartTime":"2025-10-04T20:49:14Z","EndTime":"2025-10-04T20:49:14Z","AmountPaid":1500,"OpenBy":"error","LockerCode":"E4"},{"ID":268,"LockerID":13,"Phone":"3105727100","PIN":"2014","Active":0,"StartTime":"2025-10-04T20:49:15Z","EndTime":"2025-10-04T20:49:15Z","AmountPaid":1500,"OpenBy":"error","LockerCode":"B3"},{"ID":269,"LockerID":22,"Phone":"3105727100","PIN":"2014","Active":0,"StartTime":"2025-10-04T20:49:39Z","EndTime":"2025-10-04T20:49:39Z","AmountPaid":1500,"OpenBy":"error","LockerCode":"C2"},{"ID":270,"LockerID":9,"Phone":"3105727100","PIN":"2014","Active":0,"StartTime":"2025-10-04T20:49:40Z","EndTime":"2025-10-04T20:49:40Z","AmountPaid":1500,"OpenBy":"error","LockerCode":"A9"},{"ID":271,"LockerID":31,"Phone":"3105727100","PIN":"2014","Active":0,"StartTime":"2025-10-04T20:49:41Z","EndTime":"2025-10-04T20:49:41Z","AmountPaid":1500,"OpenBy":"error","LockerCode":"D1"},{"ID":272,"LockerID":60,"Phone":"3105727100","PIN":"2014","Active":0,"StartTime":"2025-10-04T20:49:42Z","EndTime":"2025-10-04T20:49:42Z","AmountPaid":1500,"OpenBy":"error","LockerCode":"F10"},{"ID":273,"LockerID":16,"Phone":"3105727100","PIN":"2014","Active":0,"StartTime":"2025-10-04T20:49:43Z","EndTime":"2025-10-04T20:49:43Z","AmountPaid":1500,"OpenBy":"error","LockerCode":"B6"},{"ID":274,"LockerID":7,"Phone":"3105727100","PIN":"2014","Active":0,"StartTime":"2025-10-04T20:49:50Z","EndTime":"2025-10-04T20:49:50Z","AmountPaid":1500,"OpenBy":"error","LockerCode":"A7"},{"ID":275,"LockerID":34,"Phone":"3105727100","PIN":"2014","Active":0,"StartTime":"2025-10-04T20:49:51Z","EndTime":"2025-10-04T20:49:51Z","AmountPaid":1500,"OpenBy":"error","LockerCode":"D4"},{"ID":276,"LockerID":53,"Phone":"3105727100","PIN":"2014","Active":0,"StartTime":"2025-10-04T20:49:52Z","EndTime":"2025-10-04T20:49:52Z","AmountPaid":1500,"OpenBy":"error","LockerCode":"F3"},{"ID":277,"LockerID":21,"Phone":"3105727100","PIN":"2014","Active":0,"StartTime":"2025-10-04T20:49:53Z","EndTime":"2025-10-04T20:49:53Z","AmountPaid":1500,"OpenBy":"error","LockerCode":"C1"},{"ID":278,"LockerID":52,"Phone":"3105727100","PIN":"2014","Active":0,"StartTime":"2025-10-04T20:49:54Z","EndTime":"2025-10-04T20:49:54Z","AmountPaid":1500,"OpenBy":"error","LockerCode":"F2"},{"ID":279,"LockerID":47,"Phone":"3105727100","PIN":"2014","Active":0,"StartTime":"2025-10-04T20:50:09Z","EndTime":"2025-10-04T20:50:09Z","AmountPaid":1500,"OpenBy":"error","LockerCode":"E7"},{"ID":280,"LockerID":30,"Phone":"3105727100","PIN":"2014","Active":0,"StartTime":"2025-10-04T20:50:11Z","EndTime":"2025-10-04T20:50:11Z","AmountPaid":1500,"OpenBy":"error","LockerCode":"C10"},{"ID":281,"LockerID":54,"Phone":"3105727100","PIN":"2014","Active":0,"StartTime":"2025-10-04T20:50:12Z","EndTime":"2025-10-04T20:50:12Z","AmountPaid":1500,"OpenBy":"error","LockerCode":"F4"},{"ID":282,"LockerID":26,"Phone":"3105727100","PIN":"2014","Active":0,"StartTime":"2025-10-04T20:50:13Z","EndTime":"2025-10-04T20:50:13Z","AmountPaid":1500,"OpenBy":"error","LockerCode":"C6"},{"ID":283,"LockerID":38,"Phone":"3105727100","PIN":"2014","Active":0,"StartTime":"2025-10-04T20:50:14Z","EndTime":"2025-10-04T20:50:14Z","AmountPaid":1500,"OpenBy":"error","LockerCode":"D8"},{"ID":284,"LockerID":11,"Phone":"3105727100","PIN":"2014","Active":0,"StartTime":"2025-10-04T20:51:10Z","EndTime":"2025-10-04T20:51:10Z","AmountPaid":1500,"OpenBy":"error","LockerCode":"B1"},{"ID":285,"LockerID":39,"Phone":"3105727100","PIN":"2014","Active":0,"StartTime":"2025-10-04T20:51:11Z","EndTime":"2025-10-04T20:51:11Z","AmountPaid":1500,"OpenBy":"error","LockerCode":"D9"},{"ID":286,"LockerID":19,"Phone":"3105727100","PIN":"2014","Active":0,"StartTime":"2025-10-04T20:51:12Z","EndTime":"2025-10-04T20:51:12Z","AmountPaid":1500,"OpenBy":"error","LockerCode":"B9"},{"ID":287,"LockerID":46,"Phone":"3105727100","PIN":"2014","Active":0,"StartTime":"2025-10-04T20:51:13Z","EndTime":"2025-10-04T20:51:13Z","AmountPaid":1500,"OpenBy":"error","LockerCode":"E6"},{"ID":288,"LockerID":41,"Phone":"3105727100","PIN":"2014","Active":0,"StartTime":"2025-10-04T20:51:14Z","EndTime":"2025-10-04T20:51:14Z","AmountPaid":1500,"OpenBy":"error","LockerCode":"E1"},{"ID":289,"LockerID":29,"Phone":"3105727100","PIN":"2014","Active":0,"StartTime":"2025-10-04T20:51:23Z","EndTime":"2025-10-04T20:51:23Z","AmountPaid":1500,"OpenBy":"error","LockerCode":"C9"},{"ID":290,"LockerID":1,"Phone":"3134555898","PIN":"0902","Active":0,"StartTime":"2025-10-04T21:01:44Z","EndTime":"2025-10-04T23:06:35Z","AmountPaid":1500,"OpenBy":"user","LockerCode":"A1"},{"ID":291,"LockerID":60,"Phone":"3103192771","PIN":"1234","Active":0,"StartTime":"2025-10-04T21:07:47Z","EndTime":"2025-10-04T21:08:03Z","AmountPaid":1500,"OpenBy":"user","LockerCode":"F10"},{"ID":292,"LockerID":60,"Phone":"3144756857","PIN":"0855","Active":0,"StartTime":"2025-10-04T21:33:49Z","EndTime":"2025-10-04T22:31:56Z","AmountPaid":1500,"OpenBy":"user","LockerCode":"F10"},{"ID":293,"LockerID":30,"Phone":"3105668502","PIN":"8502","Active":0,"StartTime":"2025-10-04T21:46:07Z","EndTime":"2025-10-04T23:49:08Z","AmountPaid":1500,"OpenBy":"user","LockerCode":"C10"},{"ID":294,"LockerID":50,"Phone":"3103192771","PIN":"0000","Active":0,"StartTime":"2025-10-04T21:58:57Z","EndTime":"2025-10-04T21:59:07Z","AmountPaid":1500,"OpenBy":"user","LockerCode":"E10"},{"ID":295,"LockerID":59,"Phone":"3007701575","PIN":"1196","Active":0,"StartTime":"2025-10-04T22:01:17Z","EndTime":"2025-10-04T22:16:46Z","AmountPaid":1500,"OpenBy":"user","LockerCode":"F9"},{"ID":296,"LockerID":26,"Phone":"3012732774","PIN":"1020","Active":0,"StartTime":"2025-10-04T22:18:56Z","EndTime":"2025-10-04T23:40:00Z","AmountPaid":1500,"OpenBy":"user","LockerCode":"C6"},{"ID":297,"LockerID":54,"Phone":"3125672346","PIN":"1031","Active":0,"StartTime":"2025-10-04T22:42:52Z","EndTime":"2025-10-05T00:27:51Z","AmountPaid":1500,"OpenBy":"user","LockerCode":"F4"},{"ID":298,"LockerID":28,"Phone":"3503615093","PIN":"2214","Active":0,"StartTime":"2025-10-04T23:12:55Z","EndTime":"2025-10-05T00:20:35Z","AmountPaid":1500,"OpenBy":"user","LockerCode":"C8"},{"ID":299,"LockerID":21,"Phone":"3112545199","PIN":"2560","Active":0,"StartTime":"2025-10-04T23:24:16Z","EndTime":"2025-10-05T01:11:55Z","AmountPaid":1500,"OpenBy":"user","LockerCode":"C1"},{"ID":300,"LockerID":57,"Phone":"3114359709","PIN":"1512","Active":0,"StartTime":"2025-10-05T00:37:04Z","EndTime":"2025-10-05T01:32:50Z","AmountPaid":1500,"OpenBy":"user","LockerCode":"F7"},{"ID":301,"LockerID":39,"Phone":"3058200071","PIN":"2508","Active":0,"StartTime":"2025-10-05T00:43:42Z","EndTime":"2025-10-05T03:39:17Z","AmountPaid":1500,"OpenBy":"user","LockerCode":"D9"},{"ID":302,"LockerID":28,"Phone":"3213634452","PIN":"2222","Active":0,"StartTime":"2025-10-05T01:11:34Z","EndTime":"2025-10-05T01:50:34Z","AmountPaid":1500,"OpenBy":"user","LockerCode":"C8"},{"ID":303,"LockerID":4,"Phone":"3164538113","PIN":"0408","Active":0,"StartTime":"2025-10-05T16:15:05Z","EndTime":"2025-10-05T18:48:16Z","AmountPaid":1500,"OpenBy":"user","LockerCode":"A4"},{"ID":304,"LockerID":11,"Phone":"3057582319","PIN":"1203","Active":0,"StartTime":"2025-10-05T16:46:51Z","EndTime":"2025-10-05T17:36:53Z","AmountPaid":1500,"OpenBy":"user","LockerCode":"B1"},{"ID":305,"LockerID":8,"Phone":"3007430327","PIN":"1807","Active":0,"StartTime":"2025-10-05T17:03:31Z","EndTime":"2025-10-05T19:56:50Z","AmountPaid":1500,"OpenBy":"user","LockerCode":"A8"},{"ID":306,"LockerID":56,"Phone":"3508957924","PIN":"1807","Active":0,"StartTime":"2025-10-05T17:05:06Z","EndTime":"2025-10-05T17:05:06Z","AmountPaid":1500,"OpenBy":"error","LockerCode":"F6"},{"ID":307,"LockerID":37,"Phone":"3508957924","PIN":"1807","Active":0,"StartTime":"2025-10-05T17:05:08Z","EndTime":"2025-10-05T19:57:12Z","AmountPaid":1500,"OpenBy":"user","LockerCode":"D7"},{"ID":308,"LockerID":5,"Phone":"3136932005","PIN":"1103","Active":0,"StartTime":"2025-10-05T17:15:07Z","EndTime":"2025-10-05T17:51:00Z","AmountPaid":1500,"OpenBy":"user","LockerCode":"A5"},{"ID":309,"LockerID":54,"Phone":"3508353881","PIN":"1983","Active":0,"StartTime":"2025-10-05T17:15:50Z","EndTime":"2025-10-05T18:12:48Z","AmountPaid":1500,"OpenBy":"user","LockerCode":"F4"},{"ID":310,"LockerID":16,"Phone":"3134596595","PIN":"2020","Active":0,"StartTime":"2025-10-05T17:22:22Z","EndTime":"2025-10-05T19:52:41Z","AmountPaid":1500,"OpenBy":"user","LockerCode":"B6"},{"ID":311,"LockerID":6,"Phone":"3014850544","PIN":"2412","Active":0,"StartTime":"2025-10-05T17:50:30Z","EndTime":"2025-10-05T19:43:05Z","AmountPaid":1500,"OpenBy":"user","LockerCode":"A6"},{"ID":312,"LockerID":59,"Phone":"3174300462","PIN":"9601","Active":0,"StartTime":"2025-10-05T17:52:07Z","EndTime":"2025-10-05T19:24:13Z","AmountPaid":1500,"OpenBy":"user","LockerCode":"F9"},{"ID":313,"LockerID":1,"Phone":"3148809757","PIN":"2412","Active":0,"StartTime":"2025-10-05T17:53:10Z","EndTime":"2025-10-05T19:43:15Z","AmountPaid":1500,"OpenBy":"user","LockerCode":"A1"},{"ID":314,"LockerID":29,"Phone":"3008566764","PIN":"3110","Active":0,"StartTime":"2025-10-05T17:55:01Z","EndTime":"2025-10-05T19:14:01Z","AmountPaid":1500,"OpenBy":"user","LockerCode":"C9"},{"ID":315,"LockerID":5,"Phone":"3213923586","PIN":"9601","Active":0,"StartTime":"2025-10-05T17:58:03Z","EndTime":"2025-10-05T19:24:32Z","AmountPaid":1500,"OpenBy":"user","LockerCode":"A5"},{"ID":316,"LockerID":3,"Phone":"3143000156","PIN":"9701","Active":0,"StartTime":"2025-10-05T18:35:59Z","EndTime":"2025-10-05T21:44:38Z","AmountPaid":1500,"OpenBy":"user","LockerCode":"A3"},{"ID":317,"LockerID":25,"Phone":"3152216272","PIN":"2013","Active":0,"StartTime":"2025-10-05T19:19:01Z","EndTime":"2025-10-05T22:19:06Z","AmountPaid":1500,"OpenBy":"user","LockerCode":"C5"},{"ID":318,"LockerID":5,"Phone":"3107794966","PIN":"6458","Active":0,"StartTime":"2025-10-05T19:45:28Z","EndTime":"2025-10-05T22:41:02Z","AmountPaid":1500,"OpenBy":"user","LockerCode":"A5"},{"ID":319,"LockerID":19,"Phone":"3134972160","PIN":"1425","Active":0,"StartTime":"2025-10-05T20:10:49Z","EndTime":"2025-10-05T21:07:17Z","AmountPaid":1500,"OpenBy":"user","LockerCode":"B9"},{"ID":320,"LockerID":28,"Phone":"3180613903","PIN":"1430","Active":0,"StartTime":"2025-10-05T20:27:24Z","EndTime":"2025-10-05T22:08:21Z","AmountPaid":1500,"OpenBy":"user","LockerCode":"C8"},{"ID":321,"LockerID":55,"Phone":"3132976022","PIN":"0876","Active":0,"StartTime":"2025-10-05T20:31:56Z","EndTime":"2025-10-06T00:18:48Z","AmountPaid":1500,"OpenBy":"user","LockerCode":"F5"},{"ID":322,"LockerID":32,"Phone":"3224095161","PIN":"0707","Active":0,"StartTime":"2025-10-05T20:35:48Z","EndTime":"2025-10-05T22:40:38Z","AmountPaid":1500,"OpenBy":"user","LockerCode":"D2"},{"ID":323,"LockerID":22,"Phone":"3164180757","PIN":"0205","Active":0,"StartTime":"2025-10-05T20:36:53Z","EndTime":"2025-10-05T23:39:54Z","AmountPaid":1500,"OpenBy":"user","LockerCode":"C2"},{"ID":324,"LockerID":6,"Phone":"3192365251","PIN":"6282","Active":0,"StartTime":"2025-10-05T20:40:14Z","EndTime":"2025-10-05T22:47:13Z","AmountPaid":1500,"OpenBy":"user","LockerCode":"A6"},{"ID":325,"LockerID":31,"Phone":"3008821952","PIN":"7811","Active":0,"StartTime":"2025-10-05T20:44:10Z","EndTime":"2025-10-05T23:43:28Z","AmountPaid":1500,"OpenBy":"user","LockerCode":"D1"},{"ID":326,"LockerID":17,"Phone":"3105855289","PIN":"1122","Active":0,"StartTime":"2025-10-05T20:45:32Z","EndTime":"2025-10-05T23:43:48Z","AmountPaid":1500,"OpenBy":"user","LockerCode":"B7"},{"ID":327,"LockerID":19,"Phone":"3165355493","PIN":"2580","Active":0,"StartTime":"2025-10-05T21:34:52Z","EndTime":"2025-10-05T23:09:13Z","AmountPaid":1500,"OpenBy":"user","LockerCode":"B9"},{"ID":328,"LockerID":51,"Phone":"3112667736","PIN":"2505","Active":0,"StartTime":"2025-10-05T22:07:54Z","EndTime":"2025-10-06T02:39:08Z","AmountPaid":1500,"OpenBy":"user","LockerCode":"F1"},{"ID":329,"LockerID":50,"Phone":"3508142987","PIN":"2841","Active":0,"StartTime":"2025-10-05T22:12:49Z","EndTime":"2025-10-05T23:05:32Z","AmountPaid":1500,"OpenBy":"user","LockerCode":"E10"},{"ID":330,"LockerID":43,"Phone":"3242040667","PIN":"0812","Active":0,"StartTime":"2025-10-05T22:13:36Z","EndTime":"2025-10-05T23:51:19Z","AmountPaid":1500,"OpenBy":"user","LockerCode":"E3"},{"ID":331,"LockerID":34,"Phone":"3107924225","PIN":"0000","Active":0,"StartTime":"2025-10-05T22:52:30Z","EndTime":"2025-10-06T01:27:44Z","AmountPaid":1500,"OpenBy":"user","LockerCode":"D4"},{"ID":332,"LockerID":8,"Phone":"3006505492","PIN":"0902","Active":0,"StartTime":"2025-10-05T22:55:47Z","EndTime":"2025-10-05T23:31:23Z","AmountPaid":1500,"OpenBy":"user","LockerCode":"A8"},{"ID":333,"LockerID":10,"Phone":"3248643851","PIN":"8521","Active":0,"StartTime":"2025-10-05T22:57:38Z","EndTime":"2025-10-05T23:24:01Z","AmountPaid":1500,"OpenBy":"user","LockerCode":"A10"},{"ID":334,"LockerID":60,"Phone":"3227013066","PIN":"2904","Active":0,"StartTime":"2025-10-05T23:37:38Z","EndTime":"2025-10-06T00:50:43Z","AmountPaid":1500,"OpenBy":"user","LockerCode":"F10"},{"ID":335,"LockerID":48,"Phone":"3223537741","PIN":"2904","Active":0,"StartTime":"2025-10-05T23:39:11Z","EndTime":"2025-10-06T00:50:54Z","AmountPaid":1500,"OpenBy":"user","LockerCode":"E8"},{"ID":336,"LockerID":19,"Phone":"3184920950","PIN":"1807","Active":0,"StartTime":"2025-10-06T11:24:19Z","EndTime":"2025-10-06T12:30:30Z","AmountPaid":1500,"OpenBy":"user","LockerCode":"B9"},{"ID":337,"LockerID":45,"Phone":"3148169044","PIN":"9804","Active":0,"StartTime":"2025-10-06T12:07:26Z","EndTime":"2025-10-06T13:17:23Z","AmountPaid":1500,"OpenBy":"user","LockerCode":"E5"},{"ID":338,"LockerID":3,"Phone":"3194051169","PIN":"9905","Active":0,"StartTime":"2025-10-06T13:25:07Z","EndTime":"2025-10-06T23:36:27Z","AmountPaid":1500,"OpenBy":"user","LockerCode":"A3"},{"ID":339,"LockerID":52,"Phone":"3118459069","PIN":"1608","Active":0,"StartTime":"2025-10-06T13:30:50Z","EndTime":"2025-10-06T13:58:48Z","AmountPaid":1500,"OpenBy":"user","LockerCode":"F2"},{"ID":340,"LockerID":50,"Phone":"3153618369","PIN":"1309","Active":0,"StartTime":"2025-10-06T15:07:30Z","EndTime":"2025-10-06T15:25:41Z","AmountPaid":1500,"OpenBy":"user","LockerCode":"E10"},{"ID":341,"LockerID":5,"Phone":"3003041589","PIN":"6521","Active":0,"StartTime":"2025-10-06T15:29:54Z","EndTime":"2025-10-06T17:11:11Z","AmountPaid":1500,"OpenBy":"user","LockerCode":"A5"},{"ID":342,"LockerID":59,"Phone":"3125277820","PIN":"0852","Active":0,"StartTime":"2025-10-06T15:39:56Z","EndTime":"2025-10-06T18:09:39Z","AmountPaid":1500,"OpenBy":"user","LockerCode":"F9"},{"ID":343,"LockerID":14,"Phone":"3012214526","PIN":"5689","Active":0,"StartTime":"2025-10-06T15:44:54Z","EndTime":"2025-10-06T17:00:05Z","AmountPaid":1500,"OpenBy":"user","LockerCode":"B4"},{"ID":344,"LockerID":12,"Phone":"3152189715","PIN":"1980","Active":0,"StartTime":"2025-10-06T16:42:44Z","EndTime":"2025-10-06T17:17:08Z","AmountPaid":1600,"OpenBy":"user","LockerCode":"B2"},{"ID":345,"LockerID":45,"Phone":"3234923198","PIN":"2002","Active":0,"StartTime":"2025-10-06T17:05:51Z","EndTime":"2025-10-06T19:06:02Z","AmountPaid":1500,"OpenBy":"user","LockerCode":"E5"},{"ID":346,"LockerID":28,"Phone":"3246213622","PIN":"1102","Active":0,"StartTime":"2025-10-06T18:04:00Z","EndTime":"2025-10-06T19:11:59Z","AmountPaid":1500,"OpenBy":"user","LockerCode":"C8"},{"ID":347,"LockerID":22,"Phone":"3118177312","PIN":"1379","Active":0,"StartTime":"2025-10-06T18:27:20Z","EndTime":"2025-10-06T19:53:53Z","AmountPaid":1700,"OpenBy":"user","LockerCode":"C2"},{"ID":348,"LockerID":26,"Phone":"3054583050","PIN":"2003","Active":0,"StartTime":"2025-10-06T18:52:08Z","EndTime":"2025-10-06T19:49:23Z","AmountPaid":1500,"OpenBy":"user","LockerCode":"C6"},{"ID":349,"LockerID":18,"Phone":"3118094594","PIN":"4594","Active":0,"StartTime":"2025-10-06T19:19:08Z","EndTime":"2025-10-06T20:22:20Z","AmountPaid":1500,"OpenBy":"user","LockerCode":"B8"},{"ID":350,"LockerID":2,"Phone":"3015904518","PIN":"1323","Active":0,"StartTime":"2025-10-06T19:23:22Z","EndTime":"2025-10-06T19:45:56Z","AmountPaid":1500,"OpenBy":"user","LockerCode":"A2"},{"ID":351,"LockerID":37,"Phone":"3233788239","PIN":"1818","Active":0,"StartTime":"2025-10-06T19:25:03Z","EndTime":"2025-10-06T19:44:39Z","AmountPaid":1500,"OpenBy":"user","LockerCode":"D7"},{"ID":352,"LockerID":45,"Phone":"3124667569","PIN":"6321","Active":0,"StartTime":"2025-10-06T19:53:05Z","EndTime":"2025-10-06T20:49:16Z","AmountPaid":1500,"OpenBy":"user","LockerCode":"E5"},{"ID":353,"LockerID":1,"Phone":"3103828664","PIN":"3204","Active":0,"StartTime":"2025-10-06T20:13:19Z","EndTime":"2025-10-07T00:14:37Z","AmountPaid":1500,"OpenBy":"user","LockerCode":"A1"},{"ID":354,"LockerID":43,"Phone":"3046657640","PIN":"2331","Active":0,"StartTime":"2025-10-06T20:51:09Z","EndTime":"2025-10-06T21:16:11Z","AmountPaid":1500,"OpenBy":"user","LockerCode":"E3"},{"ID":355,"LockerID":44,"Phone":"3195985796","PIN":"1214","Active":0,"StartTime":"2025-10-06T21:07:54Z","EndTime":"2025-10-06T22:01:35Z","AmountPaid":1500,"OpenBy":"user","LockerCode":"E4"},{"ID":356,"LockerID":55,"Phone":"3024179013","PIN":"4689","Active":0,"StartTime":"2025-10-06T22:42:00Z","EndTime":"2025-10-07T00:03:58Z","AmountPaid":1500,"OpenBy":"user","LockerCode":"F5"},{"ID":357,"LockerID":54,"Phone":"3212384685","PIN":"2582","Active":0,"StartTime":"2025-10-06T22:44:05Z","EndTime":"2025-10-07T01:26:07Z","AmountPaid":1500,"OpenBy":"user","LockerCode":"F4"},{"ID":358,"LockerID":26,"Phone":"3172166639","PIN":"1946","Active":0,"StartTime":"2025-10-06T23:42:28Z","EndTime":"2025-10-07T00:59:22Z","AmountPaid":1500,"OpenBy":"user","LockerCode":"C6"},{"ID":359,"LockerID":30,"Phone":"3102319349","PIN":"9208","Active":0,"StartTime":"2025-10-06T23:56:23Z","EndTime":"2025-10-07T03:24:43Z","AmountPaid":1500,"OpenBy":"user","LockerCode":"C10"},{"ID":360,"LockerID":41,"Phone":"3142321998","PIN":"2003","Active":0,"StartTime":"2025-10-07T00:44:05Z","EndTime":"2025-10-07T02:24:03Z","AmountPaid":1500,"OpenBy":"user","LockerCode":"E1"},{"ID":361,"LockerID":50,"Phone":"3203814048","PIN":"1424","Active":0,"StartTime":"2025-10-07T11:26:42Z","EndTime":"2025-10-07T12:28:01Z","AmountPaid":1500,"OpenBy":"user","LockerCode":"E10"},{"ID":362,"LockerID":37,"Phone":"3108691001","PIN":"1001","Active":0,"StartTime":"2025-10-07T12:01:01Z","EndTime":"2025-10-07T13:53:00Z","AmountPaid":1500,"OpenBy":"user","LockerCode":"D7"},{"ID":363,"LockerID":42,"Phone":"3183847210","PIN":"2904","Active":0,"StartTime":"2025-10-07T12:22:18Z","EndTime":"2025-10-07T12:53:28Z","AmountPaid":1500,"OpenBy":"user","LockerCode":"E2"},{"ID":364,"LockerID":37,"Phone":"3203389370","PIN":"3084","Active":0,"StartTime":"2025-10-07T14:34:18Z","EndTime":"2025-10-07T16:02:02Z","AmountPaid":1500,"OpenBy":"user","LockerCode":"D7"},{"ID":365,"LockerID":53,"Phone":"3227623029","PIN":"1819","Active":0,"StartTime":"2025-10-07T15:39:33Z","EndTime":"2025-10-07T15:40:27Z","AmountPaid":1500,"OpenBy":"user","LockerCode":"F3"},{"ID":366,"LockerID":44,"Phone":"3227623029","PIN":"1819","Active":0,"StartTime":"2025-10-07T15:41:33Z","EndTime":"2025-10-07T16:39:01Z","AmountPaid":1500,"OpenBy":"user","LockerCode":"E4"},{"ID":367,"LockerID":28,"Phone":"3203876699","PIN":"0528","Active":0,"StartTime":"2025-10-07T15:54:36Z","EndTime":"2025-10-07T18:56:24Z","AmountPaid":1500,"OpenBy":"user","LockerCode":"C8"},{"ID":368,"LockerID":47,"Phone":"3003006577","PIN":"9509","Active":0,"StartTime":"2025-10-07T15:57:42Z","EndTime":"2025-10-07T16:59:10Z","AmountPaid":1600,"OpenBy":"user","LockerCode":"E7"},{"ID":369,"LockerID":27,"Phone":"3114823922","PIN":"5821","Active":0,"StartTime":"2025-10-07T16:06:36Z","EndTime":"2025-10-07T18:58:22Z","AmountPaid":1500,"OpenBy":"user","LockerCode":"C7"},{"ID":370,"LockerID":49,"Phone":"3124688309","PIN":"7714","Active":0,"StartTime":"2025-10-07T16:29:56Z","EndTime":"2025-10-07T17:03:48Z","AmountPaid":1600,"OpenBy":"user","LockerCode":"E9"},{"ID":371,"LockerID":3,"Phone":"3213737079","PIN":"8110","Active":0,"StartTime":"2025-10-07T17:07:11Z","EndTime":"2025-10-07T20:04:01Z","AmountPaid":1600,"OpenBy":"user","LockerCode":"A3"},{"ID":372,"LockerID":43,"Phone":"3123025663","PIN":"4110","Active":0,"StartTime":"2025-10-07T18:09:43Z","EndTime":"2025-10-07T18:50:09Z","AmountPaid":1500,"OpenBy":"user","LockerCode":"E3"},{"ID":373,"LockerID":9,"Phone":"3185726047","PIN":"0000","Active":0,"StartTime":"2025-10-07T19:35:41Z","EndTime":"2025-10-07T20:35:22Z","AmountPaid":2000,"OpenBy":"user","LockerCode":"A9"},{"ID":374,"LockerID":20,"Phone":"3143422988","PIN":"3105","Active":0,"StartTime":"2025-10-07T21:07:00Z","EndTime":"2025-10-07T22:01:03Z","AmountPaid":1500,"OpenBy":"user","LockerCode":"B10"},{"ID":375,"LockerID":18,"Phone":"3043609795","PIN":"2003","Active":0,"StartTime":"2025-10-07T22:11:32Z","EndTime":"2025-10-08T00:52:12Z","AmountPaid":1500,"OpenBy":"user","LockerCode":"B8"},{"ID":376,"LockerID":6,"Phone":"3134439505","PIN":"1105","Active":0,"StartTime":"2025-10-08T00:02:48Z","EndTime":"2025-10-08T02:54:30Z","AmountPaid":1500,"OpenBy":"user","LockerCode":"A6"},{"ID":377,"LockerID":13,"Phone":"3227063977","PIN":"1105","Active":0,"StartTime":"2025-10-08T00:11:25Z","EndTime":"2025-10-08T02:54:52Z","AmountPaid":1500,"OpenBy":"user","LockerCode":"B3"},{"ID":378,"LockerID":51,"Phone":"3103362728","PIN":"1123","Active":0,"StartTime":"2025-10-08T12:47:43Z","EndTime":"2025-10-08T13:04:14Z","AmountPaid":1500,"OpenBy":"user","LockerCode":"F1"},{"ID":379,"LockerID":6,"Phone":"3112808315","PIN":"1606","Active":0,"StartTime":"2025-10-08T12:59:41Z","EndTime":"2025-10-08T21:31:47Z","AmountPaid":1500,"OpenBy":"user","LockerCode":"A6"},{"ID":380,"LockerID":35,"Phone":"3224349967","PIN":"2530","Active":0,"StartTime":"2025-10-08T14:03:53Z","EndTime":"2025-10-08T16:03:50Z","AmountPaid":1500,"OpenBy":"user","LockerCode":"D5"},{"ID":381,"LockerID":18,"Phone":"3105748615","PIN":"1609","Active":0,"StartTime":"2025-10-08T14:44:06Z","EndTime":"2025-10-08T15:47:28Z","AmountPaid":1500,"OpenBy":"user","LockerCode":"B8"},{"ID":382,"LockerID":57,"Phone":"3114948815","PIN":"2407","Active":0,"StartTime":"2025-10-08T15:46:01Z","EndTime":"2025-10-08T18:25:37Z","AmountPaid":1500,"OpenBy":"user","LockerCode":"F7"},{"ID":383,"LockerID":48,"Phone":"3143516899","PIN":"1991","Active":0,"StartTime":"2025-10-08T16:01:25Z","EndTime":"2025-10-08T17:11:05Z","AmountPaid":1500,"OpenBy":"user","LockerCode":"E8"},{"ID":384,"LockerID":45,"Phone":"3124688309","PIN":"7714","Active":0,"StartTime":"2025-10-08T16:19:29Z","EndTime":"2025-10-08T17:40:04Z","AmountPaid":1500,"OpenBy":"user","LockerCode":"E5"},{"ID":385,"LockerID":37,"Phone":"3133670552","PIN":"1325","Active":0,"StartTime":"2025-10-08T16:21:43Z","EndTime":"2025-10-08T21:33:45Z","AmountPaid":1500,"OpenBy":"user","LockerCode":"D7"},{"ID":386,"LockerID":31,"Phone":"3014368807","PIN":"2804","Active":0,"StartTime":"2025-10-08T16:23:18Z","EndTime":"2025-10-08T17:17:49Z","AmountPaid":1500,"OpenBy":"user","LockerCode":"D1"},{"ID":387,"LockerID":11,"Phone":"3045596628","PIN":"0708","Active":0,"StartTime":"2025-10-08T16:48:27Z","EndTime":"2025-10-08T17:41:07Z","AmountPaid":1500,"OpenBy":"user","LockerCode":"B1"},{"ID":388,"LockerID":34,"Phone":"3107698003","PIN":"0919","Active":0,"StartTime":"2025-10-08T17:23:07Z","EndTime":"2025-10-08T17:49:54Z","AmountPaid":1500,"OpenBy":"user","LockerCode":"D4"},{"ID":389,"LockerID":24,"Phone":"3178683129","PIN":"1014","Active":0,"StartTime":"2025-10-08T18:08:41Z","EndTime":"2025-10-08T18:55:47Z","AmountPaid":1500,"OpenBy":"user","LockerCode":"C4"},{"ID":390,"LockerID":10,"Phone":"3105192454","PIN":"1996","Active":0,"StartTime":"2025-10-08T18:25:06Z","EndTime":"2025-10-08T19:49:18Z","AmountPaid":1500,"OpenBy":"user","LockerCode":"A10"},{"ID":391,"LockerID":21,"Phone":"3045960585","PIN":"2123","Active":0,"StartTime":"2025-10-08T18:42:18Z","EndTime":"2025-10-08T20:20:04Z","AmountPaid":1500,"OpenBy":"user","LockerCode":"C1"},{"ID":392,"LockerID":4,"Phone":"3044605243","PIN":"1993","Active":0,"StartTime":"2025-10-08T20:25:36Z","EndTime":"2025-10-08T21:06:44Z","AmountPaid":1500,"OpenBy":"user","LockerCode":"A4"},{"ID":393,"LockerID":19,"Phone":"3505251097","PIN":"2212","Active":0,"StartTime":"2025-10-08T21:39:48Z","EndTime":"2025-10-09T00:34:02Z","AmountPaid":1500,"OpenBy":"user","LockerCode":"B9"},{"ID":394,"LockerID":17,"Phone":"3187128720","PIN":"2912","Active":0,"StartTime":"2025-10-08T22:11:52Z","EndTime":"2025-10-08T22:54:04Z","AmountPaid":1500,"OpenBy":"user","LockerCode":"B7"},{"ID":395,"LockerID":40,"Phone":"3107804399","PIN":"8707","Active":0,"StartTime":"2025-10-08T22:16:01Z","EndTime":"2025-10-09T00:24:58Z","AmountPaid":1500,"OpenBy":"user","LockerCode":"D10"},{"ID":396,"LockerID":3,"Phone":"3209889179","PIN":"0911","Active":0,"StartTime":"2025-10-08T22:26:43Z","EndTime":"2025-10-09T00:41:23Z","AmountPaid":1500,"OpenBy":"user","LockerCode":"A3"},{"ID":397,"LockerID":24,"Phone":"3142952062","PIN":"1205","Active":0,"StartTime":"2025-10-08T22:48:04Z","EndTime":"2025-10-08T23:54:04Z","AmountPaid":1500,"OpenBy":"user","LockerCode":"C4"},{"ID":398,"LockerID":47,"Phone":"3118775773","PIN":"3114","Active":0,"StartTime":"2025-10-08T23:23:55Z","EndTime":"2025-10-09T01:10:16Z","AmountPaid":1500,"OpenBy":"user","LockerCode":"E7"},{"ID":399,"LockerID":18,"Phone":"3229491133","PIN":"9702","Active":0,"StartTime":"2025-10-08T23:35:19Z","EndTime":"2025-10-09T01:41:08Z","AmountPaid":1500,"OpenBy":"user","LockerCode":"B8"},{"ID":400,"LockerID":41,"Phone":"3123175715","PIN":"6666","Active":0,"StartTime":"2025-10-09T00:37:25Z","EndTime":"2025-10-09T03:19:31Z","AmountPaid":1600,"OpenBy":"user","LockerCode":"E1"},{"ID":401,"LockerID":12,"Phone":"3053411152","PIN":"1510","Active":0,"StartTime":"2025-10-09T01:49:19Z","EndTime":"2025-10-09T04:32:11Z","AmountPaid":1500,"OpenBy":"user","LockerCode":"B2"},{"ID":402,"LockerID":13,"Phone":"3158888324","PIN":"2595","Active":0,"StartTime":"2025-10-09T10:34:52Z","EndTime":"2025-10-09T11:37:30Z","AmountPaid":1500,"OpenBy":"user","LockerCode":"B3"},{"ID":403,"LockerID":51,"Phone":"3204660728","PIN":"0707","Active":0,"StartTime":"2025-10-09T11:22:07Z","EndTime":"2025-10-09T13:06:25Z","AmountPaid":1500,"OpenBy":"user","LockerCode":"F1"},{"ID":404,"LockerID":1,"Phone":"3134392924","PIN":"2773","Active":0,"StartTime":"2025-10-09T11:40:15Z","EndTime":"2025-10-09T11:54:47Z","AmountPaid":1500,"OpenBy":"user","LockerCode":"A1"},{"ID":405,"LockerID":34,"Phone":"3112808315","PIN":"1606","Active":0,"StartTime":"2025-10-09T12:36:56Z","EndTime":"2025-10-09T17:43:43Z","AmountPaid":1500,"OpenBy":"user","LockerCode":"D4"},{"ID":406,"LockerID":3,"Phone":"3502829110","PIN":"8077","Active":0,"StartTime":"2025-10-09T13:02:18Z","EndTime":"2025-10-09T14:00:14Z","AmountPaid":1500,"OpenBy":"user","LockerCode":"A3"},{"ID":407,"LockerID":7,"Phone":"3229218384","PIN":"9403","Active":0,"StartTime":"2025-10-09T13:05:41Z","EndTime":"2025-10-10T00:12:42Z","AmountPaid":1500,"OpenBy":"user","LockerCode":"A7"},{"ID":408,"LockerID":39,"Phone":"3146010389","PIN":"5584","Active":0,"StartTime":"2025-10-09T13:56:26Z","EndTime":"2025-10-09T17:30:05Z","AmountPaid":1500,"OpenBy":"user","LockerCode":"D9"},{"ID":409,"LockerID":41,"Phone":"3102970976","PIN":"1930","Active":0,"StartTime":"2025-10-09T14:24:03Z","EndTime":"2025-10-09T17:04:22Z","AmountPaid":1500,"OpenBy":"user","LockerCode":"E1"},{"ID":410,"LockerID":31,"Phone":"3153618369","PIN":"1309","Active":0,"StartTime":"2025-10-09T15:15:09Z","EndTime":"2025-10-09T16:12:43Z","AmountPaid":1500,"OpenBy":"user","LockerCode":"D1"},{"ID":411,"LockerID":52,"Phone":"3502017032","PIN":"1976","Active":0,"StartTime":"2025-10-09T15:25:07Z","EndTime":"2025-10-09T16:35:29Z","AmountPaid":1500,"OpenBy":"user","LockerCode":"F2"},{"ID":412,"LockerID":16,"Phone":"3224055643","PIN":"1725","Active":0,"StartTime":"2025-10-09T16:35:09Z","EndTime":"2025-10-09T21:10:33Z","AmountPaid":1500,"OpenBy":"user","LockerCode":"B6"},{"ID":413,"LockerID":40,"Phone":"3118961221","PIN":"1226","Active":0,"StartTime":"2025-10-09T17:11:11Z","EndTime":"2025-10-09T17:44:35Z","AmountPaid":1500,"OpenBy":"user","LockerCode":"D10"},{"ID":414,"LockerID":31,"Phone":"3508569590","PIN":"0000","Active":0,"StartTime":"2025-10-09T17:58:10Z","EndTime":"2025-10-09T18:55:29Z","AmountPaid":1500,"OpenBy":"user","LockerCode":"D1"},{"ID":415,"LockerID":42,"Phone":"3016783916","PIN":"8059","Active":0,"StartTime":"2025-10-09T18:58:58Z","EndTime":"2025-10-09T21:19:23Z","AmountPaid":1500,"OpenBy":"user","LockerCode":"E2"},{"ID":416,"LockerID":52,"Phone":"3153329455","PIN":"6712","Active":0,"StartTime":"2025-10-09T19:48:45Z","EndTime":"2025-10-09T20:49:04Z","AmountPaid":1500,"OpenBy":"user","LockerCode":"F2"},{"ID":417,"LockerID":38,"Phone":"3142697104","PIN":"8117","Active":0,"StartTime":"2025-10-09T20:19:33Z","EndTime":"2025-10-09T22:13:42Z","AmountPaid":1500,"OpenBy":"user","LockerCode":"D8"},{"ID":418,"LockerID":10,"Phone":"3202624830","PIN":"9876","Active":0,"StartTime":"2025-10-09T21:26:02Z","EndTime":"2025-10-09T23:53:54Z","AmountPaid":1500,"OpenBy":"user","LockerCode":"A10"},{"ID":419,"LockerID":30,"Phone":"3108081077","PIN":"2311","Active":0,"StartTime":"2025-10-09T21:29:00Z","EndTime":"2025-10-10T00:43:22Z","AmountPaid":1500,"OpenBy":"user","LockerCode":"C10"},{"ID":420,"LockerID":9,"Phone":"3023672072","PIN":"2005","Active":0,"StartTime":"2025-10-09T21:30:06Z","EndTime":"2025-10-09T22:05:38Z","AmountPaid":1500,"OpenBy":"user","LockerCode":"A9"},{"ID":421,"LockerID":32,"Phone":"3229220818","PIN":"2005","Active":0,"StartTime":"2025-10-09T21:31:51Z","EndTime":"2025-10-09T22:06:01Z","AmountPaid":1500,"OpenBy":"user","LockerCode":"D2"},{"ID":422,"LockerID":53,"Phone":"3202700883","PIN":"1985","Active":0,"StartTime":"2025-10-09T22:28:53Z","EndTime":"2025-10-09T23:45:49Z","AmountPaid":1500,"OpenBy":"user","LockerCode":"F3"},{"ID":423,"LockerID":59,"Phone":"3177778083","PIN":"0615","Active":0,"StartTime":"2025-10-09T22:41:25Z","EndTime":"2025-10-10T01:07:03Z","AmountPaid":1500,"OpenBy":"user","LockerCode":"F9"},{"ID":424,"LockerID":8,"Phone":"3229491133","PIN":"9702","Active":0,"StartTime":"2025-10-09T23:30:24Z","EndTime":"2025-10-10T02:11:25Z","AmountPaid":1500,"OpenBy":"user","LockerCode":"A8"},{"ID":425,"LockerID":31,"Phone":"3213662126","PIN":"2005","Active":0,"StartTime":"2025-10-09T23:47:20Z","EndTime":"2025-10-10T02:36:39Z","AmountPaid":1500,"OpenBy":"user","LockerCode":"D1"},{"ID":426,"LockerID":22,"Phone":"3204673055","PIN":"1379","Active":0,"StartTime":"2025-10-09T23:57:24Z","EndTime":"2025-10-10T02:04:59Z","AmountPaid":1500,"OpenBy":"user","LockerCode":"C2"},{"ID":427,"LockerID":4,"Phone":"3219496216","PIN":"0001","Active":0,"StartTime":"2025-10-09T23:59:08Z","EndTime":"2025-10-10T02:05:16Z","AmountPaid":1500,"OpenBy":"user","LockerCode":"A4"},{"ID":428,"LockerID":29,"Phone":"3134141034","PIN":"0001","Active":0,"StartTime":"2025-10-10T00:02:09Z","EndTime":"2025-10-10T02:04:42Z","AmountPaid":1500,"OpenBy":"user","LockerCode":"C9"},{"ID":429,"LockerID":24,"Phone":"3162110115","PIN":"3162","Active":0,"StartTime":"2025-10-10T00:03:08Z","EndTime":"2025-10-10T00:36:39Z","AmountPaid":1500,"OpenBy":"user","LockerCode":"C4"},{"ID":430,"LockerID":33,"Phone":"3158749539","PIN":"2006","Active":0,"StartTime":"2025-10-10T10:57:34Z","EndTime":"2025-10-10T14:22:06Z","AmountPaid":1500,"OpenBy":"user","LockerCode":"D3"},{"ID":431,"LockerID":22,"Phone":"3132855617","PIN":"1321","Active":0,"StartTime":"2025-10-10T12:04:08Z","EndTime":"2025-10-10T14:01:06Z","AmountPaid":1500,"OpenBy":"user","LockerCode":"C2"},{"ID":432,"LockerID":16,"Phone":"3102088445","PIN":"3457","Active":0,"StartTime":"2025-10-10T12:28:32Z","EndTime":"2025-10-10T14:02:54Z","AmountPaid":1500,"OpenBy":"user","LockerCode":"B6"},{"ID":433,"LockerID":36,"Phone":"3232762616","PIN":"8608","Active":0,"StartTime":"2025-10-10T12:41:35Z","EndTime":"2025-10-10T16:15:08Z","AmountPaid":1500,"OpenBy":"user","LockerCode":"D6"},{"ID":434,"LockerID":31,"Phone":"3044605243","PIN":"1993","Active":0,"StartTime":"2025-10-10T12:57:33Z","EndTime":"2025-10-10T13:54:03Z","AmountPaid":1500,"OpenBy":"user","LockerCode":"D1"},{"ID":435,"LockerID":10,"Phone":"3005971888","PIN":"1526","Active":0,"StartTime":"2025-10-10T15:13:23Z","EndTime":"2025-10-10T16:20:02Z","AmountPaid":1500,"OpenBy":"user","LockerCode":"A10"},{"ID":436,"LockerID":4,"Phone":"3155535412","PIN":"8031","Active":0,"StartTime":"2025-10-10T15:34:56Z","EndTime":"2025-10-10T16:21:50Z","AmountPaid":1500,"OpenBy":"local","LockerCode":"A4"},{"ID":437,"LockerID":38,"Phone":"3103345271","PIN":"9106","Active":0,"StartTime":"2025-10-10T15:36:52Z","EndTime":"2025-10-10T15:36:53Z","AmountPaid":1500,"OpenBy":"error","LockerCode":"D8"},{"ID":438,"LockerID":18,"Phone":"3103345271","PIN":"9106","Active":0,"StartTime":"2025-10-10T15:36:54Z","EndTime":"2025-10-10T15:36:55Z","AmountPaid":1500,"OpenBy":"error","LockerCode":"B8"},{"ID":439,"LockerID":13,"Phone":"3103345271","PIN":"9106","Active":0,"StartTime":"2025-10-10T15:36:56Z","EndTime":"2025-10-10T15:36:57Z","AmountPaid":1500,"OpenBy":"error","LockerCode":"B3"},{"ID":440,"LockerID":57,"Phone":"3103345271","PIN":"9106","Active":0,"StartTime":"2025-10-10T15:36:58Z","EndTime":"2025-10-10T15:36:59Z","AmountPaid":1500,"OpenBy":"error","LockerCode":"F7"},{"ID":441,"LockerID":14,"Phone":"3103345271","PIN":"9106","Active":0,"StartTime":"2025-10-10T15:37:00Z","EndTime":"2025-10-10T15:37:01Z","AmountPaid":1500,"OpenBy":"error","LockerCode":"B4"},{"ID":442,"LockerID":47,"Phone":"3103345271","PIN":"9106","Active":0,"StartTime":"2025-10-10T15:37:09Z","EndTime":"2025-10-10T15:37:10Z","AmountPaid":1500,"OpenBy":"error","LockerCode":"E7"},{"ID":443,"LockerID":2,"Phone":"3103345271","PIN":"9106","Active":0,"StartTime":"2025-10-10T15:37:11Z","EndTime":"2025-10-10T15:37:12Z","AmountPaid":1500,"OpenBy":"error","LockerCode":"A2"},{"ID":444,"LockerID":31,"Phone":"3103345271","PIN":"9106","Active":0,"StartTime":"2025-10-10T15:37:13Z","EndTime":"2025-10-10T15:37:14Z","AmountPaid":1500,"OpenBy":"error","LockerCode":"D1"},{"ID":445,"LockerID":34,"Phone":"3103345271","PIN":"9106","Active":0,"StartTime":"2025-10-10T15:37:15Z","EndTime":"2025-10-10T15:37:16Z","AmountPaid":1500,"OpenBy":"error","LockerCode":"D4"},{"ID":446,"LockerID":54,"Phone":"3103345271","PIN":"9106","Active":0,"StartTime":"2025-10-10T15:37:17Z","EndTime":"2025-10-10T15:37:18Z","AmountPaid":1500,"OpenBy":"error","LockerCode":"F4"},{"ID":447,"LockerID":53,"Phone":"3103345271","PIN":"9106","Active":0,"StartTime":"2025-10-10T15:37:33Z","EndTime":"2025-10-10T15:37:34Z","AmountPaid":1500,"OpenBy":"error","LockerCode":"F3"},{"ID":448,"LockerID":59,"Phone":"3103345271","PIN":"9106","Active":0,"StartTime":"2025-10-10T15:37:35Z","EndTime":"2025-10-10T15:37:36Z","AmountPaid":1500,"OpenBy":"error","LockerCode":"F9"},{"ID":449,"LockerID":30,"Phone":"3103345271","PIN":"9106","Active":0,"StartTime":"2025-10-10T15:37:37Z","EndTime":"2025-10-10T15:37:38Z","AmountPaid":1500,"OpenBy":"error","LockerCode":"C10"},{"ID":450,"LockerID":3,"Phone":"3103345271","PIN":"9106","Active":0,"StartTime":"2025-10-10T15:37:39Z","EndTime":"2025-10-10T15:37:40Z","AmountPaid":1500,"OpenBy":"error","LockerCode":"A3"},{"ID":451,"LockerID":28,"Phone":"3103345271","PIN":"9106","Active":0,"StartTime":"2025-10-10T15:37:41Z","EndTime":"2025-10-10T15:37:42Z","AmountPaid":1500,"OpenBy":"error","LockerCode":"C8"},{"ID":452,"LockerID":27,"Phone":"3103345271","PIN":"9106","Active":0,"StartTime":"2025-10-10T15:37:47Z","EndTime":"2025-10-10T15:37:48Z","AmountPaid":1500,"OpenBy":"error","LockerCode":"C7"},{"ID":453,"LockerID":23,"Phone":"3103345271","PIN":"9106","Active":0,"StartTime":"2025-10-10T15:37:49Z","EndTime":"2025-10-10T15:37:50Z","AmountPaid":1500,"OpenBy":"error","LockerCode":"C3"},{"ID":454,"LockerID":39,"Phone":"3103345271","PIN":"9106","Active":0,"StartTime":"2025-10-10T15:37:51Z","EndTime":"2025-10-10T15:37:52Z","AmountPaid":1500,"OpenBy":"error","LockerCode":"D9"},{"ID":455,"LockerID":52,"Phone":"3103345271","PIN":"9106","Active":0,"StartTime":"2025-10-10T15:37:53Z","EndTime":"2025-10-10T15:37:54Z","AmountPaid":1500,"OpenBy":"error","LockerCode":"F2"},{"ID":456,"LockerID":26,"Phone":"3103345271","PIN":"9106","Active":0,"StartTime":"2025-10-10T15:37:55Z","EndTime":"2025-10-10T15:37:56Z","AmountPaid":1500,"OpenBy":"error","LockerCode":"C6"},{"ID":457,"LockerID":3,"Phone":"3025418438","PIN":"8008","Active":0,"StartTime":"2025-10-10T17:07:56Z","EndTime":"2025-10-10T18:45:53Z","AmountPaid":1500,"OpenBy":"user","LockerCode":"A3"},{"ID":458,"LockerID":53,"Phone":"3124316027","PIN":"2315","Active":0,"StartTime":"2025-10-10T19:15:09Z","EndTime":"2025-10-11T02:36:01Z","AmountPaid":1500,"OpenBy":"user","LockerCode":"F3"},{"ID":459,"LockerID":41,"Phone":"3057194149","PIN":"9809","Active":0,"StartTime":"2025-10-10T20:25:00Z","EndTime":"2025-10-10T23:35:15Z","AmountPaid":1500,"OpenBy":"user","LockerCode":"E1"},{"ID":460,"LockerID":20,"Phone":"3057364102","PIN":"9812","Active":0,"StartTime":"2025-10-10T20:25:47Z","EndTime":"2025-10-10T23:59:36Z","AmountPaid":1500,"OpenBy":"user","LockerCode":"B10"},{"ID":461,"LockerID":26,"Phone":"3208128478","PIN":"0211","Active":0,"StartTime":"2025-10-10T21:06:44Z","EndTime":"2025-10-10T22:36:00Z","AmountPaid":1500,"OpenBy":"user","LockerCode":"C6"},{"ID":462,"LockerID":21,"Phone":"3213808665","PIN":"0630","Active":0,"StartTime":"2025-10-10T21:10:01Z","EndTime":"2025-10-10T23:25:39Z","AmountPaid":1500,"OpenBy":"user","LockerCode":"C1"},{"ID":463,"LockerID":15,"Phone":"3135937752","PIN":"5248","Active":0,"StartTime":"2025-10-10T22:14:34Z","EndTime":"2025-10-10T22:51:53Z","AmountPaid":1600,"OpenBy":"user","LockerCode":"B5"},{"ID":464,"LockerID":40,"Phone":"3008804825","PIN":"1022","Active":0,"StartTime":"2025-10-10T22:40:51Z","EndTime":"2025-10-10T23:26:00Z","AmountPaid":1500,"OpenBy":"user","LockerCode":"D10"},{"ID":465,"LockerID":10,"Phone":"3105757513","PIN":"0823","Active":0,"StartTime":"2025-10-10T22:54:40Z","EndTime":"2025-10-10T23:46:44Z","AmountPaid":1500,"OpenBy":"user","LockerCode":"A10"},{"ID":466,"LockerID":28,"Phone":"3212591197","PIN":"1905","Active":0,"StartTime":"2025-10-11T00:08:00Z","EndTime":"2025-10-11T00:57:47Z","AmountPaid":1500,"OpenBy":"user","LockerCode":"C8"},{"ID":467,"LockerID":46,"Phone":"3124807989","PIN":"1004","Active":0,"StartTime":"2025-10-11T00:19:47Z","EndTime":"2025-10-11T00:59:56Z","AmountPaid":1500,"OpenBy":"user","LockerCode":"E6"},{"ID":468,"LockerID":27,"Phone":"3202019312","PIN":"1234","Active":0,"StartTime":"2025-10-12T16:14:50Z","EndTime":"2025-10-12T16:16:32Z","AmountPaid":1500,"OpenBy":"user","LockerCode":"C7"},{"ID":469,"LockerID":42,"Phone":"3103192771","PIN":"0000","Active":0,"StartTime":"2025-10-12T16:15:28Z","EndTime":"2025-10-12T16:15:58Z","AmountPaid":1500,"OpenBy":"user","LockerCode":"E2"},{"ID":470,"LockerID":33,"Phone":"3134800188","PIN":"2403","Active":0,"StartTime":"2025-10-12T20:53:27Z","EndTime":"2025-10-12T23:07:27Z","AmountPaid":1500,"OpenBy":"user","LockerCode":"D3"},{"ID":471,"LockerID":13,"Phone":"3213582446","PIN":"7298","Active":0,"StartTime":"2025-10-12T20:54:38Z","EndTime":"2025-10-12T23:07:11Z","AmountPaid":1500,"OpenBy":"user","LockerCode":"B3"},{"ID":472,"LockerID":6,"Phone":"3118483571","PIN":"0852","Active":0,"StartTime":"2025-10-12T23:01:15Z","EndTime":"2025-10-13T00:33:19Z","AmountPaid":1500,"OpenBy":"user","LockerCode":"A6"},{"ID":473,"LockerID":34,"Phone":"3166854291","PIN":"1915","Active":0,"StartTime":"2025-10-13T17:06:53Z","EndTime":"2025-10-13T20:15:33Z","AmountPaid":1500,"OpenBy":"user","LockerCode":"D4"},{"ID":474,"LockerID":41,"Phone":"3155892023","PIN":"0810","Active":0,"StartTime":"2025-10-13T17:07:38Z","EndTime":"2025-10-13T18:39:57Z","AmountPaid":1500,"OpenBy":"user","LockerCode":"E1"},{"ID":475,"LockerID":36,"Phone":"3228730338","PIN":"9603","Active":0,"StartTime":"2025-10-13T17:51:01Z","EndTime":"2025-10-13T18:22:54Z","AmountPaid":1500,"OpenBy":"user","LockerCode":"D6"},{"ID":476,"LockerID":50,"Phone":"3228730338","PIN":"9603","Active":0,"StartTime":"2025-10-13T18:59:39Z","EndTime":"2025-10-13T21:31:37Z","AmountPaid":1600,"OpenBy":"user","LockerCode":"E10"},{"ID":477,"LockerID":16,"Phone":"3115760512","PIN":"2510","Active":0,"StartTime":"2025-10-13T20:06:54Z","EndTime":"2025-10-13T23:24:54Z","AmountPaid":1500,"OpenBy":"user","LockerCode":"B6"},{"ID":478,"LockerID":36,"Phone":"3022173223","PIN":"1234","Active":0,"StartTime":"2025-10-13T20:29:38Z","EndTime":"2025-10-14T00:01:42Z","AmountPaid":1500,"OpenBy":"user","LockerCode":"D6"},{"ID":479,"LockerID":53,"Phone":"3203512515","PIN":"1234","Active":0,"StartTime":"2025-10-13T20:56:57Z","EndTime":"2025-10-14T02:06:20Z","AmountPaid":1500,"OpenBy":"user","LockerCode":"F3"},{"ID":480,"LockerID":45,"Phone":"3202350122","PIN":"1234","Active":0,"StartTime":"2025-10-13T20:57:41Z","EndTime":"2025-10-14T02:05:57Z","AmountPaid":1500,"OpenBy":"user","LockerCode":"E5"},{"ID":481,"LockerID":9,"Phone":"3013890490","PIN":"2006","Active":0,"StartTime":"2025-10-13T20:59:21Z","EndTime":"2025-10-14T02:06:40Z","AmountPaid":1500,"OpenBy":"user","LockerCode":"A9"},{"ID":482,"LockerID":5,"Phone":"3175416534","PIN":"1644","Active":0,"StartTime":"2025-10-13T22:42:29Z","EndTime":"2025-10-14T00:29:34Z","AmountPaid":1500,"OpenBy":"user","LockerCode":"A5"},{"ID":483,"LockerID":21,"Phone":"3195417135","PIN":"1234","Active":0,"StartTime":"2025-10-13T22:53:24Z","EndTime":"2025-10-14T01:33:36Z","AmountPaid":1500,"OpenBy":"user","LockerCode":"C1"},{"ID":484,"LockerID":13,"Phone":"3027075169","PIN":"1273","Active":0,"StartTime":"2025-10-14T10:28:07Z","EndTime":"2025-10-14T12:55:32Z","AmountPaid":1500,"OpenBy":"user","LockerCode":"B3"},{"ID":485,"LockerID":19,"Phone":"3168668414","PIN":"5420","Active":0,"StartTime":"2025-10-14T11:06:22Z","EndTime":"2025-10-14T11:50:05Z","AmountPaid":1500,"OpenBy":"user","LockerCode":"B9"},{"ID":486,"LockerID":56,"Phone":"3167470347","PIN":"1981","Active":0,"StartTime":"2025-10-14T11:17:47Z","EndTime":"2025-10-14T11:17:47Z","AmountPaid":1500,"OpenBy":"error","LockerCode":"F6"},{"ID":487,"LockerID":42,"Phone":"3167470347","PIN":"1981","Active":0,"StartTime":"2025-10-14T11:17:48Z","EndTime":"2025-10-14T12:53:34Z","AmountPaid":1500,"OpenBy":"user","LockerCode":"E2"},{"ID":488,"LockerID":43,"Phone":"3158888324","PIN":"2595","Active":0,"StartTime":"2025-10-14T12:06:43Z","EndTime":"2025-10-14T13:50:32Z","AmountPaid":1500,"OpenBy":"user","LockerCode":"E3"},{"ID":489,"LockerID":7,"Phone":"3112808315","PIN":"1606","Active":0,"StartTime":"2025-10-14T12:58:04Z","EndTime":"2025-10-14T21:03:17Z","AmountPaid":1500,"OpenBy":"user","LockerCode":"A7"},{"ID":490,"LockerID":51,"Phone":"3228086204","PIN":"2526","Active":0,"StartTime":"2025-10-14T14:35:38Z","EndTime":"2025-10-14T16:22:54Z","AmountPaid":1500,"OpenBy":"user","LockerCode":"F1"},{"ID":491,"LockerID":52,"Phone":"3143781848","PIN":"4127","Active":0,"StartTime":"2025-10-14T18:33:46Z","EndTime":"2025-10-14T18:52:27Z","AmountPaid":1500,"OpenBy":"user","LockerCode":"F2"},{"ID":492,"LockerID":5,"Phone":"3024785516","PIN":"2294","Active":0,"StartTime":"2025-10-14T19:23:09Z","EndTime":"2025-10-14T19:46:17Z","AmountPaid":1500,"OpenBy":"user","LockerCode":"A5"},{"ID":493,"LockerID":36,"Phone":"3127900825","PIN":"1526","Active":0,"StartTime":"2025-10-14T21:00:21Z","EndTime":"2025-10-14T21:32:00Z","AmountPaid":1500,"OpenBy":"user","LockerCode":"D6"},{"ID":494,"LockerID":50,"Phone":"3122694144","PIN":"2805","Active":0,"StartTime":"2025-10-14T22:26:59Z","EndTime":"2025-10-15T00:59:18Z","AmountPaid":2000,"OpenBy":"user","LockerCode":"E10"},{"ID":495,"LockerID":43,"Phone":"3222487276","PIN":"1234","Active":0,"StartTime":"2025-10-14T22:31:36Z","EndTime":"2025-10-14T23:07:42Z","AmountPaid":1500,"OpenBy":"user","LockerCode":"E3"},{"ID":496,"LockerID":2,"Phone":"3153618369","PIN":"1309","Active":0,"StartTime":"2025-10-14T22:32:13Z","EndTime":"2025-10-14T23:30:24Z","AmountPaid":1500,"OpenBy":"user","LockerCode":"A2"},{"ID":497,"LockerID":57,"Phone":"3229491133","PIN":"9702","Active":0,"StartTime":"2025-10-15T00:30:05Z","EndTime":"2025-10-15T02:22:09Z","AmountPaid":1500,"OpenBy":"user","LockerCode":"F7"},{"ID":498,"LockerID":7,"Phone":"3229514558","PIN":"0000","Active":0,"StartTime":"2025-10-15T21:42:02Z","EndTime":"2025-10-15T21:42:24Z","AmountPaid":1500,"OpenBy":"user","LockerCode":"A7"},{"ID":499,"LockerID":43,"Phone":"3057844648","PIN":"0418","Active":0,"StartTime":"2025-10-15T22:17:11Z","EndTime":"2025-10-15T23:22:15Z","AmountPaid":1700,"OpenBy":"user","LockerCode":"E3"},{"ID":500,"LockerID":14,"Phone":"3107982218","PIN":"1986","Active":0,"StartTime":"2025-10-16T01:57:25Z","EndTime":"2025-10-16T03:49:40Z","AmountPaid":1500,"OpenBy":"user","LockerCode":"B4"},{"ID":501,"LockerID":57,"Phone":"3012822842","PIN":"3581","Active":0,"StartTime":"2025-10-16T11:00:43Z","EndTime":"2025-10-16T11:53:00Z","AmountPaid":1500,"OpenBy":"user","LockerCode":"F7"},{"ID":502,"LockerID":24,"Phone":"3027921913","PIN":"1626","Active":0,"StartTime":"2025-10-16T12:09:07Z","EndTime":"2025-10-16T13:32:42Z","AmountPaid":1500,"OpenBy":"user","LockerCode":"C4"},{"ID":503,"LockerID":43,"Phone":"3115839699","PIN":"1805","Active":0,"StartTime":"2025-10-16T13:55:14Z","EndTime":"2025-10-16T14:30:17Z","AmountPaid":1500,"OpenBy":"user","LockerCode":"E3"},{"ID":504,"LockerID":24,"Phone":"3214176403","PIN":"2004","Active":0,"StartTime":"2025-10-16T14:03:33Z","EndTime":"2025-10-16T15:07:39Z","AmountPaid":1500,"OpenBy":"user","LockerCode":"C4"},{"ID":505,"LockerID":23,"Phone":"3057844648","PIN":"0418","Active":0,"StartTime":"2025-10-16T14:59:10Z","EndTime":"2025-10-16T15:32:56Z","AmountPaid":1500,"OpenBy":"user","LockerCode":"C3"},{"ID":506,"LockerID":29,"Phone":"3114943975","PIN":"1389","Active":0,"StartTime":"2025-10-16T15:28:09Z","EndTime":"2025-10-16T17:47:25Z","AmountPaid":1500,"OpenBy":"user","LockerCode":"C9"},{"ID":507,"LockerID":25,"Phone":"3028325452","PIN":"2425","Active":0,"StartTime":"2025-10-16T15:41:17Z","EndTime":"2025-10-16T16:57:39Z","AmountPaid":1500,"OpenBy":"user","LockerCode":"C5"},{"ID":508,"LockerID":47,"Phone":"3057083352","PIN":"5555","Active":0,"StartTime":"2025-10-16T16:21:36Z","EndTime":"2025-10-16T16:49:52Z","AmountPaid":1500,"OpenBy":"user","LockerCode":"E7"},{"ID":509,"LockerID":60,"Phone":"3008902690","PIN":"1310","Active":0,"StartTime":"2025-10-16T18:19:45Z","EndTime":"2025-10-16T18:50:57Z","AmountPaid":1500,"OpenBy":"user","LockerCode":"F10"},{"ID":510,"LockerID":16,"Phone":"3185398593","PIN":"6400","Active":0,"StartTime":"2025-10-16T20:29:11Z","EndTime":"2025-10-16T21:27:02Z","AmountPaid":1500,"OpenBy":"user","LockerCode":"B6"},{"ID":511,"LockerID":42,"Phone":"3152002930","PIN":"1822","Active":0,"StartTime":"2025-10-16T21:13:49Z","EndTime":"2025-10-16T22:52:55Z","AmountPaid":1500,"OpenBy":"user","LockerCode":"E2"},{"ID":512,"LockerID":20,"Phone":"3227214486","PIN":"0803","Active":1,"StartTime":"2025-10-16T22:36:35Z","EndTime":null,"AmountPaid":2000,"OpenBy":"user","LockerCode":"B10"},{"ID":513,"LockerID":14,"Phone":"3025473287","PIN":"0803","Active":1,"StartTime":"2025-10-16T22:37:47Z","EndTime":null,"AmountPaid":1500,"OpenBy":"user","LockerCode":"B4"},{"ID":514,"LockerID":31,"Phone":"3212258405","PIN":"9904","Active":1,"StartTime":"2025-10-16T22:43:42Z","EndTime":null,"AmountPaid":1500,"OpenBy":"user","LockerCode":"D1"},{"ID":515,"LockerID":54,"Phone":"3125478000","PIN":"0000","Active":1,"StartTime":"2025-10-17T05:07:31Z","EndTime":null,"AmountPaid":0,"OpenBy":"user","LockerCode":"F4"},{"ID":516,"LockerID":23,"Phone":"3103192771","PIN":"0000","Active":0,"StartTime":"2025-10-17T05:09:08Z","EndTime":"2025-10-17T05:09:19Z","AmountPaid":0,"OpenBy":"user","LockerCode":"C3"},{"ID":517,"LockerID":57,"Phone":"3103192771","PIN":"0000","Active":0,"StartTime":"2025-10-17T05:10:55Z","EndTime":"2025-10-17T05:11:17Z","AmountPaid":0,"OpenBy":"user","LockerCode":"F7"}]
[2025-10-21 20:23:30] [INFO] [main] [TableReportTableLockers] Reporte enviado con éxito
[2025-10-21 20:23:35] [INFO] [main] [app] Scheduler diario habilitado: false | usuario config: operador | usuario actual: administrador
[2025-10-21 20:23:35] [INFO] [main] [app] Scheduler semanal habilitado: false | usuario config: operador | usuario actual: administrador
[2025-10-21 20:23:35] [INFO] [main] [app] Scheduler mensual habilitado: false | usuario config: operador | usuario actual: administrador
[2025-10-21 20:23:35] [INFO] [main] [app] Scheduler diario habilitado: false | usuario config: operador | usuario actual: administrador
[2025-10-21 20:23:35] [INFO] [main] [app] Scheduler semanal habilitado: false | usuario config: operador | usuario actual: administrador
[2025-10-21 20:23:35] [INFO] [main] [app] Scheduler mensual habilitado: false | usuario config: operador | usuario actual: administrador
[2025-10-21 20:23:35] [INFO] [main] [app] Componente App montado
[2025-10-21 20:23:35] [INFO] [main] [app] Versión cargada: 1.1.0
[2025-10-21 20:23:35] [INFO] [main] [useConfig] Configuración inicial obtenida
[2025-10-21 20:23:35] [INFO] [main] [useConfig] Configuración inicial obtenida
[2025-10-21 20:23:46] [INFO] [main] [Login] Cierre de sesión para usuario: administrador
[2025-10-21 20:23:46] [INFO] [main] [app] Scheduler diario habilitado: false | usuario config: operador | usuario actual: administrador
[2025-10-21 20:23:46] [INFO] [main] [app] Scheduler semanal habilitado: false | usuario config: operador | usuario actual: administrador
[2025-10-21 20:23:46] [INFO] [main] [app] Scheduler mensual habilitado: false | usuario config: operador | usuario actual: administrador
[2025-10-21 20:23:46] [INFO] [main] [app] Scheduler diario habilitado: false | usuario config: operador | usuario actual: administrador
[2025-10-21 20:23:46] [INFO] [main] [app] Scheduler semanal habilitado: false | usuario config: operador | usuario actual: administrador
[2025-10-21 20:23:46] [INFO] [main] [app] Scheduler mensual habilitado: false | usuario config: operador | usuario actual: administrador
[2025-10-21 20:23:46] [INFO] [main] [app] Componente App montado
[2025-10-21 20:23:46] [INFO] [main] [app] Versión cargada: 1.1.0
[2025-10-21 20:24:03] [INFO] [main] [Login] Inicio de sesión exitoso para usuario: operador
[2025-10-21 20:24:03] [INFO] [main] Creando ventana principal...
[2025-10-21 20:24:03] [INFO] [main] Cargando URL: http://localhost:5173
[2025-10-21 20:24:03] [INFO] [setupWatcher] Observando: C:\Users\User\Documents\Personal\LockeritDesk\configFiles\setup_config.json
[2025-10-21 20:24:03] [INFO] [authWatcher] Observando: C:\Users\User\Documents\Personal\LockeritDesk\configFiles\auth_key.json
[2025-10-21 20:24:03] [INFO] [loggerWatcher] Observando: C:\Users\User\Documents\Personal\LockeritDesk\configFiles\logger_config.json
[2025-10-21 20:24:03] [INFO] [envWatcher] Observando: C:\Users\User\Documents\Personal\LockeritDesk\configFiles\.env
[2025-10-21 20:24:03] [INFO] [main] [app] Scheduler diario habilitado: true | usuario config: operador | usuario actual: operador
[2025-10-21 20:24:03] [INFO] [main] [app] Scheduler semanal habilitado: true | usuario config: operador | usuario actual: operador
[2025-10-21 20:24:03] [INFO] [main] [app] Scheduler mensual habilitado: true | usuario config: operador | usuario actual: operador
[2025-10-21 20:24:03] [INFO] [main] [app] Scheduler diario habilitado: true | usuario config: operador | usuario actual: operador
[2025-10-21 20:24:03] [INFO] [main] [app] Scheduler semanal habilitado: true | usuario config: operador | usuario actual: operador
[2025-10-21 20:24:03] [INFO] [main] [app] Scheduler mensual habilitado: true | usuario config: operador | usuario actual: operador
[2025-10-21 20:24:03] [INFO] [main] [Login] Usuario autenticado en sesión principal, redirigiendo a /ppal
[2025-10-21 20:24:03] [INFO] [main] [app] Componente App montado
[2025-10-21 20:24:03] [INFO] [main] [app] Versión cargada: 1.1.0
[2025-10-21 20:24:03] [INFO] [main] [scheduleReport] Ejecutando tarea programada [daily] con rango: 2025-10-20 → 2025-10-20
[2025-10-21 20:24:03] [INFO] [main] [app] Generando payload en modo [local]
[2025-10-21 20:24:03] [INFO] [main] [app] Payload generado: {"startDate":"2025-10-20 05:00:00","endDate":"2025-10-21 04:59:59","sendEmail":true}
[2025-10-21 20:24:03] [INFO] [main] [reportLockers] Iniciando petición para obtener el reporte de casilleros
[2025-10-21 20:24:03] [INFO] [main] [reportLockers] Timeout efectivo en ejecución: 30000
[2025-10-21 20:24:03] [INFO] [main] [reportLockers] Intento 1: HOST -> http://localhost:8080
[2025-10-21 20:24:03] [INFO] [main] [reportLockers] Intento 1: URL -> /api/lockers/report
[2025-10-21 20:24:03] [INFO] [main] [reportLockers] Intento 1: Request -> {"startDate":"2025-10-20 05:00:00","endDate":"2025-10-21 04:59:59","sendEmail":true}
[2025-10-21 20:24:03] [INFO] [main] [scheduleReport] Ejecutando tarea programada [weekly] con rango: 2025-10-13 → 2025-10-19
[2025-10-21 20:24:03] [INFO] [main] [app] Generando payload en modo [local]
[2025-10-21 20:24:03] [INFO] [main] [app] Payload generado: {"startDate":"2025-10-13 05:00:00","endDate":"2025-10-20 04:59:59","sendEmail":true}
[2025-10-21 20:24:03] [INFO] [main] [reportLockers] Iniciando petición para obtener el reporte de casilleros
[2025-10-21 20:24:03] [INFO] [main] [reportLockers] Timeout efectivo en ejecución: 30000
[2025-10-21 20:24:03] [INFO] [main] [reportLockers] Intento 1: HOST -> http://localhost:8080
[2025-10-21 20:24:03] [INFO] [main] [reportLockers] Intento 1: URL -> /api/lockers/report
[2025-10-21 20:24:03] [INFO] [main] [reportLockers] Intento 1: Request -> {"startDate":"2025-10-13 05:00:00","endDate":"2025-10-20 04:59:59","sendEmail":true}
[2025-10-21 20:24:03] [INFO] [main] [scheduleReport] Ejecutando tarea programada [monthly] con rango: 2025-09-01 → 2025-09-30
[2025-10-21 20:24:03] [INFO] [main] [app] Generando payload en modo [local]
[2025-10-21 20:24:03] [INFO] [main] [app] Payload generado: {"startDate":"2025-09-01 05:00:00","endDate":"2025-10-01 04:59:59","sendEmail":true}
[2025-10-21 20:24:03] [INFO] [main] [reportLockers] Iniciando petición para obtener el reporte de casilleros
[2025-10-21 20:24:03] [INFO] [main] [reportLockers] Timeout efectivo en ejecución: 30000
[2025-10-21 20:24:03] [INFO] [main] [reportLockers] Intento 1: HOST -> http://localhost:8080
[2025-10-21 20:24:03] [INFO] [main] [reportLockers] Intento 1: URL -> /api/lockers/report
[2025-10-21 20:24:03] [INFO] [main] [reportLockers] Intento 1: Request -> {"startDate":"2025-09-01 05:00:00","endDate":"2025-10-01 04:59:59","sendEmail":true}
[2025-10-21 20:24:03] [INFO] [main] [app] Scheduler diario habilitado: true | usuario config: operador | usuario actual: operador
[2025-10-21 20:24:03] [INFO] [main] [app] Scheduler semanal habilitado: true | usuario config: operador | usuario actual: operador
[2025-10-21 20:24:03] [INFO] [main] [app] Scheduler mensual habilitado: true | usuario config: operador | usuario actual: operador
[2025-10-21 20:24:03] [INFO] [main] [app] Scheduler diario habilitado: true | usuario config: operador | usuario actual: operador
[2025-10-21 20:24:03] [INFO] [main] [app] Scheduler semanal habilitado: true | usuario config: operador | usuario actual: operador
[2025-10-21 20:24:03] [INFO] [main] [app] Scheduler mensual habilitado: true | usuario config: operador | usuario actual: operador
[2025-10-21 20:24:03] [INFO] [main] [axiosConfig] API BaseURL Inicial: http://localhost:8080
[2025-10-21 20:24:03] [INFO] [main] [axiosConfig] API BaseTimeout Inicial: 30
[2025-10-21 20:24:03] [INFO] [main] [configStore] Configuración actualizada
[2025-10-21 20:24:03] [INFO] [main] [configStore] config_key.json inicial cargado exitosamente
[2025-10-21 20:24:03] [INFO] [main] [envStore] ENV inicial cargado correctamente
[2025-10-21 20:24:03] [INFO] [main] [envStore] ENV actualizado
[2025-10-21 20:24:03] [INFO] [main] [axiosConfig] API BaseTimeout actualizada dinámicamente: 30
[2025-10-21 20:24:03] [INFO] [main] [assignLocker] API BaseTimeout actualizada dinámicamente: 30
[2025-10-21 20:24:03] [INFO] [main] [authStore] Auth actualizado
[2025-10-21 20:24:03] [INFO] [main] [authStore] auth_key.json inicial cargado exitosamente
[2025-10-21 20:24:04] [INFO] [main] get-screen-data-once -> 1920x1032 factor=0.96
[2025-10-21 20:24:04] [INFO] [main] [app] Scheduler diario habilitado: false | usuario config: undefined | usuario actual: operador
[2025-10-21 20:24:04] [INFO] [main] [app] Scheduler semanal habilitado: false | usuario config: undefined | usuario actual: operador
[2025-10-21 20:24:04] [INFO] [main] [app] Scheduler mensual habilitado: false | usuario config: undefined | usuario actual: operador
[2025-10-21 20:24:04] [INFO] [main] [app] Scheduler diario habilitado: false | usuario config: undefined | usuario actual: operador
[2025-10-21 20:24:04] [INFO] [main] [app] Scheduler semanal habilitado: false | usuario config: undefined | usuario actual: operador
[2025-10-21 20:24:04] [INFO] [main] [app] Scheduler mensual habilitado: false | usuario config: undefined | usuario actual: operador
[2025-10-21 20:24:04] [INFO] [main] [Login] Usuario autenticado en sesión principal, redirigiendo a /ppal
[2025-10-21 20:24:04] [INFO] [main] [Copyright] Versión cargada: 1.1.0
[2025-10-21 20:24:04] [INFO] [main] [app] Componente App montado
[2025-10-21 20:24:04] [INFO] [main] [app] Versión cargada: 1.1.0
[2025-10-21 20:24:04] [INFO] [main] [Copyright] Versión cargada: 1.1.0
[2025-10-21 20:24:04] [INFO] [main] [app] Componente App montado
[2025-10-21 20:24:04] [INFO] [main] [app] Versión cargada: 1.1.0
[2025-10-21 20:24:04] [INFO] [main] [app] Scheduler diario habilitado: false | usuario config: undefined | usuario actual: operador
[2025-10-21 20:24:04] [INFO] [main] [app] Scheduler semanal habilitado: false | usuario config: undefined | usuario actual: operador
[2025-10-21 20:24:04] [INFO] [main] [app] Scheduler mensual habilitado: false | usuario config: undefined | usuario actual: operador
[2025-10-21 20:24:04] [INFO] [main] [app] Scheduler diario habilitado: false | usuario config: undefined | usuario actual: operador
[2025-10-21 20:24:04] [INFO] [main] [app] Scheduler semanal habilitado: false | usuario config: undefined | usuario actual: operador
[2025-10-21 20:24:04] [INFO] [main] [app] Scheduler mensual habilitado: false | usuario config: undefined | usuario actual: operador
[2025-10-21 20:24:04] [INFO] [main] [useConfig] Configuración inicial obtenida
[2025-10-21 20:24:04] [INFO] [main] [useConfig] Configuración inicial obtenida
[2025-10-21 20:24:04] [INFO] [main] [useConfig] Configuración inicial obtenida
[2025-10-21 20:24:04] [INFO] [main] [useConfig] Configuración inicial obtenida
[2025-10-21 20:24:04] [INFO] [main] [useConfig] Configuración inicial obtenida
[2025-10-21 20:24:04] [INFO] [main] [useConfig] Configuración inicial obtenida
[2025-10-21 20:24:04] [INFO] [main] [app] Scheduler diario habilitado: true | usuario config: operador | usuario actual: operador
[2025-10-21 20:24:04] [INFO] [main] [app] Scheduler semanal habilitado: true | usuario config: operador | usuario actual: operador
[2025-10-21 20:24:04] [INFO] [main] [app] Scheduler mensual habilitado: true | usuario config: operador | usuario actual: operador
[2025-10-21 20:24:04] [INFO] [main] [app] Scheduler diario habilitado: true | usuario config: operador | usuario actual: operador
[2025-10-21 20:24:04] [INFO] [main] [app] Scheduler semanal habilitado: true | usuario config: operador | usuario actual: operador
[2025-10-21 20:24:04] [INFO] [main] [app] Scheduler mensual habilitado: true | usuario config: operador | usuario actual: operador
[2025-10-21 20:24:04] [INFO] [main] [scheduleReport] Ejecutando tarea programada [daily] con rango: 2025-10-20 → 2025-10-20
[2025-10-21 20:24:04] [INFO] [main] [app] Generando payload en modo [local]
[2025-10-21 20:24:04] [INFO] [main] [app] Payload generado: {"startDate":"2025-10-20 05:00:00","endDate":"2025-10-21 04:59:59","sendEmail":true}
[2025-10-21 20:24:04] [INFO] [main] [reportLockers] Iniciando petición para obtener el reporte de casilleros
[2025-10-21 20:24:04] [INFO] [main] [reportLockers] Timeout efectivo en ejecución: 30000
[2025-10-21 20:24:04] [INFO] [main] [reportLockers] Intento 1: HOST -> http://localhost:8080
[2025-10-21 20:24:04] [INFO] [main] [reportLockers] Intento 1: URL -> /api/lockers/report
[2025-10-21 20:24:04] [INFO] [main] [reportLockers] Intento 1: Request -> {"startDate":"2025-10-20 05:00:00","endDate":"2025-10-21 04:59:59","sendEmail":true}
[2025-10-21 20:24:04] [INFO] [main] [scheduleReport] Ejecutando tarea programada [weekly] con rango: 2025-10-13 → 2025-10-19
[2025-10-21 20:24:04] [INFO] [main] [app] Generando payload en modo [local]
[2025-10-21 20:24:04] [INFO] [main] [app] Payload generado: {"startDate":"2025-10-13 05:00:00","endDate":"2025-10-20 04:59:59","sendEmail":true}
[2025-10-21 20:24:04] [INFO] [main] [reportLockers] Iniciando petición para obtener el reporte de casilleros
[2025-10-21 20:24:04] [INFO] [main] [reportLockers] Timeout efectivo en ejecución: 30000
[2025-10-21 20:24:04] [INFO] [main] [reportLockers] Intento 1: HOST -> http://localhost:8080
[2025-10-21 20:24:04] [INFO] [main] [reportLockers] Intento 1: URL -> /api/lockers/report
[2025-10-21 20:24:04] [INFO] [main] [reportLockers] Intento 1: Request -> {"startDate":"2025-10-13 05:00:00","endDate":"2025-10-20 04:59:59","sendEmail":true}
[2025-10-21 20:24:04] [INFO] [main] [scheduleReport] Ejecutando tarea programada [monthly] con rango: 2025-09-01 → 2025-09-30
[2025-10-21 20:24:04] [INFO] [main] [app] Generando payload en modo [local]
[2025-10-21 20:24:04] [INFO] [main] [app] Payload generado: {"startDate":"2025-09-01 05:00:00","endDate":"2025-10-01 04:59:59","sendEmail":true}
[2025-10-21 20:24:04] [INFO] [main] [reportLockers] Iniciando petición para obtener el reporte de casilleros
[2025-10-21 20:24:04] [INFO] [main] [reportLockers] Timeout efectivo en ejecución: 30000
[2025-10-21 20:24:04] [INFO] [main] [reportLockers] Intento 1: HOST -> http://localhost:8080
[2025-10-21 20:24:04] [INFO] [main] [reportLockers] Intento 1: URL -> /api/lockers/report
[2025-10-21 20:24:04] [INFO] [main] [reportLockers] Intento 1: Request -> {"startDate":"2025-09-01 05:00:00","endDate":"2025-10-01 04:59:59","sendEmail":true}
[2025-10-21 20:24:05] [INFO] [main] [reportLockers] Response. Status: 200
[2025-10-21 20:24:05] [INFO] [main] [reportLockers] Response. Data: null
[2025-10-21 20:24:05] [INFO] [main] [app] Datos del reporte obtenidos: null
[2025-10-21 20:24:05] [INFO] [main] [scheduleReport] Actualizando ejecución → Real: 2025-10-21 20:24:05 | Próximo target: 2025-11-01 00:15:00
[2025-10-21 20:24:05] [INFO] [main] [scheduleReport] Tarea ejecutada correctamente
[2025-10-21 20:24:05] [INFO] [main] [reportLockers] Response. Status: 200
[2025-10-21 20:24:05] [INFO] [main] [reportLockers] Response. Data: null
[2025-10-21 20:24:05] [INFO] [main] [app] Datos del reporte obtenidos: null
[2025-10-21 20:24:05] [INFO] [main] [scheduleReport] Actualizando ejecución → Real: 2025-10-21 20:24:05 | Próximo target: 2025-10-22 00:05:00
[2025-10-21 20:24:05] [INFO] [main] [scheduleReport] Tarea ejecutada correctamente
[2025-10-21 20:24:05] [INFO] [main] [statusLockers] Iniciando petición para obtener casilleros disponibles
[2025-10-21 20:24:05] [INFO] [main] [statusLockers] Timeout efectivo en ejecución: 30000
[2025-10-21 20:24:05] [INFO] [main] [statusLockers] Intento 1: HOST -> http://localhost:8080
[2025-10-21 20:24:05] [INFO] [main] [statusLockers] Intento 1: URL -> /api/lockers/get-all-status
[2025-10-21 20:24:05] [INFO] [main] [statusLockers] Iniciando petición para obtener casilleros disponibles
[2025-10-21 20:24:05] [INFO] [main] [statusLockers] Timeout efectivo en ejecución: 30000
[2025-10-21 20:24:05] [INFO] [main] [statusLockers] Intento 1: HOST -> http://localhost:8080
[2025-10-21 20:24:05] [INFO] [main] [statusLockers] Intento 1: URL -> /api/lockers/get-all-status
[2025-10-21 20:24:05] [INFO] [main] [useConfig] Configuración inicial obtenida
[2025-10-21 20:24:05] [INFO] [main] [useConfig] Configuración inicial obtenida
[2025-10-21 20:24:05] [INFO] [main] [useConfig] Configuración inicial obtenida
[2025-10-21 20:24:05] [INFO] [main] [useConfig] Configuración inicial obtenida
[2025-10-21 20:24:05] [INFO] [main] [statusLockers] Response. Status: 200
[2025-10-21 20:24:05] [INFO] [main] [statusLockers] Response. Data: {"general":[{"status":"libre","total":51},{"status":"reservado","total":4},{"status":"deshabilitado","total":0},{"status":"asignado","total":1},{"status":"ocupado","total":4}],"modules":[{"module":"A","lockers":[{"lockerCode":"A1","status":"libre"},{"lockerCode":"A2","status":"reservado"},{"lockerCode":"A3","status":"reservado"},{"lockerCode":"A4","status":"reservado"},{"lockerCode":"A5","status":"libre"},{"lockerCode":"A6","status":"reservado"},{"lockerCode":"A7","status":"libre"},{"lockerCode":"A8","status":"libre"},{"lockerCode":"A9","status":"libre"},{"lockerCode":"A10","status":"libre"}]},{"module":"B","lockers":[{"lockerCode":"B1","status":"libre"},{"lockerCode":"B2","status":"libre"},{"lockerCode":"B3","status":"libre"},{"lockerCode":"B4","status":"ocupado"},{"lockerCode":"B5","status":"libre"},{"lockerCode":"B6","status":"libre"},{"lockerCode":"B7","status":"libre"},{"lockerCode":"B8","status":"libre"},{"lockerCode":"B9","status":"libre"},{"lockerCode":"B10","status":"ocupado"}]},{"module":"C","lockers":[{"lockerCode":"C1","status":"libre"},{"lockerCode":"C2","status":"libre"},{"lockerCode":"C3","status":"libre"},{"lockerCode":"C4","status":"libre"},{"lockerCode":"C5","status":"libre"},{"lockerCode":"C6","status":"libre"},{"lockerCode":"C7","status":"libre"},{"lockerCode":"C8","status":"libre"},{"lockerCode":"C9","status":"libre"},{"lockerCode":"C10","status":"libre"}]},{"module":"D","lockers":[{"lockerCode":"D1","status":"ocupado"},{"lockerCode":"D2","status":"libre"},{"lockerCode":"D3","status":"libre"},{"lockerCode":"D4","status":"libre"},{"lockerCode":"D5","status":"libre"},{"lockerCode":"D6","status":"libre"},{"lockerCode":"D7","status":"libre"},{"lockerCode":"D8","status":"libre"},{"lockerCode":"D9","status":"libre"},{"lockerCode":"D10","status":"libre"}]},{"module":"E","lockers":[{"lockerCode":"E1","status":"libre"},{"lockerCode":"E2","status":"libre"},{"lockerCode":"E3","status":"libre"},{"lockerCode":"E4","status":"libre"},{"lockerCode":"E5","status":"libre"},{"lockerCode":"E6","status":"libre"},{"lockerCode":"E7","status":"libre"},{"lockerCode":"E8","status":"libre"},{"lockerCode":"E9","status":"libre"},{"lockerCode":"E10","status":"libre"}]},{"module":"F","lockers":[{"lockerCode":"F1","status":"asignado"},{"lockerCode":"F2","status":"libre"},{"lockerCode":"F3","status":"libre"},{"lockerCode":"F4","status":"ocupado"},{"lockerCode":"F5","status":"libre"},{"lockerCode":"F6","status":"libre"},{"lockerCode":"F7","status":"libre"},{"lockerCode":"F8","status":"libre"},{"lockerCode":"F9","status":"libre"},{"lockerCode":"F10","status":"libre"}]}]}
[2025-10-21 20:24:05] [INFO] [main] [statusLockers] Response. Status: 200
[2025-10-21 20:24:05] [INFO] [main] [statusLockers] Response. Data: {"general":[{"status":"ocupado","total":4},{"status":"libre","total":51},{"status":"reservado","total":4},{"status":"deshabilitado","total":0},{"status":"asignado","total":1}],"modules":[{"module":"A","lockers":[{"lockerCode":"A1","status":"libre"},{"lockerCode":"A2","status":"reservado"},{"lockerCode":"A3","status":"reservado"},{"lockerCode":"A4","status":"reservado"},{"lockerCode":"A5","status":"libre"},{"lockerCode":"A6","status":"reservado"},{"lockerCode":"A7","status":"libre"},{"lockerCode":"A8","status":"libre"},{"lockerCode":"A9","status":"libre"},{"lockerCode":"A10","status":"libre"}]},{"module":"B","lockers":[{"lockerCode":"B1","status":"libre"},{"lockerCode":"B2","status":"libre"},{"lockerCode":"B3","status":"libre"},{"lockerCode":"B4","status":"ocupado"},{"lockerCode":"B5","status":"libre"},{"lockerCode":"B6","status":"libre"},{"lockerCode":"B7","status":"libre"},{"lockerCode":"B8","status":"libre"},{"lockerCode":"B9","status":"libre"},{"lockerCode":"B10","status":"ocupado"}]},{"module":"C","lockers":[{"lockerCode":"C1","status":"libre"},{"lockerCode":"C2","status":"libre"},{"lockerCode":"C3","status":"libre"},{"lockerCode":"C4","status":"libre"},{"lockerCode":"C5","status":"libre"},{"lockerCode":"C6","status":"libre"},{"lockerCode":"C7","status":"libre"},{"lockerCode":"C8","status":"libre"},{"lockerCode":"C9","status":"libre"},{"lockerCode":"C10","status":"libre"}]},{"module":"D","lockers":[{"lockerCode":"D1","status":"ocupado"},{"lockerCode":"D2","status":"libre"},{"lockerCode":"D3","status":"libre"},{"lockerCode":"D4","status":"libre"},{"lockerCode":"D5","status":"libre"},{"lockerCode":"D6","status":"libre"},{"lockerCode":"D7","status":"libre"},{"lockerCode":"D8","status":"libre"},{"lockerCode":"D9","status":"libre"},{"lockerCode":"D10","status":"libre"}]},{"module":"E","lockers":[{"lockerCode":"E1","status":"libre"},{"lockerCode":"E2","status":"libre"},{"lockerCode":"E3","status":"libre"},{"lockerCode":"E4","status":"libre"},{"lockerCode":"E5","status":"libre"},{"lockerCode":"E6","status":"libre"},{"lockerCode":"E7","status":"libre"},{"lockerCode":"E8","status":"libre"},{"lockerCode":"E9","status":"libre"},{"lockerCode":"E10","status":"libre"}]},{"module":"F","lockers":[{"lockerCode":"F1","status":"asignado"},{"lockerCode":"F2","status":"libre"},{"lockerCode":"F3","status":"libre"},{"lockerCode":"F4","status":"ocupado"},{"lockerCode":"F5","status":"libre"},{"lockerCode":"F6","status":"libre"},{"lockerCode":"F7","status":"libre"},{"lockerCode":"F8","status":"libre"},{"lockerCode":"F9","status":"libre"},{"lockerCode":"F10","status":"libre"}]}]}
[2025-10-21 20:24:05] [INFO] [main] [app] Scheduler diario habilitado: true | usuario config: operador | usuario actual: operador
[2025-10-21 20:24:05] [INFO] [main] [app] Scheduler semanal habilitado: true | usuario config: operador | usuario actual: operador
[2025-10-21 20:24:05] [INFO] [main] [app] Scheduler mensual habilitado: true | usuario config: operador | usuario actual: operador
[2025-10-21 20:24:05] [INFO] [main] [app] Scheduler diario habilitado: true | usuario config: operador | usuario actual: operador
[2025-10-21 20:24:05] [INFO] [main] [app] Scheduler semanal habilitado: true | usuario config: operador | usuario actual: operador
[2025-10-21 20:24:05] [INFO] [main] [app] Scheduler mensual habilitado: true | usuario config: operador | usuario actual: operador
[2025-10-21 20:24:05] [INFO] [main] [scheduleReport] Ejecutando tarea programada [weekly] con rango: 2025-10-13 → 2025-10-19
[2025-10-21 20:24:05] [INFO] [main] [app] Generando payload en modo [local]
[2025-10-21 20:24:05] [INFO] [main] [app] Payload generado: {"startDate":"2025-10-13 05:00:00","endDate":"2025-10-20 04:59:59","sendEmail":true}
[2025-10-21 20:24:05] [INFO] [main] [reportLockers] Iniciando petición para obtener el reporte de casilleros
[2025-10-21 20:24:05] [INFO] [main] [reportLockers] Timeout efectivo en ejecución: 30000
[2025-10-21 20:24:05] [INFO] [main] [reportLockers] Intento 1: HOST -> http://localhost:8080
[2025-10-21 20:24:05] [INFO] [main] [reportLockers] Intento 1: URL -> /api/lockers/report
[2025-10-21 20:24:05] [INFO] [main] [reportLockers] Intento 1: Request -> {"startDate":"2025-10-13 05:00:00","endDate":"2025-10-20 04:59:59","sendEmail":true}
[2025-10-21 20:24:08] [INFO] [main] [reportLockers] Response. Status: 200
[2025-10-21 20:24:08] [INFO] [main] [reportLockers] Response. Data: [{"ID":473,"LockerID":34,"Phone":"3166854291","PIN":"1915","Active":0,"StartTime":"2025-10-13T17:06:53Z","EndTime":"2025-10-13T20:15:33Z","AmountPaid":1500,"OpenBy":"user","LockerCode":"D4"},{"ID":474,"LockerID":41,"Phone":"3155892023","PIN":"0810","Active":0,"StartTime":"2025-10-13T17:07:38Z","EndTime":"2025-10-13T18:39:57Z","AmountPaid":1500,"OpenBy":"user","LockerCode":"E1"},{"ID":475,"LockerID":36,"Phone":"3228730338","PIN":"9603","Active":0,"StartTime":"2025-10-13T17:51:01Z","EndTime":"2025-10-13T18:22:54Z","AmountPaid":1500,"OpenBy":"user","LockerCode":"D6"},{"ID":476,"LockerID":50,"Phone":"3228730338","PIN":"9603","Active":0,"StartTime":"2025-10-13T18:59:39Z","EndTime":"2025-10-13T21:31:37Z","AmountPaid":1600,"OpenBy":"user","LockerCode":"E10"},{"ID":477,"LockerID":16,"Phone":"3115760512","PIN":"2510","Active":0,"StartTime":"2025-10-13T20:06:54Z","EndTime":"2025-10-13T23:24:54Z","AmountPaid":1500,"OpenBy":"user","LockerCode":"B6"},{"ID":478,"LockerID":36,"Phone":"3022173223","PIN":"1234","Active":0,"StartTime":"2025-10-13T20:29:38Z","EndTime":"2025-10-14T00:01:42Z","AmountPaid":1500,"OpenBy":"user","LockerCode":"D6"},{"ID":479,"LockerID":53,"Phone":"3203512515","PIN":"1234","Active":0,"StartTime":"2025-10-13T20:56:57Z","EndTime":"2025-10-14T02:06:20Z","AmountPaid":1500,"OpenBy":"user","LockerCode":"F3"},{"ID":480,"LockerID":45,"Phone":"3202350122","PIN":"1234","Active":0,"StartTime":"2025-10-13T20:57:41Z","EndTime":"2025-10-14T02:05:57Z","AmountPaid":1500,"OpenBy":"user","LockerCode":"E5"},{"ID":481,"LockerID":9,"Phone":"3013890490","PIN":"2006","Active":0,"StartTime":"2025-10-13T20:59:21Z","EndTime":"2025-10-14T02:06:40Z","AmountPaid":1500,"OpenBy":"user","LockerCode":"A9"},{"ID":482,"LockerID":5,"Phone":"3175416534","PIN":"1644","Active":0,"StartTime":"2025-10-13T22:42:29Z","EndTime":"2025-10-14T00:29:34Z","AmountPaid":1500,"OpenBy":"user","LockerCode":"A5"},{"ID":483,"LockerID":21,"Phone":"3195417135","PIN":"1234","Active":0,"StartTime":"2025-10-13T22:53:24Z","EndTime":"2025-10-14T01:33:36Z","AmountPaid":1500,"OpenBy":"user","LockerCode":"C1"},{"ID":484,"LockerID":13,"Phone":"3027075169","PIN":"1273","Active":0,"StartTime":"2025-10-14T10:28:07Z","EndTime":"2025-10-14T12:55:32Z","AmountPaid":1500,"OpenBy":"user","LockerCode":"B3"},{"ID":485,"LockerID":19,"Phone":"3168668414","PIN":"5420","Active":0,"StartTime":"2025-10-14T11:06:22Z","EndTime":"2025-10-14T11:50:05Z","AmountPaid":1500,"OpenBy":"user","LockerCode":"B9"},{"ID":486,"LockerID":56,"Phone":"3167470347","PIN":"1981","Active":0,"StartTime":"2025-10-14T11:17:47Z","EndTime":"2025-10-14T11:17:47Z","AmountPaid":1500,"OpenBy":"error","LockerCode":"F6"},{"ID":487,"LockerID":42,"Phone":"3167470347","PIN":"1981","Active":0,"StartTime":"2025-10-14T11:17:48Z","EndTime":"2025-10-14T12:53:34Z","AmountPaid":1500,"OpenBy":"user","LockerCode":"E2"},{"ID":488,"LockerID":43,"Phone":"3158888324","PIN":"2595","Active":0,"StartTime":"2025-10-14T12:06:43Z","EndTime":"2025-10-14T13:50:32Z","AmountPaid":1500,"OpenBy":"user","LockerCode":"E3"},{"ID":489,"LockerID":7,"Phone":"3112808315","PIN":"1606","Active":0,"StartTime":"2025-10-14T12:58:04Z","EndTime":"2025-10-14T21:03:17Z","AmountPaid":1500,"OpenBy":"user","LockerCode":"A7"},{"ID":490,"LockerID":51,"Phone":"3228086204","PIN":"2526","Active":0,"StartTime":"2025-10-14T14:35:38Z","EndTime":"2025-10-14T16:22:54Z","AmountPaid":1500,"OpenBy":"user","LockerCode":"F1"},{"ID":491,"LockerID":52,"Phone":"3143781848","PIN":"4127","Active":0,"StartTime":"2025-10-14T18:33:46Z","EndTime":"2025-10-14T18:52:27Z","AmountPaid":1500,"OpenBy":"user","LockerCode":"F2"},{"ID":492,"LockerID":5,"Phone":"3024785516","PIN":"2294","Active":0,"StartTime":"2025-10-14T19:23:09Z","EndTime":"2025-10-14T19:46:17Z","AmountPaid":1500,"OpenBy":"user","LockerCode":"A5"},{"ID":493,"LockerID":36,"Phone":"3127900825","PIN":"1526","Active":0,"StartTime":"2025-10-14T21:00:21Z","EndTime":"2025-10-14T21:32:00Z","AmountPaid":1500,"OpenBy":"user","LockerCode":"D6"},{"ID":494,"LockerID":50,"Phone":"3122694144","PIN":"2805","Active":0,"StartTime":"2025-10-14T22:26:59Z","EndTime":"2025-10-15T00:59:18Z","AmountPaid":2000,"OpenBy":"user","LockerCode":"E10"},{"ID":495,"LockerID":43,"Phone":"3222487276","PIN":"1234","Active":0,"StartTime":"2025-10-14T22:31:36Z","EndTime":"2025-10-14T23:07:42Z","AmountPaid":1500,"OpenBy":"user","LockerCode":"E3"},{"ID":496,"LockerID":2,"Phone":"3153618369","PIN":"1309","Active":0,"StartTime":"2025-10-14T22:32:13Z","EndTime":"2025-10-14T23:30:24Z","AmountPaid":1500,"OpenBy":"user","LockerCode":"A2"},{"ID":497,"LockerID":57,"Phone":"3229491133","PIN":"9702","Active":0,"StartTime":"2025-10-15T00:30:05Z","EndTime":"2025-10-15T02:22:09Z","AmountPaid":1500,"OpenBy":"user","LockerCode":"F7"},{"ID":498,"LockerID":7,"Phone":"3229514558","PIN":"0000","Active":0,"StartTime":"2025-10-15T21:42:02Z","EndTime":"2025-10-15T21:42:24Z","AmountPaid":1500,"OpenBy":"user","LockerCode":"A7"},{"ID":499,"LockerID":43,"Phone":"3057844648","PIN":"0418","Active":0,"StartTime":"2025-10-15T22:17:11Z","EndTime":"2025-10-15T23:22:15Z","AmountPaid":1700,"OpenBy":"user","LockerCode":"E3"},{"ID":500,"LockerID":14,"Phone":"3107982218","PIN":"1986","Active":0,"StartTime":"2025-10-16T01:57:25Z","EndTime":"2025-10-16T03:49:40Z","AmountPaid":1500,"OpenBy":"user","LockerCode":"B4"},{"ID":501,"LockerID":57,"Phone":"3012822842","PIN":"3581","Active":0,"StartTime":"2025-10-16T11:00:43Z","EndTime":"2025-10-16T11:53:00Z","AmountPaid":1500,"OpenBy":"user","LockerCode":"F7"},{"ID":502,"LockerID":24,"Phone":"3027921913","PIN":"1626","Active":0,"StartTime":"2025-10-16T12:09:07Z","EndTime":"2025-10-16T13:32:42Z","AmountPaid":1500,"OpenBy":"user","LockerCode":"C4"},{"ID":503,"LockerID":43,"Phone":"3115839699","PIN":"1805","Active":0,"StartTime":"2025-10-16T13:55:14Z","EndTime":"2025-10-16T14:30:17Z","AmountPaid":1500,"OpenBy":"user","LockerCode":"E3"},{"ID":504,"LockerID":24,"Phone":"3214176403","PIN":"2004","Active":0,"StartTime":"2025-10-16T14:03:33Z","EndTime":"2025-10-16T15:07:39Z","AmountPaid":1500,"OpenBy":"user","LockerCode":"C4"},{"ID":505,"LockerID":23,"Phone":"3057844648","PIN":"0418","Active":0,"StartTime":"2025-10-16T14:59:10Z","EndTime":"2025-10-16T15:32:56Z","AmountPaid":1500,"OpenBy":"user","LockerCode":"C3"},{"ID":506,"LockerID":29,"Phone":"3114943975","PIN":"1389","Active":0,"StartTime":"2025-10-16T15:28:09Z","EndTime":"2025-10-16T17:47:25Z","AmountPaid":1500,"OpenBy":"user","LockerCode":"C9"},{"ID":507,"LockerID":25,"Phone":"3028325452","PIN":"2425","Active":0,"StartTime":"2025-10-16T15:41:17Z","EndTime":"2025-10-16T16:57:39Z","AmountPaid":1500,"OpenBy":"user","LockerCode":"C5"},{"ID":508,"LockerID":47,"Phone":"3057083352","PIN":"5555","Active":0,"StartTime":"2025-10-16T16:21:36Z","EndTime":"2025-10-16T16:49:52Z","AmountPaid":1500,"OpenBy":"user","LockerCode":"E7"},{"ID":509,"LockerID":60,"Phone":"3008902690","PIN":"1310","Active":0,"StartTime":"2025-10-16T18:19:45Z","EndTime":"2025-10-16T18:50:57Z","AmountPaid":1500,"OpenBy":"user","LockerCode":"F10"},{"ID":510,"LockerID":16,"Phone":"3185398593","PIN":"6400","Active":0,"StartTime":"2025-10-16T20:29:11Z","EndTime":"2025-10-16T21:27:02Z","AmountPaid":1500,"OpenBy":"user","LockerCode":"B6"},{"ID":511,"LockerID":42,"Phone":"3152002930","PIN":"1822","Active":0,"StartTime":"2025-10-16T21:13:49Z","EndTime":"2025-10-16T22:52:55Z","AmountPaid":1500,"OpenBy":"user","LockerCode":"E2"},{"ID":512,"LockerID":20,"Phone":"3227214486","PIN":"0803","Active":1,"StartTime":"2025-10-16T22:36:35Z","EndTime":null,"AmountPaid":2000,"OpenBy":"user","LockerCode":"B10"},{"ID":513,"LockerID":14,"Phone":"3025473287","PIN":"0803","Active":1,"StartTime":"2025-10-16T22:37:47Z","EndTime":null,"AmountPaid":1500,"OpenBy":"user","LockerCode":"B4"},{"ID":514,"LockerID":31,"Phone":"3212258405","PIN":"9904","Active":1,"StartTime":"2025-10-16T22:43:42Z","EndTime":null,"AmountPaid":1500,"OpenBy":"user","LockerCode":"D1"},{"ID":515,"LockerID":54,"Phone":"3125478000","PIN":"0000","Active":1,"StartTime":"2025-10-17T05:07:31Z","EndTime":null,"AmountPaid":0,"OpenBy":"user","LockerCode":"F4"},{"ID":516,"LockerID":23,"Phone":"3103192771","PIN":"0000","Active":0,"StartTime":"2025-10-17T05:09:08Z","EndTime":"2025-10-17T05:09:19Z","AmountPaid":0,"OpenBy":"user","LockerCode":"C3"},{"ID":517,"LockerID":57,"Phone":"3103192771","PIN":"0000","Active":0,"StartTime":"2025-10-17T05:10:55Z","EndTime":"2025-10-17T05:11:17Z","AmountPaid":0,"OpenBy":"user","LockerCode":"F7"}]
[2025-10-21 20:24:08] [INFO] [main] [app] Datos del reporte obtenidos: [{"ID":473,"LockerID":34,"Phone":"3166854291","PIN":"1915","Active":0,"StartTime":"2025-10-13T17:06:53Z","EndTime":"2025-10-13T20:15:33Z","AmountPaid":1500,"OpenBy":"user","LockerCode":"D4"},{"ID":474,"LockerID":41,"Phone":"3155892023","PIN":"0810","Active":0,"StartTime":"2025-10-13T17:07:38Z","EndTime":"2025-10-13T18:39:57Z","AmountPaid":1500,"OpenBy":"user","LockerCode":"E1"},{"ID":475,"LockerID":36,"Phone":"3228730338","PIN":"9603","Active":0,"StartTime":"2025-10-13T17:51:01Z","EndTime":"2025-10-13T18:22:54Z","AmountPaid":1500,"OpenBy":"user","LockerCode":"D6"},{"ID":476,"LockerID":50,"Phone":"3228730338","PIN":"9603","Active":0,"StartTime":"2025-10-13T18:59:39Z","EndTime":"2025-10-13T21:31:37Z","AmountPaid":1600,"OpenBy":"user","LockerCode":"E10"},{"ID":477,"LockerID":16,"Phone":"3115760512","PIN":"2510","Active":0,"StartTime":"2025-10-13T20:06:54Z","EndTime":"2025-10-13T23:24:54Z","AmountPaid":1500,"OpenBy":"user","LockerCode":"B6"},{"ID":478,"LockerID":36,"Phone":"3022173223","PIN":"1234","Active":0,"StartTime":"2025-10-13T20:29:38Z","EndTime":"2025-10-14T00:01:42Z","AmountPaid":1500,"OpenBy":"user","LockerCode":"D6"},{"ID":479,"LockerID":53,"Phone":"3203512515","PIN":"1234","Active":0,"StartTime":"2025-10-13T20:56:57Z","EndTime":"2025-10-14T02:06:20Z","AmountPaid":1500,"OpenBy":"user","LockerCode":"F3"},{"ID":480,"LockerID":45,"Phone":"3202350122","PIN":"1234","Active":0,"StartTime":"2025-10-13T20:57:41Z","EndTime":"2025-10-14T02:05:57Z","AmountPaid":1500,"OpenBy":"user","LockerCode":"E5"},{"ID":481,"LockerID":9,"Phone":"3013890490","PIN":"2006","Active":0,"StartTime":"2025-10-13T20:59:21Z","EndTime":"2025-10-14T02:06:40Z","AmountPaid":1500,"OpenBy":"user","LockerCode":"A9"},{"ID":482,"LockerID":5,"Phone":"3175416534","PIN":"1644","Active":0,"StartTime":"2025-10-13T22:42:29Z","EndTime":"2025-10-14T00:29:34Z","AmountPaid":1500,"OpenBy":"user","LockerCode":"A5"},{"ID":483,"LockerID":21,"Phone":"3195417135","PIN":"1234","Active":0,"StartTime":"2025-10-13T22:53:24Z","EndTime":"2025-10-14T01:33:36Z","AmountPaid":1500,"OpenBy":"user","LockerCode":"C1"},{"ID":484,"LockerID":13,"Phone":"3027075169","PIN":"1273","Active":0,"StartTime":"2025-10-14T10:28:07Z","EndTime":"2025-10-14T12:55:32Z","AmountPaid":1500,"OpenBy":"user","LockerCode":"B3"},{"ID":485,"LockerID":19,"Phone":"3168668414","PIN":"5420","Active":0,"StartTime":"2025-10-14T11:06:22Z","EndTime":"2025-10-14T11:50:05Z","AmountPaid":1500,"OpenBy":"user","LockerCode":"B9"},{"ID":486,"LockerID":56,"Phone":"3167470347","PIN":"1981","Active":0,"StartTime":"2025-10-14T11:17:47Z","EndTime":"2025-10-14T11:17:47Z","AmountPaid":1500,"OpenBy":"error","LockerCode":"F6"},{"ID":487,"LockerID":42,"Phone":"3167470347","PIN":"1981","Active":0,"StartTime":"2025-10-14T11:17:48Z","EndTime":"2025-10-14T12:53:34Z","AmountPaid":1500,"OpenBy":"user","LockerCode":"E2"},{"ID":488,"LockerID":43,"Phone":"3158888324","PIN":"2595","Active":0,"StartTime":"2025-10-14T12:06:43Z","EndTime":"2025-10-14T13:50:32Z","AmountPaid":1500,"OpenBy":"user","LockerCode":"E3"},{"ID":489,"LockerID":7,"Phone":"3112808315","PIN":"1606","Active":0,"StartTime":"2025-10-14T12:58:04Z","EndTime":"2025-10-14T21:03:17Z","AmountPaid":1500,"OpenBy":"user","LockerCode":"A7"},{"ID":490,"LockerID":51,"Phone":"3228086204","PIN":"2526","Active":0,"StartTime":"2025-10-14T14:35:38Z","EndTime":"2025-10-14T16:22:54Z","AmountPaid":1500,"OpenBy":"user","LockerCode":"F1"},{"ID":491,"LockerID":52,"Phone":"3143781848","PIN":"4127","Active":0,"StartTime":"2025-10-14T18:33:46Z","EndTime":"2025-10-14T18:52:27Z","AmountPaid":1500,"OpenBy":"user","LockerCode":"F2"},{"ID":492,"LockerID":5,"Phone":"3024785516","PIN":"2294","Active":0,"StartTime":"2025-10-14T19:23:09Z","EndTime":"2025-10-14T19:46:17Z","AmountPaid":1500,"OpenBy":"user","LockerCode":"A5"},{"ID":493,"LockerID":36,"Phone":"3127900825","PIN":"1526","Active":0,"StartTime":"2025-10-14T21:00:21Z","EndTime":"2025-10-14T21:32:00Z","AmountPaid":1500,"OpenBy":"user","LockerCode":"D6"},{"ID":494,"LockerID":50,"Phone":"3122694144","PIN":"2805","Active":0,"StartTime":"2025-10-14T22:26:59Z","EndTime":"2025-10-15T00:59:18Z","AmountPaid":2000,"OpenBy":"user","LockerCode":"E10"},{"ID":495,"LockerID":43,"Phone":"3222487276","PIN":"1234","Active":0,"StartTime":"2025-10-14T22:31:36Z","EndTime":"2025-10-14T23:07:42Z","AmountPaid":1500,"OpenBy":"user","LockerCode":"E3"},{"ID":496,"LockerID":2,"Phone":"3153618369","PIN":"1309","Active":0,"StartTime":"2025-10-14T22:32:13Z","EndTime":"2025-10-14T23:30:24Z","AmountPaid":1500,"OpenBy":"user","LockerCode":"A2"},{"ID":497,"LockerID":57,"Phone":"3229491133","PIN":"9702","Active":0,"StartTime":"2025-10-15T00:30:05Z","EndTime":"2025-10-15T02:22:09Z","AmountPaid":1500,"OpenBy":"user","LockerCode":"F7"},{"ID":498,"LockerID":7,"Phone":"3229514558","PIN":"0000","Active":0,"StartTime":"2025-10-15T21:42:02Z","EndTime":"2025-10-15T21:42:24Z","AmountPaid":1500,"OpenBy":"user","LockerCode":"A7"},{"ID":499,"LockerID":43,"Phone":"3057844648","PIN":"0418","Active":0,"StartTime":"2025-10-15T22:17:11Z","EndTime":"2025-10-15T23:22:15Z","AmountPaid":1700,"OpenBy":"user","LockerCode":"E3"},{"ID":500,"LockerID":14,"Phone":"3107982218","PIN":"1986","Active":0,"StartTime":"2025-10-16T01:57:25Z","EndTime":"2025-10-16T03:49:40Z","AmountPaid":1500,"OpenBy":"user","LockerCode":"B4"},{"ID":501,"LockerID":57,"Phone":"3012822842","PIN":"3581","Active":0,"StartTime":"2025-10-16T11:00:43Z","EndTime":"2025-10-16T11:53:00Z","AmountPaid":1500,"OpenBy":"user","LockerCode":"F7"},{"ID":502,"LockerID":24,"Phone":"3027921913","PIN":"1626","Active":0,"StartTime":"2025-10-16T12:09:07Z","EndTime":"2025-10-16T13:32:42Z","AmountPaid":1500,"OpenBy":"user","LockerCode":"C4"},{"ID":503,"LockerID":43,"Phone":"3115839699","PIN":"1805","Active":0,"StartTime":"2025-10-16T13:55:14Z","EndTime":"2025-10-16T14:30:17Z","AmountPaid":1500,"OpenBy":"user","LockerCode":"E3"},{"ID":504,"LockerID":24,"Phone":"3214176403","PIN":"2004","Active":0,"StartTime":"2025-10-16T14:03:33Z","EndTime":"2025-10-16T15:07:39Z","AmountPaid":1500,"OpenBy":"user","LockerCode":"C4"},{"ID":505,"LockerID":23,"Phone":"3057844648","PIN":"0418","Active":0,"StartTime":"2025-10-16T14:59:10Z","EndTime":"2025-10-16T15:32:56Z","AmountPaid":1500,"OpenBy":"user","LockerCode":"C3"},{"ID":506,"LockerID":29,"Phone":"3114943975","PIN":"1389","Active":0,"StartTime":"2025-10-16T15:28:09Z","EndTime":"2025-10-16T17:47:25Z","AmountPaid":1500,"OpenBy":"user","LockerCode":"C9"},{"ID":507,"LockerID":25,"Phone":"3028325452","PIN":"2425","Active":0,"StartTime":"2025-10-16T15:41:17Z","EndTime":"2025-10-16T16:57:39Z","AmountPaid":1500,"OpenBy":"user","LockerCode":"C5"},{"ID":508,"LockerID":47,"Phone":"3057083352","PIN":"5555","Active":0,"StartTime":"2025-10-16T16:21:36Z","EndTime":"2025-10-16T16:49:52Z","AmountPaid":1500,"OpenBy":"user","LockerCode":"E7"},{"ID":509,"LockerID":60,"Phone":"3008902690","PIN":"1310","Active":0,"StartTime":"2025-10-16T18:19:45Z","EndTime":"2025-10-16T18:50:57Z","AmountPaid":1500,"OpenBy":"user","LockerCode":"F10"},{"ID":510,"LockerID":16,"Phone":"3185398593","PIN":"6400","Active":0,"StartTime":"2025-10-16T20:29:11Z","EndTime":"2025-10-16T21:27:02Z","AmountPaid":1500,"OpenBy":"user","LockerCode":"B6"},{"ID":511,"LockerID":42,"Phone":"3152002930","PIN":"1822","Active":0,"StartTime":"2025-10-16T21:13:49Z","EndTime":"2025-10-16T22:52:55Z","AmountPaid":1500,"OpenBy":"user","LockerCode":"E2"},{"ID":512,"LockerID":20,"Phone":"3227214486","PIN":"0803","Active":1,"StartTime":"2025-10-16T22:36:35Z","EndTime":null,"AmountPaid":2000,"OpenBy":"user","LockerCode":"B10"},{"ID":513,"LockerID":14,"Phone":"3025473287","PIN":"0803","Active":1,"StartTime":"2025-10-16T22:37:47Z","EndTime":null,"AmountPaid":1500,"OpenBy":"user","LockerCode":"B4"},{"ID":514,"LockerID":31,"Phone":"3212258405","PIN":"9904","Active":1,"StartTime":"2025-10-16T22:43:42Z","EndTime":null,"AmountPaid":1500,"OpenBy":"user","LockerCode":"D1"},{"ID":515,"LockerID":54,"Phone":"3125478000","PIN":"0000","Active":1,"StartTime":"2025-10-17T05:07:31Z","EndTime":null,"AmountPaid":0,"OpenBy":"user","LockerCode":"F4"},{"ID":516,"LockerID":23,"Phone":"3103192771","PIN":"0000","Active":0,"StartTime":"2025-10-17T05:09:08Z","EndTime":"2025-10-17T05:09:19Z","AmountPaid":0,"OpenBy":"user","LockerCode":"C3"},{"ID":517,"LockerID":57,"Phone":"3103192771","PIN":"0000","Active":0,"StartTime":"2025-10-17T05:10:55Z","EndTime":"2025-10-17T05:11:17Z","AmountPaid":0,"OpenBy":"user","LockerCode":"F7"}]
[2025-10-21 20:24:08] [INFO] [main] [scheduleReport] Actualizando ejecución → Real: 2025-10-21 20:24:08 | Próximo target: 2025-10-27 00:10:00
[2025-10-21 20:24:08] [INFO] [main] [scheduleReport] Tarea ejecutada correctamente
[2025-10-21 20:24:09] [INFO] [main] [reportLockers] Response. Status: 200
[2025-10-21 20:24:09] [INFO] [main] [reportLockers] Response. Data: [{"ID":473,"LockerID":34,"Phone":"3166854291","PIN":"1915","Active":0,"StartTime":"2025-10-13T17:06:53Z","EndTime":"2025-10-13T20:15:33Z","AmountPaid":1500,"OpenBy":"user","LockerCode":"D4"},{"ID":474,"LockerID":41,"Phone":"3155892023","PIN":"0810","Active":0,"StartTime":"2025-10-13T17:07:38Z","EndTime":"2025-10-13T18:39:57Z","AmountPaid":1500,"OpenBy":"user","LockerCode":"E1"},{"ID":475,"LockerID":36,"Phone":"3228730338","PIN":"9603","Active":0,"StartTime":"2025-10-13T17:51:01Z","EndTime":"2025-10-13T18:22:54Z","AmountPaid":1500,"OpenBy":"user","LockerCode":"D6"},{"ID":476,"LockerID":50,"Phone":"3228730338","PIN":"9603","Active":0,"StartTime":"2025-10-13T18:59:39Z","EndTime":"2025-10-13T21:31:37Z","AmountPaid":1600,"OpenBy":"user","LockerCode":"E10"},{"ID":477,"LockerID":16,"Phone":"3115760512","PIN":"2510","Active":0,"StartTime":"2025-10-13T20:06:54Z","EndTime":"2025-10-13T23:24:54Z","AmountPaid":1500,"OpenBy":"user","LockerCode":"B6"},{"ID":478,"LockerID":36,"Phone":"3022173223","PIN":"1234","Active":0,"StartTime":"2025-10-13T20:29:38Z","EndTime":"2025-10-14T00:01:42Z","AmountPaid":1500,"OpenBy":"user","LockerCode":"D6"},{"ID":479,"LockerID":53,"Phone":"3203512515","PIN":"1234","Active":0,"StartTime":"2025-10-13T20:56:57Z","EndTime":"2025-10-14T02:06:20Z","AmountPaid":1500,"OpenBy":"user","LockerCode":"F3"},{"ID":480,"LockerID":45,"Phone":"3202350122","PIN":"1234","Active":0,"StartTime":"2025-10-13T20:57:41Z","EndTime":"2025-10-14T02:05:57Z","AmountPaid":1500,"OpenBy":"user","LockerCode":"E5"},{"ID":481,"LockerID":9,"Phone":"3013890490","PIN":"2006","Active":0,"StartTime":"2025-10-13T20:59:21Z","EndTime":"2025-10-14T02:06:40Z","AmountPaid":1500,"OpenBy":"user","LockerCode":"A9"},{"ID":482,"LockerID":5,"Phone":"3175416534","PIN":"1644","Active":0,"StartTime":"2025-10-13T22:42:29Z","EndTime":"2025-10-14T00:29:34Z","AmountPaid":1500,"OpenBy":"user","LockerCode":"A5"},{"ID":483,"LockerID":21,"Phone":"3195417135","PIN":"1234","Active":0,"StartTime":"2025-10-13T22:53:24Z","EndTime":"2025-10-14T01:33:36Z","AmountPaid":1500,"OpenBy":"user","LockerCode":"C1"},{"ID":484,"LockerID":13,"Phone":"3027075169","PIN":"1273","Active":0,"StartTime":"2025-10-14T10:28:07Z","EndTime":"2025-10-14T12:55:32Z","AmountPaid":1500,"OpenBy":"user","LockerCode":"B3"},{"ID":485,"LockerID":19,"Phone":"3168668414","PIN":"5420","Active":0,"StartTime":"2025-10-14T11:06:22Z","EndTime":"2025-10-14T11:50:05Z","AmountPaid":1500,"OpenBy":"user","LockerCode":"B9"},{"ID":486,"LockerID":56,"Phone":"3167470347","PIN":"1981","Active":0,"StartTime":"2025-10-14T11:17:47Z","EndTime":"2025-10-14T11:17:47Z","AmountPaid":1500,"OpenBy":"error","LockerCode":"F6"},{"ID":487,"LockerID":42,"Phone":"3167470347","PIN":"1981","Active":0,"StartTime":"2025-10-14T11:17:48Z","EndTime":"2025-10-14T12:53:34Z","AmountPaid":1500,"OpenBy":"user","LockerCode":"E2"},{"ID":488,"LockerID":43,"Phone":"3158888324","PIN":"2595","Active":0,"StartTime":"2025-10-14T12:06:43Z","EndTime":"2025-10-14T13:50:32Z","AmountPaid":1500,"OpenBy":"user","LockerCode":"E3"},{"ID":489,"LockerID":7,"Phone":"3112808315","PIN":"1606","Active":0,"StartTime":"2025-10-14T12:58:04Z","EndTime":"2025-10-14T21:03:17Z","AmountPaid":1500,"OpenBy":"user","LockerCode":"A7"},{"ID":490,"LockerID":51,"Phone":"3228086204","PIN":"2526","Active":0,"StartTime":"2025-10-14T14:35:38Z","EndTime":"2025-10-14T16:22:54Z","AmountPaid":1500,"OpenBy":"user","LockerCode":"F1"},{"ID":491,"LockerID":52,"Phone":"3143781848","PIN":"4127","Active":0,"StartTime":"2025-10-14T18:33:46Z","EndTime":"2025-10-14T18:52:27Z","AmountPaid":1500,"OpenBy":"user","LockerCode":"F2"},{"ID":492,"LockerID":5,"Phone":"3024785516","PIN":"2294","Active":0,"StartTime":"2025-10-14T19:23:09Z","EndTime":"2025-10-14T19:46:17Z","AmountPaid":1500,"OpenBy":"user","LockerCode":"A5"},{"ID":493,"LockerID":36,"Phone":"3127900825","PIN":"1526","Active":0,"StartTime":"2025-10-14T21:00:21Z","EndTime":"2025-10-14T21:32:00Z","AmountPaid":1500,"OpenBy":"user","LockerCode":"D6"},{"ID":494,"LockerID":50,"Phone":"3122694144","PIN":"2805","Active":0,"StartTime":"2025-10-14T22:26:59Z","EndTime":"2025-10-15T00:59:18Z","AmountPaid":2000,"OpenBy":"user","LockerCode":"E10"},{"ID":495,"LockerID":43,"Phone":"3222487276","PIN":"1234","Active":0,"StartTime":"2025-10-14T22:31:36Z","EndTime":"2025-10-14T23:07:42Z","AmountPaid":1500,"OpenBy":"user","LockerCode":"E3"},{"ID":496,"LockerID":2,"Phone":"3153618369","PIN":"1309","Active":0,"StartTime":"2025-10-14T22:32:13Z","EndTime":"2025-10-14T23:30:24Z","AmountPaid":1500,"OpenBy":"user","LockerCode":"A2"},{"ID":497,"LockerID":57,"Phone":"3229491133","PIN":"9702","Active":0,"StartTime":"2025-10-15T00:30:05Z","EndTime":"2025-10-15T02:22:09Z","AmountPaid":1500,"OpenBy":"user","LockerCode":"F7"},{"ID":498,"LockerID":7,"Phone":"3229514558","PIN":"0000","Active":0,"StartTime":"2025-10-15T21:42:02Z","EndTime":"2025-10-15T21:42:24Z","AmountPaid":1500,"OpenBy":"user","LockerCode":"A7"},{"ID":499,"LockerID":43,"Phone":"3057844648","PIN":"0418","Active":0,"StartTime":"2025-10-15T22:17:11Z","EndTime":"2025-10-15T23:22:15Z","AmountPaid":1700,"OpenBy":"user","LockerCode":"E3"},{"ID":500,"LockerID":14,"Phone":"3107982218","PIN":"1986","Active":0,"StartTime":"2025-10-16T01:57:25Z","EndTime":"2025-10-16T03:49:40Z","AmountPaid":1500,"OpenBy":"user","LockerCode":"B4"},{"ID":501,"LockerID":57,"Phone":"3012822842","PIN":"3581","Active":0,"StartTime":"2025-10-16T11:00:43Z","EndTime":"2025-10-16T11:53:00Z","AmountPaid":1500,"OpenBy":"user","LockerCode":"F7"},{"ID":502,"LockerID":24,"Phone":"3027921913","PIN":"1626","Active":0,"StartTime":"2025-10-16T12:09:07Z","EndTime":"2025-10-16T13:32:42Z","AmountPaid":1500,"OpenBy":"user","LockerCode":"C4"},{"ID":503,"LockerID":43,"Phone":"3115839699","PIN":"1805","Active":0,"StartTime":"2025-10-16T13:55:14Z","EndTime":"2025-10-16T14:30:17Z","AmountPaid":1500,"OpenBy":"user","LockerCode":"E3"},{"ID":504,"LockerID":24,"Phone":"3214176403","PIN":"2004","Active":0,"StartTime":"2025-10-16T14:03:33Z","EndTime":"2025-10-16T15:07:39Z","AmountPaid":1500,"OpenBy":"user","LockerCode":"C4"},{"ID":505,"LockerID":23,"Phone":"3057844648","PIN":"0418","Active":0,"StartTime":"2025-10-16T14:59:10Z","EndTime":"2025-10-16T15:32:56Z","AmountPaid":1500,"OpenBy":"user","LockerCode":"C3"},{"ID":506,"LockerID":29,"Phone":"3114943975","PIN":"1389","Active":0,"StartTime":"2025-10-16T15:28:09Z","EndTime":"2025-10-16T17:47:25Z","AmountPaid":1500,"OpenBy":"user","LockerCode":"C9"},{"ID":507,"LockerID":25,"Phone":"3028325452","PIN":"2425","Active":0,"StartTime":"2025-10-16T15:41:17Z","EndTime":"2025-10-16T16:57:39Z","AmountPaid":1500,"OpenBy":"user","LockerCode":"C5"},{"ID":508,"LockerID":47,"Phone":"3057083352","PIN":"5555","Active":0,"StartTime":"2025-10-16T16:21:36Z","EndTime":"2025-10-16T16:49:52Z","AmountPaid":1500,"OpenBy":"user","LockerCode":"E7"},{"ID":509,"LockerID":60,"Phone":"3008902690","PIN":"1310","Active":0,"StartTime":"2025-10-16T18:19:45Z","EndTime":"2025-10-16T18:50:57Z","AmountPaid":1500,"OpenBy":"user","LockerCode":"F10"},{"ID":510,"LockerID":16,"Phone":"3185398593","PIN":"6400","Active":0,"StartTime":"2025-10-16T20:29:11Z","EndTime":"2025-10-16T21:27:02Z","AmountPaid":1500,"OpenBy":"user","LockerCode":"B6"},{"ID":511,"LockerID":42,"Phone":"3152002930","PIN":"1822","Active":0,"StartTime":"2025-10-16T21:13:49Z","EndTime":"2025-10-16T22:52:55Z","AmountPaid":1500,"OpenBy":"user","LockerCode":"E2"},{"ID":512,"LockerID":20,"Phone":"3227214486","PIN":"0803","Active":1,"StartTime":"2025-10-16T22:36:35Z","EndTime":null,"AmountPaid":2000,"OpenBy":"user","LockerCode":"B10"},{"ID":513,"LockerID":14,"Phone":"3025473287","PIN":"0803","Active":1,"StartTime":"2025-10-16T22:37:47Z","EndTime":null,"AmountPaid":1500,"OpenBy":"user","LockerCode":"B4"},{"ID":514,"LockerID":31,"Phone":"3212258405","PIN":"9904","Active":1,"StartTime":"2025-10-16T22:43:42Z","EndTime":null,"AmountPaid":1500,"OpenBy":"user","LockerCode":"D1"},{"ID":515,"LockerID":54,"Phone":"3125478000","PIN":"0000","Active":1,"StartTime":"2025-10-17T05:07:31Z","EndTime":null,"AmountPaid":0,"OpenBy":"user","LockerCode":"F4"},{"ID":516,"LockerID":23,"Phone":"3103192771","PIN":"0000","Active":0,"StartTime":"2025-10-17T05:09:08Z","EndTime":"2025-10-17T05:09:19Z","AmountPaid":0,"OpenBy":"user","LockerCode":"C3"},{"ID":517,"LockerID":57,"Phone":"3103192771","PIN":"0000","Active":0,"StartTime":"2025-10-17T05:10:55Z","EndTime":"2025-10-17T05:11:17Z","AmountPaid":0,"OpenBy":"user","LockerCode":"F7"}]
[2025-10-21 20:24:09] [INFO] [main] [app] Datos del reporte obtenidos: [{"ID":473,"LockerID":34,"Phone":"3166854291","PIN":"1915","Active":0,"StartTime":"2025-10-13T17:06:53Z","EndTime":"2025-10-13T20:15:33Z","AmountPaid":1500,"OpenBy":"user","LockerCode":"D4"},{"ID":474,"LockerID":41,"Phone":"3155892023","PIN":"0810","Active":0,"StartTime":"2025-10-13T17:07:38Z","EndTime":"2025-10-13T18:39:57Z","AmountPaid":1500,"OpenBy":"user","LockerCode":"E1"},{"ID":475,"LockerID":36,"Phone":"3228730338","PIN":"9603","Active":0,"StartTime":"2025-10-13T17:51:01Z","EndTime":"2025-10-13T18:22:54Z","AmountPaid":1500,"OpenBy":"user","LockerCode":"D6"},{"ID":476,"LockerID":50,"Phone":"3228730338","PIN":"9603","Active":0,"StartTime":"2025-10-13T18:59:39Z","EndTime":"2025-10-13T21:31:37Z","AmountPaid":1600,"OpenBy":"user","LockerCode":"E10"},{"ID":477,"LockerID":16,"Phone":"3115760512","PIN":"2510","Active":0,"StartTime":"2025-10-13T20:06:54Z","EndTime":"2025-10-13T23:24:54Z","AmountPaid":1500,"OpenBy":"user","LockerCode":"B6"},{"ID":478,"LockerID":36,"Phone":"3022173223","PIN":"1234","Active":0,"StartTime":"2025-10-13T20:29:38Z","EndTime":"2025-10-14T00:01:42Z","AmountPaid":1500,"OpenBy":"user","LockerCode":"D6"},{"ID":479,"LockerID":53,"Phone":"3203512515","PIN":"1234","Active":0,"StartTime":"2025-10-13T20:56:57Z","EndTime":"2025-10-14T02:06:20Z","AmountPaid":1500,"OpenBy":"user","LockerCode":"F3"},{"ID":480,"LockerID":45,"Phone":"3202350122","PIN":"1234","Active":0,"StartTime":"2025-10-13T20:57:41Z","EndTime":"2025-10-14T02:05:57Z","AmountPaid":1500,"OpenBy":"user","LockerCode":"E5"},{"ID":481,"LockerID":9,"Phone":"3013890490","PIN":"2006","Active":0,"StartTime":"2025-10-13T20:59:21Z","EndTime":"2025-10-14T02:06:40Z","AmountPaid":1500,"OpenBy":"user","LockerCode":"A9"},{"ID":482,"LockerID":5,"Phone":"3175416534","PIN":"1644","Active":0,"StartTime":"2025-10-13T22:42:29Z","EndTime":"2025-10-14T00:29:34Z","AmountPaid":1500,"OpenBy":"user","LockerCode":"A5"},{"ID":483,"LockerID":21,"Phone":"3195417135","PIN":"1234","Active":0,"StartTime":"2025-10-13T22:53:24Z","EndTime":"2025-10-14T01:33:36Z","AmountPaid":1500,"OpenBy":"user","LockerCode":"C1"},{"ID":484,"LockerID":13,"Phone":"3027075169","PIN":"1273","Active":0,"StartTime":"2025-10-14T10:28:07Z","EndTime":"2025-10-14T12:55:32Z","AmountPaid":1500,"OpenBy":"user","LockerCode":"B3"},{"ID":485,"LockerID":19,"Phone":"3168668414","PIN":"5420","Active":0,"StartTime":"2025-10-14T11:06:22Z","EndTime":"2025-10-14T11:50:05Z","AmountPaid":1500,"OpenBy":"user","LockerCode":"B9"},{"ID":486,"LockerID":56,"Phone":"3167470347","PIN":"1981","Active":0,"StartTime":"2025-10-14T11:17:47Z","EndTime":"2025-10-14T11:17:47Z","AmountPaid":1500,"OpenBy":"error","LockerCode":"F6"},{"ID":487,"LockerID":42,"Phone":"3167470347","PIN":"1981","Active":0,"StartTime":"2025-10-14T11:17:48Z","EndTime":"2025-10-14T12:53:34Z","AmountPaid":1500,"OpenBy":"user","LockerCode":"E2"},{"ID":488,"LockerID":43,"Phone":"3158888324","PIN":"2595","Active":0,"StartTime":"2025-10-14T12:06:43Z","EndTime":"2025-10-14T13:50:32Z","AmountPaid":1500,"OpenBy":"user","LockerCode":"E3"},{"ID":489,"LockerID":7,"Phone":"3112808315","PIN":"1606","Active":0,"StartTime":"2025-10-14T12:58:04Z","EndTime":"2025-10-14T21:03:17Z","AmountPaid":1500,"OpenBy":"user","LockerCode":"A7"},{"ID":490,"LockerID":51,"Phone":"3228086204","PIN":"2526","Active":0,"StartTime":"2025-10-14T14:35:38Z","EndTime":"2025-10-14T16:22:54Z","AmountPaid":1500,"OpenBy":"user","LockerCode":"F1"},{"ID":491,"LockerID":52,"Phone":"3143781848","PIN":"4127","Active":0,"StartTime":"2025-10-14T18:33:46Z","EndTime":"2025-10-14T18:52:27Z","AmountPaid":1500,"OpenBy":"user","LockerCode":"F2"},{"ID":492,"LockerID":5,"Phone":"3024785516","PIN":"2294","Active":0,"StartTime":"2025-10-14T19:23:09Z","EndTime":"2025-10-14T19:46:17Z","AmountPaid":1500,"OpenBy":"user","LockerCode":"A5"},{"ID":493,"LockerID":36,"Phone":"3127900825","PIN":"1526","Active":0,"StartTime":"2025-10-14T21:00:21Z","EndTime":"2025-10-14T21:32:00Z","AmountPaid":1500,"OpenBy":"user","LockerCode":"D6"},{"ID":494,"LockerID":50,"Phone":"3122694144","PIN":"2805","Active":0,"StartTime":"2025-10-14T22:26:59Z","EndTime":"2025-10-15T00:59:18Z","AmountPaid":2000,"OpenBy":"user","LockerCode":"E10"},{"ID":495,"LockerID":43,"Phone":"3222487276","PIN":"1234","Active":0,"StartTime":"2025-10-14T22:31:36Z","EndTime":"2025-10-14T23:07:42Z","AmountPaid":1500,"OpenBy":"user","LockerCode":"E3"},{"ID":496,"LockerID":2,"Phone":"3153618369","PIN":"1309","Active":0,"StartTime":"2025-10-14T22:32:13Z","EndTime":"2025-10-14T23:30:24Z","AmountPaid":1500,"OpenBy":"user","LockerCode":"A2"},{"ID":497,"LockerID":57,"Phone":"3229491133","PIN":"9702","Active":0,"StartTime":"2025-10-15T00:30:05Z","EndTime":"2025-10-15T02:22:09Z","AmountPaid":1500,"OpenBy":"user","LockerCode":"F7"},{"ID":498,"LockerID":7,"Phone":"3229514558","PIN":"0000","Active":0,"StartTime":"2025-10-15T21:42:02Z","EndTime":"2025-10-15T21:42:24Z","AmountPaid":1500,"OpenBy":"user","LockerCode":"A7"},{"ID":499,"LockerID":43,"Phone":"3057844648","PIN":"0418","Active":0,"StartTime":"2025-10-15T22:17:11Z","EndTime":"2025-10-15T23:22:15Z","AmountPaid":1700,"OpenBy":"user","LockerCode":"E3"},{"ID":500,"LockerID":14,"Phone":"3107982218","PIN":"1986","Active":0,"StartTime":"2025-10-16T01:57:25Z","EndTime":"2025-10-16T03:49:40Z","AmountPaid":1500,"OpenBy":"user","LockerCode":"B4"},{"ID":501,"LockerID":57,"Phone":"3012822842","PIN":"3581","Active":0,"StartTime":"2025-10-16T11:00:43Z","EndTime":"2025-10-16T11:53:00Z","AmountPaid":1500,"OpenBy":"user","LockerCode":"F7"},{"ID":502,"LockerID":24,"Phone":"3027921913","PIN":"1626","Active":0,"StartTime":"2025-10-16T12:09:07Z","EndTime":"2025-10-16T13:32:42Z","AmountPaid":1500,"OpenBy":"user","LockerCode":"C4"},{"ID":503,"LockerID":43,"Phone":"3115839699","PIN":"1805","Active":0,"StartTime":"2025-10-16T13:55:14Z","EndTime":"2025-10-16T14:30:17Z","AmountPaid":1500,"OpenBy":"user","LockerCode":"E3"},{"ID":504,"LockerID":24,"Phone":"3214176403","PIN":"2004","Active":0,"StartTime":"2025-10-16T14:03:33Z","EndTime":"2025-10-16T15:07:39Z","AmountPaid":1500,"OpenBy":"user","LockerCode":"C4"},{"ID":505,"LockerID":23,"Phone":"3057844648","PIN":"0418","Active":0,"StartTime":"2025-10-16T14:59:10Z","EndTime":"2025-10-16T15:32:56Z","AmountPaid":1500,"OpenBy":"user","LockerCode":"C3"},{"ID":506,"LockerID":29,"Phone":"3114943975","PIN":"1389","Active":0,"StartTime":"2025-10-16T15:28:09Z","EndTime":"2025-10-16T17:47:25Z","AmountPaid":1500,"OpenBy":"user","LockerCode":"C9"},{"ID":507,"LockerID":25,"Phone":"3028325452","PIN":"2425","Active":0,"StartTime":"2025-10-16T15:41:17Z","EndTime":"2025-10-16T16:57:39Z","AmountPaid":1500,"OpenBy":"user","LockerCode":"C5"},{"ID":508,"LockerID":47,"Phone":"3057083352","PIN":"5555","Active":0,"StartTime":"2025-10-16T16:21:36Z","EndTime":"2025-10-16T16:49:52Z","AmountPaid":1500,"OpenBy":"user","LockerCode":"E7"},{"ID":509,"LockerID":60,"Phone":"3008902690","PIN":"1310","Active":0,"StartTime":"2025-10-16T18:19:45Z","EndTime":"2025-10-16T18:50:57Z","AmountPaid":1500,"OpenBy":"user","LockerCode":"F10"},{"ID":510,"LockerID":16,"Phone":"3185398593","PIN":"6400","Active":0,"StartTime":"2025-10-16T20:29:11Z","EndTime":"2025-10-16T21:27:02Z","AmountPaid":1500,"OpenBy":"user","LockerCode":"B6"},{"ID":511,"LockerID":42,"Phone":"3152002930","PIN":"1822","Active":0,"StartTime":"2025-10-16T21:13:49Z","EndTime":"2025-10-16T22:52:55Z","AmountPaid":1500,"OpenBy":"user","LockerCode":"E2"},{"ID":512,"LockerID":20,"Phone":"3227214486","PIN":"0803","Active":1,"StartTime":"2025-10-16T22:36:35Z","EndTime":null,"AmountPaid":2000,"OpenBy":"user","LockerCode":"B10"},{"ID":513,"LockerID":14,"Phone":"3025473287","PIN":"0803","Active":1,"StartTime":"2025-10-16T22:37:47Z","EndTime":null,"AmountPaid":1500,"OpenBy":"user","LockerCode":"B4"},{"ID":514,"LockerID":31,"Phone":"3212258405","PIN":"9904","Active":1,"StartTime":"2025-10-16T22:43:42Z","EndTime":null,"AmountPaid":1500,"OpenBy":"user","LockerCode":"D1"},{"ID":515,"LockerID":54,"Phone":"3125478000","PIN":"0000","Active":1,"StartTime":"2025-10-17T05:07:31Z","EndTime":null,"AmountPaid":0,"OpenBy":"user","LockerCode":"F4"},{"ID":516,"LockerID":23,"Phone":"3103192771","PIN":"0000","Active":0,"StartTime":"2025-10-17T05:09:08Z","EndTime":"2025-10-17T05:09:19Z","AmountPaid":0,"OpenBy":"user","LockerCode":"C3"},{"ID":517,"LockerID":57,"Phone":"3103192771","PIN":"0000","Active":0,"StartTime":"2025-10-17T05:10:55Z","EndTime":"2025-10-17T05:11:17Z","AmountPaid":0,"OpenBy":"user","LockerCode":"F7"}]
[2025-10-21 20:24:09] [INFO] [main] [scheduleReport] Actualizando ejecución → Real: 2025-10-21 20:24:09 | Próximo target: 2025-10-27 00:10:00
[2025-10-21 20:24:09] [INFO] [main] [scheduleReport] Tarea ejecutada correctamente
[2025-10-21 20:24:18] [INFO] [main] [assignLocker] Timeout por parámetro: 360000
[2025-10-21 20:24:18] [INFO] [main] [assignLocker] Timeout efectivo en ejecución: 360000
[2025-10-21 20:24:18] [INFO] [main] [websocket] Conectando a WebSocket: ws://localhost:8080
[2025-10-21 20:24:18] [INFO] [main] [websocket] WebSocket conectado exitosamente
[2025-10-21 20:24:18] [INFO] [main] [assignLocker] WebSocket listo, enviando HTTP /assign...
[2025-10-21 20:24:18] [INFO] [main] [assignLocker] Iniciando petición para asignar casillero con hasta 5 reintentos
[2025-10-21 20:24:18] [INFO] [main] [assignLocker] Intento 1: HOST -> http://localhost:8080
[2025-10-21 20:24:18] [INFO] [main] [assignLocker] Intento 1: URL -> /api/lockers/assign
[2025-10-21 20:24:18] [INFO] [main] [assignLocker] Intento 1: Request -> {"phone":"3280000000","pin":"0000","openBy":"user"}
[2025-10-21 20:24:18] [INFO] [main] [assignLocker] Response. Status: 200
[2025-10-21 20:24:18] [INFO] [main] [assignLocker] Response. Data: {"success":true,"message":"Locker asignado y abierto exitosamente","lockerCode":"E1"}
[2025-10-21 20:24:18] [INFO] [main] [websocket] Cerrando conexión manualmente
[2025-10-21 20:24:18] [INFO] [main] [assignLocker] Proceso completado exitosamente
[2025-10-21 20:24:20] [WARN] [main] [websocket] Conexión cerrada
[2025-10-21 20:24:26] [INFO] [main] [statusLockers] Iniciando petición para obtener casilleros disponibles
[2025-10-21 20:24:26] [INFO] [main] [statusLockers] Timeout efectivo en ejecución: 30000
[2025-10-21 20:24:26] [INFO] [main] [statusLockers] Intento 1: HOST -> http://localhost:8080
[2025-10-21 20:24:26] [INFO] [main] [statusLockers] Intento 1: URL -> /api/lockers/get-all-status
[2025-10-21 20:24:26] [INFO] [main] [statusLockers] Response. Status: 200
[2025-10-21 20:24:26] [INFO] [main] [statusLockers] Response. Data: {"general":[{"status":"ocupado","total":5},{"status":"libre","total":50},{"status":"reservado","total":4},{"status":"deshabilitado","total":0},{"status":"asignado","total":1}],"modules":[{"module":"A","lockers":[{"lockerCode":"A1","status":"libre"},{"lockerCode":"A2","status":"reservado"},{"lockerCode":"A3","status":"reservado"},{"lockerCode":"A4","status":"reservado"},{"lockerCode":"A5","status":"libre"},{"lockerCode":"A6","status":"reservado"},{"lockerCode":"A7","status":"libre"},{"lockerCode":"A8","status":"libre"},{"lockerCode":"A9","status":"libre"},{"lockerCode":"A10","status":"libre"}]},{"module":"B","lockers":[{"lockerCode":"B1","status":"libre"},{"lockerCode":"B2","status":"libre"},{"lockerCode":"B3","status":"libre"},{"lockerCode":"B4","status":"ocupado"},{"lockerCode":"B5","status":"libre"},{"lockerCode":"B6","status":"libre"},{"lockerCode":"B7","status":"libre"},{"lockerCode":"B8","status":"libre"},{"lockerCode":"B9","status":"libre"},{"lockerCode":"B10","status":"ocupado"}]},{"module":"C","lockers":[{"lockerCode":"C1","status":"libre"},{"lockerCode":"C2","status":"libre"},{"lockerCode":"C3","status":"libre"},{"lockerCode":"C4","status":"libre"},{"lockerCode":"C5","status":"libre"},{"lockerCode":"C6","status":"libre"},{"lockerCode":"C7","status":"libre"},{"lockerCode":"C8","status":"libre"},{"lockerCode":"C9","status":"libre"},{"lockerCode":"C10","status":"libre"}]},{"module":"D","lockers":[{"lockerCode":"D1","status":"ocupado"},{"lockerCode":"D2","status":"libre"},{"lockerCode":"D3","status":"libre"},{"lockerCode":"D4","status":"libre"},{"lockerCode":"D5","status":"libre"},{"lockerCode":"D6","status":"libre"},{"lockerCode":"D7","status":"libre"},{"lockerCode":"D8","status":"libre"},{"lockerCode":"D9","status":"libre"},{"lockerCode":"D10","status":"libre"}]},{"module":"E","lockers":[{"lockerCode":"E1","status":"ocupado"},{"lockerCode":"E2","status":"libre"},{"lockerCode":"E3","status":"libre"},{"lockerCode":"E4","status":"libre"},{"lockerCode":"E5","status":"libre"},{"lockerCode":"E6","status":"libre"},{"lockerCode":"E7","status":"libre"},{"lockerCode":"E8","status":"libre"},{"lockerCode":"E9","status":"libre"},{"lockerCode":"E10","status":"libre"}]},{"module":"F","lockers":[{"lockerCode":"F1","status":"asignado"},{"lockerCode":"F2","status":"libre"},{"lockerCode":"F3","status":"libre"},{"lockerCode":"F4","status":"ocupado"},{"lockerCode":"F5","status":"libre"},{"lockerCode":"F6","status":"libre"},{"lockerCode":"F7","status":"libre"},{"lockerCode":"F8","status":"libre"},{"lockerCode":"F9","status":"libre"},{"lockerCode":"F10","status":"libre"}]}]}
[2025-10-21 20:24:27] [INFO] [main] [app] Scheduler diario habilitado: false | usuario config: undefined | usuario actual: operador
[2025-10-21 20:24:27] [INFO] [main] [app] Scheduler semanal habilitado: false | usuario config: undefined | usuario actual: operador
[2025-10-21 20:24:27] [INFO] [main] [app] Scheduler mensual habilitado: false | usuario config: undefined | usuario actual: operador
[2025-10-21 20:24:27] [INFO] [main] [app] Scheduler diario habilitado: false | usuario config: undefined | usuario actual: operador
[2025-10-21 20:24:27] [INFO] [main] [app] Scheduler semanal habilitado: false | usuario config: undefined | usuario actual: operador
[2025-10-21 20:24:27] [INFO] [main] [app] Scheduler mensual habilitado: false | usuario config: undefined | usuario actual: operador
[2025-10-21 20:24:27] [INFO] [main] [statusLockers] Iniciando petición para obtener casilleros disponibles
[2025-10-21 20:24:27] [INFO] [main] [statusLockers] Timeout efectivo en ejecución: 30000
[2025-10-21 20:24:27] [INFO] [main] [statusLockers] Intento 1: HOST -> http://localhost:8080
[2025-10-21 20:24:27] [INFO] [main] [statusLockers] Intento 1: URL -> /api/lockers/get-all-status
[2025-10-21 20:24:27] [INFO] [main] [Copyright] Versión cargada: 1.1.0
[2025-10-21 20:24:27] [INFO] [main] [app] Componente App montado
[2025-10-21 20:24:27] [INFO] [main] [app] Versión cargada: 1.1.0
[2025-10-21 20:24:27] [INFO] [main] [statusLockers] Iniciando petición para obtener casilleros disponibles
[2025-10-21 20:24:27] [INFO] [main] [statusLockers] Timeout efectivo en ejecución: 30000
[2025-10-21 20:24:27] [INFO] [main] [statusLockers] Intento 1: HOST -> http://localhost:8080
[2025-10-21 20:24:27] [INFO] [main] [statusLockers] Intento 1: URL -> /api/lockers/get-all-status
[2025-10-21 20:24:27] [INFO] [main] [Copyright] Versión cargada: 1.1.0
[2025-10-21 20:24:27] [INFO] [main] [app] Componente App montado
[2025-10-21 20:24:27] [INFO] [main] [app] Versión cargada: 1.1.0
[2025-10-21 20:24:27] [INFO] [main] [app] Scheduler diario habilitado: false | usuario config: undefined | usuario actual: operador
[2025-10-21 20:24:27] [INFO] [main] [app] Scheduler semanal habilitado: false | usuario config: undefined | usuario actual: operador
[2025-10-21 20:24:27] [INFO] [main] [app] Scheduler mensual habilitado: false | usuario config: undefined | usuario actual: operador
[2025-10-21 20:24:27] [INFO] [main] [app] Scheduler diario habilitado: false | usuario config: undefined | usuario actual: operador
[2025-10-21 20:24:27] [INFO] [main] [app] Scheduler semanal habilitado: false | usuario config: undefined | usuario actual: operador
[2025-10-21 20:24:27] [INFO] [main] [app] Scheduler mensual habilitado: false | usuario config: undefined | usuario actual: operador
[2025-10-21 20:24:28] [INFO] [main] [useConfig] Configuración inicial obtenida
[2025-10-21 20:24:28] [INFO] [main] [useConfig] Configuración inicial obtenida
[2025-10-21 20:24:28] [INFO] [main] [useConfig] Configuración inicial obtenida
[2025-10-21 20:24:28] [INFO] [main] [useConfig] Configuración inicial obtenida
[2025-10-21 20:24:28] [INFO] [main] [useConfig] Configuración inicial obtenida
[2025-10-21 20:24:28] [INFO] [main] [useConfig] Configuración inicial obtenida
[2025-10-21 20:24:28] [INFO] [main] [useConfig] Configuración inicial obtenida
[2025-10-21 20:24:28] [INFO] [main] [useConfig] Configuración inicial obtenida
[2025-10-21 20:24:28] [INFO] [main] [app] Scheduler diario habilitado: true | usuario config: operador | usuario actual: operador
[2025-10-21 20:24:28] [INFO] [main] [app] Scheduler semanal habilitado: true | usuario config: operador | usuario actual: operador
[2025-10-21 20:24:28] [INFO] [main] [app] Scheduler mensual habilitado: true | usuario config: operador | usuario actual: operador
[2025-10-21 20:24:28] [INFO] [main] [app] Scheduler diario habilitado: true | usuario config: operador | usuario actual: operador
[2025-10-21 20:24:28] [INFO] [main] [app] Scheduler semanal habilitado: true | usuario config: operador | usuario actual: operador
[2025-10-21 20:24:28] [INFO] [main] [app] Scheduler mensual habilitado: true | usuario config: operador | usuario actual: operador
[2025-10-21 20:24:28] [INFO] [main] [statusLockers] Response. Status: 200
[2025-10-21 20:24:28] [INFO] [main] [statusLockers] Response. Data: {"general":[{"status":"ocupado","total":5},{"status":"libre","total":50},{"status":"reservado","total":4},{"status":"deshabilitado","total":0},{"status":"asignado","total":1}],"modules":[{"module":"A","lockers":[{"lockerCode":"A1","status":"libre"},{"lockerCode":"A2","status":"reservado"},{"lockerCode":"A3","status":"reservado"},{"lockerCode":"A4","status":"reservado"},{"lockerCode":"A5","status":"libre"},{"lockerCode":"A6","status":"reservado"},{"lockerCode":"A7","status":"libre"},{"lockerCode":"A8","status":"libre"},{"lockerCode":"A9","status":"libre"},{"lockerCode":"A10","status":"libre"}]},{"module":"B","lockers":[{"lockerCode":"B1","status":"libre"},{"lockerCode":"B2","status":"libre"},{"lockerCode":"B3","status":"libre"},{"lockerCode":"B4","status":"ocupado"},{"lockerCode":"B5","status":"libre"},{"lockerCode":"B6","status":"libre"},{"lockerCode":"B7","status":"libre"},{"lockerCode":"B8","status":"libre"},{"lockerCode":"B9","status":"libre"},{"lockerCode":"B10","status":"ocupado"}]},{"module":"C","lockers":[{"lockerCode":"C1","status":"libre"},{"lockerCode":"C2","status":"libre"},{"lockerCode":"C3","status":"libre"},{"lockerCode":"C4","status":"libre"},{"lockerCode":"C5","status":"libre"},{"lockerCode":"C6","status":"libre"},{"lockerCode":"C7","status":"libre"},{"lockerCode":"C8","status":"libre"},{"lockerCode":"C9","status":"libre"},{"lockerCode":"C10","status":"libre"}]},{"module":"D","lockers":[{"lockerCode":"D1","status":"ocupado"},{"lockerCode":"D2","status":"libre"},{"lockerCode":"D3","status":"libre"},{"lockerCode":"D4","status":"libre"},{"lockerCode":"D5","status":"libre"},{"lockerCode":"D6","status":"libre"},{"lockerCode":"D7","status":"libre"},{"lockerCode":"D8","status":"libre"},{"lockerCode":"D9","status":"libre"},{"lockerCode":"D10","status":"libre"}]},{"module":"E","lockers":[{"lockerCode":"E1","status":"ocupado"},{"lockerCode":"E2","status":"libre"},{"lockerCode":"E3","status":"libre"},{"lockerCode":"E4","status":"libre"},{"lockerCode":"E5","status":"libre"},{"lockerCode":"E6","status":"libre"},{"lockerCode":"E7","status":"libre"},{"lockerCode":"E8","status":"libre"},{"lockerCode":"E9","status":"libre"},{"lockerCode":"E10","status":"libre"}]},{"module":"F","lockers":[{"lockerCode":"F1","status":"asignado"},{"lockerCode":"F2","status":"libre"},{"lockerCode":"F3","status":"libre"},{"lockerCode":"F4","status":"ocupado"},{"lockerCode":"F5","status":"libre"},{"lockerCode":"F6","status":"libre"},{"lockerCode":"F7","status":"libre"},{"lockerCode":"F8","status":"libre"},{"lockerCode":"F9","status":"libre"},{"lockerCode":"F10","status":"libre"}]}]}
[2025-10-21 20:24:28] [INFO] [main] [statusLockers] Response. Status: 200
[2025-10-21 20:24:28] [INFO] [main] [statusLockers] Response. Data: {"general":[{"status":"reservado","total":4},{"status":"deshabilitado","total":0},{"status":"asignado","total":1},{"status":"ocupado","total":5},{"status":"libre","total":50}],"modules":[{"module":"A","lockers":[{"lockerCode":"A1","status":"libre"},{"lockerCode":"A2","status":"reservado"},{"lockerCode":"A3","status":"reservado"},{"lockerCode":"A4","status":"reservado"},{"lockerCode":"A5","status":"libre"},{"lockerCode":"A6","status":"reservado"},{"lockerCode":"A7","status":"libre"},{"lockerCode":"A8","status":"libre"},{"lockerCode":"A9","status":"libre"},{"lockerCode":"A10","status":"libre"}]},{"module":"B","lockers":[{"lockerCode":"B1","status":"libre"},{"lockerCode":"B2","status":"libre"},{"lockerCode":"B3","status":"libre"},{"lockerCode":"B4","status":"ocupado"},{"lockerCode":"B5","status":"libre"},{"lockerCode":"B6","status":"libre"},{"lockerCode":"B7","status":"libre"},{"lockerCode":"B8","status":"libre"},{"lockerCode":"B9","status":"libre"},{"lockerCode":"B10","status":"ocupado"}]},{"module":"C","lockers":[{"lockerCode":"C1","status":"libre"},{"lockerCode":"C2","status":"libre"},{"lockerCode":"C3","status":"libre"},{"lockerCode":"C4","status":"libre"},{"lockerCode":"C5","status":"libre"},{"lockerCode":"C6","status":"libre"},{"lockerCode":"C7","status":"libre"},{"lockerCode":"C8","status":"libre"},{"lockerCode":"C9","status":"libre"},{"lockerCode":"C10","status":"libre"}]},{"module":"D","lockers":[{"lockerCode":"D1","status":"ocupado"},{"lockerCode":"D2","status":"libre"},{"lockerCode":"D3","status":"libre"},{"lockerCode":"D4","status":"libre"},{"lockerCode":"D5","status":"libre"},{"lockerCode":"D6","status":"libre"},{"lockerCode":"D7","status":"libre"},{"lockerCode":"D8","status":"libre"},{"lockerCode":"D9","status":"libre"},{"lockerCode":"D10","status":"libre"}]},{"module":"E","lockers":[{"lockerCode":"E1","status":"ocupado"},{"lockerCode":"E2","status":"libre"},{"lockerCode":"E3","status":"libre"},{"lockerCode":"E4","status":"libre"},{"lockerCode":"E5","status":"libre"},{"lockerCode":"E6","status":"libre"},{"lockerCode":"E7","status":"libre"},{"lockerCode":"E8","status":"libre"},{"lockerCode":"E9","status":"libre"},{"lockerCode":"E10","status":"libre"}]},{"module":"F","lockers":[{"lockerCode":"F1","status":"asignado"},{"lockerCode":"F2","status":"libre"},{"lockerCode":"F3","status":"libre"},{"lockerCode":"F4","status":"ocupado"},{"lockerCode":"F5","status":"libre"},{"lockerCode":"F6","status":"libre"},{"lockerCode":"F7","status":"libre"},{"lockerCode":"F8","status":"libre"},{"lockerCode":"F9","status":"libre"},{"lockerCode":"F10","status":"libre"}]}]}
[2025-10-21 20:24:29] [INFO] [main] [app] Scheduler diario habilitado: true | usuario config: operador | usuario actual: operador
[2025-10-21 20:24:29] [INFO] [main] [app] Scheduler semanal habilitado: true | usuario config: operador | usuario actual: operador
[2025-10-21 20:24:29] [INFO] [main] [app] Scheduler mensual habilitado: true | usuario config: operador | usuario actual: operador
[2025-10-21 20:24:29] [INFO] [main] [app] Scheduler diario habilitado: true | usuario config: operador | usuario actual: operador
[2025-10-21 20:24:29] [INFO] [main] [app] Scheduler semanal habilitado: true | usuario config: operador | usuario actual: operador
[2025-10-21 20:24:29] [INFO] [main] [app] Scheduler mensual habilitado: true | usuario config: operador | usuario actual: operador
[2025-10-21 20:24:53] [INFO] [main] [app] Scheduler diario habilitado: true | usuario config: operador | usuario actual: operador
[2025-10-21 20:24:53] [INFO] [main] [app] Scheduler semanal habilitado: true | usuario config: operador | usuario actual: operador
[2025-10-21 20:24:53] [INFO] [main] [app] Scheduler mensual habilitado: true | usuario config: operador | usuario actual: operador
[2025-10-21 20:24:53] [INFO] [main] [app] Scheduler diario habilitado: true | usuario config: operador | usuario actual: operador
[2025-10-21 20:24:53] [INFO] [main] [app] Scheduler semanal habilitado: true | usuario config: operador | usuario actual: operador
[2025-10-21 20:24:53] [INFO] [main] [app] Scheduler mensual habilitado: true | usuario config: operador | usuario actual: operador
[2025-10-21 20:25:03] [INFO] [main] [statusLockers] Iniciando petición para obtener casilleros disponibles
[2025-10-21 20:25:03] [INFO] [main] [statusLockers] Timeout efectivo en ejecución: 30000
[2025-10-21 20:25:03] [INFO] [main] [statusLockers] Intento 1: HOST -> http://localhost:8080
[2025-10-21 20:25:03] [INFO] [main] [statusLockers] Intento 1: URL -> /api/lockers/get-all-status
[2025-10-21 20:25:03] [INFO] [main] [statusLockers] Response. Status: 200
[2025-10-21 20:25:03] [INFO] [main] [statusLockers] Response. Data: {"general":[{"status":"ocupado","total":5},{"status":"libre","total":50},{"status":"reservado","total":4},{"status":"deshabilitado","total":0},{"status":"asignado","total":1}],"modules":[{"module":"A","lockers":[{"lockerCode":"A1","status":"libre"},{"lockerCode":"A2","status":"reservado"},{"lockerCode":"A3","status":"reservado"},{"lockerCode":"A4","status":"reservado"},{"lockerCode":"A5","status":"libre"},{"lockerCode":"A6","status":"reservado"},{"lockerCode":"A7","status":"libre"},{"lockerCode":"A8","status":"libre"},{"lockerCode":"A9","status":"libre"},{"lockerCode":"A10","status":"libre"}]},{"module":"B","lockers":[{"lockerCode":"B1","status":"libre"},{"lockerCode":"B2","status":"libre"},{"lockerCode":"B3","status":"libre"},{"lockerCode":"B4","status":"ocupado"},{"lockerCode":"B5","status":"libre"},{"lockerCode":"B6","status":"libre"},{"lockerCode":"B7","status":"libre"},{"lockerCode":"B8","status":"libre"},{"lockerCode":"B9","status":"libre"},{"lockerCode":"B10","status":"ocupado"}]},{"module":"C","lockers":[{"lockerCode":"C1","status":"libre"},{"lockerCode":"C2","status":"libre"},{"lockerCode":"C3","status":"libre"},{"lockerCode":"C4","status":"libre"},{"lockerCode":"C5","status":"libre"},{"lockerCode":"C6","status":"libre"},{"lockerCode":"C7","status":"libre"},{"lockerCode":"C8","status":"libre"},{"lockerCode":"C9","status":"libre"},{"lockerCode":"C10","status":"libre"}]},{"module":"D","lockers":[{"lockerCode":"D1","status":"ocupado"},{"lockerCode":"D2","status":"libre"},{"lockerCode":"D3","status":"libre"},{"lockerCode":"D4","status":"libre"},{"lockerCode":"D5","status":"libre"},{"lockerCode":"D6","status":"libre"},{"lockerCode":"D7","status":"libre"},{"lockerCode":"D8","status":"libre"},{"lockerCode":"D9","status":"libre"},{"lockerCode":"D10","status":"libre"}]},{"module":"E","lockers":[{"lockerCode":"E1","status":"ocupado"},{"lockerCode":"E2","status":"libre"},{"lockerCode":"E3","status":"libre"},{"lockerCode":"E4","status":"libre"},{"lockerCode":"E5","status":"libre"},{"lockerCode":"E6","status":"libre"},{"lockerCode":"E7","status":"libre"},{"lockerCode":"E8","status":"libre"},{"lockerCode":"E9","status":"libre"},{"lockerCode":"E10","status":"libre"}]},{"module":"F","lockers":[{"lockerCode":"F1","status":"asignado"},{"lockerCode":"F2","status":"libre"},{"lockerCode":"F3","status":"libre"},{"lockerCode":"F4","status":"ocupado"},{"lockerCode":"F5","status":"libre"},{"lockerCode":"F6","status":"libre"},{"lockerCode":"F7","status":"libre"},{"lockerCode":"F8","status":"libre"},{"lockerCode":"F9","status":"libre"},{"lockerCode":"F10","status":"libre"}]}]}
[2025-10-21 20:25:04] [INFO] [main] [app] Scheduler diario habilitado: true | usuario config: operador | usuario actual: operador
[2025-10-21 20:25:04] [INFO] [main] [app] Scheduler semanal habilitado: true | usuario config: operador | usuario actual: operador
[2025-10-21 20:25:04] [INFO] [main] [app] Scheduler mensual habilitado: true | usuario config: operador | usuario actual: operador
[2025-10-21 20:25:04] [INFO] [main] [app] Scheduler diario habilitado: true | usuario config: operador | usuario actual: operador
[2025-10-21 20:25:04] [INFO] [main] [app] Scheduler semanal habilitado: true | usuario config: operador | usuario actual: operador
[2025-10-21 20:25:04] [INFO] [main] [app] Scheduler mensual habilitado: true | usuario config: operador | usuario actual: operador
[2025-10-21 20:26:14] [INFO] [main] [app] Scheduler diario habilitado: true | usuario config: operador | usuario actual: operador
[2025-10-21 20:26:14] [INFO] [main] [app] Scheduler semanal habilitado: true | usuario config: operador | usuario actual: operador
[2025-10-21 20:26:14] [INFO] [main] [app] Scheduler mensual habilitado: true | usuario config: operador | usuario actual: operador
[2025-10-21 20:26:14] [INFO] [main] [app] Scheduler diario habilitado: true | usuario config: operador | usuario actual: operador
[2025-10-21 20:26:14] [INFO] [main] [app] Scheduler semanal habilitado: true | usuario config: operador | usuario actual: operador
[2025-10-21 20:26:14] [INFO] [main] [app] Scheduler mensual habilitado: true | usuario config: operador | usuario actual: operador
[2025-10-21 20:26:16] [INFO] [main] [app] Scheduler diario habilitado: true | usuario config: operador | usuario actual: operador
[2025-10-21 20:26:16] [INFO] [main] [app] Scheduler semanal habilitado: true | usuario config: operador | usuario actual: operador
[2025-10-21 20:26:16] [INFO] [main] [app] Scheduler mensual habilitado: true | usuario config: operador | usuario actual: operador
[2025-10-21 20:26:16] [INFO] [main] [app] Scheduler diario habilitado: true | usuario config: operador | usuario actual: operador
[2025-10-21 20:26:16] [INFO] [main] [app] Scheduler semanal habilitado: true | usuario config: operador | usuario actual: operador
[2025-10-21 20:26:16] [INFO] [main] [app] Scheduler mensual habilitado: true | usuario config: operador | usuario actual: operador
[2025-10-21 20:26:24] [INFO] [main] [configStore] Configuración actualizada
[2025-10-21 20:26:24] [INFO] [main] [configStore] Nueva configuración recibida vía IPC
[2025-10-21 20:26:24] [INFO] [main] [useConfig] Configuración actualizada mediante onConfigUpdate
[2025-10-21 20:26:24] [INFO] [main] [useConfig] Configuración actualizada mediante onConfigUpdate
[2025-10-21 20:26:24] [INFO] [main] [useConfig] Configuración actualizada mediante onConfigUpdate
[2025-10-21 20:26:24] [INFO] [main] [useConfig] Configuración actualizada mediante onConfigUpdate
[2025-10-21 20:26:24] [INFO] [main] [useConfig] Configuración actualizada mediante onConfigUpdate
[2025-10-21 20:26:24] [INFO] [main] [useConfig] Configuración actualizada mediante onConfigUpdate
[2025-10-21 20:26:24] [INFO] [main] [useConfig] Configuración actualizada mediante onConfigUpdate
[2025-10-21 20:26:24] [INFO] [main] [useConfig] Configuración actualizada mediante onConfigUpdate
[2025-10-21 20:26:24] [INFO] [main] [useConfig] Configuración actualizada mediante onConfigUpdate
[2025-10-21 20:26:24] [INFO] [main] [useConfig] Configuración actualizada mediante onConfigUpdate
[2025-10-21 20:26:24] [INFO] [main] [useConfig] Configuración actualizada mediante onConfigUpdate
[2025-10-21 20:26:24] [INFO] [main] [useConfig] Configuración actualizada mediante onConfigUpdate
[2025-10-21 20:26:24] [INFO] [main] [useConfig] Configuración actualizada mediante onConfigUpdate
[2025-10-21 20:26:24] [INFO] [main] [useConfig] Configuración actualizada mediante onConfigUpdate
[2025-10-21 20:26:24] [INFO] [main] [useConfig] Configuración actualizada mediante onConfigUpdate
[2025-10-21 20:26:24] [INFO] [main] [useConfig] Configuración actualizada mediante onConfigUpdate
[2025-10-21 20:26:24] [INFO] [main] [useConfig] Configuración actualizada mediante onConfigUpdate
[2025-10-21 20:26:24] [INFO] [main] [useConfig] Configuración actualizada mediante onConfigUpdate
[2025-10-21 20:26:24] [INFO] [main] [app] Scheduler diario habilitado: true | usuario config: operador | usuario actual: operador
[2025-10-21 20:26:24] [INFO] [main] [app] Scheduler semanal habilitado: true | usuario config: operador | usuario actual: operador
[2025-10-21 20:26:24] [INFO] [main] [app] Scheduler mensual habilitado: true | usuario config: operador | usuario actual: operador
[2025-10-21 20:26:24] [INFO] [main] [app] Scheduler diario habilitado: true | usuario config: operador | usuario actual: operador
[2025-10-21 20:26:24] [INFO] [main] [app] Scheduler semanal habilitado: true | usuario config: operador | usuario actual: operador
[2025-10-21 20:26:24] [INFO] [main] [app] Scheduler mensual habilitado: true | usuario config: operador | usuario actual: operador
[2025-10-21 20:26:24] [INFO] [main] [configStore] Configuración actualizada
[2025-10-21 20:26:24] [INFO] [main] [configStore] Nueva configuración recibida vía IPC
[2025-10-21 20:26:24] [INFO] [main] [useConfig] Configuración actualizada mediante onConfigUpdate
[2025-10-21 20:26:24] [INFO] [main] [useConfig] Configuración actualizada mediante onConfigUpdate
[2025-10-21 20:26:24] [INFO] [main] [useConfig] Configuración actualizada mediante onConfigUpdate
[2025-10-21 20:26:24] [INFO] [main] [useConfig] Configuración actualizada mediante onConfigUpdate
[2025-10-21 20:26:24] [INFO] [main] [useConfig] Configuración actualizada mediante onConfigUpdate
[2025-10-21 20:26:24] [INFO] [main] [useConfig] Configuración actualizada mediante onConfigUpdate
[2025-10-21 20:26:24] [INFO] [main] [useConfig] Configuración actualizada mediante onConfigUpdate
[2025-10-21 20:26:24] [INFO] [main] [useConfig] Configuración actualizada mediante onConfigUpdate
[2025-10-21 20:26:24] [INFO] [main] [useConfig] Configuración actualizada mediante onConfigUpdate
[2025-10-21 20:26:24] [INFO] [main] [useConfig] Configuración actualizada mediante onConfigUpdate
[2025-10-21 20:26:24] [INFO] [main] [useConfig] Configuración actualizada mediante onConfigUpdate
[2025-10-21 20:26:24] [INFO] [main] [useConfig] Configuración actualizada mediante onConfigUpdate
[2025-10-21 20:26:24] [INFO] [main] [useConfig] Configuración actualizada mediante onConfigUpdate
[2025-10-21 20:26:24] [INFO] [main] [useConfig] Configuración actualizada mediante onConfigUpdate
[2025-10-21 20:26:24] [INFO] [main] [useConfig] Configuración actualizada mediante onConfigUpdate
[2025-10-21 20:26:24] [INFO] [main] [useConfig] Configuración actualizada mediante onConfigUpdate
[2025-10-21 20:26:24] [INFO] [main] [useConfig] Configuración actualizada mediante onConfigUpdate
[2025-10-21 20:26:24] [INFO] [main] [useConfig] Configuración actualizada mediante onConfigUpdate
[2025-10-21 20:26:24] [INFO] [main] [configStore] Configuración actualizada
[2025-10-21 20:26:24] [INFO] [main] [configStore] Nueva configuración recibida vía IPC
[2025-10-21 20:26:24] [INFO] [main] [useConfig] Configuración actualizada mediante onConfigUpdate
[2025-10-21 20:26:24] [INFO] [main] [useConfig] Configuración actualizada mediante onConfigUpdate
[2025-10-21 20:26:24] [INFO] [main] [useConfig] Configuración actualizada mediante onConfigUpdate
[2025-10-21 20:26:24] [INFO] [main] [useConfig] Configuración actualizada mediante onConfigUpdate
[2025-10-21 20:26:24] [INFO] [main] [useConfig] Configuración actualizada mediante onConfigUpdate
[2025-10-21 20:26:24] [INFO] [main] [useConfig] Configuración actualizada mediante onConfigUpdate
[2025-10-21 20:26:24] [INFO] [main] [useConfig] Configuración actualizada mediante onConfigUpdate
[2025-10-21 20:26:24] [INFO] [main] [useConfig] Configuración actualizada mediante onConfigUpdate
[2025-10-21 20:26:24] [INFO] [main] [useConfig] Configuración actualizada mediante onConfigUpdate
[2025-10-21 20:26:24] [INFO] [main] [useConfig] Configuración actualizada mediante onConfigUpdate
[2025-10-21 20:26:24] [INFO] [main] [useConfig] Configuración actualizada mediante onConfigUpdate
[2025-10-21 20:26:24] [INFO] [main] [useConfig] Configuración actualizada mediante onConfigUpdate
[2025-10-21 20:26:24] [INFO] [main] [useConfig] Configuración actualizada mediante onConfigUpdate
[2025-10-21 20:26:24] [INFO] [main] [useConfig] Configuración actualizada mediante onConfigUpdate
[2025-10-21 20:26:24] [INFO] [main] [useConfig] Configuración actualizada mediante onConfigUpdate
[2025-10-21 20:26:24] [INFO] [main] [useConfig] Configuración actualizada mediante onConfigUpdate
[2025-10-21 20:26:24] [INFO] [main] [useConfig] Configuración actualizada mediante onConfigUpdate
[2025-10-21 20:26:24] [INFO] [main] [useConfig] Configuración actualizada mediante onConfigUpdate
[2025-10-21 20:26:24] [INFO] [main] [configStore] Configuración actualizada
[2025-10-21 20:26:24] [INFO] [main] [configStore] Nueva configuración recibida vía IPC
[2025-10-21 20:26:24] [INFO] [main] [useConfig] Configuración actualizada mediante onConfigUpdate
[2025-10-21 20:26:24] [INFO] [main] [useConfig] Configuración actualizada mediante onConfigUpdate
[2025-10-21 20:26:24] [INFO] [main] [useConfig] Configuración actualizada mediante onConfigUpdate
[2025-10-21 20:26:24] [INFO] [main] [useConfig] Configuración actualizada mediante onConfigUpdate
[2025-10-21 20:26:24] [INFO] [main] [useConfig] Configuración actualizada mediante onConfigUpdate
[2025-10-21 20:26:24] [INFO] [main] [useConfig] Configuración actualizada mediante onConfigUpdate
[2025-10-21 20:26:24] [INFO] [main] [useConfig] Configuración actualizada mediante onConfigUpdate
[2025-10-21 20:26:24] [INFO] [main] [useConfig] Configuración actualizada mediante onConfigUpdate
[2025-10-21 20:26:24] [INFO] [main] [useConfig] Configuración actualizada mediante onConfigUpdate
[2025-10-21 20:26:24] [INFO] [main] [useConfig] Configuración actualizada mediante onConfigUpdate
[2025-10-21 20:26:24] [INFO] [main] [useConfig] Configuración actualizada mediante onConfigUpdate
[2025-10-21 20:26:24] [INFO] [main] [useConfig] Configuración actualizada mediante onConfigUpdate
[2025-10-21 20:26:24] [INFO] [main] [useConfig] Configuración actualizada mediante onConfigUpdate
[2025-10-21 20:26:24] [INFO] [main] [useConfig] Configuración actualizada mediante onConfigUpdate
[2025-10-21 20:26:24] [INFO] [main] [useConfig] Configuración actualizada mediante onConfigUpdate
[2025-10-21 20:26:24] [INFO] [main] [useConfig] Configuración actualizada mediante onConfigUpdate
[2025-10-21 20:26:24] [INFO] [main] [useConfig] Configuración actualizada mediante onConfigUpdate
[2025-10-21 20:26:24] [INFO] [main] [useConfig] Configuración actualizada mediante onConfigUpdate
[2025-10-21 20:26:24] [INFO] [main] [configStore] Configuración actualizada
[2025-10-21 20:26:24] [INFO] [main] [configStore] Nueva configuración recibida vía IPC
[2025-10-21 20:26:24] [INFO] [main] [useConfig] Configuración actualizada mediante onConfigUpdate
[2025-10-21 20:26:24] [INFO] [main] [useConfig] Configuración actualizada mediante onConfigUpdate
[2025-10-21 20:26:24] [INFO] [main] [useConfig] Configuración actualizada mediante onConfigUpdate
[2025-10-21 20:26:24] [INFO] [main] [useConfig] Configuración actualizada mediante onConfigUpdate
[2025-10-21 20:26:24] [INFO] [main] [useConfig] Configuración actualizada mediante onConfigUpdate
[2025-10-21 20:26:24] [INFO] [main] [useConfig] Configuración actualizada mediante onConfigUpdate
[2025-10-21 20:26:24] [INFO] [main] [useConfig] Configuración actualizada mediante onConfigUpdate
[2025-10-21 20:26:24] [INFO] [main] [useConfig] Configuración actualizada mediante onConfigUpdate
[2025-10-21 20:26:24] [INFO] [main] [useConfig] Configuración actualizada mediante onConfigUpdate
[2025-10-21 20:26:24] [INFO] [main] [useConfig] Configuración actualizada mediante onConfigUpdate
[2025-10-21 20:26:24] [INFO] [main] [useConfig] Configuración actualizada mediante onConfigUpdate
[2025-10-21 20:26:24] [INFO] [main] [useConfig] Configuración actualizada mediante onConfigUpdate
[2025-10-21 20:26:24] [INFO] [main] [useConfig] Configuración actualizada mediante onConfigUpdate
[2025-10-21 20:26:24] [INFO] [main] [useConfig] Configuración actualizada mediante onConfigUpdate
[2025-10-21 20:26:24] [INFO] [main] [useConfig] Configuración actualizada mediante onConfigUpdate
[2025-10-21 20:26:24] [INFO] [main] [useConfig] Configuración actualizada mediante onConfigUpdate
[2025-10-21 20:26:24] [INFO] [main] [useConfig] Configuración actualizada mediante onConfigUpdate
[2025-10-21 20:26:24] [INFO] [main] [useConfig] Configuración actualizada mediante onConfigUpdate
[2025-10-21 20:26:24] [INFO] [main] [app] Scheduler diario habilitado: true | usuario config: operador | usuario actual: operador
[2025-10-21 20:26:24] [INFO] [main] [app] Scheduler semanal habilitado: true | usuario config: operador | usuario actual: operador
[2025-10-21 20:26:24] [INFO] [main] [app] Scheduler mensual habilitado: true | usuario config: operador | usuario actual: operador
[2025-10-21 20:26:24] [INFO] [main] [app] Scheduler diario habilitado: true | usuario config: operador | usuario actual: operador
[2025-10-21 20:26:24] [INFO] [main] [app] Scheduler semanal habilitado: true | usuario config: operador | usuario actual: operador
[2025-10-21 20:26:24] [INFO] [main] [app] Scheduler mensual habilitado: true | usuario config: operador | usuario actual: operador
[2025-10-21 20:26:24] [INFO] [main] [configStore] Configuración actualizada
[2025-10-21 20:26:24] [INFO] [main] [configStore] Nueva configuración recibida vía IPC
[2025-10-21 20:26:24] [INFO] [main] [useConfig] Configuración actualizada mediante onConfigUpdate
[2025-10-21 20:26:24] [INFO] [main] [useConfig] Configuración actualizada mediante onConfigUpdate
[2025-10-21 20:26:24] [INFO] [main] [useConfig] Configuración actualizada mediante onConfigUpdate
[2025-10-21 20:26:24] [INFO] [main] [useConfig] Configuración actualizada mediante onConfigUpdate
[2025-10-21 20:26:24] [INFO] [main] [useConfig] Configuración actualizada mediante onConfigUpdate
[2025-10-21 20:26:24] [INFO] [main] [useConfig] Configuración actualizada mediante onConfigUpdate
[2025-10-21 20:26:24] [INFO] [main] [useConfig] Configuración actualizada mediante onConfigUpdate
[2025-10-21 20:26:24] [INFO] [main] [useConfig] Configuración actualizada mediante onConfigUpdate
[2025-10-21 20:26:24] [INFO] [main] [useConfig] Configuración actualizada mediante onConfigUpdate
[2025-10-21 20:26:24] [INFO] [main] [useConfig] Configuración actualizada mediante onConfigUpdate
[2025-10-21 20:26:24] [INFO] [main] [useConfig] Configuración actualizada mediante onConfigUpdate
[2025-10-21 20:26:24] [INFO] [main] [useConfig] Configuración actualizada mediante onConfigUpdate
[2025-10-21 20:26:24] [INFO] [main] [useConfig] Configuración actualizada mediante onConfigUpdate
[2025-10-21 20:26:24] [INFO] [main] [useConfig] Configuración actualizada mediante onConfigUpdate
[2025-10-21 20:26:24] [INFO] [main] [useConfig] Configuración actualizada mediante onConfigUpdate
[2025-10-21 20:26:24] [INFO] [main] [useConfig] Configuración actualizada mediante onConfigUpdate
[2025-10-21 20:26:24] [INFO] [main] [useConfig] Configuración actualizada mediante onConfigUpdate
[2025-10-21 20:26:24] [INFO] [main] [useConfig] Configuración actualizada mediante onConfigUpdate
[2025-10-21 20:26:24] [INFO] [main] [configStore] Configuración actualizada
[2025-10-21 20:26:24] [INFO] [main] [configStore] Nueva configuración recibida vía IPC
[2025-10-21 20:26:24] [INFO] [main] [useConfig] Configuración actualizada mediante onConfigUpdate
[2025-10-21 20:26:24] [INFO] [main] [useConfig] Configuración actualizada mediante onConfigUpdate
[2025-10-21 20:26:24] [INFO] [main] [useConfig] Configuración actualizada mediante onConfigUpdate
[2025-10-21 20:26:24] [INFO] [main] [useConfig] Configuración actualizada mediante onConfigUpdate
[2025-10-21 20:26:24] [INFO] [main] [useConfig] Configuración actualizada mediante onConfigUpdate
[2025-10-21 20:26:24] [INFO] [main] [useConfig] Configuración actualizada mediante onConfigUpdate
[2025-10-21 20:26:24] [INFO] [main] [useConfig] Configuración actualizada mediante onConfigUpdate
[2025-10-21 20:26:24] [INFO] [main] [useConfig] Configuración actualizada mediante onConfigUpdate
[2025-10-21 20:26:24] [INFO] [main] [useConfig] Configuración actualizada mediante onConfigUpdate
[2025-10-21 20:26:24] [INFO] [main] [useConfig] Configuración actualizada mediante onConfigUpdate
[2025-10-21 20:26:24] [INFO] [main] [useConfig] Configuración actualizada mediante onConfigUpdate
[2025-10-21 20:26:24] [INFO] [main] [useConfig] Configuración actualizada mediante onConfigUpdate
[2025-10-21 20:26:24] [INFO] [main] [useConfig] Configuración actualizada mediante onConfigUpdate
[2025-10-21 20:26:24] [INFO] [main] [useConfig] Configuración actualizada mediante onConfigUpdate
[2025-10-21 20:26:24] [INFO] [main] [useConfig] Configuración actualizada mediante onConfigUpdate
[2025-10-21 20:26:24] [INFO] [main] [useConfig] Configuración actualizada mediante onConfigUpdate
[2025-10-21 20:26:24] [INFO] [main] [useConfig] Configuración actualizada mediante onConfigUpdate
[2025-10-21 20:26:24] [INFO] [main] [useConfig] Configuración actualizada mediante onConfigUpdate
[2025-10-21 20:26:24] [INFO] [main] [configStore] Configuración actualizada
[2025-10-21 20:26:24] [INFO] [main] [configStore] Nueva configuración recibida vía IPC
[2025-10-21 20:26:24] [INFO] [main] [useConfig] Configuración actualizada mediante onConfigUpdate
[2025-10-21 20:26:24] [INFO] [main] [useConfig] Configuración actualizada mediante onConfigUpdate
[2025-10-21 20:26:24] [INFO] [main] [useConfig] Configuración actualizada mediante onConfigUpdate
[2025-10-21 20:26:24] [INFO] [main] [useConfig] Configuración actualizada mediante onConfigUpdate
[2025-10-21 20:26:24] [INFO] [main] [useConfig] Configuración actualizada mediante onConfigUpdate
[2025-10-21 20:26:24] [INFO] [main] [useConfig] Configuración actualizada mediante onConfigUpdate
[2025-10-21 20:26:24] [INFO] [main] [useConfig] Configuración actualizada mediante onConfigUpdate
[2025-10-21 20:26:24] [INFO] [main] [useConfig] Configuración actualizada mediante onConfigUpdate
[2025-10-21 20:26:24] [INFO] [main] [useConfig] Configuración actualizada mediante onConfigUpdate
[2025-10-21 20:26:24] [INFO] [main] [useConfig] Configuración actualizada mediante onConfigUpdate
[2025-10-21 20:26:24] [INFO] [main] [useConfig] Configuración actualizada mediante onConfigUpdate
[2025-10-21 20:26:24] [INFO] [main] [useConfig] Configuración actualizada mediante onConfigUpdate
[2025-10-21 20:26:24] [INFO] [main] [useConfig] Configuración actualizada mediante onConfigUpdate
[2025-10-21 20:26:24] [INFO] [main] [useConfig] Configuración actualizada mediante onConfigUpdate
[2025-10-21 20:26:24] [INFO] [main] [useConfig] Configuración actualizada mediante onConfigUpdate
[2025-10-21 20:26:24] [INFO] [main] [useConfig] Configuración actualizada mediante onConfigUpdate
[2025-10-21 20:26:24] [INFO] [main] [useConfig] Configuración actualizada mediante onConfigUpdate
[2025-10-21 20:26:24] [INFO] [main] [useConfig] Configuración actualizada mediante onConfigUpdate
[2025-10-21 20:26:24] [INFO] [main] [app] Scheduler diario habilitado: true | usuario config: operador | usuario actual: operador
[2025-10-21 20:26:24] [INFO] [main] [app] Scheduler semanal habilitado: true | usuario config: operador | usuario actual: operador
[2025-10-21 20:26:24] [INFO] [main] [app] Scheduler mensual habilitado: true | usuario config: operador | usuario actual: operador
[2025-10-21 20:26:24] [INFO] [main] [app] Scheduler diario habilitado: true | usuario config: operador | usuario actual: operador
[2025-10-21 20:26:24] [INFO] [main] [app] Scheduler semanal habilitado: true | usuario config: operador | usuario actual: operador
[2025-10-21 20:26:24] [INFO] [main] [app] Scheduler mensual habilitado: true | usuario config: operador | usuario actual: operador
[2025-10-21 20:26:26] [INFO] [main] [app] Scheduler diario habilitado: true | usuario config: operador | usuario actual: operador
[2025-10-21 20:26:26] [INFO] [main] [app] Scheduler semanal habilitado: true | usuario config: operador | usuario actual: operador
[2025-10-21 20:26:26] [INFO] [main] [app] Scheduler mensual habilitado: true | usuario config: operador | usuario actual: operador
[2025-10-21 20:26:26] [INFO] [main] [app] Scheduler diario habilitado: true | usuario config: operador | usuario actual: operador
[2025-10-21 20:26:26] [INFO] [main] [app] Scheduler semanal habilitado: true | usuario config: operador | usuario actual: operador
[2025-10-21 20:26:26] [INFO] [main] [app] Scheduler mensual habilitado: true | usuario config: operador | usuario actual: operador
[2025-10-21 20:26:26] [INFO] [main] [app] Scheduler diario habilitado: true | usuario config: operador | usuario actual: operador
[2025-10-21 20:26:26] [INFO] [main] [app] Scheduler semanal habilitado: true | usuario config: operador | usuario actual: operador
[2025-10-21 20:26:26] [INFO] [main] [app] Scheduler mensual habilitado: true | usuario config: operador | usuario actual: operador
[2025-10-21 20:26:26] [INFO] [main] [app] Scheduler diario habilitado: true | usuario config: operador | usuario actual: operador
[2025-10-21 20:26:26] [INFO] [main] [app] Scheduler semanal habilitado: true | usuario config: operador | usuario actual: operador
[2025-10-21 20:26:26] [INFO] [main] [app] Scheduler mensual habilitado: true | usuario config: operador | usuario actual: operador
[2025-10-21 20:26:26] [INFO] [main] [app] Scheduler diario habilitado: true | usuario config: operador | usuario actual: operador
[2025-10-21 20:26:26] [INFO] [main] [app] Scheduler semanal habilitado: true | usuario config: operador | usuario actual: operador
[2025-10-21 20:26:26] [INFO] [main] [app] Scheduler mensual habilitado: true | usuario config: operador | usuario actual: operador
[2025-10-21 20:26:26] [INFO] [main] [app] Scheduler diario habilitado: true | usuario config: operador | usuario actual: operador
[2025-10-21 20:26:26] [INFO] [main] [app] Scheduler semanal habilitado: true | usuario config: operador | usuario actual: operador
[2025-10-21 20:26:26] [INFO] [main] [app] Scheduler mensual habilitado: true | usuario config: operador | usuario actual: operador
[2025-10-21 20:26:26] [INFO] [main] [app] Scheduler diario habilitado: true | usuario config: operador | usuario actual: operador
[2025-10-21 20:26:26] [INFO] [main] [app] Scheduler semanal habilitado: true | usuario config: operador | usuario actual: operador
[2025-10-21 20:26:26] [INFO] [main] [app] Scheduler mensual habilitado: true | usuario config: operador | usuario actual: operador
[2025-10-21 20:26:26] [INFO] [main] [app] Scheduler diario habilitado: true | usuario config: operador | usuario actual: operador
[2025-10-21 20:26:26] [INFO] [main] [app] Scheduler semanal habilitado: true | usuario config: operador | usuario actual: operador
[2025-10-21 20:26:26] [INFO] [main] [app] Scheduler mensual habilitado: true | usuario config: operador | usuario actual: operador
[2025-10-21 20:26:36] [INFO] [main] [openReserveLocker] Iniciando petición para abrir casillero reservado
[2025-10-21 20:26:36] [INFO] [main] [openReserveLocker] Timeout efectivo en ejecución: 30000
[2025-10-21 20:26:36] [INFO] [main] [openReserveLocker] Intento 1: HOST -> http://localhost:8080
[2025-10-21 20:26:36] [INFO] [main] [openReserveLocker] Intento 1: URL -> /api/lockers/open-reservation
[2025-10-21 20:26:36] [INFO] [main] [openReserveLocker] Intento 1: Request -> {"phone":"3103192771","pin":"1370","openBy":"user"}
[2025-10-21 20:26:36] [INFO] [main] [openReserveLocker] Response. Status: 200
[2025-10-21 20:26:36] [INFO] [main] [openReserveLocker] Response. Data: {"success":true,"message":"Casillero abierto exitosamente","lockerCode":"A1"}
[2025-10-21 20:26:37] [INFO] [main] [statusLockers] Iniciando petición para obtener casilleros disponibles
[2025-10-21 20:26:37] [INFO] [main] [statusLockers] Timeout efectivo en ejecución: 30000
[2025-10-21 20:26:37] [INFO] [main] [statusLockers] Intento 1: HOST -> http://localhost:8080
[2025-10-21 20:26:37] [INFO] [main] [statusLockers] Intento 1: URL -> /api/lockers/get-all-status
[2025-10-21 20:26:37] [INFO] [main] [statusLockers] Response. Status: 200
[2025-10-21 20:26:37] [INFO] [main] [statusLockers] Response. Data: {"general":[{"status":"asignado","total":1},{"status":"ocupado","total":5},{"status":"libre","total":50},{"status":"reservado","total":4},{"status":"deshabilitado","total":0}],"modules":[{"module":"A","lockers":[{"lockerCode":"A1","status":"libre"},{"lockerCode":"A2","status":"reservado"},{"lockerCode":"A3","status":"reservado"},{"lockerCode":"A4","status":"reservado"},{"lockerCode":"A5","status":"libre"},{"lockerCode":"A6","status":"reservado"},{"lockerCode":"A7","status":"libre"},{"lockerCode":"A8","status":"libre"},{"lockerCode":"A9","status":"libre"},{"lockerCode":"A10","status":"libre"}]},{"module":"B","lockers":[{"lockerCode":"B1","status":"libre"},{"lockerCode":"B2","status":"libre"},{"lockerCode":"B3","status":"libre"},{"lockerCode":"B4","status":"ocupado"},{"lockerCode":"B5","status":"libre"},{"lockerCode":"B6","status":"libre"},{"lockerCode":"B7","status":"libre"},{"lockerCode":"B8","status":"libre"},{"lockerCode":"B9","status":"libre"},{"lockerCode":"B10","status":"ocupado"}]},{"module":"C","lockers":[{"lockerCode":"C1","status":"libre"},{"lockerCode":"C2","status":"libre"},{"lockerCode":"C3","status":"libre"},{"lockerCode":"C4","status":"libre"},{"lockerCode":"C5","status":"libre"},{"lockerCode":"C6","status":"libre"},{"lockerCode":"C7","status":"libre"},{"lockerCode":"C8","status":"libre"},{"lockerCode":"C9","status":"libre"},{"lockerCode":"C10","status":"libre"}]},{"module":"D","lockers":[{"lockerCode":"D1","status":"ocupado"},{"lockerCode":"D2","status":"libre"},{"lockerCode":"D3","status":"libre"},{"lockerCode":"D4","status":"libre"},{"lockerCode":"D5","status":"libre"},{"lockerCode":"D6","status":"libre"},{"lockerCode":"D7","status":"libre"},{"lockerCode":"D8","status":"libre"},{"lockerCode":"D9","status":"libre"},{"lockerCode":"D10","status":"libre"}]},{"module":"E","lockers":[{"lockerCode":"E1","status":"ocupado"},{"lockerCode":"E2","status":"libre"},{"lockerCode":"E3","status":"libre"},{"lockerCode":"E4","status":"libre"},{"lockerCode":"E5","status":"libre"},{"lockerCode":"E6","status":"libre"},{"lockerCode":"E7","status":"libre"},{"lockerCode":"E8","status":"libre"},{"lockerCode":"E9","status":"libre"},{"lockerCode":"E10","status":"libre"}]},{"module":"F","lockers":[{"lockerCode":"F1","status":"asignado"},{"lockerCode":"F2","status":"libre"},{"lockerCode":"F3","status":"libre"},{"lockerCode":"F4","status":"ocupado"},{"lockerCode":"F5","status":"libre"},{"lockerCode":"F6","status":"libre"},{"lockerCode":"F7","status":"libre"},{"lockerCode":"F8","status":"libre"},{"lockerCode":"F9","status":"libre"},{"lockerCode":"F10","status":"libre"}]}]}
[2025-10-21 20:26:45] [INFO] [main] [app] Scheduler diario habilitado: true | usuario config: operador | usuario actual: operador
[2025-10-21 20:26:45] [INFO] [main] [app] Scheduler semanal habilitado: true | usuario config: operador | usuario actual: operador
[2025-10-21 20:26:45] [INFO] [main] [app] Scheduler mensual habilitado: true | usuario config: operador | usuario actual: operador
[2025-10-21 20:26:45] [INFO] [main] [app] Scheduler diario habilitado: true | usuario config: operador | usuario actual: operador
[2025-10-21 20:26:45] [INFO] [main] [app] Scheduler semanal habilitado: true | usuario config: operador | usuario actual: operador
[2025-10-21 20:26:45] [INFO] [main] [app] Scheduler mensual habilitado: true | usuario config: operador | usuario actual: operador
