[2025-10-06 18:12:42] [INFO] [main] Iniciando aplicación Electron
[2025-10-06 18:12:42] [INFO] [main] .env cargado desde C:\Users\User\Documents\Personal\LockeritDesk\configFiles\.env
[2025-10-06 18:12:42] [INFO] [main] App lista, creando ventana...
[2025-10-06 18:12:42] [INFO] [main] Creando ventana principal...
[2025-10-06 18:12:43] [INFO] [main] Cargando URL: http://localhost:5173
[2025-10-06 18:12:43] [INFO] [main] Recibido config actualizado
[2025-10-06 18:12:43] [INFO] [main] Recibido auth actualizado
[2025-10-06 18:12:43] [INFO] [main] Recibido logger actualizado
[2025-10-06 18:12:43] [INFO] [main] Recibido env actualizado
[2025-10-06 18:12:43] [INFO] [preload] Inicializando preload.js
[2025-10-06 18:12:43] [INFO] [setupWatcher] Observando archivo setup_config.json en: C:\Users\User\Documents\Personal\LockeritDesk\configFiles\setup_config.json
[2025-10-06 18:12:43] [INFO] [setupWatcher] Archivo setup_config.json cargado correctamente
[2025-10-06 18:12:43] [INFO] [preload] Watcher iniciado: setup_config.json
[2025-10-06 18:12:43] [INFO] [authWatcher] Observando archivo auth_key.json en: C:\Users\User\Documents\Personal\LockeritDesk\configFiles\auth_key.json
[2025-10-06 18:12:43] [INFO] [authWatcher] auth_key.json actualizado correctamente
[2025-10-06 18:12:43] [INFO] [preload] Watcher iniciado: auth_key.json
[2025-10-06 18:12:43] [INFO] [loggerWatcher] Observando archivo logger_config.json en: C:\Users\User\Documents\Personal\LockeritDesk\configFiles\logger_config.json
[2025-10-06 18:12:43] [INFO] [loggerWatcher] Archivo logger_config.json cargado correctamente
[2025-10-06 18:12:43] [INFO] [preload] Watcher iniciado: logger_config.json
[2025-10-06 18:12:43] [INFO] [envWatcher] Observando archivo .env en: C:\Users\User\Documents\Personal\LockeritDesk\configFiles\.env
[2025-10-06 18:12:43] [INFO] [envWatcher] Archivo .env cargado correctamente
[2025-10-06 18:12:43] [INFO] [preload] Watcher iniciado: .env
[2025-10-06 18:12:43] [INFO] [preload] API expuesta en window.electronAPI
[2025-10-06 18:12:47] [INFO] [main] [axiosConfig] API BaseURL Inicial: http://localhost:8080
[2025-10-06 18:12:47] [INFO] [main] [axiosConfig] API BaseTimeout Inicial: 30
[2025-10-06 18:12:47] [INFO] [main] [configStore] Configuración actualizada
[2025-10-06 18:12:47] [INFO] [main] [configStore] config_key.json inicial cargado exitosamente
[2025-10-06 18:12:47] [INFO] [main] [envStore] ENV inicial cargado correctamente
[2025-10-06 18:12:47] [INFO] [main] [envStore] ENV actualizado
[2025-10-06 18:12:47] [INFO] [main] [axiosConfig] API BaseTimeout actualizada dinámicamente: 30
[2025-10-06 18:12:47] [INFO] [main] [assignLocker] API BaseTimeout actualizada dinámicamente: 30
[2025-10-06 18:12:47] [INFO] [main] [authStore] Auth actualizado
[2025-10-06 18:12:47] [INFO] [main] [authStore] auth_key.json inicial cargado exitosamente
[2025-10-06 18:12:47] [INFO] [main] CSP cambió, enviando al renderer
[2025-10-06 18:12:48] [INFO] [main] get-screen-data-once -> 1920x1048 factor=0.97
[2025-10-06 18:12:48] [INFO] [main] [login] Usuario autenticado en sesión principal, redirigiendo a /adminlockers
[2025-10-06 18:12:48] [INFO] [main] [copyright] Versión cargada: 1.1.0
[2025-10-06 18:12:48] [INFO] [main] [app] Componente App montado
[2025-10-06 18:12:48] [INFO] [main] [app] Versión cargada: 1.1.0
[2025-10-06 18:12:48] [INFO] [main] [copyright] Versión cargada: 1.1.0
[2025-10-06 18:12:48] [INFO] [main] [app] Componente App montado
[2025-10-06 18:12:48] [INFO] [main] [app] Versión cargada: 1.1.0
[2025-10-06 18:12:48] [INFO] [main] [useConfig] Configuración inicial obtenida
[2025-10-06 18:12:48] [INFO] [main] [useConfig] Configuración inicial obtenida
[2025-10-06 18:12:48] [INFO] [main] [useConfig] Configuración inicial obtenida
[2025-10-06 18:12:48] [INFO] [main] [useConfig] Configuración inicial obtenida
[2025-10-06 18:12:48] [INFO] [main] [useConfig] Configuración inicial obtenida
[2025-10-06 18:12:48] [INFO] [main] [useConfig] Configuración inicial obtenida
[2025-10-06 18:12:48] [INFO] [main] [scheduleReport] Ejecutando tarea programada [daily] con rango: 2025-10-05 → 2025-10-05
[2025-10-06 18:12:48] [INFO] [main] [app] Generando payload en modo [local]
[2025-10-06 18:12:48] [INFO] [main] [app] Payload generado: {"startDate":"2025-10-05 05:00:00","endDate":"2025-10-06 04:59:59","sendEmail":true}
[2025-10-06 18:12:48] [INFO] [main] [reportLockers] Iniciando petición para obtener el reporte de casilleros
[2025-10-06 18:12:48] [INFO] [main] [reportLockers] Timeout efectivo en ejecución: 30000
[2025-10-06 18:12:48] [INFO] [main] [reportLockers] Intento 1: HOST -> http://localhost:8080
[2025-10-06 18:12:48] [INFO] [main] [reportLockers] Intento 1: URL -> /api/lockers/report
[2025-10-06 18:12:48] [INFO] [main] [reportLockers] Intento 1: Request -> {"startDate":"2025-10-05 05:00:00","endDate":"2025-10-06 04:59:59","sendEmail":true}
[2025-10-06 18:12:48] [INFO] [main] [scheduleReport] Ejecutando tarea programada [weekly] con rango: 2025-09-29 → 2025-10-05
[2025-10-06 18:12:48] [INFO] [main] [app] Generando payload en modo [local]
[2025-10-06 18:12:48] [INFO] [main] [app] Payload generado: {"startDate":"2025-09-29 05:00:00","endDate":"2025-10-06 04:59:59","sendEmail":true}
[2025-10-06 18:12:48] [INFO] [main] [reportLockers] Iniciando petición para obtener el reporte de casilleros
[2025-10-06 18:12:48] [INFO] [main] [reportLockers] Timeout efectivo en ejecución: 30000
[2025-10-06 18:12:48] [INFO] [main] [reportLockers] Intento 1: HOST -> http://localhost:8080
[2025-10-06 18:12:48] [INFO] [main] [reportLockers] Intento 1: URL -> /api/lockers/report
[2025-10-06 18:12:48] [INFO] [main] [reportLockers] Intento 1: Request -> {"startDate":"2025-09-29 05:00:00","endDate":"2025-10-06 04:59:59","sendEmail":true}
[2025-10-06 18:12:48] [INFO] [main] [reportLockers] Response. Status: 200
[2025-10-06 18:12:48] [INFO] [main] [reportLockers] Response. Data: null
[2025-10-06 18:12:48] [INFO] [main] [app] Datos del reporte obtenidos: null
[2025-10-06 18:12:48] [INFO] [main] [scheduleReport] Actualizando ejecución → Real: 2025-10-06 18:12:48 | Próximo target: 2025-10-07 00:05:00
[2025-10-06 18:12:48] [INFO] [main] [scheduleReport] Tarea ejecutada correctamente
[2025-10-06 18:12:48] [INFO] [main] [reportLockers] Response. Status: 200
[2025-10-06 18:12:48] [INFO] [main] [reportLockers] Response. Data: null
[2025-10-06 18:12:48] [INFO] [main] [app] Datos del reporte obtenidos: null
[2025-10-06 18:12:48] [INFO] [main] [scheduleReport] Actualizando ejecución → Real: 2025-10-06 18:12:48 | Próximo target: 2025-10-13 00:10:00
[2025-10-06 18:12:48] [INFO] [main] [scheduleReport] Tarea ejecutada correctamente
[2025-10-06 18:12:48] [INFO] [main] [statusLockers] Iniciando petición para obtener casilleros disponibles
[2025-10-06 18:12:48] [INFO] [main] [statusLockers] Timeout efectivo en ejecución: 30000
[2025-10-06 18:12:48] [INFO] [main] [statusLockers] Intento 1: HOST -> http://localhost:8080
[2025-10-06 18:12:48] [INFO] [main] [statusLockers] Intento 1: URL -> /api/lockers/get-all-status
[2025-10-06 18:12:48] [INFO] [main] [statusLockers] Iniciando petición para obtener casilleros disponibles
[2025-10-06 18:12:48] [INFO] [main] [statusLockers] Timeout efectivo en ejecución: 30000
[2025-10-06 18:12:48] [INFO] [main] [statusLockers] Intento 1: HOST -> http://localhost:8080
[2025-10-06 18:12:48] [INFO] [main] [statusLockers] Intento 1: URL -> /api/lockers/get-all-status
[2025-10-06 18:12:48] [INFO] [main] [useConfig] Configuración inicial obtenida
[2025-10-06 18:12:48] [INFO] [main] [useConfig] Configuración inicial obtenida
[2025-10-06 18:12:48] [INFO] [main] [useConfig] Configuración inicial obtenida
[2025-10-06 18:12:48] [INFO] [main] [useConfig] Configuración inicial obtenida
[2025-10-06 18:12:48] [INFO] [main] [statusLockers] Response. Status: 200
[2025-10-06 18:12:48] [INFO] [main] [statusLockers] Response. Data: {"general":[{"status":"ocupado","total":3},{"status":"libre","total":52},{"status":"reservado","total":0},{"status":"deshabilitado","total":5}],"modules":[{"module":"A","lockers":[{"lockerCode":"A1","status":"libre"},{"lockerCode":"A2","status":"libre"},{"lockerCode":"A3","status":"deshabilitado"},{"lockerCode":"A4","status":"libre"},{"lockerCode":"A5","status":"libre"},{"lockerCode":"A6","status":"libre"},{"lockerCode":"A7","status":"libre"},{"lockerCode":"A8","status":"libre"},{"lockerCode":"A9","status":"libre"},{"lockerCode":"A10","status":"libre"}]},{"module":"B","lockers":[{"lockerCode":"B1","status":"libre"},{"lockerCode":"B2","status":"libre"},{"lockerCode":"B3","status":"libre"},{"lockerCode":"B4","status":"libre"},{"lockerCode":"B5","status":"libre"},{"lockerCode":"B6","status":"libre"},{"lockerCode":"B7","status":"libre"},{"lockerCode":"B8","status":"libre"},{"lockerCode":"B9","status":"libre"},{"lockerCode":"B10","status":"libre"}]},{"module":"C","lockers":[{"lockerCode":"C1","status":"libre"},{"lockerCode":"C2","status":"libre"},{"lockerCode":"C3","status":"libre"},{"lockerCode":"C4","status":"ocupado"},{"lockerCode":"C5","status":"libre"},{"lockerCode":"C6","status":"deshabilitado"},{"lockerCode":"C7","status":"libre"},{"lockerCode":"C8","status":"libre"},{"lockerCode":"C9","status":"libre"},{"lockerCode":"C10","status":"libre"}]},{"module":"D","lockers":[{"lockerCode":"D1","status":"deshabilitado"},{"lockerCode":"D2","status":"libre"},{"lockerCode":"D3","status":"libre"},{"lockerCode":"D4","status":"libre"},{"lockerCode":"D5","status":"libre"},{"lockerCode":"D6","status":"libre"},{"lockerCode":"D7","status":"libre"},{"lockerCode":"D8","status":"libre"},{"lockerCode":"D9","status":"libre"},{"lockerCode":"D10","status":"libre"}]},{"module":"E","lockers":[{"lockerCode":"E1","status":"libre"},{"lockerCode":"E2","status":"libre"},{"lockerCode":"E3","status":"libre"},{"lockerCode":"E4","status":"deshabilitado"},{"lockerCode":"E5","status":"libre"},{"lockerCode":"E6","status":"ocupado"},{"lockerCode":"E7","status":"libre"},{"lockerCode":"E8","status":"libre"},{"lockerCode":"E9","status":"libre"},{"lockerCode":"E10","status":"libre"}]},{"module":"F","lockers":[{"lockerCode":"F1","status":"libre"},{"lockerCode":"F2","status":"libre"},{"lockerCode":"F3","status":"libre"},{"lockerCode":"F4","status":"libre"},{"lockerCode":"F5","status":"libre"},{"lockerCode":"F6","status":"libre"},{"lockerCode":"F7","status":"ocupado"},{"lockerCode":"F8","status":"deshabilitado"},{"lockerCode":"F9","status":"libre"},{"lockerCode":"F10","status":"libre"}]}]}
[2025-10-06 18:12:48] [INFO] [main] [statusLockers] Response. Status: 200
[2025-10-06 18:12:48] [INFO] [main] [statusLockers] Response. Data: {"general":[{"status":"ocupado","total":3},{"status":"libre","total":52},{"status":"reservado","total":0},{"status":"deshabilitado","total":5}],"modules":[{"module":"A","lockers":[{"lockerCode":"A1","status":"libre"},{"lockerCode":"A2","status":"libre"},{"lockerCode":"A3","status":"deshabilitado"},{"lockerCode":"A4","status":"libre"},{"lockerCode":"A5","status":"libre"},{"lockerCode":"A6","status":"libre"},{"lockerCode":"A7","status":"libre"},{"lockerCode":"A8","status":"libre"},{"lockerCode":"A9","status":"libre"},{"lockerCode":"A10","status":"libre"}]},{"module":"B","lockers":[{"lockerCode":"B1","status":"libre"},{"lockerCode":"B2","status":"libre"},{"lockerCode":"B3","status":"libre"},{"lockerCode":"B4","status":"libre"},{"lockerCode":"B5","status":"libre"},{"lockerCode":"B6","status":"libre"},{"lockerCode":"B7","status":"libre"},{"lockerCode":"B8","status":"libre"},{"lockerCode":"B9","status":"libre"},{"lockerCode":"B10","status":"libre"}]},{"module":"C","lockers":[{"lockerCode":"C1","status":"libre"},{"lockerCode":"C2","status":"libre"},{"lockerCode":"C3","status":"libre"},{"lockerCode":"C4","status":"ocupado"},{"lockerCode":"C5","status":"libre"},{"lockerCode":"C6","status":"deshabilitado"},{"lockerCode":"C7","status":"libre"},{"lockerCode":"C8","status":"libre"},{"lockerCode":"C9","status":"libre"},{"lockerCode":"C10","status":"libre"}]},{"module":"D","lockers":[{"lockerCode":"D1","status":"deshabilitado"},{"lockerCode":"D2","status":"libre"},{"lockerCode":"D3","status":"libre"},{"lockerCode":"D4","status":"libre"},{"lockerCode":"D5","status":"libre"},{"lockerCode":"D6","status":"libre"},{"lockerCode":"D7","status":"libre"},{"lockerCode":"D8","status":"libre"},{"lockerCode":"D9","status":"libre"},{"lockerCode":"D10","status":"libre"}]},{"module":"E","lockers":[{"lockerCode":"E1","status":"libre"},{"lockerCode":"E2","status":"libre"},{"lockerCode":"E3","status":"libre"},{"lockerCode":"E4","status":"deshabilitado"},{"lockerCode":"E5","status":"libre"},{"lockerCode":"E6","status":"ocupado"},{"lockerCode":"E7","status":"libre"},{"lockerCode":"E8","status":"libre"},{"lockerCode":"E9","status":"libre"},{"lockerCode":"E10","status":"libre"}]},{"module":"F","lockers":[{"lockerCode":"F1","status":"libre"},{"lockerCode":"F2","status":"libre"},{"lockerCode":"F3","status":"libre"},{"lockerCode":"F4","status":"libre"},{"lockerCode":"F5","status":"libre"},{"lockerCode":"F6","status":"libre"},{"lockerCode":"F7","status":"ocupado"},{"lockerCode":"F8","status":"deshabilitado"},{"lockerCode":"F9","status":"libre"},{"lockerCode":"F10","status":"libre"}]}]}
[2025-10-06 18:12:52] [INFO] [main] [statusLockers] Iniciando petición para obtener casilleros disponibles
[2025-10-06 18:12:52] [INFO] [main] [statusLockers] Timeout efectivo en ejecución: 30000
[2025-10-06 18:12:52] [INFO] [main] [statusLockers] Intento 1: HOST -> http://localhost:8080
[2025-10-06 18:12:52] [INFO] [main] [statusLockers] Intento 1: URL -> /api/lockers/get-all-status
[2025-10-06 18:12:52] [INFO] [main] [statusLockers] Response. Status: 200
[2025-10-06 18:12:52] [INFO] [main] [statusLockers] Response. Data: {"general":[{"status":"ocupado","total":3},{"status":"libre","total":52},{"status":"reservado","total":0},{"status":"deshabilitado","total":5}],"modules":[{"module":"A","lockers":[{"lockerCode":"A1","status":"libre"},{"lockerCode":"A2","status":"libre"},{"lockerCode":"A3","status":"deshabilitado"},{"lockerCode":"A4","status":"libre"},{"lockerCode":"A5","status":"libre"},{"lockerCode":"A6","status":"libre"},{"lockerCode":"A7","status":"libre"},{"lockerCode":"A8","status":"libre"},{"lockerCode":"A9","status":"libre"},{"lockerCode":"A10","status":"libre"}]},{"module":"B","lockers":[{"lockerCode":"B1","status":"libre"},{"lockerCode":"B2","status":"libre"},{"lockerCode":"B3","status":"libre"},{"lockerCode":"B4","status":"libre"},{"lockerCode":"B5","status":"libre"},{"lockerCode":"B6","status":"libre"},{"lockerCode":"B7","status":"libre"},{"lockerCode":"B8","status":"libre"},{"lockerCode":"B9","status":"libre"},{"lockerCode":"B10","status":"libre"}]},{"module":"C","lockers":[{"lockerCode":"C1","status":"libre"},{"lockerCode":"C2","status":"libre"},{"lockerCode":"C3","status":"libre"},{"lockerCode":"C4","status":"ocupado"},{"lockerCode":"C5","status":"libre"},{"lockerCode":"C6","status":"deshabilitado"},{"lockerCode":"C7","status":"libre"},{"lockerCode":"C8","status":"libre"},{"lockerCode":"C9","status":"libre"},{"lockerCode":"C10","status":"libre"}]},{"module":"D","lockers":[{"lockerCode":"D1","status":"deshabilitado"},{"lockerCode":"D2","status":"libre"},{"lockerCode":"D3","status":"libre"},{"lockerCode":"D4","status":"libre"},{"lockerCode":"D5","status":"libre"},{"lockerCode":"D6","status":"libre"},{"lockerCode":"D7","status":"libre"},{"lockerCode":"D8","status":"libre"},{"lockerCode":"D9","status":"libre"},{"lockerCode":"D10","status":"libre"}]},{"module":"E","lockers":[{"lockerCode":"E1","status":"libre"},{"lockerCode":"E2","status":"libre"},{"lockerCode":"E3","status":"libre"},{"lockerCode":"E4","status":"deshabilitado"},{"lockerCode":"E5","status":"libre"},{"lockerCode":"E6","status":"ocupado"},{"lockerCode":"E7","status":"libre"},{"lockerCode":"E8","status":"libre"},{"lockerCode":"E9","status":"libre"},{"lockerCode":"E10","status":"libre"}]},{"module":"F","lockers":[{"lockerCode":"F1","status":"libre"},{"lockerCode":"F2","status":"libre"},{"lockerCode":"F3","status":"libre"},{"lockerCode":"F4","status":"libre"},{"lockerCode":"F5","status":"libre"},{"lockerCode":"F6","status":"libre"},{"lockerCode":"F7","status":"ocupado"},{"lockerCode":"F8","status":"deshabilitado"},{"lockerCode":"F9","status":"libre"},{"lockerCode":"F10","status":"libre"}]}]}
[2025-10-06 18:13:03] [INFO] [main] [app] Componente App montado
[2025-10-06 18:13:03] [INFO] [main] [app] Versión cargada: 1.1.0
[2025-10-06 18:13:03] [INFO] [main] [useConfig] Configuración inicial obtenida
[2025-10-06 18:13:03] [INFO] [main] [useConfig] Configuración inicial obtenida
[2025-10-06 18:13:08] [WARN] [main] [login] Credenciales inválidas: usuario=administrador
[2025-10-06 18:13:08] [WARN] [main] [login] Intento de inicio de sesión fallido para usuario: administrador
[2025-10-06 18:13:15] [INFO] [main] [login] Cierre de sesión para usuario: administrador
[2025-10-06 18:13:15] [INFO] [main] [app] Componente App montado
[2025-10-06 18:13:15] [INFO] [main] [app] Versión cargada: 1.1.0
[2025-10-06 18:13:21] [INFO] [main] [login] Inicio de sesión exitoso para usuario: operador
[2025-10-06 18:13:21] [INFO] [main] set-fullscreen: true
[2025-10-06 18:13:21] [INFO] [main] Ventana cerrándose, deteniendo TTS...
[2025-10-06 18:13:21] [INFO] [main] Creando ventana principal...
[2025-10-06 18:13:21] [INFO] [main] Cargando URL: http://localhost:5173
[2025-10-06 18:13:21] [INFO] [main] set-frame: false
[2025-10-06 18:13:21] [INFO] [main] [login] Usuario autenticado en sesión principal, redirigiendo a /ppal
[2025-10-06 18:13:21] [INFO] [main] [app] Componente App montado
[2025-10-06 18:13:21] [INFO] [main] [app] Versión cargada: 1.1.0
[2025-10-06 18:13:21] [INFO] [main] Recibido config actualizado
[2025-10-06 18:13:21] [INFO] [main] Recibido auth actualizado
[2025-10-06 18:13:21] [INFO] [main] Recibido logger actualizado
[2025-10-06 18:13:21] [INFO] [main] Recibido env actualizado
[2025-10-06 18:13:21] [INFO] [preload] Inicializando preload.js
[2025-10-06 18:13:21] [INFO] [setupWatcher] Observando archivo setup_config.json en: C:\Users\User\Documents\Personal\LockeritDesk\configFiles\setup_config.json
[2025-10-06 18:13:21] [INFO] [setupWatcher] Archivo setup_config.json cargado correctamente
[2025-10-06 18:13:21] [INFO] [preload] Watcher iniciado: setup_config.json
[2025-10-06 18:13:21] [INFO] [authWatcher] Observando archivo auth_key.json en: C:\Users\User\Documents\Personal\LockeritDesk\configFiles\auth_key.json
[2025-10-06 18:13:21] [INFO] [authWatcher] auth_key.json actualizado correctamente
[2025-10-06 18:13:21] [INFO] [preload] Watcher iniciado: auth_key.json
[2025-10-06 18:13:21] [INFO] [loggerWatcher] Observando archivo logger_config.json en: C:\Users\User\Documents\Personal\LockeritDesk\configFiles\logger_config.json
[2025-10-06 18:13:21] [INFO] [loggerWatcher] Archivo logger_config.json cargado correctamente
[2025-10-06 18:13:21] [INFO] [preload] Watcher iniciado: logger_config.json
[2025-10-06 18:13:21] [INFO] [envWatcher] Observando archivo .env en: C:\Users\User\Documents\Personal\LockeritDesk\configFiles\.env
[2025-10-06 18:13:21] [INFO] [envWatcher] Archivo .env cargado correctamente
[2025-10-06 18:13:21] [INFO] [preload] Watcher iniciado: .env
[2025-10-06 18:13:21] [INFO] [preload] API expuesta en window.electronAPI
[2025-10-06 18:13:22] [INFO] [main] [axiosConfig] API BaseURL Inicial: http://localhost:8080
[2025-10-06 18:13:22] [INFO] [main] [axiosConfig] API BaseTimeout Inicial: 30
[2025-10-06 18:13:22] [INFO] [main] [configStore] Configuración actualizada
[2025-10-06 18:13:22] [INFO] [main] [configStore] config_key.json inicial cargado exitosamente
[2025-10-06 18:13:22] [INFO] [main] [envStore] ENV inicial cargado correctamente
[2025-10-06 18:13:22] [INFO] [main] [envStore] ENV actualizado
[2025-10-06 18:13:22] [INFO] [main] [axiosConfig] API BaseTimeout actualizada dinámicamente: 30
[2025-10-06 18:13:22] [INFO] [main] [assignLocker] API BaseTimeout actualizada dinámicamente: 30
[2025-10-06 18:13:22] [INFO] [main] [authStore] Auth actualizado
[2025-10-06 18:13:22] [INFO] [main] [authStore] auth_key.json inicial cargado exitosamente
[2025-10-06 18:13:23] [INFO] [main] get-screen-data-once -> 1920x1048 factor=0.97
[2025-10-06 18:13:23] [INFO] [main] [login] Usuario autenticado en sesión principal, redirigiendo a /ppal
[2025-10-06 18:13:23] [INFO] [main] [copyright] Versión cargada: 1.1.0
[2025-10-06 18:13:23] [INFO] [main] [app] Componente App montado
[2025-10-06 18:13:23] [INFO] [main] [app] Versión cargada: 1.1.0
[2025-10-06 18:13:23] [INFO] [main] [copyright] Versión cargada: 1.1.0
[2025-10-06 18:13:23] [INFO] [main] [app] Componente App montado
[2025-10-06 18:13:23] [INFO] [main] [app] Versión cargada: 1.1.0
[2025-10-06 18:13:23] [INFO] [main] [useConfig] Configuración inicial obtenida
[2025-10-06 18:13:23] [INFO] [main] [useConfig] Configuración inicial obtenida
[2025-10-06 18:13:23] [INFO] [main] [useConfig] Configuración inicial obtenida
[2025-10-06 18:13:23] [INFO] [main] [useConfig] Configuración inicial obtenida
[2025-10-06 18:13:23] [INFO] [main] [useConfig] Configuración inicial obtenida
[2025-10-06 18:13:23] [INFO] [main] [useConfig] Configuración inicial obtenida
[2025-10-06 18:13:23] [INFO] [main] [statusLockers] Iniciando petición para obtener casilleros disponibles
[2025-10-06 18:13:23] [INFO] [main] [statusLockers] Timeout efectivo en ejecución: 30000
[2025-10-06 18:13:23] [INFO] [main] [statusLockers] Intento 1: HOST -> http://localhost:8080
[2025-10-06 18:13:23] [INFO] [main] [statusLockers] Intento 1: URL -> /api/lockers/get-all-status
[2025-10-06 18:13:23] [INFO] [main] [statusLockers] Iniciando petición para obtener casilleros disponibles
[2025-10-06 18:13:23] [INFO] [main] [statusLockers] Timeout efectivo en ejecución: 30000
[2025-10-06 18:13:23] [INFO] [main] [statusLockers] Intento 1: HOST -> http://localhost:8080
[2025-10-06 18:13:23] [INFO] [main] [statusLockers] Intento 1: URL -> /api/lockers/get-all-status
[2025-10-06 18:13:23] [INFO] [main] [useConfig] Configuración inicial obtenida
[2025-10-06 18:13:23] [INFO] [main] [useConfig] Configuración inicial obtenida
[2025-10-06 18:13:23] [INFO] [main] [useConfig] Configuración inicial obtenida
[2025-10-06 18:13:23] [INFO] [main] [useConfig] Configuración inicial obtenida
[2025-10-06 18:13:23] [INFO] [main] [statusLockers] Response. Status: 200
[2025-10-06 18:13:23] [INFO] [main] [statusLockers] Response. Data: {"general":[{"status":"libre","total":52},{"status":"reservado","total":0},{"status":"deshabilitado","total":5},{"status":"ocupado","total":3}],"modules":[{"module":"A","lockers":[{"lockerCode":"A1","status":"libre"},{"lockerCode":"A2","status":"libre"},{"lockerCode":"A3","status":"deshabilitado"},{"lockerCode":"A4","status":"libre"},{"lockerCode":"A5","status":"libre"},{"lockerCode":"A6","status":"libre"},{"lockerCode":"A7","status":"libre"},{"lockerCode":"A8","status":"libre"},{"lockerCode":"A9","status":"libre"},{"lockerCode":"A10","status":"libre"}]},{"module":"B","lockers":[{"lockerCode":"B1","status":"libre"},{"lockerCode":"B2","status":"libre"},{"lockerCode":"B3","status":"libre"},{"lockerCode":"B4","status":"libre"},{"lockerCode":"B5","status":"libre"},{"lockerCode":"B6","status":"libre"},{"lockerCode":"B7","status":"libre"},{"lockerCode":"B8","status":"libre"},{"lockerCode":"B9","status":"libre"},{"lockerCode":"B10","status":"libre"}]},{"module":"C","lockers":[{"lockerCode":"C1","status":"libre"},{"lockerCode":"C2","status":"libre"},{"lockerCode":"C3","status":"libre"},{"lockerCode":"C4","status":"ocupado"},{"lockerCode":"C5","status":"libre"},{"lockerCode":"C6","status":"deshabilitado"},{"lockerCode":"C7","status":"libre"},{"lockerCode":"C8","status":"libre"},{"lockerCode":"C9","status":"libre"},{"lockerCode":"C10","status":"libre"}]},{"module":"D","lockers":[{"lockerCode":"D1","status":"deshabilitado"},{"lockerCode":"D2","status":"libre"},{"lockerCode":"D3","status":"libre"},{"lockerCode":"D4","status":"libre"},{"lockerCode":"D5","status":"libre"},{"lockerCode":"D6","status":"libre"},{"lockerCode":"D7","status":"libre"},{"lockerCode":"D8","status":"libre"},{"lockerCode":"D9","status":"libre"},{"lockerCode":"D10","status":"libre"}]},{"module":"E","lockers":[{"lockerCode":"E1","status":"libre"},{"lockerCode":"E2","status":"libre"},{"lockerCode":"E3","status":"libre"},{"lockerCode":"E4","status":"deshabilitado"},{"lockerCode":"E5","status":"libre"},{"lockerCode":"E6","status":"ocupado"},{"lockerCode":"E7","status":"libre"},{"lockerCode":"E8","status":"libre"},{"lockerCode":"E9","status":"libre"},{"lockerCode":"E10","status":"libre"}]},{"module":"F","lockers":[{"lockerCode":"F1","status":"libre"},{"lockerCode":"F2","status":"libre"},{"lockerCode":"F3","status":"libre"},{"lockerCode":"F4","status":"libre"},{"lockerCode":"F5","status":"libre"},{"lockerCode":"F6","status":"libre"},{"lockerCode":"F7","status":"ocupado"},{"lockerCode":"F8","status":"deshabilitado"},{"lockerCode":"F9","status":"libre"},{"lockerCode":"F10","status":"libre"}]}]}
[2025-10-06 18:13:23] [INFO] [main] [statusLockers] Response. Status: 200
[2025-10-06 18:13:23] [INFO] [main] [statusLockers] Response. Data: {"general":[{"status":"ocupado","total":3},{"status":"libre","total":52},{"status":"reservado","total":0},{"status":"deshabilitado","total":5}],"modules":[{"module":"A","lockers":[{"lockerCode":"A1","status":"libre"},{"lockerCode":"A2","status":"libre"},{"lockerCode":"A3","status":"deshabilitado"},{"lockerCode":"A4","status":"libre"},{"lockerCode":"A5","status":"libre"},{"lockerCode":"A6","status":"libre"},{"lockerCode":"A7","status":"libre"},{"lockerCode":"A8","status":"libre"},{"lockerCode":"A9","status":"libre"},{"lockerCode":"A10","status":"libre"}]},{"module":"B","lockers":[{"lockerCode":"B1","status":"libre"},{"lockerCode":"B2","status":"libre"},{"lockerCode":"B3","status":"libre"},{"lockerCode":"B4","status":"libre"},{"lockerCode":"B5","status":"libre"},{"lockerCode":"B6","status":"libre"},{"lockerCode":"B7","status":"libre"},{"lockerCode":"B8","status":"libre"},{"lockerCode":"B9","status":"libre"},{"lockerCode":"B10","status":"libre"}]},{"module":"C","lockers":[{"lockerCode":"C1","status":"libre"},{"lockerCode":"C2","status":"libre"},{"lockerCode":"C3","status":"libre"},{"lockerCode":"C4","status":"ocupado"},{"lockerCode":"C5","status":"libre"},{"lockerCode":"C6","status":"deshabilitado"},{"lockerCode":"C7","status":"libre"},{"lockerCode":"C8","status":"libre"},{"lockerCode":"C9","status":"libre"},{"lockerCode":"C10","status":"libre"}]},{"module":"D","lockers":[{"lockerCode":"D1","status":"deshabilitado"},{"lockerCode":"D2","status":"libre"},{"lockerCode":"D3","status":"libre"},{"lockerCode":"D4","status":"libre"},{"lockerCode":"D5","status":"libre"},{"lockerCode":"D6","status":"libre"},{"lockerCode":"D7","status":"libre"},{"lockerCode":"D8","status":"libre"},{"lockerCode":"D9","status":"libre"},{"lockerCode":"D10","status":"libre"}]},{"module":"E","lockers":[{"lockerCode":"E1","status":"libre"},{"lockerCode":"E2","status":"libre"},{"lockerCode":"E3","status":"libre"},{"lockerCode":"E4","status":"deshabilitado"},{"lockerCode":"E5","status":"libre"},{"lockerCode":"E6","status":"ocupado"},{"lockerCode":"E7","status":"libre"},{"lockerCode":"E8","status":"libre"},{"lockerCode":"E9","status":"libre"},{"lockerCode":"E10","status":"libre"}]},{"module":"F","lockers":[{"lockerCode":"F1","status":"libre"},{"lockerCode":"F2","status":"libre"},{"lockerCode":"F3","status":"libre"},{"lockerCode":"F4","status":"libre"},{"lockerCode":"F5","status":"libre"},{"lockerCode":"F6","status":"libre"},{"lockerCode":"F7","status":"ocupado"},{"lockerCode":"F8","status":"deshabilitado"},{"lockerCode":"F9","status":"libre"},{"lockerCode":"F10","status":"libre"}]}]}
[2025-10-06 18:13:35] [INFO] [main] [ppal] Redirigiendo a / — authenticated=true, closeSession=true, closeWindow=false
[2025-10-06 18:13:35] [INFO] [main] [app] Componente App montado
[2025-10-06 18:13:35] [INFO] [main] [app] Versión cargada: 1.1.0
[2025-10-06 18:13:35] [INFO] [main] [useConfig] Configuración inicial obtenida
[2025-10-06 18:13:35] [INFO] [main] [useConfig] Configuración inicial obtenida
[2025-10-06 18:13:39] [INFO] [main] [login] Redirigiendo a /ppal desde Login
[2025-10-06 18:13:39] [INFO] [main] [login] Usuario autenticado en sesión principal, redirigiendo a /ppal
[2025-10-06 18:13:39] [INFO] [main] [app] Componente App montado
[2025-10-06 18:13:39] [INFO] [main] [app] Versión cargada: 1.1.0
[2025-10-06 18:13:39] [INFO] [main] [statusLockers] Iniciando petición para obtener casilleros disponibles
[2025-10-06 18:13:39] [INFO] [main] [statusLockers] Timeout efectivo en ejecución: 30000
[2025-10-06 18:13:39] [INFO] [main] [statusLockers] Intento 1: HOST -> http://localhost:8080
[2025-10-06 18:13:39] [INFO] [main] [statusLockers] Intento 1: URL -> /api/lockers/get-all-status
[2025-10-06 18:13:39] [INFO] [main] [statusLockers] Iniciando petición para obtener casilleros disponibles
[2025-10-06 18:13:39] [INFO] [main] [statusLockers] Timeout efectivo en ejecución: 30000
[2025-10-06 18:13:39] [INFO] [main] [statusLockers] Intento 1: HOST -> http://localhost:8080
[2025-10-06 18:13:39] [INFO] [main] [statusLockers] Intento 1: URL -> /api/lockers/get-all-status
[2025-10-06 18:13:39] [INFO] [main] [useConfig] Configuración inicial obtenida
[2025-10-06 18:13:39] [INFO] [main] [useConfig] Configuración inicial obtenida
[2025-10-06 18:13:39] [INFO] [main] [useConfig] Configuración inicial obtenida
[2025-10-06 18:13:39] [INFO] [main] [useConfig] Configuración inicial obtenida
[2025-10-06 18:13:39] [INFO] [main] [statusLockers] Response. Status: 200
[2025-10-06 18:13:39] [INFO] [main] [statusLockers] Response. Data: {"general":[{"status":"reservado","total":0},{"status":"deshabilitado","total":5},{"status":"ocupado","total":3},{"status":"libre","total":52}],"modules":[{"module":"A","lockers":[{"lockerCode":"A1","status":"libre"},{"lockerCode":"A2","status":"libre"},{"lockerCode":"A3","status":"deshabilitado"},{"lockerCode":"A4","status":"libre"},{"lockerCode":"A5","status":"libre"},{"lockerCode":"A6","status":"libre"},{"lockerCode":"A7","status":"libre"},{"lockerCode":"A8","status":"libre"},{"lockerCode":"A9","status":"libre"},{"lockerCode":"A10","status":"libre"}]},{"module":"B","lockers":[{"lockerCode":"B1","status":"libre"},{"lockerCode":"B2","status":"libre"},{"lockerCode":"B3","status":"libre"},{"lockerCode":"B4","status":"libre"},{"lockerCode":"B5","status":"libre"},{"lockerCode":"B6","status":"libre"},{"lockerCode":"B7","status":"libre"},{"lockerCode":"B8","status":"libre"},{"lockerCode":"B9","status":"libre"},{"lockerCode":"B10","status":"libre"}]},{"module":"C","lockers":[{"lockerCode":"C1","status":"libre"},{"lockerCode":"C2","status":"libre"},{"lockerCode":"C3","status":"libre"},{"lockerCode":"C4","status":"ocupado"},{"lockerCode":"C5","status":"libre"},{"lockerCode":"C6","status":"deshabilitado"},{"lockerCode":"C7","status":"libre"},{"lockerCode":"C8","status":"libre"},{"lockerCode":"C9","status":"libre"},{"lockerCode":"C10","status":"libre"}]},{"module":"D","lockers":[{"lockerCode":"D1","status":"deshabilitado"},{"lockerCode":"D2","status":"libre"},{"lockerCode":"D3","status":"libre"},{"lockerCode":"D4","status":"libre"},{"lockerCode":"D5","status":"libre"},{"lockerCode":"D6","status":"libre"},{"lockerCode":"D7","status":"libre"},{"lockerCode":"D8","status":"libre"},{"lockerCode":"D9","status":"libre"},{"lockerCode":"D10","status":"libre"}]},{"module":"E","lockers":[{"lockerCode":"E1","status":"libre"},{"lockerCode":"E2","status":"libre"},{"lockerCode":"E3","status":"libre"},{"lockerCode":"E4","status":"deshabilitado"},{"lockerCode":"E5","status":"libre"},{"lockerCode":"E6","status":"ocupado"},{"lockerCode":"E7","status":"libre"},{"lockerCode":"E8","status":"libre"},{"lockerCode":"E9","status":"libre"},{"lockerCode":"E10","status":"libre"}]},{"module":"F","lockers":[{"lockerCode":"F1","status":"libre"},{"lockerCode":"F2","status":"libre"},{"lockerCode":"F3","status":"libre"},{"lockerCode":"F4","status":"libre"},{"lockerCode":"F5","status":"libre"},{"lockerCode":"F6","status":"libre"},{"lockerCode":"F7","status":"ocupado"},{"lockerCode":"F8","status":"deshabilitado"},{"lockerCode":"F9","status":"libre"},{"lockerCode":"F10","status":"libre"}]}]}
[2025-10-06 18:13:39] [INFO] [main] [statusLockers] Response. Status: 200
[2025-10-06 18:13:39] [INFO] [main] [statusLockers] Response. Data: {"general":[{"status":"deshabilitado","total":5},{"status":"ocupado","total":3},{"status":"libre","total":52},{"status":"reservado","total":0}],"modules":[{"module":"A","lockers":[{"lockerCode":"A1","status":"libre"},{"lockerCode":"A2","status":"libre"},{"lockerCode":"A3","status":"deshabilitado"},{"lockerCode":"A4","status":"libre"},{"lockerCode":"A5","status":"libre"},{"lockerCode":"A6","status":"libre"},{"lockerCode":"A7","status":"libre"},{"lockerCode":"A8","status":"libre"},{"lockerCode":"A9","status":"libre"},{"lockerCode":"A10","status":"libre"}]},{"module":"B","lockers":[{"lockerCode":"B1","status":"libre"},{"lockerCode":"B2","status":"libre"},{"lockerCode":"B3","status":"libre"},{"lockerCode":"B4","status":"libre"},{"lockerCode":"B5","status":"libre"},{"lockerCode":"B6","status":"libre"},{"lockerCode":"B7","status":"libre"},{"lockerCode":"B8","status":"libre"},{"lockerCode":"B9","status":"libre"},{"lockerCode":"B10","status":"libre"}]},{"module":"C","lockers":[{"lockerCode":"C1","status":"libre"},{"lockerCode":"C2","status":"libre"},{"lockerCode":"C3","status":"libre"},{"lockerCode":"C4","status":"ocupado"},{"lockerCode":"C5","status":"libre"},{"lockerCode":"C6","status":"deshabilitado"},{"lockerCode":"C7","status":"libre"},{"lockerCode":"C8","status":"libre"},{"lockerCode":"C9","status":"libre"},{"lockerCode":"C10","status":"libre"}]},{"module":"D","lockers":[{"lockerCode":"D1","status":"deshabilitado"},{"lockerCode":"D2","status":"libre"},{"lockerCode":"D3","status":"libre"},{"lockerCode":"D4","status":"libre"},{"lockerCode":"D5","status":"libre"},{"lockerCode":"D6","status":"libre"},{"lockerCode":"D7","status":"libre"},{"lockerCode":"D8","status":"libre"},{"lockerCode":"D9","status":"libre"},{"lockerCode":"D10","status":"libre"}]},{"module":"E","lockers":[{"lockerCode":"E1","status":"libre"},{"lockerCode":"E2","status":"libre"},{"lockerCode":"E3","status":"libre"},{"lockerCode":"E4","status":"deshabilitado"},{"lockerCode":"E5","status":"libre"},{"lockerCode":"E6","status":"ocupado"},{"lockerCode":"E7","status":"libre"},{"lockerCode":"E8","status":"libre"},{"lockerCode":"E9","status":"libre"},{"lockerCode":"E10","status":"libre"}]},{"module":"F","lockers":[{"lockerCode":"F1","status":"libre"},{"lockerCode":"F2","status":"libre"},{"lockerCode":"F3","status":"libre"},{"lockerCode":"F4","status":"libre"},{"lockerCode":"F5","status":"libre"},{"lockerCode":"F6","status":"libre"},{"lockerCode":"F7","status":"ocupado"},{"lockerCode":"F8","status":"deshabilitado"},{"lockerCode":"F9","status":"libre"},{"lockerCode":"F10","status":"libre"}]}]}
[2025-10-06 18:13:49] [INFO] [main] [openReserveLocker] Iniciando petición para abrir casillero reservado
[2025-10-06 18:13:49] [INFO] [main] [openReserveLocker] Timeout efectivo en ejecución: 30000
[2025-10-06 18:13:49] [INFO] [main] [openReserveLocker] Intento 1: HOST -> http://localhost:8080
[2025-10-06 18:13:49] [INFO] [main] [openReserveLocker] Intento 1: URL -> /api/lockers/open-reserve
[2025-10-06 18:13:49] [INFO] [main] [openReserveLocker] Intento 1: Request -> {"phone":"3103192771","pin":"0000","openBy":"user"}
[2025-10-06 18:13:49] [ERROR] [main] [openReserveLocker] [intento 1] Error HTTP: 404 - Request failed with status code 404
[2025-10-06 18:13:49] [INFO] Voz cacheada por defecto: Microsoft Sabina Desktop
[2025-10-06 18:14:47] [INFO] [main] [statusLockers] Iniciando petición para obtener casilleros disponibles
[2025-10-06 18:14:47] [INFO] [main] [statusLockers] Timeout efectivo en ejecución: 30000
[2025-10-06 18:14:47] [INFO] [main] [statusLockers] Intento 1: HOST -> http://localhost:8080
[2025-10-06 18:14:47] [INFO] [main] [statusLockers] Intento 1: URL -> /api/lockers/get-all-status
[2025-10-06 18:14:47] [INFO] [main] [statusLockers] Response. Status: 200
[2025-10-06 18:14:47] [INFO] [main] [statusLockers] Response. Data: {"general":[{"status":"ocupado","total":3},{"status":"libre","total":52},{"status":"reservado","total":0},{"status":"deshabilitado","total":5}],"modules":[{"module":"A","lockers":[{"lockerCode":"A1","status":"libre"},{"lockerCode":"A2","status":"libre"},{"lockerCode":"A3","status":"deshabilitado"},{"lockerCode":"A4","status":"libre"},{"lockerCode":"A5","status":"libre"},{"lockerCode":"A6","status":"libre"},{"lockerCode":"A7","status":"libre"},{"lockerCode":"A8","status":"libre"},{"lockerCode":"A9","status":"libre"},{"lockerCode":"A10","status":"libre"}]},{"module":"B","lockers":[{"lockerCode":"B1","status":"libre"},{"lockerCode":"B2","status":"libre"},{"lockerCode":"B3","status":"libre"},{"lockerCode":"B4","status":"libre"},{"lockerCode":"B5","status":"libre"},{"lockerCode":"B6","status":"libre"},{"lockerCode":"B7","status":"libre"},{"lockerCode":"B8","status":"libre"},{"lockerCode":"B9","status":"libre"},{"lockerCode":"B10","status":"libre"}]},{"module":"C","lockers":[{"lockerCode":"C1","status":"libre"},{"lockerCode":"C2","status":"libre"},{"lockerCode":"C3","status":"libre"},{"lockerCode":"C4","status":"ocupado"},{"lockerCode":"C5","status":"libre"},{"lockerCode":"C6","status":"deshabilitado"},{"lockerCode":"C7","status":"libre"},{"lockerCode":"C8","status":"libre"},{"lockerCode":"C9","status":"libre"},{"lockerCode":"C10","status":"libre"}]},{"module":"D","lockers":[{"lockerCode":"D1","status":"deshabilitado"},{"lockerCode":"D2","status":"libre"},{"lockerCode":"D3","status":"libre"},{"lockerCode":"D4","status":"libre"},{"lockerCode":"D5","status":"libre"},{"lockerCode":"D6","status":"libre"},{"lockerCode":"D7","status":"libre"},{"lockerCode":"D8","status":"libre"},{"lockerCode":"D9","status":"libre"},{"lockerCode":"D10","status":"libre"}]},{"module":"E","lockers":[{"lockerCode":"E1","status":"libre"},{"lockerCode":"E2","status":"libre"},{"lockerCode":"E3","status":"libre"},{"lockerCode":"E4","status":"deshabilitado"},{"lockerCode":"E5","status":"libre"},{"lockerCode":"E6","status":"ocupado"},{"lockerCode":"E7","status":"libre"},{"lockerCode":"E8","status":"libre"},{"lockerCode":"E9","status":"libre"},{"lockerCode":"E10","status":"libre"}]},{"module":"F","lockers":[{"lockerCode":"F1","status":"libre"},{"lockerCode":"F2","status":"libre"},{"lockerCode":"F3","status":"libre"},{"lockerCode":"F4","status":"libre"},{"lockerCode":"F5","status":"libre"},{"lockerCode":"F6","status":"libre"},{"lockerCode":"F7","status":"ocupado"},{"lockerCode":"F8","status":"deshabilitado"},{"lockerCode":"F9","status":"libre"},{"lockerCode":"F10","status":"libre"}]}]}
[2025-10-06 18:15:43] [INFO] [main] [openReserveLocker] Iniciando petición para abrir casillero reservado
[2025-10-06 18:15:43] [INFO] [main] [openReserveLocker] Timeout efectivo en ejecución: 30000
[2025-10-06 18:15:43] [INFO] [main] [openReserveLocker] Intento 1: HOST -> http://localhost:8080
[2025-10-06 18:15:43] [INFO] [main] [openReserveLocker] Intento 1: URL -> /api/lockers/open-reserve
[2025-10-06 18:15:43] [INFO] [main] [openReserveLocker] Intento 1: Request -> {"phone":"3285555880","pin":"0000","openBy":"user"}
[2025-10-06 18:15:43] [ERROR] [main] [openReserveLocker] [intento 1] Error HTTP: 404 - Request failed with status code 404
[2025-10-06 18:15:45] [INFO] [main] [statusLockers] Iniciando petición para obtener casilleros disponibles
[2025-10-06 18:15:45] [INFO] [main] [statusLockers] Timeout efectivo en ejecución: 30000
[2025-10-06 18:15:45] [INFO] [main] [statusLockers] Intento 1: HOST -> http://localhost:8080
[2025-10-06 18:15:45] [INFO] [main] [statusLockers] Intento 1: URL -> /api/lockers/get-all-status
[2025-10-06 18:15:45] [INFO] [main] [copyright] Versión cargada: 1.1.0
[2025-10-06 18:15:45] [INFO] [main] [app] Componente App montado
[2025-10-06 18:15:45] [INFO] [main] [app] Versión cargada: 1.1.0
[2025-10-06 18:15:45] [INFO] [main] [statusLockers] Iniciando petición para obtener casilleros disponibles
[2025-10-06 18:15:45] [INFO] [main] [statusLockers] Timeout efectivo en ejecución: 30000
[2025-10-06 18:15:45] [INFO] [main] [statusLockers] Intento 1: HOST -> http://localhost:8080
[2025-10-06 18:15:45] [INFO] [main] [statusLockers] Intento 1: URL -> /api/lockers/get-all-status
[2025-10-06 18:15:45] [INFO] [main] [copyright] Versión cargada: 1.1.0
[2025-10-06 18:15:45] [INFO] [main] [app] Componente App montado
[2025-10-06 18:15:45] [INFO] [main] [app] Versión cargada: 1.1.0
[2025-10-06 18:15:45] [INFO] [main] [useConfig] Configuración inicial obtenida
[2025-10-06 18:15:45] [INFO] [main] [useConfig] Configuración inicial obtenida
[2025-10-06 18:15:45] [INFO] [main] [useConfig] Configuración inicial obtenida
[2025-10-06 18:15:45] [INFO] [main] [useConfig] Configuración inicial obtenida
[2025-10-06 18:15:45] [INFO] [main] [useConfig] Configuración inicial obtenida
[2025-10-06 18:15:45] [INFO] [main] [useConfig] Configuración inicial obtenida
[2025-10-06 18:15:45] [INFO] [main] [useConfig] Configuración inicial obtenida
[2025-10-06 18:15:45] [INFO] [main] [useConfig] Configuración inicial obtenida
[2025-10-06 18:15:46] [INFO] [main] [statusLockers] Response. Status: 200
[2025-10-06 18:15:46] [INFO] [main] [statusLockers] Response. Data: {"general":[{"status":"reservado","total":0},{"status":"deshabilitado","total":5},{"status":"ocupado","total":3},{"status":"libre","total":52}],"modules":[{"module":"A","lockers":[{"lockerCode":"A1","status":"libre"},{"lockerCode":"A2","status":"libre"},{"lockerCode":"A3","status":"deshabilitado"},{"lockerCode":"A4","status":"libre"},{"lockerCode":"A5","status":"libre"},{"lockerCode":"A6","status":"libre"},{"lockerCode":"A7","status":"libre"},{"lockerCode":"A8","status":"libre"},{"lockerCode":"A9","status":"libre"},{"lockerCode":"A10","status":"libre"}]},{"module":"B","lockers":[{"lockerCode":"B1","status":"libre"},{"lockerCode":"B2","status":"libre"},{"lockerCode":"B3","status":"libre"},{"lockerCode":"B4","status":"libre"},{"lockerCode":"B5","status":"libre"},{"lockerCode":"B6","status":"libre"},{"lockerCode":"B7","status":"libre"},{"lockerCode":"B8","status":"libre"},{"lockerCode":"B9","status":"libre"},{"lockerCode":"B10","status":"libre"}]},{"module":"C","lockers":[{"lockerCode":"C1","status":"libre"},{"lockerCode":"C2","status":"libre"},{"lockerCode":"C3","status":"libre"},{"lockerCode":"C4","status":"ocupado"},{"lockerCode":"C5","status":"libre"},{"lockerCode":"C6","status":"deshabilitado"},{"lockerCode":"C7","status":"libre"},{"lockerCode":"C8","status":"libre"},{"lockerCode":"C9","status":"libre"},{"lockerCode":"C10","status":"libre"}]},{"module":"D","lockers":[{"lockerCode":"D1","status":"deshabilitado"},{"lockerCode":"D2","status":"libre"},{"lockerCode":"D3","status":"libre"},{"lockerCode":"D4","status":"libre"},{"lockerCode":"D5","status":"libre"},{"lockerCode":"D6","status":"libre"},{"lockerCode":"D7","status":"libre"},{"lockerCode":"D8","status":"libre"},{"lockerCode":"D9","status":"libre"},{"lockerCode":"D10","status":"libre"}]},{"module":"E","lockers":[{"lockerCode":"E1","status":"libre"},{"lockerCode":"E2","status":"libre"},{"lockerCode":"E3","status":"libre"},{"lockerCode":"E4","status":"deshabilitado"},{"lockerCode":"E5","status":"libre"},{"lockerCode":"E6","status":"ocupado"},{"lockerCode":"E7","status":"libre"},{"lockerCode":"E8","status":"libre"},{"lockerCode":"E9","status":"libre"},{"lockerCode":"E10","status":"libre"}]},{"module":"F","lockers":[{"lockerCode":"F1","status":"libre"},{"lockerCode":"F2","status":"libre"},{"lockerCode":"F3","status":"libre"},{"lockerCode":"F4","status":"libre"},{"lockerCode":"F5","status":"libre"},{"lockerCode":"F6","status":"libre"},{"lockerCode":"F7","status":"ocupado"},{"lockerCode":"F8","status":"deshabilitado"},{"lockerCode":"F9","status":"libre"},{"lockerCode":"F10","status":"libre"}]}]}
[2025-10-06 18:15:46] [INFO] [main] [statusLockers] Response. Status: 200
[2025-10-06 18:15:46] [INFO] [main] [statusLockers] Response. Data: {"general":[{"status":"ocupado","total":3},{"status":"libre","total":52},{"status":"reservado","total":0},{"status":"deshabilitado","total":5}],"modules":[{"module":"A","lockers":[{"lockerCode":"A1","status":"libre"},{"lockerCode":"A2","status":"libre"},{"lockerCode":"A3","status":"deshabilitado"},{"lockerCode":"A4","status":"libre"},{"lockerCode":"A5","status":"libre"},{"lockerCode":"A6","status":"libre"},{"lockerCode":"A7","status":"libre"},{"lockerCode":"A8","status":"libre"},{"lockerCode":"A9","status":"libre"},{"lockerCode":"A10","status":"libre"}]},{"module":"B","lockers":[{"lockerCode":"B1","status":"libre"},{"lockerCode":"B2","status":"libre"},{"lockerCode":"B3","status":"libre"},{"lockerCode":"B4","status":"libre"},{"lockerCode":"B5","status":"libre"},{"lockerCode":"B6","status":"libre"},{"lockerCode":"B7","status":"libre"},{"lockerCode":"B8","status":"libre"},{"lockerCode":"B9","status":"libre"},{"lockerCode":"B10","status":"libre"}]},{"module":"C","lockers":[{"lockerCode":"C1","status":"libre"},{"lockerCode":"C2","status":"libre"},{"lockerCode":"C3","status":"libre"},{"lockerCode":"C4","status":"ocupado"},{"lockerCode":"C5","status":"libre"},{"lockerCode":"C6","status":"deshabilitado"},{"lockerCode":"C7","status":"libre"},{"lockerCode":"C8","status":"libre"},{"lockerCode":"C9","status":"libre"},{"lockerCode":"C10","status":"libre"}]},{"module":"D","lockers":[{"lockerCode":"D1","status":"deshabilitado"},{"lockerCode":"D2","status":"libre"},{"lockerCode":"D3","status":"libre"},{"lockerCode":"D4","status":"libre"},{"lockerCode":"D5","status":"libre"},{"lockerCode":"D6","status":"libre"},{"lockerCode":"D7","status":"libre"},{"lockerCode":"D8","status":"libre"},{"lockerCode":"D9","status":"libre"},{"lockerCode":"D10","status":"libre"}]},{"module":"E","lockers":[{"lockerCode":"E1","status":"libre"},{"lockerCode":"E2","status":"libre"},{"lockerCode":"E3","status":"libre"},{"lockerCode":"E4","status":"deshabilitado"},{"lockerCode":"E5","status":"libre"},{"lockerCode":"E6","status":"ocupado"},{"lockerCode":"E7","status":"libre"},{"lockerCode":"E8","status":"libre"},{"lockerCode":"E9","status":"libre"},{"lockerCode":"E10","status":"libre"}]},{"module":"F","lockers":[{"lockerCode":"F1","status":"libre"},{"lockerCode":"F2","status":"libre"},{"lockerCode":"F3","status":"libre"},{"lockerCode":"F4","status":"libre"},{"lockerCode":"F5","status":"libre"},{"lockerCode":"F6","status":"libre"},{"lockerCode":"F7","status":"ocupado"},{"lockerCode":"F8","status":"deshabilitado"},{"lockerCode":"F9","status":"libre"},{"lockerCode":"F10","status":"libre"}]}]}
[2025-10-06 18:41:51] [INFO] [main] [statusLockers] Iniciando petición para obtener casilleros disponibles
[2025-10-06 18:41:51] [INFO] [main] [statusLockers] Timeout efectivo en ejecución: 30000
[2025-10-06 18:41:51] [INFO] [main] [statusLockers] Intento 1: HOST -> http://localhost:8080
[2025-10-06 18:41:51] [INFO] [main] [statusLockers] Intento 1: URL -> /api/lockers/get-all-status
[2025-10-06 18:41:51] [INFO] [main] [copyright] Versión cargada: 1.1.0
[2025-10-06 18:41:51] [INFO] [main] [app] Componente App montado
[2025-10-06 18:41:51] [INFO] [main] [app] Versión cargada: 1.1.0
[2025-10-06 18:41:51] [INFO] [main] [statusLockers] Iniciando petición para obtener casilleros disponibles
[2025-10-06 18:41:51] [INFO] [main] [statusLockers] Timeout efectivo en ejecución: 30000
[2025-10-06 18:41:51] [INFO] [main] [statusLockers] Intento 1: HOST -> http://localhost:8080
[2025-10-06 18:41:51] [INFO] [main] [statusLockers] Intento 1: URL -> /api/lockers/get-all-status
[2025-10-06 18:41:51] [INFO] [main] [copyright] Versión cargada: 1.1.0
[2025-10-06 18:41:51] [INFO] [main] [app] Componente App montado
[2025-10-06 18:41:51] [INFO] [main] [app] Versión cargada: 1.1.0
[2025-10-06 18:41:51] [INFO] [main] [statusLockers] Iniciando petición para obtener casilleros disponibles
[2025-10-06 18:41:51] [INFO] [main] [statusLockers] Timeout efectivo en ejecución: 30000
[2025-10-06 18:41:51] [INFO] [main] [statusLockers] Intento 1: HOST -> http://localhost:8080
[2025-10-06 18:41:51] [INFO] [main] [statusLockers] Intento 1: URL -> /api/lockers/get-all-status
[2025-10-06 18:41:51] [INFO] [main] [copyright] Versión cargada: 1.1.0
[2025-10-06 18:41:51] [INFO] [main] [app] Componente App montado
[2025-10-06 18:41:51] [INFO] [main] [app] Versión cargada: 1.1.0
[2025-10-06 18:41:51] [INFO] [main] [statusLockers] Iniciando petición para obtener casilleros disponibles
[2025-10-06 18:41:51] [INFO] [main] [statusLockers] Timeout efectivo en ejecución: 30000
[2025-10-06 18:41:51] [INFO] [main] [statusLockers] Intento 1: HOST -> http://localhost:8080
[2025-10-06 18:41:51] [INFO] [main] [statusLockers] Intento 1: URL -> /api/lockers/get-all-status
[2025-10-06 18:41:51] [INFO] [main] [copyright] Versión cargada: 1.1.0
[2025-10-06 18:41:51] [INFO] [main] [app] Componente App montado
[2025-10-06 18:41:51] [INFO] [main] [app] Versión cargada: 1.1.0
[2025-10-06 18:41:51] [INFO] [main] [useConfig] Configuración inicial obtenida
[2025-10-06 18:41:51] [INFO] [main] [useConfig] Configuración inicial obtenida
[2025-10-06 18:41:51] [INFO] [main] [useConfig] Configuración inicial obtenida
[2025-10-06 18:41:51] [INFO] [main] [useConfig] Configuración inicial obtenida
[2025-10-06 18:41:51] [INFO] [main] [useConfig] Configuración inicial obtenida
[2025-10-06 18:41:51] [INFO] [main] [useConfig] Configuración inicial obtenida
[2025-10-06 18:41:51] [INFO] [main] [useConfig] Configuración inicial obtenida
[2025-10-06 18:41:51] [INFO] [main] [useConfig] Configuración inicial obtenida
[2025-10-06 18:41:51] [INFO] [main] [useConfig] Configuración inicial obtenida
[2025-10-06 18:41:51] [INFO] [main] [useConfig] Configuración inicial obtenida
[2025-10-06 18:41:51] [INFO] [main] [useConfig] Configuración inicial obtenida
[2025-10-06 18:41:51] [INFO] [main] [useConfig] Configuración inicial obtenida
[2025-10-06 18:41:51] [INFO] [main] [useConfig] Configuración inicial obtenida
[2025-10-06 18:41:51] [INFO] [main] [useConfig] Configuración inicial obtenida
[2025-10-06 18:41:51] [INFO] [main] [useConfig] Configuración inicial obtenida
[2025-10-06 18:41:51] [INFO] [main] [useConfig] Configuración inicial obtenida
[2025-10-06 18:41:53] [INFO] [main] [statusLockers] Response. Status: 200
[2025-10-06 18:41:53] [INFO] [main] [statusLockers] Response. Data: {"general":[{"status":"ocupado","total":3},{"status":"libre","total":52},{"status":"reservado","total":0},{"status":"deshabilitado","total":5}],"modules":[{"module":"A","lockers":[{"lockerCode":"A1","status":"libre"},{"lockerCode":"A2","status":"libre"},{"lockerCode":"A3","status":"deshabilitado"},{"lockerCode":"A4","status":"libre"},{"lockerCode":"A5","status":"libre"},{"lockerCode":"A6","status":"libre"},{"lockerCode":"A7","status":"libre"},{"lockerCode":"A8","status":"libre"},{"lockerCode":"A9","status":"libre"},{"lockerCode":"A10","status":"libre"}]},{"module":"B","lockers":[{"lockerCode":"B1","status":"libre"},{"lockerCode":"B2","status":"libre"},{"lockerCode":"B3","status":"libre"},{"lockerCode":"B4","status":"libre"},{"lockerCode":"B5","status":"libre"},{"lockerCode":"B6","status":"libre"},{"lockerCode":"B7","status":"libre"},{"lockerCode":"B8","status":"libre"},{"lockerCode":"B9","status":"libre"},{"lockerCode":"B10","status":"libre"}]},{"module":"C","lockers":[{"lockerCode":"C1","status":"libre"},{"lockerCode":"C2","status":"libre"},{"lockerCode":"C3","status":"libre"},{"lockerCode":"C4","status":"ocupado"},{"lockerCode":"C5","status":"libre"},{"lockerCode":"C6","status":"deshabilitado"},{"lockerCode":"C7","status":"libre"},{"lockerCode":"C8","status":"libre"},{"lockerCode":"C9","status":"libre"},{"lockerCode":"C10","status":"libre"}]},{"module":"D","lockers":[{"lockerCode":"D1","status":"deshabilitado"},{"lockerCode":"D2","status":"libre"},{"lockerCode":"D3","status":"libre"},{"lockerCode":"D4","status":"libre"},{"lockerCode":"D5","status":"libre"},{"lockerCode":"D6","status":"libre"},{"lockerCode":"D7","status":"libre"},{"lockerCode":"D8","status":"libre"},{"lockerCode":"D9","status":"libre"},{"lockerCode":"D10","status":"libre"}]},{"module":"E","lockers":[{"lockerCode":"E1","status":"libre"},{"lockerCode":"E2","status":"libre"},{"lockerCode":"E3","status":"libre"},{"lockerCode":"E4","status":"deshabilitado"},{"lockerCode":"E5","status":"libre"},{"lockerCode":"E6","status":"ocupado"},{"lockerCode":"E7","status":"libre"},{"lockerCode":"E8","status":"libre"},{"lockerCode":"E9","status":"libre"},{"lockerCode":"E10","status":"libre"}]},{"module":"F","lockers":[{"lockerCode":"F1","status":"libre"},{"lockerCode":"F2","status":"libre"},{"lockerCode":"F3","status":"libre"},{"lockerCode":"F4","status":"libre"},{"lockerCode":"F5","status":"libre"},{"lockerCode":"F6","status":"libre"},{"lockerCode":"F7","status":"ocupado"},{"lockerCode":"F8","status":"deshabilitado"},{"lockerCode":"F9","status":"libre"},{"lockerCode":"F10","status":"libre"}]}]}
[2025-10-06 18:41:53] [INFO] [main] [statusLockers] Response. Status: 200
[2025-10-06 18:41:53] [INFO] [main] [statusLockers] Response. Data: {"general":[{"status":"ocupado","total":3},{"status":"libre","total":52},{"status":"reservado","total":0},{"status":"deshabilitado","total":5}],"modules":[{"module":"A","lockers":[{"lockerCode":"A1","status":"libre"},{"lockerCode":"A2","status":"libre"},{"lockerCode":"A3","status":"deshabilitado"},{"lockerCode":"A4","status":"libre"},{"lockerCode":"A5","status":"libre"},{"lockerCode":"A6","status":"libre"},{"lockerCode":"A7","status":"libre"},{"lockerCode":"A8","status":"libre"},{"lockerCode":"A9","status":"libre"},{"lockerCode":"A10","status":"libre"}]},{"module":"B","lockers":[{"lockerCode":"B1","status":"libre"},{"lockerCode":"B2","status":"libre"},{"lockerCode":"B3","status":"libre"},{"lockerCode":"B4","status":"libre"},{"lockerCode":"B5","status":"libre"},{"lockerCode":"B6","status":"libre"},{"lockerCode":"B7","status":"libre"},{"lockerCode":"B8","status":"libre"},{"lockerCode":"B9","status":"libre"},{"lockerCode":"B10","status":"libre"}]},{"module":"C","lockers":[{"lockerCode":"C1","status":"libre"},{"lockerCode":"C2","status":"libre"},{"lockerCode":"C3","status":"libre"},{"lockerCode":"C4","status":"ocupado"},{"lockerCode":"C5","status":"libre"},{"lockerCode":"C6","status":"deshabilitado"},{"lockerCode":"C7","status":"libre"},{"lockerCode":"C8","status":"libre"},{"lockerCode":"C9","status":"libre"},{"lockerCode":"C10","status":"libre"}]},{"module":"D","lockers":[{"lockerCode":"D1","status":"deshabilitado"},{"lockerCode":"D2","status":"libre"},{"lockerCode":"D3","status":"libre"},{"lockerCode":"D4","status":"libre"},{"lockerCode":"D5","status":"libre"},{"lockerCode":"D6","status":"libre"},{"lockerCode":"D7","status":"libre"},{"lockerCode":"D8","status":"libre"},{"lockerCode":"D9","status":"libre"},{"lockerCode":"D10","status":"libre"}]},{"module":"E","lockers":[{"lockerCode":"E1","status":"libre"},{"lockerCode":"E2","status":"libre"},{"lockerCode":"E3","status":"libre"},{"lockerCode":"E4","status":"deshabilitado"},{"lockerCode":"E5","status":"libre"},{"lockerCode":"E6","status":"ocupado"},{"lockerCode":"E7","status":"libre"},{"lockerCode":"E8","status":"libre"},{"lockerCode":"E9","status":"libre"},{"lockerCode":"E10","status":"libre"}]},{"module":"F","lockers":[{"lockerCode":"F1","status":"libre"},{"lockerCode":"F2","status":"libre"},{"lockerCode":"F3","status":"libre"},{"lockerCode":"F4","status":"libre"},{"lockerCode":"F5","status":"libre"},{"lockerCode":"F6","status":"libre"},{"lockerCode":"F7","status":"ocupado"},{"lockerCode":"F8","status":"deshabilitado"},{"lockerCode":"F9","status":"libre"},{"lockerCode":"F10","status":"libre"}]}]}
[2025-10-06 18:41:53] [INFO] [main] [statusLockers] Response. Status: 200
[2025-10-06 18:41:53] [INFO] [main] [statusLockers] Response. Data: {"general":[{"status":"ocupado","total":3},{"status":"libre","total":52},{"status":"reservado","total":0},{"status":"deshabilitado","total":5}],"modules":[{"module":"A","lockers":[{"lockerCode":"A1","status":"libre"},{"lockerCode":"A2","status":"libre"},{"lockerCode":"A3","status":"deshabilitado"},{"lockerCode":"A4","status":"libre"},{"lockerCode":"A5","status":"libre"},{"lockerCode":"A6","status":"libre"},{"lockerCode":"A7","status":"libre"},{"lockerCode":"A8","status":"libre"},{"lockerCode":"A9","status":"libre"},{"lockerCode":"A10","status":"libre"}]},{"module":"B","lockers":[{"lockerCode":"B1","status":"libre"},{"lockerCode":"B2","status":"libre"},{"lockerCode":"B3","status":"libre"},{"lockerCode":"B4","status":"libre"},{"lockerCode":"B5","status":"libre"},{"lockerCode":"B6","status":"libre"},{"lockerCode":"B7","status":"libre"},{"lockerCode":"B8","status":"libre"},{"lockerCode":"B9","status":"libre"},{"lockerCode":"B10","status":"libre"}]},{"module":"C","lockers":[{"lockerCode":"C1","status":"libre"},{"lockerCode":"C2","status":"libre"},{"lockerCode":"C3","status":"libre"},{"lockerCode":"C4","status":"ocupado"},{"lockerCode":"C5","status":"libre"},{"lockerCode":"C6","status":"deshabilitado"},{"lockerCode":"C7","status":"libre"},{"lockerCode":"C8","status":"libre"},{"lockerCode":"C9","status":"libre"},{"lockerCode":"C10","status":"libre"}]},{"module":"D","lockers":[{"lockerCode":"D1","status":"deshabilitado"},{"lockerCode":"D2","status":"libre"},{"lockerCode":"D3","status":"libre"},{"lockerCode":"D4","status":"libre"},{"lockerCode":"D5","status":"libre"},{"lockerCode":"D6","status":"libre"},{"lockerCode":"D7","status":"libre"},{"lockerCode":"D8","status":"libre"},{"lockerCode":"D9","status":"libre"},{"lockerCode":"D10","status":"libre"}]},{"module":"E","lockers":[{"lockerCode":"E1","status":"libre"},{"lockerCode":"E2","status":"libre"},{"lockerCode":"E3","status":"libre"},{"lockerCode":"E4","status":"deshabilitado"},{"lockerCode":"E5","status":"libre"},{"lockerCode":"E6","status":"ocupado"},{"lockerCode":"E7","status":"libre"},{"lockerCode":"E8","status":"libre"},{"lockerCode":"E9","status":"libre"},{"lockerCode":"E10","status":"libre"}]},{"module":"F","lockers":[{"lockerCode":"F1","status":"libre"},{"lockerCode":"F2","status":"libre"},{"lockerCode":"F3","status":"libre"},{"lockerCode":"F4","status":"libre"},{"lockerCode":"F5","status":"libre"},{"lockerCode":"F6","status":"libre"},{"lockerCode":"F7","status":"ocupado"},{"lockerCode":"F8","status":"deshabilitado"},{"lockerCode":"F9","status":"libre"},{"lockerCode":"F10","status":"libre"}]}]}
[2025-10-06 18:41:53] [INFO] [main] [statusLockers] Response. Status: 200
[2025-10-06 18:41:53] [INFO] [main] [statusLockers] Response. Data: {"general":[{"status":"ocupado","total":3},{"status":"libre","total":52},{"status":"reservado","total":0},{"status":"deshabilitado","total":5}],"modules":[{"module":"A","lockers":[{"lockerCode":"A1","status":"libre"},{"lockerCode":"A2","status":"libre"},{"lockerCode":"A3","status":"deshabilitado"},{"lockerCode":"A4","status":"libre"},{"lockerCode":"A5","status":"libre"},{"lockerCode":"A6","status":"libre"},{"lockerCode":"A7","status":"libre"},{"lockerCode":"A8","status":"libre"},{"lockerCode":"A9","status":"libre"},{"lockerCode":"A10","status":"libre"}]},{"module":"B","lockers":[{"lockerCode":"B1","status":"libre"},{"lockerCode":"B2","status":"libre"},{"lockerCode":"B3","status":"libre"},{"lockerCode":"B4","status":"libre"},{"lockerCode":"B5","status":"libre"},{"lockerCode":"B6","status":"libre"},{"lockerCode":"B7","status":"libre"},{"lockerCode":"B8","status":"libre"},{"lockerCode":"B9","status":"libre"},{"lockerCode":"B10","status":"libre"}]},{"module":"C","lockers":[{"lockerCode":"C1","status":"libre"},{"lockerCode":"C2","status":"libre"},{"lockerCode":"C3","status":"libre"},{"lockerCode":"C4","status":"ocupado"},{"lockerCode":"C5","status":"libre"},{"lockerCode":"C6","status":"deshabilitado"},{"lockerCode":"C7","status":"libre"},{"lockerCode":"C8","status":"libre"},{"lockerCode":"C9","status":"libre"},{"lockerCode":"C10","status":"libre"}]},{"module":"D","lockers":[{"lockerCode":"D1","status":"deshabilitado"},{"lockerCode":"D2","status":"libre"},{"lockerCode":"D3","status":"libre"},{"lockerCode":"D4","status":"libre"},{"lockerCode":"D5","status":"libre"},{"lockerCode":"D6","status":"libre"},{"lockerCode":"D7","status":"libre"},{"lockerCode":"D8","status":"libre"},{"lockerCode":"D9","status":"libre"},{"lockerCode":"D10","status":"libre"}]},{"module":"E","lockers":[{"lockerCode":"E1","status":"libre"},{"lockerCode":"E2","status":"libre"},{"lockerCode":"E3","status":"libre"},{"lockerCode":"E4","status":"deshabilitado"},{"lockerCode":"E5","status":"libre"},{"lockerCode":"E6","status":"ocupado"},{"lockerCode":"E7","status":"libre"},{"lockerCode":"E8","status":"libre"},{"lockerCode":"E9","status":"libre"},{"lockerCode":"E10","status":"libre"}]},{"module":"F","lockers":[{"lockerCode":"F1","status":"libre"},{"lockerCode":"F2","status":"libre"},{"lockerCode":"F3","status":"libre"},{"lockerCode":"F4","status":"libre"},{"lockerCode":"F5","status":"libre"},{"lockerCode":"F6","status":"libre"},{"lockerCode":"F7","status":"ocupado"},{"lockerCode":"F8","status":"deshabilitado"},{"lockerCode":"F9","status":"libre"},{"lockerCode":"F10","status":"libre"}]}]}
[2025-10-06 18:41:55] [INFO] [main] Recibido config actualizado
[2025-10-06 18:41:55] [INFO] [main] Recibido auth actualizado
[2025-10-06 18:41:55] [INFO] [main] Recibido logger actualizado
[2025-10-06 18:41:55] [INFO] [main] Recibido env actualizado
[2025-10-06 18:41:55] [INFO] [preload] Inicializando preload.js
[2025-10-06 18:41:55] [INFO] [setupWatcher] Observando archivo setup_config.json en: C:\Users\User\Documents\Personal\LockeritDesk\configFiles\setup_config.json
[2025-10-06 18:41:55] [INFO] [setupWatcher] Archivo setup_config.json cargado correctamente
[2025-10-06 18:41:55] [INFO] [preload] Watcher iniciado: setup_config.json
[2025-10-06 18:41:55] [INFO] [authWatcher] Observando archivo auth_key.json en: C:\Users\User\Documents\Personal\LockeritDesk\configFiles\auth_key.json
[2025-10-06 18:41:55] [INFO] [authWatcher] auth_key.json actualizado correctamente
[2025-10-06 18:41:55] [INFO] [preload] Watcher iniciado: auth_key.json
[2025-10-06 18:41:55] [INFO] [loggerWatcher] Observando archivo logger_config.json en: C:\Users\User\Documents\Personal\LockeritDesk\configFiles\logger_config.json
[2025-10-06 18:41:55] [INFO] [loggerWatcher] Archivo logger_config.json cargado correctamente
[2025-10-06 18:41:55] [INFO] [preload] Watcher iniciado: logger_config.json
[2025-10-06 18:41:55] [INFO] [envWatcher] Observando archivo .env en: C:\Users\User\Documents\Personal\LockeritDesk\configFiles\.env
[2025-10-06 18:41:55] [INFO] [envWatcher] Archivo .env cargado correctamente
[2025-10-06 18:41:55] [INFO] [preload] Watcher iniciado: .env
[2025-10-06 18:41:55] [INFO] [preload] API expuesta en window.electronAPI
[2025-10-06 18:41:56] [INFO] [main] [axiosConfig] API BaseURL Inicial: http://localhost:8080
[2025-10-06 18:41:56] [INFO] [main] [axiosConfig] API BaseTimeout Inicial: 30
[2025-10-06 18:41:56] [INFO] [main] get-screen-data-once -> 1920x1080 factor=1
[2025-10-06 18:41:56] [INFO] [main] [configStore] Configuración actualizada
[2025-10-06 18:41:56] [INFO] [main] [configStore] config_key.json inicial cargado exitosamente
[2025-10-06 18:41:56] [INFO] [main] [envStore] ENV inicial cargado correctamente
[2025-10-06 18:41:56] [INFO] [main] [envStore] ENV actualizado
[2025-10-06 18:41:56] [INFO] [main] [axiosConfig] API BaseTimeout actualizada dinámicamente: 30
[2025-10-06 18:41:56] [INFO] [main] [assignLocker] API BaseTimeout actualizada dinámicamente: 30
[2025-10-06 18:41:56] [INFO] [main] [authStore] Auth actualizado
[2025-10-06 18:41:56] [INFO] [main] [authStore] auth_key.json inicial cargado exitosamente
[2025-10-06 18:41:56] [INFO] [main] [statusLockers] Iniciando petición para obtener casilleros disponibles
[2025-10-06 18:41:56] [INFO] [main] [statusLockers] Timeout efectivo en ejecución: 30000
[2025-10-06 18:41:56] [INFO] [main] [statusLockers] Intento 1: HOST -> http://localhost:8080
[2025-10-06 18:41:56] [INFO] [main] [statusLockers] Intento 1: URL -> /api/lockers/get-all-status
[2025-10-06 18:41:56] [INFO] [main] [copyright] Versión cargada: 1.1.0
[2025-10-06 18:41:56] [INFO] [main] [app] Componente App montado
[2025-10-06 18:41:56] [INFO] [main] [app] Versión cargada: 1.1.0
[2025-10-06 18:41:56] [INFO] [main] [statusLockers] Iniciando petición para obtener casilleros disponibles
[2025-10-06 18:41:56] [INFO] [main] [statusLockers] Timeout efectivo en ejecución: 30000
[2025-10-06 18:41:56] [INFO] [main] [statusLockers] Intento 1: HOST -> http://localhost:8080
[2025-10-06 18:41:56] [INFO] [main] [statusLockers] Intento 1: URL -> /api/lockers/get-all-status
[2025-10-06 18:41:56] [INFO] [main] [copyright] Versión cargada: 1.1.0
[2025-10-06 18:41:56] [INFO] [main] [app] Componente App montado
[2025-10-06 18:41:56] [INFO] [main] [app] Versión cargada: 1.1.0
[2025-10-06 18:41:57] [INFO] [main] [useConfig] Configuración inicial obtenida
[2025-10-06 18:41:57] [INFO] [main] [useConfig] Configuración inicial obtenida
[2025-10-06 18:41:57] [INFO] [main] [useConfig] Configuración inicial obtenida
[2025-10-06 18:41:57] [INFO] [main] [useConfig] Configuración inicial obtenida
[2025-10-06 18:41:57] [INFO] [main] [useConfig] Configuración inicial obtenida
[2025-10-06 18:41:57] [INFO] [main] [useConfig] Configuración inicial obtenida
[2025-10-06 18:41:57] [INFO] [main] [useConfig] Configuración inicial obtenida
[2025-10-06 18:41:57] [INFO] [main] [useConfig] Configuración inicial obtenida
[2025-10-06 18:41:58] [INFO] [main] [statusLockers] Iniciando petición para obtener casilleros disponibles
[2025-10-06 18:41:58] [INFO] [main] [statusLockers] Timeout efectivo en ejecución: 30000
[2025-10-06 18:41:58] [INFO] [main] [statusLockers] Intento 1: HOST -> http://localhost:8080
[2025-10-06 18:41:58] [INFO] [main] [statusLockers] Intento 1: URL -> /api/lockers/get-all-status
[2025-10-06 18:41:58] [INFO] [main] [copyright] Versión cargada: 1.1.0
[2025-10-06 18:41:58] [INFO] [main] [app] Componente App montado
[2025-10-06 18:41:58] [INFO] [main] [app] Versión cargada: 1.1.0
[2025-10-06 18:41:58] [INFO] [main] [statusLockers] Iniciando petición para obtener casilleros disponibles
[2025-10-06 18:41:58] [INFO] [main] [statusLockers] Timeout efectivo en ejecución: 30000
[2025-10-06 18:41:58] [INFO] [main] [statusLockers] Intento 1: HOST -> http://localhost:8080
[2025-10-06 18:41:58] [INFO] [main] [statusLockers] Intento 1: URL -> /api/lockers/get-all-status
[2025-10-06 18:41:58] [INFO] [main] [copyright] Versión cargada: 1.1.0
[2025-10-06 18:41:58] [INFO] [main] [app] Componente App montado
[2025-10-06 18:41:58] [INFO] [main] [app] Versión cargada: 1.1.0
[2025-10-06 18:41:58] [INFO] [main] [useConfig] Configuración inicial obtenida
[2025-10-06 18:41:58] [INFO] [main] [useConfig] Configuración inicial obtenida
[2025-10-06 18:41:58] [INFO] [main] [useConfig] Configuración inicial obtenida
[2025-10-06 18:41:58] [INFO] [main] [useConfig] Configuración inicial obtenida
[2025-10-06 18:41:58] [INFO] [main] [useConfig] Configuración inicial obtenida
[2025-10-06 18:41:58] [INFO] [main] [useConfig] Configuración inicial obtenida
[2025-10-06 18:41:58] [INFO] [main] [useConfig] Configuración inicial obtenida
[2025-10-06 18:41:58] [INFO] [main] [useConfig] Configuración inicial obtenida
[2025-10-06 18:41:58] [INFO] [main] [statusLockers] Response. Status: 200
[2025-10-06 18:41:58] [INFO] [main] [statusLockers] Response. Data: {"general":[{"status":"ocupado","total":3},{"status":"libre","total":52},{"status":"reservado","total":0},{"status":"deshabilitado","total":5}],"modules":[{"module":"A","lockers":[{"lockerCode":"A1","status":"libre"},{"lockerCode":"A2","status":"libre"},{"lockerCode":"A3","status":"deshabilitado"},{"lockerCode":"A4","status":"libre"},{"lockerCode":"A5","status":"libre"},{"lockerCode":"A6","status":"libre"},{"lockerCode":"A7","status":"libre"},{"lockerCode":"A8","status":"libre"},{"lockerCode":"A9","status":"libre"},{"lockerCode":"A10","status":"libre"}]},{"module":"B","lockers":[{"lockerCode":"B1","status":"libre"},{"lockerCode":"B2","status":"libre"},{"lockerCode":"B3","status":"libre"},{"lockerCode":"B4","status":"libre"},{"lockerCode":"B5","status":"libre"},{"lockerCode":"B6","status":"libre"},{"lockerCode":"B7","status":"libre"},{"lockerCode":"B8","status":"libre"},{"lockerCode":"B9","status":"libre"},{"lockerCode":"B10","status":"libre"}]},{"module":"C","lockers":[{"lockerCode":"C1","status":"libre"},{"lockerCode":"C2","status":"libre"},{"lockerCode":"C3","status":"libre"},{"lockerCode":"C4","status":"ocupado"},{"lockerCode":"C5","status":"libre"},{"lockerCode":"C6","status":"deshabilitado"},{"lockerCode":"C7","status":"libre"},{"lockerCode":"C8","status":"libre"},{"lockerCode":"C9","status":"libre"},{"lockerCode":"C10","status":"libre"}]},{"module":"D","lockers":[{"lockerCode":"D1","status":"deshabilitado"},{"lockerCode":"D2","status":"libre"},{"lockerCode":"D3","status":"libre"},{"lockerCode":"D4","status":"libre"},{"lockerCode":"D5","status":"libre"},{"lockerCode":"D6","status":"libre"},{"lockerCode":"D7","status":"libre"},{"lockerCode":"D8","status":"libre"},{"lockerCode":"D9","status":"libre"},{"lockerCode":"D10","status":"libre"}]},{"module":"E","lockers":[{"lockerCode":"E1","status":"libre"},{"lockerCode":"E2","status":"libre"},{"lockerCode":"E3","status":"libre"},{"lockerCode":"E4","status":"deshabilitado"},{"lockerCode":"E5","status":"libre"},{"lockerCode":"E6","status":"ocupado"},{"lockerCode":"E7","status":"libre"},{"lockerCode":"E8","status":"libre"},{"lockerCode":"E9","status":"libre"},{"lockerCode":"E10","status":"libre"}]},{"module":"F","lockers":[{"lockerCode":"F1","status":"libre"},{"lockerCode":"F2","status":"libre"},{"lockerCode":"F3","status":"libre"},{"lockerCode":"F4","status":"libre"},{"lockerCode":"F5","status":"libre"},{"lockerCode":"F6","status":"libre"},{"lockerCode":"F7","status":"ocupado"},{"lockerCode":"F8","status":"deshabilitado"},{"lockerCode":"F9","status":"libre"},{"lockerCode":"F10","status":"libre"}]}]}
[2025-10-06 18:41:58] [INFO] [main] [statusLockers] Response. Status: 200
[2025-10-06 18:41:58] [INFO] [main] [statusLockers] Response. Data: {"general":[{"status":"ocupado","total":3},{"status":"libre","total":52},{"status":"reservado","total":0},{"status":"deshabilitado","total":5}],"modules":[{"module":"A","lockers":[{"lockerCode":"A1","status":"libre"},{"lockerCode":"A2","status":"libre"},{"lockerCode":"A3","status":"deshabilitado"},{"lockerCode":"A4","status":"libre"},{"lockerCode":"A5","status":"libre"},{"lockerCode":"A6","status":"libre"},{"lockerCode":"A7","status":"libre"},{"lockerCode":"A8","status":"libre"},{"lockerCode":"A9","status":"libre"},{"lockerCode":"A10","status":"libre"}]},{"module":"B","lockers":[{"lockerCode":"B1","status":"libre"},{"lockerCode":"B2","status":"libre"},{"lockerCode":"B3","status":"libre"},{"lockerCode":"B4","status":"libre"},{"lockerCode":"B5","status":"libre"},{"lockerCode":"B6","status":"libre"},{"lockerCode":"B7","status":"libre"},{"lockerCode":"B8","status":"libre"},{"lockerCode":"B9","status":"libre"},{"lockerCode":"B10","status":"libre"}]},{"module":"C","lockers":[{"lockerCode":"C1","status":"libre"},{"lockerCode":"C2","status":"libre"},{"lockerCode":"C3","status":"libre"},{"lockerCode":"C4","status":"ocupado"},{"lockerCode":"C5","status":"libre"},{"lockerCode":"C6","status":"deshabilitado"},{"lockerCode":"C7","status":"libre"},{"lockerCode":"C8","status":"libre"},{"lockerCode":"C9","status":"libre"},{"lockerCode":"C10","status":"libre"}]},{"module":"D","lockers":[{"lockerCode":"D1","status":"deshabilitado"},{"lockerCode":"D2","status":"libre"},{"lockerCode":"D3","status":"libre"},{"lockerCode":"D4","status":"libre"},{"lockerCode":"D5","status":"libre"},{"lockerCode":"D6","status":"libre"},{"lockerCode":"D7","status":"libre"},{"lockerCode":"D8","status":"libre"},{"lockerCode":"D9","status":"libre"},{"lockerCode":"D10","status":"libre"}]},{"module":"E","lockers":[{"lockerCode":"E1","status":"libre"},{"lockerCode":"E2","status":"libre"},{"lockerCode":"E3","status":"libre"},{"lockerCode":"E4","status":"deshabilitado"},{"lockerCode":"E5","status":"libre"},{"lockerCode":"E6","status":"ocupado"},{"lockerCode":"E7","status":"libre"},{"lockerCode":"E8","status":"libre"},{"lockerCode":"E9","status":"libre"},{"lockerCode":"E10","status":"libre"}]},{"module":"F","lockers":[{"lockerCode":"F1","status":"libre"},{"lockerCode":"F2","status":"libre"},{"lockerCode":"F3","status":"libre"},{"lockerCode":"F4","status":"libre"},{"lockerCode":"F5","status":"libre"},{"lockerCode":"F6","status":"libre"},{"lockerCode":"F7","status":"ocupado"},{"lockerCode":"F8","status":"deshabilitado"},{"lockerCode":"F9","status":"libre"},{"lockerCode":"F10","status":"libre"}]}]}
[2025-10-06 18:41:59] [INFO] [main] [statusLockers] Response. Status: 200
[2025-10-06 18:41:59] [INFO] [main] [statusLockers] Response. Data: {"general":[{"status":"reservado","total":0},{"status":"deshabilitado","total":5},{"status":"ocupado","total":3},{"status":"libre","total":52}],"modules":[{"module":"A","lockers":[{"lockerCode":"A1","status":"libre"},{"lockerCode":"A2","status":"libre"},{"lockerCode":"A3","status":"deshabilitado"},{"lockerCode":"A4","status":"libre"},{"lockerCode":"A5","status":"libre"},{"lockerCode":"A6","status":"libre"},{"lockerCode":"A7","status":"libre"},{"lockerCode":"A8","status":"libre"},{"lockerCode":"A9","status":"libre"},{"lockerCode":"A10","status":"libre"}]},{"module":"B","lockers":[{"lockerCode":"B1","status":"libre"},{"lockerCode":"B2","status":"libre"},{"lockerCode":"B3","status":"libre"},{"lockerCode":"B4","status":"libre"},{"lockerCode":"B5","status":"libre"},{"lockerCode":"B6","status":"libre"},{"lockerCode":"B7","status":"libre"},{"lockerCode":"B8","status":"libre"},{"lockerCode":"B9","status":"libre"},{"lockerCode":"B10","status":"libre"}]},{"module":"C","lockers":[{"lockerCode":"C1","status":"libre"},{"lockerCode":"C2","status":"libre"},{"lockerCode":"C3","status":"libre"},{"lockerCode":"C4","status":"ocupado"},{"lockerCode":"C5","status":"libre"},{"lockerCode":"C6","status":"deshabilitado"},{"lockerCode":"C7","status":"libre"},{"lockerCode":"C8","status":"libre"},{"lockerCode":"C9","status":"libre"},{"lockerCode":"C10","status":"libre"}]},{"module":"D","lockers":[{"lockerCode":"D1","status":"deshabilitado"},{"lockerCode":"D2","status":"libre"},{"lockerCode":"D3","status":"libre"},{"lockerCode":"D4","status":"libre"},{"lockerCode":"D5","status":"libre"},{"lockerCode":"D6","status":"libre"},{"lockerCode":"D7","status":"libre"},{"lockerCode":"D8","status":"libre"},{"lockerCode":"D9","status":"libre"},{"lockerCode":"D10","status":"libre"}]},{"module":"E","lockers":[{"lockerCode":"E1","status":"libre"},{"lockerCode":"E2","status":"libre"},{"lockerCode":"E3","status":"libre"},{"lockerCode":"E4","status":"deshabilitado"},{"lockerCode":"E5","status":"libre"},{"lockerCode":"E6","status":"ocupado"},{"lockerCode":"E7","status":"libre"},{"lockerCode":"E8","status":"libre"},{"lockerCode":"E9","status":"libre"},{"lockerCode":"E10","status":"libre"}]},{"module":"F","lockers":[{"lockerCode":"F1","status":"libre"},{"lockerCode":"F2","status":"libre"},{"lockerCode":"F3","status":"libre"},{"lockerCode":"F4","status":"libre"},{"lockerCode":"F5","status":"libre"},{"lockerCode":"F6","status":"libre"},{"lockerCode":"F7","status":"ocupado"},{"lockerCode":"F8","status":"deshabilitado"},{"lockerCode":"F9","status":"libre"},{"lockerCode":"F10","status":"libre"}]}]}
[2025-10-06 18:41:59] [INFO] [main] [statusLockers] Response. Status: 200
[2025-10-06 18:41:59] [INFO] [main] [statusLockers] Response. Data: {"general":[{"status":"ocupado","total":3},{"status":"libre","total":52},{"status":"reservado","total":0},{"status":"deshabilitado","total":5}],"modules":[{"module":"A","lockers":[{"lockerCode":"A1","status":"libre"},{"lockerCode":"A2","status":"libre"},{"lockerCode":"A3","status":"deshabilitado"},{"lockerCode":"A4","status":"libre"},{"lockerCode":"A5","status":"libre"},{"lockerCode":"A6","status":"libre"},{"lockerCode":"A7","status":"libre"},{"lockerCode":"A8","status":"libre"},{"lockerCode":"A9","status":"libre"},{"lockerCode":"A10","status":"libre"}]},{"module":"B","lockers":[{"lockerCode":"B1","status":"libre"},{"lockerCode":"B2","status":"libre"},{"lockerCode":"B3","status":"libre"},{"lockerCode":"B4","status":"libre"},{"lockerCode":"B5","status":"libre"},{"lockerCode":"B6","status":"libre"},{"lockerCode":"B7","status":"libre"},{"lockerCode":"B8","status":"libre"},{"lockerCode":"B9","status":"libre"},{"lockerCode":"B10","status":"libre"}]},{"module":"C","lockers":[{"lockerCode":"C1","status":"libre"},{"lockerCode":"C2","status":"libre"},{"lockerCode":"C3","status":"libre"},{"lockerCode":"C4","status":"ocupado"},{"lockerCode":"C5","status":"libre"},{"lockerCode":"C6","status":"deshabilitado"},{"lockerCode":"C7","status":"libre"},{"lockerCode":"C8","status":"libre"},{"lockerCode":"C9","status":"libre"},{"lockerCode":"C10","status":"libre"}]},{"module":"D","lockers":[{"lockerCode":"D1","status":"deshabilitado"},{"lockerCode":"D2","status":"libre"},{"lockerCode":"D3","status":"libre"},{"lockerCode":"D4","status":"libre"},{"lockerCode":"D5","status":"libre"},{"lockerCode":"D6","status":"libre"},{"lockerCode":"D7","status":"libre"},{"lockerCode":"D8","status":"libre"},{"lockerCode":"D9","status":"libre"},{"lockerCode":"D10","status":"libre"}]},{"module":"E","lockers":[{"lockerCode":"E1","status":"libre"},{"lockerCode":"E2","status":"libre"},{"lockerCode":"E3","status":"libre"},{"lockerCode":"E4","status":"deshabilitado"},{"lockerCode":"E5","status":"libre"},{"lockerCode":"E6","status":"ocupado"},{"lockerCode":"E7","status":"libre"},{"lockerCode":"E8","status":"libre"},{"lockerCode":"E9","status":"libre"},{"lockerCode":"E10","status":"libre"}]},{"module":"F","lockers":[{"lockerCode":"F1","status":"libre"},{"lockerCode":"F2","status":"libre"},{"lockerCode":"F3","status":"libre"},{"lockerCode":"F4","status":"libre"},{"lockerCode":"F5","status":"libre"},{"lockerCode":"F6","status":"libre"},{"lockerCode":"F7","status":"ocupado"},{"lockerCode":"F8","status":"deshabilitado"},{"lockerCode":"F9","status":"libre"},{"lockerCode":"F10","status":"libre"}]}]}
[2025-10-06 18:47:15] [INFO] [main] [statusLockers] Iniciando petición para obtener casilleros disponibles
[2025-10-06 18:47:15] [INFO] [main] [statusLockers] Timeout efectivo en ejecución: 30000
[2025-10-06 18:47:15] [INFO] [main] [statusLockers] Intento 1: HOST -> http://localhost:8080
[2025-10-06 18:47:15] [INFO] [main] [statusLockers] Intento 1: URL -> /api/lockers/get-all-status
[2025-10-06 18:47:15] [INFO] [main] [statusLockers] Response. Status: 200
[2025-10-06 18:47:15] [INFO] [main] [statusLockers] Response. Data: {"general":[{"status":"deshabilitado","total":5},{"status":"ocupado","total":3},{"status":"libre","total":52},{"status":"reservado","total":0}],"modules":[{"module":"A","lockers":[{"lockerCode":"A1","status":"libre"},{"lockerCode":"A2","status":"libre"},{"lockerCode":"A3","status":"deshabilitado"},{"lockerCode":"A4","status":"libre"},{"lockerCode":"A5","status":"libre"},{"lockerCode":"A6","status":"libre"},{"lockerCode":"A7","status":"libre"},{"lockerCode":"A8","status":"libre"},{"lockerCode":"A9","status":"libre"},{"lockerCode":"A10","status":"libre"}]},{"module":"B","lockers":[{"lockerCode":"B1","status":"libre"},{"lockerCode":"B2","status":"libre"},{"lockerCode":"B3","status":"libre"},{"lockerCode":"B4","status":"libre"},{"lockerCode":"B5","status":"libre"},{"lockerCode":"B6","status":"libre"},{"lockerCode":"B7","status":"libre"},{"lockerCode":"B8","status":"libre"},{"lockerCode":"B9","status":"libre"},{"lockerCode":"B10","status":"libre"}]},{"module":"C","lockers":[{"lockerCode":"C1","status":"libre"},{"lockerCode":"C2","status":"libre"},{"lockerCode":"C3","status":"libre"},{"lockerCode":"C4","status":"ocupado"},{"lockerCode":"C5","status":"libre"},{"lockerCode":"C6","status":"deshabilitado"},{"lockerCode":"C7","status":"libre"},{"lockerCode":"C8","status":"libre"},{"lockerCode":"C9","status":"libre"},{"lockerCode":"C10","status":"libre"}]},{"module":"D","lockers":[{"lockerCode":"D1","status":"deshabilitado"},{"lockerCode":"D2","status":"libre"},{"lockerCode":"D3","status":"libre"},{"lockerCode":"D4","status":"libre"},{"lockerCode":"D5","status":"libre"},{"lockerCode":"D6","status":"libre"},{"lockerCode":"D7","status":"libre"},{"lockerCode":"D8","status":"libre"},{"lockerCode":"D9","status":"libre"},{"lockerCode":"D10","status":"libre"}]},{"module":"E","lockers":[{"lockerCode":"E1","status":"libre"},{"lockerCode":"E2","status":"libre"},{"lockerCode":"E3","status":"libre"},{"lockerCode":"E4","status":"deshabilitado"},{"lockerCode":"E5","status":"libre"},{"lockerCode":"E6","status":"ocupado"},{"lockerCode":"E7","status":"libre"},{"lockerCode":"E8","status":"libre"},{"lockerCode":"E9","status":"libre"},{"lockerCode":"E10","status":"libre"}]},{"module":"F","lockers":[{"lockerCode":"F1","status":"libre"},{"lockerCode":"F2","status":"libre"},{"lockerCode":"F3","status":"libre"},{"lockerCode":"F4","status":"libre"},{"lockerCode":"F5","status":"libre"},{"lockerCode":"F6","status":"libre"},{"lockerCode":"F7","status":"ocupado"},{"lockerCode":"F8","status":"deshabilitado"},{"lockerCode":"F9","status":"libre"},{"lockerCode":"F10","status":"libre"}]}]}
[2025-10-06 18:49:27] [INFO] [main] [openReserveLocker] Iniciando petición para abrir casillero reservado
[2025-10-06 18:49:27] [INFO] [main] [openReserveLocker] Timeout efectivo en ejecución: 30000
[2025-10-06 18:49:27] [INFO] [main] [openReserveLocker] Intento 1: HOST -> http://localhost:8080
[2025-10-06 18:49:27] [INFO] [main] [openReserveLocker] Intento 1: URL -> /api/lockers/open-reserve
[2025-10-06 18:49:27] [INFO] [main] [openReserveLocker] Intento 1: Request -> {"phone":"3333555558","pin":"0000","openBy":"user"}
[2025-10-06 18:49:27] [ERROR] [main] [openReserveLocker] [intento 1] Error HTTP: 404 - Request failed with status code 404
[2025-10-06 18:49:29] [INFO] [main] [statusLockers] Iniciando petición para obtener casilleros disponibles
[2025-10-06 18:49:29] [INFO] [main] [statusLockers] Timeout efectivo en ejecución: 30000
[2025-10-06 18:49:29] [INFO] [main] [statusLockers] Intento 1: HOST -> http://localhost:8080
[2025-10-06 18:49:29] [INFO] [main] [statusLockers] Intento 1: URL -> /api/lockers/get-all-status
[2025-10-06 18:49:29] [INFO] [main] [copyright] Versión cargada: 1.1.0
[2025-10-06 18:49:29] [INFO] [main] [app] Componente App montado
[2025-10-06 18:49:29] [INFO] [main] [app] Versión cargada: 1.1.0
[2025-10-06 18:49:29] [INFO] [main] [statusLockers] Iniciando petición para obtener casilleros disponibles
[2025-10-06 18:49:29] [INFO] [main] [statusLockers] Timeout efectivo en ejecución: 30000
[2025-10-06 18:49:29] [INFO] [main] [statusLockers] Intento 1: HOST -> http://localhost:8080
[2025-10-06 18:49:29] [INFO] [main] [statusLockers] Intento 1: URL -> /api/lockers/get-all-status
[2025-10-06 18:49:29] [INFO] [main] [copyright] Versión cargada: 1.1.0
[2025-10-06 18:49:29] [INFO] [main] [app] Componente App montado
[2025-10-06 18:49:29] [INFO] [main] [app] Versión cargada: 1.1.0
[2025-10-06 18:49:29] [INFO] [main] [useConfig] Configuración inicial obtenida
[2025-10-06 18:49:29] [INFO] [main] [useConfig] Configuración inicial obtenida
[2025-10-06 18:49:29] [INFO] [main] [useConfig] Configuración inicial obtenida
[2025-10-06 18:49:29] [INFO] [main] [useConfig] Configuración inicial obtenida
[2025-10-06 18:49:29] [INFO] [main] [useConfig] Configuración inicial obtenida
[2025-10-06 18:49:29] [INFO] [main] [useConfig] Configuración inicial obtenida
[2025-10-06 18:49:29] [INFO] [main] [useConfig] Configuración inicial obtenida
[2025-10-06 18:49:29] [INFO] [main] [useConfig] Configuración inicial obtenida
[2025-10-06 18:49:29] [INFO] [main] [statusLockers] Response. Status: 200
[2025-10-06 18:49:29] [INFO] [main] [statusLockers] Response. Data: {"general":[{"status":"reservado","total":0},{"status":"deshabilitado","total":5},{"status":"ocupado","total":3},{"status":"libre","total":52}],"modules":[{"module":"A","lockers":[{"lockerCode":"A1","status":"libre"},{"lockerCode":"A2","status":"libre"},{"lockerCode":"A3","status":"deshabilitado"},{"lockerCode":"A4","status":"libre"},{"lockerCode":"A5","status":"libre"},{"lockerCode":"A6","status":"libre"},{"lockerCode":"A7","status":"libre"},{"lockerCode":"A8","status":"libre"},{"lockerCode":"A9","status":"libre"},{"lockerCode":"A10","status":"libre"}]},{"module":"B","lockers":[{"lockerCode":"B1","status":"libre"},{"lockerCode":"B2","status":"libre"},{"lockerCode":"B3","status":"libre"},{"lockerCode":"B4","status":"libre"},{"lockerCode":"B5","status":"libre"},{"lockerCode":"B6","status":"libre"},{"lockerCode":"B7","status":"libre"},{"lockerCode":"B8","status":"libre"},{"lockerCode":"B9","status":"libre"},{"lockerCode":"B10","status":"libre"}]},{"module":"C","lockers":[{"lockerCode":"C1","status":"libre"},{"lockerCode":"C2","status":"libre"},{"lockerCode":"C3","status":"libre"},{"lockerCode":"C4","status":"ocupado"},{"lockerCode":"C5","status":"libre"},{"lockerCode":"C6","status":"deshabilitado"},{"lockerCode":"C7","status":"libre"},{"lockerCode":"C8","status":"libre"},{"lockerCode":"C9","status":"libre"},{"lockerCode":"C10","status":"libre"}]},{"module":"D","lockers":[{"lockerCode":"D1","status":"deshabilitado"},{"lockerCode":"D2","status":"libre"},{"lockerCode":"D3","status":"libre"},{"lockerCode":"D4","status":"libre"},{"lockerCode":"D5","status":"libre"},{"lockerCode":"D6","status":"libre"},{"lockerCode":"D7","status":"libre"},{"lockerCode":"D8","status":"libre"},{"lockerCode":"D9","status":"libre"},{"lockerCode":"D10","status":"libre"}]},{"module":"E","lockers":[{"lockerCode":"E1","status":"libre"},{"lockerCode":"E2","status":"libre"},{"lockerCode":"E3","status":"libre"},{"lockerCode":"E4","status":"deshabilitado"},{"lockerCode":"E5","status":"libre"},{"lockerCode":"E6","status":"ocupado"},{"lockerCode":"E7","status":"libre"},{"lockerCode":"E8","status":"libre"},{"lockerCode":"E9","status":"libre"},{"lockerCode":"E10","status":"libre"}]},{"module":"F","lockers":[{"lockerCode":"F1","status":"libre"},{"lockerCode":"F2","status":"libre"},{"lockerCode":"F3","status":"libre"},{"lockerCode":"F4","status":"libre"},{"lockerCode":"F5","status":"libre"},{"lockerCode":"F6","status":"libre"},{"lockerCode":"F7","status":"ocupado"},{"lockerCode":"F8","status":"deshabilitado"},{"lockerCode":"F9","status":"libre"},{"lockerCode":"F10","status":"libre"}]}]}
[2025-10-06 18:49:29] [INFO] [main] [statusLockers] Response. Status: 200
[2025-10-06 18:49:29] [INFO] [main] [statusLockers] Response. Data: {"general":[{"status":"ocupado","total":3},{"status":"libre","total":52},{"status":"reservado","total":0},{"status":"deshabilitado","total":5}],"modules":[{"module":"A","lockers":[{"lockerCode":"A1","status":"libre"},{"lockerCode":"A2","status":"libre"},{"lockerCode":"A3","status":"deshabilitado"},{"lockerCode":"A4","status":"libre"},{"lockerCode":"A5","status":"libre"},{"lockerCode":"A6","status":"libre"},{"lockerCode":"A7","status":"libre"},{"lockerCode":"A8","status":"libre"},{"lockerCode":"A9","status":"libre"},{"lockerCode":"A10","status":"libre"}]},{"module":"B","lockers":[{"lockerCode":"B1","status":"libre"},{"lockerCode":"B2","status":"libre"},{"lockerCode":"B3","status":"libre"},{"lockerCode":"B4","status":"libre"},{"lockerCode":"B5","status":"libre"},{"lockerCode":"B6","status":"libre"},{"lockerCode":"B7","status":"libre"},{"lockerCode":"B8","status":"libre"},{"lockerCode":"B9","status":"libre"},{"lockerCode":"B10","status":"libre"}]},{"module":"C","lockers":[{"lockerCode":"C1","status":"libre"},{"lockerCode":"C2","status":"libre"},{"lockerCode":"C3","status":"libre"},{"lockerCode":"C4","status":"ocupado"},{"lockerCode":"C5","status":"libre"},{"lockerCode":"C6","status":"deshabilitado"},{"lockerCode":"C7","status":"libre"},{"lockerCode":"C8","status":"libre"},{"lockerCode":"C9","status":"libre"},{"lockerCode":"C10","status":"libre"}]},{"module":"D","lockers":[{"lockerCode":"D1","status":"deshabilitado"},{"lockerCode":"D2","status":"libre"},{"lockerCode":"D3","status":"libre"},{"lockerCode":"D4","status":"libre"},{"lockerCode":"D5","status":"libre"},{"lockerCode":"D6","status":"libre"},{"lockerCode":"D7","status":"libre"},{"lockerCode":"D8","status":"libre"},{"lockerCode":"D9","status":"libre"},{"lockerCode":"D10","status":"libre"}]},{"module":"E","lockers":[{"lockerCode":"E1","status":"libre"},{"lockerCode":"E2","status":"libre"},{"lockerCode":"E3","status":"libre"},{"lockerCode":"E4","status":"deshabilitado"},{"lockerCode":"E5","status":"libre"},{"lockerCode":"E6","status":"ocupado"},{"lockerCode":"E7","status":"libre"},{"lockerCode":"E8","status":"libre"},{"lockerCode":"E9","status":"libre"},{"lockerCode":"E10","status":"libre"}]},{"module":"F","lockers":[{"lockerCode":"F1","status":"libre"},{"lockerCode":"F2","status":"libre"},{"lockerCode":"F3","status":"libre"},{"lockerCode":"F4","status":"libre"},{"lockerCode":"F5","status":"libre"},{"lockerCode":"F6","status":"libre"},{"lockerCode":"F7","status":"ocupado"},{"lockerCode":"F8","status":"deshabilitado"},{"lockerCode":"F9","status":"libre"},{"lockerCode":"F10","status":"libre"}]}]}
[2025-10-06 18:54:44] [INFO] [main] [statusLockers] Iniciando petición para obtener casilleros disponibles
[2025-10-06 18:54:44] [INFO] [main] [statusLockers] Timeout efectivo en ejecución: 30000
[2025-10-06 18:54:44] [INFO] [main] [statusLockers] Intento 1: HOST -> http://localhost:8080
[2025-10-06 18:54:44] [INFO] [main] [statusLockers] Intento 1: URL -> /api/lockers/get-all-status
[2025-10-06 18:54:44] [INFO] [main] [statusLockers] Response. Status: 200
[2025-10-06 18:54:44] [INFO] [main] [statusLockers] Response. Data: {"general":[{"status":"ocupado","total":3},{"status":"libre","total":52},{"status":"reservado","total":0},{"status":"deshabilitado","total":5}],"modules":[{"module":"A","lockers":[{"lockerCode":"A1","status":"libre"},{"lockerCode":"A2","status":"libre"},{"lockerCode":"A3","status":"deshabilitado"},{"lockerCode":"A4","status":"libre"},{"lockerCode":"A5","status":"libre"},{"lockerCode":"A6","status":"libre"},{"lockerCode":"A7","status":"libre"},{"lockerCode":"A8","status":"libre"},{"lockerCode":"A9","status":"libre"},{"lockerCode":"A10","status":"libre"}]},{"module":"B","lockers":[{"lockerCode":"B1","status":"libre"},{"lockerCode":"B2","status":"libre"},{"lockerCode":"B3","status":"libre"},{"lockerCode":"B4","status":"libre"},{"lockerCode":"B5","status":"libre"},{"lockerCode":"B6","status":"libre"},{"lockerCode":"B7","status":"libre"},{"lockerCode":"B8","status":"libre"},{"lockerCode":"B9","status":"libre"},{"lockerCode":"B10","status":"libre"}]},{"module":"C","lockers":[{"lockerCode":"C1","status":"libre"},{"lockerCode":"C2","status":"libre"},{"lockerCode":"C3","status":"libre"},{"lockerCode":"C4","status":"ocupado"},{"lockerCode":"C5","status":"libre"},{"lockerCode":"C6","status":"deshabilitado"},{"lockerCode":"C7","status":"libre"},{"lockerCode":"C8","status":"libre"},{"lockerCode":"C9","status":"libre"},{"lockerCode":"C10","status":"libre"}]},{"module":"D","lockers":[{"lockerCode":"D1","status":"deshabilitado"},{"lockerCode":"D2","status":"libre"},{"lockerCode":"D3","status":"libre"},{"lockerCode":"D4","status":"libre"},{"lockerCode":"D5","status":"libre"},{"lockerCode":"D6","status":"libre"},{"lockerCode":"D7","status":"libre"},{"lockerCode":"D8","status":"libre"},{"lockerCode":"D9","status":"libre"},{"lockerCode":"D10","status":"libre"}]},{"module":"E","lockers":[{"lockerCode":"E1","status":"libre"},{"lockerCode":"E2","status":"libre"},{"lockerCode":"E3","status":"libre"},{"lockerCode":"E4","status":"deshabilitado"},{"lockerCode":"E5","status":"libre"},{"lockerCode":"E6","status":"ocupado"},{"lockerCode":"E7","status":"libre"},{"lockerCode":"E8","status":"libre"},{"lockerCode":"E9","status":"libre"},{"lockerCode":"E10","status":"libre"}]},{"module":"F","lockers":[{"lockerCode":"F1","status":"libre"},{"lockerCode":"F2","status":"libre"},{"lockerCode":"F3","status":"libre"},{"lockerCode":"F4","status":"libre"},{"lockerCode":"F5","status":"libre"},{"lockerCode":"F6","status":"libre"},{"lockerCode":"F7","status":"ocupado"},{"lockerCode":"F8","status":"deshabilitado"},{"lockerCode":"F9","status":"libre"},{"lockerCode":"F10","status":"libre"}]}]}
[2025-10-06 18:58:29] [INFO] [main] [assignLocker] Timeout por parámetro: 360000
[2025-10-06 18:58:29] [INFO] [main] [assignLocker] Timeout efectivo en ejecución: 360000
[2025-10-06 18:58:29] [INFO] [main] [websocket] Conectando a WebSocket: ws://localhost:8080
[2025-10-06 18:58:29] [INFO] [main] [websocket] WebSocket conectado exitosamente
[2025-10-06 18:58:29] [INFO] [main] [assignLocker] WebSocket listo, enviando HTTP /assign...
[2025-10-06 18:58:29] [INFO] [main] [assignLocker] Iniciando petición para asignar casillero con hasta 5 reintentos
[2025-10-06 18:58:29] [INFO] [main] [assignLocker] Intento 1: HOST -> http://localhost:8080
[2025-10-06 18:58:29] [INFO] [main] [assignLocker] Intento 1: URL -> /api/lockers/assign
[2025-10-06 18:58:29] [INFO] [main] [assignLocker] Intento 1: Request -> {"phone":"3254477777","pin":"0000","openBy":"user"}
[2025-10-06 18:58:29] [INFO] [main] [assignLocker] Response. Status: 200
[2025-10-06 18:58:29] [INFO] [main] [assignLocker] Response. Data: {"success":true,"message":"Locker asignado y abierto exitosamente","lockerCode":"D7"}
[2025-10-06 18:58:29] [INFO] [main] [websocket] Cerrando conexión manualmente
[2025-10-06 18:58:29] [INFO] [main] [assignLocker] Proceso completado exitosamente
[2025-10-06 18:58:31] [INFO] [main] [statusLockers] Iniciando petición para obtener casilleros disponibles
[2025-10-06 18:58:31] [INFO] [main] [statusLockers] Timeout efectivo en ejecución: 30000
[2025-10-06 18:58:31] [INFO] [main] [statusLockers] Intento 1: HOST -> http://localhost:8080
[2025-10-06 18:58:31] [INFO] [main] [statusLockers] Intento 1: URL -> /api/lockers/get-all-status
[2025-10-06 18:58:31] [INFO] [main] [statusLockers] Response. Status: 200
[2025-10-06 18:58:31] [INFO] [main] [statusLockers] Response. Data: {"general":[{"status":"ocupado","total":4},{"status":"libre","total":51},{"status":"reservado","total":0},{"status":"deshabilitado","total":5}],"modules":[{"module":"A","lockers":[{"lockerCode":"A1","status":"libre"},{"lockerCode":"A2","status":"libre"},{"lockerCode":"A3","status":"deshabilitado"},{"lockerCode":"A4","status":"libre"},{"lockerCode":"A5","status":"libre"},{"lockerCode":"A6","status":"libre"},{"lockerCode":"A7","status":"libre"},{"lockerCode":"A8","status":"libre"},{"lockerCode":"A9","status":"libre"},{"lockerCode":"A10","status":"libre"}]},{"module":"B","lockers":[{"lockerCode":"B1","status":"libre"},{"lockerCode":"B2","status":"libre"},{"lockerCode":"B3","status":"libre"},{"lockerCode":"B4","status":"libre"},{"lockerCode":"B5","status":"libre"},{"lockerCode":"B6","status":"libre"},{"lockerCode":"B7","status":"libre"},{"lockerCode":"B8","status":"libre"},{"lockerCode":"B9","status":"libre"},{"lockerCode":"B10","status":"libre"}]},{"module":"C","lockers":[{"lockerCode":"C1","status":"libre"},{"lockerCode":"C2","status":"libre"},{"lockerCode":"C3","status":"libre"},{"lockerCode":"C4","status":"ocupado"},{"lockerCode":"C5","status":"libre"},{"lockerCode":"C6","status":"deshabilitado"},{"lockerCode":"C7","status":"libre"},{"lockerCode":"C8","status":"libre"},{"lockerCode":"C9","status":"libre"},{"lockerCode":"C10","status":"libre"}]},{"module":"D","lockers":[{"lockerCode":"D1","status":"deshabilitado"},{"lockerCode":"D2","status":"libre"},{"lockerCode":"D3","status":"libre"},{"lockerCode":"D4","status":"libre"},{"lockerCode":"D5","status":"libre"},{"lockerCode":"D6","status":"libre"},{"lockerCode":"D7","status":"ocupado"},{"lockerCode":"D8","status":"libre"},{"lockerCode":"D9","status":"libre"},{"lockerCode":"D10","status":"libre"}]},{"module":"E","lockers":[{"lockerCode":"E1","status":"libre"},{"lockerCode":"E2","status":"libre"},{"lockerCode":"E3","status":"libre"},{"lockerCode":"E4","status":"deshabilitado"},{"lockerCode":"E5","status":"libre"},{"lockerCode":"E6","status":"ocupado"},{"lockerCode":"E7","status":"libre"},{"lockerCode":"E8","status":"libre"},{"lockerCode":"E9","status":"libre"},{"lockerCode":"E10","status":"libre"}]},{"module":"F","lockers":[{"lockerCode":"F1","status":"libre"},{"lockerCode":"F2","status":"libre"},{"lockerCode":"F3","status":"libre"},{"lockerCode":"F4","status":"libre"},{"lockerCode":"F5","status":"libre"},{"lockerCode":"F6","status":"libre"},{"lockerCode":"F7","status":"ocupado"},{"lockerCode":"F8","status":"deshabilitado"},{"lockerCode":"F9","status":"libre"},{"lockerCode":"F10","status":"libre"}]}]}
[2025-10-06 18:58:31] [WARN] [main] [websocket] Conexión cerrada
[2025-10-06 19:04:29] [ERROR] [main] [assignLocker] Timeout en HTTP (002)
[2025-10-06 19:54:09] [INFO] [main] [statusLockers] Iniciando petición para obtener casilleros disponibles
[2025-10-06 19:54:09] [INFO] [main] [statusLockers] Timeout efectivo en ejecución: 30000
[2025-10-06 19:54:09] [INFO] [main] [statusLockers] Intento 1: HOST -> http://localhost:8080
[2025-10-06 19:54:09] [INFO] [main] [statusLockers] Intento 1: URL -> /api/lockers/get-all-status
[2025-10-06 19:54:09] [INFO] [main] [copyright] Versión cargada: 1.1.0
[2025-10-06 19:54:09] [INFO] [main] [app] Componente App montado
[2025-10-06 19:54:09] [INFO] [main] [app] Versión cargada: 1.1.0
[2025-10-06 19:54:09] [INFO] [main] [statusLockers] Iniciando petición para obtener casilleros disponibles
[2025-10-06 19:54:09] [INFO] [main] [statusLockers] Timeout efectivo en ejecución: 30000
[2025-10-06 19:54:09] [INFO] [main] [statusLockers] Intento 1: HOST -> http://localhost:8080
[2025-10-06 19:54:09] [INFO] [main] [statusLockers] Intento 1: URL -> /api/lockers/get-all-status
[2025-10-06 19:54:09] [INFO] [main] [copyright] Versión cargada: 1.1.0
[2025-10-06 19:54:09] [INFO] [main] [app] Componente App montado
[2025-10-06 19:54:09] [INFO] [main] [app] Versión cargada: 1.1.0
[2025-10-06 19:54:09] [INFO] [main] [useConfig] Configuración inicial obtenida
[2025-10-06 19:54:09] [INFO] [setupWatcher] Archivo setup_config.json cargado correctamente
[2025-10-06 19:54:09] [INFO] [main] [useConfig] Configuración inicial obtenida
[2025-10-06 19:54:09] [INFO] [main] [useConfig] Configuración inicial obtenida
[2025-10-06 19:54:09] [INFO] [main] [useConfig] Configuración inicial obtenida
[2025-10-06 19:54:09] [INFO] [main] [useConfig] Configuración inicial obtenida
[2025-10-06 19:54:09] [INFO] [main] [useConfig] Configuración inicial obtenida
[2025-10-06 19:54:09] [INFO] [main] [useConfig] Configuración inicial obtenida
[2025-10-06 19:54:09] [INFO] [main] [useConfig] Configuración inicial obtenida
[2025-10-06 19:54:09] [INFO] [main] Recibido config actualizado
[2025-10-06 19:54:09] [INFO] [main] [configStore] Configuración actualizada
[2025-10-06 19:54:09] [INFO] [main] [configStore] Nueva configuración recibida vía IPC
[2025-10-06 19:54:09] [INFO] [main] [useConfig] Configuración actualizada mediante onConfigUpdate
[2025-10-06 19:54:09] [INFO] [main] [useConfig] Configuración actualizada mediante onConfigUpdate
[2025-10-06 19:54:09] [INFO] [main] [useConfig] Configuración actualizada mediante onConfigUpdate
[2025-10-06 19:54:09] [INFO] [main] [useConfig] Configuración actualizada mediante onConfigUpdate
[2025-10-06 19:54:09] [INFO] [main] [useConfig] Configuración actualizada mediante onConfigUpdate
[2025-10-06 19:54:09] [INFO] [main] [useConfig] Configuración actualizada mediante onConfigUpdate
[2025-10-06 19:54:09] [INFO] [main] [useConfig] Configuración actualizada mediante onConfigUpdate
[2025-10-06 19:54:09] [INFO] [main] [useConfig] Configuración actualizada mediante onConfigUpdate
[2025-10-06 19:54:09] [INFO] [main] [useConfig] Configuración actualizada mediante onConfigUpdate
[2025-10-06 19:54:09] [INFO] [main] [useConfig] Configuración actualizada mediante onConfigUpdate
[2025-10-06 19:54:09] [INFO] [main] [useConfig] Configuración actualizada mediante onConfigUpdate
[2025-10-06 19:54:09] [INFO] [main] [useConfig] Configuración actualizada mediante onConfigUpdate
[2025-10-06 19:54:09] [INFO] [main] [useConfig] Configuración actualizada mediante onConfigUpdate
[2025-10-06 19:54:09] [INFO] [main] [useConfig] Configuración actualizada mediante onConfigUpdate
[2025-10-06 19:54:09] [INFO] [main] [useConfig] Configuración actualizada mediante onConfigUpdate
[2025-10-06 19:54:09] [INFO] [main] [useConfig] Configuración actualizada mediante onConfigUpdate
[2025-10-06 19:54:09] [INFO] [main] [useConfig] Configuración actualizada mediante onConfigUpdate
[2025-10-06 19:54:09] [INFO] [main] [useConfig] Configuración actualizada mediante onConfigUpdate
[2025-10-06 19:54:09] [INFO] [main] [useConfig] Configuración actualizada mediante onConfigUpdate
[2025-10-06 19:54:09] [INFO] [main] [useConfig] Configuración actualizada mediante onConfigUpdate
[2025-10-06 19:54:09] [INFO] [main] [useConfig] Configuración actualizada mediante onConfigUpdate
[2025-10-06 19:54:09] [INFO] [main] [useConfig] Configuración actualizada mediante onConfigUpdate
[2025-10-06 19:54:09] [INFO] [main] [useConfig] Configuración actualizada mediante onConfigUpdate
[2025-10-06 19:54:09] [INFO] [main] [useConfig] Configuración actualizada mediante onConfigUpdate
[2025-10-06 19:54:09] [INFO] [main] [useConfig] Configuración actualizada mediante onConfigUpdate
[2025-10-06 19:54:09] [INFO] [main] [useConfig] Configuración actualizada mediante onConfigUpdate
[2025-10-06 19:54:09] [INFO] [main] [useConfig] Configuración actualizada mediante onConfigUpdate
[2025-10-06 19:54:09] [INFO] [main] [useConfig] Configuración actualizada mediante onConfigUpdate
[2025-10-06 19:54:09] [INFO] [main] [useConfig] Configuración actualizada mediante onConfigUpdate
[2025-10-06 19:54:09] [INFO] [main] [useConfig] Configuración actualizada mediante onConfigUpdate
[2025-10-06 19:54:09] [INFO] [main] [useConfig] Configuración actualizada mediante onConfigUpdate
[2025-10-06 19:54:09] [INFO] [main] [useConfig] Configuración actualizada mediante onConfigUpdate
[2025-10-06 19:54:14] [INFO] [main] Recibido config actualizado
[2025-10-06 19:54:14] [INFO] [preload] Inicializando preload.js
[2025-10-06 19:54:14] [INFO] [setupWatcher] Observando archivo setup_config.json en: C:\Users\User\Documents\Personal\LockeritDesk\configFiles\setup_config.json
[2025-10-06 19:54:14] [INFO] [setupWatcher] Archivo setup_config.json cargado correctamente
[2025-10-06 19:54:14] [INFO] [preload] Watcher iniciado: setup_config.json
[2025-10-06 19:54:14] [INFO] [authWatcher] Observando archivo auth_key.json en: C:\Users\User\Documents\Personal\LockeritDesk\configFiles\auth_key.json
[2025-10-06 19:54:14] [INFO] [authWatcher] auth_key.json actualizado correctamente
[2025-10-06 19:54:14] [INFO] [preload] Watcher iniciado: auth_key.json
[2025-10-06 19:54:14] [INFO] [loggerWatcher] Observando archivo logger_config.json en: C:\Users\User\Documents\Personal\LockeritDesk\configFiles\logger_config.json
[2025-10-06 19:54:14] [INFO] [loggerWatcher] Archivo logger_config.json cargado correctamente
[2025-10-06 19:54:14] [INFO] [preload] Watcher iniciado: logger_config.json
[2025-10-06 19:54:14] [INFO] [envWatcher] Observando archivo .env en: C:\Users\User\Documents\Personal\LockeritDesk\configFiles\.env
[2025-10-06 19:54:14] [INFO] [envWatcher] Archivo .env cargado correctamente
[2025-10-06 19:54:14] [INFO] [preload] Watcher iniciado: .env
[2025-10-06 19:54:14] [INFO] [preload] API expuesta en window.electronAPI
[2025-10-06 19:54:14] [INFO] [main] Recibido auth actualizado
[2025-10-06 19:54:14] [INFO] [main] Recibido logger actualizado
[2025-10-06 19:54:14] [INFO] [main] Recibido env actualizado
[2025-10-06 19:54:18] [INFO] [main] [axiosConfig] API BaseURL Inicial: http://localhost:8080
[2025-10-06 19:54:18] [INFO] [main] [axiosConfig] API BaseTimeout Inicial: 30
[2025-10-06 19:54:18] [INFO] [main] get-screen-data-once -> 1920x1080 factor=1
[2025-10-06 19:54:18] [INFO] [main] [configStore] Configuración actualizada
[2025-10-06 19:54:18] [INFO] [main] [configStore] config_key.json inicial cargado exitosamente
[2025-10-06 19:54:18] [INFO] [main] [envStore] ENV inicial cargado correctamente
[2025-10-06 19:54:18] [INFO] [main] [envStore] ENV actualizado
[2025-10-06 19:54:18] [INFO] [main] [axiosConfig] API BaseTimeout actualizada dinámicamente: 30
[2025-10-06 19:54:18] [INFO] [main] [assignLocker] API BaseTimeout actualizada dinámicamente: 30
[2025-10-06 19:54:18] [INFO] [main] [authStore] Auth actualizado
[2025-10-06 19:54:18] [INFO] [main] [authStore] auth_key.json inicial cargado exitosamente
[2025-10-06 19:54:18] [INFO] [main] [statusLockers] Iniciando petición para obtener casilleros disponibles
[2025-10-06 19:54:18] [INFO] [main] [statusLockers] Timeout efectivo en ejecución: 30000
[2025-10-06 19:54:18] [INFO] [main] [statusLockers] Intento 1: HOST -> http://localhost:8080
[2025-10-06 19:54:18] [INFO] [main] [statusLockers] Intento 1: URL -> /api/lockers/get-all-status
[2025-10-06 19:54:18] [INFO] [main] [copyright] Versión cargada: 1.1.0
[2025-10-06 19:54:18] [INFO] [main] [app] Componente App montado
[2025-10-06 19:54:18] [INFO] [main] [app] Versión cargada: 1.1.0
[2025-10-06 19:54:18] [INFO] [main] [statusLockers] Iniciando petición para obtener casilleros disponibles
[2025-10-06 19:54:18] [INFO] [main] [statusLockers] Timeout efectivo en ejecución: 30000
[2025-10-06 19:54:18] [INFO] [main] [statusLockers] Intento 1: HOST -> http://localhost:8080
[2025-10-06 19:54:18] [INFO] [main] [statusLockers] Intento 1: URL -> /api/lockers/get-all-status
[2025-10-06 19:54:18] [INFO] [main] [copyright] Versión cargada: 1.1.0
[2025-10-06 19:54:18] [INFO] [main] [app] Componente App montado
[2025-10-06 19:54:18] [INFO] [main] [app] Versión cargada: 1.1.0
[2025-10-06 19:54:18] [INFO] [main] [useConfig] Configuración inicial obtenida
[2025-10-06 19:54:18] [INFO] [main] [useConfig] Configuración inicial obtenida
[2025-10-06 19:54:18] [INFO] [main] [useConfig] Configuración inicial obtenida
[2025-10-06 19:54:18] [INFO] [main] [useConfig] Configuración inicial obtenida
[2025-10-06 19:54:18] [INFO] [main] [useConfig] Configuración inicial obtenida
[2025-10-06 19:54:18] [INFO] [main] [useConfig] Configuración inicial obtenida
[2025-10-06 19:54:18] [INFO] [main] [useConfig] Configuración inicial obtenida
[2025-10-06 19:54:18] [INFO] [main] [useConfig] Configuración inicial obtenida
[2025-10-06 19:54:18] [INFO] [main] [statusLockers] Response. Status: 200
[2025-10-06 19:54:18] [INFO] [main] [statusLockers] Response. Data: {"general":[{"status":"reservado","total":0},{"status":"deshabilitado","total":5},{"status":"ocupado","total":4},{"status":"libre","total":51}],"modules":[{"module":"A","lockers":[{"lockerCode":"A1","status":"libre"},{"lockerCode":"A2","status":"libre"},{"lockerCode":"A3","status":"deshabilitado"},{"lockerCode":"A4","status":"libre"},{"lockerCode":"A5","status":"libre"},{"lockerCode":"A6","status":"libre"},{"lockerCode":"A7","status":"libre"},{"lockerCode":"A8","status":"libre"},{"lockerCode":"A9","status":"libre"},{"lockerCode":"A10","status":"libre"}]},{"module":"B","lockers":[{"lockerCode":"B1","status":"libre"},{"lockerCode":"B2","status":"libre"},{"lockerCode":"B3","status":"libre"},{"lockerCode":"B4","status":"libre"},{"lockerCode":"B5","status":"libre"},{"lockerCode":"B6","status":"libre"},{"lockerCode":"B7","status":"libre"},{"lockerCode":"B8","status":"libre"},{"lockerCode":"B9","status":"libre"},{"lockerCode":"B10","status":"libre"}]},{"module":"C","lockers":[{"lockerCode":"C1","status":"libre"},{"lockerCode":"C2","status":"libre"},{"lockerCode":"C3","status":"libre"},{"lockerCode":"C4","status":"ocupado"},{"lockerCode":"C5","status":"libre"},{"lockerCode":"C6","status":"deshabilitado"},{"lockerCode":"C7","status":"libre"},{"lockerCode":"C8","status":"libre"},{"lockerCode":"C9","status":"libre"},{"lockerCode":"C10","status":"libre"}]},{"module":"D","lockers":[{"lockerCode":"D1","status":"deshabilitado"},{"lockerCode":"D2","status":"libre"},{"lockerCode":"D3","status":"libre"},{"lockerCode":"D4","status":"libre"},{"lockerCode":"D5","status":"libre"},{"lockerCode":"D6","status":"libre"},{"lockerCode":"D7","status":"ocupado"},{"lockerCode":"D8","status":"libre"},{"lockerCode":"D9","status":"libre"},{"lockerCode":"D10","status":"libre"}]},{"module":"E","lockers":[{"lockerCode":"E1","status":"libre"},{"lockerCode":"E2","status":"libre"},{"lockerCode":"E3","status":"libre"},{"lockerCode":"E4","status":"deshabilitado"},{"lockerCode":"E5","status":"libre"},{"lockerCode":"E6","status":"ocupado"},{"lockerCode":"E7","status":"libre"},{"lockerCode":"E8","status":"libre"},{"lockerCode":"E9","status":"libre"},{"lockerCode":"E10","status":"libre"}]},{"module":"F","lockers":[{"lockerCode":"F1","status":"libre"},{"lockerCode":"F2","status":"libre"},{"lockerCode":"F3","status":"libre"},{"lockerCode":"F4","status":"libre"},{"lockerCode":"F5","status":"libre"},{"lockerCode":"F6","status":"libre"},{"lockerCode":"F7","status":"ocupado"},{"lockerCode":"F8","status":"deshabilitado"},{"lockerCode":"F9","status":"libre"},{"lockerCode":"F10","status":"libre"}]}]}
[2025-10-06 19:54:18] [INFO] [main] [statusLockers] Response. Status: 200
[2025-10-06 19:54:18] [INFO] [main] [statusLockers] Response. Data: {"general":[{"status":"libre","total":51},{"status":"reservado","total":0},{"status":"deshabilitado","total":5},{"status":"ocupado","total":4}],"modules":[{"module":"A","lockers":[{"lockerCode":"A1","status":"libre"},{"lockerCode":"A2","status":"libre"},{"lockerCode":"A3","status":"deshabilitado"},{"lockerCode":"A4","status":"libre"},{"lockerCode":"A5","status":"libre"},{"lockerCode":"A6","status":"libre"},{"lockerCode":"A7","status":"libre"},{"lockerCode":"A8","status":"libre"},{"lockerCode":"A9","status":"libre"},{"lockerCode":"A10","status":"libre"}]},{"module":"B","lockers":[{"lockerCode":"B1","status":"libre"},{"lockerCode":"B2","status":"libre"},{"lockerCode":"B3","status":"libre"},{"lockerCode":"B4","status":"libre"},{"lockerCode":"B5","status":"libre"},{"lockerCode":"B6","status":"libre"},{"lockerCode":"B7","status":"libre"},{"lockerCode":"B8","status":"libre"},{"lockerCode":"B9","status":"libre"},{"lockerCode":"B10","status":"libre"}]},{"module":"C","lockers":[{"lockerCode":"C1","status":"libre"},{"lockerCode":"C2","status":"libre"},{"lockerCode":"C3","status":"libre"},{"lockerCode":"C4","status":"ocupado"},{"lockerCode":"C5","status":"libre"},{"lockerCode":"C6","status":"deshabilitado"},{"lockerCode":"C7","status":"libre"},{"lockerCode":"C8","status":"libre"},{"lockerCode":"C9","status":"libre"},{"lockerCode":"C10","status":"libre"}]},{"module":"D","lockers":[{"lockerCode":"D1","status":"deshabilitado"},{"lockerCode":"D2","status":"libre"},{"lockerCode":"D3","status":"libre"},{"lockerCode":"D4","status":"libre"},{"lockerCode":"D5","status":"libre"},{"lockerCode":"D6","status":"libre"},{"lockerCode":"D7","status":"ocupado"},{"lockerCode":"D8","status":"libre"},{"lockerCode":"D9","status":"libre"},{"lockerCode":"D10","status":"libre"}]},{"module":"E","lockers":[{"lockerCode":"E1","status":"libre"},{"lockerCode":"E2","status":"libre"},{"lockerCode":"E3","status":"libre"},{"lockerCode":"E4","status":"deshabilitado"},{"lockerCode":"E5","status":"libre"},{"lockerCode":"E6","status":"ocupado"},{"lockerCode":"E7","status":"libre"},{"lockerCode":"E8","status":"libre"},{"lockerCode":"E9","status":"libre"},{"lockerCode":"E10","status":"libre"}]},{"module":"F","lockers":[{"lockerCode":"F1","status":"libre"},{"lockerCode":"F2","status":"libre"},{"lockerCode":"F3","status":"libre"},{"lockerCode":"F4","status":"libre"},{"lockerCode":"F5","status":"libre"},{"lockerCode":"F6","status":"libre"},{"lockerCode":"F7","status":"ocupado"},{"lockerCode":"F8","status":"deshabilitado"},{"lockerCode":"F9","status":"libre"},{"lockerCode":"F10","status":"libre"}]}]}
[2025-10-06 19:54:32] [INFO] [main] [statusLockers] Iniciando petición para obtener casilleros disponibles
[2025-10-06 19:54:32] [INFO] [main] [statusLockers] Timeout efectivo en ejecución: 30000
[2025-10-06 19:54:32] [INFO] [main] [statusLockers] Intento 1: HOST -> http://localhost:8080
[2025-10-06 19:54:32] [INFO] [main] [statusLockers] Intento 1: URL -> /api/lockers/get-all-status
[2025-10-06 19:54:32] [INFO] [main] [copyright] Versión cargada: 1.1.0
[2025-10-06 19:54:32] [INFO] [main] [app] Componente App montado
[2025-10-06 19:54:32] [INFO] [main] [app] Versión cargada: 1.1.0
[2025-10-06 19:54:32] [INFO] [main] [statusLockers] Iniciando petición para obtener casilleros disponibles
[2025-10-06 19:54:32] [INFO] [main] [statusLockers] Timeout efectivo en ejecución: 30000
[2025-10-06 19:54:32] [INFO] [main] [statusLockers] Intento 1: HOST -> http://localhost:8080
[2025-10-06 19:54:32] [INFO] [main] [statusLockers] Intento 1: URL -> /api/lockers/get-all-status
[2025-10-06 19:54:32] [INFO] [main] [copyright] Versión cargada: 1.1.0
[2025-10-06 19:54:32] [INFO] [main] [app] Componente App montado
[2025-10-06 19:54:32] [INFO] [main] [app] Versión cargada: 1.1.0
[2025-10-06 19:54:32] [INFO] [main] [useConfig] Configuración inicial obtenida
[2025-10-06 19:54:32] [INFO] [main] [useConfig] Configuración inicial obtenida
[2025-10-06 19:54:32] [INFO] [main] [useConfig] Configuración inicial obtenida
[2025-10-06 19:54:32] [INFO] [main] [useConfig] Configuración inicial obtenida
[2025-10-06 19:54:32] [INFO] [main] [useConfig] Configuración inicial obtenida
[2025-10-06 19:54:32] [INFO] [main] [useConfig] Configuración inicial obtenida
[2025-10-06 19:54:32] [INFO] [main] [useConfig] Configuración inicial obtenida
[2025-10-06 19:54:32] [INFO] [main] [useConfig] Configuración inicial obtenida
[2025-10-06 19:54:33] [INFO] [main] [statusLockers] Iniciando petición para obtener casilleros disponibles
[2025-10-06 19:54:33] [INFO] [main] [statusLockers] Timeout efectivo en ejecución: 30000
[2025-10-06 19:54:33] [INFO] [main] [statusLockers] Intento 1: HOST -> http://localhost:8080
[2025-10-06 19:54:33] [INFO] [main] [statusLockers] Intento 1: URL -> /api/lockers/get-all-status
[2025-10-06 19:54:33] [INFO] [main] [copyright] Versión cargada: 1.1.0
[2025-10-06 19:54:33] [INFO] [main] [app] Componente App montado
[2025-10-06 19:54:33] [INFO] [main] [app] Versión cargada: 1.1.0
[2025-10-06 19:54:33] [INFO] [main] [statusLockers] Iniciando petición para obtener casilleros disponibles
[2025-10-06 19:54:33] [INFO] [main] [statusLockers] Timeout efectivo en ejecución: 30000
[2025-10-06 19:54:33] [INFO] [main] [statusLockers] Intento 1: HOST -> http://localhost:8080
[2025-10-06 19:54:33] [INFO] [main] [statusLockers] Intento 1: URL -> /api/lockers/get-all-status
[2025-10-06 19:54:33] [INFO] [main] [copyright] Versión cargada: 1.1.0
[2025-10-06 19:54:33] [INFO] [main] [app] Componente App montado
[2025-10-06 19:54:33] [INFO] [main] [app] Versión cargada: 1.1.0
[2025-10-06 19:54:33] [INFO] [main] [statusLockers] Response. Status: 200
[2025-10-06 19:54:33] [INFO] [main] [statusLockers] Response. Data: {"general":[{"status":"reservado","total":0},{"status":"deshabilitado","total":5},{"status":"ocupado","total":4},{"status":"libre","total":51}],"modules":[{"module":"A","lockers":[{"lockerCode":"A1","status":"libre"},{"lockerCode":"A2","status":"libre"},{"lockerCode":"A3","status":"deshabilitado"},{"lockerCode":"A4","status":"libre"},{"lockerCode":"A5","status":"libre"},{"lockerCode":"A6","status":"libre"},{"lockerCode":"A7","status":"libre"},{"lockerCode":"A8","status":"libre"},{"lockerCode":"A9","status":"libre"},{"lockerCode":"A10","status":"libre"}]},{"module":"B","lockers":[{"lockerCode":"B1","status":"libre"},{"lockerCode":"B2","status":"libre"},{"lockerCode":"B3","status":"libre"},{"lockerCode":"B4","status":"libre"},{"lockerCode":"B5","status":"libre"},{"lockerCode":"B6","status":"libre"},{"lockerCode":"B7","status":"libre"},{"lockerCode":"B8","status":"libre"},{"lockerCode":"B9","status":"libre"},{"lockerCode":"B10","status":"libre"}]},{"module":"C","lockers":[{"lockerCode":"C1","status":"libre"},{"lockerCode":"C2","status":"libre"},{"lockerCode":"C3","status":"libre"},{"lockerCode":"C4","status":"ocupado"},{"lockerCode":"C5","status":"libre"},{"lockerCode":"C6","status":"deshabilitado"},{"lockerCode":"C7","status":"libre"},{"lockerCode":"C8","status":"libre"},{"lockerCode":"C9","status":"libre"},{"lockerCode":"C10","status":"libre"}]},{"module":"D","lockers":[{"lockerCode":"D1","status":"deshabilitado"},{"lockerCode":"D2","status":"libre"},{"lockerCode":"D3","status":"libre"},{"lockerCode":"D4","status":"libre"},{"lockerCode":"D5","status":"libre"},{"lockerCode":"D6","status":"libre"},{"lockerCode":"D7","status":"ocupado"},{"lockerCode":"D8","status":"libre"},{"lockerCode":"D9","status":"libre"},{"lockerCode":"D10","status":"libre"}]},{"module":"E","lockers":[{"lockerCode":"E1","status":"libre"},{"lockerCode":"E2","status":"libre"},{"lockerCode":"E3","status":"libre"},{"lockerCode":"E4","status":"deshabilitado"},{"lockerCode":"E5","status":"libre"},{"lockerCode":"E6","status":"ocupado"},{"lockerCode":"E7","status":"libre"},{"lockerCode":"E8","status":"libre"},{"lockerCode":"E9","status":"libre"},{"lockerCode":"E10","status":"libre"}]},{"module":"F","lockers":[{"lockerCode":"F1","status":"libre"},{"lockerCode":"F2","status":"libre"},{"lockerCode":"F3","status":"libre"},{"lockerCode":"F4","status":"libre"},{"lockerCode":"F5","status":"libre"},{"lockerCode":"F6","status":"libre"},{"lockerCode":"F7","status":"ocupado"},{"lockerCode":"F8","status":"deshabilitado"},{"lockerCode":"F9","status":"libre"},{"lockerCode":"F10","status":"libre"}]}]}
[2025-10-06 19:54:33] [INFO] [main] [statusLockers] Response. Status: 200
[2025-10-06 19:54:33] [INFO] [main] [statusLockers] Response. Data: {"general":[{"status":"reservado","total":0},{"status":"deshabilitado","total":5},{"status":"ocupado","total":4},{"status":"libre","total":51}],"modules":[{"module":"A","lockers":[{"lockerCode":"A1","status":"libre"},{"lockerCode":"A2","status":"libre"},{"lockerCode":"A3","status":"deshabilitado"},{"lockerCode":"A4","status":"libre"},{"lockerCode":"A5","status":"libre"},{"lockerCode":"A6","status":"libre"},{"lockerCode":"A7","status":"libre"},{"lockerCode":"A8","status":"libre"},{"lockerCode":"A9","status":"libre"},{"lockerCode":"A10","status":"libre"}]},{"module":"B","lockers":[{"lockerCode":"B1","status":"libre"},{"lockerCode":"B2","status":"libre"},{"lockerCode":"B3","status":"libre"},{"lockerCode":"B4","status":"libre"},{"lockerCode":"B5","status":"libre"},{"lockerCode":"B6","status":"libre"},{"lockerCode":"B7","status":"libre"},{"lockerCode":"B8","status":"libre"},{"lockerCode":"B9","status":"libre"},{"lockerCode":"B10","status":"libre"}]},{"module":"C","lockers":[{"lockerCode":"C1","status":"libre"},{"lockerCode":"C2","status":"libre"},{"lockerCode":"C3","status":"libre"},{"lockerCode":"C4","status":"ocupado"},{"lockerCode":"C5","status":"libre"},{"lockerCode":"C6","status":"deshabilitado"},{"lockerCode":"C7","status":"libre"},{"lockerCode":"C8","status":"libre"},{"lockerCode":"C9","status":"libre"},{"lockerCode":"C10","status":"libre"}]},{"module":"D","lockers":[{"lockerCode":"D1","status":"deshabilitado"},{"lockerCode":"D2","status":"libre"},{"lockerCode":"D3","status":"libre"},{"lockerCode":"D4","status":"libre"},{"lockerCode":"D5","status":"libre"},{"lockerCode":"D6","status":"libre"},{"lockerCode":"D7","status":"ocupado"},{"lockerCode":"D8","status":"libre"},{"lockerCode":"D9","status":"libre"},{"lockerCode":"D10","status":"libre"}]},{"module":"E","lockers":[{"lockerCode":"E1","status":"libre"},{"lockerCode":"E2","status":"libre"},{"lockerCode":"E3","status":"libre"},{"lockerCode":"E4","status":"deshabilitado"},{"lockerCode":"E5","status":"libre"},{"lockerCode":"E6","status":"ocupado"},{"lockerCode":"E7","status":"libre"},{"lockerCode":"E8","status":"libre"},{"lockerCode":"E9","status":"libre"},{"lockerCode":"E10","status":"libre"}]},{"module":"F","lockers":[{"lockerCode":"F1","status":"libre"},{"lockerCode":"F2","status":"libre"},{"lockerCode":"F3","status":"libre"},{"lockerCode":"F4","status":"libre"},{"lockerCode":"F5","status":"libre"},{"lockerCode":"F6","status":"libre"},{"lockerCode":"F7","status":"ocupado"},{"lockerCode":"F8","status":"deshabilitado"},{"lockerCode":"F9","status":"libre"},{"lockerCode":"F10","status":"libre"}]}]}
[2025-10-06 19:54:33] [INFO] [main] [useConfig] Configuración inicial obtenida
[2025-10-06 19:54:33] [INFO] [main] [useConfig] Configuración inicial obtenida
[2025-10-06 19:54:33] [INFO] [main] [useConfig] Configuración inicial obtenida
[2025-10-06 19:54:33] [INFO] [main] [useConfig] Configuración inicial obtenida
[2025-10-06 19:54:33] [INFO] [main] [useConfig] Configuración inicial obtenida
[2025-10-06 19:54:33] [INFO] [main] [useConfig] Configuración inicial obtenida
[2025-10-06 19:54:33] [INFO] [main] [useConfig] Configuración inicial obtenida
[2025-10-06 19:54:33] [INFO] [main] [useConfig] Configuración inicial obtenida
[2025-10-06 19:54:33] [INFO] [main] [statusLockers] Response. Status: 200
[2025-10-06 19:54:33] [INFO] [main] [statusLockers] Response. Data: {"general":[{"status":"ocupado","total":4},{"status":"libre","total":51},{"status":"reservado","total":0},{"status":"deshabilitado","total":5}],"modules":[{"module":"A","lockers":[{"lockerCode":"A1","status":"libre"},{"lockerCode":"A2","status":"libre"},{"lockerCode":"A3","status":"deshabilitado"},{"lockerCode":"A4","status":"libre"},{"lockerCode":"A5","status":"libre"},{"lockerCode":"A6","status":"libre"},{"lockerCode":"A7","status":"libre"},{"lockerCode":"A8","status":"libre"},{"lockerCode":"A9","status":"libre"},{"lockerCode":"A10","status":"libre"}]},{"module":"B","lockers":[{"lockerCode":"B1","status":"libre"},{"lockerCode":"B2","status":"libre"},{"lockerCode":"B3","status":"libre"},{"lockerCode":"B4","status":"libre"},{"lockerCode":"B5","status":"libre"},{"lockerCode":"B6","status":"libre"},{"lockerCode":"B7","status":"libre"},{"lockerCode":"B8","status":"libre"},{"lockerCode":"B9","status":"libre"},{"lockerCode":"B10","status":"libre"}]},{"module":"C","lockers":[{"lockerCode":"C1","status":"libre"},{"lockerCode":"C2","status":"libre"},{"lockerCode":"C3","status":"libre"},{"lockerCode":"C4","status":"ocupado"},{"lockerCode":"C5","status":"libre"},{"lockerCode":"C6","status":"deshabilitado"},{"lockerCode":"C7","status":"libre"},{"lockerCode":"C8","status":"libre"},{"lockerCode":"C9","status":"libre"},{"lockerCode":"C10","status":"libre"}]},{"module":"D","lockers":[{"lockerCode":"D1","status":"deshabilitado"},{"lockerCode":"D2","status":"libre"},{"lockerCode":"D3","status":"libre"},{"lockerCode":"D4","status":"libre"},{"lockerCode":"D5","status":"libre"},{"lockerCode":"D6","status":"libre"},{"lockerCode":"D7","status":"ocupado"},{"lockerCode":"D8","status":"libre"},{"lockerCode":"D9","status":"libre"},{"lockerCode":"D10","status":"libre"}]},{"module":"E","lockers":[{"lockerCode":"E1","status":"libre"},{"lockerCode":"E2","status":"libre"},{"lockerCode":"E3","status":"libre"},{"lockerCode":"E4","status":"deshabilitado"},{"lockerCode":"E5","status":"libre"},{"lockerCode":"E6","status":"ocupado"},{"lockerCode":"E7","status":"libre"},{"lockerCode":"E8","status":"libre"},{"lockerCode":"E9","status":"libre"},{"lockerCode":"E10","status":"libre"}]},{"module":"F","lockers":[{"lockerCode":"F1","status":"libre"},{"lockerCode":"F2","status":"libre"},{"lockerCode":"F3","status":"libre"},{"lockerCode":"F4","status":"libre"},{"lockerCode":"F5","status":"libre"},{"lockerCode":"F6","status":"libre"},{"lockerCode":"F7","status":"ocupado"},{"lockerCode":"F8","status":"deshabilitado"},{"lockerCode":"F9","status":"libre"},{"lockerCode":"F10","status":"libre"}]}]}
[2025-10-06 19:54:33] [INFO] [main] [statusLockers] Response. Status: 200
[2025-10-06 19:54:33] [INFO] [main] [statusLockers] Response. Data: {"general":[{"status":"libre","total":51},{"status":"reservado","total":0},{"status":"deshabilitado","total":5},{"status":"ocupado","total":4}],"modules":[{"module":"A","lockers":[{"lockerCode":"A1","status":"libre"},{"lockerCode":"A2","status":"libre"},{"lockerCode":"A3","status":"deshabilitado"},{"lockerCode":"A4","status":"libre"},{"lockerCode":"A5","status":"libre"},{"lockerCode":"A6","status":"libre"},{"lockerCode":"A7","status":"libre"},{"lockerCode":"A8","status":"libre"},{"lockerCode":"A9","status":"libre"},{"lockerCode":"A10","status":"libre"}]},{"module":"B","lockers":[{"lockerCode":"B1","status":"libre"},{"lockerCode":"B2","status":"libre"},{"lockerCode":"B3","status":"libre"},{"lockerCode":"B4","status":"libre"},{"lockerCode":"B5","status":"libre"},{"lockerCode":"B6","status":"libre"},{"lockerCode":"B7","status":"libre"},{"lockerCode":"B8","status":"libre"},{"lockerCode":"B9","status":"libre"},{"lockerCode":"B10","status":"libre"}]},{"module":"C","lockers":[{"lockerCode":"C1","status":"libre"},{"lockerCode":"C2","status":"libre"},{"lockerCode":"C3","status":"libre"},{"lockerCode":"C4","status":"ocupado"},{"lockerCode":"C5","status":"libre"},{"lockerCode":"C6","status":"deshabilitado"},{"lockerCode":"C7","status":"libre"},{"lockerCode":"C8","status":"libre"},{"lockerCode":"C9","status":"libre"},{"lockerCode":"C10","status":"libre"}]},{"module":"D","lockers":[{"lockerCode":"D1","status":"deshabilitado"},{"lockerCode":"D2","status":"libre"},{"lockerCode":"D3","status":"libre"},{"lockerCode":"D4","status":"libre"},{"lockerCode":"D5","status":"libre"},{"lockerCode":"D6","status":"libre"},{"lockerCode":"D7","status":"ocupado"},{"lockerCode":"D8","status":"libre"},{"lockerCode":"D9","status":"libre"},{"lockerCode":"D10","status":"libre"}]},{"module":"E","lockers":[{"lockerCode":"E1","status":"libre"},{"lockerCode":"E2","status":"libre"},{"lockerCode":"E3","status":"libre"},{"lockerCode":"E4","status":"deshabilitado"},{"lockerCode":"E5","status":"libre"},{"lockerCode":"E6","status":"ocupado"},{"lockerCode":"E7","status":"libre"},{"lockerCode":"E8","status":"libre"},{"lockerCode":"E9","status":"libre"},{"lockerCode":"E10","status":"libre"}]},{"module":"F","lockers":[{"lockerCode":"F1","status":"libre"},{"lockerCode":"F2","status":"libre"},{"lockerCode":"F3","status":"libre"},{"lockerCode":"F4","status":"libre"},{"lockerCode":"F5","status":"libre"},{"lockerCode":"F6","status":"libre"},{"lockerCode":"F7","status":"ocupado"},{"lockerCode":"F8","status":"deshabilitado"},{"lockerCode":"F9","status":"libre"},{"lockerCode":"F10","status":"libre"}]}]}
[2025-10-06 19:57:24] [INFO] [main] [statusLockers] Iniciando petición para obtener casilleros disponibles
[2025-10-06 19:57:24] [INFO] [main] [statusLockers] Timeout efectivo en ejecución: 30000
[2025-10-06 19:57:24] [INFO] [main] [statusLockers] Intento 1: HOST -> http://localhost:8080
[2025-10-06 19:57:24] [INFO] [main] [statusLockers] Intento 1: URL -> /api/lockers/get-all-status
[2025-10-06 19:57:24] [INFO] [main] [copyright] Versión cargada: 1.1.0
[2025-10-06 19:57:24] [INFO] [main] [app] Componente App montado
[2025-10-06 19:57:24] [INFO] [main] [app] Versión cargada: 1.1.0
[2025-10-06 19:57:24] [INFO] [main] [statusLockers] Iniciando petición para obtener casilleros disponibles
[2025-10-06 19:57:24] [INFO] [main] [statusLockers] Timeout efectivo en ejecución: 30000
[2025-10-06 19:57:24] [INFO] [main] [statusLockers] Intento 1: HOST -> http://localhost:8080
[2025-10-06 19:57:24] [INFO] [main] [statusLockers] Intento 1: URL -> /api/lockers/get-all-status
[2025-10-06 19:57:24] [INFO] [main] [copyright] Versión cargada: 1.1.0
[2025-10-06 19:57:24] [INFO] [main] [app] Componente App montado
[2025-10-06 19:57:24] [INFO] [main] [app] Versión cargada: 1.1.0
[2025-10-06 19:57:24] [INFO] [main] [useConfig] Configuración inicial obtenida
[2025-10-06 19:57:24] [INFO] [main] [useConfig] Configuración inicial obtenida
[2025-10-06 19:57:24] [INFO] [main] [useConfig] Configuración inicial obtenida
[2025-10-06 19:57:25] [INFO] [main] [useConfig] Configuración inicial obtenida
[2025-10-06 19:57:25] [INFO] [main] [useConfig] Configuración inicial obtenida
[2025-10-06 19:57:25] [INFO] [main] [useConfig] Configuración inicial obtenida
[2025-10-06 19:57:25] [INFO] [main] [useConfig] Configuración inicial obtenida
[2025-10-06 19:57:25] [INFO] [main] [useConfig] Configuración inicial obtenida
[2025-10-06 19:57:25] [INFO] [main] [statusLockers] Response. Status: 200
[2025-10-06 19:57:25] [INFO] [main] [statusLockers] Response. Data: {"general":[{"status":"ocupado","total":4},{"status":"libre","total":51},{"status":"reservado","total":0},{"status":"deshabilitado","total":5}],"modules":[{"module":"A","lockers":[{"lockerCode":"A1","status":"libre"},{"lockerCode":"A2","status":"libre"},{"lockerCode":"A3","status":"deshabilitado"},{"lockerCode":"A4","status":"libre"},{"lockerCode":"A5","status":"libre"},{"lockerCode":"A6","status":"libre"},{"lockerCode":"A7","status":"libre"},{"lockerCode":"A8","status":"libre"},{"lockerCode":"A9","status":"libre"},{"lockerCode":"A10","status":"libre"}]},{"module":"B","lockers":[{"lockerCode":"B1","status":"libre"},{"lockerCode":"B2","status":"libre"},{"lockerCode":"B3","status":"libre"},{"lockerCode":"B4","status":"libre"},{"lockerCode":"B5","status":"libre"},{"lockerCode":"B6","status":"libre"},{"lockerCode":"B7","status":"libre"},{"lockerCode":"B8","status":"libre"},{"lockerCode":"B9","status":"libre"},{"lockerCode":"B10","status":"libre"}]},{"module":"C","lockers":[{"lockerCode":"C1","status":"libre"},{"lockerCode":"C2","status":"libre"},{"lockerCode":"C3","status":"libre"},{"lockerCode":"C4","status":"ocupado"},{"lockerCode":"C5","status":"libre"},{"lockerCode":"C6","status":"deshabilitado"},{"lockerCode":"C7","status":"libre"},{"lockerCode":"C8","status":"libre"},{"lockerCode":"C9","status":"libre"},{"lockerCode":"C10","status":"libre"}]},{"module":"D","lockers":[{"lockerCode":"D1","status":"deshabilitado"},{"lockerCode":"D2","status":"libre"},{"lockerCode":"D3","status":"libre"},{"lockerCode":"D4","status":"libre"},{"lockerCode":"D5","status":"libre"},{"lockerCode":"D6","status":"libre"},{"lockerCode":"D7","status":"ocupado"},{"lockerCode":"D8","status":"libre"},{"lockerCode":"D9","status":"libre"},{"lockerCode":"D10","status":"libre"}]},{"module":"E","lockers":[{"lockerCode":"E1","status":"libre"},{"lockerCode":"E2","status":"libre"},{"lockerCode":"E3","status":"libre"},{"lockerCode":"E4","status":"deshabilitado"},{"lockerCode":"E5","status":"libre"},{"lockerCode":"E6","status":"ocupado"},{"lockerCode":"E7","status":"libre"},{"lockerCode":"E8","status":"libre"},{"lockerCode":"E9","status":"libre"},{"lockerCode":"E10","status":"libre"}]},{"module":"F","lockers":[{"lockerCode":"F1","status":"libre"},{"lockerCode":"F2","status":"libre"},{"lockerCode":"F3","status":"libre"},{"lockerCode":"F4","status":"libre"},{"lockerCode":"F5","status":"libre"},{"lockerCode":"F6","status":"libre"},{"lockerCode":"F7","status":"ocupado"},{"lockerCode":"F8","status":"deshabilitado"},{"lockerCode":"F9","status":"libre"},{"lockerCode":"F10","status":"libre"}]}]}
[2025-10-06 19:57:25] [INFO] [main] [statusLockers] Response. Status: 200
[2025-10-06 19:57:25] [INFO] [main] [statusLockers] Response. Data: {"general":[{"status":"ocupado","total":4},{"status":"libre","total":51},{"status":"reservado","total":0},{"status":"deshabilitado","total":5}],"modules":[{"module":"A","lockers":[{"lockerCode":"A1","status":"libre"},{"lockerCode":"A2","status":"libre"},{"lockerCode":"A3","status":"deshabilitado"},{"lockerCode":"A4","status":"libre"},{"lockerCode":"A5","status":"libre"},{"lockerCode":"A6","status":"libre"},{"lockerCode":"A7","status":"libre"},{"lockerCode":"A8","status":"libre"},{"lockerCode":"A9","status":"libre"},{"lockerCode":"A10","status":"libre"}]},{"module":"B","lockers":[{"lockerCode":"B1","status":"libre"},{"lockerCode":"B2","status":"libre"},{"lockerCode":"B3","status":"libre"},{"lockerCode":"B4","status":"libre"},{"lockerCode":"B5","status":"libre"},{"lockerCode":"B6","status":"libre"},{"lockerCode":"B7","status":"libre"},{"lockerCode":"B8","status":"libre"},{"lockerCode":"B9","status":"libre"},{"lockerCode":"B10","status":"libre"}]},{"module":"C","lockers":[{"lockerCode":"C1","status":"libre"},{"lockerCode":"C2","status":"libre"},{"lockerCode":"C3","status":"libre"},{"lockerCode":"C4","status":"ocupado"},{"lockerCode":"C5","status":"libre"},{"lockerCode":"C6","status":"deshabilitado"},{"lockerCode":"C7","status":"libre"},{"lockerCode":"C8","status":"libre"},{"lockerCode":"C9","status":"libre"},{"lockerCode":"C10","status":"libre"}]},{"module":"D","lockers":[{"lockerCode":"D1","status":"deshabilitado"},{"lockerCode":"D2","status":"libre"},{"lockerCode":"D3","status":"libre"},{"lockerCode":"D4","status":"libre"},{"lockerCode":"D5","status":"libre"},{"lockerCode":"D6","status":"libre"},{"lockerCode":"D7","status":"ocupado"},{"lockerCode":"D8","status":"libre"},{"lockerCode":"D9","status":"libre"},{"lockerCode":"D10","status":"libre"}]},{"module":"E","lockers":[{"lockerCode":"E1","status":"libre"},{"lockerCode":"E2","status":"libre"},{"lockerCode":"E3","status":"libre"},{"lockerCode":"E4","status":"deshabilitado"},{"lockerCode":"E5","status":"libre"},{"lockerCode":"E6","status":"ocupado"},{"lockerCode":"E7","status":"libre"},{"lockerCode":"E8","status":"libre"},{"lockerCode":"E9","status":"libre"},{"lockerCode":"E10","status":"libre"}]},{"module":"F","lockers":[{"lockerCode":"F1","status":"libre"},{"lockerCode":"F2","status":"libre"},{"lockerCode":"F3","status":"libre"},{"lockerCode":"F4","status":"libre"},{"lockerCode":"F5","status":"libre"},{"lockerCode":"F6","status":"libre"},{"lockerCode":"F7","status":"ocupado"},{"lockerCode":"F8","status":"deshabilitado"},{"lockerCode":"F9","status":"libre"},{"lockerCode":"F10","status":"libre"}]}]}
[2025-10-06 19:57:49] [INFO] [main] Iniciando aplicación Electron
[2025-10-06 19:57:49] [INFO] [main] .env cargado desde C:\Users\User\Documents\Personal\LockeritDesk\configFiles\.env
[2025-10-06 19:57:49] [INFO] [main] App lista, creando ventana...
[2025-10-06 19:57:49] [INFO] [main] Creando ventana principal...
[2025-10-06 19:57:49] [INFO] [main] Cargando URL: http://localhost:5173
[2025-10-06 19:57:49] [INFO] [main] Recibido config actualizado
[2025-10-06 19:57:49] [INFO] [main] Recibido auth actualizado
[2025-10-06 19:57:49] [INFO] [main] Recibido logger actualizado
[2025-10-06 19:57:49] [INFO] [main] Recibido env actualizado
[2025-10-06 19:57:49] [INFO] [preload] Inicializando preload.js
[2025-10-06 19:57:49] [INFO] [setupWatcher] Observando archivo setup_config.json en: C:\Users\User\Documents\Personal\LockeritDesk\configFiles\setup_config.json
[2025-10-06 19:57:49] [INFO] [setupWatcher] Archivo setup_config.json cargado correctamente
[2025-10-06 19:57:49] [INFO] [preload] Watcher iniciado: setup_config.json
[2025-10-06 19:57:49] [INFO] [authWatcher] Observando archivo auth_key.json en: C:\Users\User\Documents\Personal\LockeritDesk\configFiles\auth_key.json
[2025-10-06 19:57:49] [INFO] [authWatcher] auth_key.json actualizado correctamente
[2025-10-06 19:57:49] [INFO] [preload] Watcher iniciado: auth_key.json
[2025-10-06 19:57:49] [INFO] [loggerWatcher] Observando archivo logger_config.json en: C:\Users\User\Documents\Personal\LockeritDesk\configFiles\logger_config.json
[2025-10-06 19:57:49] [INFO] [loggerWatcher] Archivo logger_config.json cargado correctamente
[2025-10-06 19:57:49] [INFO] [preload] Watcher iniciado: logger_config.json
[2025-10-06 19:57:49] [INFO] [envWatcher] Observando archivo .env en: C:\Users\User\Documents\Personal\LockeritDesk\configFiles\.env
[2025-10-06 19:57:49] [INFO] [envWatcher] Archivo .env cargado correctamente
[2025-10-06 19:57:49] [INFO] [preload] Watcher iniciado: .env
[2025-10-06 19:57:49] [INFO] [preload] API expuesta en window.electronAPI
[2025-10-06 19:57:50] [INFO] [main] [axiosConfig] API BaseURL Inicial: http://localhost:8080
[2025-10-06 19:57:50] [INFO] [main] [axiosConfig] API BaseTimeout Inicial: 30
[2025-10-06 19:57:50] [INFO] [main] [configStore] Configuración actualizada
[2025-10-06 19:57:50] [INFO] [main] [configStore] config_key.json inicial cargado exitosamente
[2025-10-06 19:57:50] [INFO] [main] [envStore] ENV inicial cargado correctamente
[2025-10-06 19:57:50] [INFO] [main] [envStore] ENV actualizado
[2025-10-06 19:57:50] [INFO] [main] [axiosConfig] API BaseTimeout actualizada dinámicamente: 30
[2025-10-06 19:57:50] [INFO] [main] [assignLocker] API BaseTimeout actualizada dinámicamente: 30
[2025-10-06 19:57:50] [INFO] [main] [authStore] Auth actualizado
[2025-10-06 19:57:50] [INFO] [main] [authStore] auth_key.json inicial cargado exitosamente
[2025-10-06 19:57:50] [INFO] [main] CSP cambió, enviando al renderer
[2025-10-06 19:57:51] [INFO] [main] get-screen-data-once -> 1920x1048 factor=0.97
[2025-10-06 19:57:51] [INFO] [main] [login] Usuario autenticado en sesión principal, redirigiendo a /ppal
[2025-10-06 19:57:51] [INFO] [main] [copyright] Versión cargada: 1.1.0
[2025-10-06 19:57:51] [INFO] [main] [app] Componente App montado
[2025-10-06 19:57:51] [INFO] [main] [app] Versión cargada: 1.1.0
[2025-10-06 19:57:51] [INFO] [main] [copyright] Versión cargada: 1.1.0
[2025-10-06 19:57:51] [INFO] [main] [app] Componente App montado
[2025-10-06 19:57:51] [INFO] [main] [app] Versión cargada: 1.1.0
[2025-10-06 19:57:51] [INFO] [main] [useConfig] Configuración inicial obtenida
[2025-10-06 19:57:51] [INFO] [main] [useConfig] Configuración inicial obtenida
[2025-10-06 19:57:51] [INFO] [main] [useConfig] Configuración inicial obtenida
[2025-10-06 19:57:51] [INFO] [main] [useConfig] Configuración inicial obtenida
[2025-10-06 19:57:51] [INFO] [main] [useConfig] Configuración inicial obtenida
[2025-10-06 19:57:51] [INFO] [main] [useConfig] Configuración inicial obtenida
[2025-10-06 19:57:51] [INFO] [main] [statusLockers] Iniciando petición para obtener casilleros disponibles
[2025-10-06 19:57:51] [INFO] [main] [statusLockers] Timeout efectivo en ejecución: 30000
[2025-10-06 19:57:51] [INFO] [main] [statusLockers] Intento 1: HOST -> http://localhost:8080
[2025-10-06 19:57:51] [INFO] [main] [statusLockers] Intento 1: URL -> /api/lockers/get-all-status
[2025-10-06 19:57:51] [INFO] [main] [statusLockers] Iniciando petición para obtener casilleros disponibles
[2025-10-06 19:57:51] [INFO] [main] [statusLockers] Timeout efectivo en ejecución: 30000
[2025-10-06 19:57:51] [INFO] [main] [statusLockers] Intento 1: HOST -> http://localhost:8080
[2025-10-06 19:57:51] [INFO] [main] [statusLockers] Intento 1: URL -> /api/lockers/get-all-status
[2025-10-06 19:57:51] [INFO] [main] [useConfig] Configuración inicial obtenida
[2025-10-06 19:57:51] [INFO] [main] [useConfig] Configuración inicial obtenida
[2025-10-06 19:57:51] [INFO] [main] [useConfig] Configuración inicial obtenida
[2025-10-06 19:57:51] [INFO] [main] [useConfig] Configuración inicial obtenida
[2025-10-06 19:57:51] [INFO] [main] [statusLockers] Response. Status: 200
[2025-10-06 19:57:51] [INFO] [main] [statusLockers] Response. Data: {"general":[{"status":"libre","total":51},{"status":"reservado","total":0},{"status":"deshabilitado","total":5},{"status":"ocupado","total":4}],"modules":[{"module":"A","lockers":[{"lockerCode":"A1","status":"libre"},{"lockerCode":"A2","status":"libre"},{"lockerCode":"A3","status":"deshabilitado"},{"lockerCode":"A4","status":"libre"},{"lockerCode":"A5","status":"libre"},{"lockerCode":"A6","status":"libre"},{"lockerCode":"A7","status":"libre"},{"lockerCode":"A8","status":"libre"},{"lockerCode":"A9","status":"libre"},{"lockerCode":"A10","status":"libre"}]},{"module":"B","lockers":[{"lockerCode":"B1","status":"libre"},{"lockerCode":"B2","status":"libre"},{"lockerCode":"B3","status":"libre"},{"lockerCode":"B4","status":"libre"},{"lockerCode":"B5","status":"libre"},{"lockerCode":"B6","status":"libre"},{"lockerCode":"B7","status":"libre"},{"lockerCode":"B8","status":"libre"},{"lockerCode":"B9","status":"libre"},{"lockerCode":"B10","status":"libre"}]},{"module":"C","lockers":[{"lockerCode":"C1","status":"libre"},{"lockerCode":"C2","status":"libre"},{"lockerCode":"C3","status":"libre"},{"lockerCode":"C4","status":"ocupado"},{"lockerCode":"C5","status":"libre"},{"lockerCode":"C6","status":"deshabilitado"},{"lockerCode":"C7","status":"libre"},{"lockerCode":"C8","status":"libre"},{"lockerCode":"C9","status":"libre"},{"lockerCode":"C10","status":"libre"}]},{"module":"D","lockers":[{"lockerCode":"D1","status":"deshabilitado"},{"lockerCode":"D2","status":"libre"},{"lockerCode":"D3","status":"libre"},{"lockerCode":"D4","status":"libre"},{"lockerCode":"D5","status":"libre"},{"lockerCode":"D6","status":"libre"},{"lockerCode":"D7","status":"ocupado"},{"lockerCode":"D8","status":"libre"},{"lockerCode":"D9","status":"libre"},{"lockerCode":"D10","status":"libre"}]},{"module":"E","lockers":[{"lockerCode":"E1","status":"libre"},{"lockerCode":"E2","status":"libre"},{"lockerCode":"E3","status":"libre"},{"lockerCode":"E4","status":"deshabilitado"},{"lockerCode":"E5","status":"libre"},{"lockerCode":"E6","status":"ocupado"},{"lockerCode":"E7","status":"libre"},{"lockerCode":"E8","status":"libre"},{"lockerCode":"E9","status":"libre"},{"lockerCode":"E10","status":"libre"}]},{"module":"F","lockers":[{"lockerCode":"F1","status":"libre"},{"lockerCode":"F2","status":"libre"},{"lockerCode":"F3","status":"libre"},{"lockerCode":"F4","status":"libre"},{"lockerCode":"F5","status":"libre"},{"lockerCode":"F6","status":"libre"},{"lockerCode":"F7","status":"ocupado"},{"lockerCode":"F8","status":"deshabilitado"},{"lockerCode":"F9","status":"libre"},{"lockerCode":"F10","status":"libre"}]}]}
[2025-10-06 19:57:51] [INFO] [main] [statusLockers] Response. Status: 200
[2025-10-06 19:57:51] [INFO] [main] [statusLockers] Response. Data: {"general":[{"status":"ocupado","total":4},{"status":"libre","total":51},{"status":"reservado","total":0},{"status":"deshabilitado","total":5}],"modules":[{"module":"A","lockers":[{"lockerCode":"A1","status":"libre"},{"lockerCode":"A2","status":"libre"},{"lockerCode":"A3","status":"deshabilitado"},{"lockerCode":"A4","status":"libre"},{"lockerCode":"A5","status":"libre"},{"lockerCode":"A6","status":"libre"},{"lockerCode":"A7","status":"libre"},{"lockerCode":"A8","status":"libre"},{"lockerCode":"A9","status":"libre"},{"lockerCode":"A10","status":"libre"}]},{"module":"B","lockers":[{"lockerCode":"B1","status":"libre"},{"lockerCode":"B2","status":"libre"},{"lockerCode":"B3","status":"libre"},{"lockerCode":"B4","status":"libre"},{"lockerCode":"B5","status":"libre"},{"lockerCode":"B6","status":"libre"},{"lockerCode":"B7","status":"libre"},{"lockerCode":"B8","status":"libre"},{"lockerCode":"B9","status":"libre"},{"lockerCode":"B10","status":"libre"}]},{"module":"C","lockers":[{"lockerCode":"C1","status":"libre"},{"lockerCode":"C2","status":"libre"},{"lockerCode":"C3","status":"libre"},{"lockerCode":"C4","status":"ocupado"},{"lockerCode":"C5","status":"libre"},{"lockerCode":"C6","status":"deshabilitado"},{"lockerCode":"C7","status":"libre"},{"lockerCode":"C8","status":"libre"},{"lockerCode":"C9","status":"libre"},{"lockerCode":"C10","status":"libre"}]},{"module":"D","lockers":[{"lockerCode":"D1","status":"deshabilitado"},{"lockerCode":"D2","status":"libre"},{"lockerCode":"D3","status":"libre"},{"lockerCode":"D4","status":"libre"},{"lockerCode":"D5","status":"libre"},{"lockerCode":"D6","status":"libre"},{"lockerCode":"D7","status":"ocupado"},{"lockerCode":"D8","status":"libre"},{"lockerCode":"D9","status":"libre"},{"lockerCode":"D10","status":"libre"}]},{"module":"E","lockers":[{"lockerCode":"E1","status":"libre"},{"lockerCode":"E2","status":"libre"},{"lockerCode":"E3","status":"libre"},{"lockerCode":"E4","status":"deshabilitado"},{"lockerCode":"E5","status":"libre"},{"lockerCode":"E6","status":"ocupado"},{"lockerCode":"E7","status":"libre"},{"lockerCode":"E8","status":"libre"},{"lockerCode":"E9","status":"libre"},{"lockerCode":"E10","status":"libre"}]},{"module":"F","lockers":[{"lockerCode":"F1","status":"libre"},{"lockerCode":"F2","status":"libre"},{"lockerCode":"F3","status":"libre"},{"lockerCode":"F4","status":"libre"},{"lockerCode":"F5","status":"libre"},{"lockerCode":"F6","status":"libre"},{"lockerCode":"F7","status":"ocupado"},{"lockerCode":"F8","status":"deshabilitado"},{"lockerCode":"F9","status":"libre"},{"lockerCode":"F10","status":"libre"}]}]}
[2025-10-06 19:58:12] [INFO] Voz cacheada por defecto: Microsoft Sabina Desktop
[2025-10-06 19:58:40] [INFO] [main] [statusLockers] Iniciando petición para obtener casilleros disponibles
[2025-10-06 19:58:40] [INFO] [main] [statusLockers] Timeout efectivo en ejecución: 30000
[2025-10-06 19:58:40] [INFO] [main] [statusLockers] Intento 1: HOST -> http://localhost:8080
[2025-10-06 19:58:40] [INFO] [main] [statusLockers] Intento 1: URL -> /api/lockers/get-all-status
[2025-10-06 19:58:40] [INFO] [main] [copyright] Versión cargada: 1.1.0
[2025-10-06 19:58:40] [INFO] [main] [app] Componente App montado
[2025-10-06 19:58:40] [INFO] [main] [app] Versión cargada: 1.1.0
[2025-10-06 19:58:40] [INFO] [main] [statusLockers] Iniciando petición para obtener casilleros disponibles
[2025-10-06 19:58:40] [INFO] [main] [statusLockers] Timeout efectivo en ejecución: 30000
[2025-10-06 19:58:40] [INFO] [main] [statusLockers] Intento 1: HOST -> http://localhost:8080
[2025-10-06 19:58:40] [INFO] [main] [statusLockers] Intento 1: URL -> /api/lockers/get-all-status
[2025-10-06 19:58:40] [INFO] [main] [copyright] Versión cargada: 1.1.0
[2025-10-06 19:58:40] [INFO] [main] [app] Componente App montado
[2025-10-06 19:58:40] [INFO] [main] [app] Versión cargada: 1.1.0
[2025-10-06 19:58:40] [INFO] [main] [useConfig] Configuración inicial obtenida
[2025-10-06 19:58:40] [INFO] [main] [useConfig] Configuración inicial obtenida
[2025-10-06 19:58:40] [INFO] [main] [useConfig] Configuración inicial obtenida
[2025-10-06 19:58:40] [INFO] [main] [useConfig] Configuración inicial obtenida
[2025-10-06 19:58:40] [INFO] [main] [useConfig] Configuración inicial obtenida
[2025-10-06 19:58:40] [INFO] [main] [useConfig] Configuración inicial obtenida
[2025-10-06 19:58:40] [INFO] [main] [useConfig] Configuración inicial obtenida
[2025-10-06 19:58:40] [INFO] [main] [useConfig] Configuración inicial obtenida
[2025-10-06 19:58:41] [INFO] [main] [statusLockers] Response. Status: 200
[2025-10-06 19:58:41] [INFO] [main] [statusLockers] Response. Data: {"general":[{"status":"ocupado","total":4},{"status":"libre","total":51},{"status":"reservado","total":0},{"status":"deshabilitado","total":5}],"modules":[{"module":"A","lockers":[{"lockerCode":"A1","status":"libre"},{"lockerCode":"A2","status":"libre"},{"lockerCode":"A3","status":"deshabilitado"},{"lockerCode":"A4","status":"libre"},{"lockerCode":"A5","status":"libre"},{"lockerCode":"A6","status":"libre"},{"lockerCode":"A7","status":"libre"},{"lockerCode":"A8","status":"libre"},{"lockerCode":"A9","status":"libre"},{"lockerCode":"A10","status":"libre"}]},{"module":"B","lockers":[{"lockerCode":"B1","status":"libre"},{"lockerCode":"B2","status":"libre"},{"lockerCode":"B3","status":"libre"},{"lockerCode":"B4","status":"libre"},{"lockerCode":"B5","status":"libre"},{"lockerCode":"B6","status":"libre"},{"lockerCode":"B7","status":"libre"},{"lockerCode":"B8","status":"libre"},{"lockerCode":"B9","status":"libre"},{"lockerCode":"B10","status":"libre"}]},{"module":"C","lockers":[{"lockerCode":"C1","status":"libre"},{"lockerCode":"C2","status":"libre"},{"lockerCode":"C3","status":"libre"},{"lockerCode":"C4","status":"ocupado"},{"lockerCode":"C5","status":"libre"},{"lockerCode":"C6","status":"deshabilitado"},{"lockerCode":"C7","status":"libre"},{"lockerCode":"C8","status":"libre"},{"lockerCode":"C9","status":"libre"},{"lockerCode":"C10","status":"libre"}]},{"module":"D","lockers":[{"lockerCode":"D1","status":"deshabilitado"},{"lockerCode":"D2","status":"libre"},{"lockerCode":"D3","status":"libre"},{"lockerCode":"D4","status":"libre"},{"lockerCode":"D5","status":"libre"},{"lockerCode":"D6","status":"libre"},{"lockerCode":"D7","status":"ocupado"},{"lockerCode":"D8","status":"libre"},{"lockerCode":"D9","status":"libre"},{"lockerCode":"D10","status":"libre"}]},{"module":"E","lockers":[{"lockerCode":"E1","status":"libre"},{"lockerCode":"E2","status":"libre"},{"lockerCode":"E3","status":"libre"},{"lockerCode":"E4","status":"deshabilitado"},{"lockerCode":"E5","status":"libre"},{"lockerCode":"E6","status":"ocupado"},{"lockerCode":"E7","status":"libre"},{"lockerCode":"E8","status":"libre"},{"lockerCode":"E9","status":"libre"},{"lockerCode":"E10","status":"libre"}]},{"module":"F","lockers":[{"lockerCode":"F1","status":"libre"},{"lockerCode":"F2","status":"libre"},{"lockerCode":"F3","status":"libre"},{"lockerCode":"F4","status":"libre"},{"lockerCode":"F5","status":"libre"},{"lockerCode":"F6","status":"libre"},{"lockerCode":"F7","status":"ocupado"},{"lockerCode":"F8","status":"deshabilitado"},{"lockerCode":"F9","status":"libre"},{"lockerCode":"F10","status":"libre"}]}]}
[2025-10-06 19:58:41] [INFO] [main] [statusLockers] Response. Status: 200
[2025-10-06 19:58:41] [INFO] [main] [statusLockers] Response. Data: {"general":[{"status":"ocupado","total":4},{"status":"libre","total":51},{"status":"reservado","total":0},{"status":"deshabilitado","total":5}],"modules":[{"module":"A","lockers":[{"lockerCode":"A1","status":"libre"},{"lockerCode":"A2","status":"libre"},{"lockerCode":"A3","status":"deshabilitado"},{"lockerCode":"A4","status":"libre"},{"lockerCode":"A5","status":"libre"},{"lockerCode":"A6","status":"libre"},{"lockerCode":"A7","status":"libre"},{"lockerCode":"A8","status":"libre"},{"lockerCode":"A9","status":"libre"},{"lockerCode":"A10","status":"libre"}]},{"module":"B","lockers":[{"lockerCode":"B1","status":"libre"},{"lockerCode":"B2","status":"libre"},{"lockerCode":"B3","status":"libre"},{"lockerCode":"B4","status":"libre"},{"lockerCode":"B5","status":"libre"},{"lockerCode":"B6","status":"libre"},{"lockerCode":"B7","status":"libre"},{"lockerCode":"B8","status":"libre"},{"lockerCode":"B9","status":"libre"},{"lockerCode":"B10","status":"libre"}]},{"module":"C","lockers":[{"lockerCode":"C1","status":"libre"},{"lockerCode":"C2","status":"libre"},{"lockerCode":"C3","status":"libre"},{"lockerCode":"C4","status":"ocupado"},{"lockerCode":"C5","status":"libre"},{"lockerCode":"C6","status":"deshabilitado"},{"lockerCode":"C7","status":"libre"},{"lockerCode":"C8","status":"libre"},{"lockerCode":"C9","status":"libre"},{"lockerCode":"C10","status":"libre"}]},{"module":"D","lockers":[{"lockerCode":"D1","status":"deshabilitado"},{"lockerCode":"D2","status":"libre"},{"lockerCode":"D3","status":"libre"},{"lockerCode":"D4","status":"libre"},{"lockerCode":"D5","status":"libre"},{"lockerCode":"D6","status":"libre"},{"lockerCode":"D7","status":"ocupado"},{"lockerCode":"D8","status":"libre"},{"lockerCode":"D9","status":"libre"},{"lockerCode":"D10","status":"libre"}]},{"module":"E","lockers":[{"lockerCode":"E1","status":"libre"},{"lockerCode":"E2","status":"libre"},{"lockerCode":"E3","status":"libre"},{"lockerCode":"E4","status":"deshabilitado"},{"lockerCode":"E5","status":"libre"},{"lockerCode":"E6","status":"ocupado"},{"lockerCode":"E7","status":"libre"},{"lockerCode":"E8","status":"libre"},{"lockerCode":"E9","status":"libre"},{"lockerCode":"E10","status":"libre"}]},{"module":"F","lockers":[{"lockerCode":"F1","status":"libre"},{"lockerCode":"F2","status":"libre"},{"lockerCode":"F3","status":"libre"},{"lockerCode":"F4","status":"libre"},{"lockerCode":"F5","status":"libre"},{"lockerCode":"F6","status":"libre"},{"lockerCode":"F7","status":"ocupado"},{"lockerCode":"F8","status":"deshabilitado"},{"lockerCode":"F9","status":"libre"},{"lockerCode":"F10","status":"libre"}]}]}
[2025-10-06 19:58:49] [INFO] [main] [openReserveLocker] Iniciando petición para abrir casillero reservado
[2025-10-06 19:58:49] [INFO] [main] [openReserveLocker] Timeout efectivo en ejecución: 30000
[2025-10-06 19:58:49] [INFO] [main] [openReserveLocker] Intento 1: HOST -> http://localhost:8080
[2025-10-06 19:58:49] [INFO] [main] [openReserveLocker] Intento 1: URL -> /api/lockers/open-reservation
[2025-10-06 19:58:49] [INFO] [main] [openReserveLocker] Intento 1: Request -> {"phone":"3225588800","pin":"0000","openBy":"user"}
[2025-10-06 19:58:49] [ERROR] [main] [openReserveLocker] [intento 1] Error HTTP: 404 - No existe casillero asignado para este numero
[2025-10-06 19:58:53] [INFO] [main] [statusLockers] Iniciando petición para obtener casilleros disponibles
[2025-10-06 19:58:53] [INFO] [main] [statusLockers] Timeout efectivo en ejecución: 30000
[2025-10-06 19:58:53] [INFO] [main] [statusLockers] Intento 1: HOST -> http://localhost:8080
[2025-10-06 19:58:53] [INFO] [main] [statusLockers] Intento 1: URL -> /api/lockers/get-all-status
[2025-10-06 19:58:53] [INFO] [main] [statusLockers] Response. Status: 200
[2025-10-06 19:58:53] [INFO] [main] [statusLockers] Response. Data: {"general":[{"status":"ocupado","total":4},{"status":"libre","total":51},{"status":"reservado","total":0},{"status":"deshabilitado","total":5}],"modules":[{"module":"A","lockers":[{"lockerCode":"A1","status":"libre"},{"lockerCode":"A2","status":"libre"},{"lockerCode":"A3","status":"deshabilitado"},{"lockerCode":"A4","status":"libre"},{"lockerCode":"A5","status":"libre"},{"lockerCode":"A6","status":"libre"},{"lockerCode":"A7","status":"libre"},{"lockerCode":"A8","status":"libre"},{"lockerCode":"A9","status":"libre"},{"lockerCode":"A10","status":"libre"}]},{"module":"B","lockers":[{"lockerCode":"B1","status":"libre"},{"lockerCode":"B2","status":"libre"},{"lockerCode":"B3","status":"libre"},{"lockerCode":"B4","status":"libre"},{"lockerCode":"B5","status":"libre"},{"lockerCode":"B6","status":"libre"},{"lockerCode":"B7","status":"libre"},{"lockerCode":"B8","status":"libre"},{"lockerCode":"B9","status":"libre"},{"lockerCode":"B10","status":"libre"}]},{"module":"C","lockers":[{"lockerCode":"C1","status":"libre"},{"lockerCode":"C2","status":"libre"},{"lockerCode":"C3","status":"libre"},{"lockerCode":"C4","status":"ocupado"},{"lockerCode":"C5","status":"libre"},{"lockerCode":"C6","status":"deshabilitado"},{"lockerCode":"C7","status":"libre"},{"lockerCode":"C8","status":"libre"},{"lockerCode":"C9","status":"libre"},{"lockerCode":"C10","status":"libre"}]},{"module":"D","lockers":[{"lockerCode":"D1","status":"deshabilitado"},{"lockerCode":"D2","status":"libre"},{"lockerCode":"D3","status":"libre"},{"lockerCode":"D4","status":"libre"},{"lockerCode":"D5","status":"libre"},{"lockerCode":"D6","status":"libre"},{"lockerCode":"D7","status":"ocupado"},{"lockerCode":"D8","status":"libre"},{"lockerCode":"D9","status":"libre"},{"lockerCode":"D10","status":"libre"}]},{"module":"E","lockers":[{"lockerCode":"E1","status":"libre"},{"lockerCode":"E2","status":"libre"},{"lockerCode":"E3","status":"libre"},{"lockerCode":"E4","status":"deshabilitado"},{"lockerCode":"E5","status":"libre"},{"lockerCode":"E6","status":"ocupado"},{"lockerCode":"E7","status":"libre"},{"lockerCode":"E8","status":"libre"},{"lockerCode":"E9","status":"libre"},{"lockerCode":"E10","status":"libre"}]},{"module":"F","lockers":[{"lockerCode":"F1","status":"libre"},{"lockerCode":"F2","status":"libre"},{"lockerCode":"F3","status":"libre"},{"lockerCode":"F4","status":"libre"},{"lockerCode":"F5","status":"libre"},{"lockerCode":"F6","status":"libre"},{"lockerCode":"F7","status":"ocupado"},{"lockerCode":"F8","status":"deshabilitado"},{"lockerCode":"F9","status":"libre"},{"lockerCode":"F10","status":"libre"}]}]}
[2025-10-06 19:58:56] [INFO] [main] [ppal] Redirigiendo a / — authenticated=true, closeSession=true, closeWindow=false
[2025-10-06 19:58:56] [INFO] [main] [app] Componente App montado
[2025-10-06 19:58:56] [INFO] [main] [app] Versión cargada: 1.1.0
[2025-10-06 19:58:56] [INFO] [main] [useConfig] Configuración inicial obtenida
[2025-10-06 19:58:56] [INFO] [main] [useConfig] Configuración inicial obtenida
[2025-10-06 19:59:04] [INFO] [main] [login] Cierre de sesión para usuario: operador
[2025-10-06 19:59:04] [INFO] [main] [app] Componente App montado
[2025-10-06 19:59:04] [INFO] [main] [app] Versión cargada: 1.1.0
[2025-10-06 19:59:12] [INFO] [main] [login] Inicio de sesión exitoso para usuario: administrador
[2025-10-06 19:59:12] [INFO] [main] set-fullscreen: true
[2025-10-06 19:59:12] [INFO] [main] Ventana cerrándose, deteniendo TTS...
[2025-10-06 19:59:12] [INFO] [main] Creando ventana principal...
[2025-10-06 19:59:12] [INFO] [main] Cargando URL: http://localhost:5173
[2025-10-06 19:59:12] [INFO] [main] set-frame: false
[2025-10-06 19:59:12] [INFO] [main] [login] Usuario autenticado en sesión principal, redirigiendo a /adminlockers
[2025-10-06 19:59:12] [INFO] [main] [app] Componente App montado
[2025-10-06 19:59:12] [INFO] [main] [app] Versión cargada: 1.1.0
[2025-10-06 19:59:12] [INFO] [main] Recibido config actualizado
[2025-10-06 19:59:12] [INFO] [main] Recibido auth actualizado
[2025-10-06 19:59:12] [INFO] [main] Recibido logger actualizado
[2025-10-06 19:59:12] [INFO] [main] Recibido env actualizado
[2025-10-06 19:59:12] [INFO] [preload] Inicializando preload.js
[2025-10-06 19:59:12] [INFO] [setupWatcher] Observando archivo setup_config.json en: C:\Users\User\Documents\Personal\LockeritDesk\configFiles\setup_config.json
[2025-10-06 19:59:12] [INFO] [setupWatcher] Archivo setup_config.json cargado correctamente
[2025-10-06 19:59:12] [INFO] [preload] Watcher iniciado: setup_config.json
[2025-10-06 19:59:12] [INFO] [authWatcher] Observando archivo auth_key.json en: C:\Users\User\Documents\Personal\LockeritDesk\configFiles\auth_key.json
[2025-10-06 19:59:12] [INFO] [authWatcher] auth_key.json actualizado correctamente
[2025-10-06 19:59:12] [INFO] [preload] Watcher iniciado: auth_key.json
[2025-10-06 19:59:12] [INFO] [loggerWatcher] Observando archivo logger_config.json en: C:\Users\User\Documents\Personal\LockeritDesk\configFiles\logger_config.json
[2025-10-06 19:59:12] [INFO] [loggerWatcher] Archivo logger_config.json cargado correctamente
[2025-10-06 19:59:12] [INFO] [preload] Watcher iniciado: logger_config.json
[2025-10-06 19:59:12] [INFO] [envWatcher] Observando archivo .env en: C:\Users\User\Documents\Personal\LockeritDesk\configFiles\.env
[2025-10-06 19:59:12] [INFO] [envWatcher] Archivo .env cargado correctamente
[2025-10-06 19:59:12] [INFO] [preload] Watcher iniciado: .env
[2025-10-06 19:59:12] [INFO] [preload] API expuesta en window.electronAPI
[2025-10-06 19:59:13] [INFO] [main] [axiosConfig] API BaseURL Inicial: http://localhost:8080
[2025-10-06 19:59:13] [INFO] [main] [axiosConfig] API BaseTimeout Inicial: 30
[2025-10-06 19:59:13] [INFO] [main] [configStore] Configuración actualizada
[2025-10-06 19:59:13] [INFO] [main] [configStore] config_key.json inicial cargado exitosamente
[2025-10-06 19:59:13] [INFO] [main] [envStore] ENV inicial cargado correctamente
[2025-10-06 19:59:13] [INFO] [main] [envStore] ENV actualizado
[2025-10-06 19:59:13] [INFO] [main] [axiosConfig] API BaseTimeout actualizada dinámicamente: 30
[2025-10-06 19:59:13] [INFO] [main] [assignLocker] API BaseTimeout actualizada dinámicamente: 30
[2025-10-06 19:59:13] [INFO] [main] [authStore] Auth actualizado
[2025-10-06 19:59:13] [INFO] [main] [authStore] auth_key.json inicial cargado exitosamente
[2025-10-06 19:59:13] [INFO] [main] get-screen-data-once -> 1920x1048 factor=0.97
[2025-10-06 19:59:14] [INFO] [main] [login] Usuario autenticado en sesión principal, redirigiendo a /adminlockers
[2025-10-06 19:59:14] [INFO] [main] [copyright] Versión cargada: 1.1.0
[2025-10-06 19:59:14] [INFO] [main] [app] Componente App montado
[2025-10-06 19:59:14] [INFO] [main] [app] Versión cargada: 1.1.0
[2025-10-06 19:59:14] [INFO] [main] [copyright] Versión cargada: 1.1.0
[2025-10-06 19:59:14] [INFO] [main] [app] Componente App montado
[2025-10-06 19:59:14] [INFO] [main] [app] Versión cargada: 1.1.0
[2025-10-06 19:59:14] [INFO] [main] [useConfig] Configuración inicial obtenida
[2025-10-06 19:59:14] [INFO] [main] [useConfig] Configuración inicial obtenida
[2025-10-06 19:59:14] [INFO] [main] [useConfig] Configuración inicial obtenida
[2025-10-06 19:59:14] [INFO] [main] [useConfig] Configuración inicial obtenida
[2025-10-06 19:59:14] [INFO] [main] [useConfig] Configuración inicial obtenida
[2025-10-06 19:59:14] [INFO] [main] [useConfig] Configuración inicial obtenida
[2025-10-06 19:59:14] [INFO] [main] [statusLockers] Iniciando petición para obtener casilleros disponibles
[2025-10-06 19:59:14] [INFO] [main] [statusLockers] Timeout efectivo en ejecución: 30000
[2025-10-06 19:59:14] [INFO] [main] [statusLockers] Intento 1: HOST -> http://localhost:8080
[2025-10-06 19:59:14] [INFO] [main] [statusLockers] Intento 1: URL -> /api/lockers/get-all-status
[2025-10-06 19:59:14] [INFO] [main] [statusLockers] Iniciando petición para obtener casilleros disponibles
[2025-10-06 19:59:14] [INFO] [main] [statusLockers] Timeout efectivo en ejecución: 30000
[2025-10-06 19:59:14] [INFO] [main] [statusLockers] Intento 1: HOST -> http://localhost:8080
[2025-10-06 19:59:14] [INFO] [main] [statusLockers] Intento 1: URL -> /api/lockers/get-all-status
[2025-10-06 19:59:14] [INFO] [main] [useConfig] Configuración inicial obtenida
[2025-10-06 19:59:14] [INFO] [main] [useConfig] Configuración inicial obtenida
[2025-10-06 19:59:14] [INFO] [main] [useConfig] Configuración inicial obtenida
[2025-10-06 19:59:14] [INFO] [main] [useConfig] Configuración inicial obtenida
[2025-10-06 19:59:14] [INFO] [main] [statusLockers] Response. Status: 200
[2025-10-06 19:59:14] [INFO] [main] [statusLockers] Response. Data: {"general":[{"status":"libre","total":51},{"status":"reservado","total":0},{"status":"deshabilitado","total":5},{"status":"ocupado","total":4}],"modules":[{"module":"A","lockers":[{"lockerCode":"A1","status":"libre"},{"lockerCode":"A2","status":"libre"},{"lockerCode":"A3","status":"deshabilitado"},{"lockerCode":"A4","status":"libre"},{"lockerCode":"A5","status":"libre"},{"lockerCode":"A6","status":"libre"},{"lockerCode":"A7","status":"libre"},{"lockerCode":"A8","status":"libre"},{"lockerCode":"A9","status":"libre"},{"lockerCode":"A10","status":"libre"}]},{"module":"B","lockers":[{"lockerCode":"B1","status":"libre"},{"lockerCode":"B2","status":"libre"},{"lockerCode":"B3","status":"libre"},{"lockerCode":"B4","status":"libre"},{"lockerCode":"B5","status":"libre"},{"lockerCode":"B6","status":"libre"},{"lockerCode":"B7","status":"libre"},{"lockerCode":"B8","status":"libre"},{"lockerCode":"B9","status":"libre"},{"lockerCode":"B10","status":"libre"}]},{"module":"C","lockers":[{"lockerCode":"C1","status":"libre"},{"lockerCode":"C2","status":"libre"},{"lockerCode":"C3","status":"libre"},{"lockerCode":"C4","status":"ocupado"},{"lockerCode":"C5","status":"libre"},{"lockerCode":"C6","status":"deshabilitado"},{"lockerCode":"C7","status":"libre"},{"lockerCode":"C8","status":"libre"},{"lockerCode":"C9","status":"libre"},{"lockerCode":"C10","status":"libre"}]},{"module":"D","lockers":[{"lockerCode":"D1","status":"deshabilitado"},{"lockerCode":"D2","status":"libre"},{"lockerCode":"D3","status":"libre"},{"lockerCode":"D4","status":"libre"},{"lockerCode":"D5","status":"libre"},{"lockerCode":"D6","status":"libre"},{"lockerCode":"D7","status":"ocupado"},{"lockerCode":"D8","status":"libre"},{"lockerCode":"D9","status":"libre"},{"lockerCode":"D10","status":"libre"}]},{"module":"E","lockers":[{"lockerCode":"E1","status":"libre"},{"lockerCode":"E2","status":"libre"},{"lockerCode":"E3","status":"libre"},{"lockerCode":"E4","status":"deshabilitado"},{"lockerCode":"E5","status":"libre"},{"lockerCode":"E6","status":"ocupado"},{"lockerCode":"E7","status":"libre"},{"lockerCode":"E8","status":"libre"},{"lockerCode":"E9","status":"libre"},{"lockerCode":"E10","status":"libre"}]},{"module":"F","lockers":[{"lockerCode":"F1","status":"libre"},{"lockerCode":"F2","status":"libre"},{"lockerCode":"F3","status":"libre"},{"lockerCode":"F4","status":"libre"},{"lockerCode":"F5","status":"libre"},{"lockerCode":"F6","status":"libre"},{"lockerCode":"F7","status":"ocupado"},{"lockerCode":"F8","status":"deshabilitado"},{"lockerCode":"F9","status":"libre"},{"lockerCode":"F10","status":"libre"}]}]}
[2025-10-06 19:59:14] [INFO] [main] [statusLockers] Response. Status: 200
[2025-10-06 19:59:14] [INFO] [main] [statusLockers] Response. Data: {"general":[{"status":"ocupado","total":4},{"status":"libre","total":51},{"status":"reservado","total":0},{"status":"deshabilitado","total":5}],"modules":[{"module":"A","lockers":[{"lockerCode":"A1","status":"libre"},{"lockerCode":"A2","status":"libre"},{"lockerCode":"A3","status":"deshabilitado"},{"lockerCode":"A4","status":"libre"},{"lockerCode":"A5","status":"libre"},{"lockerCode":"A6","status":"libre"},{"lockerCode":"A7","status":"libre"},{"lockerCode":"A8","status":"libre"},{"lockerCode":"A9","status":"libre"},{"lockerCode":"A10","status":"libre"}]},{"module":"B","lockers":[{"lockerCode":"B1","status":"libre"},{"lockerCode":"B2","status":"libre"},{"lockerCode":"B3","status":"libre"},{"lockerCode":"B4","status":"libre"},{"lockerCode":"B5","status":"libre"},{"lockerCode":"B6","status":"libre"},{"lockerCode":"B7","status":"libre"},{"lockerCode":"B8","status":"libre"},{"lockerCode":"B9","status":"libre"},{"lockerCode":"B10","status":"libre"}]},{"module":"C","lockers":[{"lockerCode":"C1","status":"libre"},{"lockerCode":"C2","status":"libre"},{"lockerCode":"C3","status":"libre"},{"lockerCode":"C4","status":"ocupado"},{"lockerCode":"C5","status":"libre"},{"lockerCode":"C6","status":"deshabilitado"},{"lockerCode":"C7","status":"libre"},{"lockerCode":"C8","status":"libre"},{"lockerCode":"C9","status":"libre"},{"lockerCode":"C10","status":"libre"}]},{"module":"D","lockers":[{"lockerCode":"D1","status":"deshabilitado"},{"lockerCode":"D2","status":"libre"},{"lockerCode":"D3","status":"libre"},{"lockerCode":"D4","status":"libre"},{"lockerCode":"D5","status":"libre"},{"lockerCode":"D6","status":"libre"},{"lockerCode":"D7","status":"ocupado"},{"lockerCode":"D8","status":"libre"},{"lockerCode":"D9","status":"libre"},{"lockerCode":"D10","status":"libre"}]},{"module":"E","lockers":[{"lockerCode":"E1","status":"libre"},{"lockerCode":"E2","status":"libre"},{"lockerCode":"E3","status":"libre"},{"lockerCode":"E4","status":"deshabilitado"},{"lockerCode":"E5","status":"libre"},{"lockerCode":"E6","status":"ocupado"},{"lockerCode":"E7","status":"libre"},{"lockerCode":"E8","status":"libre"},{"lockerCode":"E9","status":"libre"},{"lockerCode":"E10","status":"libre"}]},{"module":"F","lockers":[{"lockerCode":"F1","status":"libre"},{"lockerCode":"F2","status":"libre"},{"lockerCode":"F3","status":"libre"},{"lockerCode":"F4","status":"libre"},{"lockerCode":"F5","status":"libre"},{"lockerCode":"F6","status":"libre"},{"lockerCode":"F7","status":"ocupado"},{"lockerCode":"F8","status":"deshabilitado"},{"lockerCode":"F9","status":"libre"},{"lockerCode":"F10","status":"libre"}]}]}
[2025-10-06 19:59:46] [INFO] [main] [reserve] Iniciando petición para registrar usario en pago por periodo
[2025-10-06 19:59:46] [INFO] [main] [reserve] Timeout efectivo en ejecución: 30000
[2025-10-06 19:59:46] [INFO] [main] [reserve] Intento 1: HOST -> http://localhost:8080
[2025-10-06 19:59:46] [INFO] [main] [reserve] Intento 1: URL -> /api/lockers/reserve
[2025-10-06 19:59:46] [INFO] [main] [reserve] Intento 1: Request -> {"nameUser":"Cristhian Camilo Diaz Avila","idNumber":"1105681370","email":"camilo201diaz@gmail.com","phone":"3103192771","period":"Mensual","startDate":"2025-10-06","endDate":"2025-11-05","amount":31500,"porcentage":30}
[2025-10-06 19:59:46] [INFO] [main] [reserve] Response. Status: 200
[2025-10-06 19:59:46] [INFO] [main] [reserve] Response. Data: {"success":true,"message":"Casillero reservado exitosamente","lockerCode":"A1"}
[2025-10-06 19:59:56] [INFO] [main] [statusLockers] Iniciando petición para obtener casilleros disponibles
[2025-10-06 19:59:56] [INFO] [main] [statusLockers] Timeout efectivo en ejecución: 30000
[2025-10-06 19:59:56] [INFO] [main] [statusLockers] Intento 1: HOST -> http://localhost:8080
[2025-10-06 19:59:56] [INFO] [main] [statusLockers] Intento 1: URL -> /api/lockers/get-all-status
[2025-10-06 19:59:56] [INFO] [main] [statusLockers] Response. Status: 200
[2025-10-06 19:59:56] [INFO] [main] [statusLockers] Response. Data: {"general":[{"status":"ocupado","total":4},{"status":"libre","total":50},{"status":"reservado","total":1},{"status":"deshabilitado","total":5}],"modules":[{"module":"A","lockers":[{"lockerCode":"A1","status":"reservado"},{"lockerCode":"A2","status":"libre"},{"lockerCode":"A3","status":"deshabilitado"},{"lockerCode":"A4","status":"libre"},{"lockerCode":"A5","status":"libre"},{"lockerCode":"A6","status":"libre"},{"lockerCode":"A7","status":"libre"},{"lockerCode":"A8","status":"libre"},{"lockerCode":"A9","status":"libre"},{"lockerCode":"A10","status":"libre"}]},{"module":"B","lockers":[{"lockerCode":"B1","status":"libre"},{"lockerCode":"B2","status":"libre"},{"lockerCode":"B3","status":"libre"},{"lockerCode":"B4","status":"libre"},{"lockerCode":"B5","status":"libre"},{"lockerCode":"B6","status":"libre"},{"lockerCode":"B7","status":"libre"},{"lockerCode":"B8","status":"libre"},{"lockerCode":"B9","status":"libre"},{"lockerCode":"B10","status":"libre"}]},{"module":"C","lockers":[{"lockerCode":"C1","status":"libre"},{"lockerCode":"C2","status":"libre"},{"lockerCode":"C3","status":"libre"},{"lockerCode":"C4","status":"ocupado"},{"lockerCode":"C5","status":"libre"},{"lockerCode":"C6","status":"deshabilitado"},{"lockerCode":"C7","status":"libre"},{"lockerCode":"C8","status":"libre"},{"lockerCode":"C9","status":"libre"},{"lockerCode":"C10","status":"libre"}]},{"module":"D","lockers":[{"lockerCode":"D1","status":"deshabilitado"},{"lockerCode":"D2","status":"libre"},{"lockerCode":"D3","status":"libre"},{"lockerCode":"D4","status":"libre"},{"lockerCode":"D5","status":"libre"},{"lockerCode":"D6","status":"libre"},{"lockerCode":"D7","status":"ocupado"},{"lockerCode":"D8","status":"libre"},{"lockerCode":"D9","status":"libre"},{"lockerCode":"D10","status":"libre"}]},{"module":"E","lockers":[{"lockerCode":"E1","status":"libre"},{"lockerCode":"E2","status":"libre"},{"lockerCode":"E3","status":"libre"},{"lockerCode":"E4","status":"deshabilitado"},{"lockerCode":"E5","status":"libre"},{"lockerCode":"E6","status":"ocupado"},{"lockerCode":"E7","status":"libre"},{"lockerCode":"E8","status":"libre"},{"lockerCode":"E9","status":"libre"},{"lockerCode":"E10","status":"libre"}]},{"module":"F","lockers":[{"lockerCode":"F1","status":"libre"},{"lockerCode":"F2","status":"libre"},{"lockerCode":"F3","status":"libre"},{"lockerCode":"F4","status":"libre"},{"lockerCode":"F5","status":"libre"},{"lockerCode":"F6","status":"libre"},{"lockerCode":"F7","status":"ocupado"},{"lockerCode":"F8","status":"deshabilitado"},{"lockerCode":"F9","status":"libre"},{"lockerCode":"F10","status":"libre"}]}]}
[2025-10-06 19:59:58] [INFO] [main] [statusLockers] Iniciando petición para obtener casilleros disponibles
[2025-10-06 19:59:58] [INFO] [main] [statusLockers] Timeout efectivo en ejecución: 30000
[2025-10-06 19:59:58] [INFO] [main] [statusLockers] Intento 1: HOST -> http://localhost:8080
[2025-10-06 19:59:58] [INFO] [main] [statusLockers] Intento 1: URL -> /api/lockers/get-all-status
[2025-10-06 19:59:58] [INFO] [main] [statusLockers] Response. Status: 200
[2025-10-06 19:59:58] [INFO] [main] [statusLockers] Response. Data: {"general":[{"status":"libre","total":50},{"status":"reservado","total":1},{"status":"deshabilitado","total":5},{"status":"ocupado","total":4}],"modules":[{"module":"A","lockers":[{"lockerCode":"A1","status":"reservado"},{"lockerCode":"A2","status":"libre"},{"lockerCode":"A3","status":"deshabilitado"},{"lockerCode":"A4","status":"libre"},{"lockerCode":"A5","status":"libre"},{"lockerCode":"A6","status":"libre"},{"lockerCode":"A7","status":"libre"},{"lockerCode":"A8","status":"libre"},{"lockerCode":"A9","status":"libre"},{"lockerCode":"A10","status":"libre"}]},{"module":"B","lockers":[{"lockerCode":"B1","status":"libre"},{"lockerCode":"B2","status":"libre"},{"lockerCode":"B3","status":"libre"},{"lockerCode":"B4","status":"libre"},{"lockerCode":"B5","status":"libre"},{"lockerCode":"B6","status":"libre"},{"lockerCode":"B7","status":"libre"},{"lockerCode":"B8","status":"libre"},{"lockerCode":"B9","status":"libre"},{"lockerCode":"B10","status":"libre"}]},{"module":"C","lockers":[{"lockerCode":"C1","status":"libre"},{"lockerCode":"C2","status":"libre"},{"lockerCode":"C3","status":"libre"},{"lockerCode":"C4","status":"ocupado"},{"lockerCode":"C5","status":"libre"},{"lockerCode":"C6","status":"deshabilitado"},{"lockerCode":"C7","status":"libre"},{"lockerCode":"C8","status":"libre"},{"lockerCode":"C9","status":"libre"},{"lockerCode":"C10","status":"libre"}]},{"module":"D","lockers":[{"lockerCode":"D1","status":"deshabilitado"},{"lockerCode":"D2","status":"libre"},{"lockerCode":"D3","status":"libre"},{"lockerCode":"D4","status":"libre"},{"lockerCode":"D5","status":"libre"},{"lockerCode":"D6","status":"libre"},{"lockerCode":"D7","status":"ocupado"},{"lockerCode":"D8","status":"libre"},{"lockerCode":"D9","status":"libre"},{"lockerCode":"D10","status":"libre"}]},{"module":"E","lockers":[{"lockerCode":"E1","status":"libre"},{"lockerCode":"E2","status":"libre"},{"lockerCode":"E3","status":"libre"},{"lockerCode":"E4","status":"deshabilitado"},{"lockerCode":"E5","status":"libre"},{"lockerCode":"E6","status":"ocupado"},{"lockerCode":"E7","status":"libre"},{"lockerCode":"E8","status":"libre"},{"lockerCode":"E9","status":"libre"},{"lockerCode":"E10","status":"libre"}]},{"module":"F","lockers":[{"lockerCode":"F1","status":"libre"},{"lockerCode":"F2","status":"libre"},{"lockerCode":"F3","status":"libre"},{"lockerCode":"F4","status":"libre"},{"lockerCode":"F5","status":"libre"},{"lockerCode":"F6","status":"libre"},{"lockerCode":"F7","status":"ocupado"},{"lockerCode":"F8","status":"deshabilitado"},{"lockerCode":"F9","status":"libre"},{"lockerCode":"F10","status":"libre"}]}]}
[2025-10-06 19:59:59] [INFO] [main] [statusLockers] Iniciando petición para obtener casilleros disponibles
[2025-10-06 19:59:59] [INFO] [main] [statusLockers] Timeout efectivo en ejecución: 30000
[2025-10-06 19:59:59] [INFO] [main] [statusLockers] Intento 1: HOST -> http://localhost:8080
[2025-10-06 19:59:59] [INFO] [main] [statusLockers] Intento 1: URL -> /api/lockers/get-all-status
[2025-10-06 19:59:59] [INFO] [main] [statusLockers] Response. Status: 200
[2025-10-06 19:59:59] [INFO] [main] [statusLockers] Response. Data: {"general":[{"status":"libre","total":50},{"status":"reservado","total":1},{"status":"deshabilitado","total":5},{"status":"ocupado","total":4}],"modules":[{"module":"A","lockers":[{"lockerCode":"A1","status":"reservado"},{"lockerCode":"A2","status":"libre"},{"lockerCode":"A3","status":"deshabilitado"},{"lockerCode":"A4","status":"libre"},{"lockerCode":"A5","status":"libre"},{"lockerCode":"A6","status":"libre"},{"lockerCode":"A7","status":"libre"},{"lockerCode":"A8","status":"libre"},{"lockerCode":"A9","status":"libre"},{"lockerCode":"A10","status":"libre"}]},{"module":"B","lockers":[{"lockerCode":"B1","status":"libre"},{"lockerCode":"B2","status":"libre"},{"lockerCode":"B3","status":"libre"},{"lockerCode":"B4","status":"libre"},{"lockerCode":"B5","status":"libre"},{"lockerCode":"B6","status":"libre"},{"lockerCode":"B7","status":"libre"},{"lockerCode":"B8","status":"libre"},{"lockerCode":"B9","status":"libre"},{"lockerCode":"B10","status":"libre"}]},{"module":"C","lockers":[{"lockerCode":"C1","status":"libre"},{"lockerCode":"C2","status":"libre"},{"lockerCode":"C3","status":"libre"},{"lockerCode":"C4","status":"ocupado"},{"lockerCode":"C5","status":"libre"},{"lockerCode":"C6","status":"deshabilitado"},{"lockerCode":"C7","status":"libre"},{"lockerCode":"C8","status":"libre"},{"lockerCode":"C9","status":"libre"},{"lockerCode":"C10","status":"libre"}]},{"module":"D","lockers":[{"lockerCode":"D1","status":"deshabilitado"},{"lockerCode":"D2","status":"libre"},{"lockerCode":"D3","status":"libre"},{"lockerCode":"D4","status":"libre"},{"lockerCode":"D5","status":"libre"},{"lockerCode":"D6","status":"libre"},{"lockerCode":"D7","status":"ocupado"},{"lockerCode":"D8","status":"libre"},{"lockerCode":"D9","status":"libre"},{"lockerCode":"D10","status":"libre"}]},{"module":"E","lockers":[{"lockerCode":"E1","status":"libre"},{"lockerCode":"E2","status":"libre"},{"lockerCode":"E3","status":"libre"},{"lockerCode":"E4","status":"deshabilitado"},{"lockerCode":"E5","status":"libre"},{"lockerCode":"E6","status":"ocupado"},{"lockerCode":"E7","status":"libre"},{"lockerCode":"E8","status":"libre"},{"lockerCode":"E9","status":"libre"},{"lockerCode":"E10","status":"libre"}]},{"module":"F","lockers":[{"lockerCode":"F1","status":"libre"},{"lockerCode":"F2","status":"libre"},{"lockerCode":"F3","status":"libre"},{"lockerCode":"F4","status":"libre"},{"lockerCode":"F5","status":"libre"},{"lockerCode":"F6","status":"libre"},{"lockerCode":"F7","status":"ocupado"},{"lockerCode":"F8","status":"deshabilitado"},{"lockerCode":"F9","status":"libre"},{"lockerCode":"F10","status":"libre"}]}]}
[2025-10-06 20:00:04] [INFO] [main] [statusLockers] Iniciando petición para obtener casilleros disponibles
[2025-10-06 20:00:04] [INFO] [main] [statusLockers] Timeout efectivo en ejecución: 30000
[2025-10-06 20:00:04] [INFO] [main] [statusLockers] Intento 1: HOST -> http://localhost:8080
[2025-10-06 20:00:04] [INFO] [main] [statusLockers] Intento 1: URL -> /api/lockers/get-all-status
[2025-10-06 20:00:04] [INFO] [main] [statusLockers] Response. Status: 200
[2025-10-06 20:00:04] [INFO] [main] [statusLockers] Response. Data: {"general":[{"status":"ocupado","total":4},{"status":"libre","total":50},{"status":"reservado","total":1},{"status":"deshabilitado","total":5}],"modules":[{"module":"A","lockers":[{"lockerCode":"A1","status":"reservado"},{"lockerCode":"A2","status":"libre"},{"lockerCode":"A3","status":"deshabilitado"},{"lockerCode":"A4","status":"libre"},{"lockerCode":"A5","status":"libre"},{"lockerCode":"A6","status":"libre"},{"lockerCode":"A7","status":"libre"},{"lockerCode":"A8","status":"libre"},{"lockerCode":"A9","status":"libre"},{"lockerCode":"A10","status":"libre"}]},{"module":"B","lockers":[{"lockerCode":"B1","status":"libre"},{"lockerCode":"B2","status":"libre"},{"lockerCode":"B3","status":"libre"},{"lockerCode":"B4","status":"libre"},{"lockerCode":"B5","status":"libre"},{"lockerCode":"B6","status":"libre"},{"lockerCode":"B7","status":"libre"},{"lockerCode":"B8","status":"libre"},{"lockerCode":"B9","status":"libre"},{"lockerCode":"B10","status":"libre"}]},{"module":"C","lockers":[{"lockerCode":"C1","status":"libre"},{"lockerCode":"C2","status":"libre"},{"lockerCode":"C3","status":"libre"},{"lockerCode":"C4","status":"ocupado"},{"lockerCode":"C5","status":"libre"},{"lockerCode":"C6","status":"deshabilitado"},{"lockerCode":"C7","status":"libre"},{"lockerCode":"C8","status":"libre"},{"lockerCode":"C9","status":"libre"},{"lockerCode":"C10","status":"libre"}]},{"module":"D","lockers":[{"lockerCode":"D1","status":"deshabilitado"},{"lockerCode":"D2","status":"libre"},{"lockerCode":"D3","status":"libre"},{"lockerCode":"D4","status":"libre"},{"lockerCode":"D5","status":"libre"},{"lockerCode":"D6","status":"libre"},{"lockerCode":"D7","status":"ocupado"},{"lockerCode":"D8","status":"libre"},{"lockerCode":"D9","status":"libre"},{"lockerCode":"D10","status":"libre"}]},{"module":"E","lockers":[{"lockerCode":"E1","status":"libre"},{"lockerCode":"E2","status":"libre"},{"lockerCode":"E3","status":"libre"},{"lockerCode":"E4","status":"deshabilitado"},{"lockerCode":"E5","status":"libre"},{"lockerCode":"E6","status":"ocupado"},{"lockerCode":"E7","status":"libre"},{"lockerCode":"E8","status":"libre"},{"lockerCode":"E9","status":"libre"},{"lockerCode":"E10","status":"libre"}]},{"module":"F","lockers":[{"lockerCode":"F1","status":"libre"},{"lockerCode":"F2","status":"libre"},{"lockerCode":"F3","status":"libre"},{"lockerCode":"F4","status":"libre"},{"lockerCode":"F5","status":"libre"},{"lockerCode":"F6","status":"libre"},{"lockerCode":"F7","status":"ocupado"},{"lockerCode":"F8","status":"deshabilitado"},{"lockerCode":"F9","status":"libre"},{"lockerCode":"F10","status":"libre"}]}]}
[2025-10-06 20:00:08] [INFO] [main] [statusLockers] Iniciando petición para obtener casilleros disponibles
[2025-10-06 20:00:08] [INFO] [main] [statusLockers] Timeout efectivo en ejecución: 30000
[2025-10-06 20:00:08] [INFO] [main] [statusLockers] Intento 1: HOST -> http://localhost:8080
[2025-10-06 20:00:08] [INFO] [main] [statusLockers] Intento 1: URL -> /api/lockers/get-all-status
[2025-10-06 20:00:08] [INFO] [main] [statusLockers] Response. Status: 200
[2025-10-06 20:00:08] [INFO] [main] [statusLockers] Response. Data: {"general":[{"status":"ocupado","total":4},{"status":"libre","total":50},{"status":"reservado","total":1},{"status":"deshabilitado","total":5}],"modules":[{"module":"A","lockers":[{"lockerCode":"A1","status":"reservado"},{"lockerCode":"A2","status":"libre"},{"lockerCode":"A3","status":"deshabilitado"},{"lockerCode":"A4","status":"libre"},{"lockerCode":"A5","status":"libre"},{"lockerCode":"A6","status":"libre"},{"lockerCode":"A7","status":"libre"},{"lockerCode":"A8","status":"libre"},{"lockerCode":"A9","status":"libre"},{"lockerCode":"A10","status":"libre"}]},{"module":"B","lockers":[{"lockerCode":"B1","status":"libre"},{"lockerCode":"B2","status":"libre"},{"lockerCode":"B3","status":"libre"},{"lockerCode":"B4","status":"libre"},{"lockerCode":"B5","status":"libre"},{"lockerCode":"B6","status":"libre"},{"lockerCode":"B7","status":"libre"},{"lockerCode":"B8","status":"libre"},{"lockerCode":"B9","status":"libre"},{"lockerCode":"B10","status":"libre"}]},{"module":"C","lockers":[{"lockerCode":"C1","status":"libre"},{"lockerCode":"C2","status":"libre"},{"lockerCode":"C3","status":"libre"},{"lockerCode":"C4","status":"ocupado"},{"lockerCode":"C5","status":"libre"},{"lockerCode":"C6","status":"deshabilitado"},{"lockerCode":"C7","status":"libre"},{"lockerCode":"C8","status":"libre"},{"lockerCode":"C9","status":"libre"},{"lockerCode":"C10","status":"libre"}]},{"module":"D","lockers":[{"lockerCode":"D1","status":"deshabilitado"},{"lockerCode":"D2","status":"libre"},{"lockerCode":"D3","status":"libre"},{"lockerCode":"D4","status":"libre"},{"lockerCode":"D5","status":"libre"},{"lockerCode":"D6","status":"libre"},{"lockerCode":"D7","status":"ocupado"},{"lockerCode":"D8","status":"libre"},{"lockerCode":"D9","status":"libre"},{"lockerCode":"D10","status":"libre"}]},{"module":"E","lockers":[{"lockerCode":"E1","status":"libre"},{"lockerCode":"E2","status":"libre"},{"lockerCode":"E3","status":"libre"},{"lockerCode":"E4","status":"deshabilitado"},{"lockerCode":"E5","status":"libre"},{"lockerCode":"E6","status":"ocupado"},{"lockerCode":"E7","status":"libre"},{"lockerCode":"E8","status":"libre"},{"lockerCode":"E9","status":"libre"},{"lockerCode":"E10","status":"libre"}]},{"module":"F","lockers":[{"lockerCode":"F1","status":"libre"},{"lockerCode":"F2","status":"libre"},{"lockerCode":"F3","status":"libre"},{"lockerCode":"F4","status":"libre"},{"lockerCode":"F5","status":"libre"},{"lockerCode":"F6","status":"libre"},{"lockerCode":"F7","status":"ocupado"},{"lockerCode":"F8","status":"deshabilitado"},{"lockerCode":"F9","status":"libre"},{"lockerCode":"F10","status":"libre"}]}]}
[2025-10-06 20:00:16] [INFO] [main] [statusLockers] Iniciando petición para obtener casilleros disponibles
[2025-10-06 20:00:16] [INFO] [main] [statusLockers] Timeout efectivo en ejecución: 30000
[2025-10-06 20:00:16] [INFO] [main] [statusLockers] Intento 1: HOST -> http://localhost:8080
[2025-10-06 20:00:16] [INFO] [main] [statusLockers] Intento 1: URL -> /api/lockers/get-all-status
[2025-10-06 20:00:16] [INFO] [main] [copyright] Versión cargada: 1.1.0
[2025-10-06 20:00:16] [INFO] [main] [app] Componente App montado
[2025-10-06 20:00:16] [INFO] [main] [app] Versión cargada: 1.1.0
[2025-10-06 20:00:16] [INFO] [main] [statusLockers] Iniciando petición para obtener casilleros disponibles
[2025-10-06 20:00:16] [INFO] [main] [statusLockers] Timeout efectivo en ejecución: 30000
[2025-10-06 20:00:16] [INFO] [main] [statusLockers] Intento 1: HOST -> http://localhost:8080
[2025-10-06 20:00:16] [INFO] [main] [statusLockers] Intento 1: URL -> /api/lockers/get-all-status
[2025-10-06 20:00:16] [INFO] [main] [copyright] Versión cargada: 1.1.0
[2025-10-06 20:00:16] [INFO] [main] [app] Componente App montado
[2025-10-06 20:00:16] [INFO] [main] [app] Versión cargada: 1.1.0
[2025-10-06 20:00:16] [INFO] [main] [useConfig] Configuración inicial obtenida
[2025-10-06 20:00:16] [INFO] [main] [useConfig] Configuración inicial obtenida
[2025-10-06 20:00:16] [INFO] [main] [useConfig] Configuración inicial obtenida
[2025-10-06 20:00:16] [INFO] [main] [useConfig] Configuración inicial obtenida
[2025-10-06 20:00:16] [INFO] [main] [useConfig] Configuración inicial obtenida
[2025-10-06 20:00:16] [INFO] [main] [useConfig] Configuración inicial obtenida
[2025-10-06 20:00:16] [INFO] [main] [useConfig] Configuración inicial obtenida
[2025-10-06 20:00:16] [INFO] [main] [useConfig] Configuración inicial obtenida
[2025-10-06 20:00:16] [INFO] [main] [statusLockers] Response. Status: 200
[2025-10-06 20:00:16] [INFO] [main] [statusLockers] Response. Data: {"general":[{"status":"ocupado","total":4},{"status":"libre","total":50},{"status":"reservado","total":1},{"status":"deshabilitado","total":5}],"modules":[{"module":"A","lockers":[{"lockerCode":"A1","status":"reservado"},{"lockerCode":"A2","status":"libre"},{"lockerCode":"A3","status":"deshabilitado"},{"lockerCode":"A4","status":"libre"},{"lockerCode":"A5","status":"libre"},{"lockerCode":"A6","status":"libre"},{"lockerCode":"A7","status":"libre"},{"lockerCode":"A8","status":"libre"},{"lockerCode":"A9","status":"libre"},{"lockerCode":"A10","status":"libre"}]},{"module":"B","lockers":[{"lockerCode":"B1","status":"libre"},{"lockerCode":"B2","status":"libre"},{"lockerCode":"B3","status":"libre"},{"lockerCode":"B4","status":"libre"},{"lockerCode":"B5","status":"libre"},{"lockerCode":"B6","status":"libre"},{"lockerCode":"B7","status":"libre"},{"lockerCode":"B8","status":"libre"},{"lockerCode":"B9","status":"libre"},{"lockerCode":"B10","status":"libre"}]},{"module":"C","lockers":[{"lockerCode":"C1","status":"libre"},{"lockerCode":"C2","status":"libre"},{"lockerCode":"C3","status":"libre"},{"lockerCode":"C4","status":"ocupado"},{"lockerCode":"C5","status":"libre"},{"lockerCode":"C6","status":"deshabilitado"},{"lockerCode":"C7","status":"libre"},{"lockerCode":"C8","status":"libre"},{"lockerCode":"C9","status":"libre"},{"lockerCode":"C10","status":"libre"}]},{"module":"D","lockers":[{"lockerCode":"D1","status":"deshabilitado"},{"lockerCode":"D2","status":"libre"},{"lockerCode":"D3","status":"libre"},{"lockerCode":"D4","status":"libre"},{"lockerCode":"D5","status":"libre"},{"lockerCode":"D6","status":"libre"},{"lockerCode":"D7","status":"ocupado"},{"lockerCode":"D8","status":"libre"},{"lockerCode":"D9","status":"libre"},{"lockerCode":"D10","status":"libre"}]},{"module":"E","lockers":[{"lockerCode":"E1","status":"libre"},{"lockerCode":"E2","status":"libre"},{"lockerCode":"E3","status":"libre"},{"lockerCode":"E4","status":"deshabilitado"},{"lockerCode":"E5","status":"libre"},{"lockerCode":"E6","status":"ocupado"},{"lockerCode":"E7","status":"libre"},{"lockerCode":"E8","status":"libre"},{"lockerCode":"E9","status":"libre"},{"lockerCode":"E10","status":"libre"}]},{"module":"F","lockers":[{"lockerCode":"F1","status":"libre"},{"lockerCode":"F2","status":"libre"},{"lockerCode":"F3","status":"libre"},{"lockerCode":"F4","status":"libre"},{"lockerCode":"F5","status":"libre"},{"lockerCode":"F6","status":"libre"},{"lockerCode":"F7","status":"ocupado"},{"lockerCode":"F8","status":"deshabilitado"},{"lockerCode":"F9","status":"libre"},{"lockerCode":"F10","status":"libre"}]}]}
[2025-10-06 20:00:16] [INFO] [main] [statusLockers] Response. Status: 200
[2025-10-06 20:00:16] [INFO] [main] [statusLockers] Response. Data: {"general":[{"status":"ocupado","total":4},{"status":"libre","total":50},{"status":"reservado","total":1},{"status":"deshabilitado","total":5}],"modules":[{"module":"A","lockers":[{"lockerCode":"A1","status":"reservado"},{"lockerCode":"A2","status":"libre"},{"lockerCode":"A3","status":"deshabilitado"},{"lockerCode":"A4","status":"libre"},{"lockerCode":"A5","status":"libre"},{"lockerCode":"A6","status":"libre"},{"lockerCode":"A7","status":"libre"},{"lockerCode":"A8","status":"libre"},{"lockerCode":"A9","status":"libre"},{"lockerCode":"A10","status":"libre"}]},{"module":"B","lockers":[{"lockerCode":"B1","status":"libre"},{"lockerCode":"B2","status":"libre"},{"lockerCode":"B3","status":"libre"},{"lockerCode":"B4","status":"libre"},{"lockerCode":"B5","status":"libre"},{"lockerCode":"B6","status":"libre"},{"lockerCode":"B7","status":"libre"},{"lockerCode":"B8","status":"libre"},{"lockerCode":"B9","status":"libre"},{"lockerCode":"B10","status":"libre"}]},{"module":"C","lockers":[{"lockerCode":"C1","status":"libre"},{"lockerCode":"C2","status":"libre"},{"lockerCode":"C3","status":"libre"},{"lockerCode":"C4","status":"ocupado"},{"lockerCode":"C5","status":"libre"},{"lockerCode":"C6","status":"deshabilitado"},{"lockerCode":"C7","status":"libre"},{"lockerCode":"C8","status":"libre"},{"lockerCode":"C9","status":"libre"},{"lockerCode":"C10","status":"libre"}]},{"module":"D","lockers":[{"lockerCode":"D1","status":"deshabilitado"},{"lockerCode":"D2","status":"libre"},{"lockerCode":"D3","status":"libre"},{"lockerCode":"D4","status":"libre"},{"lockerCode":"D5","status":"libre"},{"lockerCode":"D6","status":"libre"},{"lockerCode":"D7","status":"ocupado"},{"lockerCode":"D8","status":"libre"},{"lockerCode":"D9","status":"libre"},{"lockerCode":"D10","status":"libre"}]},{"module":"E","lockers":[{"lockerCode":"E1","status":"libre"},{"lockerCode":"E2","status":"libre"},{"lockerCode":"E3","status":"libre"},{"lockerCode":"E4","status":"deshabilitado"},{"lockerCode":"E5","status":"libre"},{"lockerCode":"E6","status":"ocupado"},{"lockerCode":"E7","status":"libre"},{"lockerCode":"E8","status":"libre"},{"lockerCode":"E9","status":"libre"},{"lockerCode":"E10","status":"libre"}]},{"module":"F","lockers":[{"lockerCode":"F1","status":"libre"},{"lockerCode":"F2","status":"libre"},{"lockerCode":"F3","status":"libre"},{"lockerCode":"F4","status":"libre"},{"lockerCode":"F5","status":"libre"},{"lockerCode":"F6","status":"libre"},{"lockerCode":"F7","status":"ocupado"},{"lockerCode":"F8","status":"deshabilitado"},{"lockerCode":"F9","status":"libre"},{"lockerCode":"F10","status":"libre"}]}]}
[2025-10-06 20:01:16] [INFO] [main] [statusLockers] Iniciando petición para obtener casilleros disponibles
[2025-10-06 20:01:16] [INFO] [main] [statusLockers] Timeout efectivo en ejecución: 30000
[2025-10-06 20:01:16] [INFO] [main] [statusLockers] Intento 1: HOST -> http://localhost:8080
[2025-10-06 20:01:16] [INFO] [main] [statusLockers] Intento 1: URL -> /api/lockers/get-all-status
[2025-10-06 20:01:16] [INFO] [main] [statusLockers] Response. Status: 200
[2025-10-06 20:01:16] [INFO] [main] [statusLockers] Response. Data: {"general":[{"status":"ocupado","total":4},{"status":"libre","total":50},{"status":"reservado","total":1},{"status":"deshabilitado","total":5}],"modules":[{"module":"A","lockers":[{"lockerCode":"A1","status":"reservado"},{"lockerCode":"A2","status":"libre"},{"lockerCode":"A3","status":"deshabilitado"},{"lockerCode":"A4","status":"libre"},{"lockerCode":"A5","status":"libre"},{"lockerCode":"A6","status":"libre"},{"lockerCode":"A7","status":"libre"},{"lockerCode":"A8","status":"libre"},{"lockerCode":"A9","status":"libre"},{"lockerCode":"A10","status":"libre"}]},{"module":"B","lockers":[{"lockerCode":"B1","status":"libre"},{"lockerCode":"B2","status":"libre"},{"lockerCode":"B3","status":"libre"},{"lockerCode":"B4","status":"libre"},{"lockerCode":"B5","status":"libre"},{"lockerCode":"B6","status":"libre"},{"lockerCode":"B7","status":"libre"},{"lockerCode":"B8","status":"libre"},{"lockerCode":"B9","status":"libre"},{"lockerCode":"B10","status":"libre"}]},{"module":"C","lockers":[{"lockerCode":"C1","status":"libre"},{"lockerCode":"C2","status":"libre"},{"lockerCode":"C3","status":"libre"},{"lockerCode":"C4","status":"ocupado"},{"lockerCode":"C5","status":"libre"},{"lockerCode":"C6","status":"deshabilitado"},{"lockerCode":"C7","status":"libre"},{"lockerCode":"C8","status":"libre"},{"lockerCode":"C9","status":"libre"},{"lockerCode":"C10","status":"libre"}]},{"module":"D","lockers":[{"lockerCode":"D1","status":"deshabilitado"},{"lockerCode":"D2","status":"libre"},{"lockerCode":"D3","status":"libre"},{"lockerCode":"D4","status":"libre"},{"lockerCode":"D5","status":"libre"},{"lockerCode":"D6","status":"libre"},{"lockerCode":"D7","status":"ocupado"},{"lockerCode":"D8","status":"libre"},{"lockerCode":"D9","status":"libre"},{"lockerCode":"D10","status":"libre"}]},{"module":"E","lockers":[{"lockerCode":"E1","status":"libre"},{"lockerCode":"E2","status":"libre"},{"lockerCode":"E3","status":"libre"},{"lockerCode":"E4","status":"deshabilitado"},{"lockerCode":"E5","status":"libre"},{"lockerCode":"E6","status":"ocupado"},{"lockerCode":"E7","status":"libre"},{"lockerCode":"E8","status":"libre"},{"lockerCode":"E9","status":"libre"},{"lockerCode":"E10","status":"libre"}]},{"module":"F","lockers":[{"lockerCode":"F1","status":"libre"},{"lockerCode":"F2","status":"libre"},{"lockerCode":"F3","status":"libre"},{"lockerCode":"F4","status":"libre"},{"lockerCode":"F5","status":"libre"},{"lockerCode":"F6","status":"libre"},{"lockerCode":"F7","status":"ocupado"},{"lockerCode":"F8","status":"deshabilitado"},{"lockerCode":"F9","status":"libre"},{"lockerCode":"F10","status":"libre"}]}]}
[2025-10-06 20:01:17] [INFO] [main] [statusLockers] Iniciando petición para obtener casilleros disponibles
[2025-10-06 20:01:17] [INFO] [main] [statusLockers] Timeout efectivo en ejecución: 30000
[2025-10-06 20:01:17] [INFO] [main] [statusLockers] Intento 1: HOST -> http://localhost:8080
[2025-10-06 20:01:17] [INFO] [main] [statusLockers] Intento 1: URL -> /api/lockers/get-all-status
[2025-10-06 20:01:17] [INFO] [main] [statusLockers] Response. Status: 200
[2025-10-06 20:01:17] [INFO] [main] [statusLockers] Response. Data: {"general":[{"status":"libre","total":50},{"status":"reservado","total":1},{"status":"deshabilitado","total":5},{"status":"ocupado","total":4}],"modules":[{"module":"A","lockers":[{"lockerCode":"A1","status":"reservado"},{"lockerCode":"A2","status":"libre"},{"lockerCode":"A3","status":"deshabilitado"},{"lockerCode":"A4","status":"libre"},{"lockerCode":"A5","status":"libre"},{"lockerCode":"A6","status":"libre"},{"lockerCode":"A7","status":"libre"},{"lockerCode":"A8","status":"libre"},{"lockerCode":"A9","status":"libre"},{"lockerCode":"A10","status":"libre"}]},{"module":"B","lockers":[{"lockerCode":"B1","status":"libre"},{"lockerCode":"B2","status":"libre"},{"lockerCode":"B3","status":"libre"},{"lockerCode":"B4","status":"libre"},{"lockerCode":"B5","status":"libre"},{"lockerCode":"B6","status":"libre"},{"lockerCode":"B7","status":"libre"},{"lockerCode":"B8","status":"libre"},{"lockerCode":"B9","status":"libre"},{"lockerCode":"B10","status":"libre"}]},{"module":"C","lockers":[{"lockerCode":"C1","status":"libre"},{"lockerCode":"C2","status":"libre"},{"lockerCode":"C3","status":"libre"},{"lockerCode":"C4","status":"ocupado"},{"lockerCode":"C5","status":"libre"},{"lockerCode":"C6","status":"deshabilitado"},{"lockerCode":"C7","status":"libre"},{"lockerCode":"C8","status":"libre"},{"lockerCode":"C9","status":"libre"},{"lockerCode":"C10","status":"libre"}]},{"module":"D","lockers":[{"lockerCode":"D1","status":"deshabilitado"},{"lockerCode":"D2","status":"libre"},{"lockerCode":"D3","status":"libre"},{"lockerCode":"D4","status":"libre"},{"lockerCode":"D5","status":"libre"},{"lockerCode":"D6","status":"libre"},{"lockerCode":"D7","status":"ocupado"},{"lockerCode":"D8","status":"libre"},{"lockerCode":"D9","status":"libre"},{"lockerCode":"D10","status":"libre"}]},{"module":"E","lockers":[{"lockerCode":"E1","status":"libre"},{"lockerCode":"E2","status":"libre"},{"lockerCode":"E3","status":"libre"},{"lockerCode":"E4","status":"deshabilitado"},{"lockerCode":"E5","status":"libre"},{"lockerCode":"E6","status":"ocupado"},{"lockerCode":"E7","status":"libre"},{"lockerCode":"E8","status":"libre"},{"lockerCode":"E9","status":"libre"},{"lockerCode":"E10","status":"libre"}]},{"module":"F","lockers":[{"lockerCode":"F1","status":"libre"},{"lockerCode":"F2","status":"libre"},{"lockerCode":"F3","status":"libre"},{"lockerCode":"F4","status":"libre"},{"lockerCode":"F5","status":"libre"},{"lockerCode":"F6","status":"libre"},{"lockerCode":"F7","status":"ocupado"},{"lockerCode":"F8","status":"deshabilitado"},{"lockerCode":"F9","status":"libre"},{"lockerCode":"F10","status":"libre"}]}]}
[2025-10-06 20:01:23] [INFO] [main] [statusLockers] Iniciando petición para obtener casilleros disponibles
[2025-10-06 20:01:23] [INFO] [main] [statusLockers] Timeout efectivo en ejecución: 30000
[2025-10-06 20:01:23] [INFO] [main] [statusLockers] Intento 1: HOST -> http://localhost:8080
[2025-10-06 20:01:23] [INFO] [main] [statusLockers] Intento 1: URL -> /api/lockers/get-all-status
[2025-10-06 20:01:23] [INFO] [main] [statusLockers] Response. Status: 200
[2025-10-06 20:01:23] [INFO] [main] [statusLockers] Response. Data: {"general":[{"status":"libre","total":50},{"status":"reservado","total":1},{"status":"deshabilitado","total":5},{"status":"ocupado","total":4}],"modules":[{"module":"A","lockers":[{"lockerCode":"A1","status":"reservado"},{"lockerCode":"A2","status":"libre"},{"lockerCode":"A3","status":"deshabilitado"},{"lockerCode":"A4","status":"libre"},{"lockerCode":"A5","status":"libre"},{"lockerCode":"A6","status":"libre"},{"lockerCode":"A7","status":"libre"},{"lockerCode":"A8","status":"libre"},{"lockerCode":"A9","status":"libre"},{"lockerCode":"A10","status":"libre"}]},{"module":"B","lockers":[{"lockerCode":"B1","status":"libre"},{"lockerCode":"B2","status":"libre"},{"lockerCode":"B3","status":"libre"},{"lockerCode":"B4","status":"libre"},{"lockerCode":"B5","status":"libre"},{"lockerCode":"B6","status":"libre"},{"lockerCode":"B7","status":"libre"},{"lockerCode":"B8","status":"libre"},{"lockerCode":"B9","status":"libre"},{"lockerCode":"B10","status":"libre"}]},{"module":"C","lockers":[{"lockerCode":"C1","status":"libre"},{"lockerCode":"C2","status":"libre"},{"lockerCode":"C3","status":"libre"},{"lockerCode":"C4","status":"ocupado"},{"lockerCode":"C5","status":"libre"},{"lockerCode":"C6","status":"deshabilitado"},{"lockerCode":"C7","status":"libre"},{"lockerCode":"C8","status":"libre"},{"lockerCode":"C9","status":"libre"},{"lockerCode":"C10","status":"libre"}]},{"module":"D","lockers":[{"lockerCode":"D1","status":"deshabilitado"},{"lockerCode":"D2","status":"libre"},{"lockerCode":"D3","status":"libre"},{"lockerCode":"D4","status":"libre"},{"lockerCode":"D5","status":"libre"},{"lockerCode":"D6","status":"libre"},{"lockerCode":"D7","status":"ocupado"},{"lockerCode":"D8","status":"libre"},{"lockerCode":"D9","status":"libre"},{"lockerCode":"D10","status":"libre"}]},{"module":"E","lockers":[{"lockerCode":"E1","status":"libre"},{"lockerCode":"E2","status":"libre"},{"lockerCode":"E3","status":"libre"},{"lockerCode":"E4","status":"deshabilitado"},{"lockerCode":"E5","status":"libre"},{"lockerCode":"E6","status":"ocupado"},{"lockerCode":"E7","status":"libre"},{"lockerCode":"E8","status":"libre"},{"lockerCode":"E9","status":"libre"},{"lockerCode":"E10","status":"libre"}]},{"module":"F","lockers":[{"lockerCode":"F1","status":"libre"},{"lockerCode":"F2","status":"libre"},{"lockerCode":"F3","status":"libre"},{"lockerCode":"F4","status":"libre"},{"lockerCode":"F5","status":"libre"},{"lockerCode":"F6","status":"libre"},{"lockerCode":"F7","status":"ocupado"},{"lockerCode":"F8","status":"deshabilitado"},{"lockerCode":"F9","status":"libre"},{"lockerCode":"F10","status":"libre"}]}]}
[2025-10-06 20:01:54] [INFO] [main] [statusLockers] Iniciando petición para obtener casilleros disponibles
[2025-10-06 20:01:54] [INFO] [main] [statusLockers] Timeout efectivo en ejecución: 30000
[2025-10-06 20:01:54] [INFO] [main] [statusLockers] Intento 1: HOST -> http://localhost:8080
[2025-10-06 20:01:54] [INFO] [main] [statusLockers] Intento 1: URL -> /api/lockers/get-all-status
[2025-10-06 20:01:54] [INFO] [main] [statusLockers] Response. Status: 200
[2025-10-06 20:01:54] [INFO] [main] [statusLockers] Response. Data: {"general":[{"status":"libre","total":50},{"status":"reservado","total":1},{"status":"deshabilitado","total":5},{"status":"ocupado","total":4}],"modules":[{"module":"A","lockers":[{"lockerCode":"A1","status":"reservado"},{"lockerCode":"A2","status":"libre"},{"lockerCode":"A3","status":"deshabilitado"},{"lockerCode":"A4","status":"libre"},{"lockerCode":"A5","status":"libre"},{"lockerCode":"A6","status":"libre"},{"lockerCode":"A7","status":"libre"},{"lockerCode":"A8","status":"libre"},{"lockerCode":"A9","status":"libre"},{"lockerCode":"A10","status":"libre"}]},{"module":"B","lockers":[{"lockerCode":"B1","status":"libre"},{"lockerCode":"B2","status":"libre"},{"lockerCode":"B3","status":"libre"},{"lockerCode":"B4","status":"libre"},{"lockerCode":"B5","status":"libre"},{"lockerCode":"B6","status":"libre"},{"lockerCode":"B7","status":"libre"},{"lockerCode":"B8","status":"libre"},{"lockerCode":"B9","status":"libre"},{"lockerCode":"B10","status":"libre"}]},{"module":"C","lockers":[{"lockerCode":"C1","status":"libre"},{"lockerCode":"C2","status":"libre"},{"lockerCode":"C3","status":"libre"},{"lockerCode":"C4","status":"ocupado"},{"lockerCode":"C5","status":"libre"},{"lockerCode":"C6","status":"deshabilitado"},{"lockerCode":"C7","status":"libre"},{"lockerCode":"C8","status":"libre"},{"lockerCode":"C9","status":"libre"},{"lockerCode":"C10","status":"libre"}]},{"module":"D","lockers":[{"lockerCode":"D1","status":"deshabilitado"},{"lockerCode":"D2","status":"libre"},{"lockerCode":"D3","status":"libre"},{"lockerCode":"D4","status":"libre"},{"lockerCode":"D5","status":"libre"},{"lockerCode":"D6","status":"libre"},{"lockerCode":"D7","status":"ocupado"},{"lockerCode":"D8","status":"libre"},{"lockerCode":"D9","status":"libre"},{"lockerCode":"D10","status":"libre"}]},{"module":"E","lockers":[{"lockerCode":"E1","status":"libre"},{"lockerCode":"E2","status":"libre"},{"lockerCode":"E3","status":"libre"},{"lockerCode":"E4","status":"deshabilitado"},{"lockerCode":"E5","status":"libre"},{"lockerCode":"E6","status":"ocupado"},{"lockerCode":"E7","status":"libre"},{"lockerCode":"E8","status":"libre"},{"lockerCode":"E9","status":"libre"},{"lockerCode":"E10","status":"libre"}]},{"module":"F","lockers":[{"lockerCode":"F1","status":"libre"},{"lockerCode":"F2","status":"libre"},{"lockerCode":"F3","status":"libre"},{"lockerCode":"F4","status":"libre"},{"lockerCode":"F5","status":"libre"},{"lockerCode":"F6","status":"libre"},{"lockerCode":"F7","status":"ocupado"},{"lockerCode":"F8","status":"deshabilitado"},{"lockerCode":"F9","status":"libre"},{"lockerCode":"F10","status":"libre"}]}]}
[2025-10-06 21:08:07] [INFO] [main] [openByCodeLocker] Iniciando petición para abrir casillero
[2025-10-06 21:08:07] [INFO] [main] [openByCodeLocker] Timeout efectivo en ejecución: 30000
[2025-10-06 21:08:07] [INFO] [main] [openByCodeLocker] Intento 1: HOST -> http://localhost:8080
[2025-10-06 21:08:07] [INFO] [main] [openByCodeLocker] Intento 1: URL -> /api/lockers/open-by-code
[2025-10-06 21:08:07] [INFO] [main] [openByCodeLocker] Intento 1: Request -> {"lockerCode":"A1","setFree":false,"openBy":"local"}
[2025-10-06 21:08:07] [INFO] [main] [openByCodeLocker] Response. Status: 200
[2025-10-06 21:08:07] [INFO] [main] [openByCodeLocker] Response. Data: {"success":true,"message":"Casillero abierto exitosamente","lockerCode":"A1"}
[2025-10-06 21:08:07] [INFO] [main] [statusLockers] Iniciando petición para obtener casilleros disponibles
[2025-10-06 21:08:07] [INFO] [main] [statusLockers] Timeout efectivo en ejecución: 30000
[2025-10-06 21:08:07] [INFO] [main] [statusLockers] Intento 1: HOST -> http://localhost:8080
[2025-10-06 21:08:07] [INFO] [main] [statusLockers] Intento 1: URL -> /api/lockers/get-all-status
[2025-10-06 21:08:07] [INFO] [main] [statusLockers] Response. Status: 200
[2025-10-06 21:08:07] [INFO] [main] [statusLockers] Response. Data: {"general":[{"status":"libre","total":50},{"status":"reservado","total":1},{"status":"deshabilitado","total":5},{"status":"ocupado","total":4}],"modules":[{"module":"A","lockers":[{"lockerCode":"A1","status":"reservado"},{"lockerCode":"A2","status":"libre"},{"lockerCode":"A3","status":"deshabilitado"},{"lockerCode":"A4","status":"libre"},{"lockerCode":"A5","status":"libre"},{"lockerCode":"A6","status":"libre"},{"lockerCode":"A7","status":"libre"},{"lockerCode":"A8","status":"libre"},{"lockerCode":"A9","status":"libre"},{"lockerCode":"A10","status":"libre"}]},{"module":"B","lockers":[{"lockerCode":"B1","status":"libre"},{"lockerCode":"B2","status":"libre"},{"lockerCode":"B3","status":"libre"},{"lockerCode":"B4","status":"libre"},{"lockerCode":"B5","status":"libre"},{"lockerCode":"B6","status":"libre"},{"lockerCode":"B7","status":"libre"},{"lockerCode":"B8","status":"libre"},{"lockerCode":"B9","status":"libre"},{"lockerCode":"B10","status":"libre"}]},{"module":"C","lockers":[{"lockerCode":"C1","status":"libre"},{"lockerCode":"C2","status":"libre"},{"lockerCode":"C3","status":"libre"},{"lockerCode":"C4","status":"ocupado"},{"lockerCode":"C5","status":"libre"},{"lockerCode":"C6","status":"deshabilitado"},{"lockerCode":"C7","status":"libre"},{"lockerCode":"C8","status":"libre"},{"lockerCode":"C9","status":"libre"},{"lockerCode":"C10","status":"libre"}]},{"module":"D","lockers":[{"lockerCode":"D1","status":"deshabilitado"},{"lockerCode":"D2","status":"libre"},{"lockerCode":"D3","status":"libre"},{"lockerCode":"D4","status":"libre"},{"lockerCode":"D5","status":"libre"},{"lockerCode":"D6","status":"libre"},{"lockerCode":"D7","status":"ocupado"},{"lockerCode":"D8","status":"libre"},{"lockerCode":"D9","status":"libre"},{"lockerCode":"D10","status":"libre"}]},{"module":"E","lockers":[{"lockerCode":"E1","status":"libre"},{"lockerCode":"E2","status":"libre"},{"lockerCode":"E3","status":"libre"},{"lockerCode":"E4","status":"deshabilitado"},{"lockerCode":"E5","status":"libre"},{"lockerCode":"E6","status":"ocupado"},{"lockerCode":"E7","status":"libre"},{"lockerCode":"E8","status":"libre"},{"lockerCode":"E9","status":"libre"},{"lockerCode":"E10","status":"libre"}]},{"module":"F","lockers":[{"lockerCode":"F1","status":"libre"},{"lockerCode":"F2","status":"libre"},{"lockerCode":"F3","status":"libre"},{"lockerCode":"F4","status":"libre"},{"lockerCode":"F5","status":"libre"},{"lockerCode":"F6","status":"libre"},{"lockerCode":"F7","status":"ocupado"},{"lockerCode":"F8","status":"deshabilitado"},{"lockerCode":"F9","status":"libre"},{"lockerCode":"F10","status":"libre"}]}]}
[2025-10-06 21:08:13] [INFO] [main] [openByCodeLocker] Iniciando petición para abrir casillero
[2025-10-06 21:08:13] [INFO] [main] [openByCodeLocker] Timeout efectivo en ejecución: 30000
[2025-10-06 21:08:13] [INFO] [main] [openByCodeLocker] Intento 1: HOST -> http://localhost:8080
[2025-10-06 21:08:13] [INFO] [main] [openByCodeLocker] Intento 1: URL -> /api/lockers/open-by-code
[2025-10-06 21:08:13] [INFO] [main] [openByCodeLocker] Intento 1: Request -> {"lockerCode":"A1","setFree":false,"openBy":"local"}
[2025-10-06 21:08:13] [INFO] [main] [openByCodeLocker] Response. Status: 200
[2025-10-06 21:08:13] [INFO] [main] [openByCodeLocker] Response. Data: {"success":true,"message":"Casillero abierto exitosamente","lockerCode":"A1"}
[2025-10-06 21:08:13] [INFO] [main] [statusLockers] Iniciando petición para obtener casilleros disponibles
[2025-10-06 21:08:13] [INFO] [main] [statusLockers] Timeout efectivo en ejecución: 30000
[2025-10-06 21:08:13] [INFO] [main] [statusLockers] Intento 1: HOST -> http://localhost:8080
[2025-10-06 21:08:13] [INFO] [main] [statusLockers] Intento 1: URL -> /api/lockers/get-all-status
[2025-10-06 21:08:13] [INFO] [main] [statusLockers] Response. Status: 200
[2025-10-06 21:08:13] [INFO] [main] [statusLockers] Response. Data: {"general":[{"status":"libre","total":50},{"status":"reservado","total":1},{"status":"deshabilitado","total":5},{"status":"ocupado","total":4}],"modules":[{"module":"A","lockers":[{"lockerCode":"A1","status":"reservado"},{"lockerCode":"A2","status":"libre"},{"lockerCode":"A3","status":"deshabilitado"},{"lockerCode":"A4","status":"libre"},{"lockerCode":"A5","status":"libre"},{"lockerCode":"A6","status":"libre"},{"lockerCode":"A7","status":"libre"},{"lockerCode":"A8","status":"libre"},{"lockerCode":"A9","status":"libre"},{"lockerCode":"A10","status":"libre"}]},{"module":"B","lockers":[{"lockerCode":"B1","status":"libre"},{"lockerCode":"B2","status":"libre"},{"lockerCode":"B3","status":"libre"},{"lockerCode":"B4","status":"libre"},{"lockerCode":"B5","status":"libre"},{"lockerCode":"B6","status":"libre"},{"lockerCode":"B7","status":"libre"},{"lockerCode":"B8","status":"libre"},{"lockerCode":"B9","status":"libre"},{"lockerCode":"B10","status":"libre"}]},{"module":"C","lockers":[{"lockerCode":"C1","status":"libre"},{"lockerCode":"C2","status":"libre"},{"lockerCode":"C3","status":"libre"},{"lockerCode":"C4","status":"ocupado"},{"lockerCode":"C5","status":"libre"},{"lockerCode":"C6","status":"deshabilitado"},{"lockerCode":"C7","status":"libre"},{"lockerCode":"C8","status":"libre"},{"lockerCode":"C9","status":"libre"},{"lockerCode":"C10","status":"libre"}]},{"module":"D","lockers":[{"lockerCode":"D1","status":"deshabilitado"},{"lockerCode":"D2","status":"libre"},{"lockerCode":"D3","status":"libre"},{"lockerCode":"D4","status":"libre"},{"lockerCode":"D5","status":"libre"},{"lockerCode":"D6","status":"libre"},{"lockerCode":"D7","status":"ocupado"},{"lockerCode":"D8","status":"libre"},{"lockerCode":"D9","status":"libre"},{"lockerCode":"D10","status":"libre"}]},{"module":"E","lockers":[{"lockerCode":"E1","status":"libre"},{"lockerCode":"E2","status":"libre"},{"lockerCode":"E3","status":"libre"},{"lockerCode":"E4","status":"deshabilitado"},{"lockerCode":"E5","status":"libre"},{"lockerCode":"E6","status":"ocupado"},{"lockerCode":"E7","status":"libre"},{"lockerCode":"E8","status":"libre"},{"lockerCode":"E9","status":"libre"},{"lockerCode":"E10","status":"libre"}]},{"module":"F","lockers":[{"lockerCode":"F1","status":"libre"},{"lockerCode":"F2","status":"libre"},{"lockerCode":"F3","status":"libre"},{"lockerCode":"F4","status":"libre"},{"lockerCode":"F5","status":"libre"},{"lockerCode":"F6","status":"libre"},{"lockerCode":"F7","status":"ocupado"},{"lockerCode":"F8","status":"deshabilitado"},{"lockerCode":"F9","status":"libre"},{"lockerCode":"F10","status":"libre"}]}]}
[2025-10-06 21:08:16] [INFO] [main] [statusLockers] Iniciando petición para obtener casilleros disponibles
[2025-10-06 21:08:16] [INFO] [main] [statusLockers] Timeout efectivo en ejecución: 30000
[2025-10-06 21:08:16] [INFO] [main] [statusLockers] Intento 1: HOST -> http://localhost:8080
[2025-10-06 21:08:16] [INFO] [main] [statusLockers] Intento 1: URL -> /api/lockers/get-all-status
[2025-10-06 21:08:16] [INFO] [main] [statusLockers] Response. Status: 200
[2025-10-06 21:08:16] [INFO] [main] [statusLockers] Response. Data: {"general":[{"status":"libre","total":50},{"status":"reservado","total":1},{"status":"deshabilitado","total":5},{"status":"ocupado","total":4}],"modules":[{"module":"A","lockers":[{"lockerCode":"A1","status":"reservado"},{"lockerCode":"A2","status":"libre"},{"lockerCode":"A3","status":"deshabilitado"},{"lockerCode":"A4","status":"libre"},{"lockerCode":"A5","status":"libre"},{"lockerCode":"A6","status":"libre"},{"lockerCode":"A7","status":"libre"},{"lockerCode":"A8","status":"libre"},{"lockerCode":"A9","status":"libre"},{"lockerCode":"A10","status":"libre"}]},{"module":"B","lockers":[{"lockerCode":"B1","status":"libre"},{"lockerCode":"B2","status":"libre"},{"lockerCode":"B3","status":"libre"},{"lockerCode":"B4","status":"libre"},{"lockerCode":"B5","status":"libre"},{"lockerCode":"B6","status":"libre"},{"lockerCode":"B7","status":"libre"},{"lockerCode":"B8","status":"libre"},{"lockerCode":"B9","status":"libre"},{"lockerCode":"B10","status":"libre"}]},{"module":"C","lockers":[{"lockerCode":"C1","status":"libre"},{"lockerCode":"C2","status":"libre"},{"lockerCode":"C3","status":"libre"},{"lockerCode":"C4","status":"ocupado"},{"lockerCode":"C5","status":"libre"},{"lockerCode":"C6","status":"deshabilitado"},{"lockerCode":"C7","status":"libre"},{"lockerCode":"C8","status":"libre"},{"lockerCode":"C9","status":"libre"},{"lockerCode":"C10","status":"libre"}]},{"module":"D","lockers":[{"lockerCode":"D1","status":"deshabilitado"},{"lockerCode":"D2","status":"libre"},{"lockerCode":"D3","status":"libre"},{"lockerCode":"D4","status":"libre"},{"lockerCode":"D5","status":"libre"},{"lockerCode":"D6","status":"libre"},{"lockerCode":"D7","status":"ocupado"},{"lockerCode":"D8","status":"libre"},{"lockerCode":"D9","status":"libre"},{"lockerCode":"D10","status":"libre"}]},{"module":"E","lockers":[{"lockerCode":"E1","status":"libre"},{"lockerCode":"E2","status":"libre"},{"lockerCode":"E3","status":"libre"},{"lockerCode":"E4","status":"deshabilitado"},{"lockerCode":"E5","status":"libre"},{"lockerCode":"E6","status":"ocupado"},{"lockerCode":"E7","status":"libre"},{"lockerCode":"E8","status":"libre"},{"lockerCode":"E9","status":"libre"},{"lockerCode":"E10","status":"libre"}]},{"module":"F","lockers":[{"lockerCode":"F1","status":"libre"},{"lockerCode":"F2","status":"libre"},{"lockerCode":"F3","status":"libre"},{"lockerCode":"F4","status":"libre"},{"lockerCode":"F5","status":"libre"},{"lockerCode":"F6","status":"libre"},{"lockerCode":"F7","status":"ocupado"},{"lockerCode":"F8","status":"deshabilitado"},{"lockerCode":"F9","status":"libre"},{"lockerCode":"F10","status":"libre"}]}]}
[2025-10-06 21:08:19] [INFO] [main] [statusLockers] Iniciando petición para obtener casilleros disponibles
[2025-10-06 21:08:19] [INFO] [main] [statusLockers] Timeout efectivo en ejecución: 30000
[2025-10-06 21:08:19] [INFO] [main] [statusLockers] Intento 1: HOST -> http://localhost:8080
[2025-10-06 21:08:19] [INFO] [main] [statusLockers] Intento 1: URL -> /api/lockers/get-all-status
[2025-10-06 21:08:19] [INFO] [main] [statusLockers] Response. Status: 200
[2025-10-06 21:08:19] [INFO] [main] [statusLockers] Response. Data: {"general":[{"status":"ocupado","total":4},{"status":"libre","total":50},{"status":"reservado","total":1},{"status":"deshabilitado","total":5}],"modules":[{"module":"A","lockers":[{"lockerCode":"A1","status":"reservado"},{"lockerCode":"A2","status":"libre"},{"lockerCode":"A3","status":"deshabilitado"},{"lockerCode":"A4","status":"libre"},{"lockerCode":"A5","status":"libre"},{"lockerCode":"A6","status":"libre"},{"lockerCode":"A7","status":"libre"},{"lockerCode":"A8","status":"libre"},{"lockerCode":"A9","status":"libre"},{"lockerCode":"A10","status":"libre"}]},{"module":"B","lockers":[{"lockerCode":"B1","status":"libre"},{"lockerCode":"B2","status":"libre"},{"lockerCode":"B3","status":"libre"},{"lockerCode":"B4","status":"libre"},{"lockerCode":"B5","status":"libre"},{"lockerCode":"B6","status":"libre"},{"lockerCode":"B7","status":"libre"},{"lockerCode":"B8","status":"libre"},{"lockerCode":"B9","status":"libre"},{"lockerCode":"B10","status":"libre"}]},{"module":"C","lockers":[{"lockerCode":"C1","status":"libre"},{"lockerCode":"C2","status":"libre"},{"lockerCode":"C3","status":"libre"},{"lockerCode":"C4","status":"ocupado"},{"lockerCode":"C5","status":"libre"},{"lockerCode":"C6","status":"deshabilitado"},{"lockerCode":"C7","status":"libre"},{"lockerCode":"C8","status":"libre"},{"lockerCode":"C9","status":"libre"},{"lockerCode":"C10","status":"libre"}]},{"module":"D","lockers":[{"lockerCode":"D1","status":"deshabilitado"},{"lockerCode":"D2","status":"libre"},{"lockerCode":"D3","status":"libre"},{"lockerCode":"D4","status":"libre"},{"lockerCode":"D5","status":"libre"},{"lockerCode":"D6","status":"libre"},{"lockerCode":"D7","status":"ocupado"},{"lockerCode":"D8","status":"libre"},{"lockerCode":"D9","status":"libre"},{"lockerCode":"D10","status":"libre"}]},{"module":"E","lockers":[{"lockerCode":"E1","status":"libre"},{"lockerCode":"E2","status":"libre"},{"lockerCode":"E3","status":"libre"},{"lockerCode":"E4","status":"deshabilitado"},{"lockerCode":"E5","status":"libre"},{"lockerCode":"E6","status":"ocupado"},{"lockerCode":"E7","status":"libre"},{"lockerCode":"E8","status":"libre"},{"lockerCode":"E9","status":"libre"},{"lockerCode":"E10","status":"libre"}]},{"module":"F","lockers":[{"lockerCode":"F1","status":"libre"},{"lockerCode":"F2","status":"libre"},{"lockerCode":"F3","status":"libre"},{"lockerCode":"F4","status":"libre"},{"lockerCode":"F5","status":"libre"},{"lockerCode":"F6","status":"libre"},{"lockerCode":"F7","status":"ocupado"},{"lockerCode":"F8","status":"deshabilitado"},{"lockerCode":"F9","status":"libre"},{"lockerCode":"F10","status":"libre"}]}]}
[2025-10-06 21:08:23] [INFO] [main] [statusLockers] Iniciando petición para obtener casilleros disponibles
[2025-10-06 21:08:23] [INFO] [main] [statusLockers] Timeout efectivo en ejecución: 30000
[2025-10-06 21:08:23] [INFO] [main] [statusLockers] Intento 1: HOST -> http://localhost:8080
[2025-10-06 21:08:23] [INFO] [main] [statusLockers] Intento 1: URL -> /api/lockers/get-all-status
[2025-10-06 21:08:23] [INFO] [main] [statusLockers] Response. Status: 200
[2025-10-06 21:08:23] [INFO] [main] [statusLockers] Response. Data: {"general":[{"status":"reservado","total":1},{"status":"deshabilitado","total":5},{"status":"ocupado","total":4},{"status":"libre","total":50}],"modules":[{"module":"A","lockers":[{"lockerCode":"A1","status":"reservado"},{"lockerCode":"A2","status":"libre"},{"lockerCode":"A3","status":"deshabilitado"},{"lockerCode":"A4","status":"libre"},{"lockerCode":"A5","status":"libre"},{"lockerCode":"A6","status":"libre"},{"lockerCode":"A7","status":"libre"},{"lockerCode":"A8","status":"libre"},{"lockerCode":"A9","status":"libre"},{"lockerCode":"A10","status":"libre"}]},{"module":"B","lockers":[{"lockerCode":"B1","status":"libre"},{"lockerCode":"B2","status":"libre"},{"lockerCode":"B3","status":"libre"},{"lockerCode":"B4","status":"libre"},{"lockerCode":"B5","status":"libre"},{"lockerCode":"B6","status":"libre"},{"lockerCode":"B7","status":"libre"},{"lockerCode":"B8","status":"libre"},{"lockerCode":"B9","status":"libre"},{"lockerCode":"B10","status":"libre"}]},{"module":"C","lockers":[{"lockerCode":"C1","status":"libre"},{"lockerCode":"C2","status":"libre"},{"lockerCode":"C3","status":"libre"},{"lockerCode":"C4","status":"ocupado"},{"lockerCode":"C5","status":"libre"},{"lockerCode":"C6","status":"deshabilitado"},{"lockerCode":"C7","status":"libre"},{"lockerCode":"C8","status":"libre"},{"lockerCode":"C9","status":"libre"},{"lockerCode":"C10","status":"libre"}]},{"module":"D","lockers":[{"lockerCode":"D1","status":"deshabilitado"},{"lockerCode":"D2","status":"libre"},{"lockerCode":"D3","status":"libre"},{"lockerCode":"D4","status":"libre"},{"lockerCode":"D5","status":"libre"},{"lockerCode":"D6","status":"libre"},{"lockerCode":"D7","status":"ocupado"},{"lockerCode":"D8","status":"libre"},{"lockerCode":"D9","status":"libre"},{"lockerCode":"D10","status":"libre"}]},{"module":"E","lockers":[{"lockerCode":"E1","status":"libre"},{"lockerCode":"E2","status":"libre"},{"lockerCode":"E3","status":"libre"},{"lockerCode":"E4","status":"deshabilitado"},{"lockerCode":"E5","status":"libre"},{"lockerCode":"E6","status":"ocupado"},{"lockerCode":"E7","status":"libre"},{"lockerCode":"E8","status":"libre"},{"lockerCode":"E9","status":"libre"},{"lockerCode":"E10","status":"libre"}]},{"module":"F","lockers":[{"lockerCode":"F1","status":"libre"},{"lockerCode":"F2","status":"libre"},{"lockerCode":"F3","status":"libre"},{"lockerCode":"F4","status":"libre"},{"lockerCode":"F5","status":"libre"},{"lockerCode":"F6","status":"libre"},{"lockerCode":"F7","status":"ocupado"},{"lockerCode":"F8","status":"deshabilitado"},{"lockerCode":"F9","status":"libre"},{"lockerCode":"F10","status":"libre"}]}]}
[2025-10-06 21:08:27] [INFO] [main] [openByCodeLocker] Iniciando petición para abrir casillero
[2025-10-06 21:08:27] [INFO] [main] [openByCodeLocker] Timeout efectivo en ejecución: 30000
[2025-10-06 21:08:27] [INFO] [main] [openByCodeLocker] Intento 1: HOST -> http://localhost:8080
[2025-10-06 21:08:27] [INFO] [main] [openByCodeLocker] Intento 1: URL -> /api/lockers/open-by-code
[2025-10-06 21:08:27] [INFO] [main] [openByCodeLocker] Intento 1: Request -> {"lockerCode":"A2","setFree":false,"openBy":"local"}
[2025-10-06 21:08:27] [INFO] [main] [openByCodeLocker] Response. Status: 200
[2025-10-06 21:08:27] [INFO] [main] [openByCodeLocker] Response. Data: {"success":true,"message":"Casillero abierto exitosamente","lockerCode":"A2"}
[2025-10-06 21:08:27] [INFO] [main] [statusLockers] Iniciando petición para obtener casilleros disponibles
[2025-10-06 21:08:27] [INFO] [main] [statusLockers] Timeout efectivo en ejecución: 30000
[2025-10-06 21:08:27] [INFO] [main] [statusLockers] Intento 1: HOST -> http://localhost:8080
[2025-10-06 21:08:27] [INFO] [main] [statusLockers] Intento 1: URL -> /api/lockers/get-all-status
[2025-10-06 21:08:27] [INFO] [main] [statusLockers] Response. Status: 200
[2025-10-06 21:08:27] [INFO] [main] [statusLockers] Response. Data: {"general":[{"status":"ocupado","total":4},{"status":"libre","total":50},{"status":"reservado","total":1},{"status":"deshabilitado","total":5}],"modules":[{"module":"A","lockers":[{"lockerCode":"A1","status":"reservado"},{"lockerCode":"A2","status":"libre"},{"lockerCode":"A3","status":"deshabilitado"},{"lockerCode":"A4","status":"libre"},{"lockerCode":"A5","status":"libre"},{"lockerCode":"A6","status":"libre"},{"lockerCode":"A7","status":"libre"},{"lockerCode":"A8","status":"libre"},{"lockerCode":"A9","status":"libre"},{"lockerCode":"A10","status":"libre"}]},{"module":"B","lockers":[{"lockerCode":"B1","status":"libre"},{"lockerCode":"B2","status":"libre"},{"lockerCode":"B3","status":"libre"},{"lockerCode":"B4","status":"libre"},{"lockerCode":"B5","status":"libre"},{"lockerCode":"B6","status":"libre"},{"lockerCode":"B7","status":"libre"},{"lockerCode":"B8","status":"libre"},{"lockerCode":"B9","status":"libre"},{"lockerCode":"B10","status":"libre"}]},{"module":"C","lockers":[{"lockerCode":"C1","status":"libre"},{"lockerCode":"C2","status":"libre"},{"lockerCode":"C3","status":"libre"},{"lockerCode":"C4","status":"ocupado"},{"lockerCode":"C5","status":"libre"},{"lockerCode":"C6","status":"deshabilitado"},{"lockerCode":"C7","status":"libre"},{"lockerCode":"C8","status":"libre"},{"lockerCode":"C9","status":"libre"},{"lockerCode":"C10","status":"libre"}]},{"module":"D","lockers":[{"lockerCode":"D1","status":"deshabilitado"},{"lockerCode":"D2","status":"libre"},{"lockerCode":"D3","status":"libre"},{"lockerCode":"D4","status":"libre"},{"lockerCode":"D5","status":"libre"},{"lockerCode":"D6","status":"libre"},{"lockerCode":"D7","status":"ocupado"},{"lockerCode":"D8","status":"libre"},{"lockerCode":"D9","status":"libre"},{"lockerCode":"D10","status":"libre"}]},{"module":"E","lockers":[{"lockerCode":"E1","status":"libre"},{"lockerCode":"E2","status":"libre"},{"lockerCode":"E3","status":"libre"},{"lockerCode":"E4","status":"deshabilitado"},{"lockerCode":"E5","status":"libre"},{"lockerCode":"E6","status":"ocupado"},{"lockerCode":"E7","status":"libre"},{"lockerCode":"E8","status":"libre"},{"lockerCode":"E9","status":"libre"},{"lockerCode":"E10","status":"libre"}]},{"module":"F","lockers":[{"lockerCode":"F1","status":"libre"},{"lockerCode":"F2","status":"libre"},{"lockerCode":"F3","status":"libre"},{"lockerCode":"F4","status":"libre"},{"lockerCode":"F5","status":"libre"},{"lockerCode":"F6","status":"libre"},{"lockerCode":"F7","status":"ocupado"},{"lockerCode":"F8","status":"deshabilitado"},{"lockerCode":"F9","status":"libre"},{"lockerCode":"F10","status":"libre"}]}]}
[2025-10-06 21:08:30] [INFO] [main] [openByCodeLocker] Iniciando petición para abrir casillero
[2025-10-06 21:08:30] [INFO] [main] [openByCodeLocker] Timeout efectivo en ejecución: 30000
[2025-10-06 21:08:30] [INFO] [main] [openByCodeLocker] Intento 1: HOST -> http://localhost:8080
[2025-10-06 21:08:30] [INFO] [main] [openByCodeLocker] Intento 1: URL -> /api/lockers/open-by-code
[2025-10-06 21:08:30] [INFO] [main] [openByCodeLocker] Intento 1: Request -> {"lockerCode":"A2","setFree":true,"openBy":"local"}
[2025-10-06 21:08:30] [INFO] [main] [openByCodeLocker] Response. Status: 200
[2025-10-06 21:08:30] [INFO] [main] [openByCodeLocker] Response. Data: {"success":true,"message":"Casillero abierto exitosamente","lockerCode":"A2"}
[2025-10-06 21:08:30] [INFO] [main] [statusLockers] Iniciando petición para obtener casilleros disponibles
[2025-10-06 21:08:30] [INFO] [main] [statusLockers] Timeout efectivo en ejecución: 30000
[2025-10-06 21:08:30] [INFO] [main] [statusLockers] Intento 1: HOST -> http://localhost:8080
[2025-10-06 21:08:30] [INFO] [main] [statusLockers] Intento 1: URL -> /api/lockers/get-all-status
[2025-10-06 21:08:30] [INFO] [main] [statusLockers] Response. Status: 200
[2025-10-06 21:08:30] [INFO] [main] [statusLockers] Response. Data: {"general":[{"status":"ocupado","total":4},{"status":"libre","total":50},{"status":"reservado","total":1},{"status":"deshabilitado","total":5}],"modules":[{"module":"A","lockers":[{"lockerCode":"A1","status":"reservado"},{"lockerCode":"A2","status":"libre"},{"lockerCode":"A3","status":"deshabilitado"},{"lockerCode":"A4","status":"libre"},{"lockerCode":"A5","status":"libre"},{"lockerCode":"A6","status":"libre"},{"lockerCode":"A7","status":"libre"},{"lockerCode":"A8","status":"libre"},{"lockerCode":"A9","status":"libre"},{"lockerCode":"A10","status":"libre"}]},{"module":"B","lockers":[{"lockerCode":"B1","status":"libre"},{"lockerCode":"B2","status":"libre"},{"lockerCode":"B3","status":"libre"},{"lockerCode":"B4","status":"libre"},{"lockerCode":"B5","status":"libre"},{"lockerCode":"B6","status":"libre"},{"lockerCode":"B7","status":"libre"},{"lockerCode":"B8","status":"libre"},{"lockerCode":"B9","status":"libre"},{"lockerCode":"B10","status":"libre"}]},{"module":"C","lockers":[{"lockerCode":"C1","status":"libre"},{"lockerCode":"C2","status":"libre"},{"lockerCode":"C3","status":"libre"},{"lockerCode":"C4","status":"ocupado"},{"lockerCode":"C5","status":"libre"},{"lockerCode":"C6","status":"deshabilitado"},{"lockerCode":"C7","status":"libre"},{"lockerCode":"C8","status":"libre"},{"lockerCode":"C9","status":"libre"},{"lockerCode":"C10","status":"libre"}]},{"module":"D","lockers":[{"lockerCode":"D1","status":"deshabilitado"},{"lockerCode":"D2","status":"libre"},{"lockerCode":"D3","status":"libre"},{"lockerCode":"D4","status":"libre"},{"lockerCode":"D5","status":"libre"},{"lockerCode":"D6","status":"libre"},{"lockerCode":"D7","status":"ocupado"},{"lockerCode":"D8","status":"libre"},{"lockerCode":"D9","status":"libre"},{"lockerCode":"D10","status":"libre"}]},{"module":"E","lockers":[{"lockerCode":"E1","status":"libre"},{"lockerCode":"E2","status":"libre"},{"lockerCode":"E3","status":"libre"},{"lockerCode":"E4","status":"deshabilitado"},{"lockerCode":"E5","status":"libre"},{"lockerCode":"E6","status":"ocupado"},{"lockerCode":"E7","status":"libre"},{"lockerCode":"E8","status":"libre"},{"lockerCode":"E9","status":"libre"},{"lockerCode":"E10","status":"libre"}]},{"module":"F","lockers":[{"lockerCode":"F1","status":"libre"},{"lockerCode":"F2","status":"libre"},{"lockerCode":"F3","status":"libre"},{"lockerCode":"F4","status":"libre"},{"lockerCode":"F5","status":"libre"},{"lockerCode":"F6","status":"libre"},{"lockerCode":"F7","status":"ocupado"},{"lockerCode":"F8","status":"deshabilitado"},{"lockerCode":"F9","status":"libre"},{"lockerCode":"F10","status":"libre"}]}]}
[2025-10-06 21:08:34] [INFO] [main] [openByCodeLocker] Iniciando petición para abrir casillero
[2025-10-06 21:08:34] [INFO] [main] [openByCodeLocker] Timeout efectivo en ejecución: 30000
[2025-10-06 21:08:34] [INFO] [main] [openByCodeLocker] Intento 1: HOST -> http://localhost:8080
[2025-10-06 21:08:34] [INFO] [main] [openByCodeLocker] Intento 1: URL -> /api/lockers/open-by-code
[2025-10-06 21:08:34] [INFO] [main] [openByCodeLocker] Intento 1: Request -> {"lockerCode":"A3","setFree":true,"openBy":"local"}
[2025-10-06 21:08:34] [INFO] [main] [openByCodeLocker] Response. Status: 200
[2025-10-06 21:08:34] [INFO] [main] [openByCodeLocker] Response. Data: {"success":true,"message":"Casillero abierto exitosamente","lockerCode":"A3"}
[2025-10-06 21:08:34] [INFO] [main] [statusLockers] Iniciando petición para obtener casilleros disponibles
[2025-10-06 21:08:34] [INFO] [main] [statusLockers] Timeout efectivo en ejecución: 30000
[2025-10-06 21:08:34] [INFO] [main] [statusLockers] Intento 1: HOST -> http://localhost:8080
[2025-10-06 21:08:34] [INFO] [main] [statusLockers] Intento 1: URL -> /api/lockers/get-all-status
[2025-10-06 21:08:34] [INFO] [main] [statusLockers] Response. Status: 200
[2025-10-06 21:08:34] [INFO] [main] [statusLockers] Response. Data: {"general":[{"status":"ocupado","total":4},{"status":"libre","total":51},{"status":"reservado","total":1},{"status":"deshabilitado","total":4}],"modules":[{"module":"A","lockers":[{"lockerCode":"A1","status":"reservado"},{"lockerCode":"A2","status":"libre"},{"lockerCode":"A3","status":"libre"},{"lockerCode":"A4","status":"libre"},{"lockerCode":"A5","status":"libre"},{"lockerCode":"A6","status":"libre"},{"lockerCode":"A7","status":"libre"},{"lockerCode":"A8","status":"libre"},{"lockerCode":"A9","status":"libre"},{"lockerCode":"A10","status":"libre"}]},{"module":"B","lockers":[{"lockerCode":"B1","status":"libre"},{"lockerCode":"B2","status":"libre"},{"lockerCode":"B3","status":"libre"},{"lockerCode":"B4","status":"libre"},{"lockerCode":"B5","status":"libre"},{"lockerCode":"B6","status":"libre"},{"lockerCode":"B7","status":"libre"},{"lockerCode":"B8","status":"libre"},{"lockerCode":"B9","status":"libre"},{"lockerCode":"B10","status":"libre"}]},{"module":"C","lockers":[{"lockerCode":"C1","status":"libre"},{"lockerCode":"C2","status":"libre"},{"lockerCode":"C3","status":"libre"},{"lockerCode":"C4","status":"ocupado"},{"lockerCode":"C5","status":"libre"},{"lockerCode":"C6","status":"deshabilitado"},{"lockerCode":"C7","status":"libre"},{"lockerCode":"C8","status":"libre"},{"lockerCode":"C9","status":"libre"},{"lockerCode":"C10","status":"libre"}]},{"module":"D","lockers":[{"lockerCode":"D1","status":"deshabilitado"},{"lockerCode":"D2","status":"libre"},{"lockerCode":"D3","status":"libre"},{"lockerCode":"D4","status":"libre"},{"lockerCode":"D5","status":"libre"},{"lockerCode":"D6","status":"libre"},{"lockerCode":"D7","status":"ocupado"},{"lockerCode":"D8","status":"libre"},{"lockerCode":"D9","status":"libre"},{"lockerCode":"D10","status":"libre"}]},{"module":"E","lockers":[{"lockerCode":"E1","status":"libre"},{"lockerCode":"E2","status":"libre"},{"lockerCode":"E3","status":"libre"},{"lockerCode":"E4","status":"deshabilitado"},{"lockerCode":"E5","status":"libre"},{"lockerCode":"E6","status":"ocupado"},{"lockerCode":"E7","status":"libre"},{"lockerCode":"E8","status":"libre"},{"lockerCode":"E9","status":"libre"},{"lockerCode":"E10","status":"libre"}]},{"module":"F","lockers":[{"lockerCode":"F1","status":"libre"},{"lockerCode":"F2","status":"libre"},{"lockerCode":"F3","status":"libre"},{"lockerCode":"F4","status":"libre"},{"lockerCode":"F5","status":"libre"},{"lockerCode":"F6","status":"libre"},{"lockerCode":"F7","status":"ocupado"},{"lockerCode":"F8","status":"deshabilitado"},{"lockerCode":"F9","status":"libre"},{"lockerCode":"F10","status":"libre"}]}]}
[2025-10-06 21:08:37] [INFO] [main] [setStatusLocker] Iniciando petición para cambiar estado casillero
[2025-10-06 21:08:37] [INFO] [main] [setStatusLocker] Timeout efectivo en ejecución: 30000
[2025-10-06 21:08:37] [INFO] [main] [setStatusLocker] Intento 1: HOST -> http://localhost:8080
[2025-10-06 21:08:37] [INFO] [main] [setStatusLocker] Intento 1: URL -> /api/lockers/set-status
[2025-10-06 21:08:37] [INFO] [main] [setStatusLocker] Intento 1: Request -> {"lockerCode":"A3","newStatus":"deshabilitado"}
[2025-10-06 21:08:37] [INFO] [main] [setStatusLocker] Response. Status: 200
[2025-10-06 21:08:37] [INFO] [main] [setStatusLocker] Response. Data: {"success":true,"message":"Estado cambiado Exitosamente","lockerCode":"A3"}
[2025-10-06 21:08:37] [INFO] [main] [statusLockers] Iniciando petición para obtener casilleros disponibles
[2025-10-06 21:08:37] [INFO] [main] [statusLockers] Timeout efectivo en ejecución: 30000
[2025-10-06 21:08:37] [INFO] [main] [statusLockers] Intento 1: HOST -> http://localhost:8080
[2025-10-06 21:08:37] [INFO] [main] [statusLockers] Intento 1: URL -> /api/lockers/get-all-status
[2025-10-06 21:08:37] [INFO] [main] [statusLockers] Response. Status: 200
[2025-10-06 21:08:37] [INFO] [main] [statusLockers] Response. Data: {"general":[{"status":"ocupado","total":4},{"status":"libre","total":50},{"status":"reservado","total":1},{"status":"deshabilitado","total":5}],"modules":[{"module":"A","lockers":[{"lockerCode":"A1","status":"reservado"},{"lockerCode":"A2","status":"libre"},{"lockerCode":"A3","status":"deshabilitado"},{"lockerCode":"A4","status":"libre"},{"lockerCode":"A5","status":"libre"},{"lockerCode":"A6","status":"libre"},{"lockerCode":"A7","status":"libre"},{"lockerCode":"A8","status":"libre"},{"lockerCode":"A9","status":"libre"},{"lockerCode":"A10","status":"libre"}]},{"module":"B","lockers":[{"lockerCode":"B1","status":"libre"},{"lockerCode":"B2","status":"libre"},{"lockerCode":"B3","status":"libre"},{"lockerCode":"B4","status":"libre"},{"lockerCode":"B5","status":"libre"},{"lockerCode":"B6","status":"libre"},{"lockerCode":"B7","status":"libre"},{"lockerCode":"B8","status":"libre"},{"lockerCode":"B9","status":"libre"},{"lockerCode":"B10","status":"libre"}]},{"module":"C","lockers":[{"lockerCode":"C1","status":"libre"},{"lockerCode":"C2","status":"libre"},{"lockerCode":"C3","status":"libre"},{"lockerCode":"C4","status":"ocupado"},{"lockerCode":"C5","status":"libre"},{"lockerCode":"C6","status":"deshabilitado"},{"lockerCode":"C7","status":"libre"},{"lockerCode":"C8","status":"libre"},{"lockerCode":"C9","status":"libre"},{"lockerCode":"C10","status":"libre"}]},{"module":"D","lockers":[{"lockerCode":"D1","status":"deshabilitado"},{"lockerCode":"D2","status":"libre"},{"lockerCode":"D3","status":"libre"},{"lockerCode":"D4","status":"libre"},{"lockerCode":"D5","status":"libre"},{"lockerCode":"D6","status":"libre"},{"lockerCode":"D7","status":"ocupado"},{"lockerCode":"D8","status":"libre"},{"lockerCode":"D9","status":"libre"},{"lockerCode":"D10","status":"libre"}]},{"module":"E","lockers":[{"lockerCode":"E1","status":"libre"},{"lockerCode":"E2","status":"libre"},{"lockerCode":"E3","status":"libre"},{"lockerCode":"E4","status":"deshabilitado"},{"lockerCode":"E5","status":"libre"},{"lockerCode":"E6","status":"ocupado"},{"lockerCode":"E7","status":"libre"},{"lockerCode":"E8","status":"libre"},{"lockerCode":"E9","status":"libre"},{"lockerCode":"E10","status":"libre"}]},{"module":"F","lockers":[{"lockerCode":"F1","status":"libre"},{"lockerCode":"F2","status":"libre"},{"lockerCode":"F3","status":"libre"},{"lockerCode":"F4","status":"libre"},{"lockerCode":"F5","status":"libre"},{"lockerCode":"F6","status":"libre"},{"lockerCode":"F7","status":"ocupado"},{"lockerCode":"F8","status":"deshabilitado"},{"lockerCode":"F9","status":"libre"},{"lockerCode":"F10","status":"libre"}]}]}
[2025-10-06 21:08:39] [INFO] [main] [openByCodeLocker] Iniciando petición para abrir casillero
[2025-10-06 21:08:39] [INFO] [main] [openByCodeLocker] Timeout efectivo en ejecución: 30000
[2025-10-06 21:08:39] [INFO] [main] [openByCodeLocker] Intento 1: HOST -> http://localhost:8080
[2025-10-06 21:08:39] [INFO] [main] [openByCodeLocker] Intento 1: URL -> /api/lockers/open-by-code
[2025-10-06 21:08:39] [INFO] [main] [openByCodeLocker] Intento 1: Request -> {"lockerCode":"A3","setFree":false,"openBy":"local"}
[2025-10-06 21:08:39] [INFO] [main] [openByCodeLocker] Response. Status: 200
[2025-10-06 21:08:39] [INFO] [main] [openByCodeLocker] Response. Data: {"success":true,"message":"Casillero abierto exitosamente","lockerCode":"A3"}
[2025-10-06 21:08:39] [INFO] [main] [statusLockers] Iniciando petición para obtener casilleros disponibles
[2025-10-06 21:08:39] [INFO] [main] [statusLockers] Timeout efectivo en ejecución: 30000
[2025-10-06 21:08:39] [INFO] [main] [statusLockers] Intento 1: HOST -> http://localhost:8080
[2025-10-06 21:08:39] [INFO] [main] [statusLockers] Intento 1: URL -> /api/lockers/get-all-status
[2025-10-06 21:08:39] [INFO] [main] [statusLockers] Response. Status: 200
[2025-10-06 21:08:39] [INFO] [main] [statusLockers] Response. Data: {"general":[{"status":"ocupado","total":4},{"status":"libre","total":50},{"status":"reservado","total":1},{"status":"deshabilitado","total":5}],"modules":[{"module":"A","lockers":[{"lockerCode":"A1","status":"reservado"},{"lockerCode":"A2","status":"libre"},{"lockerCode":"A3","status":"deshabilitado"},{"lockerCode":"A4","status":"libre"},{"lockerCode":"A5","status":"libre"},{"lockerCode":"A6","status":"libre"},{"lockerCode":"A7","status":"libre"},{"lockerCode":"A8","status":"libre"},{"lockerCode":"A9","status":"libre"},{"lockerCode":"A10","status":"libre"}]},{"module":"B","lockers":[{"lockerCode":"B1","status":"libre"},{"lockerCode":"B2","status":"libre"},{"lockerCode":"B3","status":"libre"},{"lockerCode":"B4","status":"libre"},{"lockerCode":"B5","status":"libre"},{"lockerCode":"B6","status":"libre"},{"lockerCode":"B7","status":"libre"},{"lockerCode":"B8","status":"libre"},{"lockerCode":"B9","status":"libre"},{"lockerCode":"B10","status":"libre"}]},{"module":"C","lockers":[{"lockerCode":"C1","status":"libre"},{"lockerCode":"C2","status":"libre"},{"lockerCode":"C3","status":"libre"},{"lockerCode":"C4","status":"ocupado"},{"lockerCode":"C5","status":"libre"},{"lockerCode":"C6","status":"deshabilitado"},{"lockerCode":"C7","status":"libre"},{"lockerCode":"C8","status":"libre"},{"lockerCode":"C9","status":"libre"},{"lockerCode":"C10","status":"libre"}]},{"module":"D","lockers":[{"lockerCode":"D1","status":"deshabilitado"},{"lockerCode":"D2","status":"libre"},{"lockerCode":"D3","status":"libre"},{"lockerCode":"D4","status":"libre"},{"lockerCode":"D5","status":"libre"},{"lockerCode":"D6","status":"libre"},{"lockerCode":"D7","status":"ocupado"},{"lockerCode":"D8","status":"libre"},{"lockerCode":"D9","status":"libre"},{"lockerCode":"D10","status":"libre"}]},{"module":"E","lockers":[{"lockerCode":"E1","status":"libre"},{"lockerCode":"E2","status":"libre"},{"lockerCode":"E3","status":"libre"},{"lockerCode":"E4","status":"deshabilitado"},{"lockerCode":"E5","status":"libre"},{"lockerCode":"E6","status":"ocupado"},{"lockerCode":"E7","status":"libre"},{"lockerCode":"E8","status":"libre"},{"lockerCode":"E9","status":"libre"},{"lockerCode":"E10","status":"libre"}]},{"module":"F","lockers":[{"lockerCode":"F1","status":"libre"},{"lockerCode":"F2","status":"libre"},{"lockerCode":"F3","status":"libre"},{"lockerCode":"F4","status":"libre"},{"lockerCode":"F5","status":"libre"},{"lockerCode":"F6","status":"libre"},{"lockerCode":"F7","status":"ocupado"},{"lockerCode":"F8","status":"deshabilitado"},{"lockerCode":"F9","status":"libre"},{"lockerCode":"F10","status":"libre"}]}]}
[2025-10-06 21:08:41] [INFO] [main] [openByCodeLocker] Iniciando petición para abrir casillero
[2025-10-06 21:08:41] [INFO] [main] [openByCodeLocker] Timeout efectivo en ejecución: 30000
[2025-10-06 21:08:41] [INFO] [main] [openByCodeLocker] Intento 1: HOST -> http://localhost:8080
[2025-10-06 21:08:41] [INFO] [main] [openByCodeLocker] Intento 1: URL -> /api/lockers/open-by-code
[2025-10-06 21:08:41] [INFO] [main] [openByCodeLocker] Intento 1: Request -> {"lockerCode":"A1","setFree":false,"openBy":"local"}
[2025-10-06 21:08:41] [INFO] [main] [openByCodeLocker] Response. Status: 200
[2025-10-06 21:08:41] [INFO] [main] [openByCodeLocker] Response. Data: {"success":true,"message":"Casillero abierto exitosamente","lockerCode":"A1"}
[2025-10-06 21:08:41] [INFO] [main] [statusLockers] Iniciando petición para obtener casilleros disponibles
[2025-10-06 21:08:41] [INFO] [main] [statusLockers] Timeout efectivo en ejecución: 30000
[2025-10-06 21:08:41] [INFO] [main] [statusLockers] Intento 1: HOST -> http://localhost:8080
[2025-10-06 21:08:41] [INFO] [main] [statusLockers] Intento 1: URL -> /api/lockers/get-all-status
[2025-10-06 21:08:42] [INFO] [main] [statusLockers] Response. Status: 200
[2025-10-06 21:08:42] [INFO] [main] [statusLockers] Response. Data: {"general":[{"status":"ocupado","total":4},{"status":"libre","total":50},{"status":"reservado","total":1},{"status":"deshabilitado","total":5}],"modules":[{"module":"A","lockers":[{"lockerCode":"A1","status":"reservado"},{"lockerCode":"A2","status":"libre"},{"lockerCode":"A3","status":"deshabilitado"},{"lockerCode":"A4","status":"libre"},{"lockerCode":"A5","status":"libre"},{"lockerCode":"A6","status":"libre"},{"lockerCode":"A7","status":"libre"},{"lockerCode":"A8","status":"libre"},{"lockerCode":"A9","status":"libre"},{"lockerCode":"A10","status":"libre"}]},{"module":"B","lockers":[{"lockerCode":"B1","status":"libre"},{"lockerCode":"B2","status":"libre"},{"lockerCode":"B3","status":"libre"},{"lockerCode":"B4","status":"libre"},{"lockerCode":"B5","status":"libre"},{"lockerCode":"B6","status":"libre"},{"lockerCode":"B7","status":"libre"},{"lockerCode":"B8","status":"libre"},{"lockerCode":"B9","status":"libre"},{"lockerCode":"B10","status":"libre"}]},{"module":"C","lockers":[{"lockerCode":"C1","status":"libre"},{"lockerCode":"C2","status":"libre"},{"lockerCode":"C3","status":"libre"},{"lockerCode":"C4","status":"ocupado"},{"lockerCode":"C5","status":"libre"},{"lockerCode":"C6","status":"deshabilitado"},{"lockerCode":"C7","status":"libre"},{"lockerCode":"C8","status":"libre"},{"lockerCode":"C9","status":"libre"},{"lockerCode":"C10","status":"libre"}]},{"module":"D","lockers":[{"lockerCode":"D1","status":"deshabilitado"},{"lockerCode":"D2","status":"libre"},{"lockerCode":"D3","status":"libre"},{"lockerCode":"D4","status":"libre"},{"lockerCode":"D5","status":"libre"},{"lockerCode":"D6","status":"libre"},{"lockerCode":"D7","status":"ocupado"},{"lockerCode":"D8","status":"libre"},{"lockerCode":"D9","status":"libre"},{"lockerCode":"D10","status":"libre"}]},{"module":"E","lockers":[{"lockerCode":"E1","status":"libre"},{"lockerCode":"E2","status":"libre"},{"lockerCode":"E3","status":"libre"},{"lockerCode":"E4","status":"deshabilitado"},{"lockerCode":"E5","status":"libre"},{"lockerCode":"E6","status":"ocupado"},{"lockerCode":"E7","status":"libre"},{"lockerCode":"E8","status":"libre"},{"lockerCode":"E9","status":"libre"},{"lockerCode":"E10","status":"libre"}]},{"module":"F","lockers":[{"lockerCode":"F1","status":"libre"},{"lockerCode":"F2","status":"libre"},{"lockerCode":"F3","status":"libre"},{"lockerCode":"F4","status":"libre"},{"lockerCode":"F5","status":"libre"},{"lockerCode":"F6","status":"libre"},{"lockerCode":"F7","status":"ocupado"},{"lockerCode":"F8","status":"deshabilitado"},{"lockerCode":"F9","status":"libre"},{"lockerCode":"F10","status":"libre"}]}]}
[2025-10-06 21:08:50] [INFO] [main] [openByCodeLocker] Iniciando petición para abrir casillero
[2025-10-06 21:08:50] [INFO] [main] [openByCodeLocker] Timeout efectivo en ejecución: 30000
[2025-10-06 21:08:50] [INFO] [main] [openByCodeLocker] Intento 1: HOST -> http://localhost:8080
[2025-10-06 21:08:50] [INFO] [main] [openByCodeLocker] Intento 1: URL -> /api/lockers/open-by-code
[2025-10-06 21:08:50] [INFO] [main] [openByCodeLocker] Intento 1: Request -> {"lockerCode":"A2","setFree":true,"openBy":"local"}
[2025-10-06 21:08:50] [INFO] [main] [openByCodeLocker] Response. Status: 200
[2025-10-06 21:08:50] [INFO] [main] [openByCodeLocker] Response. Data: {"success":true,"message":"Casillero abierto exitosamente","lockerCode":"A2"}
[2025-10-06 21:08:50] [INFO] [main] [openByCodeLocker] Iniciando petición para abrir casillero
[2025-10-06 21:08:50] [INFO] [main] [openByCodeLocker] Timeout efectivo en ejecución: 30000
[2025-10-06 21:08:50] [INFO] [main] [openByCodeLocker] Intento 1: HOST -> http://localhost:8080
[2025-10-06 21:08:50] [INFO] [main] [openByCodeLocker] Intento 1: URL -> /api/lockers/open-by-code
[2025-10-06 21:08:50] [INFO] [main] [openByCodeLocker] Intento 1: Request -> {"lockerCode":"A3","setFree":true,"openBy":"local"}
[2025-10-06 21:08:50] [INFO] [main] [openByCodeLocker] Response. Status: 200
[2025-10-06 21:08:50] [INFO] [main] [openByCodeLocker] Response. Data: {"success":true,"message":"Casillero abierto exitosamente","lockerCode":"A3"}
[2025-10-06 21:08:50] [INFO] [main] [openByCodeLocker] Iniciando petición para abrir casillero
[2025-10-06 21:08:50] [INFO] [main] [openByCodeLocker] Timeout efectivo en ejecución: 30000
[2025-10-06 21:08:50] [INFO] [main] [openByCodeLocker] Intento 1: HOST -> http://localhost:8080
[2025-10-06 21:08:50] [INFO] [main] [openByCodeLocker] Intento 1: URL -> /api/lockers/open-by-code
[2025-10-06 21:08:50] [INFO] [main] [openByCodeLocker] Intento 1: Request -> {"lockerCode":"A4","setFree":true,"openBy":"local"}
[2025-10-06 21:08:50] [INFO] [main] [openByCodeLocker] Response. Status: 200
[2025-10-06 21:08:50] [INFO] [main] [openByCodeLocker] Response. Data: {"success":true,"message":"Casillero abierto exitosamente","lockerCode":"A4"}
[2025-10-06 21:08:50] [INFO] [main] [openByCodeLocker] Iniciando petición para abrir casillero
[2025-10-06 21:08:50] [INFO] [main] [openByCodeLocker] Timeout efectivo en ejecución: 30000
[2025-10-06 21:08:50] [INFO] [main] [openByCodeLocker] Intento 1: HOST -> http://localhost:8080
[2025-10-06 21:08:50] [INFO] [main] [openByCodeLocker] Intento 1: URL -> /api/lockers/open-by-code
[2025-10-06 21:08:50] [INFO] [main] [openByCodeLocker] Intento 1: Request -> {"lockerCode":"A5","setFree":true,"openBy":"local"}
[2025-10-06 21:08:50] [INFO] [main] [openByCodeLocker] Response. Status: 200
[2025-10-06 21:08:50] [INFO] [main] [openByCodeLocker] Response. Data: {"success":true,"message":"Casillero abierto exitosamente","lockerCode":"A5"}
[2025-10-06 21:08:50] [INFO] [main] [openByCodeLocker] Iniciando petición para abrir casillero
[2025-10-06 21:08:50] [INFO] [main] [openByCodeLocker] Timeout efectivo en ejecución: 30000
[2025-10-06 21:08:50] [INFO] [main] [openByCodeLocker] Intento 1: HOST -> http://localhost:8080
[2025-10-06 21:08:50] [INFO] [main] [openByCodeLocker] Intento 1: URL -> /api/lockers/open-by-code
[2025-10-06 21:08:50] [INFO] [main] [openByCodeLocker] Intento 1: Request -> {"lockerCode":"A6","setFree":true,"openBy":"local"}
[2025-10-06 21:08:50] [INFO] [main] [openByCodeLocker] Response. Status: 200
[2025-10-06 21:08:50] [INFO] [main] [openByCodeLocker] Response. Data: {"success":true,"message":"Casillero abierto exitosamente","lockerCode":"A6"}
[2025-10-06 21:08:50] [INFO] [main] [openByCodeLocker] Iniciando petición para abrir casillero
[2025-10-06 21:08:50] [INFO] [main] [openByCodeLocker] Timeout efectivo en ejecución: 30000
[2025-10-06 21:08:50] [INFO] [main] [openByCodeLocker] Intento 1: HOST -> http://localhost:8080
[2025-10-06 21:08:50] [INFO] [main] [openByCodeLocker] Intento 1: URL -> /api/lockers/open-by-code
[2025-10-06 21:08:50] [INFO] [main] [openByCodeLocker] Intento 1: Request -> {"lockerCode":"A7","setFree":true,"openBy":"local"}
[2025-10-06 21:08:50] [INFO] [main] [openByCodeLocker] Response. Status: 200
[2025-10-06 21:08:50] [INFO] [main] [openByCodeLocker] Response. Data: {"success":true,"message":"Casillero abierto exitosamente","lockerCode":"A7"}
[2025-10-06 21:08:50] [INFO] [main] [openByCodeLocker] Iniciando petición para abrir casillero
[2025-10-06 21:08:50] [INFO] [main] [openByCodeLocker] Timeout efectivo en ejecución: 30000
[2025-10-06 21:08:50] [INFO] [main] [openByCodeLocker] Intento 1: HOST -> http://localhost:8080
[2025-10-06 21:08:50] [INFO] [main] [openByCodeLocker] Intento 1: URL -> /api/lockers/open-by-code
[2025-10-06 21:08:50] [INFO] [main] [openByCodeLocker] Intento 1: Request -> {"lockerCode":"A8","setFree":true,"openBy":"local"}
[2025-10-06 21:08:50] [INFO] [main] [openByCodeLocker] Response. Status: 200
[2025-10-06 21:08:50] [INFO] [main] [openByCodeLocker] Response. Data: {"success":true,"message":"Casillero abierto exitosamente","lockerCode":"A8"}
[2025-10-06 21:08:50] [INFO] [main] [openByCodeLocker] Iniciando petición para abrir casillero
[2025-10-06 21:08:50] [INFO] [main] [openByCodeLocker] Timeout efectivo en ejecución: 30000
[2025-10-06 21:08:50] [INFO] [main] [openByCodeLocker] Intento 1: HOST -> http://localhost:8080
[2025-10-06 21:08:50] [INFO] [main] [openByCodeLocker] Intento 1: URL -> /api/lockers/open-by-code
[2025-10-06 21:08:50] [INFO] [main] [openByCodeLocker] Intento 1: Request -> {"lockerCode":"A9","setFree":true,"openBy":"local"}
[2025-10-06 21:08:50] [INFO] [main] [openByCodeLocker] Response. Status: 200
[2025-10-06 21:08:50] [INFO] [main] [openByCodeLocker] Response. Data: {"success":true,"message":"Casillero abierto exitosamente","lockerCode":"A9"}
[2025-10-06 21:08:50] [INFO] [main] [openByCodeLocker] Iniciando petición para abrir casillero
[2025-10-06 21:08:50] [INFO] [main] [openByCodeLocker] Timeout efectivo en ejecución: 30000
[2025-10-06 21:08:50] [INFO] [main] [openByCodeLocker] Intento 1: HOST -> http://localhost:8080
[2025-10-06 21:08:50] [INFO] [main] [openByCodeLocker] Intento 1: URL -> /api/lockers/open-by-code
[2025-10-06 21:08:50] [INFO] [main] [openByCodeLocker] Intento 1: Request -> {"lockerCode":"A10","setFree":true,"openBy":"local"}
[2025-10-06 21:08:50] [INFO] [main] [openByCodeLocker] Response. Status: 200
[2025-10-06 21:08:50] [INFO] [main] [openByCodeLocker] Response. Data: {"success":true,"message":"Casillero abierto exitosamente","lockerCode":"A10"}
[2025-10-06 21:08:50] [INFO] [main] [statusLockers] Iniciando petición para obtener casilleros disponibles
[2025-10-06 21:08:50] [INFO] [main] [statusLockers] Timeout efectivo en ejecución: 30000
[2025-10-06 21:08:50] [INFO] [main] [statusLockers] Intento 1: HOST -> http://localhost:8080
[2025-10-06 21:08:50] [INFO] [main] [statusLockers] Intento 1: URL -> /api/lockers/get-all-status
[2025-10-06 21:08:50] [INFO] [main] [statusLockers] Response. Status: 200
[2025-10-06 21:08:50] [INFO] [main] [statusLockers] Response. Data: {"general":[{"status":"libre","total":51},{"status":"reservado","total":1},{"status":"deshabilitado","total":4},{"status":"ocupado","total":4}],"modules":[{"module":"A","lockers":[{"lockerCode":"A1","status":"reservado"},{"lockerCode":"A2","status":"libre"},{"lockerCode":"A3","status":"libre"},{"lockerCode":"A4","status":"libre"},{"lockerCode":"A5","status":"libre"},{"lockerCode":"A6","status":"libre"},{"lockerCode":"A7","status":"libre"},{"lockerCode":"A8","status":"libre"},{"lockerCode":"A9","status":"libre"},{"lockerCode":"A10","status":"libre"}]},{"module":"B","lockers":[{"lockerCode":"B1","status":"libre"},{"lockerCode":"B2","status":"libre"},{"lockerCode":"B3","status":"libre"},{"lockerCode":"B4","status":"libre"},{"lockerCode":"B5","status":"libre"},{"lockerCode":"B6","status":"libre"},{"lockerCode":"B7","status":"libre"},{"lockerCode":"B8","status":"libre"},{"lockerCode":"B9","status":"libre"},{"lockerCode":"B10","status":"libre"}]},{"module":"C","lockers":[{"lockerCode":"C1","status":"libre"},{"lockerCode":"C2","status":"libre"},{"lockerCode":"C3","status":"libre"},{"lockerCode":"C4","status":"ocupado"},{"lockerCode":"C5","status":"libre"},{"lockerCode":"C6","status":"deshabilitado"},{"lockerCode":"C7","status":"libre"},{"lockerCode":"C8","status":"libre"},{"lockerCode":"C9","status":"libre"},{"lockerCode":"C10","status":"libre"}]},{"module":"D","lockers":[{"lockerCode":"D1","status":"deshabilitado"},{"lockerCode":"D2","status":"libre"},{"lockerCode":"D3","status":"libre"},{"lockerCode":"D4","status":"libre"},{"lockerCode":"D5","status":"libre"},{"lockerCode":"D6","status":"libre"},{"lockerCode":"D7","status":"ocupado"},{"lockerCode":"D8","status":"libre"},{"lockerCode":"D9","status":"libre"},{"lockerCode":"D10","status":"libre"}]},{"module":"E","lockers":[{"lockerCode":"E1","status":"libre"},{"lockerCode":"E2","status":"libre"},{"lockerCode":"E3","status":"libre"},{"lockerCode":"E4","status":"deshabilitado"},{"lockerCode":"E5","status":"libre"},{"lockerCode":"E6","status":"ocupado"},{"lockerCode":"E7","status":"libre"},{"lockerCode":"E8","status":"libre"},{"lockerCode":"E9","status":"libre"},{"lockerCode":"E10","status":"libre"}]},{"module":"F","lockers":[{"lockerCode":"F1","status":"libre"},{"lockerCode":"F2","status":"libre"},{"lockerCode":"F3","status":"libre"},{"lockerCode":"F4","status":"libre"},{"lockerCode":"F5","status":"libre"},{"lockerCode":"F6","status":"libre"},{"lockerCode":"F7","status":"ocupado"},{"lockerCode":"F8","status":"deshabilitado"},{"lockerCode":"F9","status":"libre"},{"lockerCode":"F10","status":"libre"}]}]}
[2025-10-06 21:09:45] [INFO] [main] [app] Componente App montado
[2025-10-06 21:09:45] [INFO] [main] [app] Versión cargada: 1.1.0
[2025-10-06 21:09:45] [INFO] [main] [useConfig] Configuración inicial obtenida
[2025-10-06 21:09:45] [INFO] [main] [useConfig] Configuración inicial obtenida
[2025-10-06 21:09:45] [INFO] [setupWatcher] Archivo setup_config.json cargado correctamente
[2025-10-06 21:09:45] [INFO] [main] Recibido config actualizado
[2025-10-06 21:09:45] [INFO] [main] [configStore] Configuración actualizada
[2025-10-06 21:09:45] [INFO] [main] [configStore] Nueva configuración recibida vía IPC
[2025-10-06 21:09:45] [INFO] [main] [useConfig] Configuración actualizada mediante onConfigUpdate
[2025-10-06 21:09:45] [INFO] [main] [useConfig] Configuración actualizada mediante onConfigUpdate
[2025-10-06 21:09:45] [INFO] [main] [useConfig] Configuración actualizada mediante onConfigUpdate
[2025-10-06 21:09:45] [INFO] [main] [useConfig] Configuración actualizada mediante onConfigUpdate
[2025-10-06 21:09:45] [INFO] [main] [useConfig] Configuración actualizada mediante onConfigUpdate
[2025-10-06 21:09:45] [INFO] [main] [useConfig] Configuración actualizada mediante onConfigUpdate
[2025-10-06 21:09:45] [INFO] [main] [useConfig] Configuración actualizada mediante onConfigUpdate
[2025-10-06 21:09:45] [INFO] [main] [useConfig] Configuración actualizada mediante onConfigUpdate
[2025-10-06 21:09:45] [INFO] [main] [useConfig] Configuración actualizada mediante onConfigUpdate
[2025-10-06 21:09:45] [INFO] [main] [useConfig] Configuración actualizada mediante onConfigUpdate
[2025-10-06 21:09:45] [INFO] [main] [useConfig] Configuración actualizada mediante onConfigUpdate
[2025-10-06 21:09:45] [INFO] [main] [useConfig] Configuración actualizada mediante onConfigUpdate
[2025-10-06 21:09:45] [INFO] [main] [useConfig] Configuración actualizada mediante onConfigUpdate
[2025-10-06 21:09:45] [INFO] [main] [useConfig] Configuración actualizada mediante onConfigUpdate
[2025-10-06 21:09:45] [INFO] [main] [useConfig] Configuración actualizada mediante onConfigUpdate
[2025-10-06 21:09:45] [INFO] [main] [useConfig] Configuración actualizada mediante onConfigUpdate
[2025-10-06 21:09:45] [INFO] [main] [useConfig] Configuración actualizada mediante onConfigUpdate
[2025-10-06 21:09:45] [INFO] [main] [useConfig] Configuración actualizada mediante onConfigUpdate
[2025-10-06 21:09:45] [INFO] [main] [useConfig] Configuración actualizada mediante onConfigUpdate
[2025-10-06 21:09:45] [INFO] [main] [useConfig] Configuración actualizada mediante onConfigUpdate
[2025-10-06 21:09:51] [INFO] [main] [login] Cierre de sesión para usuario: administrador
[2025-10-06 21:09:51] [INFO] [main] [app] Componente App montado
[2025-10-06 21:09:51] [INFO] [main] [app] Versión cargada: 1.1.0
[2025-10-06 21:09:57] [INFO] [main] [login] Inicio de sesión exitoso para usuario: operador
[2025-10-06 21:09:57] [INFO] [main] set-fullscreen: true
[2025-10-06 21:09:57] [INFO] [main] Ventana cerrándose, deteniendo TTS...
[2025-10-06 21:09:57] [INFO] [main] Creando ventana principal...
[2025-10-06 21:09:57] [INFO] [main] Cargando URL: http://localhost:5173
[2025-10-06 21:09:57] [INFO] [main] set-frame: false
[2025-10-06 21:09:57] [INFO] [main] [login] Usuario autenticado en sesión principal, redirigiendo a /ppal
[2025-10-06 21:09:57] [INFO] [main] [app] Componente App montado
[2025-10-06 21:09:57] [INFO] [main] [app] Versión cargada: 1.1.0
[2025-10-06 21:09:57] [INFO] [main] Recibido config actualizado
[2025-10-06 21:09:57] [INFO] [main] Recibido auth actualizado
[2025-10-06 21:09:57] [INFO] [main] Recibido logger actualizado
[2025-10-06 21:09:57] [INFO] [main] Recibido env actualizado
[2025-10-06 21:09:57] [INFO] [preload] Inicializando preload.js
[2025-10-06 21:09:57] [INFO] [setupWatcher] Observando archivo setup_config.json en: C:\Users\User\Documents\Personal\LockeritDesk\configFiles\setup_config.json
[2025-10-06 21:09:57] [INFO] [setupWatcher] Archivo setup_config.json cargado correctamente
[2025-10-06 21:09:57] [INFO] [preload] Watcher iniciado: setup_config.json
[2025-10-06 21:09:57] [INFO] [authWatcher] Observando archivo auth_key.json en: C:\Users\User\Documents\Personal\LockeritDesk\configFiles\auth_key.json
[2025-10-06 21:09:57] [INFO] [authWatcher] auth_key.json actualizado correctamente
[2025-10-06 21:09:57] [INFO] [preload] Watcher iniciado: auth_key.json
[2025-10-06 21:09:57] [INFO] [loggerWatcher] Observando archivo logger_config.json en: C:\Users\User\Documents\Personal\LockeritDesk\configFiles\logger_config.json
[2025-10-06 21:09:57] [INFO] [loggerWatcher] Archivo logger_config.json cargado correctamente
[2025-10-06 21:09:57] [INFO] [preload] Watcher iniciado: logger_config.json
[2025-10-06 21:09:57] [INFO] [envWatcher] Observando archivo .env en: C:\Users\User\Documents\Personal\LockeritDesk\configFiles\.env
[2025-10-06 21:09:57] [INFO] [envWatcher] Archivo .env cargado correctamente
[2025-10-06 21:09:57] [INFO] [preload] Watcher iniciado: .env
[2025-10-06 21:09:57] [INFO] [preload] API expuesta en window.electronAPI
[2025-10-06 21:09:58] [INFO] [main] [axiosConfig] API BaseURL Inicial: http://localhost:8080
[2025-10-06 21:09:58] [INFO] [main] [axiosConfig] API BaseTimeout Inicial: 30
[2025-10-06 21:09:58] [INFO] [main] [configStore] Configuración actualizada
[2025-10-06 21:09:58] [INFO] [main] [configStore] config_key.json inicial cargado exitosamente
[2025-10-06 21:09:58] [INFO] [main] [envStore] ENV inicial cargado correctamente
[2025-10-06 21:09:58] [INFO] [main] [envStore] ENV actualizado
[2025-10-06 21:09:58] [INFO] [main] [axiosConfig] API BaseTimeout actualizada dinámicamente: 30
[2025-10-06 21:09:58] [INFO] [main] [assignLocker] API BaseTimeout actualizada dinámicamente: 30
[2025-10-06 21:09:58] [INFO] [main] [authStore] Auth actualizado
[2025-10-06 21:09:58] [INFO] [main] [authStore] auth_key.json inicial cargado exitosamente
[2025-10-06 21:09:58] [INFO] [main] get-screen-data-once -> 1920x1048 factor=0.97
[2025-10-06 21:09:59] [INFO] [main] [login] Usuario autenticado en sesión principal, redirigiendo a /ppal
[2025-10-06 21:09:59] [INFO] [main] [copyright] Versión cargada: 1.1.0
[2025-10-06 21:09:59] [INFO] [main] [app] Componente App montado
[2025-10-06 21:09:59] [INFO] [main] [app] Versión cargada: 1.1.0
[2025-10-06 21:09:59] [INFO] [main] [copyright] Versión cargada: 1.1.0
[2025-10-06 21:09:59] [INFO] [main] [app] Componente App montado
[2025-10-06 21:09:59] [INFO] [main] [app] Versión cargada: 1.1.0
[2025-10-06 21:09:59] [INFO] [main] [useConfig] Configuración inicial obtenida
[2025-10-06 21:09:59] [INFO] [main] [useConfig] Configuración inicial obtenida
[2025-10-06 21:09:59] [INFO] [main] [useConfig] Configuración inicial obtenida
[2025-10-06 21:09:59] [INFO] [main] [useConfig] Configuración inicial obtenida
[2025-10-06 21:09:59] [INFO] [main] [useConfig] Configuración inicial obtenida
[2025-10-06 21:09:59] [INFO] [main] [useConfig] Configuración inicial obtenida
[2025-10-06 21:09:59] [INFO] [main] [statusLockers] Iniciando petición para obtener casilleros disponibles
[2025-10-06 21:09:59] [INFO] [main] [statusLockers] Timeout efectivo en ejecución: 30000
[2025-10-06 21:09:59] [INFO] [main] [statusLockers] Intento 1: HOST -> http://localhost:8080
[2025-10-06 21:09:59] [INFO] [main] [statusLockers] Intento 1: URL -> /api/lockers/get-all-status
[2025-10-06 21:09:59] [INFO] [main] [statusLockers] Iniciando petición para obtener casilleros disponibles
[2025-10-06 21:09:59] [INFO] [main] [statusLockers] Timeout efectivo en ejecución: 30000
[2025-10-06 21:09:59] [INFO] [main] [statusLockers] Intento 1: HOST -> http://localhost:8080
[2025-10-06 21:09:59] [INFO] [main] [statusLockers] Intento 1: URL -> /api/lockers/get-all-status
[2025-10-06 21:09:59] [INFO] [main] [useConfig] Configuración inicial obtenida
[2025-10-06 21:09:59] [INFO] [main] [useConfig] Configuración inicial obtenida
[2025-10-06 21:09:59] [INFO] [main] [useConfig] Configuración inicial obtenida
[2025-10-06 21:09:59] [INFO] [main] [useConfig] Configuración inicial obtenida
[2025-10-06 21:09:59] [INFO] [main] [statusLockers] Response. Status: 200
[2025-10-06 21:09:59] [INFO] [main] [statusLockers] Response. Data: {"general":[{"status":"ocupado","total":4},{"status":"libre","total":51},{"status":"reservado","total":1},{"status":"deshabilitado","total":4}],"modules":[{"module":"A","lockers":[{"lockerCode":"A1","status":"reservado"},{"lockerCode":"A2","status":"libre"},{"lockerCode":"A3","status":"libre"},{"lockerCode":"A4","status":"libre"},{"lockerCode":"A5","status":"libre"},{"lockerCode":"A6","status":"libre"},{"lockerCode":"A7","status":"libre"},{"lockerCode":"A8","status":"libre"},{"lockerCode":"A9","status":"libre"},{"lockerCode":"A10","status":"libre"}]},{"module":"B","lockers":[{"lockerCode":"B1","status":"libre"},{"lockerCode":"B2","status":"libre"},{"lockerCode":"B3","status":"libre"},{"lockerCode":"B4","status":"libre"},{"lockerCode":"B5","status":"libre"},{"lockerCode":"B6","status":"libre"},{"lockerCode":"B7","status":"libre"},{"lockerCode":"B8","status":"libre"},{"lockerCode":"B9","status":"libre"},{"lockerCode":"B10","status":"libre"}]},{"module":"C","lockers":[{"lockerCode":"C1","status":"libre"},{"lockerCode":"C2","status":"libre"},{"lockerCode":"C3","status":"libre"},{"lockerCode":"C4","status":"ocupado"},{"lockerCode":"C5","status":"libre"},{"lockerCode":"C6","status":"deshabilitado"},{"lockerCode":"C7","status":"libre"},{"lockerCode":"C8","status":"libre"},{"lockerCode":"C9","status":"libre"},{"lockerCode":"C10","status":"libre"}]},{"module":"D","lockers":[{"lockerCode":"D1","status":"deshabilitado"},{"lockerCode":"D2","status":"libre"},{"lockerCode":"D3","status":"libre"},{"lockerCode":"D4","status":"libre"},{"lockerCode":"D5","status":"libre"},{"lockerCode":"D6","status":"libre"},{"lockerCode":"D7","status":"ocupado"},{"lockerCode":"D8","status":"libre"},{"lockerCode":"D9","status":"libre"},{"lockerCode":"D10","status":"libre"}]},{"module":"E","lockers":[{"lockerCode":"E1","status":"libre"},{"lockerCode":"E2","status":"libre"},{"lockerCode":"E3","status":"libre"},{"lockerCode":"E4","status":"deshabilitado"},{"lockerCode":"E5","status":"libre"},{"lockerCode":"E6","status":"ocupado"},{"lockerCode":"E7","status":"libre"},{"lockerCode":"E8","status":"libre"},{"lockerCode":"E9","status":"libre"},{"lockerCode":"E10","status":"libre"}]},{"module":"F","lockers":[{"lockerCode":"F1","status":"libre"},{"lockerCode":"F2","status":"libre"},{"lockerCode":"F3","status":"libre"},{"lockerCode":"F4","status":"libre"},{"lockerCode":"F5","status":"libre"},{"lockerCode":"F6","status":"libre"},{"lockerCode":"F7","status":"ocupado"},{"lockerCode":"F8","status":"deshabilitado"},{"lockerCode":"F9","status":"libre"},{"lockerCode":"F10","status":"libre"}]}]}
[2025-10-06 21:09:59] [INFO] [main] [statusLockers] Response. Status: 200
[2025-10-06 21:09:59] [INFO] [main] [statusLockers] Response. Data: {"general":[{"status":"reservado","total":1},{"status":"deshabilitado","total":4},{"status":"ocupado","total":4},{"status":"libre","total":51}],"modules":[{"module":"A","lockers":[{"lockerCode":"A1","status":"reservado"},{"lockerCode":"A2","status":"libre"},{"lockerCode":"A3","status":"libre"},{"lockerCode":"A4","status":"libre"},{"lockerCode":"A5","status":"libre"},{"lockerCode":"A6","status":"libre"},{"lockerCode":"A7","status":"libre"},{"lockerCode":"A8","status":"libre"},{"lockerCode":"A9","status":"libre"},{"lockerCode":"A10","status":"libre"}]},{"module":"B","lockers":[{"lockerCode":"B1","status":"libre"},{"lockerCode":"B2","status":"libre"},{"lockerCode":"B3","status":"libre"},{"lockerCode":"B4","status":"libre"},{"lockerCode":"B5","status":"libre"},{"lockerCode":"B6","status":"libre"},{"lockerCode":"B7","status":"libre"},{"lockerCode":"B8","status":"libre"},{"lockerCode":"B9","status":"libre"},{"lockerCode":"B10","status":"libre"}]},{"module":"C","lockers":[{"lockerCode":"C1","status":"libre"},{"lockerCode":"C2","status":"libre"},{"lockerCode":"C3","status":"libre"},{"lockerCode":"C4","status":"ocupado"},{"lockerCode":"C5","status":"libre"},{"lockerCode":"C6","status":"deshabilitado"},{"lockerCode":"C7","status":"libre"},{"lockerCode":"C8","status":"libre"},{"lockerCode":"C9","status":"libre"},{"lockerCode":"C10","status":"libre"}]},{"module":"D","lockers":[{"lockerCode":"D1","status":"deshabilitado"},{"lockerCode":"D2","status":"libre"},{"lockerCode":"D3","status":"libre"},{"lockerCode":"D4","status":"libre"},{"lockerCode":"D5","status":"libre"},{"lockerCode":"D6","status":"libre"},{"lockerCode":"D7","status":"ocupado"},{"lockerCode":"D8","status":"libre"},{"lockerCode":"D9","status":"libre"},{"lockerCode":"D10","status":"libre"}]},{"module":"E","lockers":[{"lockerCode":"E1","status":"libre"},{"lockerCode":"E2","status":"libre"},{"lockerCode":"E3","status":"libre"},{"lockerCode":"E4","status":"deshabilitado"},{"lockerCode":"E5","status":"libre"},{"lockerCode":"E6","status":"ocupado"},{"lockerCode":"E7","status":"libre"},{"lockerCode":"E8","status":"libre"},{"lockerCode":"E9","status":"libre"},{"lockerCode":"E10","status":"libre"}]},{"module":"F","lockers":[{"lockerCode":"F1","status":"libre"},{"lockerCode":"F2","status":"libre"},{"lockerCode":"F3","status":"libre"},{"lockerCode":"F4","status":"libre"},{"lockerCode":"F5","status":"libre"},{"lockerCode":"F6","status":"libre"},{"lockerCode":"F7","status":"ocupado"},{"lockerCode":"F8","status":"deshabilitado"},{"lockerCode":"F9","status":"libre"},{"lockerCode":"F10","status":"libre"}]}]}
[2025-10-06 21:10:12] [INFO] [main] [openReserveLocker] Iniciando petición para abrir casillero reservado
[2025-10-06 21:10:12] [INFO] [main] [openReserveLocker] Timeout efectivo en ejecución: 30000
[2025-10-06 21:10:12] [INFO] [main] [openReserveLocker] Intento 1: HOST -> http://localhost:8080
[2025-10-06 21:10:12] [INFO] [main] [openReserveLocker] Intento 1: URL -> /api/lockers/open-reservation
[2025-10-06 21:10:12] [INFO] [main] [openReserveLocker] Intento 1: Request -> {"phone":"3103192771","pin":"1378","openBy":"user"}
[2025-10-06 21:10:12] [ERROR] [main] [openReserveLocker] [intento 1] Error HTTP: 401 - Credenciales incorrectas
[2025-10-06 21:10:15] [INFO] [main] [statusLockers] Iniciando petición para obtener casilleros disponibles
[2025-10-06 21:10:15] [INFO] [main] [statusLockers] Timeout efectivo en ejecución: 30000
[2025-10-06 21:10:15] [INFO] [main] [statusLockers] Intento 1: HOST -> http://localhost:8080
[2025-10-06 21:10:15] [INFO] [main] [statusLockers] Intento 1: URL -> /api/lockers/get-all-status
[2025-10-06 21:10:15] [INFO] [main] [copyright] Versión cargada: 1.1.0
[2025-10-06 21:10:15] [INFO] [main] [app] Componente App montado
[2025-10-06 21:10:15] [INFO] [main] [app] Versión cargada: 1.1.0
[2025-10-06 21:10:15] [INFO] [main] [statusLockers] Iniciando petición para obtener casilleros disponibles
[2025-10-06 21:10:15] [INFO] [main] [statusLockers] Timeout efectivo en ejecución: 30000
[2025-10-06 21:10:15] [INFO] [main] [statusLockers] Intento 1: HOST -> http://localhost:8080
[2025-10-06 21:10:15] [INFO] [main] [statusLockers] Intento 1: URL -> /api/lockers/get-all-status
[2025-10-06 21:10:15] [INFO] [main] [copyright] Versión cargada: 1.1.0
[2025-10-06 21:10:15] [INFO] [main] [app] Componente App montado
[2025-10-06 21:10:15] [INFO] [main] [app] Versión cargada: 1.1.0
[2025-10-06 21:10:15] [INFO] [main] [useConfig] Configuración inicial obtenida
[2025-10-06 21:10:15] [INFO] [main] [useConfig] Configuración inicial obtenida
[2025-10-06 21:10:15] [INFO] [main] [useConfig] Configuración inicial obtenida
[2025-10-06 21:10:15] [INFO] [main] [useConfig] Configuración inicial obtenida
[2025-10-06 21:10:15] [INFO] [main] [useConfig] Configuración inicial obtenida
[2025-10-06 21:10:15] [INFO] [main] [useConfig] Configuración inicial obtenida
[2025-10-06 21:10:15] [INFO] [main] [useConfig] Configuración inicial obtenida
[2025-10-06 21:10:15] [INFO] [main] [useConfig] Configuración inicial obtenida
[2025-10-06 21:10:15] [INFO] [main] [statusLockers] Response. Status: 200
[2025-10-06 21:10:15] [INFO] [main] [statusLockers] Response. Data: {"general":[{"status":"ocupado","total":4},{"status":"libre","total":51},{"status":"reservado","total":1},{"status":"deshabilitado","total":4}],"modules":[{"module":"A","lockers":[{"lockerCode":"A1","status":"reservado"},{"lockerCode":"A2","status":"libre"},{"lockerCode":"A3","status":"libre"},{"lockerCode":"A4","status":"libre"},{"lockerCode":"A5","status":"libre"},{"lockerCode":"A6","status":"libre"},{"lockerCode":"A7","status":"libre"},{"lockerCode":"A8","status":"libre"},{"lockerCode":"A9","status":"libre"},{"lockerCode":"A10","status":"libre"}]},{"module":"B","lockers":[{"lockerCode":"B1","status":"libre"},{"lockerCode":"B2","status":"libre"},{"lockerCode":"B3","status":"libre"},{"lockerCode":"B4","status":"libre"},{"lockerCode":"B5","status":"libre"},{"lockerCode":"B6","status":"libre"},{"lockerCode":"B7","status":"libre"},{"lockerCode":"B8","status":"libre"},{"lockerCode":"B9","status":"libre"},{"lockerCode":"B10","status":"libre"}]},{"module":"C","lockers":[{"lockerCode":"C1","status":"libre"},{"lockerCode":"C2","status":"libre"},{"lockerCode":"C3","status":"libre"},{"lockerCode":"C4","status":"ocupado"},{"lockerCode":"C5","status":"libre"},{"lockerCode":"C6","status":"deshabilitado"},{"lockerCode":"C7","status":"libre"},{"lockerCode":"C8","status":"libre"},{"lockerCode":"C9","status":"libre"},{"lockerCode":"C10","status":"libre"}]},{"module":"D","lockers":[{"lockerCode":"D1","status":"deshabilitado"},{"lockerCode":"D2","status":"libre"},{"lockerCode":"D3","status":"libre"},{"lockerCode":"D4","status":"libre"},{"lockerCode":"D5","status":"libre"},{"lockerCode":"D6","status":"libre"},{"lockerCode":"D7","status":"ocupado"},{"lockerCode":"D8","status":"libre"},{"lockerCode":"D9","status":"libre"},{"lockerCode":"D10","status":"libre"}]},{"module":"E","lockers":[{"lockerCode":"E1","status":"libre"},{"lockerCode":"E2","status":"libre"},{"lockerCode":"E3","status":"libre"},{"lockerCode":"E4","status":"deshabilitado"},{"lockerCode":"E5","status":"libre"},{"lockerCode":"E6","status":"ocupado"},{"lockerCode":"E7","status":"libre"},{"lockerCode":"E8","status":"libre"},{"lockerCode":"E9","status":"libre"},{"lockerCode":"E10","status":"libre"}]},{"module":"F","lockers":[{"lockerCode":"F1","status":"libre"},{"lockerCode":"F2","status":"libre"},{"lockerCode":"F3","status":"libre"},{"lockerCode":"F4","status":"libre"},{"lockerCode":"F5","status":"libre"},{"lockerCode":"F6","status":"libre"},{"lockerCode":"F7","status":"ocupado"},{"lockerCode":"F8","status":"deshabilitado"},{"lockerCode":"F9","status":"libre"},{"lockerCode":"F10","status":"libre"}]}]}
[2025-10-06 21:10:15] [INFO] [main] [statusLockers] Response. Status: 200
[2025-10-06 21:10:15] [INFO] [main] [statusLockers] Response. Data: {"general":[{"status":"libre","total":51},{"status":"reservado","total":1},{"status":"deshabilitado","total":4},{"status":"ocupado","total":4}],"modules":[{"module":"A","lockers":[{"lockerCode":"A1","status":"reservado"},{"lockerCode":"A2","status":"libre"},{"lockerCode":"A3","status":"libre"},{"lockerCode":"A4","status":"libre"},{"lockerCode":"A5","status":"libre"},{"lockerCode":"A6","status":"libre"},{"lockerCode":"A7","status":"libre"},{"lockerCode":"A8","status":"libre"},{"lockerCode":"A9","status":"libre"},{"lockerCode":"A10","status":"libre"}]},{"module":"B","lockers":[{"lockerCode":"B1","status":"libre"},{"lockerCode":"B2","status":"libre"},{"lockerCode":"B3","status":"libre"},{"lockerCode":"B4","status":"libre"},{"lockerCode":"B5","status":"libre"},{"lockerCode":"B6","status":"libre"},{"lockerCode":"B7","status":"libre"},{"lockerCode":"B8","status":"libre"},{"lockerCode":"B9","status":"libre"},{"lockerCode":"B10","status":"libre"}]},{"module":"C","lockers":[{"lockerCode":"C1","status":"libre"},{"lockerCode":"C2","status":"libre"},{"lockerCode":"C3","status":"libre"},{"lockerCode":"C4","status":"ocupado"},{"lockerCode":"C5","status":"libre"},{"lockerCode":"C6","status":"deshabilitado"},{"lockerCode":"C7","status":"libre"},{"lockerCode":"C8","status":"libre"},{"lockerCode":"C9","status":"libre"},{"lockerCode":"C10","status":"libre"}]},{"module":"D","lockers":[{"lockerCode":"D1","status":"deshabilitado"},{"lockerCode":"D2","status":"libre"},{"lockerCode":"D3","status":"libre"},{"lockerCode":"D4","status":"libre"},{"lockerCode":"D5","status":"libre"},{"lockerCode":"D6","status":"libre"},{"lockerCode":"D7","status":"ocupado"},{"lockerCode":"D8","status":"libre"},{"lockerCode":"D9","status":"libre"},{"lockerCode":"D10","status":"libre"}]},{"module":"E","lockers":[{"lockerCode":"E1","status":"libre"},{"lockerCode":"E2","status":"libre"},{"lockerCode":"E3","status":"libre"},{"lockerCode":"E4","status":"deshabilitado"},{"lockerCode":"E5","status":"libre"},{"lockerCode":"E6","status":"ocupado"},{"lockerCode":"E7","status":"libre"},{"lockerCode":"E8","status":"libre"},{"lockerCode":"E9","status":"libre"},{"lockerCode":"E10","status":"libre"}]},{"module":"F","lockers":[{"lockerCode":"F1","status":"libre"},{"lockerCode":"F2","status":"libre"},{"lockerCode":"F3","status":"libre"},{"lockerCode":"F4","status":"libre"},{"lockerCode":"F5","status":"libre"},{"lockerCode":"F6","status":"libre"},{"lockerCode":"F7","status":"ocupado"},{"lockerCode":"F8","status":"deshabilitado"},{"lockerCode":"F9","status":"libre"},{"lockerCode":"F10","status":"libre"}]}]}
[2025-10-06 21:15:24] [INFO] [main] [statusLockers] Iniciando petición para obtener casilleros disponibles
[2025-10-06 21:15:24] [INFO] [main] [statusLockers] Timeout efectivo en ejecución: 30000
[2025-10-06 21:15:24] [INFO] [main] [statusLockers] Intento 1: HOST -> http://localhost:8080
[2025-10-06 21:15:24] [INFO] [main] [statusLockers] Intento 1: URL -> /api/lockers/get-all-status
[2025-10-06 21:15:24] [INFO] [main] [statusLockers] Response. Status: 200
[2025-10-06 21:15:24] [INFO] [main] [statusLockers] Response. Data: {"general":[{"status":"deshabilitado","total":4},{"status":"ocupado","total":4},{"status":"libre","total":51},{"status":"reservado","total":1}],"modules":[{"module":"A","lockers":[{"lockerCode":"A1","status":"reservado"},{"lockerCode":"A2","status":"libre"},{"lockerCode":"A3","status":"libre"},{"lockerCode":"A4","status":"libre"},{"lockerCode":"A5","status":"libre"},{"lockerCode":"A6","status":"libre"},{"lockerCode":"A7","status":"libre"},{"lockerCode":"A8","status":"libre"},{"lockerCode":"A9","status":"libre"},{"lockerCode":"A10","status":"libre"}]},{"module":"B","lockers":[{"lockerCode":"B1","status":"libre"},{"lockerCode":"B2","status":"libre"},{"lockerCode":"B3","status":"libre"},{"lockerCode":"B4","status":"libre"},{"lockerCode":"B5","status":"libre"},{"lockerCode":"B6","status":"libre"},{"lockerCode":"B7","status":"libre"},{"lockerCode":"B8","status":"libre"},{"lockerCode":"B9","status":"libre"},{"lockerCode":"B10","status":"libre"}]},{"module":"C","lockers":[{"lockerCode":"C1","status":"libre"},{"lockerCode":"C2","status":"libre"},{"lockerCode":"C3","status":"libre"},{"lockerCode":"C4","status":"ocupado"},{"lockerCode":"C5","status":"libre"},{"lockerCode":"C6","status":"deshabilitado"},{"lockerCode":"C7","status":"libre"},{"lockerCode":"C8","status":"libre"},{"lockerCode":"C9","status":"libre"},{"lockerCode":"C10","status":"libre"}]},{"module":"D","lockers":[{"lockerCode":"D1","status":"deshabilitado"},{"lockerCode":"D2","status":"libre"},{"lockerCode":"D3","status":"libre"},{"lockerCode":"D4","status":"libre"},{"lockerCode":"D5","status":"libre"},{"lockerCode":"D6","status":"libre"},{"lockerCode":"D7","status":"ocupado"},{"lockerCode":"D8","status":"libre"},{"lockerCode":"D9","status":"libre"},{"lockerCode":"D10","status":"libre"}]},{"module":"E","lockers":[{"lockerCode":"E1","status":"libre"},{"lockerCode":"E2","status":"libre"},{"lockerCode":"E3","status":"libre"},{"lockerCode":"E4","status":"deshabilitado"},{"lockerCode":"E5","status":"libre"},{"lockerCode":"E6","status":"ocupado"},{"lockerCode":"E7","status":"libre"},{"lockerCode":"E8","status":"libre"},{"lockerCode":"E9","status":"libre"},{"lockerCode":"E10","status":"libre"}]},{"module":"F","lockers":[{"lockerCode":"F1","status":"libre"},{"lockerCode":"F2","status":"libre"},{"lockerCode":"F3","status":"libre"},{"lockerCode":"F4","status":"libre"},{"lockerCode":"F5","status":"libre"},{"lockerCode":"F6","status":"libre"},{"lockerCode":"F7","status":"ocupado"},{"lockerCode":"F8","status":"deshabilitado"},{"lockerCode":"F9","status":"libre"},{"lockerCode":"F10","status":"libre"}]}]}
[2025-10-06 22:34:14] [INFO] [main] Iniciando aplicación Electron
[2025-10-06 22:34:14] [INFO] [main] .env cargado desde C:\Users\User\Documents\Personal\LockeritDesk\configFiles\.env
[2025-10-06 22:34:14] [INFO] [main] App lista, creando ventana...
[2025-10-06 22:34:14] [INFO] [main] Creando ventana principal...
[2025-10-06 22:34:15] [INFO] [main] Cargando URL: http://localhost:5173
[2025-10-06 22:34:15] [INFO] [main] Recibido config actualizado
[2025-10-06 22:34:15] [INFO] [main] Recibido auth actualizado
[2025-10-06 22:34:15] [INFO] [main] Recibido logger actualizado
[2025-10-06 22:34:15] [INFO] [main] Recibido env actualizado
[2025-10-06 22:34:15] [INFO] [preload] Inicializando preload.js
[2025-10-06 22:34:15] [INFO] [setupWatcher] Observando archivo setup_config.json en: C:\Users\User\Documents\Personal\LockeritDesk\configFiles\setup_config.json
[2025-10-06 22:34:15] [INFO] [setupWatcher] Archivo setup_config.json cargado correctamente
[2025-10-06 22:34:15] [INFO] [preload] Watcher iniciado: setup_config.json
[2025-10-06 22:34:15] [INFO] [authWatcher] Observando archivo auth_key.json en: C:\Users\User\Documents\Personal\LockeritDesk\configFiles\auth_key.json
[2025-10-06 22:34:15] [INFO] [authWatcher] auth_key.json actualizado correctamente
[2025-10-06 22:34:15] [INFO] [preload] Watcher iniciado: auth_key.json
[2025-10-06 22:34:15] [INFO] [loggerWatcher] Observando archivo logger_config.json en: C:\Users\User\Documents\Personal\LockeritDesk\configFiles\logger_config.json
[2025-10-06 22:34:15] [INFO] [loggerWatcher] Archivo logger_config.json cargado correctamente
[2025-10-06 22:34:15] [INFO] [preload] Watcher iniciado: logger_config.json
[2025-10-06 22:34:15] [INFO] [envWatcher] Observando archivo .env en: C:\Users\User\Documents\Personal\LockeritDesk\configFiles\.env
[2025-10-06 22:34:15] [INFO] [envWatcher] Archivo .env cargado correctamente
[2025-10-06 22:34:15] [INFO] [preload] Watcher iniciado: .env
[2025-10-06 22:34:15] [INFO] [preload] API expuesta en window.electronAPI
[2025-10-06 22:34:15] [INFO] [main] [axiosConfig] API BaseURL Inicial: http://localhost:8080
[2025-10-06 22:34:15] [INFO] [main] [axiosConfig] API BaseTimeout Inicial: 30
[2025-10-06 22:34:15] [INFO] [main] [configStore] Configuración actualizada
[2025-10-06 22:34:15] [INFO] [main] [configStore] config_key.json inicial cargado exitosamente
[2025-10-06 22:34:15] [INFO] [main] [envStore] ENV inicial cargado correctamente
[2025-10-06 22:34:15] [INFO] [main] [envStore] ENV actualizado
[2025-10-06 22:34:15] [INFO] [main] [axiosConfig] API BaseTimeout actualizada dinámicamente: 30
[2025-10-06 22:34:15] [INFO] [main] [assignLocker] API BaseTimeout actualizada dinámicamente: 30
[2025-10-06 22:34:15] [INFO] [main] [authStore] Auth actualizado
[2025-10-06 22:34:15] [INFO] [main] [authStore] auth_key.json inicial cargado exitosamente
[2025-10-06 22:34:15] [INFO] [main] CSP cambió, enviando al renderer
[2025-10-06 22:34:16] [INFO] [main] get-screen-data-once -> 1920x1048 factor=0.97
[2025-10-06 22:34:16] [INFO] [main] [login] Usuario autenticado en sesión principal, redirigiendo a /ppal
[2025-10-06 22:34:16] [INFO] [main] [copyright] Versión cargada: 1.1.0
[2025-10-06 22:34:16] [INFO] [main] [app] Componente App montado
[2025-10-06 22:34:16] [INFO] [main] [app] Versión cargada: 1.1.0
[2025-10-06 22:34:16] [INFO] [main] [copyright] Versión cargada: 1.1.0
[2025-10-06 22:34:16] [INFO] [main] [app] Componente App montado
[2025-10-06 22:34:16] [INFO] [main] [app] Versión cargada: 1.1.0
[2025-10-06 22:34:16] [INFO] [main] [useConfig] Configuración inicial obtenida
[2025-10-06 22:34:16] [INFO] [main] [useConfig] Configuración inicial obtenida
[2025-10-06 22:34:16] [INFO] [main] [useConfig] Configuración inicial obtenida
[2025-10-06 22:34:16] [INFO] [main] [useConfig] Configuración inicial obtenida
[2025-10-06 22:34:16] [INFO] [main] [useConfig] Configuración inicial obtenida
[2025-10-06 22:34:16] [INFO] [main] [useConfig] Configuración inicial obtenida
[2025-10-06 22:34:17] [INFO] [main] [statusLockers] Iniciando petición para obtener casilleros disponibles
[2025-10-06 22:34:17] [INFO] [main] [statusLockers] Timeout efectivo en ejecución: 30000
[2025-10-06 22:34:17] [INFO] [main] [statusLockers] Intento 1: HOST -> http://localhost:8080
[2025-10-06 22:34:17] [INFO] [main] [statusLockers] Intento 1: URL -> /api/lockers/get-all-status
[2025-10-06 22:34:17] [INFO] [main] [statusLockers] Iniciando petición para obtener casilleros disponibles
[2025-10-06 22:34:17] [INFO] [main] [statusLockers] Timeout efectivo en ejecución: 30000
[2025-10-06 22:34:17] [INFO] [main] [statusLockers] Intento 1: HOST -> http://localhost:8080
[2025-10-06 22:34:17] [INFO] [main] [statusLockers] Intento 1: URL -> /api/lockers/get-all-status
[2025-10-06 22:34:17] [INFO] [main] [useConfig] Configuración inicial obtenida
[2025-10-06 22:34:17] [INFO] [main] [useConfig] Configuración inicial obtenida
[2025-10-06 22:34:17] [INFO] [main] [useConfig] Configuración inicial obtenida
[2025-10-06 22:34:17] [INFO] [main] [useConfig] Configuración inicial obtenida
[2025-10-06 22:34:17] [INFO] [main] [statusLockers] Response. Status: 200
[2025-10-06 22:34:17] [INFO] [main] [statusLockers] Response. Data: {"general":[{"status":"ocupado","total":4},{"status":"libre","total":51},{"status":"reservado","total":1},{"status":"deshabilitado","total":4}],"modules":[{"module":"A","lockers":[{"lockerCode":"A1","status":"reservado"},{"lockerCode":"A2","status":"libre"},{"lockerCode":"A3","status":"libre"},{"lockerCode":"A4","status":"libre"},{"lockerCode":"A5","status":"libre"},{"lockerCode":"A6","status":"libre"},{"lockerCode":"A7","status":"libre"},{"lockerCode":"A8","status":"libre"},{"lockerCode":"A9","status":"libre"},{"lockerCode":"A10","status":"libre"}]},{"module":"B","lockers":[{"lockerCode":"B1","status":"libre"},{"lockerCode":"B2","status":"libre"},{"lockerCode":"B3","status":"libre"},{"lockerCode":"B4","status":"libre"},{"lockerCode":"B5","status":"libre"},{"lockerCode":"B6","status":"libre"},{"lockerCode":"B7","status":"libre"},{"lockerCode":"B8","status":"libre"},{"lockerCode":"B9","status":"libre"},{"lockerCode":"B10","status":"libre"}]},{"module":"C","lockers":[{"lockerCode":"C1","status":"libre"},{"lockerCode":"C2","status":"libre"},{"lockerCode":"C3","status":"libre"},{"lockerCode":"C4","status":"ocupado"},{"lockerCode":"C5","status":"libre"},{"lockerCode":"C6","status":"deshabilitado"},{"lockerCode":"C7","status":"libre"},{"lockerCode":"C8","status":"libre"},{"lockerCode":"C9","status":"libre"},{"lockerCode":"C10","status":"libre"}]},{"module":"D","lockers":[{"lockerCode":"D1","status":"deshabilitado"},{"lockerCode":"D2","status":"libre"},{"lockerCode":"D3","status":"libre"},{"lockerCode":"D4","status":"libre"},{"lockerCode":"D5","status":"libre"},{"lockerCode":"D6","status":"libre"},{"lockerCode":"D7","status":"ocupado"},{"lockerCode":"D8","status":"libre"},{"lockerCode":"D9","status":"libre"},{"lockerCode":"D10","status":"libre"}]},{"module":"E","lockers":[{"lockerCode":"E1","status":"libre"},{"lockerCode":"E2","status":"libre"},{"lockerCode":"E3","status":"libre"},{"lockerCode":"E4","status":"deshabilitado"},{"lockerCode":"E5","status":"libre"},{"lockerCode":"E6","status":"ocupado"},{"lockerCode":"E7","status":"libre"},{"lockerCode":"E8","status":"libre"},{"lockerCode":"E9","status":"libre"},{"lockerCode":"E10","status":"libre"}]},{"module":"F","lockers":[{"lockerCode":"F1","status":"libre"},{"lockerCode":"F2","status":"libre"},{"lockerCode":"F3","status":"libre"},{"lockerCode":"F4","status":"libre"},{"lockerCode":"F5","status":"libre"},{"lockerCode":"F6","status":"libre"},{"lockerCode":"F7","status":"ocupado"},{"lockerCode":"F8","status":"deshabilitado"},{"lockerCode":"F9","status":"libre"},{"lockerCode":"F10","status":"libre"}]}]}
[2025-10-06 22:34:17] [INFO] [main] [statusLockers] Response. Status: 200
[2025-10-06 22:34:17] [INFO] [main] [statusLockers] Response. Data: {"general":[{"status":"ocupado","total":4},{"status":"libre","total":51},{"status":"reservado","total":1},{"status":"deshabilitado","total":4}],"modules":[{"module":"A","lockers":[{"lockerCode":"A1","status":"reservado"},{"lockerCode":"A2","status":"libre"},{"lockerCode":"A3","status":"libre"},{"lockerCode":"A4","status":"libre"},{"lockerCode":"A5","status":"libre"},{"lockerCode":"A6","status":"libre"},{"lockerCode":"A7","status":"libre"},{"lockerCode":"A8","status":"libre"},{"lockerCode":"A9","status":"libre"},{"lockerCode":"A10","status":"libre"}]},{"module":"B","lockers":[{"lockerCode":"B1","status":"libre"},{"lockerCode":"B2","status":"libre"},{"lockerCode":"B3","status":"libre"},{"lockerCode":"B4","status":"libre"},{"lockerCode":"B5","status":"libre"},{"lockerCode":"B6","status":"libre"},{"lockerCode":"B7","status":"libre"},{"lockerCode":"B8","status":"libre"},{"lockerCode":"B9","status":"libre"},{"lockerCode":"B10","status":"libre"}]},{"module":"C","lockers":[{"lockerCode":"C1","status":"libre"},{"lockerCode":"C2","status":"libre"},{"lockerCode":"C3","status":"libre"},{"lockerCode":"C4","status":"ocupado"},{"lockerCode":"C5","status":"libre"},{"lockerCode":"C6","status":"deshabilitado"},{"lockerCode":"C7","status":"libre"},{"lockerCode":"C8","status":"libre"},{"lockerCode":"C9","status":"libre"},{"lockerCode":"C10","status":"libre"}]},{"module":"D","lockers":[{"lockerCode":"D1","status":"deshabilitado"},{"lockerCode":"D2","status":"libre"},{"lockerCode":"D3","status":"libre"},{"lockerCode":"D4","status":"libre"},{"lockerCode":"D5","status":"libre"},{"lockerCode":"D6","status":"libre"},{"lockerCode":"D7","status":"ocupado"},{"lockerCode":"D8","status":"libre"},{"lockerCode":"D9","status":"libre"},{"lockerCode":"D10","status":"libre"}]},{"module":"E","lockers":[{"lockerCode":"E1","status":"libre"},{"lockerCode":"E2","status":"libre"},{"lockerCode":"E3","status":"libre"},{"lockerCode":"E4","status":"deshabilitado"},{"lockerCode":"E5","status":"libre"},{"lockerCode":"E6","status":"ocupado"},{"lockerCode":"E7","status":"libre"},{"lockerCode":"E8","status":"libre"},{"lockerCode":"E9","status":"libre"},{"lockerCode":"E10","status":"libre"}]},{"module":"F","lockers":[{"lockerCode":"F1","status":"libre"},{"lockerCode":"F2","status":"libre"},{"lockerCode":"F3","status":"libre"},{"lockerCode":"F4","status":"libre"},{"lockerCode":"F5","status":"libre"},{"lockerCode":"F6","status":"libre"},{"lockerCode":"F7","status":"ocupado"},{"lockerCode":"F8","status":"deshabilitado"},{"lockerCode":"F9","status":"libre"},{"lockerCode":"F10","status":"libre"}]}]}
[2025-10-06 22:34:34] [INFO] [main] [openReserveLocker] Iniciando petición para abrir casillero reservado
[2025-10-06 22:34:34] [INFO] [main] [openReserveLocker] Timeout efectivo en ejecución: 30000
[2025-10-06 22:34:34] [INFO] [main] [openReserveLocker] Intento 1: HOST -> http://localhost:8080
[2025-10-06 22:34:34] [INFO] [main] [openReserveLocker] Intento 1: URL -> /api/lockers/open-reservation
[2025-10-06 22:34:34] [INFO] [main] [openReserveLocker] Intento 1: Request -> {"phone":"3103192771","pin":"1587","openBy":"user"}
[2025-10-06 22:34:34] [ERROR] [main] [openReserveLocker] [intento 1] Error HTTP: 401 - Credenciales incorrectas
[2025-10-06 22:34:35] [INFO] Voz cacheada por defecto: Microsoft Sabina Desktop
[2025-10-06 22:34:46] [INFO] [main] [openReserveLocker] Iniciando petición para abrir casillero reservado
[2025-10-06 22:34:46] [INFO] [main] [openReserveLocker] Timeout efectivo en ejecución: 30000
[2025-10-06 22:34:46] [INFO] [main] [openReserveLocker] Intento 1: HOST -> http://localhost:8080
[2025-10-06 22:34:46] [INFO] [main] [openReserveLocker] Intento 1: URL -> /api/lockers/open-reservation
[2025-10-06 22:34:46] [INFO] [main] [openReserveLocker] Intento 1: Request -> {"phone":"3103192772","pin":"1370","openBy":"user"}
[2025-10-06 22:34:46] [ERROR] [main] [openReserveLocker] [intento 1] Error HTTP: 404 - No existe casillero asignado para este numero
[2025-10-06 22:34:53] [INFO] [main] [openReserveLocker] Iniciando petición para abrir casillero reservado
[2025-10-06 22:34:53] [INFO] [main] [openReserveLocker] Timeout efectivo en ejecución: 30000
[2025-10-06 22:34:53] [INFO] [main] [openReserveLocker] Intento 1: HOST -> http://localhost:8080
[2025-10-06 22:34:53] [INFO] [main] [openReserveLocker] Intento 1: URL -> /api/lockers/open-reservation
[2025-10-06 22:34:53] [INFO] [main] [openReserveLocker] Intento 1: Request -> {"phone":"3103192771","pin":"1370","openBy":"user"}
[2025-10-06 22:34:53] [INFO] [main] [openReserveLocker] Response. Status: 200
[2025-10-06 22:34:53] [INFO] [main] [openReserveLocker] Response. Data: {"success":true,"message":"Casillero abierto exitosamente","lockerCode":"A1"}
[2025-10-06 22:35:00] [INFO] [main] [statusLockers] Iniciando petición para obtener casilleros disponibles
[2025-10-06 22:35:00] [INFO] [main] [statusLockers] Timeout efectivo en ejecución: 30000
[2025-10-06 22:35:00] [INFO] [main] [statusLockers] Intento 1: HOST -> http://localhost:8080
[2025-10-06 22:35:00] [INFO] [main] [statusLockers] Intento 1: URL -> /api/lockers/get-all-status
[2025-10-06 22:35:00] [INFO] [main] [statusLockers] Response. Status: 200
[2025-10-06 22:35:00] [INFO] [main] [statusLockers] Response. Data: {"general":[{"status":"ocupado","total":4},{"status":"libre","total":51},{"status":"reservado","total":1},{"status":"deshabilitado","total":4}],"modules":[{"module":"A","lockers":[{"lockerCode":"A1","status":"reservado"},{"lockerCode":"A2","status":"libre"},{"lockerCode":"A3","status":"libre"},{"lockerCode":"A4","status":"libre"},{"lockerCode":"A5","status":"libre"},{"lockerCode":"A6","status":"libre"},{"lockerCode":"A7","status":"libre"},{"lockerCode":"A8","status":"libre"},{"lockerCode":"A9","status":"libre"},{"lockerCode":"A10","status":"libre"}]},{"module":"B","lockers":[{"lockerCode":"B1","status":"libre"},{"lockerCode":"B2","status":"libre"},{"lockerCode":"B3","status":"libre"},{"lockerCode":"B4","status":"libre"},{"lockerCode":"B5","status":"libre"},{"lockerCode":"B6","status":"libre"},{"lockerCode":"B7","status":"libre"},{"lockerCode":"B8","status":"libre"},{"lockerCode":"B9","status":"libre"},{"lockerCode":"B10","status":"libre"}]},{"module":"C","lockers":[{"lockerCode":"C1","status":"libre"},{"lockerCode":"C2","status":"libre"},{"lockerCode":"C3","status":"libre"},{"lockerCode":"C4","status":"ocupado"},{"lockerCode":"C5","status":"libre"},{"lockerCode":"C6","status":"deshabilitado"},{"lockerCode":"C7","status":"libre"},{"lockerCode":"C8","status":"libre"},{"lockerCode":"C9","status":"libre"},{"lockerCode":"C10","status":"libre"}]},{"module":"D","lockers":[{"lockerCode":"D1","status":"deshabilitado"},{"lockerCode":"D2","status":"libre"},{"lockerCode":"D3","status":"libre"},{"lockerCode":"D4","status":"libre"},{"lockerCode":"D5","status":"libre"},{"lockerCode":"D6","status":"libre"},{"lockerCode":"D7","status":"ocupado"},{"lockerCode":"D8","status":"libre"},{"lockerCode":"D9","status":"libre"},{"lockerCode":"D10","status":"libre"}]},{"module":"E","lockers":[{"lockerCode":"E1","status":"libre"},{"lockerCode":"E2","status":"libre"},{"lockerCode":"E3","status":"libre"},{"lockerCode":"E4","status":"deshabilitado"},{"lockerCode":"E5","status":"libre"},{"lockerCode":"E6","status":"ocupado"},{"lockerCode":"E7","status":"libre"},{"lockerCode":"E8","status":"libre"},{"lockerCode":"E9","status":"libre"},{"lockerCode":"E10","status":"libre"}]},{"module":"F","lockers":[{"lockerCode":"F1","status":"libre"},{"lockerCode":"F2","status":"libre"},{"lockerCode":"F3","status":"libre"},{"lockerCode":"F4","status":"libre"},{"lockerCode":"F5","status":"libre"},{"lockerCode":"F6","status":"libre"},{"lockerCode":"F7","status":"ocupado"},{"lockerCode":"F8","status":"deshabilitado"},{"lockerCode":"F9","status":"libre"},{"lockerCode":"F10","status":"libre"}]}]}
[2025-10-06 22:35:03] [INFO] [main] [statusLockers] Iniciando petición para obtener casilleros disponibles
[2025-10-06 22:35:03] [INFO] [main] [statusLockers] Timeout efectivo en ejecución: 30000
[2025-10-06 22:35:03] [INFO] [main] [statusLockers] Intento 1: HOST -> http://localhost:8080
[2025-10-06 22:35:03] [INFO] [main] [statusLockers] Intento 1: URL -> /api/lockers/get-all-status
[2025-10-06 22:35:03] [INFO] [main] [copyright] Versión cargada: 1.1.0
[2025-10-06 22:35:03] [INFO] [main] [app] Componente App montado
[2025-10-06 22:35:03] [INFO] [main] [app] Versión cargada: 1.1.0
[2025-10-06 22:35:03] [INFO] [main] [statusLockers] Iniciando petición para obtener casilleros disponibles
[2025-10-06 22:35:03] [INFO] [main] [statusLockers] Timeout efectivo en ejecución: 30000
[2025-10-06 22:35:03] [INFO] [main] [statusLockers] Intento 1: HOST -> http://localhost:8080
[2025-10-06 22:35:03] [INFO] [main] [statusLockers] Intento 1: URL -> /api/lockers/get-all-status
[2025-10-06 22:35:03] [INFO] [main] [copyright] Versión cargada: 1.1.0
[2025-10-06 22:35:03] [INFO] [main] [app] Componente App montado
[2025-10-06 22:35:03] [INFO] [main] [app] Versión cargada: 1.1.0
[2025-10-06 22:35:03] [INFO] [main] [useConfig] Configuración inicial obtenida
[2025-10-06 22:35:03] [INFO] [main] [useConfig] Configuración inicial obtenida
[2025-10-06 22:35:03] [INFO] [main] [useConfig] Configuración inicial obtenida
[2025-10-06 22:35:03] [INFO] [main] [useConfig] Configuración inicial obtenida
[2025-10-06 22:35:03] [INFO] [main] [useConfig] Configuración inicial obtenida
[2025-10-06 22:35:03] [INFO] [main] [useConfig] Configuración inicial obtenida
[2025-10-06 22:35:03] [INFO] [main] [useConfig] Configuración inicial obtenida
[2025-10-06 22:35:03] [INFO] [main] [useConfig] Configuración inicial obtenida
[2025-10-06 22:35:04] [INFO] [main] [statusLockers] Response. Status: 200
[2025-10-06 22:35:04] [INFO] [main] [statusLockers] Response. Data: {"general":[{"status":"deshabilitado","total":4},{"status":"ocupado","total":4},{"status":"libre","total":51},{"status":"reservado","total":1}],"modules":[{"module":"A","lockers":[{"lockerCode":"A1","status":"reservado"},{"lockerCode":"A2","status":"libre"},{"lockerCode":"A3","status":"libre"},{"lockerCode":"A4","status":"libre"},{"lockerCode":"A5","status":"libre"},{"lockerCode":"A6","status":"libre"},{"lockerCode":"A7","status":"libre"},{"lockerCode":"A8","status":"libre"},{"lockerCode":"A9","status":"libre"},{"lockerCode":"A10","status":"libre"}]},{"module":"B","lockers":[{"lockerCode":"B1","status":"libre"},{"lockerCode":"B2","status":"libre"},{"lockerCode":"B3","status":"libre"},{"lockerCode":"B4","status":"libre"},{"lockerCode":"B5","status":"libre"},{"lockerCode":"B6","status":"libre"},{"lockerCode":"B7","status":"libre"},{"lockerCode":"B8","status":"libre"},{"lockerCode":"B9","status":"libre"},{"lockerCode":"B10","status":"libre"}]},{"module":"C","lockers":[{"lockerCode":"C1","status":"libre"},{"lockerCode":"C2","status":"libre"},{"lockerCode":"C3","status":"libre"},{"lockerCode":"C4","status":"ocupado"},{"lockerCode":"C5","status":"libre"},{"lockerCode":"C6","status":"deshabilitado"},{"lockerCode":"C7","status":"libre"},{"lockerCode":"C8","status":"libre"},{"lockerCode":"C9","status":"libre"},{"lockerCode":"C10","status":"libre"}]},{"module":"D","lockers":[{"lockerCode":"D1","status":"deshabilitado"},{"lockerCode":"D2","status":"libre"},{"lockerCode":"D3","status":"libre"},{"lockerCode":"D4","status":"libre"},{"lockerCode":"D5","status":"libre"},{"lockerCode":"D6","status":"libre"},{"lockerCode":"D7","status":"ocupado"},{"lockerCode":"D8","status":"libre"},{"lockerCode":"D9","status":"libre"},{"lockerCode":"D10","status":"libre"}]},{"module":"E","lockers":[{"lockerCode":"E1","status":"libre"},{"lockerCode":"E2","status":"libre"},{"lockerCode":"E3","status":"libre"},{"lockerCode":"E4","status":"deshabilitado"},{"lockerCode":"E5","status":"libre"},{"lockerCode":"E6","status":"ocupado"},{"lockerCode":"E7","status":"libre"},{"lockerCode":"E8","status":"libre"},{"lockerCode":"E9","status":"libre"},{"lockerCode":"E10","status":"libre"}]},{"module":"F","lockers":[{"lockerCode":"F1","status":"libre"},{"lockerCode":"F2","status":"libre"},{"lockerCode":"F3","status":"libre"},{"lockerCode":"F4","status":"libre"},{"lockerCode":"F5","status":"libre"},{"lockerCode":"F6","status":"libre"},{"lockerCode":"F7","status":"ocupado"},{"lockerCode":"F8","status":"deshabilitado"},{"lockerCode":"F9","status":"libre"},{"lockerCode":"F10","status":"libre"}]}]}
[2025-10-06 22:35:04] [INFO] [main] [statusLockers] Response. Status: 200
[2025-10-06 22:35:04] [INFO] [main] [statusLockers] Response. Data: {"general":[{"status":"reservado","total":1},{"status":"deshabilitado","total":4},{"status":"ocupado","total":4},{"status":"libre","total":51}],"modules":[{"module":"A","lockers":[{"lockerCode":"A1","status":"reservado"},{"lockerCode":"A2","status":"libre"},{"lockerCode":"A3","status":"libre"},{"lockerCode":"A4","status":"libre"},{"lockerCode":"A5","status":"libre"},{"lockerCode":"A6","status":"libre"},{"lockerCode":"A7","status":"libre"},{"lockerCode":"A8","status":"libre"},{"lockerCode":"A9","status":"libre"},{"lockerCode":"A10","status":"libre"}]},{"module":"B","lockers":[{"lockerCode":"B1","status":"libre"},{"lockerCode":"B2","status":"libre"},{"lockerCode":"B3","status":"libre"},{"lockerCode":"B4","status":"libre"},{"lockerCode":"B5","status":"libre"},{"lockerCode":"B6","status":"libre"},{"lockerCode":"B7","status":"libre"},{"lockerCode":"B8","status":"libre"},{"lockerCode":"B9","status":"libre"},{"lockerCode":"B10","status":"libre"}]},{"module":"C","lockers":[{"lockerCode":"C1","status":"libre"},{"lockerCode":"C2","status":"libre"},{"lockerCode":"C3","status":"libre"},{"lockerCode":"C4","status":"ocupado"},{"lockerCode":"C5","status":"libre"},{"lockerCode":"C6","status":"deshabilitado"},{"lockerCode":"C7","status":"libre"},{"lockerCode":"C8","status":"libre"},{"lockerCode":"C9","status":"libre"},{"lockerCode":"C10","status":"libre"}]},{"module":"D","lockers":[{"lockerCode":"D1","status":"deshabilitado"},{"lockerCode":"D2","status":"libre"},{"lockerCode":"D3","status":"libre"},{"lockerCode":"D4","status":"libre"},{"lockerCode":"D5","status":"libre"},{"lockerCode":"D6","status":"libre"},{"lockerCode":"D7","status":"ocupado"},{"lockerCode":"D8","status":"libre"},{"lockerCode":"D9","status":"libre"},{"lockerCode":"D10","status":"libre"}]},{"module":"E","lockers":[{"lockerCode":"E1","status":"libre"},{"lockerCode":"E2","status":"libre"},{"lockerCode":"E3","status":"libre"},{"lockerCode":"E4","status":"deshabilitado"},{"lockerCode":"E5","status":"libre"},{"lockerCode":"E6","status":"ocupado"},{"lockerCode":"E7","status":"libre"},{"lockerCode":"E8","status":"libre"},{"lockerCode":"E9","status":"libre"},{"lockerCode":"E10","status":"libre"}]},{"module":"F","lockers":[{"lockerCode":"F1","status":"libre"},{"lockerCode":"F2","status":"libre"},{"lockerCode":"F3","status":"libre"},{"lockerCode":"F4","status":"libre"},{"lockerCode":"F5","status":"libre"},{"lockerCode":"F6","status":"libre"},{"lockerCode":"F7","status":"ocupado"},{"lockerCode":"F8","status":"deshabilitado"},{"lockerCode":"F9","status":"libre"},{"lockerCode":"F10","status":"libre"}]}]}
[2025-10-06 22:36:16] [INFO] [main] [openReserveLocker] Iniciando petición para abrir casillero reservado
[2025-10-06 22:36:16] [INFO] [main] [openReserveLocker] Timeout efectivo en ejecución: 30000
[2025-10-06 22:36:16] [INFO] [main] [openReserveLocker] Intento 1: HOST -> http://localhost:8080
[2025-10-06 22:36:16] [INFO] [main] [openReserveLocker] Intento 1: URL -> /api/lockers/open-reservation
[2025-10-06 22:36:16] [INFO] [main] [openReserveLocker] Intento 1: Request -> {"phone":"3103192771","pin":"1370","openBy":"user"}
[2025-10-06 22:36:16] [INFO] [main] [openReserveLocker] Response. Status: 200
[2025-10-06 22:36:16] [INFO] [main] [openReserveLocker] Response. Data: {"success":true,"message":"Casillero abierto exitosamente","lockerCode":"A1"}
[2025-10-06 22:36:17] [INFO] [main] [statusLockers] Iniciando petición para obtener casilleros disponibles
[2025-10-06 22:36:17] [INFO] [main] [statusLockers] Timeout efectivo en ejecución: 30000
[2025-10-06 22:36:17] [INFO] [main] [statusLockers] Intento 1: HOST -> http://localhost:8080
[2025-10-06 22:36:17] [INFO] [main] [statusLockers] Intento 1: URL -> /api/lockers/get-all-status
[2025-10-06 22:36:17] [INFO] [main] [statusLockers] Response. Status: 200
[2025-10-06 22:36:17] [INFO] [main] [statusLockers] Response. Data: {"general":[{"status":"ocupado","total":4},{"status":"libre","total":51},{"status":"reservado","total":1},{"status":"deshabilitado","total":4}],"modules":[{"module":"A","lockers":[{"lockerCode":"A1","status":"reservado"},{"lockerCode":"A2","status":"libre"},{"lockerCode":"A3","status":"libre"},{"lockerCode":"A4","status":"libre"},{"lockerCode":"A5","status":"libre"},{"lockerCode":"A6","status":"libre"},{"lockerCode":"A7","status":"libre"},{"lockerCode":"A8","status":"libre"},{"lockerCode":"A9","status":"libre"},{"lockerCode":"A10","status":"libre"}]},{"module":"B","lockers":[{"lockerCode":"B1","status":"libre"},{"lockerCode":"B2","status":"libre"},{"lockerCode":"B3","status":"libre"},{"lockerCode":"B4","status":"libre"},{"lockerCode":"B5","status":"libre"},{"lockerCode":"B6","status":"libre"},{"lockerCode":"B7","status":"libre"},{"lockerCode":"B8","status":"libre"},{"lockerCode":"B9","status":"libre"},{"lockerCode":"B10","status":"libre"}]},{"module":"C","lockers":[{"lockerCode":"C1","status":"libre"},{"lockerCode":"C2","status":"libre"},{"lockerCode":"C3","status":"libre"},{"lockerCode":"C4","status":"ocupado"},{"lockerCode":"C5","status":"libre"},{"lockerCode":"C6","status":"deshabilitado"},{"lockerCode":"C7","status":"libre"},{"lockerCode":"C8","status":"libre"},{"lockerCode":"C9","status":"libre"},{"lockerCode":"C10","status":"libre"}]},{"module":"D","lockers":[{"lockerCode":"D1","status":"deshabilitado"},{"lockerCode":"D2","status":"libre"},{"lockerCode":"D3","status":"libre"},{"lockerCode":"D4","status":"libre"},{"lockerCode":"D5","status":"libre"},{"lockerCode":"D6","status":"libre"},{"lockerCode":"D7","status":"ocupado"},{"lockerCode":"D8","status":"libre"},{"lockerCode":"D9","status":"libre"},{"lockerCode":"D10","status":"libre"}]},{"module":"E","lockers":[{"lockerCode":"E1","status":"libre"},{"lockerCode":"E2","status":"libre"},{"lockerCode":"E3","status":"libre"},{"lockerCode":"E4","status":"deshabilitado"},{"lockerCode":"E5","status":"libre"},{"lockerCode":"E6","status":"ocupado"},{"lockerCode":"E7","status":"libre"},{"lockerCode":"E8","status":"libre"},{"lockerCode":"E9","status":"libre"},{"lockerCode":"E10","status":"libre"}]},{"module":"F","lockers":[{"lockerCode":"F1","status":"libre"},{"lockerCode":"F2","status":"libre"},{"lockerCode":"F3","status":"libre"},{"lockerCode":"F4","status":"libre"},{"lockerCode":"F5","status":"libre"},{"lockerCode":"F6","status":"libre"},{"lockerCode":"F7","status":"ocupado"},{"lockerCode":"F8","status":"deshabilitado"},{"lockerCode":"F9","status":"libre"},{"lockerCode":"F10","status":"libre"}]}]}
[2025-10-06 22:36:31] [INFO] [main] [ppal] Redirigiendo a / — authenticated=true, closeSession=true, closeWindow=false
[2025-10-06 22:36:31] [INFO] [main] [app] Componente App montado
[2025-10-06 22:36:31] [INFO] [main] [app] Versión cargada: 1.1.0
[2025-10-06 22:36:31] [INFO] [main] [useConfig] Configuración inicial obtenida
[2025-10-06 22:36:31] [INFO] [main] [useConfig] Configuración inicial obtenida
[2025-10-06 22:36:44] [INFO] [main] [login] Cierre de sesión para usuario: operador
[2025-10-06 22:36:44] [INFO] [main] [app] Componente App montado
[2025-10-06 22:36:44] [INFO] [main] [app] Versión cargada: 1.1.0
[2025-10-06 22:37:18] [INFO] [main] [login] Inicio de sesión exitoso para usuario: administrador
[2025-10-06 22:37:18] [INFO] [main] set-fullscreen: true
[2025-10-06 22:37:18] [INFO] [main] Ventana cerrándose, deteniendo TTS...
[2025-10-06 22:37:18] [INFO] [main] Creando ventana principal...
[2025-10-06 22:37:18] [INFO] [main] Cargando URL: http://localhost:5173
[2025-10-06 22:37:18] [INFO] [main] set-frame: false
[2025-10-06 22:37:18] [INFO] [main] [login] Usuario autenticado en sesión principal, redirigiendo a /adminlockers
[2025-10-06 22:37:18] [INFO] [main] [app] Componente App montado
[2025-10-06 22:37:18] [INFO] [main] [app] Versión cargada: 1.1.0
[2025-10-06 22:37:19] [INFO] [main] Recibido config actualizado
[2025-10-06 22:37:19] [INFO] [main] Recibido auth actualizado
[2025-10-06 22:37:19] [INFO] [main] Recibido logger actualizado
[2025-10-06 22:37:19] [INFO] [main] Recibido env actualizado
[2025-10-06 22:37:19] [INFO] [preload] Inicializando preload.js
[2025-10-06 22:37:19] [INFO] [setupWatcher] Observando archivo setup_config.json en: C:\Users\User\Documents\Personal\LockeritDesk\configFiles\setup_config.json
[2025-10-06 22:37:19] [INFO] [setupWatcher] Archivo setup_config.json cargado correctamente
[2025-10-06 22:37:19] [INFO] [preload] Watcher iniciado: setup_config.json
[2025-10-06 22:37:19] [INFO] [authWatcher] Observando archivo auth_key.json en: C:\Users\User\Documents\Personal\LockeritDesk\configFiles\auth_key.json
[2025-10-06 22:37:19] [INFO] [authWatcher] auth_key.json actualizado correctamente
[2025-10-06 22:37:19] [INFO] [preload] Watcher iniciado: auth_key.json
[2025-10-06 22:37:19] [INFO] [loggerWatcher] Observando archivo logger_config.json en: C:\Users\User\Documents\Personal\LockeritDesk\configFiles\logger_config.json
[2025-10-06 22:37:19] [INFO] [loggerWatcher] Archivo logger_config.json cargado correctamente
[2025-10-06 22:37:19] [INFO] [preload] Watcher iniciado: logger_config.json
[2025-10-06 22:37:19] [INFO] [envWatcher] Observando archivo .env en: C:\Users\User\Documents\Personal\LockeritDesk\configFiles\.env
[2025-10-06 22:37:19] [INFO] [envWatcher] Archivo .env cargado correctamente
[2025-10-06 22:37:19] [INFO] [preload] Watcher iniciado: .env
[2025-10-06 22:37:19] [INFO] [preload] API expuesta en window.electronAPI
[2025-10-06 22:37:19] [INFO] [main] [axiosConfig] API BaseURL Inicial: http://localhost:8080
[2025-10-06 22:37:19] [INFO] [main] [axiosConfig] API BaseTimeout Inicial: 30
[2025-10-06 22:37:19] [INFO] [main] [configStore] Configuración actualizada
[2025-10-06 22:37:19] [INFO] [main] [configStore] config_key.json inicial cargado exitosamente
[2025-10-06 22:37:19] [INFO] [main] [envStore] ENV inicial cargado correctamente
[2025-10-06 22:37:19] [INFO] [main] [envStore] ENV actualizado
[2025-10-06 22:37:19] [INFO] [main] [axiosConfig] API BaseTimeout actualizada dinámicamente: 30
[2025-10-06 22:37:19] [INFO] [main] [assignLocker] API BaseTimeout actualizada dinámicamente: 30
[2025-10-06 22:37:19] [INFO] [main] [authStore] Auth actualizado
[2025-10-06 22:37:19] [INFO] [main] [authStore] auth_key.json inicial cargado exitosamente
[2025-10-06 22:37:20] [INFO] [main] get-screen-data-once -> 1920x1048 factor=0.97
[2025-10-06 22:37:20] [INFO] [main] [login] Usuario autenticado en sesión principal, redirigiendo a /adminlockers
[2025-10-06 22:37:20] [INFO] [main] [copyright] Versión cargada: 1.1.0
[2025-10-06 22:37:20] [INFO] [main] [app] Componente App montado
[2025-10-06 22:37:20] [INFO] [main] [app] Versión cargada: 1.1.0
[2025-10-06 22:37:20] [INFO] [main] [copyright] Versión cargada: 1.1.0
[2025-10-06 22:37:20] [INFO] [main] [app] Componente App montado
[2025-10-06 22:37:20] [INFO] [main] [app] Versión cargada: 1.1.0
[2025-10-06 22:37:20] [INFO] [main] [useConfig] Configuración inicial obtenida
[2025-10-06 22:37:20] [INFO] [main] [useConfig] Configuración inicial obtenida
[2025-10-06 22:37:20] [INFO] [main] [useConfig] Configuración inicial obtenida
[2025-10-06 22:37:20] [INFO] [main] [useConfig] Configuración inicial obtenida
[2025-10-06 22:37:20] [INFO] [main] [useConfig] Configuración inicial obtenida
[2025-10-06 22:37:20] [INFO] [main] [useConfig] Configuración inicial obtenida
[2025-10-06 22:37:20] [INFO] [main] [statusLockers] Iniciando petición para obtener casilleros disponibles
[2025-10-06 22:37:20] [INFO] [main] [statusLockers] Timeout efectivo en ejecución: 30000
[2025-10-06 22:37:20] [INFO] [main] [statusLockers] Intento 1: HOST -> http://localhost:8080
[2025-10-06 22:37:20] [INFO] [main] [statusLockers] Intento 1: URL -> /api/lockers/get-all-status
[2025-10-06 22:37:20] [INFO] [main] [statusLockers] Iniciando petición para obtener casilleros disponibles
[2025-10-06 22:37:20] [INFO] [main] [statusLockers] Timeout efectivo en ejecución: 30000
[2025-10-06 22:37:20] [INFO] [main] [statusLockers] Intento 1: HOST -> http://localhost:8080
[2025-10-06 22:37:20] [INFO] [main] [statusLockers] Intento 1: URL -> /api/lockers/get-all-status
[2025-10-06 22:37:20] [INFO] [main] [useConfig] Configuración inicial obtenida
[2025-10-06 22:37:20] [INFO] [main] [useConfig] Configuración inicial obtenida
[2025-10-06 22:37:20] [INFO] [main] [useConfig] Configuración inicial obtenida
[2025-10-06 22:37:20] [INFO] [main] [useConfig] Configuración inicial obtenida
[2025-10-06 22:37:21] [INFO] [main] [statusLockers] Response. Status: 200
[2025-10-06 22:37:21] [INFO] [main] [statusLockers] Response. Data: {"general":[{"status":"ocupado","total":4},{"status":"libre","total":51},{"status":"reservado","total":1},{"status":"deshabilitado","total":4}],"modules":[{"module":"A","lockers":[{"lockerCode":"A1","status":"reservado"},{"lockerCode":"A2","status":"libre"},{"lockerCode":"A3","status":"libre"},{"lockerCode":"A4","status":"libre"},{"lockerCode":"A5","status":"libre"},{"lockerCode":"A6","status":"libre"},{"lockerCode":"A7","status":"libre"},{"lockerCode":"A8","status":"libre"},{"lockerCode":"A9","status":"libre"},{"lockerCode":"A10","status":"libre"}]},{"module":"B","lockers":[{"lockerCode":"B1","status":"libre"},{"lockerCode":"B2","status":"libre"},{"lockerCode":"B3","status":"libre"},{"lockerCode":"B4","status":"libre"},{"lockerCode":"B5","status":"libre"},{"lockerCode":"B6","status":"libre"},{"lockerCode":"B7","status":"libre"},{"lockerCode":"B8","status":"libre"},{"lockerCode":"B9","status":"libre"},{"lockerCode":"B10","status":"libre"}]},{"module":"C","lockers":[{"lockerCode":"C1","status":"libre"},{"lockerCode":"C2","status":"libre"},{"lockerCode":"C3","status":"libre"},{"lockerCode":"C4","status":"ocupado"},{"lockerCode":"C5","status":"libre"},{"lockerCode":"C6","status":"deshabilitado"},{"lockerCode":"C7","status":"libre"},{"lockerCode":"C8","status":"libre"},{"lockerCode":"C9","status":"libre"},{"lockerCode":"C10","status":"libre"}]},{"module":"D","lockers":[{"lockerCode":"D1","status":"deshabilitado"},{"lockerCode":"D2","status":"libre"},{"lockerCode":"D3","status":"libre"},{"lockerCode":"D4","status":"libre"},{"lockerCode":"D5","status":"libre"},{"lockerCode":"D6","status":"libre"},{"lockerCode":"D7","status":"ocupado"},{"lockerCode":"D8","status":"libre"},{"lockerCode":"D9","status":"libre"},{"lockerCode":"D10","status":"libre"}]},{"module":"E","lockers":[{"lockerCode":"E1","status":"libre"},{"lockerCode":"E2","status":"libre"},{"lockerCode":"E3","status":"libre"},{"lockerCode":"E4","status":"deshabilitado"},{"lockerCode":"E5","status":"libre"},{"lockerCode":"E6","status":"ocupado"},{"lockerCode":"E7","status":"libre"},{"lockerCode":"E8","status":"libre"},{"lockerCode":"E9","status":"libre"},{"lockerCode":"E10","status":"libre"}]},{"module":"F","lockers":[{"lockerCode":"F1","status":"libre"},{"lockerCode":"F2","status":"libre"},{"lockerCode":"F3","status":"libre"},{"lockerCode":"F4","status":"libre"},{"lockerCode":"F5","status":"libre"},{"lockerCode":"F6","status":"libre"},{"lockerCode":"F7","status":"ocupado"},{"lockerCode":"F8","status":"deshabilitado"},{"lockerCode":"F9","status":"libre"},{"lockerCode":"F10","status":"libre"}]}]}
[2025-10-06 22:37:21] [INFO] [main] [statusLockers] Response. Status: 200
[2025-10-06 22:37:21] [INFO] [main] [statusLockers] Response. Data: {"general":[{"status":"ocupado","total":4},{"status":"libre","total":51},{"status":"reservado","total":1},{"status":"deshabilitado","total":4}],"modules":[{"module":"A","lockers":[{"lockerCode":"A1","status":"reservado"},{"lockerCode":"A2","status":"libre"},{"lockerCode":"A3","status":"libre"},{"lockerCode":"A4","status":"libre"},{"lockerCode":"A5","status":"libre"},{"lockerCode":"A6","status":"libre"},{"lockerCode":"A7","status":"libre"},{"lockerCode":"A8","status":"libre"},{"lockerCode":"A9","status":"libre"},{"lockerCode":"A10","status":"libre"}]},{"module":"B","lockers":[{"lockerCode":"B1","status":"libre"},{"lockerCode":"B2","status":"libre"},{"lockerCode":"B3","status":"libre"},{"lockerCode":"B4","status":"libre"},{"lockerCode":"B5","status":"libre"},{"lockerCode":"B6","status":"libre"},{"lockerCode":"B7","status":"libre"},{"lockerCode":"B8","status":"libre"},{"lockerCode":"B9","status":"libre"},{"lockerCode":"B10","status":"libre"}]},{"module":"C","lockers":[{"lockerCode":"C1","status":"libre"},{"lockerCode":"C2","status":"libre"},{"lockerCode":"C3","status":"libre"},{"lockerCode":"C4","status":"ocupado"},{"lockerCode":"C5","status":"libre"},{"lockerCode":"C6","status":"deshabilitado"},{"lockerCode":"C7","status":"libre"},{"lockerCode":"C8","status":"libre"},{"lockerCode":"C9","status":"libre"},{"lockerCode":"C10","status":"libre"}]},{"module":"D","lockers":[{"lockerCode":"D1","status":"deshabilitado"},{"lockerCode":"D2","status":"libre"},{"lockerCode":"D3","status":"libre"},{"lockerCode":"D4","status":"libre"},{"lockerCode":"D5","status":"libre"},{"lockerCode":"D6","status":"libre"},{"lockerCode":"D7","status":"ocupado"},{"lockerCode":"D8","status":"libre"},{"lockerCode":"D9","status":"libre"},{"lockerCode":"D10","status":"libre"}]},{"module":"E","lockers":[{"lockerCode":"E1","status":"libre"},{"lockerCode":"E2","status":"libre"},{"lockerCode":"E3","status":"libre"},{"lockerCode":"E4","status":"deshabilitado"},{"lockerCode":"E5","status":"libre"},{"lockerCode":"E6","status":"ocupado"},{"lockerCode":"E7","status":"libre"},{"lockerCode":"E8","status":"libre"},{"lockerCode":"E9","status":"libre"},{"lockerCode":"E10","status":"libre"}]},{"module":"F","lockers":[{"lockerCode":"F1","status":"libre"},{"lockerCode":"F2","status":"libre"},{"lockerCode":"F3","status":"libre"},{"lockerCode":"F4","status":"libre"},{"lockerCode":"F5","status":"libre"},{"lockerCode":"F6","status":"libre"},{"lockerCode":"F7","status":"ocupado"},{"lockerCode":"F8","status":"deshabilitado"},{"lockerCode":"F9","status":"libre"},{"lockerCode":"F10","status":"libre"}]}]}
[2025-10-06 22:37:27] [INFO] [main] [statusLockers] Iniciando petición para obtener casilleros disponibles
[2025-10-06 22:37:27] [INFO] [main] [statusLockers] Timeout efectivo en ejecución: 30000
[2025-10-06 22:37:27] [INFO] [main] [statusLockers] Intento 1: HOST -> http://localhost:8080
[2025-10-06 22:37:27] [INFO] [main] [statusLockers] Intento 1: URL -> /api/lockers/get-all-status
[2025-10-06 22:37:27] [INFO] [main] [copyright] Versión cargada: 1.1.0
[2025-10-06 22:37:27] [INFO] [main] [app] Componente App montado
[2025-10-06 22:37:27] [INFO] [main] [app] Versión cargada: 1.1.0
[2025-10-06 22:37:27] [INFO] [main] [statusLockers] Iniciando petición para obtener casilleros disponibles
[2025-10-06 22:37:27] [INFO] [main] [statusLockers] Timeout efectivo en ejecución: 30000
[2025-10-06 22:37:27] [INFO] [main] [statusLockers] Intento 1: HOST -> http://localhost:8080
[2025-10-06 22:37:27] [INFO] [main] [statusLockers] Intento 1: URL -> /api/lockers/get-all-status
[2025-10-06 22:37:27] [INFO] [main] [copyright] Versión cargada: 1.1.0
[2025-10-06 22:37:27] [INFO] [main] [app] Componente App montado
[2025-10-06 22:37:27] [INFO] [main] [app] Versión cargada: 1.1.0
[2025-10-06 22:37:27] [INFO] [main] [useConfig] Configuración inicial obtenida
[2025-10-06 22:37:27] [INFO] [main] [useConfig] Configuración inicial obtenida
[2025-10-06 22:37:27] [INFO] [main] [useConfig] Configuración inicial obtenida
[2025-10-06 22:37:27] [INFO] [main] [useConfig] Configuración inicial obtenida
[2025-10-06 22:37:27] [INFO] [main] [useConfig] Configuración inicial obtenida
[2025-10-06 22:37:27] [INFO] [main] [useConfig] Configuración inicial obtenida
[2025-10-06 22:37:27] [INFO] [main] [useConfig] Configuración inicial obtenida
[2025-10-06 22:37:27] [INFO] [main] [useConfig] Configuración inicial obtenida
[2025-10-06 22:37:28] [INFO] [main] [statusLockers] Response. Status: 200
[2025-10-06 22:37:28] [INFO] [main] [statusLockers] Response. Data: {"general":[{"status":"ocupado","total":4},{"status":"libre","total":51},{"status":"reservado","total":1},{"status":"deshabilitado","total":4}],"modules":[{"module":"A","lockers":[{"lockerCode":"A1","status":"reservado"},{"lockerCode":"A2","status":"libre"},{"lockerCode":"A3","status":"libre"},{"lockerCode":"A4","status":"libre"},{"lockerCode":"A5","status":"libre"},{"lockerCode":"A6","status":"libre"},{"lockerCode":"A7","status":"libre"},{"lockerCode":"A8","status":"libre"},{"lockerCode":"A9","status":"libre"},{"lockerCode":"A10","status":"libre"}]},{"module":"B","lockers":[{"lockerCode":"B1","status":"libre"},{"lockerCode":"B2","status":"libre"},{"lockerCode":"B3","status":"libre"},{"lockerCode":"B4","status":"libre"},{"lockerCode":"B5","status":"libre"},{"lockerCode":"B6","status":"libre"},{"lockerCode":"B7","status":"libre"},{"lockerCode":"B8","status":"libre"},{"lockerCode":"B9","status":"libre"},{"lockerCode":"B10","status":"libre"}]},{"module":"C","lockers":[{"lockerCode":"C1","status":"libre"},{"lockerCode":"C2","status":"libre"},{"lockerCode":"C3","status":"libre"},{"lockerCode":"C4","status":"ocupado"},{"lockerCode":"C5","status":"libre"},{"lockerCode":"C6","status":"deshabilitado"},{"lockerCode":"C7","status":"libre"},{"lockerCode":"C8","status":"libre"},{"lockerCode":"C9","status":"libre"},{"lockerCode":"C10","status":"libre"}]},{"module":"D","lockers":[{"lockerCode":"D1","status":"deshabilitado"},{"lockerCode":"D2","status":"libre"},{"lockerCode":"D3","status":"libre"},{"lockerCode":"D4","status":"libre"},{"lockerCode":"D5","status":"libre"},{"lockerCode":"D6","status":"libre"},{"lockerCode":"D7","status":"ocupado"},{"lockerCode":"D8","status":"libre"},{"lockerCode":"D9","status":"libre"},{"lockerCode":"D10","status":"libre"}]},{"module":"E","lockers":[{"lockerCode":"E1","status":"libre"},{"lockerCode":"E2","status":"libre"},{"lockerCode":"E3","status":"libre"},{"lockerCode":"E4","status":"deshabilitado"},{"lockerCode":"E5","status":"libre"},{"lockerCode":"E6","status":"ocupado"},{"lockerCode":"E7","status":"libre"},{"lockerCode":"E8","status":"libre"},{"lockerCode":"E9","status":"libre"},{"lockerCode":"E10","status":"libre"}]},{"module":"F","lockers":[{"lockerCode":"F1","status":"libre"},{"lockerCode":"F2","status":"libre"},{"lockerCode":"F3","status":"libre"},{"lockerCode":"F4","status":"libre"},{"lockerCode":"F5","status":"libre"},{"lockerCode":"F6","status":"libre"},{"lockerCode":"F7","status":"ocupado"},{"lockerCode":"F8","status":"deshabilitado"},{"lockerCode":"F9","status":"libre"},{"lockerCode":"F10","status":"libre"}]}]}
[2025-10-06 22:37:28] [INFO] [main] [statusLockers] Response. Status: 200
[2025-10-06 22:37:28] [INFO] [main] [statusLockers] Response. Data: {"general":[{"status":"reservado","total":1},{"status":"deshabilitado","total":4},{"status":"ocupado","total":4},{"status":"libre","total":51}],"modules":[{"module":"A","lockers":[{"lockerCode":"A1","status":"reservado"},{"lockerCode":"A2","status":"libre"},{"lockerCode":"A3","status":"libre"},{"lockerCode":"A4","status":"libre"},{"lockerCode":"A5","status":"libre"},{"lockerCode":"A6","status":"libre"},{"lockerCode":"A7","status":"libre"},{"lockerCode":"A8","status":"libre"},{"lockerCode":"A9","status":"libre"},{"lockerCode":"A10","status":"libre"}]},{"module":"B","lockers":[{"lockerCode":"B1","status":"libre"},{"lockerCode":"B2","status":"libre"},{"lockerCode":"B3","status":"libre"},{"lockerCode":"B4","status":"libre"},{"lockerCode":"B5","status":"libre"},{"lockerCode":"B6","status":"libre"},{"lockerCode":"B7","status":"libre"},{"lockerCode":"B8","status":"libre"},{"lockerCode":"B9","status":"libre"},{"lockerCode":"B10","status":"libre"}]},{"module":"C","lockers":[{"lockerCode":"C1","status":"libre"},{"lockerCode":"C2","status":"libre"},{"lockerCode":"C3","status":"libre"},{"lockerCode":"C4","status":"ocupado"},{"lockerCode":"C5","status":"libre"},{"lockerCode":"C6","status":"deshabilitado"},{"lockerCode":"C7","status":"libre"},{"lockerCode":"C8","status":"libre"},{"lockerCode":"C9","status":"libre"},{"lockerCode":"C10","status":"libre"}]},{"module":"D","lockers":[{"lockerCode":"D1","status":"deshabilitado"},{"lockerCode":"D2","status":"libre"},{"lockerCode":"D3","status":"libre"},{"lockerCode":"D4","status":"libre"},{"lockerCode":"D5","status":"libre"},{"lockerCode":"D6","status":"libre"},{"lockerCode":"D7","status":"ocupado"},{"lockerCode":"D8","status":"libre"},{"lockerCode":"D9","status":"libre"},{"lockerCode":"D10","status":"libre"}]},{"module":"E","lockers":[{"lockerCode":"E1","status":"libre"},{"lockerCode":"E2","status":"libre"},{"lockerCode":"E3","status":"libre"},{"lockerCode":"E4","status":"deshabilitado"},{"lockerCode":"E5","status":"libre"},{"lockerCode":"E6","status":"ocupado"},{"lockerCode":"E7","status":"libre"},{"lockerCode":"E8","status":"libre"},{"lockerCode":"E9","status":"libre"},{"lockerCode":"E10","status":"libre"}]},{"module":"F","lockers":[{"lockerCode":"F1","status":"libre"},{"lockerCode":"F2","status":"libre"},{"lockerCode":"F3","status":"libre"},{"lockerCode":"F4","status":"libre"},{"lockerCode":"F5","status":"libre"},{"lockerCode":"F6","status":"libre"},{"lockerCode":"F7","status":"ocupado"},{"lockerCode":"F8","status":"deshabilitado"},{"lockerCode":"F9","status":"libre"},{"lockerCode":"F10","status":"libre"}]}]}
[2025-10-06 22:39:15] [INFO] [main] [reserve] Iniciando petición para registrar usario en pago por periodo
[2025-10-06 22:39:15] [INFO] [main] [reserve] Timeout efectivo en ejecución: 30000
[2025-10-06 22:39:15] [INFO] [main] [reserve] Intento 1: HOST -> http://localhost:8080
[2025-10-06 22:39:15] [INFO] [main] [reserve] Intento 1: URL -> /api/lockers/reserve
[2025-10-06 22:39:15] [INFO] [main] [reserve] Intento 1: Request -> {"nameUser":"Yehimi Lobatón","idNumber":"1030573292","email":"yehimi@gmail.com","phone":"3203635089","period":"Semanal","startDate":"2025-10-13","endDate":"2025-10-19","amount":9450,"porcentage":10}
[2025-10-06 22:39:15] [INFO] [main] [reserve] Response. Status: 200
[2025-10-06 22:39:15] [INFO] [main] [reserve] Response. Data: {"success":true,"message":"Casillero reservado exitosamente","lockerCode":"A2"}
[2025-10-06 22:41:43] [WARN] [main] [registerUserPeriod] Errores de validación: Correo electrónico inválido
[2025-10-06 22:41:54] [INFO] [main] [reserve] Iniciando petición para registrar usario en pago por periodo
[2025-10-06 22:41:54] [INFO] [main] [reserve] Timeout efectivo en ejecución: 30000
[2025-10-06 22:41:54] [INFO] [main] [reserve] Intento 1: HOST -> http://localhost:8080
[2025-10-06 22:41:54] [INFO] [main] [reserve] Intento 1: URL -> /api/lockers/reserve
[2025-10-06 22:41:54] [INFO] [main] [reserve] Intento 1: Request -> {"nameUser":"Manuel Barbaran","idNumber":"103048745215","email":"manuel@hotmail.com","phone":"3111111111","period":"Quincenal","startDate":"2025-09-16","endDate":"2025-09-30","amount":18000,"porcentage":20}
[2025-10-06 22:41:55] [INFO] [main] [reserve] Response. Status: 200
[2025-10-06 22:41:55] [INFO] [main] [reserve] Response. Data: {"success":true,"message":"Casillero reservado exitosamente","lockerCode":"A3"}
[2025-10-06 22:43:17] [INFO] [main] [reserve] Iniciando petición para registrar usario en pago por periodo
[2025-10-06 22:43:17] [INFO] [main] [reserve] Timeout efectivo en ejecución: 30000
[2025-10-06 22:43:17] [INFO] [main] [reserve] Intento 1: HOST -> http://localhost:8080
[2025-10-06 22:43:17] [INFO] [main] [reserve] Intento 1: URL -> /api/lockers/reserve
[2025-10-06 22:43:17] [INFO] [main] [reserve] Intento 1: Request -> {"nameUser":"Néstor Gómez","idNumber":"80225023","email":"neraga1803@yahoo.com","phone":"3022991803","period":"Mensual","startDate":"2025-10-06","endDate":"2025-11-05","amount":31500,"porcentage":30}
[2025-10-06 22:43:17] [INFO] [main] [reserve] Response. Status: 200
[2025-10-06 22:43:17] [INFO] [main] [reserve] Response. Data: {"success":true,"message":"Casillero reservado exitosamente","lockerCode":"A4"}
[2025-10-06 22:44:31] [WARN] [main] [registerUserPeriod] Errores de validación: Número celular inválido
[2025-10-06 22:44:44] [INFO] [main] [reserve] Iniciando petición para registrar usario en pago por periodo
[2025-10-06 22:44:44] [INFO] [main] [reserve] Timeout efectivo en ejecución: 30000
[2025-10-06 22:44:44] [INFO] [main] [reserve] Intento 1: HOST -> http://localhost:8080
[2025-10-06 22:44:44] [INFO] [main] [reserve] Intento 1: URL -> /api/lockers/reserve
[2025-10-06 22:44:44] [INFO] [main] [reserve] Intento 1: Request -> {"nameUser":"Alisson Lobaton","idNumber":"123","email":"alis@gmail.com","phone":"3222222222","period":"Quincenal","startDate":"2025-10-06","endDate":"2025-10-20","amount":18000,"porcentage":20}
[2025-10-06 22:44:44] [INFO] [main] [reserve] Response. Status: 200
[2025-10-06 22:44:44] [INFO] [main] [reserve] Response. Data: {"success":true,"message":"Casillero reservado exitosamente","lockerCode":"A5"}
[2025-10-06 22:47:31] [INFO] [main] [reserve] Iniciando petición para registrar usario en pago por periodo
[2025-10-06 22:47:31] [INFO] [main] [reserve] Timeout efectivo en ejecución: 30000
[2025-10-06 22:47:31] [INFO] [main] [reserve] Intento 1: HOST -> http://localhost:8080
[2025-10-06 22:47:31] [INFO] [main] [reserve] Intento 1: URL -> /api/lockers/reserve
[2025-10-06 22:47:31] [INFO] [main] [reserve] Intento 1: Request -> {"nameUser":"Valentina Diaz","idNumber":"84","email":"valen@correo.com","phone":"3333333333","period":"Mensual","startDate":"2025-10-06","endDate":"2025-11-05","amount":31500,"porcentage":30}
[2025-10-06 22:47:31] [INFO] [main] [reserve] Response. Status: 200
[2025-10-06 22:47:31] [INFO] [main] [reserve] Response. Data: {"success":true,"message":"Casillero reservado exitosamente","lockerCode":"A6"}
[2025-10-06 22:48:27] [INFO] [main] [reserve] Iniciando petición para registrar usario en pago por periodo
[2025-10-06 22:48:27] [INFO] [main] [reserve] Timeout efectivo en ejecución: 30000
[2025-10-06 22:48:27] [INFO] [main] [reserve] Intento 1: HOST -> http://localhost:8080
[2025-10-06 22:48:27] [INFO] [main] [reserve] Intento 1: URL -> /api/lockers/reserve
[2025-10-06 22:48:27] [INFO] [main] [reserve] Intento 1: Request -> {"nameUser":"Mario Andrés Gómez Avila","idNumber":"6587","email":"mario@correo.com","phone":"3444444444","period":"Mensual","startDate":"2025-10-06","endDate":"2025-11-05","amount":31500,"porcentage":30}
[2025-10-06 22:48:27] [INFO] [main] [reserve] Response. Status: 200
[2025-10-06 22:48:27] [INFO] [main] [reserve] Response. Data: {"success":true,"message":"Casillero reservado exitosamente","lockerCode":"A7"}
[2025-10-06 22:49:03] [INFO] [main] [app] Componente App montado
[2025-10-06 22:49:03] [INFO] [main] [app] Versión cargada: 1.1.0
[2025-10-06 22:49:03] [INFO] [main] [useConfig] Configuración inicial obtenida
[2025-10-06 22:49:03] [INFO] [main] [useConfig] Configuración inicial obtenida
[2025-10-06 22:49:08] [WARN] [main] [login] Credenciales inválidas: usuario=administrador
[2025-10-06 22:49:08] [WARN] [main] [login] Intento de inicio de sesión fallido para usuario: administrador
[2025-10-06 22:49:12] [WARN] [main] [login] Credenciales inválidas: usuario=administrador
[2025-10-06 22:49:12] [WARN] [main] [login] Intento de inicio de sesión fallido para usuario: administrador
[2025-10-06 22:49:18] [INFO] [main] [login] Cierre de sesión para usuario: administrador
[2025-10-06 22:49:18] [INFO] [main] [app] Componente App montado
[2025-10-06 22:49:18] [INFO] [main] [app] Versión cargada: 1.1.0
[2025-10-06 22:49:37] [INFO] [main] [login] Inicio de sesión exitoso para usuario: operador
[2025-10-06 22:49:37] [INFO] [main] set-fullscreen: true
[2025-10-06 22:49:37] [INFO] [main] Ventana cerrándose, deteniendo TTS...
[2025-10-06 22:49:37] [INFO] [main] Creando ventana principal...
[2025-10-06 22:49:37] [INFO] [main] Cargando URL: http://localhost:5173
[2025-10-06 22:49:37] [INFO] [main] set-frame: false
[2025-10-06 22:49:37] [INFO] [main] [login] Usuario autenticado en sesión principal, redirigiendo a /ppal
[2025-10-06 22:49:37] [INFO] [main] [app] Componente App montado
[2025-10-06 22:49:37] [INFO] [main] [app] Versión cargada: 1.1.0
[2025-10-06 22:49:43] [INFO] [main] Recibido config actualizado
[2025-10-06 22:49:43] [INFO] [main] Recibido auth actualizado
[2025-10-06 22:49:43] [INFO] [main] Recibido logger actualizado
[2025-10-06 22:49:43] [INFO] [main] Recibido env actualizado
[2025-10-06 22:49:43] [INFO] [preload] Inicializando preload.js
[2025-10-06 22:49:43] [INFO] [setupWatcher] Observando archivo setup_config.json en: C:\Users\User\Documents\Personal\LockeritDesk\configFiles\setup_config.json
[2025-10-06 22:49:43] [INFO] [setupWatcher] Archivo setup_config.json cargado correctamente
[2025-10-06 22:49:43] [INFO] [preload] Watcher iniciado: setup_config.json
[2025-10-06 22:49:43] [INFO] [authWatcher] Observando archivo auth_key.json en: C:\Users\User\Documents\Personal\LockeritDesk\configFiles\auth_key.json
[2025-10-06 22:49:43] [INFO] [authWatcher] auth_key.json actualizado correctamente
[2025-10-06 22:49:43] [INFO] [preload] Watcher iniciado: auth_key.json
[2025-10-06 22:49:43] [INFO] [loggerWatcher] Observando archivo logger_config.json en: C:\Users\User\Documents\Personal\LockeritDesk\configFiles\logger_config.json
[2025-10-06 22:49:43] [INFO] [loggerWatcher] Archivo logger_config.json cargado correctamente
[2025-10-06 22:49:43] [INFO] [preload] Watcher iniciado: logger_config.json
[2025-10-06 22:49:43] [INFO] [envWatcher] Observando archivo .env en: C:\Users\User\Documents\Personal\LockeritDesk\configFiles\.env
[2025-10-06 22:49:43] [INFO] [envWatcher] Archivo .env cargado correctamente
[2025-10-06 22:49:43] [INFO] [preload] Watcher iniciado: .env
[2025-10-06 22:49:43] [INFO] [preload] API expuesta en window.electronAPI
[2025-10-06 22:49:48] [INFO] [main] [axiosConfig] API BaseURL Inicial: http://localhost:8080
[2025-10-06 22:49:48] [INFO] [main] [axiosConfig] API BaseTimeout Inicial: 30
[2025-10-06 22:49:48] [INFO] [main] [configStore] Configuración actualizada
[2025-10-06 22:49:48] [INFO] [main] [configStore] config_key.json inicial cargado exitosamente
[2025-10-06 22:49:48] [INFO] [main] [envStore] ENV inicial cargado correctamente
[2025-10-06 22:49:48] [INFO] [main] [envStore] ENV actualizado
[2025-10-06 22:49:48] [INFO] [main] [axiosConfig] API BaseTimeout actualizada dinámicamente: 30
[2025-10-06 22:49:48] [INFO] [main] [assignLocker] API BaseTimeout actualizada dinámicamente: 30
[2025-10-06 22:49:48] [INFO] [main] [authStore] Auth actualizado
[2025-10-06 22:49:48] [INFO] [main] [authStore] auth_key.json inicial cargado exitosamente
[2025-10-06 22:49:48] [INFO] [main] get-screen-data-once -> 1920x1048 factor=0.97
[2025-10-06 22:49:49] [INFO] [main] [login] Usuario autenticado en sesión principal, redirigiendo a /ppal
[2025-10-06 22:49:49] [INFO] [main] [copyright] Versión cargada: 1.1.0
[2025-10-06 22:49:49] [INFO] [main] [app] Componente App montado
[2025-10-06 22:49:49] [INFO] [main] [app] Versión cargada: 1.1.0
[2025-10-06 22:49:49] [INFO] [main] [copyright] Versión cargada: 1.1.0
[2025-10-06 22:49:49] [INFO] [main] [app] Componente App montado
[2025-10-06 22:49:49] [INFO] [main] [app] Versión cargada: 1.1.0
[2025-10-06 22:49:49] [INFO] [main] [useConfig] Configuración inicial obtenida
[2025-10-06 22:49:49] [INFO] [main] [useConfig] Configuración inicial obtenida
[2025-10-06 22:49:49] [INFO] [main] [useConfig] Configuración inicial obtenida
[2025-10-06 22:49:49] [INFO] [main] [useConfig] Configuración inicial obtenida
[2025-10-06 22:49:49] [INFO] [main] [useConfig] Configuración inicial obtenida
[2025-10-06 22:49:49] [INFO] [main] [useConfig] Configuración inicial obtenida
[2025-10-06 22:49:49] [INFO] [main] [statusLockers] Iniciando petición para obtener casilleros disponibles
[2025-10-06 22:49:49] [INFO] [main] [statusLockers] Timeout efectivo en ejecución: 30000
[2025-10-06 22:49:49] [INFO] [main] [statusLockers] Intento 1: HOST -> http://localhost:8080
[2025-10-06 22:49:49] [INFO] [main] [statusLockers] Intento 1: URL -> /api/lockers/get-all-status
[2025-10-06 22:49:49] [INFO] [main] [statusLockers] Iniciando petición para obtener casilleros disponibles
[2025-10-06 22:49:49] [INFO] [main] [statusLockers] Timeout efectivo en ejecución: 30000
[2025-10-06 22:49:49] [INFO] [main] [statusLockers] Intento 1: HOST -> http://localhost:8080
[2025-10-06 22:49:49] [INFO] [main] [statusLockers] Intento 1: URL -> /api/lockers/get-all-status
[2025-10-06 22:49:49] [INFO] [main] [useConfig] Configuración inicial obtenida
[2025-10-06 22:49:49] [INFO] [main] [useConfig] Configuración inicial obtenida
[2025-10-06 22:49:49] [INFO] [main] [useConfig] Configuración inicial obtenida
[2025-10-06 22:49:49] [INFO] [main] [useConfig] Configuración inicial obtenida
[2025-10-06 22:49:49] [INFO] [main] [statusLockers] Response. Status: 200
[2025-10-06 22:49:49] [INFO] [main] [statusLockers] Response. Data: {"general":[{"status":"reservado","total":7},{"status":"deshabilitado","total":4},{"status":"ocupado","total":4},{"status":"libre","total":45}],"modules":[{"module":"A","lockers":[{"lockerCode":"A1","status":"reservado"},{"lockerCode":"A2","status":"reservado"},{"lockerCode":"A3","status":"reservado"},{"lockerCode":"A4","status":"reservado"},{"lockerCode":"A5","status":"reservado"},{"lockerCode":"A6","status":"reservado"},{"lockerCode":"A7","status":"reservado"},{"lockerCode":"A8","status":"libre"},{"lockerCode":"A9","status":"libre"},{"lockerCode":"A10","status":"libre"}]},{"module":"B","lockers":[{"lockerCode":"B1","status":"libre"},{"lockerCode":"B2","status":"libre"},{"lockerCode":"B3","status":"libre"},{"lockerCode":"B4","status":"libre"},{"lockerCode":"B5","status":"libre"},{"lockerCode":"B6","status":"libre"},{"lockerCode":"B7","status":"libre"},{"lockerCode":"B8","status":"libre"},{"lockerCode":"B9","status":"libre"},{"lockerCode":"B10","status":"libre"}]},{"module":"C","lockers":[{"lockerCode":"C1","status":"libre"},{"lockerCode":"C2","status":"libre"},{"lockerCode":"C3","status":"libre"},{"lockerCode":"C4","status":"ocupado"},{"lockerCode":"C5","status":"libre"},{"lockerCode":"C6","status":"deshabilitado"},{"lockerCode":"C7","status":"libre"},{"lockerCode":"C8","status":"libre"},{"lockerCode":"C9","status":"libre"},{"lockerCode":"C10","status":"libre"}]},{"module":"D","lockers":[{"lockerCode":"D1","status":"deshabilitado"},{"lockerCode":"D2","status":"libre"},{"lockerCode":"D3","status":"libre"},{"lockerCode":"D4","status":"libre"},{"lockerCode":"D5","status":"libre"},{"lockerCode":"D6","status":"libre"},{"lockerCode":"D7","status":"ocupado"},{"lockerCode":"D8","status":"libre"},{"lockerCode":"D9","status":"libre"},{"lockerCode":"D10","status":"libre"}]},{"module":"E","lockers":[{"lockerCode":"E1","status":"libre"},{"lockerCode":"E2","status":"libre"},{"lockerCode":"E3","status":"libre"},{"lockerCode":"E4","status":"deshabilitado"},{"lockerCode":"E5","status":"libre"},{"lockerCode":"E6","status":"ocupado"},{"lockerCode":"E7","status":"libre"},{"lockerCode":"E8","status":"libre"},{"lockerCode":"E9","status":"libre"},{"lockerCode":"E10","status":"libre"}]},{"module":"F","lockers":[{"lockerCode":"F1","status":"libre"},{"lockerCode":"F2","status":"libre"},{"lockerCode":"F3","status":"libre"},{"lockerCode":"F4","status":"libre"},{"lockerCode":"F5","status":"libre"},{"lockerCode":"F6","status":"libre"},{"lockerCode":"F7","status":"ocupado"},{"lockerCode":"F8","status":"deshabilitado"},{"lockerCode":"F9","status":"libre"},{"lockerCode":"F10","status":"libre"}]}]}
[2025-10-06 22:49:49] [INFO] [main] [statusLockers] Response. Status: 200
[2025-10-06 22:49:49] [INFO] [main] [statusLockers] Response. Data: {"general":[{"status":"libre","total":45},{"status":"reservado","total":7},{"status":"deshabilitado","total":4},{"status":"ocupado","total":4}],"modules":[{"module":"A","lockers":[{"lockerCode":"A1","status":"reservado"},{"lockerCode":"A2","status":"reservado"},{"lockerCode":"A3","status":"reservado"},{"lockerCode":"A4","status":"reservado"},{"lockerCode":"A5","status":"reservado"},{"lockerCode":"A6","status":"reservado"},{"lockerCode":"A7","status":"reservado"},{"lockerCode":"A8","status":"libre"},{"lockerCode":"A9","status":"libre"},{"lockerCode":"A10","status":"libre"}]},{"module":"B","lockers":[{"lockerCode":"B1","status":"libre"},{"lockerCode":"B2","status":"libre"},{"lockerCode":"B3","status":"libre"},{"lockerCode":"B4","status":"libre"},{"lockerCode":"B5","status":"libre"},{"lockerCode":"B6","status":"libre"},{"lockerCode":"B7","status":"libre"},{"lockerCode":"B8","status":"libre"},{"lockerCode":"B9","status":"libre"},{"lockerCode":"B10","status":"libre"}]},{"module":"C","lockers":[{"lockerCode":"C1","status":"libre"},{"lockerCode":"C2","status":"libre"},{"lockerCode":"C3","status":"libre"},{"lockerCode":"C4","status":"ocupado"},{"lockerCode":"C5","status":"libre"},{"lockerCode":"C6","status":"deshabilitado"},{"lockerCode":"C7","status":"libre"},{"lockerCode":"C8","status":"libre"},{"lockerCode":"C9","status":"libre"},{"lockerCode":"C10","status":"libre"}]},{"module":"D","lockers":[{"lockerCode":"D1","status":"deshabilitado"},{"lockerCode":"D2","status":"libre"},{"lockerCode":"D3","status":"libre"},{"lockerCode":"D4","status":"libre"},{"lockerCode":"D5","status":"libre"},{"lockerCode":"D6","status":"libre"},{"lockerCode":"D7","status":"ocupado"},{"lockerCode":"D8","status":"libre"},{"lockerCode":"D9","status":"libre"},{"lockerCode":"D10","status":"libre"}]},{"module":"E","lockers":[{"lockerCode":"E1","status":"libre"},{"lockerCode":"E2","status":"libre"},{"lockerCode":"E3","status":"libre"},{"lockerCode":"E4","status":"deshabilitado"},{"lockerCode":"E5","status":"libre"},{"lockerCode":"E6","status":"ocupado"},{"lockerCode":"E7","status":"libre"},{"lockerCode":"E8","status":"libre"},{"lockerCode":"E9","status":"libre"},{"lockerCode":"E10","status":"libre"}]},{"module":"F","lockers":[{"lockerCode":"F1","status":"libre"},{"lockerCode":"F2","status":"libre"},{"lockerCode":"F3","status":"libre"},{"lockerCode":"F4","status":"libre"},{"lockerCode":"F5","status":"libre"},{"lockerCode":"F6","status":"libre"},{"lockerCode":"F7","status":"ocupado"},{"lockerCode":"F8","status":"deshabilitado"},{"lockerCode":"F9","status":"libre"},{"lockerCode":"F10","status":"libre"}]}]}
[2025-10-06 22:50:04] [INFO] [main] [assignLocker] Timeout por parámetro: 360000
[2025-10-06 22:50:04] [INFO] [main] [assignLocker] Timeout efectivo en ejecución: 360000
[2025-10-06 22:50:04] [INFO] [main] [websocket] Conectando a WebSocket: ws://localhost:8080
[2025-10-06 22:50:04] [INFO] [main] [websocket] WebSocket conectado exitosamente
[2025-10-06 22:50:04] [INFO] [main] [assignLocker] WebSocket listo, enviando HTTP /assign...
[2025-10-06 22:50:04] [INFO] [main] [assignLocker] Iniciando petición para asignar casillero con hasta 5 reintentos
[2025-10-06 22:50:04] [INFO] [main] [assignLocker] Intento 1: HOST -> http://localhost:8080
[2025-10-06 22:50:04] [INFO] [main] [assignLocker] Intento 1: URL -> /api/lockers/assign
[2025-10-06 22:50:04] [INFO] [main] [assignLocker] Intento 1: Request -> {"phone":"3103192771","pin":"0000","openBy":"user"}
[2025-10-06 22:50:04] [INFO] [main] [assignLocker] Response. Status: 200
[2025-10-06 22:50:04] [INFO] [main] [assignLocker] Response. Data: {"success":true,"message":"Locker asignado y abierto exitosamente","lockerCode":"D10"}
[2025-10-06 22:50:04] [INFO] [main] [websocket] Cerrando conexión manualmente
[2025-10-06 22:50:04] [INFO] [main] [assignLocker] Proceso completado exitosamente
[2025-10-06 22:50:05] [INFO] [main] [statusLockers] Iniciando petición para obtener casilleros disponibles
[2025-10-06 22:50:05] [INFO] [main] [statusLockers] Timeout efectivo en ejecución: 30000
[2025-10-06 22:50:05] [INFO] [main] [statusLockers] Intento 1: HOST -> http://localhost:8080
[2025-10-06 22:50:05] [INFO] [main] [statusLockers] Intento 1: URL -> /api/lockers/get-all-status
[2025-10-06 22:50:06] [INFO] [main] [statusLockers] Response. Status: 200
[2025-10-06 22:50:06] [INFO] [main] [statusLockers] Response. Data: {"general":[{"status":"ocupado","total":5},{"status":"libre","total":44},{"status":"reservado","total":7},{"status":"deshabilitado","total":4}],"modules":[{"module":"A","lockers":[{"lockerCode":"A1","status":"reservado"},{"lockerCode":"A2","status":"reservado"},{"lockerCode":"A3","status":"reservado"},{"lockerCode":"A4","status":"reservado"},{"lockerCode":"A5","status":"reservado"},{"lockerCode":"A6","status":"reservado"},{"lockerCode":"A7","status":"reservado"},{"lockerCode":"A8","status":"libre"},{"lockerCode":"A9","status":"libre"},{"lockerCode":"A10","status":"libre"}]},{"module":"B","lockers":[{"lockerCode":"B1","status":"libre"},{"lockerCode":"B2","status":"libre"},{"lockerCode":"B3","status":"libre"},{"lockerCode":"B4","status":"libre"},{"lockerCode":"B5","status":"libre"},{"lockerCode":"B6","status":"libre"},{"lockerCode":"B7","status":"libre"},{"lockerCode":"B8","status":"libre"},{"lockerCode":"B9","status":"libre"},{"lockerCode":"B10","status":"libre"}]},{"module":"C","lockers":[{"lockerCode":"C1","status":"libre"},{"lockerCode":"C2","status":"libre"},{"lockerCode":"C3","status":"libre"},{"lockerCode":"C4","status":"ocupado"},{"lockerCode":"C5","status":"libre"},{"lockerCode":"C6","status":"deshabilitado"},{"lockerCode":"C7","status":"libre"},{"lockerCode":"C8","status":"libre"},{"lockerCode":"C9","status":"libre"},{"lockerCode":"C10","status":"libre"}]},{"module":"D","lockers":[{"lockerCode":"D1","status":"deshabilitado"},{"lockerCode":"D2","status":"libre"},{"lockerCode":"D3","status":"libre"},{"lockerCode":"D4","status":"libre"},{"lockerCode":"D5","status":"libre"},{"lockerCode":"D6","status":"libre"},{"lockerCode":"D7","status":"ocupado"},{"lockerCode":"D8","status":"libre"},{"lockerCode":"D9","status":"libre"},{"lockerCode":"D10","status":"ocupado"}]},{"module":"E","lockers":[{"lockerCode":"E1","status":"libre"},{"lockerCode":"E2","status":"libre"},{"lockerCode":"E3","status":"libre"},{"lockerCode":"E4","status":"deshabilitado"},{"lockerCode":"E5","status":"libre"},{"lockerCode":"E6","status":"ocupado"},{"lockerCode":"E7","status":"libre"},{"lockerCode":"E8","status":"libre"},{"lockerCode":"E9","status":"libre"},{"lockerCode":"E10","status":"libre"}]},{"module":"F","lockers":[{"lockerCode":"F1","status":"libre"},{"lockerCode":"F2","status":"libre"},{"lockerCode":"F3","status":"libre"},{"lockerCode":"F4","status":"libre"},{"lockerCode":"F5","status":"libre"},{"lockerCode":"F6","status":"libre"},{"lockerCode":"F7","status":"ocupado"},{"lockerCode":"F8","status":"deshabilitado"},{"lockerCode":"F9","status":"libre"},{"lockerCode":"F10","status":"libre"}]}]}
[2025-10-06 22:50:06] [WARN] [main] [websocket] Conexión cerrada
[2025-10-06 22:50:18] [INFO] [main] [assignLocker] Timeout por parámetro: 360000
[2025-10-06 22:50:18] [INFO] [main] [assignLocker] Timeout efectivo en ejecución: 360000
[2025-10-06 22:50:18] [INFO] [main] [websocket] Conectando a WebSocket: ws://localhost:8080
[2025-10-06 22:50:18] [INFO] [main] [websocket] WebSocket conectado exitosamente
[2025-10-06 22:50:18] [INFO] [main] [assignLocker] WebSocket listo, enviando HTTP /assign...
[2025-10-06 22:50:18] [INFO] [main] [assignLocker] Iniciando petición para asignar casillero con hasta 5 reintentos
[2025-10-06 22:50:18] [INFO] [main] [assignLocker] Intento 1: HOST -> http://localhost:8080
[2025-10-06 22:50:18] [INFO] [main] [assignLocker] Intento 1: URL -> /api/lockers/assign
[2025-10-06 22:50:18] [INFO] [main] [assignLocker] Intento 1: Request -> {"phone":"3103192771","pin":"0000","openBy":"user"}
[2025-10-06 22:50:18] [ERROR] [main] [assignLocker] [intento 1] Error HTTP: 409 - Ya existe casillero asignado para este numero
[2025-10-06 22:50:18] [ERROR] [main] [assignLocker] Ya existe casillero asignado para este numero
[2025-10-06 22:50:18] [INFO] [main] [websocket] Cerrando conexión manualmente
[2025-10-06 22:50:18] [INFO] [main] [assignLocker] Proceso completado exitosamente
[2025-10-06 22:50:20] [WARN] [main] [websocket] Conexión cerrada
[2025-10-06 22:50:22] [INFO] [main] [statusLockers] Iniciando petición para obtener casilleros disponibles
[2025-10-06 22:50:22] [INFO] [main] [statusLockers] Timeout efectivo en ejecución: 30000
[2025-10-06 22:50:22] [INFO] [main] [statusLockers] Intento 1: HOST -> http://localhost:8080
[2025-10-06 22:50:22] [INFO] [main] [statusLockers] Intento 1: URL -> /api/lockers/get-all-status
[2025-10-06 22:50:22] [INFO] [main] [statusLockers] Response. Status: 200
[2025-10-06 22:50:22] [INFO] [main] [statusLockers] Response. Data: {"general":[{"status":"ocupado","total":5},{"status":"libre","total":44},{"status":"reservado","total":7},{"status":"deshabilitado","total":4}],"modules":[{"module":"A","lockers":[{"lockerCode":"A1","status":"reservado"},{"lockerCode":"A2","status":"reservado"},{"lockerCode":"A3","status":"reservado"},{"lockerCode":"A4","status":"reservado"},{"lockerCode":"A5","status":"reservado"},{"lockerCode":"A6","status":"reservado"},{"lockerCode":"A7","status":"reservado"},{"lockerCode":"A8","status":"libre"},{"lockerCode":"A9","status":"libre"},{"lockerCode":"A10","status":"libre"}]},{"module":"B","lockers":[{"lockerCode":"B1","status":"libre"},{"lockerCode":"B2","status":"libre"},{"lockerCode":"B3","status":"libre"},{"lockerCode":"B4","status":"libre"},{"lockerCode":"B5","status":"libre"},{"lockerCode":"B6","status":"libre"},{"lockerCode":"B7","status":"libre"},{"lockerCode":"B8","status":"libre"},{"lockerCode":"B9","status":"libre"},{"lockerCode":"B10","status":"libre"}]},{"module":"C","lockers":[{"lockerCode":"C1","status":"libre"},{"lockerCode":"C2","status":"libre"},{"lockerCode":"C3","status":"libre"},{"lockerCode":"C4","status":"ocupado"},{"lockerCode":"C5","status":"libre"},{"lockerCode":"C6","status":"deshabilitado"},{"lockerCode":"C7","status":"libre"},{"lockerCode":"C8","status":"libre"},{"lockerCode":"C9","status":"libre"},{"lockerCode":"C10","status":"libre"}]},{"module":"D","lockers":[{"lockerCode":"D1","status":"deshabilitado"},{"lockerCode":"D2","status":"libre"},{"lockerCode":"D3","status":"libre"},{"lockerCode":"D4","status":"libre"},{"lockerCode":"D5","status":"libre"},{"lockerCode":"D6","status":"libre"},{"lockerCode":"D7","status":"ocupado"},{"lockerCode":"D8","status":"libre"},{"lockerCode":"D9","status":"libre"},{"lockerCode":"D10","status":"ocupado"}]},{"module":"E","lockers":[{"lockerCode":"E1","status":"libre"},{"lockerCode":"E2","status":"libre"},{"lockerCode":"E3","status":"libre"},{"lockerCode":"E4","status":"deshabilitado"},{"lockerCode":"E5","status":"libre"},{"lockerCode":"E6","status":"ocupado"},{"lockerCode":"E7","status":"libre"},{"lockerCode":"E8","status":"libre"},{"lockerCode":"E9","status":"libre"},{"lockerCode":"E10","status":"libre"}]},{"module":"F","lockers":[{"lockerCode":"F1","status":"libre"},{"lockerCode":"F2","status":"libre"},{"lockerCode":"F3","status":"libre"},{"lockerCode":"F4","status":"libre"},{"lockerCode":"F5","status":"libre"},{"lockerCode":"F6","status":"libre"},{"lockerCode":"F7","status":"ocupado"},{"lockerCode":"F8","status":"deshabilitado"},{"lockerCode":"F9","status":"libre"},{"lockerCode":"F10","status":"libre"}]}]}
[2025-10-06 22:50:31] [INFO] [main] [openReserveLocker] Iniciando petición para abrir casillero reservado
[2025-10-06 22:50:31] [INFO] [main] [openReserveLocker] Timeout efectivo en ejecución: 30000
[2025-10-06 22:50:31] [INFO] [main] [openReserveLocker] Intento 1: HOST -> http://localhost:8080
[2025-10-06 22:50:31] [INFO] [main] [openReserveLocker] Intento 1: URL -> /api/lockers/open-reservation
[2025-10-06 22:50:31] [INFO] [main] [openReserveLocker] Intento 1: Request -> {"phone":"3103192771","pin":"0000","openBy":"user"}
[2025-10-06 22:50:31] [ERROR] [main] [openReserveLocker] [intento 1] Error HTTP: 401 - Credenciales incorrectas
[2025-10-06 22:50:39] [INFO] [main] [openReserveLocker] Iniciando petición para abrir casillero reservado
[2025-10-06 22:50:39] [INFO] [main] [openReserveLocker] Timeout efectivo en ejecución: 30000
[2025-10-06 22:50:39] [INFO] [main] [openReserveLocker] Intento 1: HOST -> http://localhost:8080
[2025-10-06 22:50:39] [INFO] [main] [openReserveLocker] Intento 1: URL -> /api/lockers/open-reservation
[2025-10-06 22:50:39] [INFO] [main] [openReserveLocker] Intento 1: Request -> {"phone":"3103192771","pin":"1370","openBy":"user"}
[2025-10-06 22:50:39] [INFO] [main] [openReserveLocker] Response. Status: 200
[2025-10-06 22:50:39] [INFO] [main] [openReserveLocker] Response. Data: {"success":true,"message":"Casillero abierto exitosamente","lockerCode":"A1"}
[2025-10-06 22:50:40] [INFO] [main] [statusLockers] Iniciando petición para obtener casilleros disponibles
[2025-10-06 22:50:40] [INFO] [main] [statusLockers] Timeout efectivo en ejecución: 30000
[2025-10-06 22:50:40] [INFO] [main] [statusLockers] Intento 1: HOST -> http://localhost:8080
[2025-10-06 22:50:40] [INFO] [main] [statusLockers] Intento 1: URL -> /api/lockers/get-all-status
[2025-10-06 22:50:40] [INFO] [main] [statusLockers] Response. Status: 200
[2025-10-06 22:50:40] [INFO] [main] [statusLockers] Response. Data: {"general":[{"status":"ocupado","total":5},{"status":"libre","total":44},{"status":"reservado","total":7},{"status":"deshabilitado","total":4}],"modules":[{"module":"A","lockers":[{"lockerCode":"A1","status":"reservado"},{"lockerCode":"A2","status":"reservado"},{"lockerCode":"A3","status":"reservado"},{"lockerCode":"A4","status":"reservado"},{"lockerCode":"A5","status":"reservado"},{"lockerCode":"A6","status":"reservado"},{"lockerCode":"A7","status":"reservado"},{"lockerCode":"A8","status":"libre"},{"lockerCode":"A9","status":"libre"},{"lockerCode":"A10","status":"libre"}]},{"module":"B","lockers":[{"lockerCode":"B1","status":"libre"},{"lockerCode":"B2","status":"libre"},{"lockerCode":"B3","status":"libre"},{"lockerCode":"B4","status":"libre"},{"lockerCode":"B5","status":"libre"},{"lockerCode":"B6","status":"libre"},{"lockerCode":"B7","status":"libre"},{"lockerCode":"B8","status":"libre"},{"lockerCode":"B9","status":"libre"},{"lockerCode":"B10","status":"libre"}]},{"module":"C","lockers":[{"lockerCode":"C1","status":"libre"},{"lockerCode":"C2","status":"libre"},{"lockerCode":"C3","status":"libre"},{"lockerCode":"C4","status":"ocupado"},{"lockerCode":"C5","status":"libre"},{"lockerCode":"C6","status":"deshabilitado"},{"lockerCode":"C7","status":"libre"},{"lockerCode":"C8","status":"libre"},{"lockerCode":"C9","status":"libre"},{"lockerCode":"C10","status":"libre"}]},{"module":"D","lockers":[{"lockerCode":"D1","status":"deshabilitado"},{"lockerCode":"D2","status":"libre"},{"lockerCode":"D3","status":"libre"},{"lockerCode":"D4","status":"libre"},{"lockerCode":"D5","status":"libre"},{"lockerCode":"D6","status":"libre"},{"lockerCode":"D7","status":"ocupado"},{"lockerCode":"D8","status":"libre"},{"lockerCode":"D9","status":"libre"},{"lockerCode":"D10","status":"ocupado"}]},{"module":"E","lockers":[{"lockerCode":"E1","status":"libre"},{"lockerCode":"E2","status":"libre"},{"lockerCode":"E3","status":"libre"},{"lockerCode":"E4","status":"deshabilitado"},{"lockerCode":"E5","status":"libre"},{"lockerCode":"E6","status":"ocupado"},{"lockerCode":"E7","status":"libre"},{"lockerCode":"E8","status":"libre"},{"lockerCode":"E9","status":"libre"},{"lockerCode":"E10","status":"libre"}]},{"module":"F","lockers":[{"lockerCode":"F1","status":"libre"},{"lockerCode":"F2","status":"libre"},{"lockerCode":"F3","status":"libre"},{"lockerCode":"F4","status":"libre"},{"lockerCode":"F5","status":"libre"},{"lockerCode":"F6","status":"libre"},{"lockerCode":"F7","status":"ocupado"},{"lockerCode":"F8","status":"deshabilitado"},{"lockerCode":"F9","status":"libre"},{"lockerCode":"F10","status":"libre"}]}]}
[2025-10-06 22:51:03] [INFO] [main] [openReserveLocker] Iniciando petición para abrir casillero reservado
[2025-10-06 22:51:03] [INFO] [main] [openReserveLocker] Timeout efectivo en ejecución: 30000
[2025-10-06 22:51:03] [INFO] [main] [openReserveLocker] Intento 1: HOST -> http://localhost:8080
[2025-10-06 22:51:03] [INFO] [main] [openReserveLocker] Intento 1: URL -> /api/lockers/open-reservation
[2025-10-06 22:51:03] [INFO] [main] [openReserveLocker] Intento 1: Request -> {"phone":"3203635089","pin":"3292","openBy":"user"}
[2025-10-06 22:51:03] [ERROR] [main] [openReserveLocker] [intento 1] Error HTTP: 404 - No existe casillero asignado para este numero
[2025-10-06 22:51:11] [INFO] [main] [openReserveLocker] Iniciando petición para abrir casillero reservado
[2025-10-06 22:51:11] [INFO] [main] [openReserveLocker] Timeout efectivo en ejecución: 30000
[2025-10-06 22:51:11] [INFO] [main] [openReserveLocker] Intento 1: HOST -> http://localhost:8080
[2025-10-06 22:51:11] [INFO] [main] [openReserveLocker] Intento 1: URL -> /api/lockers/open-reservation
[2025-10-06 22:51:11] [INFO] [main] [openReserveLocker] Intento 1: Request -> {"phone":"3203635089","pin":"3292","openBy":"user"}
[2025-10-06 22:51:11] [ERROR] [main] [openReserveLocker] [intento 1] Error HTTP: 404 - No existe casillero asignado para este numero
[2025-10-06 22:51:13] [INFO] [main] [statusLockers] Iniciando petición para obtener casilleros disponibles
[2025-10-06 22:51:13] [INFO] [main] [statusLockers] Timeout efectivo en ejecución: 30000
[2025-10-06 22:51:13] [INFO] [main] [statusLockers] Intento 1: HOST -> http://localhost:8080
[2025-10-06 22:51:13] [INFO] [main] [statusLockers] Intento 1: URL -> /api/lockers/get-all-status
[2025-10-06 22:51:13] [INFO] [main] [copyright] Versión cargada: 1.1.0
[2025-10-06 22:51:13] [INFO] [main] [app] Componente App montado
[2025-10-06 22:51:13] [INFO] [main] [app] Versión cargada: 1.1.0
[2025-10-06 22:51:13] [INFO] [main] [statusLockers] Iniciando petición para obtener casilleros disponibles
[2025-10-06 22:51:13] [INFO] [main] [statusLockers] Timeout efectivo en ejecución: 30000
[2025-10-06 22:51:13] [INFO] [main] [statusLockers] Intento 1: HOST -> http://localhost:8080
[2025-10-06 22:51:13] [INFO] [main] [statusLockers] Intento 1: URL -> /api/lockers/get-all-status
[2025-10-06 22:51:13] [INFO] [main] [copyright] Versión cargada: 1.1.0
[2025-10-06 22:51:13] [INFO] [main] [app] Componente App montado
[2025-10-06 22:51:13] [INFO] [main] [app] Versión cargada: 1.1.0
[2025-10-06 22:51:13] [INFO] [main] [useConfig] Configuración inicial obtenida
[2025-10-06 22:51:13] [INFO] [main] [useConfig] Configuración inicial obtenida
[2025-10-06 22:51:13] [INFO] [main] [useConfig] Configuración inicial obtenida
[2025-10-06 22:51:13] [INFO] [main] [useConfig] Configuración inicial obtenida
[2025-10-06 22:51:13] [INFO] [main] [useConfig] Configuración inicial obtenida
[2025-10-06 22:51:13] [INFO] [main] [useConfig] Configuración inicial obtenida
[2025-10-06 22:51:13] [INFO] [main] [useConfig] Configuración inicial obtenida
[2025-10-06 22:51:13] [INFO] [main] [useConfig] Configuración inicial obtenida
[2025-10-06 22:51:13] [INFO] [main] [statusLockers] Response. Status: 200
[2025-10-06 22:51:13] [INFO] [main] [statusLockers] Response. Data: {"general":[{"status":"libre","total":44},{"status":"reservado","total":7},{"status":"deshabilitado","total":4},{"status":"ocupado","total":5}],"modules":[{"module":"A","lockers":[{"lockerCode":"A1","status":"reservado"},{"lockerCode":"A2","status":"reservado"},{"lockerCode":"A3","status":"reservado"},{"lockerCode":"A4","status":"reservado"},{"lockerCode":"A5","status":"reservado"},{"lockerCode":"A6","status":"reservado"},{"lockerCode":"A7","status":"reservado"},{"lockerCode":"A8","status":"libre"},{"lockerCode":"A9","status":"libre"},{"lockerCode":"A10","status":"libre"}]},{"module":"B","lockers":[{"lockerCode":"B1","status":"libre"},{"lockerCode":"B2","status":"libre"},{"lockerCode":"B3","status":"libre"},{"lockerCode":"B4","status":"libre"},{"lockerCode":"B5","status":"libre"},{"lockerCode":"B6","status":"libre"},{"lockerCode":"B7","status":"libre"},{"lockerCode":"B8","status":"libre"},{"lockerCode":"B9","status":"libre"},{"lockerCode":"B10","status":"libre"}]},{"module":"C","lockers":[{"lockerCode":"C1","status":"libre"},{"lockerCode":"C2","status":"libre"},{"lockerCode":"C3","status":"libre"},{"lockerCode":"C4","status":"ocupado"},{"lockerCode":"C5","status":"libre"},{"lockerCode":"C6","status":"deshabilitado"},{"lockerCode":"C7","status":"libre"},{"lockerCode":"C8","status":"libre"},{"lockerCode":"C9","status":"libre"},{"lockerCode":"C10","status":"libre"}]},{"module":"D","lockers":[{"lockerCode":"D1","status":"deshabilitado"},{"lockerCode":"D2","status":"libre"},{"lockerCode":"D3","status":"libre"},{"lockerCode":"D4","status":"libre"},{"lockerCode":"D5","status":"libre"},{"lockerCode":"D6","status":"libre"},{"lockerCode":"D7","status":"ocupado"},{"lockerCode":"D8","status":"libre"},{"lockerCode":"D9","status":"libre"},{"lockerCode":"D10","status":"ocupado"}]},{"module":"E","lockers":[{"lockerCode":"E1","status":"libre"},{"lockerCode":"E2","status":"libre"},{"lockerCode":"E3","status":"libre"},{"lockerCode":"E4","status":"deshabilitado"},{"lockerCode":"E5","status":"libre"},{"lockerCode":"E6","status":"ocupado"},{"lockerCode":"E7","status":"libre"},{"lockerCode":"E8","status":"libre"},{"lockerCode":"E9","status":"libre"},{"lockerCode":"E10","status":"libre"}]},{"module":"F","lockers":[{"lockerCode":"F1","status":"libre"},{"lockerCode":"F2","status":"libre"},{"lockerCode":"F3","status":"libre"},{"lockerCode":"F4","status":"libre"},{"lockerCode":"F5","status":"libre"},{"lockerCode":"F6","status":"libre"},{"lockerCode":"F7","status":"ocupado"},{"lockerCode":"F8","status":"deshabilitado"},{"lockerCode":"F9","status":"libre"},{"lockerCode":"F10","status":"libre"}]}]}
[2025-10-06 22:51:13] [INFO] [main] [statusLockers] Response. Status: 200
[2025-10-06 22:51:13] [INFO] [main] [statusLockers] Response. Data: {"general":[{"status":"libre","total":44},{"status":"reservado","total":7},{"status":"deshabilitado","total":4},{"status":"ocupado","total":5}],"modules":[{"module":"A","lockers":[{"lockerCode":"A1","status":"reservado"},{"lockerCode":"A2","status":"reservado"},{"lockerCode":"A3","status":"reservado"},{"lockerCode":"A4","status":"reservado"},{"lockerCode":"A5","status":"reservado"},{"lockerCode":"A6","status":"reservado"},{"lockerCode":"A7","status":"reservado"},{"lockerCode":"A8","status":"libre"},{"lockerCode":"A9","status":"libre"},{"lockerCode":"A10","status":"libre"}]},{"module":"B","lockers":[{"lockerCode":"B1","status":"libre"},{"lockerCode":"B2","status":"libre"},{"lockerCode":"B3","status":"libre"},{"lockerCode":"B4","status":"libre"},{"lockerCode":"B5","status":"libre"},{"lockerCode":"B6","status":"libre"},{"lockerCode":"B7","status":"libre"},{"lockerCode":"B8","status":"libre"},{"lockerCode":"B9","status":"libre"},{"lockerCode":"B10","status":"libre"}]},{"module":"C","lockers":[{"lockerCode":"C1","status":"libre"},{"lockerCode":"C2","status":"libre"},{"lockerCode":"C3","status":"libre"},{"lockerCode":"C4","status":"ocupado"},{"lockerCode":"C5","status":"libre"},{"lockerCode":"C6","status":"deshabilitado"},{"lockerCode":"C7","status":"libre"},{"lockerCode":"C8","status":"libre"},{"lockerCode":"C9","status":"libre"},{"lockerCode":"C10","status":"libre"}]},{"module":"D","lockers":[{"lockerCode":"D1","status":"deshabilitado"},{"lockerCode":"D2","status":"libre"},{"lockerCode":"D3","status":"libre"},{"lockerCode":"D4","status":"libre"},{"lockerCode":"D5","status":"libre"},{"lockerCode":"D6","status":"libre"},{"lockerCode":"D7","status":"ocupado"},{"lockerCode":"D8","status":"libre"},{"lockerCode":"D9","status":"libre"},{"lockerCode":"D10","status":"ocupado"}]},{"module":"E","lockers":[{"lockerCode":"E1","status":"libre"},{"lockerCode":"E2","status":"libre"},{"lockerCode":"E3","status":"libre"},{"lockerCode":"E4","status":"deshabilitado"},{"lockerCode":"E5","status":"libre"},{"lockerCode":"E6","status":"ocupado"},{"lockerCode":"E7","status":"libre"},{"lockerCode":"E8","status":"libre"},{"lockerCode":"E9","status":"libre"},{"lockerCode":"E10","status":"libre"}]},{"module":"F","lockers":[{"lockerCode":"F1","status":"libre"},{"lockerCode":"F2","status":"libre"},{"lockerCode":"F3","status":"libre"},{"lockerCode":"F4","status":"libre"},{"lockerCode":"F5","status":"libre"},{"lockerCode":"F6","status":"libre"},{"lockerCode":"F7","status":"ocupado"},{"lockerCode":"F8","status":"deshabilitado"},{"lockerCode":"F9","status":"libre"},{"lockerCode":"F10","status":"libre"}]}]}
[2025-10-06 22:51:37] [INFO] [main] [openReserveLocker] Iniciando petición para abrir casillero reservado
[2025-10-06 22:51:37] [INFO] [main] [openReserveLocker] Timeout efectivo en ejecución: 30000
[2025-10-06 22:51:37] [INFO] [main] [openReserveLocker] Intento 1: HOST -> http://localhost:8080
[2025-10-06 22:51:37] [INFO] [main] [openReserveLocker] Intento 1: URL -> /api/lockers/open-reservation
[2025-10-06 22:51:37] [INFO] [main] [openReserveLocker] Intento 1: Request -> {"phone":"3203635089","pin":"3292","openBy":"user"}
[2025-10-06 22:51:37] [ERROR] [main] [openReserveLocker] [intento 1] Error HTTP: 404 - No existe casillero asignado para este numero
[2025-10-06 22:52:12] [INFO] [main] [statusLockers] Iniciando petición para obtener casilleros disponibles
[2025-10-06 22:52:12] [INFO] [main] [statusLockers] Timeout efectivo en ejecución: 30000
[2025-10-06 22:52:12] [INFO] [main] [statusLockers] Intento 1: HOST -> http://localhost:8080
[2025-10-06 22:52:12] [INFO] [main] [statusLockers] Intento 1: URL -> /api/lockers/get-all-status
[2025-10-06 22:52:12] [INFO] [main] [statusLockers] Response. Status: 200
[2025-10-06 22:52:12] [INFO] [main] [statusLockers] Response. Data: {"general":[{"status":"ocupado","total":5},{"status":"libre","total":44},{"status":"reservado","total":7},{"status":"deshabilitado","total":4}],"modules":[{"module":"A","lockers":[{"lockerCode":"A1","status":"reservado"},{"lockerCode":"A2","status":"reservado"},{"lockerCode":"A3","status":"reservado"},{"lockerCode":"A4","status":"reservado"},{"lockerCode":"A5","status":"reservado"},{"lockerCode":"A6","status":"reservado"},{"lockerCode":"A7","status":"reservado"},{"lockerCode":"A8","status":"libre"},{"lockerCode":"A9","status":"libre"},{"lockerCode":"A10","status":"libre"}]},{"module":"B","lockers":[{"lockerCode":"B1","status":"libre"},{"lockerCode":"B2","status":"libre"},{"lockerCode":"B3","status":"libre"},{"lockerCode":"B4","status":"libre"},{"lockerCode":"B5","status":"libre"},{"lockerCode":"B6","status":"libre"},{"lockerCode":"B7","status":"libre"},{"lockerCode":"B8","status":"libre"},{"lockerCode":"B9","status":"libre"},{"lockerCode":"B10","status":"libre"}]},{"module":"C","lockers":[{"lockerCode":"C1","status":"libre"},{"lockerCode":"C2","status":"libre"},{"lockerCode":"C3","status":"libre"},{"lockerCode":"C4","status":"ocupado"},{"lockerCode":"C5","status":"libre"},{"lockerCode":"C6","status":"deshabilitado"},{"lockerCode":"C7","status":"libre"},{"lockerCode":"C8","status":"libre"},{"lockerCode":"C9","status":"libre"},{"lockerCode":"C10","status":"libre"}]},{"module":"D","lockers":[{"lockerCode":"D1","status":"deshabilitado"},{"lockerCode":"D2","status":"libre"},{"lockerCode":"D3","status":"libre"},{"lockerCode":"D4","status":"libre"},{"lockerCode":"D5","status":"libre"},{"lockerCode":"D6","status":"libre"},{"lockerCode":"D7","status":"ocupado"},{"lockerCode":"D8","status":"libre"},{"lockerCode":"D9","status":"libre"},{"lockerCode":"D10","status":"ocupado"}]},{"module":"E","lockers":[{"lockerCode":"E1","status":"libre"},{"lockerCode":"E2","status":"libre"},{"lockerCode":"E3","status":"libre"},{"lockerCode":"E4","status":"deshabilitado"},{"lockerCode":"E5","status":"libre"},{"lockerCode":"E6","status":"ocupado"},{"lockerCode":"E7","status":"libre"},{"lockerCode":"E8","status":"libre"},{"lockerCode":"E9","status":"libre"},{"lockerCode":"E10","status":"libre"}]},{"module":"F","lockers":[{"lockerCode":"F1","status":"libre"},{"lockerCode":"F2","status":"libre"},{"lockerCode":"F3","status":"libre"},{"lockerCode":"F4","status":"libre"},{"lockerCode":"F5","status":"libre"},{"lockerCode":"F6","status":"libre"},{"lockerCode":"F7","status":"ocupado"},{"lockerCode":"F8","status":"deshabilitado"},{"lockerCode":"F9","status":"libre"},{"lockerCode":"F10","status":"libre"}]}]}
[2025-10-06 22:52:24] [INFO] [main] [openReserveLocker] Iniciando petición para abrir casillero reservado
[2025-10-06 22:52:24] [INFO] [main] [openReserveLocker] Timeout efectivo en ejecución: 30000
[2025-10-06 22:52:24] [INFO] [main] [openReserveLocker] Intento 1: HOST -> http://localhost:8080
[2025-10-06 22:52:24] [INFO] [main] [openReserveLocker] Intento 1: URL -> /api/lockers/open-reservation
[2025-10-06 22:52:24] [INFO] [main] [openReserveLocker] Intento 1: Request -> {"phone":"3111111111","pin":"5215","openBy":"user"}
[2025-10-06 22:52:24] [ERROR] [main] [openReserveLocker] [intento 1] Error HTTP: 404 - No existe casillero asignado para este numero
[2025-10-06 22:52:49] [INFO] [main] [statusLockers] Iniciando petición para obtener casilleros disponibles
[2025-10-06 22:52:49] [INFO] [main] [statusLockers] Timeout efectivo en ejecución: 30000
[2025-10-06 22:52:49] [INFO] [main] [statusLockers] Intento 1: HOST -> http://localhost:8080
[2025-10-06 22:52:49] [INFO] [main] [statusLockers] Intento 1: URL -> /api/lockers/get-all-status
[2025-10-06 22:52:49] [INFO] [main] [statusLockers] Response. Status: 200
[2025-10-06 22:52:49] [INFO] [main] [statusLockers] Response. Data: {"general":[{"status":"libre","total":44},{"status":"reservado","total":7},{"status":"deshabilitado","total":4},{"status":"ocupado","total":5}],"modules":[{"module":"A","lockers":[{"lockerCode":"A1","status":"reservado"},{"lockerCode":"A2","status":"reservado"},{"lockerCode":"A3","status":"reservado"},{"lockerCode":"A4","status":"reservado"},{"lockerCode":"A5","status":"reservado"},{"lockerCode":"A6","status":"reservado"},{"lockerCode":"A7","status":"reservado"},{"lockerCode":"A8","status":"libre"},{"lockerCode":"A9","status":"libre"},{"lockerCode":"A10","status":"libre"}]},{"module":"B","lockers":[{"lockerCode":"B1","status":"libre"},{"lockerCode":"B2","status":"libre"},{"lockerCode":"B3","status":"libre"},{"lockerCode":"B4","status":"libre"},{"lockerCode":"B5","status":"libre"},{"lockerCode":"B6","status":"libre"},{"lockerCode":"B7","status":"libre"},{"lockerCode":"B8","status":"libre"},{"lockerCode":"B9","status":"libre"},{"lockerCode":"B10","status":"libre"}]},{"module":"C","lockers":[{"lockerCode":"C1","status":"libre"},{"lockerCode":"C2","status":"libre"},{"lockerCode":"C3","status":"libre"},{"lockerCode":"C4","status":"ocupado"},{"lockerCode":"C5","status":"libre"},{"lockerCode":"C6","status":"deshabilitado"},{"lockerCode":"C7","status":"libre"},{"lockerCode":"C8","status":"libre"},{"lockerCode":"C9","status":"libre"},{"lockerCode":"C10","status":"libre"}]},{"module":"D","lockers":[{"lockerCode":"D1","status":"deshabilitado"},{"lockerCode":"D2","status":"libre"},{"lockerCode":"D3","status":"libre"},{"lockerCode":"D4","status":"libre"},{"lockerCode":"D5","status":"libre"},{"lockerCode":"D6","status":"libre"},{"lockerCode":"D7","status":"ocupado"},{"lockerCode":"D8","status":"libre"},{"lockerCode":"D9","status":"libre"},{"lockerCode":"D10","status":"ocupado"}]},{"module":"E","lockers":[{"lockerCode":"E1","status":"libre"},{"lockerCode":"E2","status":"libre"},{"lockerCode":"E3","status":"libre"},{"lockerCode":"E4","status":"deshabilitado"},{"lockerCode":"E5","status":"libre"},{"lockerCode":"E6","status":"ocupado"},{"lockerCode":"E7","status":"libre"},{"lockerCode":"E8","status":"libre"},{"lockerCode":"E9","status":"libre"},{"lockerCode":"E10","status":"libre"}]},{"module":"F","lockers":[{"lockerCode":"F1","status":"libre"},{"lockerCode":"F2","status":"libre"},{"lockerCode":"F3","status":"libre"},{"lockerCode":"F4","status":"libre"},{"lockerCode":"F5","status":"libre"},{"lockerCode":"F6","status":"libre"},{"lockerCode":"F7","status":"ocupado"},{"lockerCode":"F8","status":"deshabilitado"},{"lockerCode":"F9","status":"libre"},{"lockerCode":"F10","status":"libre"}]}]}
[2025-10-06 22:52:51] [INFO] [main] [ppal] Redirigiendo a / — authenticated=true, closeSession=true, closeWindow=false
[2025-10-06 22:52:51] [INFO] [main] [app] Componente App montado
[2025-10-06 22:52:51] [INFO] [main] [app] Versión cargada: 1.1.0
[2025-10-06 22:52:51] [INFO] [main] [useConfig] Configuración inicial obtenida
[2025-10-06 22:52:51] [INFO] [main] [useConfig] Configuración inicial obtenida
[2025-10-06 22:53:03] [INFO] [main] [login] Cierre de sesión para usuario: operador
[2025-10-06 22:53:03] [INFO] [main] [app] Componente App montado
[2025-10-06 22:53:03] [INFO] [main] [app] Versión cargada: 1.1.0
[2025-10-06 22:53:09] [INFO] [main] [login] Inicio de sesión exitoso para usuario: administrador
[2025-10-06 22:53:09] [INFO] [main] set-fullscreen: true
[2025-10-06 22:53:09] [INFO] [main] Ventana cerrándose, deteniendo TTS...
[2025-10-06 22:53:09] [INFO] [main] Creando ventana principal...
[2025-10-06 22:53:09] [INFO] [main] Cargando URL: http://localhost:5173
[2025-10-06 22:53:09] [INFO] [main] set-frame: false
[2025-10-06 22:53:10] [INFO] [main] [login] Usuario autenticado en sesión principal, redirigiendo a /adminlockers
[2025-10-06 22:53:10] [INFO] [main] [app] Componente App montado
[2025-10-06 22:53:10] [INFO] [main] [app] Versión cargada: 1.1.0
[2025-10-06 22:53:10] [INFO] [main] Recibido config actualizado
[2025-10-06 22:53:10] [INFO] [main] Recibido auth actualizado
[2025-10-06 22:53:10] [INFO] [main] Recibido logger actualizado
[2025-10-06 22:53:10] [INFO] [main] Recibido env actualizado
[2025-10-06 22:53:10] [INFO] [preload] Inicializando preload.js
[2025-10-06 22:53:10] [INFO] [setupWatcher] Observando archivo setup_config.json en: C:\Users\User\Documents\Personal\LockeritDesk\configFiles\setup_config.json
[2025-10-06 22:53:10] [INFO] [setupWatcher] Archivo setup_config.json cargado correctamente
[2025-10-06 22:53:10] [INFO] [preload] Watcher iniciado: setup_config.json
[2025-10-06 22:53:10] [INFO] [authWatcher] Observando archivo auth_key.json en: C:\Users\User\Documents\Personal\LockeritDesk\configFiles\auth_key.json
[2025-10-06 22:53:10] [INFO] [authWatcher] auth_key.json actualizado correctamente
[2025-10-06 22:53:10] [INFO] [preload] Watcher iniciado: auth_key.json
[2025-10-06 22:53:10] [INFO] [loggerWatcher] Observando archivo logger_config.json en: C:\Users\User\Documents\Personal\LockeritDesk\configFiles\logger_config.json
[2025-10-06 22:53:10] [INFO] [loggerWatcher] Archivo logger_config.json cargado correctamente
[2025-10-06 22:53:10] [INFO] [preload] Watcher iniciado: logger_config.json
[2025-10-06 22:53:10] [INFO] [envWatcher] Observando archivo .env en: C:\Users\User\Documents\Personal\LockeritDesk\configFiles\.env
[2025-10-06 22:53:10] [INFO] [envWatcher] Archivo .env cargado correctamente
[2025-10-06 22:53:10] [INFO] [preload] Watcher iniciado: .env
[2025-10-06 22:53:10] [INFO] [preload] API expuesta en window.electronAPI
[2025-10-06 22:53:10] [INFO] [main] [axiosConfig] API BaseURL Inicial: http://localhost:8080
[2025-10-06 22:53:10] [INFO] [main] [axiosConfig] API BaseTimeout Inicial: 30
[2025-10-06 22:53:10] [INFO] [main] [configStore] Configuración actualizada
[2025-10-06 22:53:10] [INFO] [main] [configStore] config_key.json inicial cargado exitosamente
[2025-10-06 22:53:10] [INFO] [main] [envStore] ENV inicial cargado correctamente
[2025-10-06 22:53:10] [INFO] [main] [envStore] ENV actualizado
[2025-10-06 22:53:10] [INFO] [main] [axiosConfig] API BaseTimeout actualizada dinámicamente: 30
[2025-10-06 22:53:10] [INFO] [main] [assignLocker] API BaseTimeout actualizada dinámicamente: 30
[2025-10-06 22:53:10] [INFO] [main] [authStore] Auth actualizado
[2025-10-06 22:53:10] [INFO] [main] [authStore] auth_key.json inicial cargado exitosamente
[2025-10-06 22:53:11] [INFO] [main] get-screen-data-once -> 1920x1048 factor=0.97
[2025-10-06 22:53:11] [INFO] [main] [login] Usuario autenticado en sesión principal, redirigiendo a /adminlockers
[2025-10-06 22:53:11] [INFO] [main] [copyright] Versión cargada: 1.1.0
[2025-10-06 22:53:11] [INFO] [main] [app] Componente App montado
[2025-10-06 22:53:11] [INFO] [main] [app] Versión cargada: 1.1.0
[2025-10-06 22:53:11] [INFO] [main] [copyright] Versión cargada: 1.1.0
[2025-10-06 22:53:11] [INFO] [main] [app] Componente App montado
[2025-10-06 22:53:11] [INFO] [main] [app] Versión cargada: 1.1.0
[2025-10-06 22:53:11] [INFO] [main] [useConfig] Configuración inicial obtenida
[2025-10-06 22:53:11] [INFO] [main] [useConfig] Configuración inicial obtenida
[2025-10-06 22:53:11] [INFO] [main] [useConfig] Configuración inicial obtenida
[2025-10-06 22:53:11] [INFO] [main] [useConfig] Configuración inicial obtenida
[2025-10-06 22:53:11] [INFO] [main] [useConfig] Configuración inicial obtenida
[2025-10-06 22:53:11] [INFO] [main] [useConfig] Configuración inicial obtenida
[2025-10-06 22:53:11] [INFO] [main] [statusLockers] Iniciando petición para obtener casilleros disponibles
[2025-10-06 22:53:11] [INFO] [main] [statusLockers] Timeout efectivo en ejecución: 30000
[2025-10-06 22:53:11] [INFO] [main] [statusLockers] Intento 1: HOST -> http://localhost:8080
[2025-10-06 22:53:11] [INFO] [main] [statusLockers] Intento 1: URL -> /api/lockers/get-all-status
[2025-10-06 22:53:11] [INFO] [main] [statusLockers] Iniciando petición para obtener casilleros disponibles
[2025-10-06 22:53:11] [INFO] [main] [statusLockers] Timeout efectivo en ejecución: 30000
[2025-10-06 22:53:11] [INFO] [main] [statusLockers] Intento 1: HOST -> http://localhost:8080
[2025-10-06 22:53:11] [INFO] [main] [statusLockers] Intento 1: URL -> /api/lockers/get-all-status
[2025-10-06 22:53:12] [INFO] [main] [useConfig] Configuración inicial obtenida
[2025-10-06 22:53:12] [INFO] [main] [useConfig] Configuración inicial obtenida
[2025-10-06 22:53:12] [INFO] [main] [useConfig] Configuración inicial obtenida
[2025-10-06 22:53:12] [INFO] [main] [useConfig] Configuración inicial obtenida
[2025-10-06 22:53:12] [INFO] [main] [statusLockers] Response. Status: 200
[2025-10-06 22:53:12] [INFO] [main] [statusLockers] Response. Data: {"general":[{"status":"ocupado","total":5},{"status":"libre","total":44},{"status":"reservado","total":7},{"status":"deshabilitado","total":4}],"modules":[{"module":"A","lockers":[{"lockerCode":"A1","status":"reservado"},{"lockerCode":"A2","status":"reservado"},{"lockerCode":"A3","status":"reservado"},{"lockerCode":"A4","status":"reservado"},{"lockerCode":"A5","status":"reservado"},{"lockerCode":"A6","status":"reservado"},{"lockerCode":"A7","status":"reservado"},{"lockerCode":"A8","status":"libre"},{"lockerCode":"A9","status":"libre"},{"lockerCode":"A10","status":"libre"}]},{"module":"B","lockers":[{"lockerCode":"B1","status":"libre"},{"lockerCode":"B2","status":"libre"},{"lockerCode":"B3","status":"libre"},{"lockerCode":"B4","status":"libre"},{"lockerCode":"B5","status":"libre"},{"lockerCode":"B6","status":"libre"},{"lockerCode":"B7","status":"libre"},{"lockerCode":"B8","status":"libre"},{"lockerCode":"B9","status":"libre"},{"lockerCode":"B10","status":"libre"}]},{"module":"C","lockers":[{"lockerCode":"C1","status":"libre"},{"lockerCode":"C2","status":"libre"},{"lockerCode":"C3","status":"libre"},{"lockerCode":"C4","status":"ocupado"},{"lockerCode":"C5","status":"libre"},{"lockerCode":"C6","status":"deshabilitado"},{"lockerCode":"C7","status":"libre"},{"lockerCode":"C8","status":"libre"},{"lockerCode":"C9","status":"libre"},{"lockerCode":"C10","status":"libre"}]},{"module":"D","lockers":[{"lockerCode":"D1","status":"deshabilitado"},{"lockerCode":"D2","status":"libre"},{"lockerCode":"D3","status":"libre"},{"lockerCode":"D4","status":"libre"},{"lockerCode":"D5","status":"libre"},{"lockerCode":"D6","status":"libre"},{"lockerCode":"D7","status":"ocupado"},{"lockerCode":"D8","status":"libre"},{"lockerCode":"D9","status":"libre"},{"lockerCode":"D10","status":"ocupado"}]},{"module":"E","lockers":[{"lockerCode":"E1","status":"libre"},{"lockerCode":"E2","status":"libre"},{"lockerCode":"E3","status":"libre"},{"lockerCode":"E4","status":"deshabilitado"},{"lockerCode":"E5","status":"libre"},{"lockerCode":"E6","status":"ocupado"},{"lockerCode":"E7","status":"libre"},{"lockerCode":"E8","status":"libre"},{"lockerCode":"E9","status":"libre"},{"lockerCode":"E10","status":"libre"}]},{"module":"F","lockers":[{"lockerCode":"F1","status":"libre"},{"lockerCode":"F2","status":"libre"},{"lockerCode":"F3","status":"libre"},{"lockerCode":"F4","status":"libre"},{"lockerCode":"F5","status":"libre"},{"lockerCode":"F6","status":"libre"},{"lockerCode":"F7","status":"ocupado"},{"lockerCode":"F8","status":"deshabilitado"},{"lockerCode":"F9","status":"libre"},{"lockerCode":"F10","status":"libre"}]}]}
[2025-10-06 22:53:12] [INFO] [main] [statusLockers] Response. Status: 200
[2025-10-06 22:53:12] [INFO] [main] [statusLockers] Response. Data: {"general":[{"status":"ocupado","total":5},{"status":"libre","total":44},{"status":"reservado","total":7},{"status":"deshabilitado","total":4}],"modules":[{"module":"A","lockers":[{"lockerCode":"A1","status":"reservado"},{"lockerCode":"A2","status":"reservado"},{"lockerCode":"A3","status":"reservado"},{"lockerCode":"A4","status":"reservado"},{"lockerCode":"A5","status":"reservado"},{"lockerCode":"A6","status":"reservado"},{"lockerCode":"A7","status":"reservado"},{"lockerCode":"A8","status":"libre"},{"lockerCode":"A9","status":"libre"},{"lockerCode":"A10","status":"libre"}]},{"module":"B","lockers":[{"lockerCode":"B1","status":"libre"},{"lockerCode":"B2","status":"libre"},{"lockerCode":"B3","status":"libre"},{"lockerCode":"B4","status":"libre"},{"lockerCode":"B5","status":"libre"},{"lockerCode":"B6","status":"libre"},{"lockerCode":"B7","status":"libre"},{"lockerCode":"B8","status":"libre"},{"lockerCode":"B9","status":"libre"},{"lockerCode":"B10","status":"libre"}]},{"module":"C","lockers":[{"lockerCode":"C1","status":"libre"},{"lockerCode":"C2","status":"libre"},{"lockerCode":"C3","status":"libre"},{"lockerCode":"C4","status":"ocupado"},{"lockerCode":"C5","status":"libre"},{"lockerCode":"C6","status":"deshabilitado"},{"lockerCode":"C7","status":"libre"},{"lockerCode":"C8","status":"libre"},{"lockerCode":"C9","status":"libre"},{"lockerCode":"C10","status":"libre"}]},{"module":"D","lockers":[{"lockerCode":"D1","status":"deshabilitado"},{"lockerCode":"D2","status":"libre"},{"lockerCode":"D3","status":"libre"},{"lockerCode":"D4","status":"libre"},{"lockerCode":"D5","status":"libre"},{"lockerCode":"D6","status":"libre"},{"lockerCode":"D7","status":"ocupado"},{"lockerCode":"D8","status":"libre"},{"lockerCode":"D9","status":"libre"},{"lockerCode":"D10","status":"ocupado"}]},{"module":"E","lockers":[{"lockerCode":"E1","status":"libre"},{"lockerCode":"E2","status":"libre"},{"lockerCode":"E3","status":"libre"},{"lockerCode":"E4","status":"deshabilitado"},{"lockerCode":"E5","status":"libre"},{"lockerCode":"E6","status":"ocupado"},{"lockerCode":"E7","status":"libre"},{"lockerCode":"E8","status":"libre"},{"lockerCode":"E9","status":"libre"},{"lockerCode":"E10","status":"libre"}]},{"module":"F","lockers":[{"lockerCode":"F1","status":"libre"},{"lockerCode":"F2","status":"libre"},{"lockerCode":"F3","status":"libre"},{"lockerCode":"F4","status":"libre"},{"lockerCode":"F5","status":"libre"},{"lockerCode":"F6","status":"libre"},{"lockerCode":"F7","status":"ocupado"},{"lockerCode":"F8","status":"deshabilitado"},{"lockerCode":"F9","status":"libre"},{"lockerCode":"F10","status":"libre"}]}]}
[2025-10-06 22:53:53] [INFO] [main] [statusLockers] Iniciando petición para obtener casilleros disponibles
[2025-10-06 22:53:53] [INFO] [main] [statusLockers] Timeout efectivo en ejecución: 30000
[2025-10-06 22:53:53] [INFO] [main] [statusLockers] Intento 1: HOST -> http://localhost:8080
[2025-10-06 22:53:53] [INFO] [main] [statusLockers] Intento 1: URL -> /api/lockers/get-all-status
[2025-10-06 22:53:53] [INFO] [main] [copyright] Versión cargada: 1.1.0
[2025-10-06 22:53:53] [INFO] [main] [app] Componente App montado
[2025-10-06 22:53:53] [INFO] [main] [app] Versión cargada: 1.1.0
[2025-10-06 22:53:53] [INFO] [main] [statusLockers] Iniciando petición para obtener casilleros disponibles
[2025-10-06 22:53:53] [INFO] [main] [statusLockers] Timeout efectivo en ejecución: 30000
[2025-10-06 22:53:53] [INFO] [main] [statusLockers] Intento 1: HOST -> http://localhost:8080
[2025-10-06 22:53:53] [INFO] [main] [statusLockers] Intento 1: URL -> /api/lockers/get-all-status
[2025-10-06 22:53:53] [INFO] [main] [copyright] Versión cargada: 1.1.0
[2025-10-06 22:53:53] [INFO] [main] [app] Componente App montado
[2025-10-06 22:53:53] [INFO] [main] [app] Versión cargada: 1.1.0
[2025-10-06 22:53:54] [INFO] [main] [useConfig] Configuración inicial obtenida
[2025-10-06 22:53:54] [INFO] [main] [useConfig] Configuración inicial obtenida
[2025-10-06 22:53:54] [INFO] [main] [useConfig] Configuración inicial obtenida
[2025-10-06 22:53:54] [INFO] [main] [useConfig] Configuración inicial obtenida
[2025-10-06 22:53:54] [INFO] [main] [useConfig] Configuración inicial obtenida
[2025-10-06 22:53:54] [INFO] [main] [useConfig] Configuración inicial obtenida
[2025-10-06 22:53:54] [INFO] [main] [useConfig] Configuración inicial obtenida
[2025-10-06 22:53:54] [INFO] [main] [useConfig] Configuración inicial obtenida
[2025-10-06 22:53:54] [INFO] [main] [statusLockers] Response. Status: 200
[2025-10-06 22:53:54] [INFO] [main] [statusLockers] Response. Data: {"general":[{"status":"deshabilitado","total":4},{"status":"ocupado","total":5},{"status":"libre","total":44},{"status":"reservado","total":7}],"modules":[{"module":"A","lockers":[{"lockerCode":"A1","status":"reservado"},{"lockerCode":"A2","status":"reservado"},{"lockerCode":"A3","status":"reservado"},{"lockerCode":"A4","status":"reservado"},{"lockerCode":"A5","status":"reservado"},{"lockerCode":"A6","status":"reservado"},{"lockerCode":"A7","status":"reservado"},{"lockerCode":"A8","status":"libre"},{"lockerCode":"A9","status":"libre"},{"lockerCode":"A10","status":"libre"}]},{"module":"B","lockers":[{"lockerCode":"B1","status":"libre"},{"lockerCode":"B2","status":"libre"},{"lockerCode":"B3","status":"libre"},{"lockerCode":"B4","status":"libre"},{"lockerCode":"B5","status":"libre"},{"lockerCode":"B6","status":"libre"},{"lockerCode":"B7","status":"libre"},{"lockerCode":"B8","status":"libre"},{"lockerCode":"B9","status":"libre"},{"lockerCode":"B10","status":"libre"}]},{"module":"C","lockers":[{"lockerCode":"C1","status":"libre"},{"lockerCode":"C2","status":"libre"},{"lockerCode":"C3","status":"libre"},{"lockerCode":"C4","status":"ocupado"},{"lockerCode":"C5","status":"libre"},{"lockerCode":"C6","status":"deshabilitado"},{"lockerCode":"C7","status":"libre"},{"lockerCode":"C8","status":"libre"},{"lockerCode":"C9","status":"libre"},{"lockerCode":"C10","status":"libre"}]},{"module":"D","lockers":[{"lockerCode":"D1","status":"deshabilitado"},{"lockerCode":"D2","status":"libre"},{"lockerCode":"D3","status":"libre"},{"lockerCode":"D4","status":"libre"},{"lockerCode":"D5","status":"libre"},{"lockerCode":"D6","status":"libre"},{"lockerCode":"D7","status":"ocupado"},{"lockerCode":"D8","status":"libre"},{"lockerCode":"D9","status":"libre"},{"lockerCode":"D10","status":"ocupado"}]},{"module":"E","lockers":[{"lockerCode":"E1","status":"libre"},{"lockerCode":"E2","status":"libre"},{"lockerCode":"E3","status":"libre"},{"lockerCode":"E4","status":"deshabilitado"},{"lockerCode":"E5","status":"libre"},{"lockerCode":"E6","status":"ocupado"},{"lockerCode":"E7","status":"libre"},{"lockerCode":"E8","status":"libre"},{"lockerCode":"E9","status":"libre"},{"lockerCode":"E10","status":"libre"}]},{"module":"F","lockers":[{"lockerCode":"F1","status":"libre"},{"lockerCode":"F2","status":"libre"},{"lockerCode":"F3","status":"libre"},{"lockerCode":"F4","status":"libre"},{"lockerCode":"F5","status":"libre"},{"lockerCode":"F6","status":"libre"},{"lockerCode":"F7","status":"ocupado"},{"lockerCode":"F8","status":"deshabilitado"},{"lockerCode":"F9","status":"libre"},{"lockerCode":"F10","status":"libre"}]}]}
[2025-10-06 22:53:54] [INFO] [main] [statusLockers] Response. Status: 200
[2025-10-06 22:53:54] [INFO] [main] [statusLockers] Response. Data: {"general":[{"status":"ocupado","total":5},{"status":"libre","total":44},{"status":"reservado","total":7},{"status":"deshabilitado","total":4}],"modules":[{"module":"A","lockers":[{"lockerCode":"A1","status":"reservado"},{"lockerCode":"A2","status":"reservado"},{"lockerCode":"A3","status":"reservado"},{"lockerCode":"A4","status":"reservado"},{"lockerCode":"A5","status":"reservado"},{"lockerCode":"A6","status":"reservado"},{"lockerCode":"A7","status":"reservado"},{"lockerCode":"A8","status":"libre"},{"lockerCode":"A9","status":"libre"},{"lockerCode":"A10","status":"libre"}]},{"module":"B","lockers":[{"lockerCode":"B1","status":"libre"},{"lockerCode":"B2","status":"libre"},{"lockerCode":"B3","status":"libre"},{"lockerCode":"B4","status":"libre"},{"lockerCode":"B5","status":"libre"},{"lockerCode":"B6","status":"libre"},{"lockerCode":"B7","status":"libre"},{"lockerCode":"B8","status":"libre"},{"lockerCode":"B9","status":"libre"},{"lockerCode":"B10","status":"libre"}]},{"module":"C","lockers":[{"lockerCode":"C1","status":"libre"},{"lockerCode":"C2","status":"libre"},{"lockerCode":"C3","status":"libre"},{"lockerCode":"C4","status":"ocupado"},{"lockerCode":"C5","status":"libre"},{"lockerCode":"C6","status":"deshabilitado"},{"lockerCode":"C7","status":"libre"},{"lockerCode":"C8","status":"libre"},{"lockerCode":"C9","status":"libre"},{"lockerCode":"C10","status":"libre"}]},{"module":"D","lockers":[{"lockerCode":"D1","status":"deshabilitado"},{"lockerCode":"D2","status":"libre"},{"lockerCode":"D3","status":"libre"},{"lockerCode":"D4","status":"libre"},{"lockerCode":"D5","status":"libre"},{"lockerCode":"D6","status":"libre"},{"lockerCode":"D7","status":"ocupado"},{"lockerCode":"D8","status":"libre"},{"lockerCode":"D9","status":"libre"},{"lockerCode":"D10","status":"ocupado"}]},{"module":"E","lockers":[{"lockerCode":"E1","status":"libre"},{"lockerCode":"E2","status":"libre"},{"lockerCode":"E3","status":"libre"},{"lockerCode":"E4","status":"deshabilitado"},{"lockerCode":"E5","status":"libre"},{"lockerCode":"E6","status":"ocupado"},{"lockerCode":"E7","status":"libre"},{"lockerCode":"E8","status":"libre"},{"lockerCode":"E9","status":"libre"},{"lockerCode":"E10","status":"libre"}]},{"module":"F","lockers":[{"lockerCode":"F1","status":"libre"},{"lockerCode":"F2","status":"libre"},{"lockerCode":"F3","status":"libre"},{"lockerCode":"F4","status":"libre"},{"lockerCode":"F5","status":"libre"},{"lockerCode":"F6","status":"libre"},{"lockerCode":"F7","status":"ocupado"},{"lockerCode":"F8","status":"deshabilitado"},{"lockerCode":"F9","status":"libre"},{"lockerCode":"F10","status":"libre"}]}]}
[2025-10-06 22:54:23] [INFO] [main] [app] Componente App montado
[2025-10-06 22:54:23] [INFO] [main] [app] Versión cargada: 1.1.0
[2025-10-06 22:54:24] [INFO] [main] [useConfig] Configuración inicial obtenida
[2025-10-06 22:54:24] [INFO] [main] [useConfig] Configuración inicial obtenida
[2025-10-06 22:54:28] [INFO] [main] [login] Cierre de sesión para usuario: administrador
[2025-10-06 22:54:28] [INFO] [main] [app] Componente App montado
[2025-10-06 22:54:28] [INFO] [main] [app] Versión cargada: 1.1.0
[2025-10-06 22:54:37] [INFO] [main] [login] Inicio de sesión exitoso para usuario: operador
[2025-10-06 22:54:37] [INFO] [main] set-fullscreen: true
[2025-10-06 22:54:37] [INFO] [main] Ventana cerrándose, deteniendo TTS...
[2025-10-06 22:54:37] [INFO] [main] Creando ventana principal...
[2025-10-06 22:54:37] [INFO] [main] Cargando URL: http://localhost:5173
[2025-10-06 22:54:37] [INFO] [main] set-frame: false
[2025-10-06 22:54:37] [INFO] [main] [login] Usuario autenticado en sesión principal, redirigiendo a /ppal
[2025-10-06 22:54:37] [INFO] [main] [app] Componente App montado
[2025-10-06 22:54:37] [INFO] [main] [app] Versión cargada: 1.1.0
[2025-10-06 22:54:38] [INFO] [main] Recibido config actualizado
[2025-10-06 22:54:38] [INFO] [main] Recibido auth actualizado
[2025-10-06 22:54:38] [INFO] [main] Recibido logger actualizado
[2025-10-06 22:54:38] [INFO] [main] Recibido env actualizado
[2025-10-06 22:54:38] [INFO] [preload] Inicializando preload.js
[2025-10-06 22:54:38] [INFO] [setupWatcher] Observando archivo setup_config.json en: C:\Users\User\Documents\Personal\LockeritDesk\configFiles\setup_config.json
[2025-10-06 22:54:38] [INFO] [setupWatcher] Archivo setup_config.json cargado correctamente
[2025-10-06 22:54:38] [INFO] [preload] Watcher iniciado: setup_config.json
[2025-10-06 22:54:38] [INFO] [authWatcher] Observando archivo auth_key.json en: C:\Users\User\Documents\Personal\LockeritDesk\configFiles\auth_key.json
[2025-10-06 22:54:38] [INFO] [authWatcher] auth_key.json actualizado correctamente
[2025-10-06 22:54:38] [INFO] [preload] Watcher iniciado: auth_key.json
[2025-10-06 22:54:38] [INFO] [loggerWatcher] Observando archivo logger_config.json en: C:\Users\User\Documents\Personal\LockeritDesk\configFiles\logger_config.json
[2025-10-06 22:54:38] [INFO] [loggerWatcher] Archivo logger_config.json cargado correctamente
[2025-10-06 22:54:38] [INFO] [preload] Watcher iniciado: logger_config.json
[2025-10-06 22:54:38] [INFO] [envWatcher] Observando archivo .env en: C:\Users\User\Documents\Personal\LockeritDesk\configFiles\.env
[2025-10-06 22:54:38] [INFO] [envWatcher] Archivo .env cargado correctamente
[2025-10-06 22:54:38] [INFO] [preload] Watcher iniciado: .env
[2025-10-06 22:54:38] [INFO] [preload] API expuesta en window.electronAPI
[2025-10-06 22:54:38] [INFO] [main] [axiosConfig] API BaseURL Inicial: http://localhost:8080
[2025-10-06 22:54:38] [INFO] [main] [axiosConfig] API BaseTimeout Inicial: 30
[2025-10-06 22:54:38] [INFO] [main] [configStore] Configuración actualizada
[2025-10-06 22:54:38] [INFO] [main] [configStore] config_key.json inicial cargado exitosamente
[2025-10-06 22:54:38] [INFO] [main] [envStore] ENV inicial cargado correctamente
[2025-10-06 22:54:38] [INFO] [main] [envStore] ENV actualizado
[2025-10-06 22:54:38] [INFO] [main] [axiosConfig] API BaseTimeout actualizada dinámicamente: 30
[2025-10-06 22:54:38] [INFO] [main] [assignLocker] API BaseTimeout actualizada dinámicamente: 30
[2025-10-06 22:54:38] [INFO] [main] [authStore] Auth actualizado
[2025-10-06 22:54:38] [INFO] [main] [authStore] auth_key.json inicial cargado exitosamente
[2025-10-06 22:54:39] [INFO] [main] get-screen-data-once -> 1920x1048 factor=0.97
[2025-10-06 22:54:39] [INFO] [main] [login] Usuario autenticado en sesión principal, redirigiendo a /ppal
[2025-10-06 22:54:39] [INFO] [main] [copyright] Versión cargada: 1.1.0
[2025-10-06 22:54:39] [INFO] [main] [app] Componente App montado
[2025-10-06 22:54:39] [INFO] [main] [app] Versión cargada: 1.1.0
[2025-10-06 22:54:39] [INFO] [main] [copyright] Versión cargada: 1.1.0
[2025-10-06 22:54:39] [INFO] [main] [app] Componente App montado
[2025-10-06 22:54:39] [INFO] [main] [app] Versión cargada: 1.1.0
[2025-10-06 22:54:39] [INFO] [main] [useConfig] Configuración inicial obtenida
[2025-10-06 22:54:39] [INFO] [main] [useConfig] Configuración inicial obtenida
[2025-10-06 22:54:39] [INFO] [main] [useConfig] Configuración inicial obtenida
[2025-10-06 22:54:39] [INFO] [main] [useConfig] Configuración inicial obtenida
[2025-10-06 22:54:39] [INFO] [main] [useConfig] Configuración inicial obtenida
[2025-10-06 22:54:39] [INFO] [main] [useConfig] Configuración inicial obtenida
[2025-10-06 22:54:39] [INFO] [main] [statusLockers] Iniciando petición para obtener casilleros disponibles
[2025-10-06 22:54:39] [INFO] [main] [statusLockers] Timeout efectivo en ejecución: 30000
[2025-10-06 22:54:39] [INFO] [main] [statusLockers] Intento 1: HOST -> http://localhost:8080
[2025-10-06 22:54:39] [INFO] [main] [statusLockers] Intento 1: URL -> /api/lockers/get-all-status
[2025-10-06 22:54:39] [INFO] [main] [statusLockers] Iniciando petición para obtener casilleros disponibles
[2025-10-06 22:54:39] [INFO] [main] [statusLockers] Timeout efectivo en ejecución: 30000
[2025-10-06 22:54:39] [INFO] [main] [statusLockers] Intento 1: HOST -> http://localhost:8080
[2025-10-06 22:54:39] [INFO] [main] [statusLockers] Intento 1: URL -> /api/lockers/get-all-status
[2025-10-06 22:54:39] [INFO] [main] [useConfig] Configuración inicial obtenida
[2025-10-06 22:54:39] [INFO] [main] [useConfig] Configuración inicial obtenida
[2025-10-06 22:54:39] [INFO] [main] [useConfig] Configuración inicial obtenida
[2025-10-06 22:54:39] [INFO] [main] [useConfig] Configuración inicial obtenida
[2025-10-06 22:54:39] [INFO] [main] [statusLockers] Response. Status: 200
[2025-10-06 22:54:39] [INFO] [main] [statusLockers] Response. Data: {"general":[{"status":"ocupado","total":5},{"status":"libre","total":44},{"status":"reservado","total":7},{"status":"deshabilitado","total":4}],"modules":[{"module":"A","lockers":[{"lockerCode":"A1","status":"reservado"},{"lockerCode":"A2","status":"reservado"},{"lockerCode":"A3","status":"reservado"},{"lockerCode":"A4","status":"reservado"},{"lockerCode":"A5","status":"reservado"},{"lockerCode":"A6","status":"reservado"},{"lockerCode":"A7","status":"reservado"},{"lockerCode":"A8","status":"libre"},{"lockerCode":"A9","status":"libre"},{"lockerCode":"A10","status":"libre"}]},{"module":"B","lockers":[{"lockerCode":"B1","status":"libre"},{"lockerCode":"B2","status":"libre"},{"lockerCode":"B3","status":"libre"},{"lockerCode":"B4","status":"libre"},{"lockerCode":"B5","status":"libre"},{"lockerCode":"B6","status":"libre"},{"lockerCode":"B7","status":"libre"},{"lockerCode":"B8","status":"libre"},{"lockerCode":"B9","status":"libre"},{"lockerCode":"B10","status":"libre"}]},{"module":"C","lockers":[{"lockerCode":"C1","status":"libre"},{"lockerCode":"C2","status":"libre"},{"lockerCode":"C3","status":"libre"},{"lockerCode":"C4","status":"ocupado"},{"lockerCode":"C5","status":"libre"},{"lockerCode":"C6","status":"deshabilitado"},{"lockerCode":"C7","status":"libre"},{"lockerCode":"C8","status":"libre"},{"lockerCode":"C9","status":"libre"},{"lockerCode":"C10","status":"libre"}]},{"module":"D","lockers":[{"lockerCode":"D1","status":"deshabilitado"},{"lockerCode":"D2","status":"libre"},{"lockerCode":"D3","status":"libre"},{"lockerCode":"D4","status":"libre"},{"lockerCode":"D5","status":"libre"},{"lockerCode":"D6","status":"libre"},{"lockerCode":"D7","status":"ocupado"},{"lockerCode":"D8","status":"libre"},{"lockerCode":"D9","status":"libre"},{"lockerCode":"D10","status":"ocupado"}]},{"module":"E","lockers":[{"lockerCode":"E1","status":"libre"},{"lockerCode":"E2","status":"libre"},{"lockerCode":"E3","status":"libre"},{"lockerCode":"E4","status":"deshabilitado"},{"lockerCode":"E5","status":"libre"},{"lockerCode":"E6","status":"ocupado"},{"lockerCode":"E7","status":"libre"},{"lockerCode":"E8","status":"libre"},{"lockerCode":"E9","status":"libre"},{"lockerCode":"E10","status":"libre"}]},{"module":"F","lockers":[{"lockerCode":"F1","status":"libre"},{"lockerCode":"F2","status":"libre"},{"lockerCode":"F3","status":"libre"},{"lockerCode":"F4","status":"libre"},{"lockerCode":"F5","status":"libre"},{"lockerCode":"F6","status":"libre"},{"lockerCode":"F7","status":"ocupado"},{"lockerCode":"F8","status":"deshabilitado"},{"lockerCode":"F9","status":"libre"},{"lockerCode":"F10","status":"libre"}]}]}
[2025-10-06 22:54:39] [INFO] [main] [statusLockers] Response. Status: 200
[2025-10-06 22:54:39] [INFO] [main] [statusLockers] Response. Data: {"general":[{"status":"ocupado","total":5},{"status":"libre","total":44},{"status":"reservado","total":7},{"status":"deshabilitado","total":4}],"modules":[{"module":"A","lockers":[{"lockerCode":"A1","status":"reservado"},{"lockerCode":"A2","status":"reservado"},{"lockerCode":"A3","status":"reservado"},{"lockerCode":"A4","status":"reservado"},{"lockerCode":"A5","status":"reservado"},{"lockerCode":"A6","status":"reservado"},{"lockerCode":"A7","status":"reservado"},{"lockerCode":"A8","status":"libre"},{"lockerCode":"A9","status":"libre"},{"lockerCode":"A10","status":"libre"}]},{"module":"B","lockers":[{"lockerCode":"B1","status":"libre"},{"lockerCode":"B2","status":"libre"},{"lockerCode":"B3","status":"libre"},{"lockerCode":"B4","status":"libre"},{"lockerCode":"B5","status":"libre"},{"lockerCode":"B6","status":"libre"},{"lockerCode":"B7","status":"libre"},{"lockerCode":"B8","status":"libre"},{"lockerCode":"B9","status":"libre"},{"lockerCode":"B10","status":"libre"}]},{"module":"C","lockers":[{"lockerCode":"C1","status":"libre"},{"lockerCode":"C2","status":"libre"},{"lockerCode":"C3","status":"libre"},{"lockerCode":"C4","status":"ocupado"},{"lockerCode":"C5","status":"libre"},{"lockerCode":"C6","status":"deshabilitado"},{"lockerCode":"C7","status":"libre"},{"lockerCode":"C8","status":"libre"},{"lockerCode":"C9","status":"libre"},{"lockerCode":"C10","status":"libre"}]},{"module":"D","lockers":[{"lockerCode":"D1","status":"deshabilitado"},{"lockerCode":"D2","status":"libre"},{"lockerCode":"D3","status":"libre"},{"lockerCode":"D4","status":"libre"},{"lockerCode":"D5","status":"libre"},{"lockerCode":"D6","status":"libre"},{"lockerCode":"D7","status":"ocupado"},{"lockerCode":"D8","status":"libre"},{"lockerCode":"D9","status":"libre"},{"lockerCode":"D10","status":"ocupado"}]},{"module":"E","lockers":[{"lockerCode":"E1","status":"libre"},{"lockerCode":"E2","status":"libre"},{"lockerCode":"E3","status":"libre"},{"lockerCode":"E4","status":"deshabilitado"},{"lockerCode":"E5","status":"libre"},{"lockerCode":"E6","status":"ocupado"},{"lockerCode":"E7","status":"libre"},{"lockerCode":"E8","status":"libre"},{"lockerCode":"E9","status":"libre"},{"lockerCode":"E10","status":"libre"}]},{"module":"F","lockers":[{"lockerCode":"F1","status":"libre"},{"lockerCode":"F2","status":"libre"},{"lockerCode":"F3","status":"libre"},{"lockerCode":"F4","status":"libre"},{"lockerCode":"F5","status":"libre"},{"lockerCode":"F6","status":"libre"},{"lockerCode":"F7","status":"ocupado"},{"lockerCode":"F8","status":"deshabilitado"},{"lockerCode":"F9","status":"libre"},{"lockerCode":"F10","status":"libre"}]}]}
[2025-10-06 22:55:02] [INFO] [main] [openReserveLocker] Iniciando petición para abrir casillero reservado
[2025-10-06 22:55:02] [INFO] [main] [openReserveLocker] Timeout efectivo en ejecución: 30000
[2025-10-06 22:55:02] [INFO] [main] [openReserveLocker] Intento 1: HOST -> http://localhost:8080
[2025-10-06 22:55:02] [INFO] [main] [openReserveLocker] Intento 1: URL -> /api/lockers/open-reservation
[2025-10-06 22:55:02] [INFO] [main] [openReserveLocker] Intento 1: Request -> {"phone":"3222222222","pin":"1234","openBy":"user"}
[2025-10-06 22:55:02] [INFO] [main] [openReserveLocker] Response. Status: 200
[2025-10-06 22:55:02] [INFO] [main] [openReserveLocker] Response. Data: {"success":true,"message":"Casillero abierto exitosamente","lockerCode":"A5"}
[2025-10-06 22:55:04] [INFO] [main] [statusLockers] Iniciando petición para obtener casilleros disponibles
[2025-10-06 22:55:04] [INFO] [main] [statusLockers] Timeout efectivo en ejecución: 30000
[2025-10-06 22:55:04] [INFO] [main] [statusLockers] Intento 1: HOST -> http://localhost:8080
[2025-10-06 22:55:04] [INFO] [main] [statusLockers] Intento 1: URL -> /api/lockers/get-all-status
[2025-10-06 22:55:04] [INFO] [main] [statusLockers] Response. Status: 200
[2025-10-06 22:55:04] [INFO] [main] [statusLockers] Response. Data: {"general":[{"status":"deshabilitado","total":4},{"status":"ocupado","total":5},{"status":"libre","total":44},{"status":"reservado","total":7}],"modules":[{"module":"A","lockers":[{"lockerCode":"A1","status":"reservado"},{"lockerCode":"A2","status":"reservado"},{"lockerCode":"A3","status":"reservado"},{"lockerCode":"A4","status":"reservado"},{"lockerCode":"A5","status":"reservado"},{"lockerCode":"A6","status":"reservado"},{"lockerCode":"A7","status":"reservado"},{"lockerCode":"A8","status":"libre"},{"lockerCode":"A9","status":"libre"},{"lockerCode":"A10","status":"libre"}]},{"module":"B","lockers":[{"lockerCode":"B1","status":"libre"},{"lockerCode":"B2","status":"libre"},{"lockerCode":"B3","status":"libre"},{"lockerCode":"B4","status":"libre"},{"lockerCode":"B5","status":"libre"},{"lockerCode":"B6","status":"libre"},{"lockerCode":"B7","status":"libre"},{"lockerCode":"B8","status":"libre"},{"lockerCode":"B9","status":"libre"},{"lockerCode":"B10","status":"libre"}]},{"module":"C","lockers":[{"lockerCode":"C1","status":"libre"},{"lockerCode":"C2","status":"libre"},{"lockerCode":"C3","status":"libre"},{"lockerCode":"C4","status":"ocupado"},{"lockerCode":"C5","status":"libre"},{"lockerCode":"C6","status":"deshabilitado"},{"lockerCode":"C7","status":"libre"},{"lockerCode":"C8","status":"libre"},{"lockerCode":"C9","status":"libre"},{"lockerCode":"C10","status":"libre"}]},{"module":"D","lockers":[{"lockerCode":"D1","status":"deshabilitado"},{"lockerCode":"D2","status":"libre"},{"lockerCode":"D3","status":"libre"},{"lockerCode":"D4","status":"libre"},{"lockerCode":"D5","status":"libre"},{"lockerCode":"D6","status":"libre"},{"lockerCode":"D7","status":"ocupado"},{"lockerCode":"D8","status":"libre"},{"lockerCode":"D9","status":"libre"},{"lockerCode":"D10","status":"ocupado"}]},{"module":"E","lockers":[{"lockerCode":"E1","status":"libre"},{"lockerCode":"E2","status":"libre"},{"lockerCode":"E3","status":"libre"},{"lockerCode":"E4","status":"deshabilitado"},{"lockerCode":"E5","status":"libre"},{"lockerCode":"E6","status":"ocupado"},{"lockerCode":"E7","status":"libre"},{"lockerCode":"E8","status":"libre"},{"lockerCode":"E9","status":"libre"},{"lockerCode":"E10","status":"libre"}]},{"module":"F","lockers":[{"lockerCode":"F1","status":"libre"},{"lockerCode":"F2","status":"libre"},{"lockerCode":"F3","status":"libre"},{"lockerCode":"F4","status":"libre"},{"lockerCode":"F5","status":"libre"},{"lockerCode":"F6","status":"libre"},{"lockerCode":"F7","status":"ocupado"},{"lockerCode":"F8","status":"deshabilitado"},{"lockerCode":"F9","status":"libre"},{"lockerCode":"F10","status":"libre"}]}]}
[2025-10-06 22:55:06] [INFO] [main] [statusLockers] Iniciando petición para obtener casilleros disponibles
[2025-10-06 22:55:06] [INFO] [main] [statusLockers] Timeout efectivo en ejecución: 30000
[2025-10-06 22:55:06] [INFO] [main] [statusLockers] Intento 1: HOST -> http://localhost:8080
[2025-10-06 22:55:06] [INFO] [main] [statusLockers] Intento 1: URL -> /api/lockers/get-all-status
[2025-10-06 22:55:06] [INFO] [main] [copyright] Versión cargada: 1.1.0
[2025-10-06 22:55:06] [INFO] [main] [app] Componente App montado
[2025-10-06 22:55:06] [INFO] [main] [app] Versión cargada: 1.1.0
[2025-10-06 22:55:06] [INFO] [main] [statusLockers] Iniciando petición para obtener casilleros disponibles
[2025-10-06 22:55:06] [INFO] [main] [statusLockers] Timeout efectivo en ejecución: 30000
[2025-10-06 22:55:06] [INFO] [main] [statusLockers] Intento 1: HOST -> http://localhost:8080
[2025-10-06 22:55:06] [INFO] [main] [statusLockers] Intento 1: URL -> /api/lockers/get-all-status
[2025-10-06 22:55:06] [INFO] [main] [copyright] Versión cargada: 1.1.0
[2025-10-06 22:55:06] [INFO] [main] [app] Componente App montado
[2025-10-06 22:55:06] [INFO] [main] [app] Versión cargada: 1.1.0
[2025-10-06 22:55:06] [INFO] [main] [useConfig] Configuración inicial obtenida
[2025-10-06 22:55:06] [INFO] [main] [useConfig] Configuración inicial obtenida
[2025-10-06 22:55:06] [INFO] [main] [useConfig] Configuración inicial obtenida
[2025-10-06 22:55:06] [INFO] [main] [useConfig] Configuración inicial obtenida
[2025-10-06 22:55:06] [INFO] [main] [useConfig] Configuración inicial obtenida
[2025-10-06 22:55:06] [INFO] [main] [useConfig] Configuración inicial obtenida
[2025-10-06 22:55:06] [INFO] [main] [useConfig] Configuración inicial obtenida
[2025-10-06 22:55:06] [INFO] [main] [useConfig] Configuración inicial obtenida
[2025-10-06 22:55:06] [INFO] [main] [statusLockers] Response. Status: 200
[2025-10-06 22:55:06] [INFO] [main] [statusLockers] Response. Data: {"general":[{"status":"libre","total":44},{"status":"reservado","total":7},{"status":"deshabilitado","total":4},{"status":"ocupado","total":5}],"modules":[{"module":"A","lockers":[{"lockerCode":"A1","status":"reservado"},{"lockerCode":"A2","status":"reservado"},{"lockerCode":"A3","status":"reservado"},{"lockerCode":"A4","status":"reservado"},{"lockerCode":"A5","status":"reservado"},{"lockerCode":"A6","status":"reservado"},{"lockerCode":"A7","status":"reservado"},{"lockerCode":"A8","status":"libre"},{"lockerCode":"A9","status":"libre"},{"lockerCode":"A10","status":"libre"}]},{"module":"B","lockers":[{"lockerCode":"B1","status":"libre"},{"lockerCode":"B2","status":"libre"},{"lockerCode":"B3","status":"libre"},{"lockerCode":"B4","status":"libre"},{"lockerCode":"B5","status":"libre"},{"lockerCode":"B6","status":"libre"},{"lockerCode":"B7","status":"libre"},{"lockerCode":"B8","status":"libre"},{"lockerCode":"B9","status":"libre"},{"lockerCode":"B10","status":"libre"}]},{"module":"C","lockers":[{"lockerCode":"C1","status":"libre"},{"lockerCode":"C2","status":"libre"},{"lockerCode":"C3","status":"libre"},{"lockerCode":"C4","status":"ocupado"},{"lockerCode":"C5","status":"libre"},{"lockerCode":"C6","status":"deshabilitado"},{"lockerCode":"C7","status":"libre"},{"lockerCode":"C8","status":"libre"},{"lockerCode":"C9","status":"libre"},{"lockerCode":"C10","status":"libre"}]},{"module":"D","lockers":[{"lockerCode":"D1","status":"deshabilitado"},{"lockerCode":"D2","status":"libre"},{"lockerCode":"D3","status":"libre"},{"lockerCode":"D4","status":"libre"},{"lockerCode":"D5","status":"libre"},{"lockerCode":"D6","status":"libre"},{"lockerCode":"D7","status":"ocupado"},{"lockerCode":"D8","status":"libre"},{"lockerCode":"D9","status":"libre"},{"lockerCode":"D10","status":"ocupado"}]},{"module":"E","lockers":[{"lockerCode":"E1","status":"libre"},{"lockerCode":"E2","status":"libre"},{"lockerCode":"E3","status":"libre"},{"lockerCode":"E4","status":"deshabilitado"},{"lockerCode":"E5","status":"libre"},{"lockerCode":"E6","status":"ocupado"},{"lockerCode":"E7","status":"libre"},{"lockerCode":"E8","status":"libre"},{"lockerCode":"E9","status":"libre"},{"lockerCode":"E10","status":"libre"}]},{"module":"F","lockers":[{"lockerCode":"F1","status":"libre"},{"lockerCode":"F2","status":"libre"},{"lockerCode":"F3","status":"libre"},{"lockerCode":"F4","status":"libre"},{"lockerCode":"F5","status":"libre"},{"lockerCode":"F6","status":"libre"},{"lockerCode":"F7","status":"ocupado"},{"lockerCode":"F8","status":"deshabilitado"},{"lockerCode":"F9","status":"libre"},{"lockerCode":"F10","status":"libre"}]}]}
[2025-10-06 22:55:06] [INFO] [main] [statusLockers] Response. Status: 200
[2025-10-06 22:55:06] [INFO] [main] [statusLockers] Response. Data: {"general":[{"status":"ocupado","total":5},{"status":"libre","total":44},{"status":"reservado","total":7},{"status":"deshabilitado","total":4}],"modules":[{"module":"A","lockers":[{"lockerCode":"A1","status":"reservado"},{"lockerCode":"A2","status":"reservado"},{"lockerCode":"A3","status":"reservado"},{"lockerCode":"A4","status":"reservado"},{"lockerCode":"A5","status":"reservado"},{"lockerCode":"A6","status":"reservado"},{"lockerCode":"A7","status":"reservado"},{"lockerCode":"A8","status":"libre"},{"lockerCode":"A9","status":"libre"},{"lockerCode":"A10","status":"libre"}]},{"module":"B","lockers":[{"lockerCode":"B1","status":"libre"},{"lockerCode":"B2","status":"libre"},{"lockerCode":"B3","status":"libre"},{"lockerCode":"B4","status":"libre"},{"lockerCode":"B5","status":"libre"},{"lockerCode":"B6","status":"libre"},{"lockerCode":"B7","status":"libre"},{"lockerCode":"B8","status":"libre"},{"lockerCode":"B9","status":"libre"},{"lockerCode":"B10","status":"libre"}]},{"module":"C","lockers":[{"lockerCode":"C1","status":"libre"},{"lockerCode":"C2","status":"libre"},{"lockerCode":"C3","status":"libre"},{"lockerCode":"C4","status":"ocupado"},{"lockerCode":"C5","status":"libre"},{"lockerCode":"C6","status":"deshabilitado"},{"lockerCode":"C7","status":"libre"},{"lockerCode":"C8","status":"libre"},{"lockerCode":"C9","status":"libre"},{"lockerCode":"C10","status":"libre"}]},{"module":"D","lockers":[{"lockerCode":"D1","status":"deshabilitado"},{"lockerCode":"D2","status":"libre"},{"lockerCode":"D3","status":"libre"},{"lockerCode":"D4","status":"libre"},{"lockerCode":"D5","status":"libre"},{"lockerCode":"D6","status":"libre"},{"lockerCode":"D7","status":"ocupado"},{"lockerCode":"D8","status":"libre"},{"lockerCode":"D9","status":"libre"},{"lockerCode":"D10","status":"ocupado"}]},{"module":"E","lockers":[{"lockerCode":"E1","status":"libre"},{"lockerCode":"E2","status":"libre"},{"lockerCode":"E3","status":"libre"},{"lockerCode":"E4","status":"deshabilitado"},{"lockerCode":"E5","status":"libre"},{"lockerCode":"E6","status":"ocupado"},{"lockerCode":"E7","status":"libre"},{"lockerCode":"E8","status":"libre"},{"lockerCode":"E9","status":"libre"},{"lockerCode":"E10","status":"libre"}]},{"module":"F","lockers":[{"lockerCode":"F1","status":"libre"},{"lockerCode":"F2","status":"libre"},{"lockerCode":"F3","status":"libre"},{"lockerCode":"F4","status":"libre"},{"lockerCode":"F5","status":"libre"},{"lockerCode":"F6","status":"libre"},{"lockerCode":"F7","status":"ocupado"},{"lockerCode":"F8","status":"deshabilitado"},{"lockerCode":"F9","status":"libre"},{"lockerCode":"F10","status":"libre"}]}]}
[2025-10-06 22:55:15] [INFO] [main] [openReserveLocker] Iniciando petición para abrir casillero reservado
[2025-10-06 22:55:15] [INFO] [main] [openReserveLocker] Timeout efectivo en ejecución: 30000
[2025-10-06 22:55:15] [INFO] [main] [openReserveLocker] Intento 1: HOST -> http://localhost:8080
[2025-10-06 22:55:15] [INFO] [main] [openReserveLocker] Intento 1: URL -> /api/lockers/open-reservation
[2025-10-06 22:55:15] [INFO] [main] [openReserveLocker] Intento 1: Request -> {"phone":"3333333333","pin":"1234","openBy":"user"}
[2025-10-06 22:55:15] [INFO] [main] [openReserveLocker] Response. Status: 200
[2025-10-06 22:55:15] [INFO] [main] [openReserveLocker] Response. Data: {"success":true,"message":"Casillero abierto exitosamente","lockerCode":"A6"}
[2025-10-06 22:55:16] [INFO] [main] [statusLockers] Iniciando petición para obtener casilleros disponibles
[2025-10-06 22:55:16] [INFO] [main] [statusLockers] Timeout efectivo en ejecución: 30000
[2025-10-06 22:55:16] [INFO] [main] [statusLockers] Intento 1: HOST -> http://localhost:8080
[2025-10-06 22:55:16] [INFO] [main] [statusLockers] Intento 1: URL -> /api/lockers/get-all-status
[2025-10-06 22:55:16] [INFO] [main] [statusLockers] Response. Status: 200
[2025-10-06 22:55:16] [INFO] [main] [statusLockers] Response. Data: {"general":[{"status":"deshabilitado","total":4},{"status":"ocupado","total":5},{"status":"libre","total":44},{"status":"reservado","total":7}],"modules":[{"module":"A","lockers":[{"lockerCode":"A1","status":"reservado"},{"lockerCode":"A2","status":"reservado"},{"lockerCode":"A3","status":"reservado"},{"lockerCode":"A4","status":"reservado"},{"lockerCode":"A5","status":"reservado"},{"lockerCode":"A6","status":"reservado"},{"lockerCode":"A7","status":"reservado"},{"lockerCode":"A8","status":"libre"},{"lockerCode":"A9","status":"libre"},{"lockerCode":"A10","status":"libre"}]},{"module":"B","lockers":[{"lockerCode":"B1","status":"libre"},{"lockerCode":"B2","status":"libre"},{"lockerCode":"B3","status":"libre"},{"lockerCode":"B4","status":"libre"},{"lockerCode":"B5","status":"libre"},{"lockerCode":"B6","status":"libre"},{"lockerCode":"B7","status":"libre"},{"lockerCode":"B8","status":"libre"},{"lockerCode":"B9","status":"libre"},{"lockerCode":"B10","status":"libre"}]},{"module":"C","lockers":[{"lockerCode":"C1","status":"libre"},{"lockerCode":"C2","status":"libre"},{"lockerCode":"C3","status":"libre"},{"lockerCode":"C4","status":"ocupado"},{"lockerCode":"C5","status":"libre"},{"lockerCode":"C6","status":"deshabilitado"},{"lockerCode":"C7","status":"libre"},{"lockerCode":"C8","status":"libre"},{"lockerCode":"C9","status":"libre"},{"lockerCode":"C10","status":"libre"}]},{"module":"D","lockers":[{"lockerCode":"D1","status":"deshabilitado"},{"lockerCode":"D2","status":"libre"},{"lockerCode":"D3","status":"libre"},{"lockerCode":"D4","status":"libre"},{"lockerCode":"D5","status":"libre"},{"lockerCode":"D6","status":"libre"},{"lockerCode":"D7","status":"ocupado"},{"lockerCode":"D8","status":"libre"},{"lockerCode":"D9","status":"libre"},{"lockerCode":"D10","status":"ocupado"}]},{"module":"E","lockers":[{"lockerCode":"E1","status":"libre"},{"lockerCode":"E2","status":"libre"},{"lockerCode":"E3","status":"libre"},{"lockerCode":"E4","status":"deshabilitado"},{"lockerCode":"E5","status":"libre"},{"lockerCode":"E6","status":"ocupado"},{"lockerCode":"E7","status":"libre"},{"lockerCode":"E8","status":"libre"},{"lockerCode":"E9","status":"libre"},{"lockerCode":"E10","status":"libre"}]},{"module":"F","lockers":[{"lockerCode":"F1","status":"libre"},{"lockerCode":"F2","status":"libre"},{"lockerCode":"F3","status":"libre"},{"lockerCode":"F4","status":"libre"},{"lockerCode":"F5","status":"libre"},{"lockerCode":"F6","status":"libre"},{"lockerCode":"F7","status":"ocupado"},{"lockerCode":"F8","status":"deshabilitado"},{"lockerCode":"F9","status":"libre"},{"lockerCode":"F10","status":"libre"}]}]}
[2025-10-06 22:55:36] [INFO] [main] [openReserveLocker] Iniciando petición para abrir casillero reservado
[2025-10-06 22:55:36] [INFO] [main] [openReserveLocker] Timeout efectivo en ejecución: 30000
[2025-10-06 22:55:36] [INFO] [main] [openReserveLocker] Intento 1: HOST -> http://localhost:8080
[2025-10-06 22:55:36] [INFO] [main] [openReserveLocker] Intento 1: URL -> /api/lockers/open-reservation
[2025-10-06 22:55:36] [INFO] [main] [openReserveLocker] Intento 1: Request -> {"phone":"3444444444","pin":"1234","openBy":"user"}
[2025-10-06 22:55:36] [ERROR] [main] [openReserveLocker] [intento 1] Error HTTP: 401 - Credenciales incorrectas
[2025-10-06 22:55:47] [INFO] [main] [openReserveLocker] Iniciando petición para abrir casillero reservado
[2025-10-06 22:55:47] [INFO] [main] [openReserveLocker] Timeout efectivo en ejecución: 30000
[2025-10-06 22:55:47] [INFO] [main] [openReserveLocker] Intento 1: HOST -> http://localhost:8080
[2025-10-06 22:55:47] [INFO] [main] [openReserveLocker] Intento 1: URL -> /api/lockers/open-reservation
[2025-10-06 22:55:47] [INFO] [main] [openReserveLocker] Intento 1: Request -> {"phone":"3444444444","pin":"6587","openBy":"user"}
[2025-10-06 22:55:47] [INFO] [main] [openReserveLocker] Response. Status: 200
[2025-10-06 22:55:47] [INFO] [main] [openReserveLocker] Response. Data: {"success":true,"message":"Casillero abierto exitosamente","lockerCode":"A7"}
[2025-10-06 22:55:48] [INFO] [main] [statusLockers] Iniciando petición para obtener casilleros disponibles
[2025-10-06 22:55:48] [INFO] [main] [statusLockers] Timeout efectivo en ejecución: 30000
[2025-10-06 22:55:48] [INFO] [main] [statusLockers] Intento 1: HOST -> http://localhost:8080
[2025-10-06 22:55:48] [INFO] [main] [statusLockers] Intento 1: URL -> /api/lockers/get-all-status
[2025-10-06 22:55:48] [INFO] [main] [statusLockers] Response. Status: 200
[2025-10-06 22:55:48] [INFO] [main] [statusLockers] Response. Data: {"general":[{"status":"deshabilitado","total":4},{"status":"ocupado","total":5},{"status":"libre","total":44},{"status":"reservado","total":7}],"modules":[{"module":"A","lockers":[{"lockerCode":"A1","status":"reservado"},{"lockerCode":"A2","status":"reservado"},{"lockerCode":"A3","status":"reservado"},{"lockerCode":"A4","status":"reservado"},{"lockerCode":"A5","status":"reservado"},{"lockerCode":"A6","status":"reservado"},{"lockerCode":"A7","status":"reservado"},{"lockerCode":"A8","status":"libre"},{"lockerCode":"A9","status":"libre"},{"lockerCode":"A10","status":"libre"}]},{"module":"B","lockers":[{"lockerCode":"B1","status":"libre"},{"lockerCode":"B2","status":"libre"},{"lockerCode":"B3","status":"libre"},{"lockerCode":"B4","status":"libre"},{"lockerCode":"B5","status":"libre"},{"lockerCode":"B6","status":"libre"},{"lockerCode":"B7","status":"libre"},{"lockerCode":"B8","status":"libre"},{"lockerCode":"B9","status":"libre"},{"lockerCode":"B10","status":"libre"}]},{"module":"C","lockers":[{"lockerCode":"C1","status":"libre"},{"lockerCode":"C2","status":"libre"},{"lockerCode":"C3","status":"libre"},{"lockerCode":"C4","status":"ocupado"},{"lockerCode":"C5","status":"libre"},{"lockerCode":"C6","status":"deshabilitado"},{"lockerCode":"C7","status":"libre"},{"lockerCode":"C8","status":"libre"},{"lockerCode":"C9","status":"libre"},{"lockerCode":"C10","status":"libre"}]},{"module":"D","lockers":[{"lockerCode":"D1","status":"deshabilitado"},{"lockerCode":"D2","status":"libre"},{"lockerCode":"D3","status":"libre"},{"lockerCode":"D4","status":"libre"},{"lockerCode":"D5","status":"libre"},{"lockerCode":"D6","status":"libre"},{"lockerCode":"D7","status":"ocupado"},{"lockerCode":"D8","status":"libre"},{"lockerCode":"D9","status":"libre"},{"lockerCode":"D10","status":"ocupado"}]},{"module":"E","lockers":[{"lockerCode":"E1","status":"libre"},{"lockerCode":"E2","status":"libre"},{"lockerCode":"E3","status":"libre"},{"lockerCode":"E4","status":"deshabilitado"},{"lockerCode":"E5","status":"libre"},{"lockerCode":"E6","status":"ocupado"},{"lockerCode":"E7","status":"libre"},{"lockerCode":"E8","status":"libre"},{"lockerCode":"E9","status":"libre"},{"lockerCode":"E10","status":"libre"}]},{"module":"F","lockers":[{"lockerCode":"F1","status":"libre"},{"lockerCode":"F2","status":"libre"},{"lockerCode":"F3","status":"libre"},{"lockerCode":"F4","status":"libre"},{"lockerCode":"F5","status":"libre"},{"lockerCode":"F6","status":"libre"},{"lockerCode":"F7","status":"ocupado"},{"lockerCode":"F8","status":"deshabilitado"},{"lockerCode":"F9","status":"libre"},{"lockerCode":"F10","status":"libre"}]}]}
[2025-10-06 22:56:06] [INFO] [main] [openReserveLocker] Iniciando petición para abrir casillero reservado
[2025-10-06 22:56:06] [INFO] [main] [openReserveLocker] Timeout efectivo en ejecución: 30000
[2025-10-06 22:56:06] [INFO] [main] [openReserveLocker] Intento 1: HOST -> http://localhost:8080
[2025-10-06 22:56:06] [INFO] [main] [openReserveLocker] Intento 1: URL -> /api/lockers/open-reservation
[2025-10-06 22:56:06] [INFO] [main] [openReserveLocker] Intento 1: Request -> {"phone":"3222222222","pin":"1234","openBy":"user"}
[2025-10-06 22:56:06] [INFO] [main] [openReserveLocker] Response. Status: 200
[2025-10-06 22:56:06] [INFO] [main] [openReserveLocker] Response. Data: {"success":true,"message":"Casillero abierto exitosamente","lockerCode":"A5"}
[2025-10-06 22:56:07] [INFO] [main] [statusLockers] Iniciando petición para obtener casilleros disponibles
[2025-10-06 22:56:07] [INFO] [main] [statusLockers] Timeout efectivo en ejecución: 30000
[2025-10-06 22:56:07] [INFO] [main] [statusLockers] Intento 1: HOST -> http://localhost:8080
[2025-10-06 22:56:07] [INFO] [main] [statusLockers] Intento 1: URL -> /api/lockers/get-all-status
[2025-10-06 22:56:07] [INFO] [main] [statusLockers] Response. Status: 200
[2025-10-06 22:56:07] [INFO] [main] [statusLockers] Response. Data: {"general":[{"status":"libre","total":44},{"status":"reservado","total":7},{"status":"deshabilitado","total":4},{"status":"ocupado","total":5}],"modules":[{"module":"A","lockers":[{"lockerCode":"A1","status":"reservado"},{"lockerCode":"A2","status":"reservado"},{"lockerCode":"A3","status":"reservado"},{"lockerCode":"A4","status":"reservado"},{"lockerCode":"A5","status":"reservado"},{"lockerCode":"A6","status":"reservado"},{"lockerCode":"A7","status":"reservado"},{"lockerCode":"A8","status":"libre"},{"lockerCode":"A9","status":"libre"},{"lockerCode":"A10","status":"libre"}]},{"module":"B","lockers":[{"lockerCode":"B1","status":"libre"},{"lockerCode":"B2","status":"libre"},{"lockerCode":"B3","status":"libre"},{"lockerCode":"B4","status":"libre"},{"lockerCode":"B5","status":"libre"},{"lockerCode":"B6","status":"libre"},{"lockerCode":"B7","status":"libre"},{"lockerCode":"B8","status":"libre"},{"lockerCode":"B9","status":"libre"},{"lockerCode":"B10","status":"libre"}]},{"module":"C","lockers":[{"lockerCode":"C1","status":"libre"},{"lockerCode":"C2","status":"libre"},{"lockerCode":"C3","status":"libre"},{"lockerCode":"C4","status":"ocupado"},{"lockerCode":"C5","status":"libre"},{"lockerCode":"C6","status":"deshabilitado"},{"lockerCode":"C7","status":"libre"},{"lockerCode":"C8","status":"libre"},{"lockerCode":"C9","status":"libre"},{"lockerCode":"C10","status":"libre"}]},{"module":"D","lockers":[{"lockerCode":"D1","status":"deshabilitado"},{"lockerCode":"D2","status":"libre"},{"lockerCode":"D3","status":"libre"},{"lockerCode":"D4","status":"libre"},{"lockerCode":"D5","status":"libre"},{"lockerCode":"D6","status":"libre"},{"lockerCode":"D7","status":"ocupado"},{"lockerCode":"D8","status":"libre"},{"lockerCode":"D9","status":"libre"},{"lockerCode":"D10","status":"ocupado"}]},{"module":"E","lockers":[{"lockerCode":"E1","status":"libre"},{"lockerCode":"E2","status":"libre"},{"lockerCode":"E3","status":"libre"},{"lockerCode":"E4","status":"deshabilitado"},{"lockerCode":"E5","status":"libre"},{"lockerCode":"E6","status":"ocupado"},{"lockerCode":"E7","status":"libre"},{"lockerCode":"E8","status":"libre"},{"lockerCode":"E9","status":"libre"},{"lockerCode":"E10","status":"libre"}]},{"module":"F","lockers":[{"lockerCode":"F1","status":"libre"},{"lockerCode":"F2","status":"libre"},{"lockerCode":"F3","status":"libre"},{"lockerCode":"F4","status":"libre"},{"lockerCode":"F5","status":"libre"},{"lockerCode":"F6","status":"libre"},{"lockerCode":"F7","status":"ocupado"},{"lockerCode":"F8","status":"deshabilitado"},{"lockerCode":"F9","status":"libre"},{"lockerCode":"F10","status":"libre"}]}]}
[2025-10-06 23:02:39] [INFO] [main] [ppal] Redirigiendo a / — authenticated=true, closeSession=true, closeWindow=false
[2025-10-06 23:02:39] [INFO] [main] [app] Componente App montado
[2025-10-06 23:02:39] [INFO] [main] [app] Versión cargada: 1.1.0
[2025-10-06 23:02:39] [INFO] [main] [useConfig] Configuración inicial obtenida
[2025-10-06 23:02:39] [INFO] [main] [useConfig] Configuración inicial obtenida
[2025-10-06 23:05:04] [INFO] [main] [login] Cierre de sesión para usuario: operador
[2025-10-06 23:05:04] [INFO] [main] [app] Componente App montado
[2025-10-06 23:05:04] [INFO] [main] [app] Versión cargada: 1.1.0
[2025-10-06 23:05:10] [INFO] [main] [login] Inicio de sesión exitoso para usuario: administrador
[2025-10-06 23:05:10] [INFO] [main] set-fullscreen: true
[2025-10-06 23:05:10] [INFO] [main] Ventana cerrándose, deteniendo TTS...
[2025-10-06 23:05:10] [INFO] [main] Creando ventana principal...
[2025-10-06 23:05:10] [INFO] [main] Cargando URL: http://localhost:5173
[2025-10-06 23:05:10] [INFO] [main] set-frame: false
[2025-10-06 23:05:10] [INFO] [main] [login] Usuario autenticado en sesión principal, redirigiendo a /adminlockers
[2025-10-06 23:05:10] [INFO] [main] [app] Componente App montado
[2025-10-06 23:05:10] [INFO] [main] [app] Versión cargada: 1.1.0
[2025-10-06 23:05:10] [INFO] [main] Recibido config actualizado
[2025-10-06 23:05:10] [INFO] [main] Recibido auth actualizado
[2025-10-06 23:05:10] [INFO] [main] Recibido logger actualizado
[2025-10-06 23:05:10] [INFO] [main] Recibido env actualizado
[2025-10-06 23:05:10] [INFO] [preload] Inicializando preload.js
[2025-10-06 23:05:10] [INFO] [setupWatcher] Observando archivo setup_config.json en: C:\Users\User\Documents\Personal\LockeritDesk\configFiles\setup_config.json
[2025-10-06 23:05:10] [INFO] [setupWatcher] Archivo setup_config.json cargado correctamente
[2025-10-06 23:05:10] [INFO] [preload] Watcher iniciado: setup_config.json
[2025-10-06 23:05:10] [INFO] [authWatcher] Observando archivo auth_key.json en: C:\Users\User\Documents\Personal\LockeritDesk\configFiles\auth_key.json
[2025-10-06 23:05:10] [INFO] [authWatcher] auth_key.json actualizado correctamente
[2025-10-06 23:05:10] [INFO] [preload] Watcher iniciado: auth_key.json
[2025-10-06 23:05:10] [INFO] [loggerWatcher] Observando archivo logger_config.json en: C:\Users\User\Documents\Personal\LockeritDesk\configFiles\logger_config.json
[2025-10-06 23:05:10] [INFO] [loggerWatcher] Archivo logger_config.json cargado correctamente
[2025-10-06 23:05:10] [INFO] [preload] Watcher iniciado: logger_config.json
[2025-10-06 23:05:10] [INFO] [envWatcher] Observando archivo .env en: C:\Users\User\Documents\Personal\LockeritDesk\configFiles\.env
[2025-10-06 23:05:10] [INFO] [envWatcher] Archivo .env cargado correctamente
[2025-10-06 23:05:10] [INFO] [preload] Watcher iniciado: .env
[2025-10-06 23:05:10] [INFO] [preload] API expuesta en window.electronAPI
[2025-10-06 23:05:11] [INFO] [main] [axiosConfig] API BaseURL Inicial: http://localhost:8080
[2025-10-06 23:05:11] [INFO] [main] [axiosConfig] API BaseTimeout Inicial: 30
[2025-10-06 23:05:11] [INFO] [main] [configStore] Configuración actualizada
[2025-10-06 23:05:11] [INFO] [main] [configStore] config_key.json inicial cargado exitosamente
[2025-10-06 23:05:11] [INFO] [main] [envStore] ENV inicial cargado correctamente
[2025-10-06 23:05:11] [INFO] [main] [envStore] ENV actualizado
[2025-10-06 23:05:11] [INFO] [main] [axiosConfig] API BaseTimeout actualizada dinámicamente: 30
[2025-10-06 23:05:11] [INFO] [main] [assignLocker] API BaseTimeout actualizada dinámicamente: 30
[2025-10-06 23:05:11] [INFO] [main] [authStore] Auth actualizado
[2025-10-06 23:05:11] [INFO] [main] [authStore] auth_key.json inicial cargado exitosamente
[2025-10-06 23:05:11] [INFO] [main] get-screen-data-once -> 1920x1048 factor=0.97
[2025-10-06 23:05:12] [INFO] [main] [login] Usuario autenticado en sesión principal, redirigiendo a /adminlockers
[2025-10-06 23:05:12] [INFO] [main] [copyright] Versión cargada: 1.1.0
[2025-10-06 23:05:12] [INFO] [main] [app] Componente App montado
[2025-10-06 23:05:12] [INFO] [main] [app] Versión cargada: 1.1.0
[2025-10-06 23:05:12] [INFO] [main] [copyright] Versión cargada: 1.1.0
[2025-10-06 23:05:12] [INFO] [main] [app] Componente App montado
[2025-10-06 23:05:12] [INFO] [main] [app] Versión cargada: 1.1.0
[2025-10-06 23:05:12] [INFO] [main] [useConfig] Configuración inicial obtenida
[2025-10-06 23:05:12] [INFO] [main] [useConfig] Configuración inicial obtenida
[2025-10-06 23:05:12] [INFO] [main] [useConfig] Configuración inicial obtenida
[2025-10-06 23:05:12] [INFO] [main] [useConfig] Configuración inicial obtenida
[2025-10-06 23:05:12] [INFO] [main] [useConfig] Configuración inicial obtenida
[2025-10-06 23:05:12] [INFO] [main] [useConfig] Configuración inicial obtenida
[2025-10-06 23:05:12] [INFO] [main] [statusLockers] Iniciando petición para obtener casilleros disponibles
[2025-10-06 23:05:12] [INFO] [main] [statusLockers] Timeout efectivo en ejecución: 30000
[2025-10-06 23:05:12] [INFO] [main] [statusLockers] Intento 1: HOST -> http://localhost:8080
[2025-10-06 23:05:12] [INFO] [main] [statusLockers] Intento 1: URL -> /api/lockers/get-all-status
[2025-10-06 23:05:12] [INFO] [main] [statusLockers] Iniciando petición para obtener casilleros disponibles
[2025-10-06 23:05:12] [INFO] [main] [statusLockers] Timeout efectivo en ejecución: 30000
[2025-10-06 23:05:12] [INFO] [main] [statusLockers] Intento 1: HOST -> http://localhost:8080
[2025-10-06 23:05:12] [INFO] [main] [statusLockers] Intento 1: URL -> /api/lockers/get-all-status
[2025-10-06 23:05:12] [INFO] [main] [useConfig] Configuración inicial obtenida
[2025-10-06 23:05:12] [INFO] [main] [useConfig] Configuración inicial obtenida
[2025-10-06 23:05:12] [INFO] [main] [useConfig] Configuración inicial obtenida
[2025-10-06 23:05:12] [INFO] [main] [useConfig] Configuración inicial obtenida
[2025-10-06 23:05:12] [INFO] [main] [statusLockers] Response. Status: 200
[2025-10-06 23:05:12] [INFO] [main] [statusLockers] Response. Data: {"general":[{"status":"deshabilitado","total":4},{"status":"ocupado","total":5},{"status":"libre","total":44},{"status":"reservado","total":7}],"modules":[{"module":"A","lockers":[{"lockerCode":"A1","status":"reservado"},{"lockerCode":"A2","status":"reservado"},{"lockerCode":"A3","status":"reservado"},{"lockerCode":"A4","status":"reservado"},{"lockerCode":"A5","status":"reservado"},{"lockerCode":"A6","status":"reservado"},{"lockerCode":"A7","status":"reservado"},{"lockerCode":"A8","status":"libre"},{"lockerCode":"A9","status":"libre"},{"lockerCode":"A10","status":"libre"}]},{"module":"B","lockers":[{"lockerCode":"B1","status":"libre"},{"lockerCode":"B2","status":"libre"},{"lockerCode":"B3","status":"libre"},{"lockerCode":"B4","status":"libre"},{"lockerCode":"B5","status":"libre"},{"lockerCode":"B6","status":"libre"},{"lockerCode":"B7","status":"libre"},{"lockerCode":"B8","status":"libre"},{"lockerCode":"B9","status":"libre"},{"lockerCode":"B10","status":"libre"}]},{"module":"C","lockers":[{"lockerCode":"C1","status":"libre"},{"lockerCode":"C2","status":"libre"},{"lockerCode":"C3","status":"libre"},{"lockerCode":"C4","status":"ocupado"},{"lockerCode":"C5","status":"libre"},{"lockerCode":"C6","status":"deshabilitado"},{"lockerCode":"C7","status":"libre"},{"lockerCode":"C8","status":"libre"},{"lockerCode":"C9","status":"libre"},{"lockerCode":"C10","status":"libre"}]},{"module":"D","lockers":[{"lockerCode":"D1","status":"deshabilitado"},{"lockerCode":"D2","status":"libre"},{"lockerCode":"D3","status":"libre"},{"lockerCode":"D4","status":"libre"},{"lockerCode":"D5","status":"libre"},{"lockerCode":"D6","status":"libre"},{"lockerCode":"D7","status":"ocupado"},{"lockerCode":"D8","status":"libre"},{"lockerCode":"D9","status":"libre"},{"lockerCode":"D10","status":"ocupado"}]},{"module":"E","lockers":[{"lockerCode":"E1","status":"libre"},{"lockerCode":"E2","status":"libre"},{"lockerCode":"E3","status":"libre"},{"lockerCode":"E4","status":"deshabilitado"},{"lockerCode":"E5","status":"libre"},{"lockerCode":"E6","status":"ocupado"},{"lockerCode":"E7","status":"libre"},{"lockerCode":"E8","status":"libre"},{"lockerCode":"E9","status":"libre"},{"lockerCode":"E10","status":"libre"}]},{"module":"F","lockers":[{"lockerCode":"F1","status":"libre"},{"lockerCode":"F2","status":"libre"},{"lockerCode":"F3","status":"libre"},{"lockerCode":"F4","status":"libre"},{"lockerCode":"F5","status":"libre"},{"lockerCode":"F6","status":"libre"},{"lockerCode":"F7","status":"ocupado"},{"lockerCode":"F8","status":"deshabilitado"},{"lockerCode":"F9","status":"libre"},{"lockerCode":"F10","status":"libre"}]}]}
[2025-10-06 23:05:12] [INFO] [main] [statusLockers] Response. Status: 200
[2025-10-06 23:05:12] [INFO] [main] [statusLockers] Response. Data: {"general":[{"status":"libre","total":44},{"status":"reservado","total":7},{"status":"deshabilitado","total":4},{"status":"ocupado","total":5}],"modules":[{"module":"A","lockers":[{"lockerCode":"A1","status":"reservado"},{"lockerCode":"A2","status":"reservado"},{"lockerCode":"A3","status":"reservado"},{"lockerCode":"A4","status":"reservado"},{"lockerCode":"A5","status":"reservado"},{"lockerCode":"A6","status":"reservado"},{"lockerCode":"A7","status":"reservado"},{"lockerCode":"A8","status":"libre"},{"lockerCode":"A9","status":"libre"},{"lockerCode":"A10","status":"libre"}]},{"module":"B","lockers":[{"lockerCode":"B1","status":"libre"},{"lockerCode":"B2","status":"libre"},{"lockerCode":"B3","status":"libre"},{"lockerCode":"B4","status":"libre"},{"lockerCode":"B5","status":"libre"},{"lockerCode":"B6","status":"libre"},{"lockerCode":"B7","status":"libre"},{"lockerCode":"B8","status":"libre"},{"lockerCode":"B9","status":"libre"},{"lockerCode":"B10","status":"libre"}]},{"module":"C","lockers":[{"lockerCode":"C1","status":"libre"},{"lockerCode":"C2","status":"libre"},{"lockerCode":"C3","status":"libre"},{"lockerCode":"C4","status":"ocupado"},{"lockerCode":"C5","status":"libre"},{"lockerCode":"C6","status":"deshabilitado"},{"lockerCode":"C7","status":"libre"},{"lockerCode":"C8","status":"libre"},{"lockerCode":"C9","status":"libre"},{"lockerCode":"C10","status":"libre"}]},{"module":"D","lockers":[{"lockerCode":"D1","status":"deshabilitado"},{"lockerCode":"D2","status":"libre"},{"lockerCode":"D3","status":"libre"},{"lockerCode":"D4","status":"libre"},{"lockerCode":"D5","status":"libre"},{"lockerCode":"D6","status":"libre"},{"lockerCode":"D7","status":"ocupado"},{"lockerCode":"D8","status":"libre"},{"lockerCode":"D9","status":"libre"},{"lockerCode":"D10","status":"ocupado"}]},{"module":"E","lockers":[{"lockerCode":"E1","status":"libre"},{"lockerCode":"E2","status":"libre"},{"lockerCode":"E3","status":"libre"},{"lockerCode":"E4","status":"deshabilitado"},{"lockerCode":"E5","status":"libre"},{"lockerCode":"E6","status":"ocupado"},{"lockerCode":"E7","status":"libre"},{"lockerCode":"E8","status":"libre"},{"lockerCode":"E9","status":"libre"},{"lockerCode":"E10","status":"libre"}]},{"module":"F","lockers":[{"lockerCode":"F1","status":"libre"},{"lockerCode":"F2","status":"libre"},{"lockerCode":"F3","status":"libre"},{"lockerCode":"F4","status":"libre"},{"lockerCode":"F5","status":"libre"},{"lockerCode":"F6","status":"libre"},{"lockerCode":"F7","status":"ocupado"},{"lockerCode":"F8","status":"deshabilitado"},{"lockerCode":"F9","status":"libre"},{"lockerCode":"F10","status":"libre"}]}]}
[2025-10-06 23:05:15] [INFO] [main] [reportLockers] Iniciando petición para obtener el reporte de casilleros
[2025-10-06 23:05:15] [INFO] [main] [reportLockers] Timeout efectivo en ejecución: 30000
[2025-10-06 23:05:15] [INFO] [main] [reportLockers] Intento 1: HOST -> http://localhost:8080
[2025-10-06 23:05:15] [INFO] [main] [reportLockers] Intento 1: URL -> /api/lockers/report
[2025-10-06 23:05:15] [INFO] [main] [reportLockers] Intento 1: Request -> {"startDate":"2025-10-06 05:00:00","endDate":"2025-10-07 04:05:59","sendEmail":false}
[2025-10-06 23:05:15] [INFO] [main] [reportLockers] Iniciando petición para obtener el reporte de casilleros
[2025-10-06 23:05:15] [INFO] [main] [reportLockers] Timeout efectivo en ejecución: 30000
[2025-10-06 23:05:15] [INFO] [main] [reportLockers] Intento 1: HOST -> http://localhost:8080
[2025-10-06 23:05:15] [INFO] [main] [reportLockers] Intento 1: URL -> /api/lockers/report
[2025-10-06 23:05:15] [INFO] [main] [reportLockers] Intento 1: Request -> {"startDate":"2025-10-06 05:00:00","endDate":"2025-10-07 04:05:59","sendEmail":false}
[2025-10-06 23:05:15] [INFO] [main] [useConfig] Configuración inicial obtenida
[2025-10-06 23:05:15] [INFO] [main] [useConfig] Configuración inicial obtenida
[2025-10-06 23:05:15] [INFO] [main] [useConfig] Configuración inicial obtenida
[2025-10-06 23:05:15] [INFO] [main] [useConfig] Configuración inicial obtenida
[2025-10-06 23:05:15] [INFO] [main] [reportLockers] Response. Status: 200
[2025-10-06 23:05:15] [INFO] [main] [reportLockers] Response. Data: [{"ID":547,"LockerID":37,"Phone":"3254477777","PIN":"0000","Active":1,"StartTime":"2025-10-06T23:58:29Z","EndTime":null,"AmountPaid":0,"OpenBy":"user","LockerCode":"D7"},{"ID":548,"LockerID":40,"Phone":"3103192771","PIN":"0000","Active":1,"StartTime":"2025-10-07T03:50:04Z","EndTime":null,"AmountPaid":0,"OpenBy":"user","LockerCode":"D10"}]
[2025-10-06 23:05:15] [INFO] [main] [reportLockers] Response. Status: 200
[2025-10-06 23:05:15] [INFO] [main] [reportLockers] Response. Data: [{"ID":547,"LockerID":37,"Phone":"3254477777","PIN":"0000","Active":1,"StartTime":"2025-10-06T23:58:29Z","EndTime":null,"AmountPaid":0,"OpenBy":"user","LockerCode":"D7"},{"ID":548,"LockerID":40,"Phone":"3103192771","PIN":"0000","Active":1,"StartTime":"2025-10-07T03:50:04Z","EndTime":null,"AmountPaid":0,"OpenBy":"user","LockerCode":"D10"}]
[2025-10-06 23:05:31] [INFO] [main] [reportLockers] Iniciando petición para obtener el reporte de casilleros
[2025-10-06 23:05:31] [INFO] [main] [reportLockers] Timeout efectivo en ejecución: 30000
[2025-10-06 23:05:31] [INFO] [main] [reportLockers] Intento 1: HOST -> http://localhost:8080
[2025-10-06 23:05:31] [INFO] [main] [reportLockers] Intento 1: URL -> /api/lockers/report
[2025-10-06 23:05:31] [INFO] [main] [reportLockers] Intento 1: Request -> {"startDate":"2025-09-01 05:00:00","endDate":"2025-10-07 04:05:59","sendEmail":false}
[2025-10-06 23:05:31] [INFO] [main] [reportLockers] Response. Status: 200
[2025-10-06 23:05:31] [INFO] [main] [reportLockers] Response. Data: [{"ID":1,"LockerID":52,"Phone":"3103109902","PIN":"7777","Active":0,"StartTime":"2025-09-11T05:31:29Z","EndTime":"2025-09-11T05:43:27Z","AmountPaid":0,"OpenBy":"local","LockerCode":"F2"},{"ID":2,"LockerID":7,"Phone":"3022991083","PIN":"1234","Active":0,"StartTime":"2025-09-11T05:54:21Z","EndTime":"2025-09-11T05:54:41Z","AmountPaid":0,"OpenBy":"user","LockerCode":"A7"},{"ID":3,"LockerID":36,"Phone":"3103109902","PIN":"0000","Active":0,"StartTime":"2025-09-11T15:13:49Z","EndTime":"2025-09-11T15:14:15Z","AmountPaid":0,"OpenBy":"user","LockerCode":"D6"},{"ID":4,"LockerID":22,"Phone":"3503170119","PIN":"1902","Active":0,"StartTime":"2025-09-11T15:17:58Z","EndTime":"2025-09-11T15:43:06Z","AmountPaid":0,"OpenBy":"user","LockerCode":"C2"},{"ID":5,"LockerID":60,"Phone":"3143578253","PIN":"9112","Active":0,"StartTime":"2025-09-11T15:45:15Z","EndTime":"2025-09-11T16:11:56Z","AmountPaid":0,"OpenBy":"user","LockerCode":"F10"},{"ID":6,"LockerID":27,"Phone":"3133651002","PIN":"1111","Active":0,"StartTime":"2025-09-11T15:51:05Z","EndTime":"2025-09-11T16:11:35Z","AmountPaid":0,"OpenBy":"user","LockerCode":"C7"},{"ID":7,"LockerID":14,"Phone":"3103192771","PIN":"0000","Active":0,"StartTime":"2025-09-11T15:52:21Z","EndTime":"2025-09-11T15:53:00Z","AmountPaid":0,"OpenBy":"user","LockerCode":"B4"},{"ID":8,"LockerID":45,"Phone":"3115928293","PIN":"3009","Active":0,"StartTime":"2025-09-11T15:53:38Z","EndTime":"2025-09-11T17:45:39Z","AmountPaid":0,"OpenBy":"user","LockerCode":"E5"},{"ID":9,"LockerID":44,"Phone":"3152745125","PIN":"1909","Active":0,"StartTime":"2025-09-11T16:14:07Z","EndTime":"2025-09-11T16:55:02Z","AmountPaid":0,"OpenBy":"user","LockerCode":"E4"},{"ID":10,"LockerID":48,"Phone":"3502704901","PIN":"7512","Active":0,"StartTime":"2025-09-11T16:17:44Z","EndTime":"2025-09-11T19:38:24Z","AmountPaid":0,"OpenBy":"user","LockerCode":"E8"},{"ID":11,"LockerID":18,"Phone":"3024042185","PIN":"1202","Active":0,"StartTime":"2025-09-11T16:46:28Z","EndTime":"2025-09-11T17:26:03Z","AmountPaid":0,"OpenBy":"user","LockerCode":"B8"},{"ID":12,"LockerID":40,"Phone":"3165317473","PIN":"5654","Active":0,"StartTime":"2025-09-11T16:48:45Z","EndTime":"2025-09-11T18:20:33Z","AmountPaid":0,"OpenBy":"user","LockerCode":"D10"},{"ID":13,"LockerID":23,"Phone":"3172343293","PIN":"1119","Active":0,"StartTime":"2025-09-11T16:53:58Z","EndTime":"2025-09-11T17:42:59Z","AmountPaid":0,"OpenBy":"user","LockerCode":"C3"},{"ID":14,"LockerID":10,"Phone":"3209380255","PIN":"4444","Active":0,"StartTime":"2025-09-11T16:58:44Z","EndTime":"2025-09-11T18:02:29Z","AmountPaid":0,"OpenBy":"user","LockerCode":"A10"},{"ID":15,"LockerID":58,"Phone":"3208701663","PIN":"8916","Active":0,"StartTime":"2025-09-11T17:09:28Z","EndTime":"2025-09-11T18:00:47Z","AmountPaid":0,"OpenBy":"user","LockerCode":"F8"},{"ID":16,"LockerID":2,"Phone":"3192773949","PIN":"5689","Active":0,"StartTime":"2025-09-11T17:22:19Z","EndTime":"2025-09-11T18:11:02Z","AmountPaid":0,"OpenBy":"user","LockerCode":"A2"},{"ID":17,"LockerID":47,"Phone":"3138596986","PIN":"2611","Active":0,"StartTime":"2025-09-11T17:26:35Z","EndTime":"2025-09-11T19:50:41Z","AmountPaid":0,"OpenBy":"user","LockerCode":"E7"},{"ID":18,"LockerID":17,"Phone":"3103192771","PIN":"0000","Active":0,"StartTime":"2025-09-11T17:29:57Z","EndTime":"2025-09-11T17:30:06Z","AmountPaid":0,"OpenBy":"user","LockerCode":"B7"},{"ID":19,"LockerID":24,"Phone":"3205598738","PIN":"2108","Active":0,"StartTime":"2025-09-11T17:40:15Z","EndTime":"2025-09-11T19:28:36Z","AmountPaid":0,"OpenBy":"user","LockerCode":"C4"},{"ID":20,"LockerID":29,"Phone":"3145968952","PIN":"7116","Active":0,"StartTime":"2025-09-11T17:43:28Z","EndTime":"2025-09-11T18:40:52Z","AmountPaid":0,"OpenBy":"user","LockerCode":"C9"},{"ID":21,"LockerID":18,"Phone":"3058180905","PIN":"3358","Active":0,"StartTime":"2025-09-11T18:03:59Z","EndTime":"2025-09-11T18:56:47Z","AmountPaid":0,"OpenBy":"user","LockerCode":"B8"},{"ID":22,"LockerID":5,"Phone":"3142560504","PIN":"0504","Active":0,"StartTime":"2025-09-11T18:22:10Z","EndTime":"2025-09-11T19:10:47Z","AmountPaid":0,"OpenBy":"user","LockerCode":"A5"},{"ID":23,"LockerID":40,"Phone":"3165180000","PIN":"9876","Active":0,"StartTime":"2025-09-11T18:46:16Z","EndTime":"2025-09-11T20:43:57Z","AmountPaid":0,"OpenBy":"user","LockerCode":"D10"},{"ID":24,"LockerID":36,"Phone":"3023266058","PIN":"8804","Active":0,"StartTime":"2025-09-11T19:21:27Z","EndTime":"2025-09-12T02:26:19Z","AmountPaid":0,"OpenBy":"user","LockerCode":"D6"},{"ID":25,"LockerID":12,"Phone":"3214522641","PIN":"0618","Active":0,"StartTime":"2025-09-11T19:54:46Z","EndTime":"2025-09-11T21:34:50Z","AmountPaid":0,"OpenBy":"user","LockerCode":"B2"},{"ID":26,"LockerID":45,"Phone":"3185398593","PIN":"6400","Active":0,"StartTime":"2025-09-11T20:04:56Z","EndTime":"2025-09-11T21:09:59Z","AmountPaid":0,"OpenBy":"user","LockerCode":"E5"},{"ID":27,"LockerID":59,"Phone":"3134423189","PIN":"8325","Active":0,"StartTime":"2025-09-11T20:07:29Z","EndTime":"2025-09-11T21:27:40Z","AmountPaid":0,"OpenBy":"user","LockerCode":"F9"},{"ID":28,"LockerID":43,"Phone":"3142449661","PIN":"2210","Active":0,"StartTime":"2025-09-11T20:26:00Z","EndTime":"2025-09-11T21:50:37Z","AmountPaid":0,"OpenBy":"user","LockerCode":"E3"},{"ID":29,"LockerID":57,"Phone":"3142821157","PIN":"4321","Active":0,"StartTime":"2025-09-11T20:26:29Z","EndTime":"2025-09-11T20:46:36Z","AmountPaid":0,"OpenBy":"user","LockerCode":"F7"},{"ID":30,"LockerID":22,"Phone":"3222913317","PIN":"0223","Active":0,"StartTime":"2025-09-11T20:27:44Z","EndTime":"2025-09-11T21:50:59Z","AmountPaid":0,"OpenBy":"user","LockerCode":"C2"},{"ID":31,"LockerID":28,"Phone":"3125393787","PIN":"1946","Active":0,"StartTime":"2025-09-11T20:36:39Z","EndTime":"2025-09-11T21:10:57Z","AmountPaid":0,"OpenBy":"user","LockerCode":"C8"},{"ID":32,"LockerID":8,"Phone":"3143337798","PIN":"1967","Active":0,"StartTime":"2025-09-11T20:39:18Z","EndTime":"2025-09-11T21:30:04Z","AmountPaid":0,"OpenBy":"user","LockerCode":"A8"},{"ID":33,"LockerID":51,"Phone":"3232452206","PIN":"2905","Active":0,"StartTime":"2025-09-11T20:39:48Z","EndTime":"2025-09-11T20:56:30Z","AmountPaid":0,"OpenBy":"user","LockerCode":"F1"},{"ID":34,"LockerID":38,"Phone":"3223295592","PIN":"2403","Active":0,"StartTime":"2025-09-11T20:43:09Z","EndTime":"2025-09-11T20:45:43Z","AmountPaid":0,"OpenBy":"user","LockerCode":"D8"},{"ID":35,"LockerID":19,"Phone":"3102998072","PIN":"2023","Active":0,"StartTime":"2025-09-11T20:44:52Z","EndTime":"2025-09-11T22:23:06Z","AmountPaid":0,"OpenBy":"user","LockerCode":"B9"},{"ID":36,"LockerID":6,"Phone":"3214556257","PIN":"1019","Active":0,"StartTime":"2025-09-11T20:45:20Z","EndTime":"2025-09-11T23:52:47Z","AmountPaid":0,"OpenBy":"user","LockerCode":"A6"},{"ID":37,"LockerID":34,"Phone":"3223295592","PIN":"0710","Active":0,"StartTime":"2025-09-11T20:46:18Z","EndTime":"2025-09-11T23:52:34Z","AmountPaid":0,"OpenBy":"user","LockerCode":"D4"},{"ID":38,"LockerID":2,"Phone":"3242048000","PIN":"2472","Active":0,"StartTime":"2025-09-11T20:50:21Z","EndTime":"2025-09-11T21:50:23Z","AmountPaid":0,"OpenBy":"user","LockerCode":"A2"},{"ID":39,"LockerID":35,"Phone":"3026564032","PIN":"1234","Active":0,"StartTime":"2025-09-11T20:55:19Z","EndTime":"2025-09-12T00:47:14Z","AmountPaid":0,"OpenBy":"user","LockerCode":"D5"},{"ID":40,"LockerID":48,"Phone":"3222338167","PIN":"1234","Active":0,"StartTime":"2025-09-11T21:05:07Z","EndTime":"2025-09-11T23:22:09Z","AmountPaid":0,"OpenBy":"user","LockerCode":"E8"},{"ID":41,"LockerID":38,"Phone":"3046115595","PIN":"1234","Active":0,"StartTime":"2025-09-11T21:11:52Z","EndTime":"2025-09-12T00:47:04Z","AmountPaid":0,"OpenBy":"user","LockerCode":"D8"},{"ID":42,"LockerID":33,"Phone":"3115419794","PIN":"1718","Active":0,"StartTime":"2025-09-11T21:25:50Z","EndTime":"2025-09-11T22:51:44Z","AmountPaid":0,"OpenBy":"user","LockerCode":"D3"},{"ID":43,"LockerID":24,"Phone":"3107904187","PIN":"1954","Active":0,"StartTime":"2025-09-11T21:31:19Z","EndTime":"2025-09-11T22:22:30Z","AmountPaid":0,"OpenBy":"user","LockerCode":"C4"},{"ID":44,"LockerID":37,"Phone":"3208009468","PIN":"1022","Active":0,"StartTime":"2025-09-11T21:33:55Z","EndTime":"2025-09-11T22:32:41Z","AmountPaid":0,"OpenBy":"user","LockerCode":"D7"},{"ID":45,"LockerID":58,"Phone":"3166282080","PIN":"1530","Active":0,"StartTime":"2025-09-11T21:34:31Z","EndTime":"2025-09-11T22:34:44Z","AmountPaid":0,"OpenBy":"user","LockerCode":"F8"},{"ID":46,"LockerID":28,"Phone":"3205783456","PIN":"2323","Active":0,"StartTime":"2025-09-11T21:42:22Z","EndTime":"2025-09-12T02:04:42Z","AmountPaid":0,"OpenBy":"user","LockerCode":"C8"},{"ID":47,"LockerID":14,"Phone":"3104320257","PIN":"3008","Active":0,"StartTime":"2025-09-11T21:44:13Z","EndTime":"2025-09-12T00:51:57Z","AmountPaid":0,"OpenBy":"user","LockerCode":"B4"},{"ID":48,"LockerID":11,"Phone":"3125342982","PIN":"1999","Active":0,"StartTime":"2025-09-11T21:46:08Z","EndTime":"2025-09-12T02:13:58Z","AmountPaid":0,"OpenBy":"user","LockerCode":"B1"},{"ID":49,"LockerID":27,"Phone":"3045247525","PIN":"2412","Active":0,"StartTime":"2025-09-11T21:46:41Z","EndTime":"2025-09-12T02:22:25Z","AmountPaid":0,"OpenBy":"user","LockerCode":"C7"},{"ID":50,"LockerID":45,"Phone":"3188311011","PIN":"5353","Active":0,"StartTime":"2025-09-11T22:36:04Z","EndTime":"2025-09-12T00:56:15Z","AmountPaid":0,"OpenBy":"user","LockerCode":"E5"},{"ID":51,"LockerID":53,"Phone":"3176197529","PIN":"1109","Active":0,"StartTime":"2025-09-11T22:38:54Z","EndTime":"2025-09-12T02:26:36Z","AmountPaid":0,"OpenBy":"user","LockerCode":"F3"},{"ID":52,"LockerID":4,"Phone":"3107250141","PIN":"0514","Active":0,"StartTime":"2025-09-11T22:42:15Z","EndTime":"2025-09-11T23:40:24Z","AmountPaid":0,"OpenBy":"user","LockerCode":"A4"},{"ID":53,"LockerID":54,"Phone":"3185640929","PIN":"3185","Active":0,"StartTime":"2025-09-11T22:43:20Z","EndTime":"2025-09-11T23:57:51Z","AmountPaid":0,"OpenBy":"user","LockerCode":"F4"},{"ID":54,"LockerID":60,"Phone":"3173819396","PIN":"3118","Active":0,"StartTime":"2025-09-11T22:44:12Z","EndTime":"2025-09-11T23:57:34Z","AmountPaid":0,"OpenBy":"user","LockerCode":"F10"},{"ID":55,"LockerID":16,"Phone":"3043763812","PIN":"8804","Active":0,"StartTime":"2025-09-11T22:46:29Z","EndTime":"2025-09-12T02:19:30Z","AmountPaid":0,"OpenBy":"user","LockerCode":"B6"},{"ID":56,"LockerID":13,"Phone":"3118471657","PIN":"1099","Active":0,"StartTime":"2025-09-11T22:50:44Z","EndTime":"2025-09-12T01:31:51Z","AmountPaid":0,"OpenBy":"user","LockerCode":"B3"},{"ID":57,"LockerID":39,"Phone":"3144618160","PIN":"0000","Active":0,"StartTime":"2025-09-11T22:54:58Z","EndTime":"2025-09-12T01:42:24Z","AmountPaid":0,"OpenBy":"user","LockerCode":"D9"},{"ID":58,"LockerID":52,"Phone":"3155044475","PIN":"3143","Active":0,"StartTime":"2025-09-11T23:22:30Z","EndTime":"2025-09-12T02:53:30Z","AmountPaid":0,"OpenBy":"user","LockerCode":"F2"},{"ID":59,"LockerID":10,"Phone":"3123395946","PIN":"1306","Active":0,"StartTime":"2025-09-11T23:22:48Z","EndTime":"2025-09-12T03:13:25Z","AmountPaid":0,"OpenBy":"user","LockerCode":"A10"},{"ID":60,"LockerID":8,"Phone":"3145308219","PIN":"8845","Active":0,"StartTime":"2025-09-11T23:26:25Z","EndTime":"2025-09-12T00:59:35Z","AmountPaid":0,"OpenBy":"user","LockerCode":"A8"},{"ID":61,"LockerID":50,"Phone":"3158253411","PIN":"0000","Active":0,"StartTime":"2025-09-11T23:53:37Z","EndTime":"2025-09-12T00:26:52Z","AmountPaid":0,"OpenBy":"user","LockerCode":"E10"},{"ID":62,"LockerID":57,"Phone":"3183602209","PIN":"3164","Active":0,"StartTime":"2025-09-12T00:55:02Z","EndTime":"2025-09-12T01:13:30Z","AmountPaid":0,"OpenBy":"user","LockerCode":"F7"},{"ID":63,"LockerID":49,"Phone":"3002861010","PIN":"1234","Active":0,"StartTime":"2025-09-12T00:58:42Z","EndTime":"2025-09-12T07:24:38Z","AmountPaid":0,"OpenBy":"user","LockerCode":"E9"},{"ID":64,"LockerID":26,"Phone":"3204505721","PIN":"1358","Active":0,"StartTime":"2025-09-12T01:11:45Z","EndTime":"2025-09-12T01:12:23Z","AmountPaid":0,"OpenBy":"user","LockerCode":"C6"},{"ID":65,"LockerID":6,"Phone":"3204505721","PIN":"1583","Active":0,"StartTime":"2025-09-12T01:13:10Z","EndTime":"2025-09-12T02:18:13Z","AmountPaid":0,"OpenBy":"user","LockerCode":"A6"},{"ID":66,"LockerID":35,"Phone":"3102118272","PIN":"1946","Active":0,"StartTime":"2025-09-12T01:57:47Z","EndTime":"2025-09-12T03:19:17Z","AmountPaid":0,"OpenBy":"user","LockerCode":"D5"},{"ID":67,"LockerID":59,"Phone":"3134945724","PIN":"8812","Active":0,"StartTime":"2025-09-12T12:58:50Z","EndTime":"2025-09-12T14:46:41Z","AmountPaid":0,"OpenBy":"user","LockerCode":"F9"},{"ID":68,"LockerID":34,"Phone":"3144047836","PIN":"1023","Active":0,"StartTime":"2025-09-12T13:04:10Z","EndTime":"2025-09-12T14:18:44Z","AmountPaid":0,"OpenBy":"user","LockerCode":"D4"},{"ID":69,"LockerID":7,"Phone":"3204970668","PIN":"8011","Active":0,"StartTime":"2025-09-12T13:06:37Z","EndTime":"2025-09-12T14:04:18Z","AmountPaid":0,"OpenBy":"user","LockerCode":"A7"},{"ID":70,"LockerID":7,"Phone":"3227371951","PIN":"6910","Active":0,"StartTime":"2025-09-12T15:18:50Z","EndTime":"2025-09-12T18:08:42Z","AmountPaid":0,"OpenBy":"user","LockerCode":"A7"},{"ID":71,"LockerID":30,"Phone":"3144212274","PIN":"7421","Active":0,"StartTime":"2025-09-12T18:34:14Z","EndTime":"2025-09-12T21:35:01Z","AmountPaid":0,"OpenBy":"user","LockerCode":"C10"},{"ID":72,"LockerID":49,"Phone":"3012721107","PIN":"2814","Active":0,"StartTime":"2025-09-12T18:36:09Z","EndTime":"2025-09-13T01:32:48Z","AmountPaid":0,"OpenBy":"user","LockerCode":"E9"},{"ID":73,"LockerID":20,"Phone":"3026694439","PIN":"1215","Active":0,"StartTime":"2025-09-12T19:08:19Z","EndTime":"2025-09-12T21:23:52Z","AmountPaid":0,"OpenBy":"user","LockerCode":"B10"},{"ID":74,"LockerID":14,"Phone":"3123531954","PIN":"2208","Active":0,"StartTime":"2025-09-12T19:11:23Z","EndTime":"2025-09-15T06:38:38Z","AmountPaid":0,"OpenBy":"local","LockerCode":"B4"},{"ID":75,"LockerID":25,"Phone":"3172796678","PIN":"1778","Active":0,"StartTime":"2025-09-12T20:39:23Z","EndTime":"2025-09-12T21:33:18Z","AmountPaid":0,"OpenBy":"user","LockerCode":"C5"},{"ID":76,"LockerID":32,"Phone":"3241818246","PIN":"0504","Active":0,"StartTime":"2025-09-12T21:48:35Z","EndTime":"2025-09-12T22:21:32Z","AmountPaid":0,"OpenBy":"user","LockerCode":"D2"},{"ID":77,"LockerID":47,"Phone":"3241818246","PIN":"0504","Active":0,"StartTime":"2025-09-12T22:23:02Z","EndTime":"2025-09-13T02:36:59Z","AmountPaid":0,"OpenBy":"user","LockerCode":"E7"},{"ID":78,"LockerID":19,"Phone":"3502043021","PIN":"9801","Active":0,"StartTime":"2025-09-12T22:44:26Z","EndTime":"2025-09-12T22:45:04Z","AmountPaid":0,"OpenBy":"user","LockerCode":"B9"},{"ID":79,"LockerID":39,"Phone":"3502043021","PIN":"9801","Active":0,"StartTime":"2025-09-12T22:45:43Z","EndTime":"2025-09-13T02:22:07Z","AmountPaid":0,"OpenBy":"user","LockerCode":"D9"},{"ID":80,"LockerID":58,"Phone":"3059277076","PIN":"1031","Active":0,"StartTime":"2025-09-12T23:04:11Z","EndTime":"2025-09-13T02:21:43Z","AmountPaid":0,"OpenBy":"user","LockerCode":"F8"},{"ID":81,"LockerID":5,"Phone":"3232377784","PIN":"9008","Active":0,"StartTime":"2025-09-12T23:04:55Z","EndTime":"2025-09-13T02:21:55Z","AmountPaid":0,"OpenBy":"user","LockerCode":"A5"},{"ID":82,"LockerID":13,"Phone":"3043469470","PIN":"1234","Active":0,"StartTime":"2025-09-12T23:29:18Z","EndTime":"2025-09-13T01:11:27Z","AmountPaid":0,"OpenBy":"user","LockerCode":"B3"},{"ID":83,"LockerID":40,"Phone":"3223410282","PIN":"1234","Active":0,"StartTime":"2025-09-13T00:20:51Z","EndTime":"2025-09-13T04:54:20Z","AmountPaid":0,"OpenBy":"user","LockerCode":"D10"},{"ID":84,"LockerID":24,"Phone":"3143458787","PIN":"1234","Active":0,"StartTime":"2025-09-13T00:21:23Z","EndTime":"2025-09-13T04:54:52Z","AmountPaid":0,"OpenBy":"user","LockerCode":"C4"},{"ID":85,"LockerID":29,"Phone":"3057420565","PIN":"2306","Active":0,"StartTime":"2025-09-13T02:00:55Z","EndTime":"2025-09-13T16:52:26Z","AmountPaid":0,"OpenBy":"user","LockerCode":"C9"},{"ID":86,"LockerID":30,"Phone":"3195759939","PIN":"1739","Active":0,"StartTime":"2025-09-13T11:38:49Z","EndTime":"2025-09-13T14:37:48Z","AmountPaid":0,"OpenBy":"user","LockerCode":"C10"},{"ID":87,"LockerID":18,"Phone":"3223866600","PIN":"1463","Active":0,"StartTime":"2025-09-13T12:51:03Z","EndTime":"2025-09-13T14:30:26Z","AmountPaid":0,"OpenBy":"user","LockerCode":"B8"},{"ID":88,"LockerID":24,"Phone":"3227587977","PIN":"8708","Active":0,"StartTime":"2025-09-13T13:01:11Z","EndTime":"2025-09-13T16:29:36Z","AmountPaid":0,"OpenBy":"user","LockerCode":"C4"},{"ID":89,"LockerID":9,"Phone":"3223076875","PIN":"1203","Active":0,"StartTime":"2025-09-13T13:27:45Z","EndTime":"2025-09-13T15:01:52Z","AmountPaid":0,"OpenBy":"user","LockerCode":"A9"},{"ID":90,"LockerID":6,"Phone":"3102028668","PIN":"1827","Active":0,"StartTime":"2025-09-13T13:49:31Z","EndTime":"2025-09-13T14:55:47Z","AmountPaid":0,"OpenBy":"user","LockerCode":"A6"},{"ID":91,"LockerID":11,"Phone":"3158527674","PIN":"8510","Active":0,"StartTime":"2025-09-13T14:37:24Z","EndTime":"2025-09-13T17:47:58Z","AmountPaid":0,"OpenBy":"user","LockerCode":"B1"},{"ID":92,"LockerID":28,"Phone":"3229520046","PIN":"0509","Active":0,"StartTime":"2025-09-13T14:58:20Z","EndTime":"2025-09-13T18:34:28Z","AmountPaid":0,"OpenBy":"user","LockerCode":"C8"},{"ID":93,"LockerID":36,"Phone":"3102305116","PIN":"2328","Active":0,"StartTime":"2025-09-13T15:39:07Z","EndTime":"2025-09-13T15:41:08Z","AmountPaid":0,"OpenBy":"user","LockerCode":"D6"},{"ID":94,"LockerID":15,"Phone":"3102305116","PIN":"2328","Active":0,"StartTime":"2025-09-13T15:41:46Z","EndTime":"2025-09-13T16:44:32Z","AmountPaid":0,"OpenBy":"user","LockerCode":"B5"},{"ID":95,"LockerID":5,"Phone":"3143727884","PIN":"7920","Active":0,"StartTime":"2025-09-13T15:46:56Z","EndTime":"2025-09-13T15:58:24Z","AmountPaid":0,"OpenBy":"user","LockerCode":"A5"},{"ID":96,"LockerID":55,"Phone":"3158479785","PIN":"9807","Active":0,"StartTime":"2025-09-13T16:11:24Z","EndTime":"2025-09-13T19:01:54Z","AmountPaid":0,"OpenBy":"user","LockerCode":"F5"},{"ID":97,"LockerID":34,"Phone":"3208553305","PIN":"1528","Active":0,"StartTime":"2025-09-13T17:30:01Z","EndTime":"2025-09-13T21:07:56Z","AmountPaid":0,"OpenBy":"user","LockerCode":"D4"},{"ID":98,"LockerID":22,"Phone":"3043893926","PIN":"1973","Active":0,"StartTime":"2025-09-13T17:44:22Z","EndTime":"2025-09-13T18:24:50Z","AmountPaid":0,"OpenBy":"user","LockerCode":"C2"},{"ID":99,"LockerID":30,"Phone":"3144251388","PIN":"1234","Active":0,"StartTime":"2025-09-13T18:17:34Z","EndTime":"2025-09-13T19:12:52Z","AmountPaid":0,"OpenBy":"user","LockerCode":"C10"},{"ID":100,"LockerID":50,"Phone":"3125818527","PIN":"5425","Active":0,"StartTime":"2025-09-13T18:28:57Z","EndTime":"2025-09-13T19:48:31Z","AmountPaid":0,"OpenBy":"user","LockerCode":"E10"},{"ID":101,"LockerID":20,"Phone":"3144483189","PIN":"1999","Active":0,"StartTime":"2025-09-13T18:38:17Z","EndTime":"2025-09-14T01:12:42Z","AmountPaid":0,"OpenBy":"user","LockerCode":"B10"},{"ID":102,"LockerID":59,"Phone":"3125402826","PIN":"2707","Active":0,"StartTime":"2025-09-13T18:46:04Z","EndTime":"2025-09-13T21:42:46Z","AmountPaid":0,"OpenBy":"user","LockerCode":"F9"},{"ID":103,"LockerID":49,"Phone":"3214875636","PIN":"3264","Active":0,"StartTime":"2025-09-13T19:53:52Z","EndTime":"2025-09-13T23:25:29Z","AmountPaid":0,"OpenBy":"user","LockerCode":"E9"},{"ID":104,"LockerID":9,"Phone":"3053688092","PIN":"2209","Active":0,"StartTime":"2025-09-13T21:00:35Z","EndTime":"2025-09-13T22:35:07Z","AmountPaid":0,"OpenBy":"user","LockerCode":"A9"},{"ID":105,"LockerID":10,"Phone":"3212374979","PIN":"2104","Active":0,"StartTime":"2025-09-13T21:20:28Z","EndTime":"2025-09-14T00:14:27Z","AmountPaid":0,"OpenBy":"user","LockerCode":"A10"},{"ID":106,"LockerID":51,"Phone":"3004841158","PIN":"2207","Active":0,"StartTime":"2025-09-13T21:35:25Z","EndTime":"2025-09-14T01:45:26Z","AmountPaid":0,"OpenBy":"user","LockerCode":"F1"},{"ID":107,"LockerID":52,"Phone":"3212540224","PIN":"9505","Active":0,"StartTime":"2025-09-13T22:04:27Z","EndTime":"2025-09-14T00:50:32Z","AmountPaid":0,"OpenBy":"user","LockerCode":"F2"},{"ID":108,"LockerID":23,"Phone":"3012744834","PIN":"0707","Active":0,"StartTime":"2025-09-13T22:26:54Z","EndTime":"2025-09-13T22:54:59Z","AmountPaid":0,"OpenBy":"user","LockerCode":"C3"},{"ID":109,"LockerID":29,"Phone":"3112693211","PIN":"2011","Active":0,"StartTime":"2025-09-13T22:42:18Z","EndTime":"2025-09-14T01:32:22Z","AmountPaid":0,"OpenBy":"user","LockerCode":"C9"},{"ID":110,"LockerID":55,"Phone":"3147573983","PIN":"1107","Active":0,"StartTime":"2025-09-13T23:32:53Z","EndTime":"2025-09-14T01:01:07Z","AmountPaid":0,"OpenBy":"user","LockerCode":"F5"},{"ID":111,"LockerID":58,"Phone":"3212855334","PIN":"1107","Active":0,"StartTime":"2025-09-13T23:34:45Z","EndTime":"2025-09-14T01:02:14Z","AmountPaid":0,"OpenBy":"user","LockerCode":"F8"},{"ID":112,"LockerID":25,"Phone":"3123644347","PIN":"1628","Active":0,"StartTime":"2025-09-13T23:35:15Z","EndTime":"2025-09-14T01:00:49Z","AmountPaid":0,"OpenBy":"user","LockerCode":"C5"},{"ID":113,"LockerID":22,"Phone":"3106357035","PIN":"1405","Active":0,"StartTime":"2025-09-14T00:32:33Z","EndTime":"2025-09-14T02:40:04Z","AmountPaid":0,"OpenBy":"user","LockerCode":"C2"},{"ID":114,"LockerID":29,"Phone":"3103192771","PIN":"0000","Active":0,"StartTime":"2025-09-14T07:39:26Z","EndTime":"2025-09-15T06:38:46Z","AmountPaid":0,"OpenBy":"local","LockerCode":"C9"},{"ID":115,"LockerID":36,"Phone":"3204440282","PIN":"2347","Active":0,"StartTime":"2025-09-14T14:35:54Z","EndTime":"2025-09-14T15:42:44Z","AmountPaid":0,"OpenBy":"user","LockerCode":"D6"},{"ID":116,"LockerID":19,"Phone":"3209757923","PIN":"0505","Active":0,"StartTime":"2025-09-14T14:54:43Z","EndTime":"2025-09-14T15:56:50Z","AmountPaid":0,"OpenBy":"user","LockerCode":"B9"},{"ID":117,"LockerID":37,"Phone":"3103223976","PIN":"4256","Active":0,"StartTime":"2025-09-14T16:55:09Z","EndTime":"2025-09-14T23:00:45Z","AmountPaid":0,"OpenBy":"user","LockerCode":"D7"},{"ID":118,"LockerID":20,"Phone":"3229346329","PIN":"2201","Active":0,"StartTime":"2025-09-14T18:09:13Z","EndTime":"2025-09-14T21:01:44Z","AmountPaid":0,"OpenBy":"user","LockerCode":"B10"},{"ID":119,"LockerID":15,"Phone":"3023995354","PIN":"2201","Active":0,"StartTime":"2025-09-14T18:09:42Z","EndTime":"2025-09-14T21:00:49Z","AmountPaid":0,"OpenBy":"local","LockerCode":"B5"},{"ID":120,"LockerID":31,"Phone":"3008357388","PIN":"1234","Active":0,"StartTime":"2025-09-14T18:36:35Z","EndTime":"2025-09-14T21:25:03Z","AmountPaid":0,"OpenBy":"user","LockerCode":"D1"},{"ID":121,"LockerID":38,"Phone":"3106180298","PIN":"2611","Active":0,"StartTime":"2025-09-14T20:48:21Z","EndTime":"2025-09-14T20:48:21Z","AmountPaid":0,"OpenBy":"error","LockerCode":"D8"},{"ID":122,"LockerID":43,"Phone":"3106180298","PIN":"2611","Active":0,"StartTime":"2025-09-14T20:48:22Z","EndTime":"2025-09-14T20:48:22Z","AmountPaid":0,"OpenBy":"error","LockerCode":"E3"},{"ID":123,"LockerID":26,"Phone":"3106180298","PIN":"2611","Active":0,"StartTime":"2025-09-14T20:48:23Z","EndTime":"2025-09-14T20:48:23Z","AmountPaid":0,"OpenBy":"error","LockerCode":"C6"},{"ID":124,"LockerID":34,"Phone":"3106180298","PIN":"2611","Active":0,"StartTime":"2025-09-14T20:48:24Z","EndTime":"2025-09-14T20:48:24Z","AmountPaid":0,"OpenBy":"error","LockerCode":"D4"},{"ID":125,"LockerID":41,"Phone":"3106180298","PIN":"2611","Active":0,"StartTime":"2025-09-14T20:48:25Z","EndTime":"2025-09-14T20:48:25Z","AmountPaid":0,"OpenBy":"error","LockerCode":"E1"},{"ID":126,"LockerID":23,"Phone":"3106180298","PIN":"2611","Active":0,"StartTime":"2025-09-14T20:48:49Z","EndTime":"2025-09-14T20:48:49Z","AmountPaid":0,"OpenBy":"error","LockerCode":"C3"},{"ID":127,"LockerID":47,"Phone":"3106180298","PIN":"2611","Active":0,"StartTime":"2025-09-14T20:48:50Z","EndTime":"2025-09-14T20:48:50Z","AmountPaid":0,"OpenBy":"error","LockerCode":"E7"},{"ID":128,"LockerID":58,"Phone":"3106180298","PIN":"2611","Active":0,"StartTime":"2025-09-14T20:48:51Z","EndTime":"2025-09-14T20:48:51Z","AmountPaid":0,"OpenBy":"error","LockerCode":"F8"},{"ID":129,"LockerID":59,"Phone":"3106180298","PIN":"2611","Active":0,"StartTime":"2025-09-14T20:48:52Z","EndTime":"2025-09-14T20:48:52Z","AmountPaid":0,"OpenBy":"error","LockerCode":"F9"},{"ID":130,"LockerID":11,"Phone":"3106180298","PIN":"2611","Active":0,"StartTime":"2025-09-14T20:48:53Z","EndTime":"2025-09-14T20:48:53Z","AmountPaid":0,"OpenBy":"error","LockerCode":"B1"},{"ID":131,"LockerID":28,"Phone":"3132576067","PIN":"2611","Active":0,"StartTime":"2025-09-14T20:49:06Z","EndTime":"2025-09-14T20:49:06Z","AmountPaid":0,"OpenBy":"error","LockerCode":"C8"},{"ID":132,"LockerID":33,"Phone":"3132576067","PIN":"2611","Active":0,"StartTime":"2025-09-14T20:49:08Z","EndTime":"2025-09-14T20:49:08Z","AmountPaid":0,"OpenBy":"error","LockerCode":"D3"},{"ID":133,"LockerID":18,"Phone":"3132576067","PIN":"2611","Active":0,"StartTime":"2025-09-14T20:49:09Z","EndTime":"2025-09-14T20:49:09Z","AmountPaid":0,"OpenBy":"error","LockerCode":"B8"},{"ID":134,"LockerID":13,"Phone":"3132576067","PIN":"2611","Active":0,"StartTime":"2025-09-14T20:49:10Z","EndTime":"2025-09-14T20:49:10Z","AmountPaid":0,"OpenBy":"error","LockerCode":"B3"},{"ID":135,"LockerID":46,"Phone":"3132576067","PIN":"2611","Active":0,"StartTime":"2025-09-14T20:49:11Z","EndTime":"2025-09-14T20:49:11Z","AmountPaid":0,"OpenBy":"error","LockerCode":"E6"},{"ID":136,"LockerID":5,"Phone":"3132576067","PIN":"2025","Active":0,"StartTime":"2025-09-14T20:50:08Z","EndTime":"2025-09-14T20:50:08Z","AmountPaid":0,"OpenBy":"error","LockerCode":"A5"},{"ID":137,"LockerID":3,"Phone":"3132576067","PIN":"2025","Active":0,"StartTime":"2025-09-14T20:50:09Z","EndTime":"2025-09-14T20:50:09Z","AmountPaid":0,"OpenBy":"error","LockerCode":"A3"},{"ID":138,"LockerID":48,"Phone":"3132576067","PIN":"2025","Active":0,"StartTime":"2025-09-14T20:50:10Z","EndTime":"2025-09-14T20:50:10Z","AmountPaid":0,"OpenBy":"error","LockerCode":"E8"},{"ID":139,"LockerID":60,"Phone":"3132576067","PIN":"2025","Active":0,"StartTime":"2025-09-14T20:50:11Z","EndTime":"2025-09-14T20:50:11Z","AmountPaid":0,"OpenBy":"error","LockerCode":"F10"},{"ID":140,"LockerID":21,"Phone":"3132576067","PIN":"2025","Active":0,"StartTime":"2025-09-14T20:50:12Z","EndTime":"2025-09-14T20:50:12Z","AmountPaid":0,"OpenBy":"error","LockerCode":"C1"},{"ID":141,"LockerID":25,"Phone":"3506597924","PIN":"0227","Active":0,"StartTime":"2025-09-14T21:18:21Z","EndTime":"2025-09-14T22:19:47Z","AmountPaid":0,"OpenBy":"user","LockerCode":"C5"},{"ID":142,"LockerID":35,"Phone":"3209567654","PIN":"2912","Active":0,"StartTime":"2025-09-14T21:19:25Z","EndTime":"2025-09-14T22:20:05Z","AmountPaid":0,"OpenBy":"user","LockerCode":"D5"},{"ID":143,"LockerID":4,"Phone":"3504703484","PIN":"1212","Active":0,"StartTime":"2025-09-14T21:30:48Z","EndTime":"2025-09-14T22:37:45Z","AmountPaid":0,"OpenBy":"user","LockerCode":"A4"},{"ID":144,"LockerID":52,"Phone":"3208824127","PIN":"1021","Active":0,"StartTime":"2025-09-14T21:38:57Z","EndTime":"2025-09-14T22:37:29Z","AmountPaid":0,"OpenBy":"user","LockerCode":"F2"},{"ID":145,"LockerID":19,"Phone":"3208172743","PIN":"2742","Active":0,"StartTime":"2025-09-14T22:14:10Z","EndTime":"2025-09-14T22:14:10Z","AmountPaid":0,"OpenBy":"error","LockerCode":"B9"},{"ID":146,"LockerID":23,"Phone":"3208172743","PIN":"2742","Active":0,"StartTime":"2025-09-14T22:14:11Z","EndTime":"2025-09-14T22:14:11Z","AmountPaid":0,"OpenBy":"error","LockerCode":"C3"},{"ID":147,"LockerID":28,"Phone":"3208172743","PIN":"2742","Active":0,"StartTime":"2025-09-14T22:14:12Z","EndTime":"2025-09-14T22:14:12Z","AmountPaid":0,"OpenBy":"error","LockerCode":"C8"},{"ID":148,"LockerID":43,"Phone":"3208172743","PIN":"2742","Active":0,"StartTime":"2025-09-14T22:14:13Z","EndTime":"2025-09-14T22:14:13Z","AmountPaid":0,"OpenBy":"error","LockerCode":"E3"},{"ID":149,"LockerID":3,"Phone":"3208172743","PIN":"2742","Active":0,"StartTime":"2025-09-14T22:14:14Z","EndTime":"2025-09-14T22:14:14Z","AmountPaid":0,"OpenBy":"error","LockerCode":"A3"},{"ID":150,"LockerID":31,"Phone":"3208172743","PIN":"2742","Active":0,"StartTime":"2025-09-14T22:14:58Z","EndTime":"2025-09-14T22:14:58Z","AmountPaid":0,"OpenBy":"error","LockerCode":"D1"},{"ID":151,"LockerID":8,"Phone":"3208172743","PIN":"2742","Active":0,"StartTime":"2025-09-14T22:14:59Z","EndTime":"2025-09-14T22:14:59Z","AmountPaid":0,"OpenBy":"error","LockerCode":"A8"},{"ID":152,"LockerID":41,"Phone":"3208172743","PIN":"2742","Active":0,"StartTime":"2025-09-14T22:15:00Z","EndTime":"2025-09-14T22:15:00Z","AmountPaid":0,"OpenBy":"error","LockerCode":"E1"},{"ID":153,"LockerID":18,"Phone":"3208172743","PIN":"2742","Active":0,"StartTime":"2025-09-14T22:15:01Z","EndTime":"2025-09-14T22:15:01Z","AmountPaid":0,"OpenBy":"error","LockerCode":"B8"},{"ID":154,"LockerID":21,"Phone":"3208172743","PIN":"2742","Active":0,"StartTime":"2025-09-14T22:15:02Z","EndTime":"2025-09-14T22:15:02Z","AmountPaid":0,"OpenBy":"error","LockerCode":"C1"},{"ID":155,"LockerID":51,"Phone":"3192477833","PIN":"1713","Active":0,"StartTime":"2025-09-14T22:16:17Z","EndTime":"2025-09-14T22:16:17Z","AmountPaid":0,"OpenBy":"error","LockerCode":"F1"},{"ID":156,"LockerID":9,"Phone":"3192477833","PIN":"1713","Active":0,"StartTime":"2025-09-14T22:16:18Z","EndTime":"2025-09-14T22:16:18Z","AmountPaid":0,"OpenBy":"error","LockerCode":"A9"},{"ID":157,"LockerID":58,"Phone":"3192477833","PIN":"1713","Active":0,"StartTime":"2025-09-14T22:16:19Z","EndTime":"2025-09-14T22:16:19Z","AmountPaid":0,"OpenBy":"error","LockerCode":"F8"},{"ID":158,"LockerID":11,"Phone":"3192477833","PIN":"1713","Active":0,"StartTime":"2025-09-14T22:16:20Z","EndTime":"2025-09-14T22:16:20Z","AmountPaid":0,"OpenBy":"error","LockerCode":"B1"},{"ID":159,"LockerID":44,"Phone":"3192477833","PIN":"1713","Active":0,"StartTime":"2025-09-14T22:16:21Z","EndTime":"2025-09-14T22:16:21Z","AmountPaid":0,"OpenBy":"error","LockerCode":"E4"},{"ID":160,"LockerID":42,"Phone":"3162683211","PIN":"2784","Active":0,"StartTime":"2025-09-14T22:26:06Z","EndTime":"2025-09-14T22:26:06Z","AmountPaid":0,"OpenBy":"error","LockerCode":"E2"},{"ID":161,"LockerID":16,"Phone":"3162683211","PIN":"2784","Active":0,"StartTime":"2025-09-14T22:26:07Z","EndTime":"2025-09-14T22:26:07Z","AmountPaid":0,"OpenBy":"error","LockerCode":"B6"},{"ID":162,"LockerID":35,"Phone":"3162683211","PIN":"2784","Active":0,"StartTime":"2025-09-14T22:26:08Z","EndTime":"2025-09-14T22:26:08Z","AmountPaid":0,"OpenBy":"error","LockerCode":"D5"},{"ID":163,"LockerID":10,"Phone":"3162683211","PIN":"2784","Active":0,"StartTime":"2025-09-14T22:26:09Z","EndTime":"2025-09-14T22:26:09Z","AmountPaid":0,"OpenBy":"error","LockerCode":"A10"},{"ID":164,"LockerID":7,"Phone":"3162683211","PIN":"2784","Active":0,"StartTime":"2025-09-14T22:26:10Z","EndTime":"2025-09-14T22:26:11Z","AmountPaid":0,"OpenBy":"error","LockerCode":"A7"},{"ID":165,"LockerID":48,"Phone":"3162683211","PIN":"8427","Active":0,"StartTime":"2025-09-14T22:26:38Z","EndTime":"2025-09-14T22:26:38Z","AmountPaid":0,"OpenBy":"error","LockerCode":"E8"},{"ID":166,"LockerID":6,"Phone":"3162683211","PIN":"8427","Active":0,"StartTime":"2025-09-14T22:26:39Z","EndTime":"2025-09-14T22:26:39Z","AmountPaid":0,"OpenBy":"error","LockerCode":"A6"},{"ID":167,"LockerID":50,"Phone":"3162683211","PIN":"8427","Active":0,"StartTime":"2025-09-14T22:26:40Z","EndTime":"2025-09-14T22:26:40Z","AmountPaid":0,"OpenBy":"error","LockerCode":"E10"},{"ID":168,"LockerID":33,"Phone":"3162683211","PIN":"8427","Active":0,"StartTime":"2025-09-14T22:26:41Z","EndTime":"2025-09-14T22:26:41Z","AmountPaid":0,"OpenBy":"error","LockerCode":"D3"},{"ID":169,"LockerID":25,"Phone":"3162683211","PIN":"8427","Active":0,"StartTime":"2025-09-14T22:26:42Z","EndTime":"2025-09-14T22:26:42Z","AmountPaid":0,"OpenBy":"error","LockerCode":"C5"},{"ID":170,"LockerID":53,"Phone":"3007430327","PIN":"1807","Active":0,"StartTime":"2025-09-14T22:47:20Z","EndTime":"2025-09-15T00:19:18Z","AmountPaid":0,"OpenBy":"user","LockerCode":"F3"},{"ID":171,"LockerID":24,"Phone":"3204361078","PIN":"1234","Active":0,"StartTime":"2025-09-14T22:48:55Z","EndTime":"2025-09-15T00:47:50Z","AmountPaid":0,"OpenBy":"user","LockerCode":"C4"},{"ID":172,"LockerID":4,"Phone":"3136889966","PIN":"3050","Active":0,"StartTime":"2025-09-15T11:41:45Z","EndTime":"2025-09-15T14:14:45Z","AmountPaid":0,"OpenBy":"user","LockerCode":"A4"},{"ID":173,"LockerID":6,"Phone":"3209030900","PIN":"1590","Active":0,"StartTime":"2025-09-15T12:44:42Z","EndTime":"2025-09-15T12:45:37Z","AmountPaid":0,"OpenBy":"user","LockerCode":"A6"},{"ID":174,"LockerID":52,"Phone":"3209030900","PIN":"1590","Active":0,"StartTime":"2025-09-15T12:45:58Z","EndTime":"2025-09-15T13:45:59Z","AmountPaid":0,"OpenBy":"user","LockerCode":"F2"},{"ID":175,"LockerID":47,"Phone":"3132561482","PIN":"1976","Active":0,"StartTime":"2025-09-15T12:47:18Z","EndTime":"2025-09-15T13:57:46Z","AmountPaid":0,"OpenBy":"user","LockerCode":"E7"},{"ID":176,"LockerID":7,"Phone":"3024042185","PIN":"1202","Active":0,"StartTime":"2025-09-15T13:24:22Z","EndTime":"2025-09-15T21:39:08Z","AmountPaid":0,"OpenBy":"user","LockerCode":"A7"},{"ID":177,"LockerID":11,"Phone":"3022346162","PIN":"2407","Active":0,"StartTime":"2025-09-15T14:11:32Z","EndTime":"2025-09-16T07:00:01Z","AmountPaid":0,"OpenBy":"local","LockerCode":"B1"},{"ID":178,"LockerID":12,"Phone":"3232913358","PIN":"1235","Active":0,"StartTime":"2025-09-15T14:45:37Z","EndTime":"2025-09-15T16:28:25Z","AmountPaid":0,"OpenBy":"user","LockerCode":"B2"},{"ID":179,"LockerID":37,"Phone":"3212441493","PIN":"9530","Active":0,"StartTime":"2025-09-15T16:40:43Z","EndTime":"2025-09-15T18:20:32Z","AmountPaid":0,"OpenBy":"user","LockerCode":"D7"},{"ID":180,"LockerID":34,"Phone":"3015002158","PIN":"1425","Active":0,"StartTime":"2025-09-15T16:53:18Z","EndTime":"2025-09-15T18:38:19Z","AmountPaid":0,"OpenBy":"user","LockerCode":"D4"},{"ID":181,"LockerID":30,"Phone":"3057221066","PIN":"2606","Active":0,"StartTime":"2025-09-15T17:02:54Z","EndTime":"2025-09-15T17:53:12Z","AmountPaid":0,"OpenBy":"user","LockerCode":"C10"},{"ID":182,"LockerID":38,"Phone":"3114427611","PIN":"1314","Active":0,"StartTime":"2025-09-15T18:28:25Z","EndTime":"2025-09-15T18:39:13Z","AmountPaid":0,"OpenBy":"user","LockerCode":"D8"},{"ID":183,"LockerID":30,"Phone":"3212466847","PIN":"0401","Active":0,"StartTime":"2025-09-15T18:59:33Z","EndTime":"2025-09-15T20:41:25Z","AmountPaid":0,"OpenBy":"user","LockerCode":"C10"},{"ID":184,"LockerID":16,"Phone":"3123959169","PIN":"1284","Active":0,"StartTime":"2025-09-15T19:09:15Z","EndTime":"2025-09-15T20:04:52Z","AmountPaid":0,"OpenBy":"user","LockerCode":"B6"},{"ID":185,"LockerID":40,"Phone":"3504703434","PIN":"2001","Active":0,"StartTime":"2025-09-15T20:47:37Z","EndTime":"2025-09-15T21:40:19Z","AmountPaid":0,"OpenBy":"user","LockerCode":"D10"},{"ID":186,"LockerID":21,"Phone":"3205598738","PIN":"2103","Active":0,"StartTime":"2025-09-15T21:23:24Z","EndTime":"2025-09-15T23:14:12Z","AmountPaid":0,"OpenBy":"user","LockerCode":"C1"},{"ID":187,"LockerID":59,"Phone":"3202072390","PIN":"5823","Active":0,"StartTime":"2025-09-15T21:38:53Z","EndTime":"2025-09-16T00:11:16Z","AmountPaid":0,"OpenBy":"user","LockerCode":"F9"},{"ID":188,"LockerID":48,"Phone":"3208220402","PIN":"5823","Active":0,"StartTime":"2025-09-15T22:40:51Z","EndTime":"2025-09-16T00:11:34Z","AmountPaid":0,"OpenBy":"user","LockerCode":"E8"},{"ID":189,"LockerID":57,"Phone":"3102195317","PIN":"1223","Active":0,"StartTime":"2025-09-15T22:49:55Z","EndTime":"2025-09-15T23:34:12Z","AmountPaid":0,"OpenBy":"user","LockerCode":"F7"},{"ID":190,"LockerID":10,"Phone":"3103192771","PIN":"0808","Active":0,"StartTime":"2025-09-16T00:25:18Z","EndTime":"2025-09-16T00:25:45Z","AmountPaid":0,"OpenBy":"user","LockerCode":"A10"},{"ID":191,"LockerID":4,"Phone":"3203635089","PIN":"4108","Active":0,"StartTime":"2025-09-16T00:39:54Z","EndTime":"2025-09-16T00:40:14Z","AmountPaid":0,"OpenBy":"user","LockerCode":"A4"},{"ID":192,"LockerID":50,"Phone":"3017013051","PIN":"1024","Active":0,"StartTime":"2025-09-16T00:46:16Z","EndTime":"2025-09-16T05:24:15Z","AmountPaid":0,"OpenBy":"user","LockerCode":"E10"},{"ID":193,"LockerID":1,"Phone":"3192746881","PIN":"1983","Active":0,"StartTime":"2025-09-16T00:47:27Z","EndTime":"2025-09-16T05:16:06Z","AmountPaid":0,"OpenBy":"user","LockerCode":"A1"},{"ID":194,"LockerID":23,"Phone":"3103192771","PIN":"0000","Active":0,"StartTime":"2025-09-16T01:16:38Z","EndTime":"2025-09-16T01:16:38Z","AmountPaid":0,"OpenBy":"error","LockerCode":"C3"},{"ID":195,"LockerID":14,"Phone":"3103192771","PIN":"0000","Active":0,"StartTime":"2025-09-16T01:16:39Z","EndTime":"2025-09-16T01:16:39Z","AmountPaid":0,"OpenBy":"error","LockerCode":"B4"},{"ID":196,"LockerID":52,"Phone":"3103192771","PIN":"0000","Active":0,"StartTime":"2025-09-16T01:16:40Z","EndTime":"2025-09-16T01:16:40Z","AmountPaid":0,"OpenBy":"error","LockerCode":"F2"},{"ID":197,"LockerID":8,"Phone":"3103192771","PIN":"0000","Active":0,"StartTime":"2025-09-16T01:16:41Z","EndTime":"2025-09-16T01:16:41Z","AmountPaid":0,"OpenBy":"error","LockerCode":"A8"},{"ID":198,"LockerID":27,"Phone":"3103192771","PIN":"0000","Active":0,"StartTime":"2025-09-16T01:16:42Z","EndTime":"2025-09-16T01:16:42Z","AmountPaid":0,"OpenBy":"error","LockerCode":"C7"},{"ID":199,"LockerID":18,"Phone":"3103192771","PIN":"0000","Active":0,"StartTime":"2025-09-16T01:16:59Z","EndTime":"2025-09-16T01:16:59Z","AmountPaid":0,"OpenBy":"error","LockerCode":"B8"},{"ID":200,"LockerID":46,"Phone":"3103192771","PIN":"0000","Active":0,"StartTime":"2025-09-16T01:17:00Z","EndTime":"2025-09-16T01:17:00Z","AmountPaid":0,"OpenBy":"error","LockerCode":"E6"},{"ID":201,"LockerID":39,"Phone":"3103192771","PIN":"0000","Active":0,"StartTime":"2025-09-16T01:17:01Z","EndTime":"2025-09-16T01:17:01Z","AmountPaid":0,"OpenBy":"error","LockerCode":"D9"},{"ID":202,"LockerID":38,"Phone":"3103192771","PIN":"0000","Active":0,"StartTime":"2025-09-16T01:17:02Z","EndTime":"2025-09-16T01:17:02Z","AmountPaid":0,"OpenBy":"error","LockerCode":"D8"},{"ID":203,"LockerID":36,"Phone":"3103192771","PIN":"0000","Active":0,"StartTime":"2025-09-16T01:17:03Z","EndTime":"2025-09-16T01:17:03Z","AmountPaid":0,"OpenBy":"error","LockerCode":"D6"},{"ID":204,"LockerID":25,"Phone":"3103192771","PIN":"0000","Active":0,"StartTime":"2025-09-16T01:18:50Z","EndTime":"2025-09-16T01:18:50Z","AmountPaid":0,"OpenBy":"error","LockerCode":"C5"},{"ID":205,"LockerID":34,"Phone":"3103192771","PIN":"0000","Active":0,"StartTime":"2025-09-16T01:18:51Z","EndTime":"2025-09-16T01:18:51Z","AmountPaid":0,"OpenBy":"error","LockerCode":"D4"},{"ID":206,"LockerID":28,"Phone":"3103192771","PIN":"0000","Active":0,"StartTime":"2025-09-16T01:18:52Z","EndTime":"2025-09-16T01:18:52Z","AmountPaid":0,"OpenBy":"error","LockerCode":"C8"},{"ID":207,"LockerID":37,"Phone":"3103192771","PIN":"0000","Active":0,"StartTime":"2025-09-16T01:18:53Z","EndTime":"2025-09-16T01:18:53Z","AmountPaid":0,"OpenBy":"error","LockerCode":"D7"},{"ID":208,"LockerID":17,"Phone":"3103192771","PIN":"0000","Active":0,"StartTime":"2025-09-16T01:18:54Z","EndTime":"2025-09-16T01:18:54Z","AmountPaid":0,"OpenBy":"error","LockerCode":"B7"},{"ID":209,"LockerID":42,"Phone":"3103192771","PIN":"0000","Active":0,"StartTime":"2025-09-16T01:20:16Z","EndTime":"2025-09-16T01:20:16Z","AmountPaid":0,"OpenBy":"error","LockerCode":"E2"},{"ID":210,"LockerID":41,"Phone":"3103192771","PIN":"0000","Active":0,"StartTime":"2025-09-16T01:20:17Z","EndTime":"2025-09-16T01:20:17Z","AmountPaid":0,"OpenBy":"error","LockerCode":"E1"},{"ID":211,"LockerID":7,"Phone":"3103192771","PIN":"0000","Active":0,"StartTime":"2025-09-16T01:20:18Z","EndTime":"2025-09-16T01:20:18Z","AmountPaid":0,"OpenBy":"error","LockerCode":"A7"},{"ID":212,"LockerID":35,"Phone":"3103192771","PIN":"0000","Active":0,"StartTime":"2025-09-16T01:20:19Z","EndTime":"2025-09-16T01:20:19Z","AmountPaid":0,"OpenBy":"error","LockerCode":"D5"},{"ID":213,"LockerID":24,"Phone":"3103192771","PIN":"0000","Active":0,"StartTime":"2025-09-16T01:20:20Z","EndTime":"2025-09-16T01:20:20Z","AmountPaid":0,"OpenBy":"error","LockerCode":"C4"},{"ID":214,"LockerID":41,"Phone":"3103192771","PIN":"0000","Active":0,"StartTime":"2025-09-16T01:28:47Z","EndTime":"2025-09-16T01:28:59Z","AmountPaid":0,"OpenBy":"user","LockerCode":"E1"},{"ID":215,"LockerID":57,"Phone":"3103192771","PIN":"0000","Active":0,"StartTime":"2025-09-16T06:22:49Z","EndTime":"2025-09-16T06:22:50Z","AmountPaid":0,"OpenBy":"error","LockerCode":"F7"},{"ID":216,"LockerID":27,"Phone":"3103192771","PIN":"0000","Active":0,"StartTime":"2025-09-16T06:22:51Z","EndTime":"2025-09-16T06:22:52Z","AmountPaid":0,"OpenBy":"error","LockerCode":"C7"},{"ID":217,"LockerID":30,"Phone":"3103192771","PIN":"0000","Active":0,"StartTime":"2025-09-16T06:22:53Z","EndTime":"2025-09-16T06:22:54Z","AmountPaid":0,"OpenBy":"error","LockerCode":"C10"},{"ID":218,"LockerID":9,"Phone":"3103192771","PIN":"0000","Active":0,"StartTime":"2025-09-16T06:22:55Z","EndTime":"2025-09-16T06:22:56Z","AmountPaid":0,"OpenBy":"error","LockerCode":"A9"},{"ID":219,"LockerID":44,"Phone":"3103192771","PIN":"0000","Active":0,"StartTime":"2025-09-16T06:22:57Z","EndTime":"2025-09-16T06:22:58Z","AmountPaid":0,"OpenBy":"error","LockerCode":"E4"},{"ID":220,"LockerID":6,"Phone":"3103192771","PIN":"0000","Active":0,"StartTime":"2025-09-16T06:24:49Z","EndTime":"2025-09-16T06:24:50Z","AmountPaid":0,"OpenBy":"error","LockerCode":"A6"},{"ID":221,"LockerID":58,"Phone":"3103192771","PIN":"0000","Active":0,"StartTime":"2025-09-16T06:24:51Z","EndTime":"2025-09-16T06:26:21Z","AmountPaid":0,"OpenBy":"user","LockerCode":"F8"},{"ID":222,"LockerID":49,"Phone":"3103192771","PIN":"0000","Active":0,"StartTime":"2025-09-16T06:26:49Z","EndTime":"2025-09-16T06:27:16Z","AmountPaid":0,"OpenBy":"local","LockerCode":"E9"},{"ID":223,"LockerID":21,"Phone":"3504597488","PIN":"0113","Active":0,"StartTime":"2025-09-16T12:14:36Z","EndTime":"2025-09-17T00:17:09Z","AmountPaid":0,"OpenBy":"user","LockerCode":"C1"},{"ID":224,"LockerID":33,"Phone":"3115279691","PIN":"2729","Active":0,"StartTime":"2025-09-16T13:21:28Z","EndTime":"2025-09-16T13:22:22Z","AmountPaid":0,"OpenBy":"user","LockerCode":"D3"},{"ID":225,"LockerID":53,"Phone":"3228854455","PIN":"0923","Active":0,"StartTime":"2025-09-16T14:38:22Z","EndTime":"2025-09-16T17:12:41Z","AmountPaid":0,"OpenBy":"user","LockerCode":"F3"},{"ID":226,"LockerID":9,"Phone":"3127849919","PIN":"7325","Active":0,"StartTime":"2025-09-16T15:23:36Z","EndTime":"2025-09-16T15:56:32Z","AmountPaid":0,"OpenBy":"user","LockerCode":"A9"},{"ID":227,"LockerID":38,"Phone":"3213713728","PIN":"0415","Active":0,"StartTime":"2025-09-16T16:00:38Z","EndTime":"2025-09-16T17:46:17Z","AmountPaid":0,"OpenBy":"user","LockerCode":"D8"},{"ID":228,"LockerID":8,"Phone":"3207070808","PIN":"2110","Active":0,"StartTime":"2025-09-16T16:16:25Z","EndTime":"2025-09-16T16:50:53Z","AmountPaid":0,"OpenBy":"user","LockerCode":"A8"},{"ID":229,"LockerID":29,"Phone":"3244562987","PIN":"1121","Active":0,"StartTime":"2025-09-16T18:48:19Z","EndTime":"2025-09-16T20:27:46Z","AmountPaid":0,"OpenBy":"user","LockerCode":"C9"},{"ID":230,"LockerID":32,"Phone":"3144075888","PIN":"1692","Active":0,"StartTime":"2025-09-16T20:06:00Z","EndTime":"2025-09-16T21:46:02Z","AmountPaid":0,"OpenBy":"user","LockerCode":"D2"},{"ID":231,"LockerID":60,"Phone":"3229245411","PIN":"1116","Active":0,"StartTime":"2025-09-16T20:14:54Z","EndTime":"2025-09-16T22:17:08Z","AmountPaid":0,"OpenBy":"user","LockerCode":"F10"},{"ID":232,"LockerID":38,"Phone":"3127933034","PIN":"8298","Active":0,"StartTime":"2025-09-16T22:11:21Z","EndTime":"2025-09-17T00:47:35Z","AmountPaid":0,"OpenBy":"user","LockerCode":"D8"},{"ID":233,"LockerID":35,"Phone":"3112645553","PIN":"4758","Active":0,"StartTime":"2025-09-16T22:20:39Z","EndTime":"2025-09-17T00:15:04Z","AmountPaid":0,"OpenBy":"user","LockerCode":"D5"},{"ID":234,"LockerID":57,"Phone":"3142321998","PIN":"2003","Active":0,"StartTime":"2025-09-17T01:26:09Z","EndTime":"2025-09-17T02:41:31Z","AmountPaid":0,"OpenBy":"user","LockerCode":"F7"},{"ID":235,"LockerID":26,"Phone":"3103192771","PIN":"0000","Active":0,"StartTime":"2025-09-17T04:15:11Z","EndTime":"2025-09-17T04:15:40Z","AmountPaid":0,"OpenBy":"local","LockerCode":"C6"},{"ID":236,"LockerID":1,"Phone":"3504597488","PIN":"0113","Active":0,"StartTime":"2025-09-17T11:57:06Z","EndTime":"2025-09-17T23:56:39Z","AmountPaid":0,"OpenBy":"user","LockerCode":"A1"},{"ID":237,"LockerID":3,"Phone":"3209001335","PIN":"2117","Active":0,"StartTime":"2025-09-17T12:28:00Z","EndTime":"2025-09-17T17:22:51Z","AmountPaid":0,"OpenBy":"user","LockerCode":"A3"},{"ID":238,"LockerID":32,"Phone":"3214433856","PIN":"9797","Active":0,"StartTime":"2025-09-17T13:55:21Z","EndTime":"2025-09-17T14:59:59Z","AmountPaid":0,"OpenBy":"user","LockerCode":"D2"},{"ID":239,"LockerID":8,"Phone":"3203596444","PIN":"1648","Active":0,"StartTime":"2025-09-17T16:09:23Z","EndTime":"2025-09-18T11:50:58Z","AmountPaid":0,"OpenBy":"user","LockerCode":"A8"},{"ID":240,"LockerID":9,"Phone":"3132892244","PIN":"1648","Active":0,"StartTime":"2025-09-17T16:10:34Z","EndTime":"2025-09-18T11:45:10Z","AmountPaid":0,"OpenBy":"user","LockerCode":"A9"},{"ID":241,"LockerID":18,"Phone":"3138579716","PIN":"1996","Active":0,"StartTime":"2025-09-17T16:26:09Z","EndTime":"2025-09-17T17:52:11Z","AmountPaid":0,"OpenBy":"user","LockerCode":"B8"},{"ID":242,"LockerID":57,"Phone":"3138383463","PIN":"2009","Active":0,"StartTime":"2025-09-17T17:22:32Z","EndTime":"2025-09-17T19:41:29Z","AmountPaid":0,"OpenBy":"user","LockerCode":"F7"},{"ID":243,"LockerID":25,"Phone":"3194088422","PIN":"1608","Active":0,"StartTime":"2025-09-17T17:28:26Z","EndTime":"2025-09-17T17:49:54Z","AmountPaid":0,"OpenBy":"user","LockerCode":"C5"},{"ID":244,"LockerID":60,"Phone":"3246657985","PIN":"1608","Active":0,"StartTime":"2025-09-17T17:29:47Z","EndTime":"2025-09-17T17:50:35Z","AmountPaid":0,"OpenBy":"user","LockerCode":"F10"},{"ID":245,"LockerID":29,"Phone":"3204171176","PIN":"2712","Active":0,"StartTime":"2025-09-17T19:18:14Z","EndTime":"2025-09-17T20:54:43Z","AmountPaid":0,"OpenBy":"user","LockerCode":"C9"},{"ID":246,"LockerID":40,"Phone":"3157871285","PIN":"1111","Active":0,"StartTime":"2025-09-17T19:26:36Z","EndTime":"2025-09-17T20:44:21Z","AmountPaid":0,"OpenBy":"user","LockerCode":"D10"},{"ID":247,"LockerID":31,"Phone":"3106667869","PIN":"1111","Active":0,"StartTime":"2025-09-17T19:27:45Z","EndTime":"2025-09-17T20:44:33Z","AmountPaid":0,"OpenBy":"user","LockerCode":"D1"},{"ID":248,"LockerID":45,"Phone":"3212868767","PIN":"7018","Active":0,"StartTime":"2025-09-17T19:39:36Z","EndTime":"2025-09-17T22:28:47Z","AmountPaid":0,"OpenBy":"user","LockerCode":"E5"},{"ID":249,"LockerID":25,"Phone":"3208561308","PIN":"2606","Active":0,"StartTime":"2025-09-17T19:42:27Z","EndTime":"2025-09-17T21:07:19Z","AmountPaid":0,"OpenBy":"user","LockerCode":"C5"},{"ID":250,"LockerID":19,"Phone":"3144037207","PIN":"1234","Active":0,"StartTime":"2025-09-17T22:15:57Z","EndTime":"2025-09-17T23:12:26Z","AmountPaid":0,"OpenBy":"user","LockerCode":"B9"},{"ID":251,"LockerID":21,"Phone":"3219190670","PIN":"1012","Active":0,"StartTime":"2025-09-17T23:46:14Z","EndTime":"2025-09-18T05:21:37Z","AmountPaid":0,"OpenBy":"user","LockerCode":"C1"},{"ID":252,"LockerID":51,"Phone":"3103736003","PIN":"2008","Active":0,"StartTime":"2025-09-17T23:46:46Z","EndTime":"2025-09-18T05:21:58Z","AmountPaid":0,"OpenBy":"user","LockerCode":"F1"},{"ID":253,"LockerID":60,"Phone":"3142321998","PIN":"2003","Active":0,"StartTime":"2025-09-18T00:57:41Z","EndTime":"2025-09-18T02:32:29Z","AmountPaid":0,"OpenBy":"user","LockerCode":"F10"},{"ID":254,"LockerID":44,"Phone":"3504597488","PIN":"0113","Active":0,"StartTime":"2025-09-18T12:04:03Z","EndTime":"2025-09-18T23:39:32Z","AmountPaid":0,"OpenBy":"user","LockerCode":"E4"},{"ID":255,"LockerID":41,"Phone":"3214615314","PIN":"2580","Active":0,"StartTime":"2025-09-18T13:18:22Z","EndTime":"2025-09-18T14:31:39Z","AmountPaid":0,"OpenBy":"user","LockerCode":"E1"},{"ID":256,"LockerID":41,"Phone":"3154006455","PIN":"2104","Active":0,"StartTime":"2025-09-18T14:36:46Z","EndTime":"2025-09-18T19:05:49Z","AmountPaid":0,"OpenBy":"user","LockerCode":"E1"},{"ID":257,"LockerID":24,"Phone":"3057835806","PIN":"1234","Active":0,"StartTime":"2025-09-18T15:09:13Z","EndTime":"2025-09-19T03:13:37Z","AmountPaid":0,"OpenBy":"user","LockerCode":"C4"},{"ID":258,"LockerID":20,"Phone":"3502347200","PIN":"0206","Active":0,"StartTime":"2025-09-18T16:14:47Z","EndTime":"2025-09-18T18:56:24Z","AmountPaid":0,"OpenBy":"user","LockerCode":"B10"},{"ID":259,"LockerID":46,"Phone":"3176745605","PIN":"0621","Active":0,"StartTime":"2025-09-18T17:59:20Z","EndTime":"2025-09-18T23:26:24Z","AmountPaid":0,"OpenBy":"user","LockerCode":"E6"},{"ID":260,"LockerID":31,"Phone":"3204100654","PIN":"2878","Active":0,"StartTime":"2025-09-18T18:25:25Z","EndTime":"2025-09-18T19:19:14Z","AmountPaid":0,"OpenBy":"user","LockerCode":"D1"},{"ID":261,"LockerID":32,"Phone":"3138383463","PIN":"2109","Active":0,"StartTime":"2025-09-18T19:02:29Z","EndTime":"2025-09-18T21:07:16Z","AmountPaid":0,"OpenBy":"user","LockerCode":"D2"},{"ID":262,"LockerID":39,"Phone":"3213189490","PIN":"2894","Active":0,"StartTime":"2025-09-18T20:40:33Z","EndTime":"2025-09-18T21:26:43Z","AmountPaid":0,"OpenBy":"user","LockerCode":"D9"},{"ID":263,"LockerID":29,"Phone":"3057837118","PIN":"9058","Active":0,"StartTime":"2025-09-18T22:21:06Z","EndTime":"2025-09-19T00:11:31Z","AmountPaid":0,"OpenBy":"user","LockerCode":"C9"},{"ID":264,"LockerID":35,"Phone":"3212975231","PIN":"1234","Active":0,"StartTime":"2025-09-18T22:31:49Z","EndTime":"2025-09-19T02:16:07Z","AmountPaid":0,"OpenBy":"user","LockerCode":"D5"},{"ID":265,"LockerID":17,"Phone":"3178569605","PIN":"2002","Active":0,"StartTime":"2025-09-18T22:33:34Z","EndTime":"2025-09-19T00:44:42Z","AmountPaid":0,"OpenBy":"user","LockerCode":"B7"},{"ID":266,"LockerID":58,"Phone":"3115145060","PIN":"1234","Active":0,"StartTime":"2025-09-18T23:37:11Z","EndTime":"2025-09-19T01:30:23Z","AmountPaid":0,"OpenBy":"user","LockerCode":"F8"},{"ID":267,"LockerID":50,"Phone":"3007071532","PIN":"1207","Active":0,"StartTime":"2025-09-18T23:44:11Z","EndTime":"2025-09-19T00:12:36Z","AmountPaid":0,"OpenBy":"user","LockerCode":"E10"},{"ID":268,"LockerID":57,"Phone":"3057835806","PIN":"1234","Active":0,"StartTime":"2025-09-19T03:15:02Z","EndTime":"2025-09-19T03:15:25Z","AmountPaid":0,"OpenBy":"user","LockerCode":"F7"},{"ID":269,"LockerID":13,"Phone":"3104155047","PIN":"2004","Active":0,"StartTime":"2025-09-19T10:52:46Z","EndTime":"2025-09-19T12:28:09Z","AmountPaid":0,"OpenBy":"user","LockerCode":"B3"},{"ID":270,"LockerID":26,"Phone":"3504597488","PIN":"0113","Active":0,"StartTime":"2025-09-19T12:00:55Z","EndTime":"2025-09-20T00:55:49Z","AmountPaid":0,"OpenBy":"user","LockerCode":"C6"},{"ID":271,"LockerID":1,"Phone":"3246831016","PIN":"0625","Active":0,"StartTime":"2025-09-19T12:04:11Z","EndTime":"2025-09-19T13:46:09Z","AmountPaid":0,"OpenBy":"user","LockerCode":"A1"},{"ID":272,"LockerID":52,"Phone":"3004065725","PIN":"2004","Active":0,"StartTime":"2025-09-19T13:09:50Z","EndTime":"2025-09-19T16:02:19Z","AmountPaid":0,"OpenBy":"user","LockerCode":"F2"},{"ID":273,"LockerID":45,"Phone":"3015104560","PIN":"1234","Active":0,"StartTime":"2025-09-19T15:22:32Z","EndTime":"2025-09-19T16:37:27Z","AmountPaid":0,"OpenBy":"user","LockerCode":"E5"},{"ID":274,"LockerID":11,"Phone":"3204889436","PIN":"1414","Active":0,"StartTime":"2025-09-19T16:07:50Z","EndTime":"2025-09-19T16:28:27Z","AmountPaid":0,"OpenBy":"user","LockerCode":"B1"},{"ID":275,"LockerID":19,"Phone":"3214896617","PIN":"0610","Active":0,"StartTime":"2025-09-19T17:38:11Z","EndTime":"2025-09-19T19:10:28Z","AmountPaid":0,"OpenBy":"user","LockerCode":"B9"},{"ID":276,"LockerID":42,"Phone":"3045541334","PIN":"2610","Active":0,"StartTime":"2025-09-19T19:33:14Z","EndTime":"2025-09-19T19:53:04Z","AmountPaid":0,"OpenBy":"user","LockerCode":"E2"},{"ID":277,"LockerID":1,"Phone":"3203098083","PIN":"8083","Active":0,"StartTime":"2025-09-19T19:55:50Z","EndTime":"2025-09-19T21:38:26Z","AmountPaid":0,"OpenBy":"user","LockerCode":"A1"},{"ID":278,"LockerID":43,"Phone":"3017012098","PIN":"1828","Active":0,"StartTime":"2025-09-19T22:10:52Z","EndTime":"2025-09-20T00:47:36Z","AmountPaid":0,"OpenBy":"user","LockerCode":"E3"},{"ID":279,"LockerID":20,"Phone":"3192108235","PIN":"1205","Active":0,"StartTime":"2025-09-19T23:04:43Z","EndTime":"2025-09-20T02:48:00Z","AmountPaid":0,"OpenBy":"user","LockerCode":"B10"},{"ID":280,"LockerID":39,"Phone":"3193333923","PIN":"1406","Active":0,"StartTime":"2025-09-19T23:33:02Z","EndTime":"2025-09-20T01:22:07Z","AmountPaid":0,"OpenBy":"user","LockerCode":"D9"},{"ID":281,"LockerID":48,"Phone":"3153618369","PIN":"1309","Active":0,"StartTime":"2025-09-20T00:10:29Z","EndTime":"2025-09-20T01:05:45Z","AmountPaid":0,"OpenBy":"user","LockerCode":"E8"},{"ID":282,"LockerID":31,"Phone":"3193914343","PIN":"1223","Active":0,"StartTime":"2025-09-20T13:48:09Z","EndTime":"2025-09-20T17:03:41Z","AmountPaid":0,"OpenBy":"user","LockerCode":"D1"},{"ID":283,"LockerID":57,"Phone":"3008821952","PIN":"7811","Active":0,"StartTime":"2025-09-20T14:09:59Z","EndTime":"2025-09-20T17:23:54Z","AmountPaid":0,"OpenBy":"user","LockerCode":"F7"},{"ID":284,"LockerID":56,"Phone":"3114752080","PIN":"2080","Active":0,"StartTime":"2025-09-20T15:26:05Z","EndTime":"2025-09-20T15:26:05Z","AmountPaid":0,"OpenBy":"error","LockerCode":"F6"},{"ID":285,"LockerID":6,"Phone":"3114752080","PIN":"2080","Active":0,"StartTime":"2025-09-20T15:26:07Z","EndTime":"2025-09-20T17:38:01Z","AmountPaid":0,"OpenBy":"user","LockerCode":"A6"},{"ID":286,"LockerID":3,"Phone":"3143727884","PIN":"7920","Active":0,"StartTime":"2025-09-20T16:01:14Z","EndTime":"2025-09-20T16:10:25Z","AmountPaid":0,"OpenBy":"user","LockerCode":"A3"},{"ID":287,"LockerID":19,"Phone":"3138384216","PIN":"1105","Active":0,"StartTime":"2025-09-20T16:11:47Z","EndTime":"2025-09-20T17:37:07Z","AmountPaid":0,"OpenBy":"user","LockerCode":"B9"},{"ID":288,"LockerID":2,"Phone":"3014785461","PIN":"0814","Active":0,"StartTime":"2025-09-20T16:19:31Z","EndTime":"2025-09-20T18:06:08Z","AmountPaid":0,"OpenBy":"user","LockerCode":"A2"},{"ID":289,"LockerID":55,"Phone":"3143427097","PIN":"3949","Active":0,"StartTime":"2025-09-20T19:11:48Z","EndTime":"2025-09-21T00:16:51Z","AmountPaid":0,"OpenBy":"user","LockerCode":"F5"},{"ID":290,"LockerID":30,"Phone":"3214472269","PIN":"9123","Active":0,"StartTime":"2025-09-20T19:12:40Z","EndTime":"2025-09-20T22:25:41Z","AmountPaid":0,"OpenBy":"user","LockerCode":"C10"},{"ID":291,"LockerID":14,"Phone":"3046845349","PIN":"8811","Active":0,"StartTime":"2025-09-20T19:13:56Z","EndTime":"2025-09-21T00:16:20Z","AmountPaid":0,"OpenBy":"user","LockerCode":"B4"},{"ID":292,"LockerID":7,"Phone":"3138880543","PIN":"1675","Active":0,"StartTime":"2025-09-20T19:21:57Z","EndTime":"2025-09-20T19:23:04Z","AmountPaid":0,"OpenBy":"user","LockerCode":"A7"},{"ID":293,"LockerID":23,"Phone":"3138880543","PIN":"1675","Active":0,"StartTime":"2025-09-20T19:23:26Z","EndTime":"2025-09-20T19:23:41Z","AmountPaid":0,"OpenBy":"user","LockerCode":"C3"},{"ID":294,"LockerID":9,"Phone":"3138880543","PIN":"1675","Active":0,"StartTime":"2025-09-20T19:24:41Z","EndTime":"2025-09-20T19:24:49Z","AmountPaid":0,"OpenBy":"user","LockerCode":"A9"},{"ID":295,"LockerID":6,"Phone":"3138880543","PIN":"1675","Active":0,"StartTime":"2025-09-20T19:25:00Z","EndTime":"2025-09-20T19:25:09Z","AmountPaid":0,"OpenBy":"user","LockerCode":"A6"},{"ID":296,"LockerID":31,"Phone":"3138880543","PIN":"1675","Active":0,"StartTime":"2025-09-20T19:25:20Z","EndTime":"2025-09-20T19:25:29Z","AmountPaid":0,"OpenBy":"user","LockerCode":"D1"},{"ID":297,"LockerID":29,"Phone":"3138880543","PIN":"1675","Active":0,"StartTime":"2025-09-20T19:25:42Z","EndTime":"2025-09-20T19:25:51Z","AmountPaid":0,"OpenBy":"user","LockerCode":"C9"},{"ID":298,"LockerID":39,"Phone":"3138880543","PIN":"1675","Active":0,"StartTime":"2025-09-20T19:26:01Z","EndTime":"2025-09-20T19:26:10Z","AmountPaid":0,"OpenBy":"user","LockerCode":"D9"},{"ID":299,"LockerID":40,"Phone":"3138880543","PIN":"1675","Active":0,"StartTime":"2025-09-20T19:26:23Z","EndTime":"2025-09-20T19:26:35Z","AmountPaid":0,"OpenBy":"user","LockerCode":"D10"},{"ID":300,"LockerID":23,"Phone":"3138880543","PIN":"1675","Active":0,"StartTime":"2025-09-20T19:26:48Z","EndTime":"2025-09-20T19:26:57Z","AmountPaid":0,"OpenBy":"user","LockerCode":"C3"},{"ID":301,"LockerID":35,"Phone":"3103386468","PIN":"1191","Active":0,"StartTime":"2025-09-20T19:27:36Z","EndTime":"2025-09-20T19:28:05Z","AmountPaid":0,"OpenBy":"user","LockerCode":"D5"},{"ID":302,"LockerID":59,"Phone":"3138880543","PIN":"1675","Active":0,"StartTime":"2025-09-20T19:28:16Z","EndTime":"2025-09-20T19:28:25Z","AmountPaid":0,"OpenBy":"user","LockerCode":"F9"},{"ID":303,"LockerID":21,"Phone":"3138880543","PIN":"1675","Active":0,"StartTime":"2025-09-20T19:28:35Z","EndTime":"2025-09-20T19:28:44Z","AmountPaid":0,"OpenBy":"user","LockerCode":"C1"},{"ID":304,"LockerID":4,"Phone":"3138880543","PIN":"1675","Active":0,"StartTime":"2025-09-20T19:29:01Z","EndTime":"2025-09-20T19:29:22Z","AmountPaid":0,"OpenBy":"user","LockerCode":"A4"},{"ID":305,"LockerID":16,"Phone":"3138880543","PIN":"1675","Active":0,"StartTime":"2025-09-20T19:29:32Z","EndTime":"2025-09-20T19:29:41Z","AmountPaid":0,"OpenBy":"user","LockerCode":"B6"},{"ID":306,"LockerID":2,"Phone":"3138880543","PIN":"1675","Active":0,"StartTime":"2025-09-20T19:29:52Z","EndTime":"2025-09-20T19:30:02Z","AmountPaid":0,"OpenBy":"user","LockerCode":"A2"},{"ID":307,"LockerID":15,"Phone":"3138880543","PIN":"1675","Active":0,"StartTime":"2025-09-20T19:30:12Z","EndTime":"2025-09-20T19:30:20Z","AmountPaid":0,"OpenBy":"user","LockerCode":"B5"},{"ID":308,"LockerID":16,"Phone":"3138880543","PIN":"1675","Active":0,"StartTime":"2025-09-20T19:30:30Z","EndTime":"2025-09-20T19:30:40Z","AmountPaid":0,"OpenBy":"user","LockerCode":"B6"},{"ID":309,"LockerID":22,"Phone":"3138880543","PIN":"1675","Active":0,"StartTime":"2025-09-20T19:30:49Z","EndTime":"2025-09-20T19:30:59Z","AmountPaid":0,"OpenBy":"user","LockerCode":"C2"},{"ID":310,"LockerID":48,"Phone":"3138880543","PIN":"1675","Active":0,"StartTime":"2025-09-20T19:31:09Z","EndTime":"2025-09-20T19:31:18Z","AmountPaid":0,"OpenBy":"user","LockerCode":"E8"},{"ID":311,"LockerID":32,"Phone":"3138880543","PIN":"1675","Active":0,"StartTime":"2025-09-20T19:31:27Z","EndTime":"2025-09-20T19:31:36Z","AmountPaid":0,"OpenBy":"user","LockerCode":"D2"},{"ID":312,"LockerID":41,"Phone":"3138880543","PIN":"1675","Active":0,"StartTime":"2025-09-20T19:31:46Z","EndTime":"2025-09-20T19:32:03Z","AmountPaid":0,"OpenBy":"user","LockerCode":"E1"},{"ID":313,"LockerID":33,"Phone":"3138880543","PIN":"1675","Active":0,"StartTime":"2025-09-20T19:32:14Z","EndTime":"2025-09-20T19:32:23Z","AmountPaid":0,"OpenBy":"user","LockerCode":"D3"},{"ID":314,"LockerID":59,"Phone":"3138880543","PIN":"1675","Active":0,"StartTime":"2025-09-20T19:32:32Z","EndTime":"2025-09-20T19:33:11Z","AmountPaid":0,"OpenBy":"user","LockerCode":"F9"},{"ID":315,"LockerID":2,"Phone":"3138880543","PIN":"1111","Active":0,"StartTime":"2025-09-20T19:33:23Z","EndTime":"2025-09-20T19:33:34Z","AmountPaid":0,"OpenBy":"user","LockerCode":"A2"},{"ID":316,"LockerID":31,"Phone":"3138880543","PIN":"1111","Active":0,"StartTime":"2025-09-20T19:33:46Z","EndTime":"2025-09-20T19:33:54Z","AmountPaid":0,"OpenBy":"user","LockerCode":"D1"},{"ID":317,"LockerID":41,"Phone":"3138880543","PIN":"1111","Active":0,"StartTime":"2025-09-20T19:34:04Z","EndTime":"2025-09-20T19:34:12Z","AmountPaid":0,"OpenBy":"user","LockerCode":"E1"},{"ID":318,"LockerID":19,"Phone":"3103386468","PIN":"1234","Active":0,"StartTime":"2025-09-20T19:34:33Z","EndTime":"2025-09-20T19:34:47Z","AmountPaid":0,"OpenBy":"user","LockerCode":"B9"},{"ID":319,"LockerID":27,"Phone":"3103386468","PIN":"1234","Active":0,"StartTime":"2025-09-20T19:35:03Z","EndTime":"2025-09-20T19:35:24Z","AmountPaid":0,"OpenBy":"user","LockerCode":"C7"},{"ID":320,"LockerID":19,"Phone":"3103386468","PIN":"1234","Active":0,"StartTime":"2025-09-20T19:35:55Z","EndTime":"2025-09-21T05:06:51Z","AmountPaid":0,"OpenBy":"local","LockerCode":"B9"},{"ID":321,"LockerID":58,"Phone":"3138880543","PIN":"1111","Active":0,"StartTime":"2025-09-20T19:36:51Z","EndTime":"2025-09-20T19:36:59Z","AmountPaid":0,"OpenBy":"user","LockerCode":"F8"},{"ID":322,"LockerID":60,"Phone":"3138880543","PIN":"1111","Active":0,"StartTime":"2025-09-20T19:38:05Z","EndTime":"2025-09-20T19:38:15Z","AmountPaid":0,"OpenBy":"user","LockerCode":"F10"},{"ID":323,"LockerID":33,"Phone":"3123599617","PIN":"0509","Active":0,"StartTime":"2025-09-20T19:40:28Z","EndTime":"2025-09-21T00:16:40Z","AmountPaid":0,"OpenBy":"user","LockerCode":"D3"},{"ID":324,"LockerID":60,"Phone":"3104428832","PIN":"5527","Active":0,"StartTime":"2025-09-20T20:36:10Z","EndTime":"2025-09-21T00:03:05Z","AmountPaid":0,"OpenBy":"user","LockerCode":"F10"},{"ID":325,"LockerID":4,"Phone":"3112957309","PIN":"2528","Active":0,"StartTime":"2025-09-20T20:38:48Z","EndTime":"2025-09-20T22:08:31Z","AmountPaid":0,"OpenBy":"user","LockerCode":"A4"},{"ID":326,"LockerID":16,"Phone":"3214642556","PIN":"1234","Active":0,"StartTime":"2025-09-20T20:39:37Z","EndTime":"2025-09-21T01:13:49Z","AmountPaid":0,"OpenBy":"user","LockerCode":"B6"},{"ID":327,"LockerID":34,"Phone":"3007454431","PIN":"9788","Active":0,"StartTime":"2025-09-20T21:13:20Z","EndTime":"2025-09-21T00:17:03Z","AmountPaid":0,"OpenBy":"user","LockerCode":"D4"},{"ID":328,"LockerID":45,"Phone":"3142828428","PIN":"0106","Active":0,"StartTime":"2025-09-20T21:27:01Z","EndTime":"2025-09-20T23:42:28Z","AmountPaid":0,"OpenBy":"user","LockerCode":"E5"},{"ID":329,"LockerID":20,"Phone":"3204476276","PIN":"8013","Active":0,"StartTime":"2025-09-20T21:36:09Z","EndTime":"2025-09-20T23:53:24Z","AmountPaid":0,"OpenBy":"user","LockerCode":"B10"},{"ID":330,"LockerID":50,"Phone":"3218107687","PIN":"1028","Active":0,"StartTime":"2025-09-20T22:09:23Z","EndTime":"2025-09-20T23:27:51Z","AmountPaid":0,"OpenBy":"user","LockerCode":"E10"},{"ID":331,"LockerID":59,"Phone":"3126785710","PIN":"4235","Active":0,"StartTime":"2025-09-20T22:44:06Z","EndTime":"2025-09-20T23:29:09Z","AmountPaid":0,"OpenBy":"user","LockerCode":"F9"},{"ID":332,"LockerID":53,"Phone":"3143342807","PIN":"2807","Active":0,"StartTime":"2025-09-20T22:48:54Z","EndTime":"2025-09-21T00:50:24Z","AmountPaid":0,"OpenBy":"user","LockerCode":"F3"},{"ID":333,"LockerID":44,"Phone":"3229464314","PIN":"1607","Active":0,"StartTime":"2025-09-20T22:50:47Z","EndTime":"2025-09-21T01:07:08Z","AmountPaid":0,"OpenBy":"user","LockerCode":"E4"},{"ID":334,"LockerID":32,"Phone":"3132217166","PIN":"1234","Active":0,"StartTime":"2025-09-20T22:56:12Z","EndTime":"2025-09-21T00:36:00Z","AmountPaid":0,"OpenBy":"user","LockerCode":"D2"},{"ID":335,"LockerID":7,"Phone":"3138624997","PIN":"2593","Active":0,"StartTime":"2025-09-20T23:16:10Z","EndTime":"2025-09-21T00:58:57Z","AmountPaid":0,"OpenBy":"user","LockerCode":"A7"},{"ID":336,"LockerID":10,"Phone":"3147994036","PIN":"1207","Active":0,"StartTime":"2025-09-20T23:31:38Z","EndTime":"2025-09-21T01:44:37Z","AmountPaid":0,"OpenBy":"user","LockerCode":"A10"},{"ID":337,"LockerID":8,"Phone":"3115993860","PIN":"1890","Active":0,"StartTime":"2025-09-20T23:33:41Z","EndTime":"2025-09-21T01:14:07Z","AmountPaid":0,"OpenBy":"user","LockerCode":"A8"},{"ID":338,"LockerID":37,"Phone":"3134066428","PIN":"2586","Active":0,"StartTime":"2025-09-21T00:09:06Z","EndTime":"2025-09-21T03:41:45Z","AmountPaid":0,"OpenBy":"user","LockerCode":"D7"},{"ID":339,"LockerID":20,"Phone":"3057513774","PIN":"1826","Active":0,"StartTime":"2025-09-21T00:10:00Z","EndTime":"2025-09-21T00:43:01Z","AmountPaid":0,"OpenBy":"user","LockerCode":"B10"},{"ID":340,"LockerID":23,"Phone":"3173827664","PIN":"1601","Active":0,"StartTime":"2025-09-21T00:11:14Z","EndTime":"2025-09-21T00:43:22Z","AmountPaid":0,"OpenBy":"user","LockerCode":"C3"},{"ID":341,"LockerID":32,"Phone":"3002582740","PIN":"1982","Active":0,"StartTime":"2025-09-21T00:38:27Z","EndTime":"2025-09-21T00:48:54Z","AmountPaid":0,"OpenBy":"user","LockerCode":"D2"},{"ID":342,"LockerID":19,"Phone":"3186633522","PIN":"0723","Active":0,"StartTime":"2025-09-21T12:24:28Z","EndTime":"2025-09-21T12:25:11Z","AmountPaid":0,"OpenBy":"user","LockerCode":"B9"},{"ID":343,"LockerID":55,"Phone":"3124731993","PIN":"1234","Active":0,"StartTime":"2025-09-21T16:05:38Z","EndTime":"2025-09-21T18:49:23Z","AmountPaid":0,"OpenBy":"user","LockerCode":"F5"},{"ID":344,"LockerID":18,"Phone":"3112217515","PIN":"1987","Active":0,"StartTime":"2025-09-21T16:15:26Z","EndTime":"2025-09-21T17:31:29Z","AmountPaid":0,"OpenBy":"user","LockerCode":"B8"},{"ID":345,"LockerID":20,"Phone":"3102554275","PIN":"0130","Active":0,"StartTime":"2025-09-21T16:56:07Z","EndTime":"2025-09-21T18:43:19Z","AmountPaid":0,"OpenBy":"user","LockerCode":"B10"},{"ID":346,"LockerID":47,"Phone":"3214016543","PIN":"9910","Active":0,"StartTime":"2025-09-21T17:35:17Z","EndTime":"2025-09-21T18:22:48Z","AmountPaid":0,"OpenBy":"user","LockerCode":"E7"},{"ID":347,"LockerID":3,"Phone":"3183904738","PIN":"5252","Active":0,"StartTime":"2025-09-21T17:51:32Z","EndTime":"2025-09-21T23:02:23Z","AmountPaid":0,"OpenBy":"user","LockerCode":"A3"},{"ID":348,"LockerID":54,"Phone":"3043407935","PIN":"2407","Active":0,"StartTime":"2025-09-21T17:58:21Z","EndTime":"2025-09-21T21:45:39Z","AmountPaid":0,"OpenBy":"user","LockerCode":"F4"},{"ID":349,"LockerID":23,"Phone":"3124163601","PIN":"1032","Active":0,"StartTime":"2025-09-21T18:11:27Z","EndTime":"2025-09-21T18:12:30Z","AmountPaid":0,"OpenBy":"user","LockerCode":"C3"},{"ID":350,"LockerID":6,"Phone":"3043763906","PIN":"7528","Active":0,"StartTime":"2025-09-21T18:13:49Z","EndTime":"2025-09-22T00:58:48Z","AmountPaid":0,"OpenBy":"user","LockerCode":"A6"},{"ID":351,"LockerID":52,"Phone":"3128841568","PIN":"2105","Active":0,"StartTime":"2025-09-21T18:24:03Z","EndTime":"2025-09-21T19:06:06Z","AmountPaid":0,"OpenBy":"user","LockerCode":"F2"},{"ID":352,"LockerID":8,"Phone":"3148740333","PIN":"1234","Active":0,"StartTime":"2025-09-21T18:44:45Z","EndTime":"2025-09-21T21:43:25Z","AmountPaid":0,"OpenBy":"user","LockerCode":"A8"},{"ID":353,"LockerID":7,"Phone":"3225840125","PIN":"0208","Active":0,"StartTime":"2025-09-21T18:48:16Z","EndTime":"2025-09-21T20:18:29Z","AmountPaid":0,"OpenBy":"user","LockerCode":"A7"},{"ID":354,"LockerID":27,"Phone":"3195123227","PIN":"8297","Active":0,"StartTime":"2025-09-21T19:00:04Z","EndTime":"2025-09-21T20:58:01Z","AmountPaid":0,"OpenBy":"user","LockerCode":"C7"},{"ID":355,"LockerID":58,"Phone":"3158850370","PIN":"1303","Active":0,"StartTime":"2025-09-21T19:08:11Z","EndTime":"2025-09-21T22:19:23Z","AmountPaid":0,"OpenBy":"user","LockerCode":"F8"},{"ID":356,"LockerID":13,"Phone":"3135481458","PIN":"2580","Active":0,"StartTime":"2025-09-21T19:08:42Z","EndTime":"2025-09-21T22:19:44Z","AmountPaid":0,"OpenBy":"user","LockerCode":"B3"},{"ID":357,"LockerID":16,"Phone":"3138546563","PIN":"0309","Active":0,"StartTime":"2025-09-21T19:09:29Z","EndTime":"2025-09-21T22:20:13Z","AmountPaid":0,"OpenBy":"user","LockerCode":"B6"},{"ID":358,"LockerID":50,"Phone":"3106134814","PIN":"1999","Active":0,"StartTime":"2025-09-21T19:10:09Z","EndTime":"2025-09-21T22:19:59Z","AmountPaid":0,"OpenBy":"user","LockerCode":"E10"},{"ID":359,"LockerID":41,"Phone":"3216928206","PIN":"2108","Active":0,"StartTime":"2025-09-21T19:22:39Z","EndTime":"2025-09-21T22:34:04Z","AmountPaid":0,"OpenBy":"user","LockerCode":"E1"},{"ID":360,"LockerID":59,"Phone":"3124313518","PIN":"2580","Active":0,"StartTime":"2025-09-21T19:39:53Z","EndTime":"2025-09-21T22:30:11Z","AmountPaid":0,"OpenBy":"user","LockerCode":"F9"},{"ID":361,"LockerID":24,"Phone":"3502400905","PIN":"1425","Active":0,"StartTime":"2025-09-21T20:19:49Z","EndTime":"2025-09-21T23:09:50Z","AmountPaid":0,"OpenBy":"user","LockerCode":"C4"},{"ID":362,"LockerID":22,"Phone":"3004841158","PIN":"5182","Active":0,"StartTime":"2025-09-21T20:53:59Z","EndTime":"2025-09-22T00:33:16Z","AmountPaid":0,"OpenBy":"user","LockerCode":"C2"},{"ID":363,"LockerID":12,"Phone":"3195112518","PIN":"1808","Active":0,"StartTime":"2025-09-21T21:19:02Z","EndTime":"2025-09-21T22:46:38Z","AmountPaid":0,"OpenBy":"user","LockerCode":"B2"},{"ID":364,"LockerID":58,"Phone":"3124140739","PIN":"2009","Active":0,"StartTime":"2025-09-22T11:11:34Z","EndTime":"2025-09-22T17:21:33Z","AmountPaid":0,"OpenBy":"user","LockerCode":"F8"},{"ID":365,"LockerID":39,"Phone":"3024042185","PIN":"1202","Active":0,"StartTime":"2025-09-22T12:00:36Z","EndTime":"2025-09-22T21:38:18Z","AmountPaid":0,"OpenBy":"user","LockerCode":"D9"},{"ID":366,"LockerID":22,"Phone":"3504597488","PIN":"0113","Active":0,"StartTime":"2025-09-22T12:06:37Z","EndTime":"2025-09-23T00:10:01Z","AmountPaid":0,"OpenBy":"user","LockerCode":"C2"},{"ID":367,"LockerID":44,"Phone":"3165287743","PIN":"9003","Active":0,"StartTime":"2025-09-22T12:24:44Z","EndTime":"2025-09-22T13:28:15Z","AmountPaid":0,"OpenBy":"user","LockerCode":"E4"},{"ID":368,"LockerID":26,"Phone":"3102957990","PIN":"3114","Active":0,"StartTime":"2025-09-22T12:59:01Z","EndTime":"2025-09-22T14:04:44Z","AmountPaid":0,"OpenBy":"user","LockerCode":"C6"},{"ID":369,"LockerID":2,"Phone":"3112645553","PIN":"4758","Active":0,"StartTime":"2025-09-22T13:19:37Z","EndTime":"2025-09-22T15:49:50Z","AmountPaid":0,"OpenBy":"user","LockerCode":"A2"},{"ID":370,"LockerID":1,"Phone":"3105525240","PIN":"0171","Active":0,"StartTime":"2025-09-22T13:34:50Z","EndTime":"2025-09-22T18:13:17Z","AmountPaid":0,"OpenBy":"user","LockerCode":"A1"},{"ID":371,"LockerID":3,"Phone":"3213741900","PIN":"8010","Active":0,"StartTime":"2025-09-22T17:10:47Z","EndTime":"2025-09-22T17:25:36Z","AmountPaid":0,"OpenBy":"user","LockerCode":"A3"},{"ID":372,"LockerID":9,"Phone":"3103386927","PIN":"1221","Active":0,"StartTime":"2025-09-22T18:15:07Z","EndTime":"2025-09-22T19:41:12Z","AmountPaid":0,"OpenBy":"user","LockerCode":"A9"},{"ID":373,"LockerID":36,"Phone":"3144164969","PIN":"2213","Active":0,"StartTime":"2025-09-22T18:44:53Z","EndTime":"2025-09-22T19:22:11Z","AmountPaid":0,"OpenBy":"user","LockerCode":"D6"},{"ID":374,"LockerID":17,"Phone":"3002053964","PIN":"1728","Active":0,"StartTime":"2025-09-22T18:59:08Z","EndTime":"2025-09-22T21:09:05Z","AmountPaid":0,"OpenBy":"user","LockerCode":"B7"},{"ID":375,"LockerID":11,"Phone":"3125558465","PIN":"1234","Active":0,"StartTime":"2025-09-22T19:55:15Z","EndTime":"2025-09-22T19:59:11Z","AmountPaid":0,"OpenBy":"user","LockerCode":"B1"},{"ID":376,"LockerID":54,"Phone":"3125558465","PIN":"1234","Active":0,"StartTime":"2025-09-22T19:59:33Z","EndTime":"2025-09-22T22:32:42Z","AmountPaid":0,"OpenBy":"user","LockerCode":"F4"},{"ID":377,"LockerID":19,"Phone":"3005961971","PIN":"2203","Active":0,"StartTime":"2025-09-22T20:55:42Z","EndTime":"2025-09-22T22:37:57Z","AmountPaid":0,"OpenBy":"user","LockerCode":"B9"},{"ID":378,"LockerID":31,"Phone":"3193397185","PIN":"1234","Active":0,"StartTime":"2025-09-22T22:28:58Z","EndTime":"2025-09-24T05:42:41Z","AmountPaid":0,"OpenBy":"local","LockerCode":"D1"},{"ID":379,"LockerID":41,"Phone":"3186633522","PIN":"1111","Active":0,"StartTime":"2025-09-22T22:32:15Z","EndTime":"2025-09-22T22:33:11Z","AmountPaid":0,"OpenBy":"user","LockerCode":"E1"},{"ID":380,"LockerID":8,"Phone":"3219960763","PIN":"0852","Active":0,"StartTime":"2025-09-22T22:35:12Z","EndTime":"2025-09-23T00:34:14Z","AmountPaid":0,"OpenBy":"user","LockerCode":"A8"},{"ID":381,"LockerID":43,"Phone":"3192787610","PIN":"2126","Active":0,"StartTime":"2025-09-23T00:37:58Z","EndTime":"2025-09-23T01:33:20Z","AmountPaid":0,"OpenBy":"user","LockerCode":"E3"},{"ID":382,"LockerID":24,"Phone":"3202741532","PIN":"2868","Active":0,"StartTime":"2025-09-23T10:16:05Z","EndTime":"2025-09-23T16:15:17Z","AmountPaid":0,"OpenBy":"user","LockerCode":"C4"},{"ID":383,"LockerID":57,"Phone":"3504597488","PIN":"0113","Active":0,"StartTime":"2025-09-23T11:59:10Z","EndTime":"2025-09-24T01:04:46Z","AmountPaid":0,"OpenBy":"user","LockerCode":"F7"},{"ID":384,"LockerID":1,"Phone":"3159275798","PIN":"5689","Active":0,"StartTime":"2025-09-23T12:15:49Z","EndTime":"2025-09-23T13:39:14Z","AmountPaid":0,"OpenBy":"user","LockerCode":"A1"},{"ID":385,"LockerID":59,"Phone":"3102625226","PIN":"5922","Active":0,"StartTime":"2025-09-23T12:39:45Z","EndTime":"2025-09-23T13:14:11Z","AmountPaid":0,"OpenBy":"user","LockerCode":"F9"},{"ID":386,"LockerID":44,"Phone":"3107586738","PIN":"3513","Active":0,"StartTime":"2025-09-23T14:58:13Z","EndTime":"2025-09-23T18:44:03Z","AmountPaid":0,"OpenBy":"user","LockerCode":"E4"},{"ID":387,"LockerID":34,"Phone":"3105871683","PIN":"3513","Active":0,"StartTime":"2025-09-23T14:59:24Z","EndTime":"2025-09-23T18:43:44Z","AmountPaid":0,"OpenBy":"user","LockerCode":"D4"},{"ID":388,"LockerID":47,"Phone":"3158542886","PIN":"1357","Active":0,"StartTime":"2025-09-23T15:04:56Z","EndTime":"2025-09-23T16:59:38Z","AmountPaid":0,"OpenBy":"user","LockerCode":"E7"},{"ID":389,"LockerID":6,"Phone":"3024042185","PIN":"1202","Active":0,"StartTime":"2025-09-23T15:29:40Z","EndTime":"2025-09-24T01:14:20Z","AmountPaid":0,"OpenBy":"user","LockerCode":"A6"},{"ID":390,"LockerID":29,"Phone":"3002066278","PIN":"7502","Active":0,"StartTime":"2025-09-23T17:51:35Z","EndTime":"2025-09-23T19:01:41Z","AmountPaid":0,"OpenBy":"user","LockerCode":"C9"},{"ID":391,"LockerID":43,"Phone":"3143081499","PIN":"1379","Active":0,"StartTime":"2025-09-23T18:29:35Z","EndTime":"2025-09-23T19:49:39Z","AmountPaid":0,"OpenBy":"user","LockerCode":"E3"},{"ID":392,"LockerID":10,"Phone":"3202741532","PIN":"2868","Active":0,"StartTime":"2025-09-23T19:00:10Z","EndTime":"2025-09-23T20:34:14Z","AmountPaid":0,"OpenBy":"user","LockerCode":"A10"},{"ID":393,"LockerID":49,"Phone":"3007752554","PIN":"1327","Active":0,"StartTime":"2025-09-23T21:01:28Z","EndTime":"2025-09-23T23:14:41Z","AmountPaid":0,"OpenBy":"user","LockerCode":"E9"},{"ID":394,"LockerID":5,"Phone":"3224090792","PIN":"2022","Active":0,"StartTime":"2025-09-23T22:01:04Z","EndTime":"2025-09-24T05:42:10Z","AmountPaid":0,"OpenBy":"local","LockerCode":"A5"},{"ID":395,"LockerID":29,"Phone":"3194275493","PIN":"1210","Active":0,"StartTime":"2025-09-23T22:42:18Z","EndTime":"2025-09-24T05:42:30Z","AmountPaid":0,"OpenBy":"local","LockerCode":"C9"},{"ID":396,"LockerID":59,"Phone":"3209331546","PIN":"2604","Active":0,"StartTime":"2025-09-23T22:51:00Z","EndTime":"2025-09-24T00:29:54Z","AmountPaid":0,"OpenBy":"user","LockerCode":"F9"},{"ID":397,"LockerID":21,"Phone":"3127933034","PIN":"3898","Active":0,"StartTime":"2025-09-23T22:53:47Z","EndTime":"2025-09-24T05:42:30Z","AmountPaid":0,"OpenBy":"local","LockerCode":"C1"},{"ID":398,"LockerID":8,"Phone":"3233955800","PIN":"1244","Active":0,"StartTime":"2025-09-23T22:55:55Z","EndTime":"2025-09-24T05:42:11Z","AmountPaid":0,"OpenBy":"local","LockerCode":"A8"},{"ID":399,"LockerID":44,"Phone":"3103137608","PIN":"7586","Active":0,"StartTime":"2025-09-23T23:12:52Z","EndTime":"2025-09-23T23:26:45Z","AmountPaid":0,"OpenBy":"user","LockerCode":"E4"},{"ID":400,"LockerID":47,"Phone":"3001528413","PIN":"0731","Active":0,"StartTime":"2025-09-23T23:46:13Z","EndTime":"2025-09-23T23:47:48Z","AmountPaid":0,"OpenBy":"user","LockerCode":"E7"},{"ID":401,"LockerID":4,"Phone":"3001528413","PIN":"0731","Active":0,"StartTime":"2025-09-23T23:48:07Z","EndTime":"2025-09-24T05:42:09Z","AmountPaid":0,"OpenBy":"local","LockerCode":"A4"},{"ID":402,"LockerID":53,"Phone":"3192787610","PIN":"2126","Active":0,"StartTime":"2025-09-23T23:49:50Z","EndTime":"2025-09-24T00:16:01Z","AmountPaid":0,"OpenBy":"user","LockerCode":"F3"},{"ID":403,"LockerID":55,"Phone":"3041358015","PIN":"1234","Active":0,"StartTime":"2025-09-24T01:30:53Z","EndTime":"2025-09-24T01:31:28Z","AmountPaid":0,"OpenBy":"user","LockerCode":"F5"},{"ID":404,"LockerID":28,"Phone":"3202019312","PIN":"1234","Active":0,"StartTime":"2025-09-24T04:57:29Z","EndTime":"2025-09-24T04:58:04Z","AmountPaid":1500,"OpenBy":"user","LockerCode":"C8"},{"ID":405,"LockerID":12,"Phone":"3202019312","PIN":"1234","Active":0,"StartTime":"2025-09-24T04:58:31Z","EndTime":"2025-09-24T05:14:35Z","AmountPaid":1500,"OpenBy":"user","LockerCode":"B2"},{"ID":406,"LockerID":50,"Phone":"3128905388","PIN":"1234","Active":0,"StartTime":"2025-09-24T05:00:59Z","EndTime":"2025-09-24T05:01:13Z","AmountPaid":1500,"OpenBy":"user","LockerCode":"E10"},{"ID":407,"LockerID":32,"Phone":"3202019312","PIN":"1234","Active":0,"StartTime":"2025-09-24T05:15:07Z","EndTime":"2025-09-24T05:15:48Z","AmountPaid":1500,"OpenBy":"user","LockerCode":"D2"},{"ID":408,"LockerID":13,"Phone":"3041358015","PIN":"1234","Active":0,"StartTime":"2025-09-24T05:16:53Z","EndTime":"2025-09-24T05:17:18Z","AmountPaid":1800,"OpenBy":"user","LockerCode":"B3"},{"ID":409,"LockerID":18,"Phone":"3128905388","PIN":"1425","Active":0,"StartTime":"2025-09-24T05:18:27Z","EndTime":"2025-09-24T05:18:48Z","AmountPaid":1500,"OpenBy":"user","LockerCode":"B8"},{"ID":410,"LockerID":37,"Phone":"3128905388","PIN":"7896","Active":0,"StartTime":"2025-09-24T05:19:37Z","EndTime":"2025-09-24T05:20:03Z","AmountPaid":1500,"OpenBy":"user","LockerCode":"D7"},{"ID":411,"LockerID":27,"Phone":"3128905388","PIN":"1234","Active":0,"StartTime":"2025-09-24T05:21:30Z","EndTime":"2025-09-24T05:23:52Z","AmountPaid":2400,"OpenBy":"user","LockerCode":"C7"},{"ID":412,"LockerID":42,"Phone":"3202019312","PIN":"1234","Active":0,"StartTime":"2025-09-24T05:23:01Z","EndTime":"2025-09-24T05:29:21Z","AmountPaid":1500,"OpenBy":"user","LockerCode":"E2"},{"ID":413,"LockerID":7,"Phone":"3128905388","PIN":"1234","Active":0,"StartTime":"2025-09-24T05:24:48Z","EndTime":"2025-09-24T05:25:46Z","AmountPaid":1700,"OpenBy":"user","LockerCode":"A7"},{"ID":414,"LockerID":48,"Phone":"3202019312","PIN":"1234","Active":0,"StartTime":"2025-09-24T05:33:19Z","EndTime":"2025-09-24T05:42:51Z","AmountPaid":1500,"OpenBy":"local","LockerCode":"E8"},{"ID":415,"LockerID":31,"Phone":"3504597488","PIN":"0113","Active":0,"StartTime":"2025-09-24T10:44:05Z","EndTime":"2025-09-25T00:01:43Z","AmountPaid":1500,"OpenBy":"user","LockerCode":"D1"},{"ID":416,"LockerID":22,"Phone":"3122573462","PIN":"1999","Active":0,"StartTime":"2025-09-24T12:46:10Z","EndTime":"2025-09-24T16:54:38Z","AmountPaid":1500,"OpenBy":"user","LockerCode":"C2"},{"ID":417,"LockerID":46,"Phone":"3213873465","PIN":"1203","Active":0,"StartTime":"2025-09-24T13:35:30Z","EndTime":"2025-09-24T16:35:24Z","AmountPaid":1500,"OpenBy":"user","LockerCode":"E6"},{"ID":418,"LockerID":45,"Phone":"3023500134","PIN":"0000","Active":0,"StartTime":"2025-09-24T15:49:53Z","EndTime":"2025-09-24T16:44:21Z","AmountPaid":1500,"OpenBy":"user","LockerCode":"E5"},{"ID":419,"LockerID":43,"Phone":"3105813288","PIN":"1528","Active":0,"StartTime":"2025-09-24T17:53:56Z","EndTime":"2025-09-25T02:19:02Z","AmountPaid":1500,"OpenBy":"user","LockerCode":"E3"},{"ID":420,"LockerID":30,"Phone":"3002404577","PIN":"8825","Active":0,"StartTime":"2025-09-24T18:41:59Z","EndTime":"2025-09-24T22:22:12Z","AmountPaid":1500,"OpenBy":"user","LockerCode":"C10"},{"ID":421,"LockerID":35,"Phone":"3507694643","PIN":"1628","Active":0,"StartTime":"2025-09-24T19:14:40Z","EndTime":"2025-09-24T20:52:41Z","AmountPaid":1500,"OpenBy":"user","LockerCode":"D5"},{"ID":422,"LockerID":54,"Phone":"3017360186","PIN":"2214","Active":0,"StartTime":"2025-09-24T19:17:30Z","EndTime":"2025-09-24T20:52:27Z","AmountPaid":1700,"OpenBy":"user","LockerCode":"F4"},{"ID":423,"LockerID":26,"Phone":"3118309326","PIN":"1234","Active":0,"StartTime":"2025-09-24T21:19:48Z","EndTime":"2025-09-24T22:48:18Z","AmountPaid":1500,"OpenBy":"user","LockerCode":"C6"},{"ID":424,"LockerID":34,"Phone":"3103555861","PIN":"2211","Active":0,"StartTime":"2025-09-24T21:36:33Z","EndTime":"2025-09-24T23:15:29Z","AmountPaid":1500,"OpenBy":"user","LockerCode":"D4"},{"ID":425,"LockerID":5,"Phone":"3105391122","PIN":"4581","Active":0,"StartTime":"2025-09-24T22:21:50Z","EndTime":"2025-09-24T23:26:48Z","AmountPaid":1500,"OpenBy":"user","LockerCode":"A5"},{"ID":426,"LockerID":50,"Phone":"3233229744","PIN":"1013","Active":0,"StartTime":"2025-09-24T23:35:29Z","EndTime":"2025-09-25T01:14:09Z","AmountPaid":1500,"OpenBy":"user","LockerCode":"E10"},{"ID":427,"LockerID":58,"Phone":"3134105373","PIN":"0324","Active":0,"StartTime":"2025-09-24T23:36:47Z","EndTime":"2025-09-25T01:14:48Z","AmountPaid":1500,"OpenBy":"user","LockerCode":"F8"},{"ID":428,"LockerID":19,"Phone":"3208703214","PIN":"2126","Active":0,"StartTime":"2025-09-25T00:00:13Z","EndTime":"2025-09-25T01:59:55Z","AmountPaid":1500,"OpenBy":"user","LockerCode":"B9"},{"ID":429,"LockerID":50,"Phone":"3102869627","PIN":"0927","Active":0,"StartTime":"2025-09-25T12:00:10Z","EndTime":"2025-09-25T12:52:34Z","AmountPaid":1500,"OpenBy":"user","LockerCode":"E10"},{"ID":430,"LockerID":57,"Phone":"3212868767","PIN":"7018","Active":1,"StartTime":"2025-09-25T13:26:28Z","EndTime":null,"AmountPaid":1500,"OpenBy":"user","LockerCode":"F7"},{"ID":431,"LockerID":1,"Phone":"3133280097","PIN":"0531","Active":0,"StartTime":"2025-09-25T15:09:16Z","EndTime":"2025-09-25T15:33:31Z","AmountPaid":1500,"OpenBy":"user","LockerCode":"A1"},{"ID":432,"LockerID":11,"Phone":"3135870172","PIN":"2109","Active":0,"StartTime":"2025-09-25T16:47:44Z","EndTime":"2025-09-25T17:46:19Z","AmountPaid":1500,"OpenBy":"user","LockerCode":"B1"},{"ID":433,"LockerID":28,"Phone":"3124719325","PIN":"0206","Active":0,"StartTime":"2025-09-25T16:55:31Z","EndTime":"2025-09-25T18:15:57Z","AmountPaid":1500,"OpenBy":"user","LockerCode":"C8"},{"ID":434,"LockerID":24,"Phone":"3123970553","PIN":"6423","Active":1,"StartTime":"2025-09-25T17:29:55Z","EndTime":null,"AmountPaid":1500,"OpenBy":"user","LockerCode":"C4"},{"ID":435,"LockerID":46,"Phone":"3023672072","PIN":"2005","Active":1,"StartTime":"2025-09-25T18:29:27Z","EndTime":null,"AmountPaid":1500,"OpenBy":"user","LockerCode":"E6"},{"ID":436,"LockerID":22,"Phone":"3222111111","PIN":"0000","Active":0,"StartTime":"2025-09-25T18:57:22Z","EndTime":"2025-09-25T18:57:22Z","AmountPaid":1500,"OpenBy":"user","LockerCode":"C2"},{"ID":437,"LockerID":39,"Phone":"3222111111","PIN":"0000","Active":0,"StartTime":"2025-09-25T18:57:23Z","EndTime":"2025-09-25T18:57:24Z","AmountPaid":1500,"OpenBy":"user","LockerCode":"D9"},{"ID":438,"LockerID":59,"Phone":"3222111111","PIN":"0000","Active":0,"StartTime":"2025-09-25T18:57:25Z","EndTime":"2025-09-25T18:57:25Z","AmountPaid":1500,"OpenBy":"user","LockerCode":"F9"},{"ID":439,"LockerID":6,"Phone":"3222111111","PIN":"0000","Active":0,"StartTime":"2025-09-25T18:57:27Z","EndTime":"2025-09-25T18:57:27Z","AmountPaid":1500,"OpenBy":"user","LockerCode":"A6"},{"ID":440,"LockerID":3,"Phone":"3321321321","PIN":"0000","Active":0,"StartTime":"2025-09-25T19:25:41Z","EndTime":"2025-09-25T19:25:41Z","AmountPaid":1500,"OpenBy":"user","LockerCode":"A3"},{"ID":441,"LockerID":30,"Phone":"3321321321","PIN":"0000","Active":0,"StartTime":"2025-09-25T19:25:43Z","EndTime":"2025-09-25T19:25:43Z","AmountPaid":1500,"OpenBy":"user","LockerCode":"C10"},{"ID":442,"LockerID":15,"Phone":"3321321321","PIN":"0000","Active":0,"StartTime":"2025-09-25T19:25:44Z","EndTime":"2025-09-25T19:25:45Z","AmountPaid":1500,"OpenBy":"user","LockerCode":"B5"},{"ID":443,"LockerID":31,"Phone":"3321321321","PIN":"0000","Active":0,"StartTime":"2025-09-25T19:25:46Z","EndTime":"2025-09-25T19:25:46Z","AmountPaid":1500,"OpenBy":"user","LockerCode":"D1"},{"ID":444,"LockerID":33,"Phone":"3321321321","PIN":"0000","Active":0,"StartTime":"2025-09-25T19:25:47Z","EndTime":"2025-09-25T19:25:48Z","AmountPaid":1500,"OpenBy":"user","LockerCode":"D3"},{"ID":445,"LockerID":55,"Phone":"3666999900","PIN":"0000","Active":0,"StartTime":"2025-09-25T19:28:29Z","EndTime":"2025-09-25T19:28:29Z","AmountPaid":1500,"OpenBy":"user","LockerCode":"F5"},{"ID":446,"LockerID":32,"Phone":"3666999900","PIN":"0000","Active":0,"StartTime":"2025-09-25T19:28:30Z","EndTime":"2025-09-25T19:28:31Z","AmountPaid":1500,"OpenBy":"user","LockerCode":"D2"},{"ID":447,"LockerID":29,"Phone":"3666999900","PIN":"0000","Active":0,"StartTime":"2025-09-25T19:28:32Z","EndTime":"2025-09-25T19:28:32Z","AmountPaid":1500,"OpenBy":"user","LockerCode":"C9"},{"ID":448,"LockerID":10,"Phone":"3666999900","PIN":"0000","Active":0,"StartTime":"2025-09-25T19:28:33Z","EndTime":"2025-09-25T19:28:34Z","AmountPaid":1500,"OpenBy":"user","LockerCode":"A10"},{"ID":449,"LockerID":48,"Phone":"3666999900","PIN":"0000","Active":0,"StartTime":"2025-09-25T19:28:35Z","EndTime":"2025-09-25T19:28:35Z","AmountPaid":1500,"OpenBy":"user","LockerCode":"E8"},{"ID":450,"LockerID":1,"Phone":"3256999999","PIN":"0000","Active":0,"StartTime":"2025-09-25T20:42:03Z","EndTime":"2025-09-25T20:42:04Z","AmountPaid":1500,"OpenBy":"user","LockerCode":"A1"},{"ID":451,"LockerID":54,"Phone":"3256999999","PIN":"0000","Active":0,"StartTime":"2025-09-25T20:42:05Z","EndTime":"2025-09-25T20:42:06Z","AmountPaid":1500,"OpenBy":"user","LockerCode":"F4"},{"ID":452,"LockerID":42,"Phone":"3256999999","PIN":"0000","Active":0,"StartTime":"2025-09-25T20:42:07Z","EndTime":"2025-09-25T20:42:07Z","AmountPaid":1500,"OpenBy":"user","LockerCode":"E2"},{"ID":453,"LockerID":53,"Phone":"3256999999","PIN":"0000","Active":0,"StartTime":"2025-09-25T20:42:08Z","EndTime":"2025-09-25T20:42:09Z","AmountPaid":1500,"OpenBy":"user","LockerCode":"F3"},{"ID":454,"LockerID":27,"Phone":"3256999999","PIN":"0000","Active":0,"StartTime":"2025-09-25T20:42:10Z","EndTime":"2025-09-25T20:42:10Z","AmountPaid":1500,"OpenBy":"user","LockerCode":"C7"},{"ID":455,"LockerID":28,"Phone":"3256999999","PIN":"0000","Active":0,"StartTime":"2025-09-25T20:43:23Z","EndTime":"2025-09-25T20:43:24Z","AmountPaid":1500,"OpenBy":"user","LockerCode":"C8"},{"ID":456,"LockerID":43,"Phone":"3256999999","PIN":"0000","Active":0,"StartTime":"2025-09-25T20:43:25Z","EndTime":"2025-09-25T20:43:26Z","AmountPaid":1500,"OpenBy":"user","LockerCode":"E3"},{"ID":457,"LockerID":25,"Phone":"3256999999","PIN":"0000","Active":0,"StartTime":"2025-09-25T20:43:27Z","EndTime":"2025-09-25T20:43:27Z","AmountPaid":1500,"OpenBy":"user","LockerCode":"C5"},{"ID":458,"LockerID":2,"Phone":"3256999999","PIN":"0000","Active":0,"StartTime":"2025-09-25T20:43:28Z","EndTime":"2025-09-25T20:43:29Z","AmountPaid":1500,"OpenBy":"user","LockerCode":"A2"},{"ID":459,"LockerID":49,"Phone":"3256999999","PIN":"0000","Active":0,"StartTime":"2025-09-25T20:43:30Z","EndTime":"2025-09-25T20:43:30Z","AmountPaid":1500,"OpenBy":"user","LockerCode":"E9"},{"ID":460,"LockerID":35,"Phone":"3256922111","PIN":"0000","Active":0,"StartTime":"2025-09-25T20:44:11Z","EndTime":"2025-09-25T20:44:12Z","AmountPaid":1500,"OpenBy":"user","LockerCode":"D5"},{"ID":461,"LockerID":23,"Phone":"3256922111","PIN":"0000","Active":0,"StartTime":"2025-09-25T20:44:13Z","EndTime":"2025-09-25T20:44:13Z","AmountPaid":1500,"OpenBy":"user","LockerCode":"C3"},{"ID":462,"LockerID":37,"Phone":"3256922111","PIN":"0000","Active":0,"StartTime":"2025-09-25T20:44:15Z","EndTime":"2025-09-25T20:44:15Z","AmountPaid":1500,"OpenBy":"user","LockerCode":"D7"},{"ID":463,"LockerID":52,"Phone":"3256922111","PIN":"0000","Active":0,"StartTime":"2025-09-25T20:44:16Z","EndTime":"2025-09-25T20:44:17Z","AmountPaid":1500,"OpenBy":"user","LockerCode":"F2"},{"ID":464,"LockerID":47,"Phone":"3256922111","PIN":"0000","Active":0,"StartTime":"2025-09-25T20:44:18Z","EndTime":"2025-09-25T20:44:18Z","AmountPaid":1500,"OpenBy":"user","LockerCode":"E7"},{"ID":465,"LockerID":51,"Phone":"3336669990","PIN":"0000","Active":0,"StartTime":"2025-09-25T20:51:25Z","EndTime":"2025-09-25T20:51:26Z","AmountPaid":1500,"OpenBy":"user","LockerCode":"F1"},{"ID":466,"LockerID":58,"Phone":"3336669990","PIN":"0000","Active":0,"StartTime":"2025-09-25T20:51:27Z","EndTime":"2025-09-25T20:51:27Z","AmountPaid":1500,"OpenBy":"user","LockerCode":"F8"},{"ID":467,"LockerID":12,"Phone":"3336669990","PIN":"0000","Active":0,"StartTime":"2025-09-25T20:51:29Z","EndTime":"2025-09-25T20:51:29Z","AmountPaid":1500,"OpenBy":"user","LockerCode":"B2"},{"ID":468,"LockerID":60,"Phone":"3336669990","PIN":"0000","Active":0,"StartTime":"2025-09-25T20:51:30Z","EndTime":"2025-09-25T20:51:31Z","AmountPaid":1500,"OpenBy":"user","LockerCode":"F10"},{"ID":469,"LockerID":40,"Phone":"3336669990","PIN":"0000","Active":0,"StartTime":"2025-09-25T20:51:32Z","EndTime":"2025-09-25T20:51:32Z","AmountPaid":1500,"OpenBy":"user","LockerCode":"D10"},{"ID":470,"LockerID":19,"Phone":"3258085258","PIN":"0000","Active":0,"StartTime":"2025-09-25T20:54:19Z","EndTime":"2025-09-25T20:54:19Z","AmountPaid":1500,"OpenBy":"user","LockerCode":"B9"},{"ID":471,"LockerID":7,"Phone":"3258085258","PIN":"0000","Active":0,"StartTime":"2025-09-25T20:54:20Z","EndTime":"2025-09-25T20:54:21Z","AmountPaid":1500,"OpenBy":"user","LockerCode":"A7"},{"ID":472,"LockerID":11,"Phone":"3258085258","PIN":"0000","Active":0,"StartTime":"2025-09-25T20:54:22Z","EndTime":"2025-09-25T20:54:22Z","AmountPaid":1500,"OpenBy":"user","LockerCode":"B1"},{"ID":473,"LockerID":50,"Phone":"3258085258","PIN":"0000","Active":0,"StartTime":"2025-09-25T20:54:23Z","EndTime":"2025-09-25T20:54:24Z","AmountPaid":1500,"OpenBy":"user","LockerCode":"E10"},{"ID":474,"LockerID":20,"Phone":"3258085258","PIN":"0000","Active":0,"StartTime":"2025-09-25T20:54:25Z","EndTime":"2025-09-25T20:54:26Z","AmountPaid":1500,"OpenBy":"user","LockerCode":"B10"},{"ID":475,"LockerID":41,"Phone":"3258085258","PIN":"0000","Active":0,"StartTime":"2025-09-25T20:57:45Z","EndTime":"2025-09-25T20:57:45Z","AmountPaid":1500,"OpenBy":"user","LockerCode":"E1"},{"ID":476,"LockerID":9,"Phone":"3258085258","PIN":"0000","Active":0,"StartTime":"2025-09-25T20:57:46Z","EndTime":"2025-09-25T20:57:47Z","AmountPaid":1500,"OpenBy":"user","LockerCode":"A9"},{"ID":477,"LockerID":14,"Phone":"3258085258","PIN":"0000","Active":0,"StartTime":"2025-09-25T20:57:48Z","EndTime":"2025-09-25T20:57:48Z","AmountPaid":1500,"OpenBy":"user","LockerCode":"B4"},{"ID":478,"LockerID":4,"Phone":"3258085258","PIN":"0000","Active":0,"StartTime":"2025-09-25T20:57:49Z","EndTime":"2025-09-25T20:57:50Z","AmountPaid":1500,"OpenBy":"user","LockerCode":"A4"},{"ID":479,"LockerID":36,"Phone":"3258085258","PIN":"0000","Active":0,"StartTime":"2025-09-25T20:57:51Z","EndTime":"2025-09-25T20:57:52Z","AmountPaid":1500,"OpenBy":"user","LockerCode":"D6"},{"ID":480,"LockerID":34,"Phone":"3652525252","PIN":"0000","Active":0,"StartTime":"2025-09-25T21:10:33Z","EndTime":"2025-09-25T21:10:34Z","AmountPaid":1500,"OpenBy":"user","LockerCode":"D4"},{"ID":481,"LockerID":16,"Phone":"3652525252","PIN":"0000","Active":0,"StartTime":"2025-09-25T21:10:35Z","EndTime":"2025-09-25T21:10:36Z","AmountPaid":1500,"OpenBy":"user","LockerCode":"B6"},{"ID":482,"LockerID":38,"Phone":"3652525252","PIN":"0000","Active":0,"StartTime":"2025-09-25T21:10:37Z","EndTime":"2025-09-25T21:10:37Z","AmountPaid":1500,"OpenBy":"user","LockerCode":"D8"},{"ID":483,"LockerID":45,"Phone":"3652525252","PIN":"0000","Active":0,"StartTime":"2025-09-25T21:10:38Z","EndTime":"2025-09-25T21:10:39Z","AmountPaid":1500,"OpenBy":"user","LockerCode":"E5"},{"ID":484,"LockerID":17,"Phone":"3652525252","PIN":"0000","Active":0,"StartTime":"2025-09-25T21:10:40Z","EndTime":"2025-09-25T21:10:40Z","AmountPaid":1500,"OpenBy":"user","LockerCode":"B7"},{"ID":485,"LockerID":36,"Phone":"3222222555","PIN":"0000","Active":0,"StartTime":"2025-09-25T21:24:00Z","EndTime":"2025-09-25T21:24:01Z","AmountPaid":1500,"OpenBy":"user","LockerCode":"D6"},{"ID":486,"LockerID":22,"Phone":"3222222555","PIN":"0000","Active":0,"StartTime":"2025-09-25T21:24:02Z","EndTime":"2025-09-25T21:24:02Z","AmountPaid":1500,"OpenBy":"user","LockerCode":"C2"},{"ID":487,"LockerID":12,"Phone":"3222222555","PIN":"0000","Active":0,"StartTime":"2025-09-25T21:24:04Z","EndTime":"2025-09-25T21:24:04Z","AmountPaid":1500,"OpenBy":"user","LockerCode":"B2"},{"ID":488,"LockerID":16,"Phone":"3222222555","PIN":"0000","Active":0,"StartTime":"2025-09-25T21:24:05Z","EndTime":"2025-09-25T21:24:06Z","AmountPaid":1500,"OpenBy":"user","LockerCode":"B6"},{"ID":489,"LockerID":44,"Phone":"3222222555","PIN":"0000","Active":0,"StartTime":"2025-09-25T21:24:07Z","EndTime":"2025-09-25T21:24:07Z","AmountPaid":1500,"OpenBy":"user","LockerCode":"E4"},{"ID":490,"LockerID":47,"Phone":"3258888888","PIN":"0000","Active":0,"StartTime":"2025-09-25T21:28:23Z","EndTime":"2025-09-25T21:28:23Z","AmountPaid":1500,"OpenBy":"user","LockerCode":"E7"},{"ID":491,"LockerID":31,"Phone":"3258888888","PIN":"0000","Active":0,"StartTime":"2025-09-25T21:28:24Z","EndTime":"2025-09-25T21:28:25Z","AmountPaid":1500,"OpenBy":"user","LockerCode":"D1"},{"ID":492,"LockerID":54,"Phone":"3258888888","PIN":"0000","Active":0,"StartTime":"2025-09-25T21:28:26Z","EndTime":"2025-09-25T21:28:26Z","AmountPaid":1500,"OpenBy":"user","LockerCode":"F4"},{"ID":493,"LockerID":8,"Phone":"3258888888","PIN":"0000","Active":0,"StartTime":"2025-09-25T21:28:27Z","EndTime":"2025-09-25T21:28:28Z","AmountPaid":1500,"OpenBy":"user","LockerCode":"A8"},{"ID":494,"LockerID":19,"Phone":"3258888888","PIN":"0000","Active":0,"StartTime":"2025-09-25T21:28:29Z","EndTime":"2025-09-25T21:28:30Z","AmountPaid":1500,"OpenBy":"user","LockerCode":"B9"},{"ID":495,"LockerID":27,"Phone":"3322669999","PIN":"0000","Active":0,"StartTime":"2025-09-25T21:30:06Z","EndTime":"2025-09-25T21:30:07Z","AmountPaid":1500,"OpenBy":"user","LockerCode":"C7"},{"ID":496,"LockerID":6,"Phone":"3322669999","PIN":"0000","Active":0,"StartTime":"2025-09-25T21:30:08Z","EndTime":"2025-09-25T21:30:08Z","AmountPaid":1500,"OpenBy":"user","LockerCode":"A6"},{"ID":497,"LockerID":11,"Phone":"3322669999","PIN":"0000","Active":0,"StartTime":"2025-09-25T21:30:09Z","EndTime":"2025-09-25T21:30:10Z","AmountPaid":1500,"OpenBy":"user","LockerCode":"B1"},{"ID":498,"LockerID":52,"Phone":"3322669999","PIN":"0000","Active":0,"StartTime":"2025-09-25T21:30:11Z","EndTime":"2025-09-25T21:30:11Z","AmountPaid":1500,"OpenBy":"user","LockerCode":"F2"},{"ID":499,"LockerID":3,"Phone":"3322669999","PIN":"0000","Active":0,"StartTime":"2025-09-25T21:30:12Z","EndTime":"2025-09-25T21:30:13Z","AmountPaid":1500,"OpenBy":"user","LockerCode":"A3"},{"ID":500,"LockerID":26,"Phone":"3254777777","PIN":"0000","Active":0,"StartTime":"2025-09-25T21:37:51Z","EndTime":"2025-09-25T21:37:51Z","AmountPaid":1500,"OpenBy":"user","LockerCode":"C6"},{"ID":501,"LockerID":32,"Phone":"3254777777","PIN":"0000","Active":0,"StartTime":"2025-09-25T21:37:52Z","EndTime":"2025-09-25T21:37:53Z","AmountPaid":1500,"OpenBy":"user","LockerCode":"D2"},{"ID":502,"LockerID":20,"Phone":"3254777777","PIN":"0000","Active":0,"StartTime":"2025-09-25T21:37:54Z","EndTime":"2025-09-25T21:37:54Z","AmountPaid":1500,"OpenBy":"user","LockerCode":"B10"},{"ID":503,"LockerID":48,"Phone":"3254777777","PIN":"0000","Active":0,"StartTime":"2025-09-25T21:37:55Z","EndTime":"2025-09-25T21:37:56Z","AmountPaid":1500,"OpenBy":"user","LockerCode":"E8"},{"ID":504,"LockerID":53,"Phone":"3254777777","PIN":"0000","Active":0,"StartTime":"2025-09-25T21:37:57Z","EndTime":"2025-09-25T21:37:57Z","AmountPaid":1500,"OpenBy":"user","LockerCode":"F3"},{"ID":505,"LockerID":30,"Phone":"3256668888","PIN":"0000","Active":0,"StartTime":"2025-09-25T21:41:38Z","EndTime":"2025-09-25T21:41:38Z","AmountPaid":1500,"OpenBy":"user","LockerCode":"C10"},{"ID":506,"LockerID":23,"Phone":"3256668888","PIN":"0000","Active":0,"StartTime":"2025-09-25T21:41:39Z","EndTime":"2025-09-25T21:41:40Z","AmountPaid":1500,"OpenBy":"user","LockerCode":"C3"},{"ID":507,"LockerID":7,"Phone":"3256668888","PIN":"0000","Active":0,"StartTime":"2025-09-25T21:41:41Z","EndTime":"2025-09-25T21:41:41Z","AmountPaid":1500,"OpenBy":"user","LockerCode":"A7"},{"ID":508,"LockerID":21,"Phone":"3256668888","PIN":"0000","Active":0,"StartTime":"2025-09-25T21:41:43Z","EndTime":"2025-09-25T21:41:43Z","AmountPaid":1500,"OpenBy":"user","LockerCode":"C1"},{"ID":509,"LockerID":43,"Phone":"3256668888","PIN":"0000","Active":0,"StartTime":"2025-09-25T21:41:44Z","EndTime":"2025-09-25T21:41:45Z","AmountPaid":1500,"OpenBy":"user","LockerCode":"E3"},{"ID":510,"LockerID":5,"Phone":"3254780999","PIN":"0000","Active":0,"StartTime":"2025-09-25T22:47:34Z","EndTime":"2025-09-25T22:47:34Z","AmountPaid":1500,"OpenBy":"user","LockerCode":"A5"},{"ID":511,"LockerID":9,"Phone":"3254780999","PIN":"0000","Active":0,"StartTime":"2025-09-25T22:47:35Z","EndTime":"2025-09-25T22:47:36Z","AmountPaid":1500,"OpenBy":"user","LockerCode":"A9"},{"ID":512,"LockerID":33,"Phone":"3254780999","PIN":"0000","Active":0,"StartTime":"2025-09-25T22:47:37Z","EndTime":"2025-09-25T22:47:37Z","AmountPaid":1500,"OpenBy":"user","LockerCode":"D3"},{"ID":513,"LockerID":42,"Phone":"3254780999","PIN":"0000","Active":0,"StartTime":"2025-09-25T22:47:38Z","EndTime":"2025-09-25T22:47:39Z","AmountPaid":1500,"OpenBy":"user","LockerCode":"E2"},{"ID":514,"LockerID":49,"Phone":"3254780999","PIN":"0000","Active":0,"StartTime":"2025-09-25T22:47:40Z","EndTime":"2025-09-25T22:47:41Z","AmountPaid":1500,"OpenBy":"user","LockerCode":"E9"},{"ID":515,"LockerID":10,"Phone":"3254780999","PIN":"0000","Active":0,"StartTime":"2025-09-25T22:48:47Z","EndTime":"2025-09-25T22:48:47Z","AmountPaid":1500,"OpenBy":"user","LockerCode":"A10"},{"ID":516,"LockerID":35,"Phone":"3254780999","PIN":"0000","Active":0,"StartTime":"2025-09-25T22:48:48Z","EndTime":"2025-09-25T22:48:49Z","AmountPaid":1500,"OpenBy":"user","LockerCode":"D5"},{"ID":517,"LockerID":55,"Phone":"3254780999","PIN":"0000","Active":0,"StartTime":"2025-09-25T22:48:50Z","EndTime":"2025-09-25T22:48:51Z","AmountPaid":1500,"OpenBy":"user","LockerCode":"F5"},{"ID":518,"LockerID":59,"Phone":"3254780999","PIN":"0000","Active":0,"StartTime":"2025-09-25T22:48:52Z","EndTime":"2025-09-25T22:48:52Z","AmountPaid":1500,"OpenBy":"user","LockerCode":"F9"},{"ID":519,"LockerID":2,"Phone":"3254780999","PIN":"0000","Active":0,"StartTime":"2025-09-25T22:48:53Z","EndTime":"2025-09-25T22:48:54Z","AmountPaid":1500,"OpenBy":"user","LockerCode":"A2"},{"ID":520,"LockerID":18,"Phone":"3254780999","PIN":"0000","Active":0,"StartTime":"2025-09-25T22:49:53Z","EndTime":"2025-09-25T22:49:54Z","AmountPaid":1500,"OpenBy":"user","LockerCode":"B8"},{"ID":521,"LockerID":25,"Phone":"3254780999","PIN":"0000","Active":0,"StartTime":"2025-09-25T22:49:55Z","EndTime":"2025-09-25T22:49:55Z","AmountPaid":1500,"OpenBy":"user","LockerCode":"C5"},{"ID":522,"LockerID":13,"Phone":"3254780999","PIN":"0000","Active":0,"StartTime":"2025-09-25T22:49:56Z","EndTime":"2025-09-25T22:49:57Z","AmountPaid":1500,"OpenBy":"user","LockerCode":"B3"},{"ID":523,"LockerID":38,"Phone":"3254780999","PIN":"0000","Active":0,"StartTime":"2025-09-25T22:49:58Z","EndTime":"2025-09-25T22:49:59Z","AmountPaid":1500,"OpenBy":"user","LockerCode":"D8"},{"ID":524,"LockerID":45,"Phone":"3254780999","PIN":"0000","Active":0,"StartTime":"2025-09-25T22:50:00Z","EndTime":"2025-09-25T22:50:00Z","AmountPaid":1500,"OpenBy":"user","LockerCode":"E5"},{"ID":525,"LockerID":37,"Phone":"3256877444","PIN":"0000","Active":0,"StartTime":"2025-09-25T22:50:48Z","EndTime":"2025-09-25T22:50:49Z","AmountPaid":1500,"OpenBy":"user","LockerCode":"D7"},{"ID":526,"LockerID":29,"Phone":"3256877444","PIN":"0000","Active":0,"StartTime":"2025-09-25T22:50:50Z","EndTime":"2025-09-25T22:50:50Z","AmountPaid":1500,"OpenBy":"user","LockerCode":"C9"},{"ID":527,"LockerID":60,"Phone":"3256877444","PIN":"0000","Active":0,"StartTime":"2025-09-25T22:50:51Z","EndTime":"2025-09-25T22:50:52Z","AmountPaid":1500,"OpenBy":"user","LockerCode":"F10"},{"ID":528,"LockerID":51,"Phone":"3256877444","PIN":"0000","Active":0,"StartTime":"2025-09-25T22:50:53Z","EndTime":"2025-09-25T22:50:53Z","AmountPaid":1500,"OpenBy":"user","LockerCode":"F1"},{"ID":529,"LockerID":15,"Phone":"3256877444","PIN":"0000","Active":0,"StartTime":"2025-09-25T22:50:54Z","EndTime":"2025-09-25T22:50:55Z","AmountPaid":1500,"OpenBy":"user","LockerCode":"B5"},{"ID":530,"LockerID":14,"Phone":"3256877444","PIN":"0000","Active":0,"StartTime":"2025-09-25T22:51:09Z","EndTime":"2025-09-25T22:51:09Z","AmountPaid":1500,"OpenBy":"user","LockerCode":"B4"},{"ID":531,"LockerID":34,"Phone":"3256877444","PIN":"0000","Active":0,"StartTime":"2025-09-25T22:51:10Z","EndTime":"2025-09-25T22:51:11Z","AmountPaid":1500,"OpenBy":"user","LockerCode":"D4"},{"ID":532,"LockerID":1,"Phone":"3256877444","PIN":"0000","Active":0,"StartTime":"2025-09-25T22:51:12Z","EndTime":"2025-09-25T22:51:12Z","AmountPaid":1500,"OpenBy":"user","LockerCode":"A1"},{"ID":533,"LockerID":40,"Phone":"3256877444","PIN":"0000","Active":0,"StartTime":"2025-09-25T22:51:13Z","EndTime":"2025-09-25T22:51:14Z","AmountPaid":1500,"OpenBy":"user","LockerCode":"D10"},{"ID":534,"LockerID":28,"Phone":"3256877444","PIN":"0000","Active":0,"StartTime":"2025-09-25T22:51:15Z","EndTime":"2025-09-25T22:51:16Z","AmountPaid":1500,"OpenBy":"user","LockerCode":"C8"},{"ID":535,"LockerID":17,"Phone":"3256877445","PIN":"0000","Active":0,"StartTime":"2025-09-25T22:51:55Z","EndTime":"2025-09-25T22:51:55Z","AmountPaid":1500,"OpenBy":"user","LockerCode":"B7"},{"ID":536,"LockerID":39,"Phone":"3256877445","PIN":"0000","Active":0,"StartTime":"2025-09-25T22:51:56Z","EndTime":"2025-09-25T22:51:57Z","AmountPaid":1500,"OpenBy":"user","LockerCode":"D9"},{"ID":537,"LockerID":4,"Phone":"3256877445","PIN":"0000","Active":0,"StartTime":"2025-09-25T22:51:58Z","EndTime":"2025-09-25T22:51:58Z","AmountPaid":1500,"OpenBy":"user","LockerCode":"A4"},{"ID":538,"LockerID":58,"Phone":"3256877445","PIN":"0000","Active":0,"StartTime":"2025-09-25T22:51:59Z","EndTime":"2025-09-25T22:52:00Z","AmountPaid":1500,"OpenBy":"user","LockerCode":"F8"},{"ID":539,"LockerID":56,"Phone":"3256877445","PIN":"0000","Active":0,"StartTime":"2025-09-25T22:52:01Z","EndTime":"2025-09-25T22:52:02Z","AmountPaid":1500,"OpenBy":"user","LockerCode":"F6"},{"ID":540,"LockerID":50,"Phone":"3256877441","PIN":"0000","Active":0,"StartTime":"2025-09-25T22:52:38Z","EndTime":"2025-09-25T22:52:39Z","AmountPaid":1500,"OpenBy":"user","LockerCode":"E10"},{"ID":541,"LockerID":41,"Phone":"3256877441","PIN":"0000","Active":0,"StartTime":"2025-09-25T22:52:40Z","EndTime":"2025-09-25T22:52:41Z","AmountPaid":1500,"OpenBy":"user","LockerCode":"E1"},{"ID":542,"LockerID":3,"Phone":"3355770099","PIN":"0000","Active":0,"StartTime":"2025-09-26T06:14:48Z","EndTime":"2025-09-26T06:14:49Z","AmountPaid":1500,"OpenBy":"user","LockerCode":"A3"},{"ID":543,"LockerID":44,"Phone":"3355770099","PIN":"0000","Active":0,"StartTime":"2025-09-26T06:14:50Z","EndTime":"2025-09-26T06:14:51Z","AmountPaid":1500,"OpenBy":"user","LockerCode":"E4"},{"ID":544,"LockerID":58,"Phone":"3355770099","PIN":"0000","Active":0,"StartTime":"2025-09-26T06:14:52Z","EndTime":"2025-09-26T06:14:52Z","AmountPaid":1500,"OpenBy":"user","LockerCode":"F8"},{"ID":545,"LockerID":31,"Phone":"3355770099","PIN":"0000","Active":0,"StartTime":"2025-09-26T06:14:53Z","EndTime":"2025-09-26T06:14:54Z","AmountPaid":1500,"OpenBy":"user","LockerCode":"D1"},{"ID":546,"LockerID":26,"Phone":"3355770099","PIN":"0000","Active":0,"StartTime":"2025-09-26T06:14:55Z","EndTime":"2025-09-26T06:14:55Z","AmountPaid":1500,"OpenBy":"user","LockerCode":"C6"},{"ID":547,"LockerID":37,"Phone":"3254477777","PIN":"0000","Active":1,"StartTime":"2025-10-06T23:58:29Z","EndTime":null,"AmountPaid":0,"OpenBy":"user","LockerCode":"D7"},{"ID":548,"LockerID":40,"Phone":"3103192771","PIN":"0000","Active":1,"StartTime":"2025-10-07T03:50:04Z","EndTime":null,"AmountPaid":0,"OpenBy":"user","LockerCode":"D10"}]
[2025-10-06 23:05:31] [INFO] [main] [reportLockers] Reporte generado con éxito
[2025-10-06 23:07:25] [INFO] [main] [reportLockers] Iniciando petición para obtener el reporte de casilleros
[2025-10-06 23:07:25] [INFO] [main] [reportLockers] Timeout efectivo en ejecución: 30000
[2025-10-06 23:07:25] [INFO] [main] [reportLockers] Intento 1: HOST -> http://localhost:8080
[2025-10-06 23:07:25] [INFO] [main] [reportLockers] Intento 1: URL -> /api/lockers/report
[2025-10-06 23:07:25] [INFO] [main] [reportLockers] Intento 1: Request -> {"startDate":"2025-09-01 05:00:00","endDate":"2025-10-07 04:05:59","sendEmail":false}
[2025-10-06 23:07:25] [INFO] [main] [reportLockers] Response. Status: 200
[2025-10-06 23:07:25] [INFO] [main] [reportLockers] Response. Data: [{"ID":1,"LockerID":52,"Phone":"3233004015","PIN":"1996","Active":0,"StartTime":"2025-10-01T12:37:08Z","EndTime":"2025-10-01T13:21:19Z","AmountPaid":1500,"OpenBy":"user","LockerCode":"F2"},{"ID":2,"LockerID":3,"Phone":"3112578764","PIN":"8617","Active":0,"StartTime":"2025-10-01T16:01:40Z","EndTime":"2025-10-01T17:59:50Z","AmountPaid":1500,"OpenBy":"user","LockerCode":"A3"},{"ID":3,"LockerID":29,"Phone":"3502087413","PIN":"1972","Active":0,"StartTime":"2025-10-01T16:37:31Z","EndTime":"2025-10-01T18:15:58Z","AmountPaid":1500,"OpenBy":"user","LockerCode":"C9"},{"ID":4,"LockerID":24,"Phone":"3057498660","PIN":"2610","Active":0,"StartTime":"2025-10-01T19:10:06Z","EndTime":"2025-10-01T21:34:16Z","AmountPaid":1500,"OpenBy":"user","LockerCode":"C4"},{"ID":5,"LockerID":36,"Phone":"3003803986","PIN":"0852","Active":0,"StartTime":"2025-10-01T19:23:00Z","EndTime":"2025-10-01T23:46:33Z","AmountPaid":1500,"OpenBy":"user","LockerCode":"D6"},{"ID":6,"LockerID":14,"Phone":"3024179013","PIN":"4689","Active":0,"StartTime":"2025-10-01T22:15:50Z","EndTime":"2025-10-01T23:49:54Z","AmountPaid":1500,"OpenBy":"user","LockerCode":"B4"},{"ID":7,"LockerID":31,"Phone":"3160673333","PIN":"0715","Active":0,"StartTime":"2025-10-01T22:53:37Z","EndTime":"2025-10-02T01:42:54Z","AmountPaid":1500,"OpenBy":"user","LockerCode":"D1"},{"ID":8,"LockerID":52,"Phone":"3144825632","PIN":"1029","Active":0,"StartTime":"2025-10-01T22:55:20Z","EndTime":"2025-10-02T01:52:47Z","AmountPaid":1500,"OpenBy":"user","LockerCode":"F2"},{"ID":9,"LockerID":4,"Phone":"3209057786","PIN":"3117","Active":0,"StartTime":"2025-10-02T00:17:47Z","EndTime":"2025-10-02T02:34:56Z","AmountPaid":1500,"OpenBy":"user","LockerCode":"A4"},{"ID":10,"LockerID":10,"Phone":"3224191522","PIN":"1997","Active":0,"StartTime":"2025-10-02T00:18:59Z","EndTime":"2025-10-02T02:34:36Z","AmountPaid":1900,"OpenBy":"user","LockerCode":"A10"},{"ID":11,"LockerID":12,"Phone":"3127201635","PIN":"1999","Active":0,"StartTime":"2025-10-02T00:20:42Z","EndTime":"2025-10-02T02:37:26Z","AmountPaid":1500,"OpenBy":"user","LockerCode":"B2"},{"ID":12,"LockerID":58,"Phone":"3107982218","PIN":"1982","Active":0,"StartTime":"2025-10-02T01:59:37Z","EndTime":"2025-10-02T04:57:40Z","AmountPaid":1500,"OpenBy":"user","LockerCode":"F8"},{"ID":13,"LockerID":55,"Phone":"3123004862","PIN":"0721","Active":0,"StartTime":"2025-10-02T12:24:32Z","EndTime":"2025-10-02T12:38:10Z","AmountPaid":1500,"OpenBy":"user","LockerCode":"F5"},{"ID":14,"LockerID":34,"Phone":"3103505998","PIN":"4753","Active":0,"StartTime":"2025-10-02T13:22:41Z","EndTime":"2025-10-02T16:37:43Z","AmountPaid":1500,"OpenBy":"user","LockerCode":"D4"},{"ID":15,"LockerID":39,"Phone":"3205326065","PIN":"2608","Active":0,"StartTime":"2025-10-02T17:30:06Z","EndTime":"2025-10-02T21:49:20Z","AmountPaid":1500,"OpenBy":"user","LockerCode":"D9"},{"ID":16,"LockerID":44,"Phone":"3115583472","PIN":"1242","Active":0,"StartTime":"2025-10-02T18:56:05Z","EndTime":"2025-10-02T21:49:37Z","AmountPaid":1500,"OpenBy":"user","LockerCode":"E4"},{"ID":17,"LockerID":4,"Phone":"3203994118","PIN":"1508","Active":0,"StartTime":"2025-10-02T18:56:46Z","EndTime":"2025-10-02T20:41:34Z","AmountPaid":1500,"OpenBy":"local","LockerCode":"A4"},{"ID":18,"LockerID":23,"Phone":"3212964463","PIN":"1234","Active":0,"StartTime":"2025-10-02T19:38:03Z","EndTime":"2025-10-02T19:38:03Z","AmountPaid":1500,"OpenBy":"error","LockerCode":"C3"},{"ID":19,"LockerID":28,"Phone":"3212964463","PIN":"1234","Active":0,"StartTime":"2025-10-02T19:38:04Z","EndTime":"2025-10-02T19:38:04Z","AmountPaid":1500,"OpenBy":"error","LockerCode":"C8"},{"ID":20,"LockerID":24,"Phone":"3212964463","PIN":"1234","Active":0,"StartTime":"2025-10-02T19:38:06Z","EndTime":"2025-10-02T19:38:06Z","AmountPaid":1500,"OpenBy":"error","LockerCode":"C4"},{"ID":21,"LockerID":52,"Phone":"3212964463","PIN":"1234","Active":0,"StartTime":"2025-10-02T19:38:07Z","EndTime":"2025-10-02T19:38:07Z","AmountPaid":1500,"OpenBy":"error","LockerCode":"F2"},{"ID":22,"LockerID":25,"Phone":"3212964463","PIN":"1234","Active":0,"StartTime":"2025-10-02T19:38:08Z","EndTime":"2025-10-02T19:38:08Z","AmountPaid":1500,"OpenBy":"error","LockerCode":"C5"},{"ID":23,"LockerID":59,"Phone":"3212964463","PIN":"1234","Active":0,"StartTime":"2025-10-02T19:38:27Z","EndTime":"2025-10-02T19:38:27Z","AmountPaid":1500,"OpenBy":"error","LockerCode":"F9"},{"ID":24,"LockerID":46,"Phone":"3212964463","PIN":"1234","Active":0,"StartTime":"2025-10-02T19:38:28Z","EndTime":"2025-10-02T19:38:28Z","AmountPaid":1500,"OpenBy":"error","LockerCode":"E6"},{"ID":25,"LockerID":29,"Phone":"3212964463","PIN":"1234","Active":0,"StartTime":"2025-10-02T19:38:29Z","EndTime":"2025-10-02T19:38:29Z","AmountPaid":1500,"OpenBy":"error","LockerCode":"C9"},{"ID":26,"LockerID":10,"Phone":"3212964463","PIN":"1234","Active":0,"StartTime":"2025-10-02T19:38:30Z","EndTime":"2025-10-02T19:38:30Z","AmountPaid":1500,"OpenBy":"error","LockerCode":"A10"},{"ID":27,"LockerID":18,"Phone":"3212964463","PIN":"1234","Active":0,"StartTime":"2025-10-02T19:38:31Z","EndTime":"2025-10-02T19:38:31Z","AmountPaid":1500,"OpenBy":"error","LockerCode":"B8"},{"ID":28,"LockerID":6,"Phone":"3212964463","PIN":"1234","Active":0,"StartTime":"2025-10-02T19:38:40Z","EndTime":"2025-10-02T19:38:40Z","AmountPaid":1500,"OpenBy":"error","LockerCode":"A6"},{"ID":29,"LockerID":5,"Phone":"3212964463","PIN":"1234","Active":0,"StartTime":"2025-10-02T19:38:41Z","EndTime":"2025-10-02T19:38:41Z","AmountPaid":1500,"OpenBy":"error","LockerCode":"A5"},{"ID":30,"LockerID":26,"Phone":"3212964463","PIN":"1234","Active":0,"StartTime":"2025-10-02T19:38:42Z","EndTime":"2025-10-02T19:38:42Z","AmountPaid":1500,"OpenBy":"error","LockerCode":"C6"},{"ID":31,"LockerID":13,"Phone":"3212964463","PIN":"1234","Active":0,"StartTime":"2025-10-02T19:38:43Z","EndTime":"2025-10-02T19:38:43Z","AmountPaid":1500,"OpenBy":"error","LockerCode":"B3"},{"ID":32,"LockerID":50,"Phone":"3212964463","PIN":"1234","Active":0,"StartTime":"2025-10-02T19:38:44Z","EndTime":"2025-10-02T19:38:44Z","AmountPaid":1500,"OpenBy":"error","LockerCode":"E10"},{"ID":33,"LockerID":55,"Phone":"3212964463","PIN":"1234","Active":0,"StartTime":"2025-10-02T19:39:09Z","EndTime":"2025-10-02T19:39:09Z","AmountPaid":1500,"OpenBy":"error","LockerCode":"F5"},{"ID":34,"LockerID":43,"Phone":"3212964463","PIN":"1234","Active":0,"StartTime":"2025-10-02T19:39:10Z","EndTime":"2025-10-02T19:39:10Z","AmountPaid":1500,"OpenBy":"error","LockerCode":"E3"},{"ID":35,"LockerID":30,"Phone":"3212964463","PIN":"1234","Active":0,"StartTime":"2025-10-02T19:39:11Z","EndTime":"2025-10-02T19:39:11Z","AmountPaid":1500,"OpenBy":"error","LockerCode":"C10"},{"ID":36,"LockerID":40,"Phone":"3212964463","PIN":"1234","Active":0,"StartTime":"2025-10-02T19:39:12Z","EndTime":"2025-10-02T19:39:12Z","AmountPaid":1500,"OpenBy":"error","LockerCode":"D10"},{"ID":37,"LockerID":60,"Phone":"3212964463","PIN":"1234","Active":0,"StartTime":"2025-10-02T19:39:13Z","EndTime":"2025-10-02T19:39:13Z","AmountPaid":1500,"OpenBy":"error","LockerCode":"F10"},{"ID":38,"LockerID":58,"Phone":"3212964463","PIN":"1234","Active":0,"StartTime":"2025-10-02T19:39:19Z","EndTime":"2025-10-02T19:39:19Z","AmountPaid":1500,"OpenBy":"error","LockerCode":"F8"},{"ID":39,"LockerID":8,"Phone":"3212964463","PIN":"1234","Active":0,"StartTime":"2025-10-02T19:39:20Z","EndTime":"2025-10-02T19:39:20Z","AmountPaid":1500,"OpenBy":"error","LockerCode":"A8"},{"ID":40,"LockerID":36,"Phone":"3212964463","PIN":"1234","Active":0,"StartTime":"2025-10-02T19:39:21Z","EndTime":"2025-10-02T19:39:21Z","AmountPaid":1500,"OpenBy":"error","LockerCode":"D6"},{"ID":41,"LockerID":3,"Phone":"3212964463","PIN":"1234","Active":0,"StartTime":"2025-10-02T19:39:22Z","EndTime":"2025-10-02T19:39:22Z","AmountPaid":1500,"OpenBy":"error","LockerCode":"A3"},{"ID":42,"LockerID":19,"Phone":"3212964463","PIN":"1234","Active":0,"StartTime":"2025-10-02T19:39:23Z","EndTime":"2025-10-02T19:39:23Z","AmountPaid":1500,"OpenBy":"error","LockerCode":"B9"},{"ID":43,"LockerID":42,"Phone":"3212964463","PIN":"1234","Active":0,"StartTime":"2025-10-02T19:39:50Z","EndTime":"2025-10-02T19:39:50Z","AmountPaid":1500,"OpenBy":"error","LockerCode":"E2"},{"ID":44,"LockerID":27,"Phone":"3212964463","PIN":"1234","Active":0,"StartTime":"2025-10-02T19:39:51Z","EndTime":"2025-10-02T19:39:51Z","AmountPaid":1500,"OpenBy":"error","LockerCode":"C7"},{"ID":45,"LockerID":2,"Phone":"3212964463","PIN":"1234","Active":0,"StartTime":"2025-10-02T19:39:52Z","EndTime":"2025-10-02T19:39:52Z","AmountPaid":1500,"OpenBy":"error","LockerCode":"A2"},{"ID":46,"LockerID":38,"Phone":"3212964463","PIN":"1234","Active":0,"StartTime":"2025-10-02T19:39:53Z","EndTime":"2025-10-02T19:39:53Z","AmountPaid":1500,"OpenBy":"error","LockerCode":"D8"},{"ID":47,"LockerID":11,"Phone":"3212964463","PIN":"1234","Active":0,"StartTime":"2025-10-02T19:39:54Z","EndTime":"2025-10-02T19:39:54Z","AmountPaid":1500,"OpenBy":"error","LockerCode":"B1"},{"ID":48,"LockerID":57,"Phone":"3212964463","PIN":"1234","Active":0,"StartTime":"2025-10-02T19:40:17Z","EndTime":"2025-10-02T19:40:17Z","AmountPaid":1500,"OpenBy":"error","LockerCode":"F7"},{"ID":49,"LockerID":49,"Phone":"3212964463","PIN":"1234","Active":0,"StartTime":"2025-10-02T19:40:18Z","EndTime":"2025-10-02T19:40:18Z","AmountPaid":1500,"OpenBy":"error","LockerCode":"E9"},{"ID":50,"LockerID":16,"Phone":"3212964463","PIN":"1234","Active":0,"StartTime":"2025-10-02T19:40:19Z","EndTime":"2025-10-02T19:40:19Z","AmountPaid":1500,"OpenBy":"error","LockerCode":"B6"},{"ID":51,"LockerID":9,"Phone":"3212964463","PIN":"1234","Active":0,"StartTime":"2025-10-02T19:40:20Z","EndTime":"2025-10-02T19:40:20Z","AmountPaid":1500,"OpenBy":"error","LockerCode":"A9"},{"ID":52,"LockerID":34,"Phone":"3212964463","PIN":"1234","Active":0,"StartTime":"2025-10-02T19:40:21Z","EndTime":"2025-10-02T19:40:21Z","AmountPaid":1500,"OpenBy":"error","LockerCode":"D4"},{"ID":53,"LockerID":20,"Phone":"3212964463","PIN":"1234","Active":0,"StartTime":"2025-10-02T19:40:32Z","EndTime":"2025-10-02T19:40:32Z","AmountPaid":1500,"OpenBy":"error","LockerCode":"B10"},{"ID":54,"LockerID":45,"Phone":"3212964463","PIN":"1234","Active":0,"StartTime":"2025-10-02T19:40:33Z","EndTime":"2025-10-02T19:40:33Z","AmountPaid":1500,"OpenBy":"error","LockerCode":"E5"},{"ID":55,"LockerID":7,"Phone":"3212964463","PIN":"1234","Active":0,"StartTime":"2025-10-02T19:40:34Z","EndTime":"2025-10-02T19:40:34Z","AmountPaid":1500,"OpenBy":"error","LockerCode":"A7"},{"ID":56,"LockerID":32,"Phone":"3212964463","PIN":"1234","Active":0,"StartTime":"2025-10-02T19:40:35Z","EndTime":"2025-10-02T19:40:35Z","AmountPaid":1500,"OpenBy":"error","LockerCode":"D2"},{"ID":57,"LockerID":54,"Phone":"3212964463","PIN":"1234","Active":0,"StartTime":"2025-10-02T19:40:36Z","EndTime":"2025-10-02T19:40:36Z","AmountPaid":1500,"OpenBy":"error","LockerCode":"F4"},{"ID":58,"LockerID":37,"Phone":"3212964463","PIN":"1234","Active":0,"StartTime":"2025-10-02T19:40:53Z","EndTime":"2025-10-02T19:40:53Z","AmountPaid":1500,"OpenBy":"error","LockerCode":"D7"},{"ID":59,"LockerID":1,"Phone":"3212964463","PIN":"1234","Active":0,"StartTime":"2025-10-02T19:40:54Z","EndTime":"2025-10-02T19:40:54Z","AmountPaid":1500,"OpenBy":"error","LockerCode":"A1"},{"ID":60,"LockerID":12,"Phone":"3212964463","PIN":"1234","Active":0,"StartTime":"2025-10-02T19:40:55Z","EndTime":"2025-10-02T19:40:55Z","AmountPaid":1500,"OpenBy":"error","LockerCode":"B2"},{"ID":61,"LockerID":35,"Phone":"3212964463","PIN":"1234","Active":0,"StartTime":"2025-10-02T19:40:56Z","EndTime":"2025-10-02T19:40:56Z","AmountPaid":1500,"OpenBy":"error","LockerCode":"D5"},{"ID":62,"LockerID":41,"Phone":"3212964463","PIN":"1234","Active":0,"StartTime":"2025-10-02T19:40:57Z","EndTime":"2025-10-02T19:40:57Z","AmountPaid":1500,"OpenBy":"error","LockerCode":"E1"},{"ID":63,"LockerID":14,"Phone":"3212964463","PIN":"1234","Active":0,"StartTime":"2025-10-02T19:41:05Z","EndTime":"2025-10-02T19:41:05Z","AmountPaid":1500,"OpenBy":"error","LockerCode":"B4"},{"ID":64,"LockerID":53,"Phone":"3212964463","PIN":"1234","Active":0,"StartTime":"2025-10-02T19:41:06Z","EndTime":"2025-10-02T19:41:06Z","AmountPaid":1500,"OpenBy":"error","LockerCode":"F3"},{"ID":65,"LockerID":15,"Phone":"3212964463","PIN":"1234","Active":0,"StartTime":"2025-10-02T19:41:07Z","EndTime":"2025-10-02T19:41:07Z","AmountPaid":1500,"OpenBy":"error","LockerCode":"B5"},{"ID":66,"LockerID":51,"Phone":"3212964463","PIN":"1234","Active":0,"StartTime":"2025-10-02T19:41:08Z","EndTime":"2025-10-02T19:41:08Z","AmountPaid":1500,"OpenBy":"error","LockerCode":"F1"},{"ID":67,"LockerID":17,"Phone":"3212964463","PIN":"1234","Active":0,"StartTime":"2025-10-02T19:41:09Z","EndTime":"2025-10-02T19:41:09Z","AmountPaid":1500,"OpenBy":"error","LockerCode":"B7"},{"ID":68,"LockerID":31,"Phone":"3212964463","PIN":"1234","Active":0,"StartTime":"2025-10-02T19:41:34Z","EndTime":"2025-10-02T19:41:34Z","AmountPaid":1500,"OpenBy":"error","LockerCode":"D1"},{"ID":69,"LockerID":21,"Phone":"3212964463","PIN":"1234","Active":0,"StartTime":"2025-10-02T19:41:35Z","EndTime":"2025-10-02T19:41:35Z","AmountPaid":1500,"OpenBy":"error","LockerCode":"C1"},{"ID":70,"LockerID":33,"Phone":"3212964463","PIN":"1234","Active":0,"StartTime":"2025-10-02T19:41:36Z","EndTime":"2025-10-02T19:41:36Z","AmountPaid":1500,"OpenBy":"error","LockerCode":"D3"},{"ID":71,"LockerID":47,"Phone":"3212964463","PIN":"1234","Active":0,"StartTime":"2025-10-02T19:41:37Z","EndTime":"2025-10-02T19:41:37Z","AmountPaid":1500,"OpenBy":"error","LockerCode":"E7"},{"ID":72,"LockerID":56,"Phone":"3212964463","PIN":"1234","Active":0,"StartTime":"2025-10-02T19:41:38Z","EndTime":"2025-10-02T19:41:38Z","AmountPaid":1500,"OpenBy":"error","LockerCode":"F6"},{"ID":73,"LockerID":48,"Phone":"3212200322","PIN":"5221","Active":0,"StartTime":"2025-10-02T19:59:27Z","EndTime":"2025-10-02T19:59:27Z","AmountPaid":1500,"OpenBy":"error","LockerCode":"E8"},{"ID":74,"LockerID":22,"Phone":"3212200322","PIN":"5221","Active":0,"StartTime":"2025-10-02T19:59:28Z","EndTime":"2025-10-02T19:59:28Z","AmountPaid":1500,"OpenBy":"error","LockerCode":"C2"},{"ID":75,"LockerID":29,"Phone":"3024656973","PIN":"1014","Active":0,"StartTime":"2025-10-02T21:06:26Z","EndTime":"2025-10-02T22:09:30Z","AmountPaid":1500,"OpenBy":"user","LockerCode":"C9"},{"ID":76,"LockerID":43,"Phone":"3118929223","PIN":"5463","Active":0,"StartTime":"2025-10-02T22:50:35Z","EndTime":"2025-10-03T00:28:24Z","AmountPaid":1500,"OpenBy":"user","LockerCode":"E3"},{"ID":77,"LockerID":35,"Phone":"3232281069","PIN":"8349","Active":0,"StartTime":"2025-10-02T23:18:28Z","EndTime":"2025-10-03T00:06:37Z","AmountPaid":1500,"OpenBy":"user","LockerCode":"D5"},{"ID":78,"LockerID":55,"Phone":"3123776305","PIN":"2401","Active":0,"StartTime":"2025-10-02T23:22:34Z","EndTime":"2025-10-03T01:43:53Z","AmountPaid":1500,"OpenBy":"user","LockerCode":"F5"},{"ID":79,"LockerID":48,"Phone":"3212209099","PIN":"1231","Active":0,"StartTime":"2025-10-02T23:30:50Z","EndTime":"2025-10-03T01:26:31Z","AmountPaid":1500,"OpenBy":"user","LockerCode":"E8"},{"ID":80,"LockerID":50,"Phone":"3154109246","PIN":"0852","Active":0,"StartTime":"2025-10-02T23:46:09Z","EndTime":"2025-10-03T02:03:36Z","AmountPaid":1500,"OpenBy":"user","LockerCode":"E10"},{"ID":81,"LockerID":13,"Phone":"3002736032","PIN":"3002","Active":0,"StartTime":"2025-10-03T00:01:57Z","EndTime":"2025-10-03T03:57:32Z","AmountPaid":1500,"OpenBy":"user","LockerCode":"B3"},{"ID":82,"LockerID":42,"Phone":"3014017502","PIN":"2074","Active":0,"StartTime":"2025-10-03T00:03:05Z","EndTime":"2025-10-03T01:32:59Z","AmountPaid":1500,"OpenBy":"user","LockerCode":"E2"},{"ID":83,"LockerID":52,"Phone":"3104017502","PIN":"2074","Active":0,"StartTime":"2025-10-03T00:05:22Z","EndTime":"2025-10-03T01:57:32Z","AmountPaid":1500,"OpenBy":"user","LockerCode":"F2"},{"ID":84,"LockerID":56,"Phone":"3057061817","PIN":"1810","Active":0,"StartTime":"2025-10-03T12:27:22Z","EndTime":"2025-10-03T12:27:23Z","AmountPaid":1500,"OpenBy":"error","LockerCode":"F6"},{"ID":85,"LockerID":32,"Phone":"3057061817","PIN":"1810","Active":0,"StartTime":"2025-10-03T12:27:24Z","EndTime":"2025-10-03T13:28:54Z","AmountPaid":1500,"OpenBy":"user","LockerCode":"D2"},{"ID":86,"LockerID":38,"Phone":"3002769664","PIN":"7501","Active":0,"StartTime":"2025-10-03T16:08:12Z","EndTime":"2025-10-03T18:25:01Z","AmountPaid":1500,"OpenBy":"user","LockerCode":"D8"},{"ID":87,"LockerID":39,"Phone":"3054382129","PIN":"1510","Active":0,"StartTime":"2025-10-03T16:52:24Z","EndTime":"2025-10-03T18:42:29Z","AmountPaid":1500,"OpenBy":"user","LockerCode":"D9"},{"ID":88,"LockerID":11,"Phone":"3134264648","PIN":"1234","Active":0,"StartTime":"2025-10-03T18:48:36Z","EndTime":"2025-10-03T18:48:36Z","AmountPaid":1500,"OpenBy":"error","LockerCode":"B1"},{"ID":89,"LockerID":25,"Phone":"3134264648","PIN":"1234","Active":0,"StartTime":"2025-10-03T18:48:37Z","EndTime":"2025-10-03T18:48:37Z","AmountPaid":1500,"OpenBy":"error","LockerCode":"C5"},{"ID":90,"LockerID":4,"Phone":"3134264648","PIN":"1234","Active":0,"StartTime":"2025-10-03T18:48:38Z","EndTime":"2025-10-03T18:48:38Z","AmountPaid":1500,"OpenBy":"error","LockerCode":"A4"},{"ID":91,"LockerID":57,"Phone":"3134264648","PIN":"1234","Active":0,"StartTime":"2025-10-03T18:48:39Z","EndTime":"2025-10-03T18:48:40Z","AmountPaid":1500,"OpenBy":"error","LockerCode":"F7"},{"ID":92,"LockerID":49,"Phone":"3134264648","PIN":"1234","Active":0,"StartTime":"2025-10-03T18:48:41Z","EndTime":"2025-10-03T18:48:41Z","AmountPaid":1500,"OpenBy":"error","LockerCode":"E9"},{"ID":93,"LockerID":5,"Phone":"3134264648","PIN":"1234","Active":0,"StartTime":"2025-10-03T18:48:55Z","EndTime":"2025-10-03T18:48:55Z","AmountPaid":1500,"OpenBy":"error","LockerCode":"A5"},{"ID":94,"LockerID":47,"Phone":"3134264648","PIN":"1234","Active":0,"StartTime":"2025-10-03T18:48:56Z","EndTime":"2025-10-03T18:48:56Z","AmountPaid":1500,"OpenBy":"error","LockerCode":"E7"},{"ID":95,"LockerID":2,"Phone":"3134264648","PIN":"1234","Active":0,"StartTime":"2025-10-03T18:48:57Z","EndTime":"2025-10-03T18:48:57Z","AmountPaid":1500,"OpenBy":"error","LockerCode":"A2"},{"ID":96,"LockerID":6,"Phone":"3134264648","PIN":"1234","Active":0,"StartTime":"2025-10-03T18:48:58Z","EndTime":"2025-10-03T18:48:58Z","AmountPaid":1500,"OpenBy":"error","LockerCode":"A6"},{"ID":97,"LockerID":33,"Phone":"3134264648","PIN":"1234","Active":0,"StartTime":"2025-10-03T18:48:59Z","EndTime":"2025-10-03T18:48:59Z","AmountPaid":1500,"OpenBy":"error","LockerCode":"D3"},{"ID":98,"LockerID":18,"Phone":"3134264648","PIN":"1234","Active":0,"StartTime":"2025-10-03T18:49:08Z","EndTime":"2025-10-03T18:49:08Z","AmountPaid":1500,"OpenBy":"error","LockerCode":"B8"},{"ID":99,"LockerID":7,"Phone":"3134264648","PIN":"1234","Active":0,"StartTime":"2025-10-03T18:49:09Z","EndTime":"2025-10-03T18:49:09Z","AmountPaid":1500,"OpenBy":"error","LockerCode":"A7"},{"ID":100,"LockerID":43,"Phone":"3134264648","PIN":"1234","Active":0,"StartTime":"2025-10-03T18:49:10Z","EndTime":"2025-10-03T18:49:10Z","AmountPaid":1500,"OpenBy":"error","LockerCode":"E3"},{"ID":101,"LockerID":58,"Phone":"3134264648","PIN":"1234","Active":0,"StartTime":"2025-10-03T18:49:11Z","EndTime":"2025-10-03T18:49:11Z","AmountPaid":1500,"OpenBy":"error","LockerCode":"F8"},{"ID":102,"LockerID":48,"Phone":"3134264648","PIN":"1234","Active":0,"StartTime":"2025-10-03T18:49:12Z","EndTime":"2025-10-03T18:49:12Z","AmountPaid":1500,"OpenBy":"error","LockerCode":"E8"},{"ID":103,"LockerID":37,"Phone":"3134264648","PIN":"1234","Active":0,"StartTime":"2025-10-03T18:49:29Z","EndTime":"2025-10-03T18:49:30Z","AmountPaid":1500,"OpenBy":"error","LockerCode":"D7"},{"ID":104,"LockerID":24,"Phone":"3134264648","PIN":"1234","Active":0,"StartTime":"2025-10-03T18:49:31Z","EndTime":"2025-10-03T18:49:31Z","AmountPaid":1500,"OpenBy":"error","LockerCode":"C4"},{"ID":105,"LockerID":14,"Phone":"3134264648","PIN":"1234","Active":0,"StartTime":"2025-10-03T18:49:32Z","EndTime":"2025-10-03T18:49:32Z","AmountPaid":1500,"OpenBy":"error","LockerCode":"B4"},{"ID":106,"LockerID":51,"Phone":"3134264648","PIN":"1234","Active":0,"StartTime":"2025-10-03T18:49:33Z","EndTime":"2025-10-03T18:49:33Z","AmountPaid":1500,"OpenBy":"error","LockerCode":"F1"},{"ID":107,"LockerID":31,"Phone":"3134264648","PIN":"1234","Active":0,"StartTime":"2025-10-03T18:49:34Z","EndTime":"2025-10-03T18:49:34Z","AmountPaid":1500,"OpenBy":"error","LockerCode":"D1"},{"ID":108,"LockerID":21,"Phone":"3134264648","PIN":"1234","Active":0,"StartTime":"2025-10-03T18:50:07Z","EndTime":"2025-10-03T18:50:07Z","AmountPaid":1500,"OpenBy":"error","LockerCode":"C1"},{"ID":109,"LockerID":22,"Phone":"3134264648","PIN":"1234","Active":0,"StartTime":"2025-10-03T18:50:08Z","EndTime":"2025-10-03T18:50:08Z","AmountPaid":1500,"OpenBy":"error","LockerCode":"C2"},{"ID":110,"LockerID":8,"Phone":"3134264648","PIN":"1234","Active":0,"StartTime":"2025-10-03T18:50:09Z","EndTime":"2025-10-03T18:50:09Z","AmountPaid":1500,"OpenBy":"error","LockerCode":"A8"},{"ID":111,"LockerID":12,"Phone":"3134264648","PIN":"1234","Active":0,"StartTime":"2025-10-03T18:50:10Z","EndTime":"2025-10-03T18:50:10Z","AmountPaid":1500,"OpenBy":"error","LockerCode":"B2"},{"ID":112,"LockerID":13,"Phone":"3134264648","PIN":"1234","Active":0,"StartTime":"2025-10-03T18:50:11Z","EndTime":"2025-10-03T18:50:11Z","AmountPaid":1500,"OpenBy":"error","LockerCode":"B3"},{"ID":113,"LockerID":27,"Phone":"3134264648","PIN":"1234","Active":0,"StartTime":"2025-10-03T18:50:32Z","EndTime":"2025-10-03T18:50:32Z","AmountPaid":1500,"OpenBy":"error","LockerCode":"C7"},{"ID":114,"LockerID":9,"Phone":"3134264648","PIN":"1234","Active":0,"StartTime":"2025-10-03T18:50:33Z","EndTime":"2025-10-03T18:50:33Z","AmountPaid":1500,"OpenBy":"error","LockerCode":"A9"},{"ID":115,"LockerID":38,"Phone":"3134264648","PIN":"1234","Active":0,"StartTime":"2025-10-03T18:50:34Z","EndTime":"2025-10-03T18:50:34Z","AmountPaid":1500,"OpenBy":"error","LockerCode":"D8"},{"ID":116,"LockerID":34,"Phone":"3134264648","PIN":"1234","Active":0,"StartTime":"2025-10-03T18:50:35Z","EndTime":"2025-10-03T18:50:35Z","AmountPaid":1500,"OpenBy":"error","LockerCode":"D4"},{"ID":117,"LockerID":50,"Phone":"3134264648","PIN":"1234","Active":0,"StartTime":"2025-10-03T18:50:37Z","EndTime":"2025-10-03T18:50:37Z","AmountPaid":1500,"OpenBy":"error","LockerCode":"E10"},{"ID":118,"LockerID":20,"Phone":"3134264648","PIN":"1234","Active":0,"StartTime":"2025-10-03T18:51:04Z","EndTime":"2025-10-03T18:51:04Z","AmountPaid":1500,"OpenBy":"error","LockerCode":"B10"},{"ID":119,"LockerID":42,"Phone":"3134264648","PIN":"1234","Active":0,"StartTime":"2025-10-03T18:51:05Z","EndTime":"2025-10-03T18:51:05Z","AmountPaid":1500,"OpenBy":"error","LockerCode":"E2"},{"ID":120,"LockerID":40,"Phone":"3134264648","PIN":"1234","Active":0,"StartTime":"2025-10-03T18:51:06Z","EndTime":"2025-10-03T18:51:06Z","AmountPaid":1500,"OpenBy":"error","LockerCode":"D10"},{"ID":121,"LockerID":52,"Phone":"3134264648","PIN":"1234","Active":0,"StartTime":"2025-10-03T18:51:07Z","EndTime":"2025-10-03T18:51:07Z","AmountPaid":1500,"OpenBy":"error","LockerCode":"F2"},{"ID":122,"LockerID":16,"Phone":"3134264648","PIN":"1234","Active":0,"StartTime":"2025-10-03T18:51:08Z","EndTime":"2025-10-03T18:51:08Z","AmountPaid":1500,"OpenBy":"error","LockerCode":"B6"},{"ID":123,"LockerID":1,"Phone":"3134264648","PIN":"1234","Active":0,"StartTime":"2025-10-03T18:51:38Z","EndTime":"2025-10-03T18:51:38Z","AmountPaid":1500,"OpenBy":"error","LockerCode":"A1"},{"ID":124,"LockerID":36,"Phone":"3134264648","PIN":"1234","Active":0,"StartTime":"2025-10-03T18:51:39Z","EndTime":"2025-10-03T18:51:39Z","AmountPaid":1500,"OpenBy":"error","LockerCode":"D6"},{"ID":125,"LockerID":17,"Phone":"3134264648","PIN":"1234","Active":0,"StartTime":"2025-10-03T18:51:40Z","EndTime":"2025-10-03T18:51:40Z","AmountPaid":1500,"OpenBy":"error","LockerCode":"B7"},{"ID":126,"LockerID":46,"Phone":"3134264648","PIN":"1234","Active":0,"StartTime":"2025-10-03T18:51:41Z","EndTime":"2025-10-03T18:51:41Z","AmountPaid":1500,"OpenBy":"error","LockerCode":"E6"},{"ID":127,"LockerID":3,"Phone":"3134264648","PIN":"1234","Active":0,"StartTime":"2025-10-03T18:51:42Z","EndTime":"2025-10-03T18:51:42Z","AmountPaid":1500,"OpenBy":"error","LockerCode":"A3"},{"ID":128,"LockerID":10,"Phone":"3134264648","PIN":"1234","Active":0,"StartTime":"2025-10-03T18:52:15Z","EndTime":"2025-10-03T18:52:15Z","AmountPaid":1500,"OpenBy":"error","LockerCode":"A10"},{"ID":129,"LockerID":41,"Phone":"3134264648","PIN":"1234","Active":0,"StartTime":"2025-10-03T18:52:16Z","EndTime":"2025-10-03T18:52:16Z","AmountPaid":1500,"OpenBy":"error","LockerCode":"E1"},{"ID":130,"LockerID":32,"Phone":"3134264648","PIN":"1234","Active":0,"StartTime":"2025-10-03T18:52:17Z","EndTime":"2025-10-03T18:52:17Z","AmountPaid":1500,"OpenBy":"error","LockerCode":"D2"},{"ID":131,"LockerID":55,"Phone":"3134264648","PIN":"1234","Active":0,"StartTime":"2025-10-03T18:52:18Z","EndTime":"2025-10-03T18:52:18Z","AmountPaid":1500,"OpenBy":"error","LockerCode":"F5"},{"ID":132,"LockerID":35,"Phone":"3134264648","PIN":"1234","Active":0,"StartTime":"2025-10-03T18:52:19Z","EndTime":"2025-10-03T18:52:19Z","AmountPaid":1500,"OpenBy":"error","LockerCode":"D5"},{"ID":133,"LockerID":57,"Phone":"3138989876","PIN":"0857","Active":0,"StartTime":"2025-10-03T21:53:50Z","EndTime":"2025-10-04T03:31:14Z","AmountPaid":1500,"OpenBy":"user","LockerCode":"F7"},{"ID":134,"LockerID":14,"Phone":"3134526862","PIN":"1245","Active":0,"StartTime":"2025-10-03T21:58:23Z","EndTime":"2025-10-04T00:03:01Z","AmountPaid":1500,"OpenBy":"user","LockerCode":"B4"},{"ID":135,"LockerID":21,"Phone":"3207895989","PIN":"0303","Active":0,"StartTime":"2025-10-03T22:33:42Z","EndTime":"2025-10-03T23:31:37Z","AmountPaid":1500,"OpenBy":"user","LockerCode":"C1"},{"ID":136,"LockerID":39,"Phone":"3118471657","PIN":"1099","Active":0,"StartTime":"2025-10-03T23:02:04Z","EndTime":"2025-10-04T00:37:01Z","AmountPaid":1500,"OpenBy":"user","LockerCode":"D9"},{"ID":137,"LockerID":15,"Phone":"3197505984","PIN":"2512","Active":0,"StartTime":"2025-10-04T00:17:30Z","EndTime":"2025-10-04T02:38:51Z","AmountPaid":1500,"OpenBy":"user","LockerCode":"B5"},{"ID":138,"LockerID":21,"Phone":"3214378148","PIN":"2005","Active":0,"StartTime":"2025-10-04T00:40:52Z","EndTime":"2025-10-04T03:02:39Z","AmountPaid":1500,"OpenBy":"user","LockerCode":"C1"},{"ID":139,"LockerID":40,"Phone":"3208706973","PIN":"1008","Active":0,"StartTime":"2025-10-04T00:43:03Z","EndTime":"2025-10-04T03:03:06Z","AmountPaid":1500,"OpenBy":"user","LockerCode":"D10"},{"ID":140,"LockerID":26,"Phone":"3155456118","PIN":"3172","Active":0,"StartTime":"2025-10-04T12:08:46Z","EndTime":"2025-10-04T13:40:41Z","AmountPaid":1500,"OpenBy":"user","LockerCode":"C6"},{"ID":141,"LockerID":54,"Phone":"3102887154","PIN":"0106","Active":0,"StartTime":"2025-10-04T12:49:25Z","EndTime":"2025-10-04T13:45:20Z","AmountPaid":1500,"OpenBy":"user","LockerCode":"F4"},{"ID":142,"LockerID":43,"Phone":"3214489550","PIN":"1712","Active":0,"StartTime":"2025-10-04T12:55:02Z","EndTime":"2025-10-04T13:53:13Z","AmountPaid":1600,"OpenBy":"user","LockerCode":"E3"},{"ID":143,"LockerID":10,"Phone":"3106885890","PIN":"1379","Active":0,"StartTime":"2025-10-04T13:13:53Z","EndTime":"2025-10-04T16:22:50Z","AmountPaid":1500,"OpenBy":"local","LockerCode":"A10"},{"ID":144,"LockerID":13,"Phone":"3103737987","PIN":"0811","Active":0,"StartTime":"2025-10-04T13:20:46Z","EndTime":"2025-10-04T13:20:47Z","AmountPaid":1500,"OpenBy":"error","LockerCode":"B3"},{"ID":145,"LockerID":7,"Phone":"3103737987","PIN":"0811","Active":0,"StartTime":"2025-10-04T13:20:48Z","EndTime":"2025-10-04T13:20:49Z","AmountPaid":1500,"OpenBy":"error","LockerCode":"A7"},{"ID":146,"LockerID":20,"Phone":"3103737987","PIN":"0811","Active":0,"StartTime":"2025-10-04T13:20:50Z","EndTime":"2025-10-04T13:20:51Z","AmountPaid":1500,"OpenBy":"error","LockerCode":"B10"},{"ID":147,"LockerID":50,"Phone":"3103737987","PIN":"0811","Active":0,"StartTime":"2025-10-04T13:20:52Z","EndTime":"2025-10-04T13:20:53Z","AmountPaid":1500,"OpenBy":"error","LockerCode":"E10"},{"ID":148,"LockerID":12,"Phone":"3103737987","PIN":"0811","Active":0,"StartTime":"2025-10-04T13:20:54Z","EndTime":"2025-10-04T13:20:55Z","AmountPaid":1500,"OpenBy":"error","LockerCode":"B2"},{"ID":149,"LockerID":52,"Phone":"3103737987","PIN":"0811","Active":0,"StartTime":"2025-10-04T13:21:01Z","EndTime":"2025-10-04T13:21:01Z","AmountPaid":1500,"OpenBy":"error","LockerCode":"F2"},{"ID":150,"LockerID":11,"Phone":"3103737987","PIN":"0811","Active":0,"StartTime":"2025-10-04T13:21:02Z","EndTime":"2025-10-04T14:37:36Z","AmountPaid":1500,"OpenBy":"user","LockerCode":"B1"},{"ID":151,"LockerID":19,"Phone":"3027109127","PIN":"2003","Active":0,"StartTime":"2025-10-04T13:38:25Z","EndTime":"2025-10-04T15:54:32Z","AmountPaid":1500,"OpenBy":"user","LockerCode":"B9"},{"ID":152,"LockerID":59,"Phone":"3016186865","PIN":"3112","Active":0,"StartTime":"2025-10-04T13:54:17Z","EndTime":"2025-10-04T16:32:34Z","AmountPaid":2000,"OpenBy":"user","LockerCode":"F9"},{"ID":153,"LockerID":42,"Phone":"3112808315","PIN":"1606","Active":0,"StartTime":"2025-10-04T14:58:05Z","EndTime":"2025-10-04T20:58:07Z","AmountPaid":1500,"OpenBy":"user","LockerCode":"E2"},{"ID":154,"LockerID":37,"Phone":"3024675178","PIN":"1028","Active":0,"StartTime":"2025-10-04T15:19:32Z","EndTime":"2025-10-04T17:12:05Z","AmountPaid":1500,"OpenBy":"user","LockerCode":"D7"},{"ID":155,"LockerID":50,"Phone":"3158543242","PIN":"2626","Active":0,"StartTime":"2025-10-04T15:20:32Z","EndTime":"2025-10-04T18:03:04Z","AmountPaid":1500,"OpenBy":"user","LockerCode":"E10"},{"ID":156,"LockerID":36,"Phone":"3143706952","PIN":"1977","Active":0,"StartTime":"2025-10-04T15:32:49Z","EndTime":"2025-10-04T18:10:34Z","AmountPaid":1500,"OpenBy":"user","LockerCode":"D6"},{"ID":157,"LockerID":46,"Phone":"3208204998","PIN":"1234","Active":0,"StartTime":"2025-10-04T15:41:07Z","EndTime":"2025-10-04T19:20:40Z","AmountPaid":1500,"OpenBy":"user","LockerCode":"E6"},{"ID":158,"LockerID":58,"Phone":"3058060593","PIN":"3058","Active":0,"StartTime":"2025-10-04T16:50:30Z","EndTime":"2025-10-04T16:50:30Z","AmountPaid":1500,"OpenBy":"error","LockerCode":"F8"},{"ID":159,"LockerID":60,"Phone":"3058060593","PIN":"3058","Active":0,"StartTime":"2025-10-04T16:50:31Z","EndTime":"2025-10-04T16:50:31Z","AmountPaid":1500,"OpenBy":"error","LockerCode":"F10"},{"ID":160,"LockerID":14,"Phone":"3058060593","PIN":"3058","Active":0,"StartTime":"2025-10-04T16:50:32Z","EndTime":"2025-10-04T16:50:32Z","AmountPaid":1500,"OpenBy":"error","LockerCode":"B4"},{"ID":161,"LockerID":16,"Phone":"3058060593","PIN":"3058","Active":0,"StartTime":"2025-10-04T16:50:33Z","EndTime":"2025-10-04T16:50:33Z","AmountPaid":1500,"OpenBy":"error","LockerCode":"B6"},{"ID":162,"LockerID":22,"Phone":"3058060593","PIN":"3058","Active":0,"StartTime":"2025-10-04T16:50:34Z","EndTime":"2025-10-04T16:50:34Z","AmountPaid":1500,"OpenBy":"error","LockerCode":"C2"},{"ID":163,"LockerID":48,"Phone":"3058060593","PIN":"3058","Active":0,"StartTime":"2025-10-04T16:50:44Z","EndTime":"2025-10-04T16:50:44Z","AmountPaid":1500,"OpenBy":"error","LockerCode":"E8"},{"ID":164,"LockerID":29,"Phone":"3058060593","PIN":"3058","Active":0,"StartTime":"2025-10-04T16:50:45Z","EndTime":"2025-10-04T16:50:45Z","AmountPaid":1500,"OpenBy":"error","LockerCode":"C9"},{"ID":165,"LockerID":59,"Phone":"3058060593","PIN":"3058","Active":0,"StartTime":"2025-10-04T16:50:46Z","EndTime":"2025-10-04T16:50:46Z","AmountPaid":1500,"OpenBy":"error","LockerCode":"F9"},{"ID":166,"LockerID":51,"Phone":"3058060593","PIN":"3058","Active":0,"StartTime":"2025-10-04T16:50:47Z","EndTime":"2025-10-04T16:50:47Z","AmountPaid":1500,"OpenBy":"error","LockerCode":"F1"},{"ID":167,"LockerID":32,"Phone":"3058060593","PIN":"3058","Active":0,"StartTime":"2025-10-04T16:50:48Z","EndTime":"2025-10-04T16:50:48Z","AmountPaid":1500,"OpenBy":"error","LockerCode":"D2"},{"ID":168,"LockerID":38,"Phone":"3058060593","PIN":"3058","Active":0,"StartTime":"2025-10-04T16:51:28Z","EndTime":"2025-10-04T16:51:28Z","AmountPaid":1500,"OpenBy":"error","LockerCode":"D8"},{"ID":169,"LockerID":57,"Phone":"3058060593","PIN":"3058","Active":0,"StartTime":"2025-10-04T16:51:29Z","EndTime":"2025-10-04T16:51:29Z","AmountPaid":1500,"OpenBy":"error","LockerCode":"F7"},{"ID":170,"LockerID":19,"Phone":"3058060593","PIN":"3058","Active":0,"StartTime":"2025-10-04T16:51:30Z","EndTime":"2025-10-04T16:51:30Z","AmountPaid":1500,"OpenBy":"error","LockerCode":"B9"},{"ID":171,"LockerID":33,"Phone":"3058060593","PIN":"3058","Active":0,"StartTime":"2025-10-04T16:51:32Z","EndTime":"2025-10-04T16:51:32Z","AmountPaid":1500,"OpenBy":"error","LockerCode":"D3"},{"ID":172,"LockerID":39,"Phone":"3058060593","PIN":"3058","Active":0,"StartTime":"2025-10-04T16:51:33Z","EndTime":"2025-10-04T16:51:33Z","AmountPaid":1500,"OpenBy":"error","LockerCode":"D9"},{"ID":173,"LockerID":12,"Phone":"3058060593","PIN":"3058","Active":0,"StartTime":"2025-10-04T16:58:03Z","EndTime":"2025-10-04T18:21:25Z","AmountPaid":1500,"OpenBy":"user","LockerCode":"B2"},{"ID":174,"LockerID":5,"Phone":"3228975795","PIN":"1759","Active":0,"StartTime":"2025-10-04T18:26:58Z","EndTime":"2025-10-04T18:26:58Z","AmountPaid":1500,"OpenBy":"error","LockerCode":"A5"},{"ID":175,"LockerID":56,"Phone":"3228975795","PIN":"1759","Active":0,"StartTime":"2025-10-04T18:26:59Z","EndTime":"2025-10-04T18:26:59Z","AmountPaid":1500,"OpenBy":"error","LockerCode":"F6"},{"ID":176,"LockerID":4,"Phone":"3228975795","PIN":"1759","Active":0,"StartTime":"2025-10-04T18:27:00Z","EndTime":"2025-10-04T18:27:00Z","AmountPaid":1500,"OpenBy":"error","LockerCode":"A4"},{"ID":177,"LockerID":12,"Phone":"3228975795","PIN":"1759","Active":0,"StartTime":"2025-10-04T18:27:01Z","EndTime":"2025-10-04T18:27:01Z","AmountPaid":1500,"OpenBy":"error","LockerCode":"B2"},{"ID":178,"LockerID":2,"Phone":"3228975795","PIN":"1759","Active":0,"StartTime":"2025-10-04T18:27:02Z","EndTime":"2025-10-04T18:27:02Z","AmountPaid":1500,"OpenBy":"error","LockerCode":"A2"},{"ID":179,"LockerID":6,"Phone":"3227677167","PIN":"1759","Active":0,"StartTime":"2025-10-04T18:29:14Z","EndTime":"2025-10-04T18:29:14Z","AmountPaid":1500,"OpenBy":"error","LockerCode":"A6"},{"ID":180,"LockerID":13,"Phone":"3227677167","PIN":"1759","Active":0,"StartTime":"2025-10-04T18:29:15Z","EndTime":"2025-10-04T18:29:15Z","AmountPaid":1500,"OpenBy":"error","LockerCode":"B3"},{"ID":181,"LockerID":10,"Phone":"3227677167","PIN":"1759","Active":0,"StartTime":"2025-10-04T18:29:16Z","EndTime":"2025-10-04T18:29:16Z","AmountPaid":1500,"OpenBy":"error","LockerCode":"A10"},{"ID":182,"LockerID":35,"Phone":"3227677167","PIN":"1759","Active":0,"StartTime":"2025-10-04T18:29:17Z","EndTime":"2025-10-04T18:29:17Z","AmountPaid":1500,"OpenBy":"error","LockerCode":"D5"},{"ID":183,"LockerID":23,"Phone":"3227677167","PIN":"1759","Active":0,"StartTime":"2025-10-04T18:29:36Z","EndTime":"2025-10-04T18:29:36Z","AmountPaid":1500,"OpenBy":"error","LockerCode":"C3"},{"ID":184,"LockerID":17,"Phone":"3227677167","PIN":"1759","Active":0,"StartTime":"2025-10-04T18:29:37Z","EndTime":"2025-10-04T18:29:37Z","AmountPaid":1500,"OpenBy":"error","LockerCode":"B7"},{"ID":185,"LockerID":54,"Phone":"3227677167","PIN":"1759","Active":0,"StartTime":"2025-10-04T18:29:38Z","EndTime":"2025-10-04T18:29:38Z","AmountPaid":1500,"OpenBy":"error","LockerCode":"F4"},{"ID":186,"LockerID":45,"Phone":"3227677167","PIN":"1759","Active":0,"StartTime":"2025-10-04T18:29:39Z","EndTime":"2025-10-04T18:29:39Z","AmountPaid":1500,"OpenBy":"error","LockerCode":"E5"},{"ID":187,"LockerID":28,"Phone":"3227677167","PIN":"1759","Active":0,"StartTime":"2025-10-04T18:29:40Z","EndTime":"2025-10-04T18:29:40Z","AmountPaid":1500,"OpenBy":"error","LockerCode":"C8"},{"ID":188,"LockerID":8,"Phone":"3227677167","PIN":"1759","Active":0,"StartTime":"2025-10-04T18:29:47Z","EndTime":"2025-10-04T18:29:47Z","AmountPaid":1500,"OpenBy":"error","LockerCode":"A8"},{"ID":189,"LockerID":41,"Phone":"3227677167","PIN":"1759","Active":0,"StartTime":"2025-10-04T18:29:48Z","EndTime":"2025-10-04T18:29:48Z","AmountPaid":1500,"OpenBy":"error","LockerCode":"E1"},{"ID":190,"LockerID":18,"Phone":"3227677167","PIN":"1759","Active":0,"StartTime":"2025-10-04T18:29:49Z","EndTime":"2025-10-04T18:29:49Z","AmountPaid":1500,"OpenBy":"error","LockerCode":"B8"},{"ID":191,"LockerID":47,"Phone":"3227677167","PIN":"1759","Active":0,"StartTime":"2025-10-04T18:29:50Z","EndTime":"2025-10-04T18:29:50Z","AmountPaid":1500,"OpenBy":"error","LockerCode":"E7"},{"ID":192,"LockerID":37,"Phone":"3227677167","PIN":"1759","Active":0,"StartTime":"2025-10-04T18:29:51Z","EndTime":"2025-10-04T18:29:51Z","AmountPaid":1500,"OpenBy":"error","LockerCode":"D7"},{"ID":193,"LockerID":9,"Phone":"3227677167","PIN":"1759","Active":0,"StartTime":"2025-10-04T18:30:03Z","EndTime":"2025-10-04T18:30:03Z","AmountPaid":1500,"OpenBy":"error","LockerCode":"A9"},{"ID":194,"LockerID":21,"Phone":"3227677167","PIN":"1759","Active":0,"StartTime":"2025-10-04T18:30:04Z","EndTime":"2025-10-04T18:30:04Z","AmountPaid":1500,"OpenBy":"error","LockerCode":"C1"},{"ID":195,"LockerID":25,"Phone":"3227677167","PIN":"1759","Active":0,"StartTime":"2025-10-04T18:30:05Z","EndTime":"2025-10-04T18:30:05Z","AmountPaid":1500,"OpenBy":"error","LockerCode":"C5"},{"ID":196,"LockerID":15,"Phone":"3227677167","PIN":"1759","Active":0,"StartTime":"2025-10-04T18:30:06Z","EndTime":"2025-10-04T18:30:06Z","AmountPaid":1500,"OpenBy":"error","LockerCode":"B5"},{"ID":197,"LockerID":34,"Phone":"3227677167","PIN":"1759","Active":0,"StartTime":"2025-10-04T18:30:07Z","EndTime":"2025-10-04T18:30:07Z","AmountPaid":1500,"OpenBy":"error","LockerCode":"D4"},{"ID":198,"LockerID":36,"Phone":"3227677167","PIN":"1759","Active":0,"StartTime":"2025-10-04T18:30:21Z","EndTime":"2025-10-04T18:30:21Z","AmountPaid":1500,"OpenBy":"error","LockerCode":"D6"},{"ID":199,"LockerID":24,"Phone":"3227677167","PIN":"1759","Active":0,"StartTime":"2025-10-04T18:30:22Z","EndTime":"2025-10-04T18:30:22Z","AmountPaid":1500,"OpenBy":"error","LockerCode":"C4"},{"ID":200,"LockerID":30,"Phone":"3227677167","PIN":"1759","Active":0,"StartTime":"2025-10-04T18:30:23Z","EndTime":"2025-10-04T18:30:23Z","AmountPaid":1500,"OpenBy":"error","LockerCode":"C10"},{"ID":201,"LockerID":52,"Phone":"3227677167","PIN":"1759","Active":0,"StartTime":"2025-10-04T18:30:24Z","EndTime":"2025-10-04T18:30:24Z","AmountPaid":1500,"OpenBy":"error","LockerCode":"F2"},{"ID":202,"LockerID":49,"Phone":"3227677167","PIN":"1759","Active":0,"StartTime":"2025-10-04T18:30:25Z","EndTime":"2025-10-04T18:30:25Z","AmountPaid":1500,"OpenBy":"error","LockerCode":"E9"},{"ID":203,"LockerID":44,"Phone":"3227677167","PIN":"1127","Active":0,"StartTime":"2025-10-04T18:30:43Z","EndTime":"2025-10-04T18:30:43Z","AmountPaid":1500,"OpenBy":"error","LockerCode":"E4"},{"ID":204,"LockerID":53,"Phone":"3227677167","PIN":"1127","Active":0,"StartTime":"2025-10-04T18:30:44Z","EndTime":"2025-10-04T18:30:44Z","AmountPaid":1500,"OpenBy":"error","LockerCode":"F3"},{"ID":205,"LockerID":20,"Phone":"3227677167","PIN":"1127","Active":0,"StartTime":"2025-10-04T18:30:45Z","EndTime":"2025-10-04T18:30:45Z","AmountPaid":1500,"OpenBy":"error","LockerCode":"B10"},{"ID":206,"LockerID":1,"Phone":"3227677167","PIN":"1127","Active":0,"StartTime":"2025-10-04T18:30:46Z","EndTime":"2025-10-04T18:30:46Z","AmountPaid":1500,"OpenBy":"error","LockerCode":"A1"},{"ID":207,"LockerID":31,"Phone":"3227677167","PIN":"1127","Active":0,"StartTime":"2025-10-04T18:30:47Z","EndTime":"2025-10-04T18:30:47Z","AmountPaid":1500,"OpenBy":"error","LockerCode":"D1"},{"ID":208,"LockerID":1,"Phone":"3192536359","PIN":"2410","Active":0,"StartTime":"2025-10-04T19:03:55Z","EndTime":"2025-10-04T20:56:07Z","AmountPaid":1500,"OpenBy":"user","LockerCode":"A1"},{"ID":209,"LockerID":3,"Phone":"3009689949","PIN":"2133","Active":0,"StartTime":"2025-10-04T19:13:12Z","EndTime":"2025-10-04T23:18:47Z","AmountPaid":1500,"OpenBy":"user","LockerCode":"A3"},{"ID":210,"LockerID":2,"Phone":"3142683683","PIN":"2222","Active":0,"StartTime":"2025-10-04T19:40:02Z","EndTime":"2025-10-04T19:40:02Z","AmountPaid":1500,"OpenBy":"error","LockerCode":"A2"},{"ID":211,"LockerID":6,"Phone":"3142683683","PIN":"2222","Active":0,"StartTime":"2025-10-04T19:40:03Z","EndTime":"2025-10-04T19:40:03Z","AmountPaid":1500,"OpenBy":"error","LockerCode":"A6"},{"ID":212,"LockerID":7,"Phone":"3142683683","PIN":"2222","Active":0,"StartTime":"2025-10-04T19:40:04Z","EndTime":"2025-10-04T19:40:04Z","AmountPaid":1500,"OpenBy":"error","LockerCode":"A7"},{"ID":213,"LockerID":4,"Phone":"3142683683","PIN":"2222","Active":0,"StartTime":"2025-10-04T19:40:05Z","EndTime":"2025-10-04T19:40:05Z","AmountPaid":1500,"OpenBy":"error","LockerCode":"A4"},{"ID":214,"LockerID":8,"Phone":"3142683683","PIN":"2222","Active":0,"StartTime":"2025-10-04T19:40:07Z","EndTime":"2025-10-04T19:40:07Z","AmountPaid":1500,"OpenBy":"error","LockerCode":"A8"},{"ID":215,"LockerID":9,"Phone":"3142683683","PIN":"2222","Active":0,"StartTime":"2025-10-04T19:40:17Z","EndTime":"2025-10-04T19:40:17Z","AmountPaid":1500,"OpenBy":"error","LockerCode":"A9"},{"ID":216,"LockerID":10,"Phone":"3142683683","PIN":"2222","Active":0,"StartTime":"2025-10-04T19:40:18Z","EndTime":"2025-10-04T19:40:18Z","AmountPaid":1500,"OpenBy":"error","LockerCode":"A10"},{"ID":217,"LockerID":46,"Phone":"3142683683","PIN":"2222","Active":0,"StartTime":"2025-10-04T19:40:20Z","EndTime":"2025-10-04T19:40:20Z","AmountPaid":1500,"OpenBy":"error","LockerCode":"E6"},{"ID":218,"LockerID":5,"Phone":"3142683683","PIN":"2222","Active":0,"StartTime":"2025-10-04T19:40:21Z","EndTime":"2025-10-04T19:40:21Z","AmountPaid":1500,"OpenBy":"error","LockerCode":"A5"},{"ID":219,"LockerID":6,"Phone":"3124792031","PIN":"2007","Active":0,"StartTime":"2025-10-04T20:01:14Z","EndTime":"2025-10-04T20:01:14Z","AmountPaid":1500,"OpenBy":"error","LockerCode":"A6"},{"ID":220,"LockerID":9,"Phone":"3124792031","PIN":"2007","Active":0,"StartTime":"2025-10-04T20:01:15Z","EndTime":"2025-10-04T20:01:15Z","AmountPaid":1500,"OpenBy":"error","LockerCode":"A9"},{"ID":221,"LockerID":10,"Phone":"3124792031","PIN":"2007","Active":0,"StartTime":"2025-10-04T20:01:16Z","EndTime":"2025-10-04T20:01:16Z","AmountPaid":1500,"OpenBy":"error","LockerCode":"A10"},{"ID":222,"LockerID":7,"Phone":"3124792031","PIN":"2007","Active":0,"StartTime":"2025-10-04T20:01:17Z","EndTime":"2025-10-04T20:01:17Z","AmountPaid":1500,"OpenBy":"error","LockerCode":"A7"},{"ID":223,"LockerID":8,"Phone":"3124792031","PIN":"2007","Active":0,"StartTime":"2025-10-04T20:01:18Z","EndTime":"2025-10-04T20:01:18Z","AmountPaid":1500,"OpenBy":"error","LockerCode":"A8"},{"ID":224,"LockerID":9,"Phone":"3124792031","PIN":"2007","Active":0,"StartTime":"2025-10-04T20:11:22Z","EndTime":"2025-10-04T20:11:22Z","AmountPaid":1500,"OpenBy":"error","LockerCode":"A9"},{"ID":225,"LockerID":5,"Phone":"3124792031","PIN":"2007","Active":0,"StartTime":"2025-10-04T20:11:23Z","EndTime":"2025-10-04T20:11:23Z","AmountPaid":1500,"OpenBy":"error","LockerCode":"A5"},{"ID":226,"LockerID":2,"Phone":"3124792031","PIN":"2007","Active":0,"StartTime":"2025-10-04T20:11:24Z","EndTime":"2025-10-04T20:11:24Z","AmountPaid":1500,"OpenBy":"error","LockerCode":"A2"},{"ID":227,"LockerID":7,"Phone":"3124792031","PIN":"2007","Active":0,"StartTime":"2025-10-04T20:11:25Z","EndTime":"2025-10-04T20:11:25Z","AmountPaid":1500,"OpenBy":"error","LockerCode":"A7"},{"ID":228,"LockerID":6,"Phone":"3124792031","PIN":"2007","Active":0,"StartTime":"2025-10-04T20:11:26Z","EndTime":"2025-10-04T20:11:26Z","AmountPaid":1500,"OpenBy":"error","LockerCode":"A6"},{"ID":229,"LockerID":18,"Phone":"3124792031","PIN":"2007","Active":0,"StartTime":"2025-10-04T20:11:58Z","EndTime":"2025-10-04T20:11:58Z","AmountPaid":1500,"OpenBy":"error","LockerCode":"B8"},{"ID":230,"LockerID":15,"Phone":"3124792031","PIN":"2007","Active":0,"StartTime":"2025-10-04T20:12:00Z","EndTime":"2025-10-04T20:12:00Z","AmountPaid":1500,"OpenBy":"error","LockerCode":"B5"},{"ID":231,"LockerID":12,"Phone":"3124792031","PIN":"2007","Active":0,"StartTime":"2025-10-04T20:12:01Z","EndTime":"2025-10-04T20:12:01Z","AmountPaid":1500,"OpenBy":"error","LockerCode":"B2"},{"ID":232,"LockerID":20,"Phone":"3124792031","PIN":"2007","Active":0,"StartTime":"2025-10-04T20:12:02Z","EndTime":"2025-10-04T20:12:02Z","AmountPaid":1500,"OpenBy":"error","LockerCode":"B10"},{"ID":233,"LockerID":17,"Phone":"3124792031","PIN":"2007","Active":0,"StartTime":"2025-10-04T20:12:03Z","EndTime":"2025-10-04T20:12:03Z","AmountPaid":1500,"OpenBy":"error","LockerCode":"B7"},{"ID":234,"LockerID":8,"Phone":"3105727100","PIN":"2014","Active":0,"StartTime":"2025-10-04T20:47:17Z","EndTime":"2025-10-04T20:47:17Z","AmountPaid":1500,"OpenBy":"error","LockerCode":"A8"},{"ID":235,"LockerID":50,"Phone":"3105727100","PIN":"2014","Active":0,"StartTime":"2025-10-04T20:47:18Z","EndTime":"2025-10-04T20:47:18Z","AmountPaid":1500,"OpenBy":"error","LockerCode":"E10"},{"ID":236,"LockerID":49,"Phone":"3105727100","PIN":"2014","Active":0,"StartTime":"2025-10-04T20:47:19Z","EndTime":"2025-10-04T20:47:19Z","AmountPaid":1500,"OpenBy":"error","LockerCode":"E9"},{"ID":237,"LockerID":18,"Phone":"3105727100","PIN":"2014","Active":0,"StartTime":"2025-10-04T20:47:20Z","EndTime":"2025-10-04T20:47:20Z","AmountPaid":1500,"OpenBy":"error","LockerCode":"B8"},{"ID":238,"LockerID":14,"Phone":"3105727100","PIN":"2014","Active":0,"StartTime":"2025-10-04T20:47:21Z","EndTime":"2025-10-04T20:47:21Z","AmountPaid":1500,"OpenBy":"error","LockerCode":"B4"},{"ID":239,"LockerID":10,"Phone":"3105727100","PIN":"2014","Active":0,"StartTime":"2025-10-04T20:47:41Z","EndTime":"2025-10-04T20:47:41Z","AmountPaid":1500,"OpenBy":"error","LockerCode":"A10"},{"ID":240,"LockerID":32,"Phone":"3105727100","PIN":"2014","Active":0,"StartTime":"2025-10-04T20:47:42Z","EndTime":"2025-10-04T20:47:42Z","AmountPaid":1500,"OpenBy":"error","LockerCode":"D2"},{"ID":241,"LockerID":12,"Phone":"3105727100","PIN":"2014","Active":0,"StartTime":"2025-10-04T20:47:43Z","EndTime":"2025-10-04T20:47:43Z","AmountPaid":1500,"OpenBy":"error","LockerCode":"B2"},{"ID":242,"LockerID":24,"Phone":"3105727100","PIN":"2014","Active":0,"StartTime":"2025-10-04T20:47:44Z","EndTime":"2025-10-04T20:47:45Z","AmountPaid":1500,"OpenBy":"error","LockerCode":"C4"},{"ID":243,"LockerID":45,"Phone":"3105727100","PIN":"2014","Active":0,"StartTime":"2025-10-04T20:47:46Z","EndTime":"2025-10-04T20:47:46Z","AmountPaid":1500,"OpenBy":"error","LockerCode":"E5"},{"ID":244,"LockerID":37,"Phone":"3105727100","PIN":"2014","Active":0,"StartTime":"2025-10-04T20:47:58Z","EndTime":"2025-10-04T20:47:58Z","AmountPaid":1500,"OpenBy":"error","LockerCode":"D7"},{"ID":245,"LockerID":25,"Phone":"3105727100","PIN":"2014","Active":0,"StartTime":"2025-10-04T20:47:59Z","EndTime":"2025-10-04T20:47:59Z","AmountPaid":1500,"OpenBy":"error","LockerCode":"C5"},{"ID":246,"LockerID":57,"Phone":"3105727100","PIN":"2014","Active":0,"StartTime":"2025-10-04T20:48:00Z","EndTime":"2025-10-04T20:48:00Z","AmountPaid":1500,"OpenBy":"error","LockerCode":"F7"},{"ID":247,"LockerID":5,"Phone":"3105727100","PIN":"2014","Active":0,"StartTime":"2025-10-04T20:48:01Z","EndTime":"2025-10-04T20:48:01Z","AmountPaid":1500,"OpenBy":"error","LockerCode":"A5"},{"ID":248,"LockerID":33,"Phone":"3105727100","PIN":"2014","Active":0,"StartTime":"2025-10-04T20:48:02Z","EndTime":"2025-10-04T20:48:02Z","AmountPaid":1500,"OpenBy":"error","LockerCode":"D3"},{"ID":249,"LockerID":6,"Phone":"3105727100","PIN":"2014","Active":0,"StartTime":"2025-10-04T20:48:33Z","EndTime":"2025-10-04T20:48:33Z","AmountPaid":1500,"OpenBy":"error","LockerCode":"A6"},{"ID":250,"LockerID":23,"Phone":"3105727100","PIN":"2014","Active":0,"StartTime":"2025-10-04T20:48:34Z","EndTime":"2025-10-04T20:48:34Z","AmountPaid":1500,"OpenBy":"error","LockerCode":"C3"},{"ID":251,"LockerID":55,"Phone":"3105727100","PIN":"2014","Active":0,"StartTime":"2025-10-04T20:48:35Z","EndTime":"2025-10-04T20:48:35Z","AmountPaid":1500,"OpenBy":"error","LockerCode":"F5"},{"ID":252,"LockerID":56,"Phone":"3105727100","PIN":"2014","Active":0,"StartTime":"2025-10-04T20:48:36Z","EndTime":"2025-10-04T20:48:36Z","AmountPaid":1500,"OpenBy":"error","LockerCode":"F6"},{"ID":253,"LockerID":59,"Phone":"3105727100","PIN":"2014","Active":0,"StartTime":"2025-10-04T20:48:37Z","EndTime":"2025-10-04T20:48:37Z","AmountPaid":1500,"OpenBy":"error","LockerCode":"F9"},{"ID":254,"LockerID":17,"Phone":"3105727100","PIN":"2014","Active":0,"StartTime":"2025-10-04T20:48:44Z","EndTime":"2025-10-04T20:48:44Z","AmountPaid":1500,"OpenBy":"error","LockerCode":"B7"},{"ID":255,"LockerID":51,"Phone":"3105727100","PIN":"2014","Active":0,"StartTime":"2025-10-04T20:48:45Z","EndTime":"2025-10-04T20:48:45Z","AmountPaid":1500,"OpenBy":"error","LockerCode":"F1"},{"ID":256,"LockerID":27,"Phone":"3105727100","PIN":"2014","Active":0,"StartTime":"2025-10-04T20:48:46Z","EndTime":"2025-10-04T20:48:46Z","AmountPaid":1500,"OpenBy":"error","LockerCode":"C7"},{"ID":257,"LockerID":15,"Phone":"3105727100","PIN":"2014","Active":0,"StartTime":"2025-10-04T20:48:47Z","EndTime":"2025-10-04T20:48:47Z","AmountPaid":1500,"OpenBy":"error","LockerCode":"B5"},{"ID":258,"LockerID":40,"Phone":"3105727100","PIN":"2014","Active":0,"StartTime":"2025-10-04T20:48:48Z","EndTime":"2025-10-04T20:48:48Z","AmountPaid":1500,"OpenBy":"error","LockerCode":"D10"},{"ID":259,"LockerID":36,"Phone":"3105727100","PIN":"2014","Active":0,"StartTime":"2025-10-04T20:48:57Z","EndTime":"2025-10-04T20:48:57Z","AmountPaid":1500,"OpenBy":"error","LockerCode":"D6"},{"ID":260,"LockerID":43,"Phone":"3105727100","PIN":"2014","Active":0,"StartTime":"2025-10-04T20:48:58Z","EndTime":"2025-10-04T20:48:58Z","AmountPaid":1500,"OpenBy":"error","LockerCode":"E3"},{"ID":261,"LockerID":2,"Phone":"3105727100","PIN":"2014","Active":0,"StartTime":"2025-10-04T20:48:59Z","EndTime":"2025-10-04T20:48:59Z","AmountPaid":1500,"OpenBy":"error","LockerCode":"A2"},{"ID":262,"LockerID":28,"Phone":"3105727100","PIN":"2014","Active":0,"StartTime":"2025-10-04T20:49:00Z","EndTime":"2025-10-04T20:49:00Z","AmountPaid":1500,"OpenBy":"error","LockerCode":"C8"},{"ID":263,"LockerID":48,"Phone":"3105727100","PIN":"2014","Active":0,"StartTime":"2025-10-04T20:49:01Z","EndTime":"2025-10-04T20:49:01Z","AmountPaid":1500,"OpenBy":"error","LockerCode":"E8"},{"ID":264,"LockerID":58,"Phone":"3105727100","PIN":"2014","Active":0,"StartTime":"2025-10-04T20:49:11Z","EndTime":"2025-10-04T20:49:11Z","AmountPaid":1500,"OpenBy":"error","LockerCode":"F8"},{"ID":265,"LockerID":35,"Phone":"3105727100","PIN":"2014","Active":0,"StartTime":"2025-10-04T20:49:12Z","EndTime":"2025-10-04T20:49:12Z","AmountPaid":1500,"OpenBy":"error","LockerCode":"D5"},{"ID":266,"LockerID":20,"Phone":"3105727100","PIN":"2014","Active":0,"StartTime":"2025-10-04T20:49:13Z","EndTime":"2025-10-04T20:49:13Z","AmountPaid":1500,"OpenBy":"error","LockerCode":"B10"},{"ID":267,"LockerID":44,"Phone":"3105727100","PIN":"2014","Active":0,"StartTime":"2025-10-04T20:49:14Z","EndTime":"2025-10-04T20:49:14Z","AmountPaid":1500,"OpenBy":"error","LockerCode":"E4"},{"ID":268,"LockerID":13,"Phone":"3105727100","PIN":"2014","Active":0,"StartTime":"2025-10-04T20:49:15Z","EndTime":"2025-10-04T20:49:15Z","AmountPaid":1500,"OpenBy":"error","LockerCode":"B3"},{"ID":269,"LockerID":22,"Phone":"3105727100","PIN":"2014","Active":0,"StartTime":"2025-10-04T20:49:39Z","EndTime":"2025-10-04T20:49:39Z","AmountPaid":1500,"OpenBy":"error","LockerCode":"C2"},{"ID":270,"LockerID":9,"Phone":"3105727100","PIN":"2014","Active":0,"StartTime":"2025-10-04T20:49:40Z","EndTime":"2025-10-04T20:49:40Z","AmountPaid":1500,"OpenBy":"error","LockerCode":"A9"},{"ID":271,"LockerID":31,"Phone":"3105727100","PIN":"2014","Active":0,"StartTime":"2025-10-04T20:49:41Z","EndTime":"2025-10-04T20:49:41Z","AmountPaid":1500,"OpenBy":"error","LockerCode":"D1"},{"ID":272,"LockerID":60,"Phone":"3105727100","PIN":"2014","Active":0,"StartTime":"2025-10-04T20:49:42Z","EndTime":"2025-10-04T20:49:42Z","AmountPaid":1500,"OpenBy":"error","LockerCode":"F10"},{"ID":273,"LockerID":16,"Phone":"3105727100","PIN":"2014","Active":0,"StartTime":"2025-10-04T20:49:43Z","EndTime":"2025-10-04T20:49:43Z","AmountPaid":1500,"OpenBy":"error","LockerCode":"B6"},{"ID":274,"LockerID":7,"Phone":"3105727100","PIN":"2014","Active":0,"StartTime":"2025-10-04T20:49:50Z","EndTime":"2025-10-04T20:49:50Z","AmountPaid":1500,"OpenBy":"error","LockerCode":"A7"},{"ID":275,"LockerID":34,"Phone":"3105727100","PIN":"2014","Active":0,"StartTime":"2025-10-04T20:49:51Z","EndTime":"2025-10-04T20:49:51Z","AmountPaid":1500,"OpenBy":"error","LockerCode":"D4"},{"ID":276,"LockerID":53,"Phone":"3105727100","PIN":"2014","Active":0,"StartTime":"2025-10-04T20:49:52Z","EndTime":"2025-10-04T20:49:52Z","AmountPaid":1500,"OpenBy":"error","LockerCode":"F3"},{"ID":277,"LockerID":21,"Phone":"3105727100","PIN":"2014","Active":0,"StartTime":"2025-10-04T20:49:53Z","EndTime":"2025-10-04T20:49:53Z","AmountPaid":1500,"OpenBy":"error","LockerCode":"C1"},{"ID":278,"LockerID":52,"Phone":"3105727100","PIN":"2014","Active":0,"StartTime":"2025-10-04T20:49:54Z","EndTime":"2025-10-04T20:49:54Z","AmountPaid":1500,"OpenBy":"error","LockerCode":"F2"},{"ID":279,"LockerID":47,"Phone":"3105727100","PIN":"2014","Active":0,"StartTime":"2025-10-04T20:50:09Z","EndTime":"2025-10-04T20:50:09Z","AmountPaid":1500,"OpenBy":"error","LockerCode":"E7"},{"ID":280,"LockerID":30,"Phone":"3105727100","PIN":"2014","Active":0,"StartTime":"2025-10-04T20:50:11Z","EndTime":"2025-10-04T20:50:11Z","AmountPaid":1500,"OpenBy":"error","LockerCode":"C10"},{"ID":281,"LockerID":54,"Phone":"3105727100","PIN":"2014","Active":0,"StartTime":"2025-10-04T20:50:12Z","EndTime":"2025-10-04T20:50:12Z","AmountPaid":1500,"OpenBy":"error","LockerCode":"F4"},{"ID":282,"LockerID":26,"Phone":"3105727100","PIN":"2014","Active":0,"StartTime":"2025-10-04T20:50:13Z","EndTime":"2025-10-04T20:50:13Z","AmountPaid":1500,"OpenBy":"error","LockerCode":"C6"},{"ID":283,"LockerID":38,"Phone":"3105727100","PIN":"2014","Active":0,"StartTime":"2025-10-04T20:50:14Z","EndTime":"2025-10-04T20:50:14Z","AmountPaid":1500,"OpenBy":"error","LockerCode":"D8"},{"ID":284,"LockerID":11,"Phone":"3105727100","PIN":"2014","Active":0,"StartTime":"2025-10-04T20:51:10Z","EndTime":"2025-10-04T20:51:10Z","AmountPaid":1500,"OpenBy":"error","LockerCode":"B1"},{"ID":285,"LockerID":39,"Phone":"3105727100","PIN":"2014","Active":0,"StartTime":"2025-10-04T20:51:11Z","EndTime":"2025-10-04T20:51:11Z","AmountPaid":1500,"OpenBy":"error","LockerCode":"D9"},{"ID":286,"LockerID":19,"Phone":"3105727100","PIN":"2014","Active":0,"StartTime":"2025-10-04T20:51:12Z","EndTime":"2025-10-04T20:51:12Z","AmountPaid":1500,"OpenBy":"error","LockerCode":"B9"},{"ID":287,"LockerID":46,"Phone":"3105727100","PIN":"2014","Active":0,"StartTime":"2025-10-04T20:51:13Z","EndTime":"2025-10-04T20:51:13Z","AmountPaid":1500,"OpenBy":"error","LockerCode":"E6"},{"ID":288,"LockerID":41,"Phone":"3105727100","PIN":"2014","Active":0,"StartTime":"2025-10-04T20:51:14Z","EndTime":"2025-10-04T20:51:14Z","AmountPaid":1500,"OpenBy":"error","LockerCode":"E1"},{"ID":289,"LockerID":29,"Phone":"3105727100","PIN":"2014","Active":0,"StartTime":"2025-10-04T20:51:23Z","EndTime":"2025-10-04T20:51:23Z","AmountPaid":1500,"OpenBy":"error","LockerCode":"C9"},{"ID":290,"LockerID":1,"Phone":"3134555898","PIN":"0902","Active":0,"StartTime":"2025-10-04T21:01:44Z","EndTime":"2025-10-04T23:06:35Z","AmountPaid":1500,"OpenBy":"user","LockerCode":"A1"},{"ID":291,"LockerID":60,"Phone":"3103192771","PIN":"1234","Active":0,"StartTime":"2025-10-04T21:07:47Z","EndTime":"2025-10-04T21:08:03Z","AmountPaid":1500,"OpenBy":"user","LockerCode":"F10"},{"ID":292,"LockerID":60,"Phone":"3144756857","PIN":"0855","Active":0,"StartTime":"2025-10-04T21:33:49Z","EndTime":"2025-10-04T22:31:56Z","AmountPaid":1500,"OpenBy":"user","LockerCode":"F10"},{"ID":293,"LockerID":30,"Phone":"3105668502","PIN":"8502","Active":0,"StartTime":"2025-10-04T21:46:07Z","EndTime":"2025-10-04T23:49:08Z","AmountPaid":1500,"OpenBy":"user","LockerCode":"C10"},{"ID":294,"LockerID":50,"Phone":"3103192771","PIN":"0000","Active":0,"StartTime":"2025-10-04T21:58:57Z","EndTime":"2025-10-04T21:59:07Z","AmountPaid":1500,"OpenBy":"user","LockerCode":"E10"},{"ID":295,"LockerID":59,"Phone":"3007701575","PIN":"1196","Active":0,"StartTime":"2025-10-04T22:01:17Z","EndTime":"2025-10-04T22:16:46Z","AmountPaid":1500,"OpenBy":"user","LockerCode":"F9"},{"ID":296,"LockerID":26,"Phone":"3012732774","PIN":"1020","Active":0,"StartTime":"2025-10-04T22:18:56Z","EndTime":"2025-10-04T23:40:00Z","AmountPaid":1500,"OpenBy":"user","LockerCode":"C6"},{"ID":297,"LockerID":54,"Phone":"3125672346","PIN":"1031","Active":0,"StartTime":"2025-10-04T22:42:52Z","EndTime":"2025-10-05T00:27:51Z","AmountPaid":1500,"OpenBy":"user","LockerCode":"F4"},{"ID":298,"LockerID":28,"Phone":"3503615093","PIN":"2214","Active":0,"StartTime":"2025-10-04T23:12:55Z","EndTime":"2025-10-05T00:20:35Z","AmountPaid":1500,"OpenBy":"user","LockerCode":"C8"},{"ID":299,"LockerID":21,"Phone":"3112545199","PIN":"2560","Active":0,"StartTime":"2025-10-04T23:24:16Z","EndTime":"2025-10-05T01:11:55Z","AmountPaid":1500,"OpenBy":"user","LockerCode":"C1"},{"ID":300,"LockerID":57,"Phone":"3114359709","PIN":"1512","Active":0,"StartTime":"2025-10-05T00:37:04Z","EndTime":"2025-10-05T01:32:50Z","AmountPaid":1500,"OpenBy":"user","LockerCode":"F7"},{"ID":301,"LockerID":39,"Phone":"3058200071","PIN":"2508","Active":0,"StartTime":"2025-10-05T00:43:42Z","EndTime":"2025-10-05T03:39:17Z","AmountPaid":1500,"OpenBy":"user","LockerCode":"D9"},{"ID":302,"LockerID":28,"Phone":"3213634452","PIN":"2222","Active":0,"StartTime":"2025-10-05T01:11:34Z","EndTime":"2025-10-05T01:50:34Z","AmountPaid":1500,"OpenBy":"user","LockerCode":"C8"},{"ID":303,"LockerID":4,"Phone":"3164538113","PIN":"0408","Active":0,"StartTime":"2025-10-05T16:15:05Z","EndTime":"2025-10-05T18:48:16Z","AmountPaid":1500,"OpenBy":"user","LockerCode":"A4"},{"ID":304,"LockerID":11,"Phone":"3057582319","PIN":"1203","Active":0,"StartTime":"2025-10-05T16:46:51Z","EndTime":"2025-10-05T17:36:53Z","AmountPaid":1500,"OpenBy":"user","LockerCode":"B1"},{"ID":305,"LockerID":8,"Phone":"3007430327","PIN":"1807","Active":0,"StartTime":"2025-10-05T17:03:31Z","EndTime":"2025-10-05T19:56:50Z","AmountPaid":1500,"OpenBy":"user","LockerCode":"A8"},{"ID":306,"LockerID":56,"Phone":"3508957924","PIN":"1807","Active":0,"StartTime":"2025-10-05T17:05:06Z","EndTime":"2025-10-05T17:05:06Z","AmountPaid":1500,"OpenBy":"error","LockerCode":"F6"},{"ID":307,"LockerID":37,"Phone":"3508957924","PIN":"1807","Active":0,"StartTime":"2025-10-05T17:05:08Z","EndTime":"2025-10-05T19:57:12Z","AmountPaid":1500,"OpenBy":"user","LockerCode":"D7"},{"ID":308,"LockerID":5,"Phone":"3136932005","PIN":"1103","Active":0,"StartTime":"2025-10-05T17:15:07Z","EndTime":"2025-10-05T17:51:00Z","AmountPaid":1500,"OpenBy":"user","LockerCode":"A5"},{"ID":309,"LockerID":54,"Phone":"3508353881","PIN":"1983","Active":0,"StartTime":"2025-10-05T17:15:50Z","EndTime":"2025-10-05T18:12:48Z","AmountPaid":1500,"OpenBy":"user","LockerCode":"F4"},{"ID":310,"LockerID":16,"Phone":"3134596595","PIN":"2020","Active":0,"StartTime":"2025-10-05T17:22:22Z","EndTime":"2025-10-05T19:52:41Z","AmountPaid":1500,"OpenBy":"user","LockerCode":"B6"},{"ID":311,"LockerID":6,"Phone":"3014850544","PIN":"2412","Active":0,"StartTime":"2025-10-05T17:50:30Z","EndTime":"2025-10-05T19:43:05Z","AmountPaid":1500,"OpenBy":"user","LockerCode":"A6"},{"ID":312,"LockerID":59,"Phone":"3174300462","PIN":"9601","Active":0,"StartTime":"2025-10-05T17:52:07Z","EndTime":"2025-10-05T19:24:13Z","AmountPaid":1500,"OpenBy":"user","LockerCode":"F9"},{"ID":313,"LockerID":1,"Phone":"3148809757","PIN":"2412","Active":0,"StartTime":"2025-10-05T17:53:10Z","EndTime":"2025-10-05T19:43:15Z","AmountPaid":1500,"OpenBy":"user","LockerCode":"A1"},{"ID":314,"LockerID":29,"Phone":"3008566764","PIN":"3110","Active":0,"StartTime":"2025-10-05T17:55:01Z","EndTime":"2025-10-05T19:14:01Z","AmountPaid":1500,"OpenBy":"user","LockerCode":"C9"},{"ID":315,"LockerID":5,"Phone":"3213923586","PIN":"9601","Active":0,"StartTime":"2025-10-05T17:58:03Z","EndTime":"2025-10-05T19:24:32Z","AmountPaid":1500,"OpenBy":"user","LockerCode":"A5"},{"ID":316,"LockerID":3,"Phone":"3143000156","PIN":"9701","Active":0,"StartTime":"2025-10-05T18:35:59Z","EndTime":"2025-10-05T21:44:38Z","AmountPaid":1500,"OpenBy":"user","LockerCode":"A3"},{"ID":317,"LockerID":25,"Phone":"3152216272","PIN":"2013","Active":0,"StartTime":"2025-10-05T19:19:01Z","EndTime":"2025-10-05T22:19:06Z","AmountPaid":1500,"OpenBy":"user","LockerCode":"C5"},{"ID":318,"LockerID":5,"Phone":"3107794966","PIN":"6458","Active":0,"StartTime":"2025-10-05T19:45:28Z","EndTime":"2025-10-05T22:41:02Z","AmountPaid":1500,"OpenBy":"user","LockerCode":"A5"},{"ID":319,"LockerID":19,"Phone":"3134972160","PIN":"1425","Active":0,"StartTime":"2025-10-05T20:10:49Z","EndTime":"2025-10-05T21:07:17Z","AmountPaid":1500,"OpenBy":"user","LockerCode":"B9"},{"ID":320,"LockerID":28,"Phone":"3180613903","PIN":"1430","Active":0,"StartTime":"2025-10-05T20:27:24Z","EndTime":"2025-10-05T22:08:21Z","AmountPaid":1500,"OpenBy":"user","LockerCode":"C8"},{"ID":321,"LockerID":55,"Phone":"3132976022","PIN":"0876","Active":0,"StartTime":"2025-10-05T20:31:56Z","EndTime":"2025-10-06T00:18:48Z","AmountPaid":1500,"OpenBy":"user","LockerCode":"F5"},{"ID":322,"LockerID":32,"Phone":"3224095161","PIN":"0707","Active":0,"StartTime":"2025-10-05T20:35:48Z","EndTime":"2025-10-05T22:40:38Z","AmountPaid":1500,"OpenBy":"user","LockerCode":"D2"},{"ID":323,"LockerID":22,"Phone":"3164180757","PIN":"0205","Active":0,"StartTime":"2025-10-05T20:36:53Z","EndTime":"2025-10-05T23:39:54Z","AmountPaid":1500,"OpenBy":"user","LockerCode":"C2"},{"ID":324,"LockerID":6,"Phone":"3192365251","PIN":"6282","Active":0,"StartTime":"2025-10-05T20:40:14Z","EndTime":"2025-10-05T22:47:13Z","AmountPaid":1500,"OpenBy":"user","LockerCode":"A6"},{"ID":325,"LockerID":31,"Phone":"3008821952","PIN":"7811","Active":0,"StartTime":"2025-10-05T20:44:10Z","EndTime":"2025-10-05T23:43:28Z","AmountPaid":1500,"OpenBy":"user","LockerCode":"D1"},{"ID":326,"LockerID":17,"Phone":"3105855289","PIN":"1122","Active":0,"StartTime":"2025-10-05T20:45:32Z","EndTime":"2025-10-05T23:43:48Z","AmountPaid":1500,"OpenBy":"user","LockerCode":"B7"},{"ID":327,"LockerID":19,"Phone":"3165355493","PIN":"2580","Active":0,"StartTime":"2025-10-05T21:34:52Z","EndTime":"2025-10-05T23:09:13Z","AmountPaid":1500,"OpenBy":"user","LockerCode":"B9"},{"ID":328,"LockerID":51,"Phone":"3112667736","PIN":"2505","Active":0,"StartTime":"2025-10-05T22:07:54Z","EndTime":"2025-10-06T02:39:08Z","AmountPaid":1500,"OpenBy":"user","LockerCode":"F1"},{"ID":329,"LockerID":50,"Phone":"3508142987","PIN":"2841","Active":0,"StartTime":"2025-10-05T22:12:49Z","EndTime":"2025-10-05T23:05:32Z","AmountPaid":1500,"OpenBy":"user","LockerCode":"E10"},{"ID":330,"LockerID":43,"Phone":"3242040667","PIN":"0812","Active":0,"StartTime":"2025-10-05T22:13:36Z","EndTime":"2025-10-05T23:51:19Z","AmountPaid":1500,"OpenBy":"user","LockerCode":"E3"},{"ID":331,"LockerID":34,"Phone":"3107924225","PIN":"0000","Active":0,"StartTime":"2025-10-05T22:52:30Z","EndTime":"2025-10-06T01:27:44Z","AmountPaid":1500,"OpenBy":"user","LockerCode":"D4"},{"ID":332,"LockerID":8,"Phone":"3006505492","PIN":"0902","Active":0,"StartTime":"2025-10-05T22:55:47Z","EndTime":"2025-10-05T23:31:23Z","AmountPaid":1500,"OpenBy":"user","LockerCode":"A8"},{"ID":333,"LockerID":10,"Phone":"3248643851","PIN":"8521","Active":0,"StartTime":"2025-10-05T22:57:38Z","EndTime":"2025-10-05T23:24:01Z","AmountPaid":1500,"OpenBy":"user","LockerCode":"A10"},{"ID":334,"LockerID":60,"Phone":"3227013066","PIN":"2904","Active":0,"StartTime":"2025-10-05T23:37:38Z","EndTime":"2025-10-06T00:50:43Z","AmountPaid":1500,"OpenBy":"user","LockerCode":"F10"},{"ID":335,"LockerID":48,"Phone":"3223537741","PIN":"2904","Active":0,"StartTime":"2025-10-05T23:39:11Z","EndTime":"2025-10-06T00:50:54Z","AmountPaid":1500,"OpenBy":"user","LockerCode":"E8"},{"ID":336,"LockerID":19,"Phone":"3184920950","PIN":"1807","Active":0,"StartTime":"2025-10-06T11:24:19Z","EndTime":"2025-10-06T12:30:30Z","AmountPaid":1500,"OpenBy":"user","LockerCode":"B9"},{"ID":337,"LockerID":45,"Phone":"3148169044","PIN":"9804","Active":0,"StartTime":"2025-10-06T12:07:26Z","EndTime":"2025-10-06T13:17:23Z","AmountPaid":1500,"OpenBy":"user","LockerCode":"E5"},{"ID":338,"LockerID":3,"Phone":"3194051169","PIN":"9905","Active":0,"StartTime":"2025-10-06T13:25:07Z","EndTime":"2025-10-06T23:36:27Z","AmountPaid":1500,"OpenBy":"user","LockerCode":"A3"},{"ID":339,"LockerID":52,"Phone":"3118459069","PIN":"1608","Active":0,"StartTime":"2025-10-06T13:30:50Z","EndTime":"2025-10-06T13:58:48Z","AmountPaid":1500,"OpenBy":"user","LockerCode":"F2"},{"ID":340,"LockerID":50,"Phone":"3153618369","PIN":"1309","Active":0,"StartTime":"2025-10-06T15:07:30Z","EndTime":"2025-10-06T15:25:41Z","AmountPaid":1500,"OpenBy":"user","LockerCode":"E10"},{"ID":341,"LockerID":5,"Phone":"3003041589","PIN":"6521","Active":0,"StartTime":"2025-10-06T15:29:54Z","EndTime":"2025-10-06T17:11:11Z","AmountPaid":1500,"OpenBy":"user","LockerCode":"A5"},{"ID":342,"LockerID":59,"Phone":"3125277820","PIN":"0852","Active":0,"StartTime":"2025-10-06T15:39:56Z","EndTime":"2025-10-06T18:09:39Z","AmountPaid":1500,"OpenBy":"user","LockerCode":"F9"},{"ID":343,"LockerID":14,"Phone":"3012214526","PIN":"5689","Active":0,"StartTime":"2025-10-06T15:44:54Z","EndTime":"2025-10-06T17:00:05Z","AmountPaid":1500,"OpenBy":"user","LockerCode":"B4"},{"ID":344,"LockerID":12,"Phone":"3152189715","PIN":"1980","Active":0,"StartTime":"2025-10-06T16:42:44Z","EndTime":"2025-10-06T17:17:08Z","AmountPaid":1600,"OpenBy":"user","LockerCode":"B2"},{"ID":345,"LockerID":45,"Phone":"3234923198","PIN":"2002","Active":0,"StartTime":"2025-10-06T17:05:51Z","EndTime":"2025-10-06T19:06:02Z","AmountPaid":1500,"OpenBy":"user","LockerCode":"E5"},{"ID":346,"LockerID":28,"Phone":"3246213622","PIN":"1102","Active":0,"StartTime":"2025-10-06T18:04:00Z","EndTime":"2025-10-06T19:11:59Z","AmountPaid":1500,"OpenBy":"user","LockerCode":"C8"},{"ID":347,"LockerID":22,"Phone":"3118177312","PIN":"1379","Active":0,"StartTime":"2025-10-06T18:27:20Z","EndTime":"2025-10-06T19:53:53Z","AmountPaid":1700,"OpenBy":"user","LockerCode":"C2"},{"ID":348,"LockerID":26,"Phone":"3054583050","PIN":"2003","Active":0,"StartTime":"2025-10-06T18:52:08Z","EndTime":"2025-10-06T19:49:23Z","AmountPaid":1500,"OpenBy":"user","LockerCode":"C6"},{"ID":349,"LockerID":18,"Phone":"3118094594","PIN":"4594","Active":0,"StartTime":"2025-10-06T19:19:08Z","EndTime":"2025-10-06T20:22:20Z","AmountPaid":1500,"OpenBy":"user","LockerCode":"B8"},{"ID":350,"LockerID":2,"Phone":"3015904518","PIN":"1323","Active":0,"StartTime":"2025-10-06T19:23:22Z","EndTime":"2025-10-06T19:45:56Z","AmountPaid":1500,"OpenBy":"user","LockerCode":"A2"},{"ID":351,"LockerID":37,"Phone":"3233788239","PIN":"1818","Active":0,"StartTime":"2025-10-06T19:25:03Z","EndTime":"2025-10-06T19:44:39Z","AmountPaid":1500,"OpenBy":"user","LockerCode":"D7"},{"ID":352,"LockerID":45,"Phone":"3124667569","PIN":"6321","Active":0,"StartTime":"2025-10-06T19:53:05Z","EndTime":"2025-10-06T20:49:16Z","AmountPaid":1500,"OpenBy":"user","LockerCode":"E5"},{"ID":353,"LockerID":1,"Phone":"3103828664","PIN":"3204","Active":0,"StartTime":"2025-10-06T20:13:19Z","EndTime":"2025-10-07T00:14:37Z","AmountPaid":1500,"OpenBy":"user","LockerCode":"A1"},{"ID":354,"LockerID":43,"Phone":"3046657640","PIN":"2331","Active":0,"StartTime":"2025-10-06T20:51:09Z","EndTime":"2025-10-06T21:16:11Z","AmountPaid":1500,"OpenBy":"user","LockerCode":"E3"},{"ID":355,"LockerID":44,"Phone":"3195985796","PIN":"1214","Active":0,"StartTime":"2025-10-06T21:07:54Z","EndTime":"2025-10-06T22:01:35Z","AmountPaid":1500,"OpenBy":"user","LockerCode":"E4"},{"ID":356,"LockerID":55,"Phone":"3024179013","PIN":"4689","Active":0,"StartTime":"2025-10-06T22:42:00Z","EndTime":"2025-10-07T00:03:58Z","AmountPaid":1500,"OpenBy":"user","LockerCode":"F5"},{"ID":357,"LockerID":54,"Phone":"3212384685","PIN":"2582","Active":0,"StartTime":"2025-10-06T22:44:05Z","EndTime":"2025-10-07T01:26:07Z","AmountPaid":1500,"OpenBy":"user","LockerCode":"F4"},{"ID":358,"LockerID":26,"Phone":"3172166639","PIN":"1946","Active":0,"StartTime":"2025-10-06T23:42:28Z","EndTime":"2025-10-07T00:59:22Z","AmountPaid":1500,"OpenBy":"user","LockerCode":"C6"},{"ID":359,"LockerID":30,"Phone":"3102319349","PIN":"9208","Active":1,"StartTime":"2025-10-06T23:56:23Z","EndTime":null,"AmountPaid":1500,"OpenBy":"user","LockerCode":"C10"},{"ID":360,"LockerID":41,"Phone":"3142321998","PIN":"2003","Active":1,"StartTime":"2025-10-07T00:44:05Z","EndTime":null,"AmountPaid":1500,"OpenBy":"user","LockerCode":"E1"}]
[2025-10-06 23:07:25] [INFO] [main] [reportLockers] Reporte generado con éxito
[2025-10-06 23:07:46] [INFO] [main] [reportLockers] Iniciando petición para obtener el reporte de casilleros
[2025-10-06 23:07:46] [INFO] [main] [reportLockers] Timeout efectivo en ejecución: 30000
[2025-10-06 23:07:46] [INFO] [main] [reportLockers] Intento 1: HOST -> http://localhost:8080
[2025-10-06 23:07:46] [INFO] [main] [reportLockers] Intento 1: URL -> /api/lockers/report
[2025-10-06 23:07:46] [INFO] [main] [reportLockers] Intento 1: Request -> {"startDate":"2025-10-01 05:00:00","endDate":"2025-10-07 04:05:59","sendEmail":false}
[2025-10-06 23:07:47] [INFO] [main] [reportLockers] Response. Status: 200
[2025-10-06 23:07:47] [INFO] [main] [reportLockers] Response. Data: [{"ID":1,"LockerID":52,"Phone":"3233004015","PIN":"1996","Active":0,"StartTime":"2025-10-01T12:37:08Z","EndTime":"2025-10-01T13:21:19Z","AmountPaid":1500,"OpenBy":"user","LockerCode":"F2"},{"ID":2,"LockerID":3,"Phone":"3112578764","PIN":"8617","Active":0,"StartTime":"2025-10-01T16:01:40Z","EndTime":"2025-10-01T17:59:50Z","AmountPaid":1500,"OpenBy":"user","LockerCode":"A3"},{"ID":3,"LockerID":29,"Phone":"3502087413","PIN":"1972","Active":0,"StartTime":"2025-10-01T16:37:31Z","EndTime":"2025-10-01T18:15:58Z","AmountPaid":1500,"OpenBy":"user","LockerCode":"C9"},{"ID":4,"LockerID":24,"Phone":"3057498660","PIN":"2610","Active":0,"StartTime":"2025-10-01T19:10:06Z","EndTime":"2025-10-01T21:34:16Z","AmountPaid":1500,"OpenBy":"user","LockerCode":"C4"},{"ID":5,"LockerID":36,"Phone":"3003803986","PIN":"0852","Active":0,"StartTime":"2025-10-01T19:23:00Z","EndTime":"2025-10-01T23:46:33Z","AmountPaid":1500,"OpenBy":"user","LockerCode":"D6"},{"ID":6,"LockerID":14,"Phone":"3024179013","PIN":"4689","Active":0,"StartTime":"2025-10-01T22:15:50Z","EndTime":"2025-10-01T23:49:54Z","AmountPaid":1500,"OpenBy":"user","LockerCode":"B4"},{"ID":7,"LockerID":31,"Phone":"3160673333","PIN":"0715","Active":0,"StartTime":"2025-10-01T22:53:37Z","EndTime":"2025-10-02T01:42:54Z","AmountPaid":1500,"OpenBy":"user","LockerCode":"D1"},{"ID":8,"LockerID":52,"Phone":"3144825632","PIN":"1029","Active":0,"StartTime":"2025-10-01T22:55:20Z","EndTime":"2025-10-02T01:52:47Z","AmountPaid":1500,"OpenBy":"user","LockerCode":"F2"},{"ID":9,"LockerID":4,"Phone":"3209057786","PIN":"3117","Active":0,"StartTime":"2025-10-02T00:17:47Z","EndTime":"2025-10-02T02:34:56Z","AmountPaid":1500,"OpenBy":"user","LockerCode":"A4"},{"ID":10,"LockerID":10,"Phone":"3224191522","PIN":"1997","Active":0,"StartTime":"2025-10-02T00:18:59Z","EndTime":"2025-10-02T02:34:36Z","AmountPaid":1900,"OpenBy":"user","LockerCode":"A10"},{"ID":11,"LockerID":12,"Phone":"3127201635","PIN":"1999","Active":0,"StartTime":"2025-10-02T00:20:42Z","EndTime":"2025-10-02T02:37:26Z","AmountPaid":1500,"OpenBy":"user","LockerCode":"B2"},{"ID":12,"LockerID":58,"Phone":"3107982218","PIN":"1982","Active":0,"StartTime":"2025-10-02T01:59:37Z","EndTime":"2025-10-02T04:57:40Z","AmountPaid":1500,"OpenBy":"user","LockerCode":"F8"},{"ID":13,"LockerID":55,"Phone":"3123004862","PIN":"0721","Active":0,"StartTime":"2025-10-02T12:24:32Z","EndTime":"2025-10-02T12:38:10Z","AmountPaid":1500,"OpenBy":"user","LockerCode":"F5"},{"ID":14,"LockerID":34,"Phone":"3103505998","PIN":"4753","Active":0,"StartTime":"2025-10-02T13:22:41Z","EndTime":"2025-10-02T16:37:43Z","AmountPaid":1500,"OpenBy":"user","LockerCode":"D4"},{"ID":15,"LockerID":39,"Phone":"3205326065","PIN":"2608","Active":0,"StartTime":"2025-10-02T17:30:06Z","EndTime":"2025-10-02T21:49:20Z","AmountPaid":1500,"OpenBy":"user","LockerCode":"D9"},{"ID":16,"LockerID":44,"Phone":"3115583472","PIN":"1242","Active":0,"StartTime":"2025-10-02T18:56:05Z","EndTime":"2025-10-02T21:49:37Z","AmountPaid":1500,"OpenBy":"user","LockerCode":"E4"},{"ID":17,"LockerID":4,"Phone":"3203994118","PIN":"1508","Active":0,"StartTime":"2025-10-02T18:56:46Z","EndTime":"2025-10-02T20:41:34Z","AmountPaid":1500,"OpenBy":"local","LockerCode":"A4"},{"ID":18,"LockerID":23,"Phone":"3212964463","PIN":"1234","Active":0,"StartTime":"2025-10-02T19:38:03Z","EndTime":"2025-10-02T19:38:03Z","AmountPaid":1500,"OpenBy":"error","LockerCode":"C3"},{"ID":19,"LockerID":28,"Phone":"3212964463","PIN":"1234","Active":0,"StartTime":"2025-10-02T19:38:04Z","EndTime":"2025-10-02T19:38:04Z","AmountPaid":1500,"OpenBy":"error","LockerCode":"C8"},{"ID":20,"LockerID":24,"Phone":"3212964463","PIN":"1234","Active":0,"StartTime":"2025-10-02T19:38:06Z","EndTime":"2025-10-02T19:38:06Z","AmountPaid":1500,"OpenBy":"error","LockerCode":"C4"},{"ID":21,"LockerID":52,"Phone":"3212964463","PIN":"1234","Active":0,"StartTime":"2025-10-02T19:38:07Z","EndTime":"2025-10-02T19:38:07Z","AmountPaid":1500,"OpenBy":"error","LockerCode":"F2"},{"ID":22,"LockerID":25,"Phone":"3212964463","PIN":"1234","Active":0,"StartTime":"2025-10-02T19:38:08Z","EndTime":"2025-10-02T19:38:08Z","AmountPaid":1500,"OpenBy":"error","LockerCode":"C5"},{"ID":23,"LockerID":59,"Phone":"3212964463","PIN":"1234","Active":0,"StartTime":"2025-10-02T19:38:27Z","EndTime":"2025-10-02T19:38:27Z","AmountPaid":1500,"OpenBy":"error","LockerCode":"F9"},{"ID":24,"LockerID":46,"Phone":"3212964463","PIN":"1234","Active":0,"StartTime":"2025-10-02T19:38:28Z","EndTime":"2025-10-02T19:38:28Z","AmountPaid":1500,"OpenBy":"error","LockerCode":"E6"},{"ID":25,"LockerID":29,"Phone":"3212964463","PIN":"1234","Active":0,"StartTime":"2025-10-02T19:38:29Z","EndTime":"2025-10-02T19:38:29Z","AmountPaid":1500,"OpenBy":"error","LockerCode":"C9"},{"ID":26,"LockerID":10,"Phone":"3212964463","PIN":"1234","Active":0,"StartTime":"2025-10-02T19:38:30Z","EndTime":"2025-10-02T19:38:30Z","AmountPaid":1500,"OpenBy":"error","LockerCode":"A10"},{"ID":27,"LockerID":18,"Phone":"3212964463","PIN":"1234","Active":0,"StartTime":"2025-10-02T19:38:31Z","EndTime":"2025-10-02T19:38:31Z","AmountPaid":1500,"OpenBy":"error","LockerCode":"B8"},{"ID":28,"LockerID":6,"Phone":"3212964463","PIN":"1234","Active":0,"StartTime":"2025-10-02T19:38:40Z","EndTime":"2025-10-02T19:38:40Z","AmountPaid":1500,"OpenBy":"error","LockerCode":"A6"},{"ID":29,"LockerID":5,"Phone":"3212964463","PIN":"1234","Active":0,"StartTime":"2025-10-02T19:38:41Z","EndTime":"2025-10-02T19:38:41Z","AmountPaid":1500,"OpenBy":"error","LockerCode":"A5"},{"ID":30,"LockerID":26,"Phone":"3212964463","PIN":"1234","Active":0,"StartTime":"2025-10-02T19:38:42Z","EndTime":"2025-10-02T19:38:42Z","AmountPaid":1500,"OpenBy":"error","LockerCode":"C6"},{"ID":31,"LockerID":13,"Phone":"3212964463","PIN":"1234","Active":0,"StartTime":"2025-10-02T19:38:43Z","EndTime":"2025-10-02T19:38:43Z","AmountPaid":1500,"OpenBy":"error","LockerCode":"B3"},{"ID":32,"LockerID":50,"Phone":"3212964463","PIN":"1234","Active":0,"StartTime":"2025-10-02T19:38:44Z","EndTime":"2025-10-02T19:38:44Z","AmountPaid":1500,"OpenBy":"error","LockerCode":"E10"},{"ID":33,"LockerID":55,"Phone":"3212964463","PIN":"1234","Active":0,"StartTime":"2025-10-02T19:39:09Z","EndTime":"2025-10-02T19:39:09Z","AmountPaid":1500,"OpenBy":"error","LockerCode":"F5"},{"ID":34,"LockerID":43,"Phone":"3212964463","PIN":"1234","Active":0,"StartTime":"2025-10-02T19:39:10Z","EndTime":"2025-10-02T19:39:10Z","AmountPaid":1500,"OpenBy":"error","LockerCode":"E3"},{"ID":35,"LockerID":30,"Phone":"3212964463","PIN":"1234","Active":0,"StartTime":"2025-10-02T19:39:11Z","EndTime":"2025-10-02T19:39:11Z","AmountPaid":1500,"OpenBy":"error","LockerCode":"C10"},{"ID":36,"LockerID":40,"Phone":"3212964463","PIN":"1234","Active":0,"StartTime":"2025-10-02T19:39:12Z","EndTime":"2025-10-02T19:39:12Z","AmountPaid":1500,"OpenBy":"error","LockerCode":"D10"},{"ID":37,"LockerID":60,"Phone":"3212964463","PIN":"1234","Active":0,"StartTime":"2025-10-02T19:39:13Z","EndTime":"2025-10-02T19:39:13Z","AmountPaid":1500,"OpenBy":"error","LockerCode":"F10"},{"ID":38,"LockerID":58,"Phone":"3212964463","PIN":"1234","Active":0,"StartTime":"2025-10-02T19:39:19Z","EndTime":"2025-10-02T19:39:19Z","AmountPaid":1500,"OpenBy":"error","LockerCode":"F8"},{"ID":39,"LockerID":8,"Phone":"3212964463","PIN":"1234","Active":0,"StartTime":"2025-10-02T19:39:20Z","EndTime":"2025-10-02T19:39:20Z","AmountPaid":1500,"OpenBy":"error","LockerCode":"A8"},{"ID":40,"LockerID":36,"Phone":"3212964463","PIN":"1234","Active":0,"StartTime":"2025-10-02T19:39:21Z","EndTime":"2025-10-02T19:39:21Z","AmountPaid":1500,"OpenBy":"error","LockerCode":"D6"},{"ID":41,"LockerID":3,"Phone":"3212964463","PIN":"1234","Active":0,"StartTime":"2025-10-02T19:39:22Z","EndTime":"2025-10-02T19:39:22Z","AmountPaid":1500,"OpenBy":"error","LockerCode":"A3"},{"ID":42,"LockerID":19,"Phone":"3212964463","PIN":"1234","Active":0,"StartTime":"2025-10-02T19:39:23Z","EndTime":"2025-10-02T19:39:23Z","AmountPaid":1500,"OpenBy":"error","LockerCode":"B9"},{"ID":43,"LockerID":42,"Phone":"3212964463","PIN":"1234","Active":0,"StartTime":"2025-10-02T19:39:50Z","EndTime":"2025-10-02T19:39:50Z","AmountPaid":1500,"OpenBy":"error","LockerCode":"E2"},{"ID":44,"LockerID":27,"Phone":"3212964463","PIN":"1234","Active":0,"StartTime":"2025-10-02T19:39:51Z","EndTime":"2025-10-02T19:39:51Z","AmountPaid":1500,"OpenBy":"error","LockerCode":"C7"},{"ID":45,"LockerID":2,"Phone":"3212964463","PIN":"1234","Active":0,"StartTime":"2025-10-02T19:39:52Z","EndTime":"2025-10-02T19:39:52Z","AmountPaid":1500,"OpenBy":"error","LockerCode":"A2"},{"ID":46,"LockerID":38,"Phone":"3212964463","PIN":"1234","Active":0,"StartTime":"2025-10-02T19:39:53Z","EndTime":"2025-10-02T19:39:53Z","AmountPaid":1500,"OpenBy":"error","LockerCode":"D8"},{"ID":47,"LockerID":11,"Phone":"3212964463","PIN":"1234","Active":0,"StartTime":"2025-10-02T19:39:54Z","EndTime":"2025-10-02T19:39:54Z","AmountPaid":1500,"OpenBy":"error","LockerCode":"B1"},{"ID":48,"LockerID":57,"Phone":"3212964463","PIN":"1234","Active":0,"StartTime":"2025-10-02T19:40:17Z","EndTime":"2025-10-02T19:40:17Z","AmountPaid":1500,"OpenBy":"error","LockerCode":"F7"},{"ID":49,"LockerID":49,"Phone":"3212964463","PIN":"1234","Active":0,"StartTime":"2025-10-02T19:40:18Z","EndTime":"2025-10-02T19:40:18Z","AmountPaid":1500,"OpenBy":"error","LockerCode":"E9"},{"ID":50,"LockerID":16,"Phone":"3212964463","PIN":"1234","Active":0,"StartTime":"2025-10-02T19:40:19Z","EndTime":"2025-10-02T19:40:19Z","AmountPaid":1500,"OpenBy":"error","LockerCode":"B6"},{"ID":51,"LockerID":9,"Phone":"3212964463","PIN":"1234","Active":0,"StartTime":"2025-10-02T19:40:20Z","EndTime":"2025-10-02T19:40:20Z","AmountPaid":1500,"OpenBy":"error","LockerCode":"A9"},{"ID":52,"LockerID":34,"Phone":"3212964463","PIN":"1234","Active":0,"StartTime":"2025-10-02T19:40:21Z","EndTime":"2025-10-02T19:40:21Z","AmountPaid":1500,"OpenBy":"error","LockerCode":"D4"},{"ID":53,"LockerID":20,"Phone":"3212964463","PIN":"1234","Active":0,"StartTime":"2025-10-02T19:40:32Z","EndTime":"2025-10-02T19:40:32Z","AmountPaid":1500,"OpenBy":"error","LockerCode":"B10"},{"ID":54,"LockerID":45,"Phone":"3212964463","PIN":"1234","Active":0,"StartTime":"2025-10-02T19:40:33Z","EndTime":"2025-10-02T19:40:33Z","AmountPaid":1500,"OpenBy":"error","LockerCode":"E5"},{"ID":55,"LockerID":7,"Phone":"3212964463","PIN":"1234","Active":0,"StartTime":"2025-10-02T19:40:34Z","EndTime":"2025-10-02T19:40:34Z","AmountPaid":1500,"OpenBy":"error","LockerCode":"A7"},{"ID":56,"LockerID":32,"Phone":"3212964463","PIN":"1234","Active":0,"StartTime":"2025-10-02T19:40:35Z","EndTime":"2025-10-02T19:40:35Z","AmountPaid":1500,"OpenBy":"error","LockerCode":"D2"},{"ID":57,"LockerID":54,"Phone":"3212964463","PIN":"1234","Active":0,"StartTime":"2025-10-02T19:40:36Z","EndTime":"2025-10-02T19:40:36Z","AmountPaid":1500,"OpenBy":"error","LockerCode":"F4"},{"ID":58,"LockerID":37,"Phone":"3212964463","PIN":"1234","Active":0,"StartTime":"2025-10-02T19:40:53Z","EndTime":"2025-10-02T19:40:53Z","AmountPaid":1500,"OpenBy":"error","LockerCode":"D7"},{"ID":59,"LockerID":1,"Phone":"3212964463","PIN":"1234","Active":0,"StartTime":"2025-10-02T19:40:54Z","EndTime":"2025-10-02T19:40:54Z","AmountPaid":1500,"OpenBy":"error","LockerCode":"A1"},{"ID":60,"LockerID":12,"Phone":"3212964463","PIN":"1234","Active":0,"StartTime":"2025-10-02T19:40:55Z","EndTime":"2025-10-02T19:40:55Z","AmountPaid":1500,"OpenBy":"error","LockerCode":"B2"},{"ID":61,"LockerID":35,"Phone":"3212964463","PIN":"1234","Active":0,"StartTime":"2025-10-02T19:40:56Z","EndTime":"2025-10-02T19:40:56Z","AmountPaid":1500,"OpenBy":"error","LockerCode":"D5"},{"ID":62,"LockerID":41,"Phone":"3212964463","PIN":"1234","Active":0,"StartTime":"2025-10-02T19:40:57Z","EndTime":"2025-10-02T19:40:57Z","AmountPaid":1500,"OpenBy":"error","LockerCode":"E1"},{"ID":63,"LockerID":14,"Phone":"3212964463","PIN":"1234","Active":0,"StartTime":"2025-10-02T19:41:05Z","EndTime":"2025-10-02T19:41:05Z","AmountPaid":1500,"OpenBy":"error","LockerCode":"B4"},{"ID":64,"LockerID":53,"Phone":"3212964463","PIN":"1234","Active":0,"StartTime":"2025-10-02T19:41:06Z","EndTime":"2025-10-02T19:41:06Z","AmountPaid":1500,"OpenBy":"error","LockerCode":"F3"},{"ID":65,"LockerID":15,"Phone":"3212964463","PIN":"1234","Active":0,"StartTime":"2025-10-02T19:41:07Z","EndTime":"2025-10-02T19:41:07Z","AmountPaid":1500,"OpenBy":"error","LockerCode":"B5"},{"ID":66,"LockerID":51,"Phone":"3212964463","PIN":"1234","Active":0,"StartTime":"2025-10-02T19:41:08Z","EndTime":"2025-10-02T19:41:08Z","AmountPaid":1500,"OpenBy":"error","LockerCode":"F1"},{"ID":67,"LockerID":17,"Phone":"3212964463","PIN":"1234","Active":0,"StartTime":"2025-10-02T19:41:09Z","EndTime":"2025-10-02T19:41:09Z","AmountPaid":1500,"OpenBy":"error","LockerCode":"B7"},{"ID":68,"LockerID":31,"Phone":"3212964463","PIN":"1234","Active":0,"StartTime":"2025-10-02T19:41:34Z","EndTime":"2025-10-02T19:41:34Z","AmountPaid":1500,"OpenBy":"error","LockerCode":"D1"},{"ID":69,"LockerID":21,"Phone":"3212964463","PIN":"1234","Active":0,"StartTime":"2025-10-02T19:41:35Z","EndTime":"2025-10-02T19:41:35Z","AmountPaid":1500,"OpenBy":"error","LockerCode":"C1"},{"ID":70,"LockerID":33,"Phone":"3212964463","PIN":"1234","Active":0,"StartTime":"2025-10-02T19:41:36Z","EndTime":"2025-10-02T19:41:36Z","AmountPaid":1500,"OpenBy":"error","LockerCode":"D3"},{"ID":71,"LockerID":47,"Phone":"3212964463","PIN":"1234","Active":0,"StartTime":"2025-10-02T19:41:37Z","EndTime":"2025-10-02T19:41:37Z","AmountPaid":1500,"OpenBy":"error","LockerCode":"E7"},{"ID":72,"LockerID":56,"Phone":"3212964463","PIN":"1234","Active":0,"StartTime":"2025-10-02T19:41:38Z","EndTime":"2025-10-02T19:41:38Z","AmountPaid":1500,"OpenBy":"error","LockerCode":"F6"},{"ID":73,"LockerID":48,"Phone":"3212200322","PIN":"5221","Active":0,"StartTime":"2025-10-02T19:59:27Z","EndTime":"2025-10-02T19:59:27Z","AmountPaid":1500,"OpenBy":"error","LockerCode":"E8"},{"ID":74,"LockerID":22,"Phone":"3212200322","PIN":"5221","Active":0,"StartTime":"2025-10-02T19:59:28Z","EndTime":"2025-10-02T19:59:28Z","AmountPaid":1500,"OpenBy":"error","LockerCode":"C2"},{"ID":75,"LockerID":29,"Phone":"3024656973","PIN":"1014","Active":0,"StartTime":"2025-10-02T21:06:26Z","EndTime":"2025-10-02T22:09:30Z","AmountPaid":1500,"OpenBy":"user","LockerCode":"C9"},{"ID":76,"LockerID":43,"Phone":"3118929223","PIN":"5463","Active":0,"StartTime":"2025-10-02T22:50:35Z","EndTime":"2025-10-03T00:28:24Z","AmountPaid":1500,"OpenBy":"user","LockerCode":"E3"},{"ID":77,"LockerID":35,"Phone":"3232281069","PIN":"8349","Active":0,"StartTime":"2025-10-02T23:18:28Z","EndTime":"2025-10-03T00:06:37Z","AmountPaid":1500,"OpenBy":"user","LockerCode":"D5"},{"ID":78,"LockerID":55,"Phone":"3123776305","PIN":"2401","Active":0,"StartTime":"2025-10-02T23:22:34Z","EndTime":"2025-10-03T01:43:53Z","AmountPaid":1500,"OpenBy":"user","LockerCode":"F5"},{"ID":79,"LockerID":48,"Phone":"3212209099","PIN":"1231","Active":0,"StartTime":"2025-10-02T23:30:50Z","EndTime":"2025-10-03T01:26:31Z","AmountPaid":1500,"OpenBy":"user","LockerCode":"E8"},{"ID":80,"LockerID":50,"Phone":"3154109246","PIN":"0852","Active":0,"StartTime":"2025-10-02T23:46:09Z","EndTime":"2025-10-03T02:03:36Z","AmountPaid":1500,"OpenBy":"user","LockerCode":"E10"},{"ID":81,"LockerID":13,"Phone":"3002736032","PIN":"3002","Active":0,"StartTime":"2025-10-03T00:01:57Z","EndTime":"2025-10-03T03:57:32Z","AmountPaid":1500,"OpenBy":"user","LockerCode":"B3"},{"ID":82,"LockerID":42,"Phone":"3014017502","PIN":"2074","Active":0,"StartTime":"2025-10-03T00:03:05Z","EndTime":"2025-10-03T01:32:59Z","AmountPaid":1500,"OpenBy":"user","LockerCode":"E2"},{"ID":83,"LockerID":52,"Phone":"3104017502","PIN":"2074","Active":0,"StartTime":"2025-10-03T00:05:22Z","EndTime":"2025-10-03T01:57:32Z","AmountPaid":1500,"OpenBy":"user","LockerCode":"F2"},{"ID":84,"LockerID":56,"Phone":"3057061817","PIN":"1810","Active":0,"StartTime":"2025-10-03T12:27:22Z","EndTime":"2025-10-03T12:27:23Z","AmountPaid":1500,"OpenBy":"error","LockerCode":"F6"},{"ID":85,"LockerID":32,"Phone":"3057061817","PIN":"1810","Active":0,"StartTime":"2025-10-03T12:27:24Z","EndTime":"2025-10-03T13:28:54Z","AmountPaid":1500,"OpenBy":"user","LockerCode":"D2"},{"ID":86,"LockerID":38,"Phone":"3002769664","PIN":"7501","Active":0,"StartTime":"2025-10-03T16:08:12Z","EndTime":"2025-10-03T18:25:01Z","AmountPaid":1500,"OpenBy":"user","LockerCode":"D8"},{"ID":87,"LockerID":39,"Phone":"3054382129","PIN":"1510","Active":0,"StartTime":"2025-10-03T16:52:24Z","EndTime":"2025-10-03T18:42:29Z","AmountPaid":1500,"OpenBy":"user","LockerCode":"D9"},{"ID":88,"LockerID":11,"Phone":"3134264648","PIN":"1234","Active":0,"StartTime":"2025-10-03T18:48:36Z","EndTime":"2025-10-03T18:48:36Z","AmountPaid":1500,"OpenBy":"error","LockerCode":"B1"},{"ID":89,"LockerID":25,"Phone":"3134264648","PIN":"1234","Active":0,"StartTime":"2025-10-03T18:48:37Z","EndTime":"2025-10-03T18:48:37Z","AmountPaid":1500,"OpenBy":"error","LockerCode":"C5"},{"ID":90,"LockerID":4,"Phone":"3134264648","PIN":"1234","Active":0,"StartTime":"2025-10-03T18:48:38Z","EndTime":"2025-10-03T18:48:38Z","AmountPaid":1500,"OpenBy":"error","LockerCode":"A4"},{"ID":91,"LockerID":57,"Phone":"3134264648","PIN":"1234","Active":0,"StartTime":"2025-10-03T18:48:39Z","EndTime":"2025-10-03T18:48:40Z","AmountPaid":1500,"OpenBy":"error","LockerCode":"F7"},{"ID":92,"LockerID":49,"Phone":"3134264648","PIN":"1234","Active":0,"StartTime":"2025-10-03T18:48:41Z","EndTime":"2025-10-03T18:48:41Z","AmountPaid":1500,"OpenBy":"error","LockerCode":"E9"},{"ID":93,"LockerID":5,"Phone":"3134264648","PIN":"1234","Active":0,"StartTime":"2025-10-03T18:48:55Z","EndTime":"2025-10-03T18:48:55Z","AmountPaid":1500,"OpenBy":"error","LockerCode":"A5"},{"ID":94,"LockerID":47,"Phone":"3134264648","PIN":"1234","Active":0,"StartTime":"2025-10-03T18:48:56Z","EndTime":"2025-10-03T18:48:56Z","AmountPaid":1500,"OpenBy":"error","LockerCode":"E7"},{"ID":95,"LockerID":2,"Phone":"3134264648","PIN":"1234","Active":0,"StartTime":"2025-10-03T18:48:57Z","EndTime":"2025-10-03T18:48:57Z","AmountPaid":1500,"OpenBy":"error","LockerCode":"A2"},{"ID":96,"LockerID":6,"Phone":"3134264648","PIN":"1234","Active":0,"StartTime":"2025-10-03T18:48:58Z","EndTime":"2025-10-03T18:48:58Z","AmountPaid":1500,"OpenBy":"error","LockerCode":"A6"},{"ID":97,"LockerID":33,"Phone":"3134264648","PIN":"1234","Active":0,"StartTime":"2025-10-03T18:48:59Z","EndTime":"2025-10-03T18:48:59Z","AmountPaid":1500,"OpenBy":"error","LockerCode":"D3"},{"ID":98,"LockerID":18,"Phone":"3134264648","PIN":"1234","Active":0,"StartTime":"2025-10-03T18:49:08Z","EndTime":"2025-10-03T18:49:08Z","AmountPaid":1500,"OpenBy":"error","LockerCode":"B8"},{"ID":99,"LockerID":7,"Phone":"3134264648","PIN":"1234","Active":0,"StartTime":"2025-10-03T18:49:09Z","EndTime":"2025-10-03T18:49:09Z","AmountPaid":1500,"OpenBy":"error","LockerCode":"A7"},{"ID":100,"LockerID":43,"Phone":"3134264648","PIN":"1234","Active":0,"StartTime":"2025-10-03T18:49:10Z","EndTime":"2025-10-03T18:49:10Z","AmountPaid":1500,"OpenBy":"error","LockerCode":"E3"},{"ID":101,"LockerID":58,"Phone":"3134264648","PIN":"1234","Active":0,"StartTime":"2025-10-03T18:49:11Z","EndTime":"2025-10-03T18:49:11Z","AmountPaid":1500,"OpenBy":"error","LockerCode":"F8"},{"ID":102,"LockerID":48,"Phone":"3134264648","PIN":"1234","Active":0,"StartTime":"2025-10-03T18:49:12Z","EndTime":"2025-10-03T18:49:12Z","AmountPaid":1500,"OpenBy":"error","LockerCode":"E8"},{"ID":103,"LockerID":37,"Phone":"3134264648","PIN":"1234","Active":0,"StartTime":"2025-10-03T18:49:29Z","EndTime":"2025-10-03T18:49:30Z","AmountPaid":1500,"OpenBy":"error","LockerCode":"D7"},{"ID":104,"LockerID":24,"Phone":"3134264648","PIN":"1234","Active":0,"StartTime":"2025-10-03T18:49:31Z","EndTime":"2025-10-03T18:49:31Z","AmountPaid":1500,"OpenBy":"error","LockerCode":"C4"},{"ID":105,"LockerID":14,"Phone":"3134264648","PIN":"1234","Active":0,"StartTime":"2025-10-03T18:49:32Z","EndTime":"2025-10-03T18:49:32Z","AmountPaid":1500,"OpenBy":"error","LockerCode":"B4"},{"ID":106,"LockerID":51,"Phone":"3134264648","PIN":"1234","Active":0,"StartTime":"2025-10-03T18:49:33Z","EndTime":"2025-10-03T18:49:33Z","AmountPaid":1500,"OpenBy":"error","LockerCode":"F1"},{"ID":107,"LockerID":31,"Phone":"3134264648","PIN":"1234","Active":0,"StartTime":"2025-10-03T18:49:34Z","EndTime":"2025-10-03T18:49:34Z","AmountPaid":1500,"OpenBy":"error","LockerCode":"D1"},{"ID":108,"LockerID":21,"Phone":"3134264648","PIN":"1234","Active":0,"StartTime":"2025-10-03T18:50:07Z","EndTime":"2025-10-03T18:50:07Z","AmountPaid":1500,"OpenBy":"error","LockerCode":"C1"},{"ID":109,"LockerID":22,"Phone":"3134264648","PIN":"1234","Active":0,"StartTime":"2025-10-03T18:50:08Z","EndTime":"2025-10-03T18:50:08Z","AmountPaid":1500,"OpenBy":"error","LockerCode":"C2"},{"ID":110,"LockerID":8,"Phone":"3134264648","PIN":"1234","Active":0,"StartTime":"2025-10-03T18:50:09Z","EndTime":"2025-10-03T18:50:09Z","AmountPaid":1500,"OpenBy":"error","LockerCode":"A8"},{"ID":111,"LockerID":12,"Phone":"3134264648","PIN":"1234","Active":0,"StartTime":"2025-10-03T18:50:10Z","EndTime":"2025-10-03T18:50:10Z","AmountPaid":1500,"OpenBy":"error","LockerCode":"B2"},{"ID":112,"LockerID":13,"Phone":"3134264648","PIN":"1234","Active":0,"StartTime":"2025-10-03T18:50:11Z","EndTime":"2025-10-03T18:50:11Z","AmountPaid":1500,"OpenBy":"error","LockerCode":"B3"},{"ID":113,"LockerID":27,"Phone":"3134264648","PIN":"1234","Active":0,"StartTime":"2025-10-03T18:50:32Z","EndTime":"2025-10-03T18:50:32Z","AmountPaid":1500,"OpenBy":"error","LockerCode":"C7"},{"ID":114,"LockerID":9,"Phone":"3134264648","PIN":"1234","Active":0,"StartTime":"2025-10-03T18:50:33Z","EndTime":"2025-10-03T18:50:33Z","AmountPaid":1500,"OpenBy":"error","LockerCode":"A9"},{"ID":115,"LockerID":38,"Phone":"3134264648","PIN":"1234","Active":0,"StartTime":"2025-10-03T18:50:34Z","EndTime":"2025-10-03T18:50:34Z","AmountPaid":1500,"OpenBy":"error","LockerCode":"D8"},{"ID":116,"LockerID":34,"Phone":"3134264648","PIN":"1234","Active":0,"StartTime":"2025-10-03T18:50:35Z","EndTime":"2025-10-03T18:50:35Z","AmountPaid":1500,"OpenBy":"error","LockerCode":"D4"},{"ID":117,"LockerID":50,"Phone":"3134264648","PIN":"1234","Active":0,"StartTime":"2025-10-03T18:50:37Z","EndTime":"2025-10-03T18:50:37Z","AmountPaid":1500,"OpenBy":"error","LockerCode":"E10"},{"ID":118,"LockerID":20,"Phone":"3134264648","PIN":"1234","Active":0,"StartTime":"2025-10-03T18:51:04Z","EndTime":"2025-10-03T18:51:04Z","AmountPaid":1500,"OpenBy":"error","LockerCode":"B10"},{"ID":119,"LockerID":42,"Phone":"3134264648","PIN":"1234","Active":0,"StartTime":"2025-10-03T18:51:05Z","EndTime":"2025-10-03T18:51:05Z","AmountPaid":1500,"OpenBy":"error","LockerCode":"E2"},{"ID":120,"LockerID":40,"Phone":"3134264648","PIN":"1234","Active":0,"StartTime":"2025-10-03T18:51:06Z","EndTime":"2025-10-03T18:51:06Z","AmountPaid":1500,"OpenBy":"error","LockerCode":"D10"},{"ID":121,"LockerID":52,"Phone":"3134264648","PIN":"1234","Active":0,"StartTime":"2025-10-03T18:51:07Z","EndTime":"2025-10-03T18:51:07Z","AmountPaid":1500,"OpenBy":"error","LockerCode":"F2"},{"ID":122,"LockerID":16,"Phone":"3134264648","PIN":"1234","Active":0,"StartTime":"2025-10-03T18:51:08Z","EndTime":"2025-10-03T18:51:08Z","AmountPaid":1500,"OpenBy":"error","LockerCode":"B6"},{"ID":123,"LockerID":1,"Phone":"3134264648","PIN":"1234","Active":0,"StartTime":"2025-10-03T18:51:38Z","EndTime":"2025-10-03T18:51:38Z","AmountPaid":1500,"OpenBy":"error","LockerCode":"A1"},{"ID":124,"LockerID":36,"Phone":"3134264648","PIN":"1234","Active":0,"StartTime":"2025-10-03T18:51:39Z","EndTime":"2025-10-03T18:51:39Z","AmountPaid":1500,"OpenBy":"error","LockerCode":"D6"},{"ID":125,"LockerID":17,"Phone":"3134264648","PIN":"1234","Active":0,"StartTime":"2025-10-03T18:51:40Z","EndTime":"2025-10-03T18:51:40Z","AmountPaid":1500,"OpenBy":"error","LockerCode":"B7"},{"ID":126,"LockerID":46,"Phone":"3134264648","PIN":"1234","Active":0,"StartTime":"2025-10-03T18:51:41Z","EndTime":"2025-10-03T18:51:41Z","AmountPaid":1500,"OpenBy":"error","LockerCode":"E6"},{"ID":127,"LockerID":3,"Phone":"3134264648","PIN":"1234","Active":0,"StartTime":"2025-10-03T18:51:42Z","EndTime":"2025-10-03T18:51:42Z","AmountPaid":1500,"OpenBy":"error","LockerCode":"A3"},{"ID":128,"LockerID":10,"Phone":"3134264648","PIN":"1234","Active":0,"StartTime":"2025-10-03T18:52:15Z","EndTime":"2025-10-03T18:52:15Z","AmountPaid":1500,"OpenBy":"error","LockerCode":"A10"},{"ID":129,"LockerID":41,"Phone":"3134264648","PIN":"1234","Active":0,"StartTime":"2025-10-03T18:52:16Z","EndTime":"2025-10-03T18:52:16Z","AmountPaid":1500,"OpenBy":"error","LockerCode":"E1"},{"ID":130,"LockerID":32,"Phone":"3134264648","PIN":"1234","Active":0,"StartTime":"2025-10-03T18:52:17Z","EndTime":"2025-10-03T18:52:17Z","AmountPaid":1500,"OpenBy":"error","LockerCode":"D2"},{"ID":131,"LockerID":55,"Phone":"3134264648","PIN":"1234","Active":0,"StartTime":"2025-10-03T18:52:18Z","EndTime":"2025-10-03T18:52:18Z","AmountPaid":1500,"OpenBy":"error","LockerCode":"F5"},{"ID":132,"LockerID":35,"Phone":"3134264648","PIN":"1234","Active":0,"StartTime":"2025-10-03T18:52:19Z","EndTime":"2025-10-03T18:52:19Z","AmountPaid":1500,"OpenBy":"error","LockerCode":"D5"},{"ID":133,"LockerID":57,"Phone":"3138989876","PIN":"0857","Active":0,"StartTime":"2025-10-03T21:53:50Z","EndTime":"2025-10-04T03:31:14Z","AmountPaid":1500,"OpenBy":"user","LockerCode":"F7"},{"ID":134,"LockerID":14,"Phone":"3134526862","PIN":"1245","Active":0,"StartTime":"2025-10-03T21:58:23Z","EndTime":"2025-10-04T00:03:01Z","AmountPaid":1500,"OpenBy":"user","LockerCode":"B4"},{"ID":135,"LockerID":21,"Phone":"3207895989","PIN":"0303","Active":0,"StartTime":"2025-10-03T22:33:42Z","EndTime":"2025-10-03T23:31:37Z","AmountPaid":1500,"OpenBy":"user","LockerCode":"C1"},{"ID":136,"LockerID":39,"Phone":"3118471657","PIN":"1099","Active":0,"StartTime":"2025-10-03T23:02:04Z","EndTime":"2025-10-04T00:37:01Z","AmountPaid":1500,"OpenBy":"user","LockerCode":"D9"},{"ID":137,"LockerID":15,"Phone":"3197505984","PIN":"2512","Active":0,"StartTime":"2025-10-04T00:17:30Z","EndTime":"2025-10-04T02:38:51Z","AmountPaid":1500,"OpenBy":"user","LockerCode":"B5"},{"ID":138,"LockerID":21,"Phone":"3214378148","PIN":"2005","Active":0,"StartTime":"2025-10-04T00:40:52Z","EndTime":"2025-10-04T03:02:39Z","AmountPaid":1500,"OpenBy":"user","LockerCode":"C1"},{"ID":139,"LockerID":40,"Phone":"3208706973","PIN":"1008","Active":0,"StartTime":"2025-10-04T00:43:03Z","EndTime":"2025-10-04T03:03:06Z","AmountPaid":1500,"OpenBy":"user","LockerCode":"D10"},{"ID":140,"LockerID":26,"Phone":"3155456118","PIN":"3172","Active":0,"StartTime":"2025-10-04T12:08:46Z","EndTime":"2025-10-04T13:40:41Z","AmountPaid":1500,"OpenBy":"user","LockerCode":"C6"},{"ID":141,"LockerID":54,"Phone":"3102887154","PIN":"0106","Active":0,"StartTime":"2025-10-04T12:49:25Z","EndTime":"2025-10-04T13:45:20Z","AmountPaid":1500,"OpenBy":"user","LockerCode":"F4"},{"ID":142,"LockerID":43,"Phone":"3214489550","PIN":"1712","Active":0,"StartTime":"2025-10-04T12:55:02Z","EndTime":"2025-10-04T13:53:13Z","AmountPaid":1600,"OpenBy":"user","LockerCode":"E3"},{"ID":143,"LockerID":10,"Phone":"3106885890","PIN":"1379","Active":0,"StartTime":"2025-10-04T13:13:53Z","EndTime":"2025-10-04T16:22:50Z","AmountPaid":1500,"OpenBy":"local","LockerCode":"A10"},{"ID":144,"LockerID":13,"Phone":"3103737987","PIN":"0811","Active":0,"StartTime":"2025-10-04T13:20:46Z","EndTime":"2025-10-04T13:20:47Z","AmountPaid":1500,"OpenBy":"error","LockerCode":"B3"},{"ID":145,"LockerID":7,"Phone":"3103737987","PIN":"0811","Active":0,"StartTime":"2025-10-04T13:20:48Z","EndTime":"2025-10-04T13:20:49Z","AmountPaid":1500,"OpenBy":"error","LockerCode":"A7"},{"ID":146,"LockerID":20,"Phone":"3103737987","PIN":"0811","Active":0,"StartTime":"2025-10-04T13:20:50Z","EndTime":"2025-10-04T13:20:51Z","AmountPaid":1500,"OpenBy":"error","LockerCode":"B10"},{"ID":147,"LockerID":50,"Phone":"3103737987","PIN":"0811","Active":0,"StartTime":"2025-10-04T13:20:52Z","EndTime":"2025-10-04T13:20:53Z","AmountPaid":1500,"OpenBy":"error","LockerCode":"E10"},{"ID":148,"LockerID":12,"Phone":"3103737987","PIN":"0811","Active":0,"StartTime":"2025-10-04T13:20:54Z","EndTime":"2025-10-04T13:20:55Z","AmountPaid":1500,"OpenBy":"error","LockerCode":"B2"},{"ID":149,"LockerID":52,"Phone":"3103737987","PIN":"0811","Active":0,"StartTime":"2025-10-04T13:21:01Z","EndTime":"2025-10-04T13:21:01Z","AmountPaid":1500,"OpenBy":"error","LockerCode":"F2"},{"ID":150,"LockerID":11,"Phone":"3103737987","PIN":"0811","Active":0,"StartTime":"2025-10-04T13:21:02Z","EndTime":"2025-10-04T14:37:36Z","AmountPaid":1500,"OpenBy":"user","LockerCode":"B1"},{"ID":151,"LockerID":19,"Phone":"3027109127","PIN":"2003","Active":0,"StartTime":"2025-10-04T13:38:25Z","EndTime":"2025-10-04T15:54:32Z","AmountPaid":1500,"OpenBy":"user","LockerCode":"B9"},{"ID":152,"LockerID":59,"Phone":"3016186865","PIN":"3112","Active":0,"StartTime":"2025-10-04T13:54:17Z","EndTime":"2025-10-04T16:32:34Z","AmountPaid":2000,"OpenBy":"user","LockerCode":"F9"},{"ID":153,"LockerID":42,"Phone":"3112808315","PIN":"1606","Active":0,"StartTime":"2025-10-04T14:58:05Z","EndTime":"2025-10-04T20:58:07Z","AmountPaid":1500,"OpenBy":"user","LockerCode":"E2"},{"ID":154,"LockerID":37,"Phone":"3024675178","PIN":"1028","Active":0,"StartTime":"2025-10-04T15:19:32Z","EndTime":"2025-10-04T17:12:05Z","AmountPaid":1500,"OpenBy":"user","LockerCode":"D7"},{"ID":155,"LockerID":50,"Phone":"3158543242","PIN":"2626","Active":0,"StartTime":"2025-10-04T15:20:32Z","EndTime":"2025-10-04T18:03:04Z","AmountPaid":1500,"OpenBy":"user","LockerCode":"E10"},{"ID":156,"LockerID":36,"Phone":"3143706952","PIN":"1977","Active":0,"StartTime":"2025-10-04T15:32:49Z","EndTime":"2025-10-04T18:10:34Z","AmountPaid":1500,"OpenBy":"user","LockerCode":"D6"},{"ID":157,"LockerID":46,"Phone":"3208204998","PIN":"1234","Active":0,"StartTime":"2025-10-04T15:41:07Z","EndTime":"2025-10-04T19:20:40Z","AmountPaid":1500,"OpenBy":"user","LockerCode":"E6"},{"ID":158,"LockerID":58,"Phone":"3058060593","PIN":"3058","Active":0,"StartTime":"2025-10-04T16:50:30Z","EndTime":"2025-10-04T16:50:30Z","AmountPaid":1500,"OpenBy":"error","LockerCode":"F8"},{"ID":159,"LockerID":60,"Phone":"3058060593","PIN":"3058","Active":0,"StartTime":"2025-10-04T16:50:31Z","EndTime":"2025-10-04T16:50:31Z","AmountPaid":1500,"OpenBy":"error","LockerCode":"F10"},{"ID":160,"LockerID":14,"Phone":"3058060593","PIN":"3058","Active":0,"StartTime":"2025-10-04T16:50:32Z","EndTime":"2025-10-04T16:50:32Z","AmountPaid":1500,"OpenBy":"error","LockerCode":"B4"},{"ID":161,"LockerID":16,"Phone":"3058060593","PIN":"3058","Active":0,"StartTime":"2025-10-04T16:50:33Z","EndTime":"2025-10-04T16:50:33Z","AmountPaid":1500,"OpenBy":"error","LockerCode":"B6"},{"ID":162,"LockerID":22,"Phone":"3058060593","PIN":"3058","Active":0,"StartTime":"2025-10-04T16:50:34Z","EndTime":"2025-10-04T16:50:34Z","AmountPaid":1500,"OpenBy":"error","LockerCode":"C2"},{"ID":163,"LockerID":48,"Phone":"3058060593","PIN":"3058","Active":0,"StartTime":"2025-10-04T16:50:44Z","EndTime":"2025-10-04T16:50:44Z","AmountPaid":1500,"OpenBy":"error","LockerCode":"E8"},{"ID":164,"LockerID":29,"Phone":"3058060593","PIN":"3058","Active":0,"StartTime":"2025-10-04T16:50:45Z","EndTime":"2025-10-04T16:50:45Z","AmountPaid":1500,"OpenBy":"error","LockerCode":"C9"},{"ID":165,"LockerID":59,"Phone":"3058060593","PIN":"3058","Active":0,"StartTime":"2025-10-04T16:50:46Z","EndTime":"2025-10-04T16:50:46Z","AmountPaid":1500,"OpenBy":"error","LockerCode":"F9"},{"ID":166,"LockerID":51,"Phone":"3058060593","PIN":"3058","Active":0,"StartTime":"2025-10-04T16:50:47Z","EndTime":"2025-10-04T16:50:47Z","AmountPaid":1500,"OpenBy":"error","LockerCode":"F1"},{"ID":167,"LockerID":32,"Phone":"3058060593","PIN":"3058","Active":0,"StartTime":"2025-10-04T16:50:48Z","EndTime":"2025-10-04T16:50:48Z","AmountPaid":1500,"OpenBy":"error","LockerCode":"D2"},{"ID":168,"LockerID":38,"Phone":"3058060593","PIN":"3058","Active":0,"StartTime":"2025-10-04T16:51:28Z","EndTime":"2025-10-04T16:51:28Z","AmountPaid":1500,"OpenBy":"error","LockerCode":"D8"},{"ID":169,"LockerID":57,"Phone":"3058060593","PIN":"3058","Active":0,"StartTime":"2025-10-04T16:51:29Z","EndTime":"2025-10-04T16:51:29Z","AmountPaid":1500,"OpenBy":"error","LockerCode":"F7"},{"ID":170,"LockerID":19,"Phone":"3058060593","PIN":"3058","Active":0,"StartTime":"2025-10-04T16:51:30Z","EndTime":"2025-10-04T16:51:30Z","AmountPaid":1500,"OpenBy":"error","LockerCode":"B9"},{"ID":171,"LockerID":33,"Phone":"3058060593","PIN":"3058","Active":0,"StartTime":"2025-10-04T16:51:32Z","EndTime":"2025-10-04T16:51:32Z","AmountPaid":1500,"OpenBy":"error","LockerCode":"D3"},{"ID":172,"LockerID":39,"Phone":"3058060593","PIN":"3058","Active":0,"StartTime":"2025-10-04T16:51:33Z","EndTime":"2025-10-04T16:51:33Z","AmountPaid":1500,"OpenBy":"error","LockerCode":"D9"},{"ID":173,"LockerID":12,"Phone":"3058060593","PIN":"3058","Active":0,"StartTime":"2025-10-04T16:58:03Z","EndTime":"2025-10-04T18:21:25Z","AmountPaid":1500,"OpenBy":"user","LockerCode":"B2"},{"ID":174,"LockerID":5,"Phone":"3228975795","PIN":"1759","Active":0,"StartTime":"2025-10-04T18:26:58Z","EndTime":"2025-10-04T18:26:58Z","AmountPaid":1500,"OpenBy":"error","LockerCode":"A5"},{"ID":175,"LockerID":56,"Phone":"3228975795","PIN":"1759","Active":0,"StartTime":"2025-10-04T18:26:59Z","EndTime":"2025-10-04T18:26:59Z","AmountPaid":1500,"OpenBy":"error","LockerCode":"F6"},{"ID":176,"LockerID":4,"Phone":"3228975795","PIN":"1759","Active":0,"StartTime":"2025-10-04T18:27:00Z","EndTime":"2025-10-04T18:27:00Z","AmountPaid":1500,"OpenBy":"error","LockerCode":"A4"},{"ID":177,"LockerID":12,"Phone":"3228975795","PIN":"1759","Active":0,"StartTime":"2025-10-04T18:27:01Z","EndTime":"2025-10-04T18:27:01Z","AmountPaid":1500,"OpenBy":"error","LockerCode":"B2"},{"ID":178,"LockerID":2,"Phone":"3228975795","PIN":"1759","Active":0,"StartTime":"2025-10-04T18:27:02Z","EndTime":"2025-10-04T18:27:02Z","AmountPaid":1500,"OpenBy":"error","LockerCode":"A2"},{"ID":179,"LockerID":6,"Phone":"3227677167","PIN":"1759","Active":0,"StartTime":"2025-10-04T18:29:14Z","EndTime":"2025-10-04T18:29:14Z","AmountPaid":1500,"OpenBy":"error","LockerCode":"A6"},{"ID":180,"LockerID":13,"Phone":"3227677167","PIN":"1759","Active":0,"StartTime":"2025-10-04T18:29:15Z","EndTime":"2025-10-04T18:29:15Z","AmountPaid":1500,"OpenBy":"error","LockerCode":"B3"},{"ID":181,"LockerID":10,"Phone":"3227677167","PIN":"1759","Active":0,"StartTime":"2025-10-04T18:29:16Z","EndTime":"2025-10-04T18:29:16Z","AmountPaid":1500,"OpenBy":"error","LockerCode":"A10"},{"ID":182,"LockerID":35,"Phone":"3227677167","PIN":"1759","Active":0,"StartTime":"2025-10-04T18:29:17Z","EndTime":"2025-10-04T18:29:17Z","AmountPaid":1500,"OpenBy":"error","LockerCode":"D5"},{"ID":183,"LockerID":23,"Phone":"3227677167","PIN":"1759","Active":0,"StartTime":"2025-10-04T18:29:36Z","EndTime":"2025-10-04T18:29:36Z","AmountPaid":1500,"OpenBy":"error","LockerCode":"C3"},{"ID":184,"LockerID":17,"Phone":"3227677167","PIN":"1759","Active":0,"StartTime":"2025-10-04T18:29:37Z","EndTime":"2025-10-04T18:29:37Z","AmountPaid":1500,"OpenBy":"error","LockerCode":"B7"},{"ID":185,"LockerID":54,"Phone":"3227677167","PIN":"1759","Active":0,"StartTime":"2025-10-04T18:29:38Z","EndTime":"2025-10-04T18:29:38Z","AmountPaid":1500,"OpenBy":"error","LockerCode":"F4"},{"ID":186,"LockerID":45,"Phone":"3227677167","PIN":"1759","Active":0,"StartTime":"2025-10-04T18:29:39Z","EndTime":"2025-10-04T18:29:39Z","AmountPaid":1500,"OpenBy":"error","LockerCode":"E5"},{"ID":187,"LockerID":28,"Phone":"3227677167","PIN":"1759","Active":0,"StartTime":"2025-10-04T18:29:40Z","EndTime":"2025-10-04T18:29:40Z","AmountPaid":1500,"OpenBy":"error","LockerCode":"C8"},{"ID":188,"LockerID":8,"Phone":"3227677167","PIN":"1759","Active":0,"StartTime":"2025-10-04T18:29:47Z","EndTime":"2025-10-04T18:29:47Z","AmountPaid":1500,"OpenBy":"error","LockerCode":"A8"},{"ID":189,"LockerID":41,"Phone":"3227677167","PIN":"1759","Active":0,"StartTime":"2025-10-04T18:29:48Z","EndTime":"2025-10-04T18:29:48Z","AmountPaid":1500,"OpenBy":"error","LockerCode":"E1"},{"ID":190,"LockerID":18,"Phone":"3227677167","PIN":"1759","Active":0,"StartTime":"2025-10-04T18:29:49Z","EndTime":"2025-10-04T18:29:49Z","AmountPaid":1500,"OpenBy":"error","LockerCode":"B8"},{"ID":191,"LockerID":47,"Phone":"3227677167","PIN":"1759","Active":0,"StartTime":"2025-10-04T18:29:50Z","EndTime":"2025-10-04T18:29:50Z","AmountPaid":1500,"OpenBy":"error","LockerCode":"E7"},{"ID":192,"LockerID":37,"Phone":"3227677167","PIN":"1759","Active":0,"StartTime":"2025-10-04T18:29:51Z","EndTime":"2025-10-04T18:29:51Z","AmountPaid":1500,"OpenBy":"error","LockerCode":"D7"},{"ID":193,"LockerID":9,"Phone":"3227677167","PIN":"1759","Active":0,"StartTime":"2025-10-04T18:30:03Z","EndTime":"2025-10-04T18:30:03Z","AmountPaid":1500,"OpenBy":"error","LockerCode":"A9"},{"ID":194,"LockerID":21,"Phone":"3227677167","PIN":"1759","Active":0,"StartTime":"2025-10-04T18:30:04Z","EndTime":"2025-10-04T18:30:04Z","AmountPaid":1500,"OpenBy":"error","LockerCode":"C1"},{"ID":195,"LockerID":25,"Phone":"3227677167","PIN":"1759","Active":0,"StartTime":"2025-10-04T18:30:05Z","EndTime":"2025-10-04T18:30:05Z","AmountPaid":1500,"OpenBy":"error","LockerCode":"C5"},{"ID":196,"LockerID":15,"Phone":"3227677167","PIN":"1759","Active":0,"StartTime":"2025-10-04T18:30:06Z","EndTime":"2025-10-04T18:30:06Z","AmountPaid":1500,"OpenBy":"error","LockerCode":"B5"},{"ID":197,"LockerID":34,"Phone":"3227677167","PIN":"1759","Active":0,"StartTime":"2025-10-04T18:30:07Z","EndTime":"2025-10-04T18:30:07Z","AmountPaid":1500,"OpenBy":"error","LockerCode":"D4"},{"ID":198,"LockerID":36,"Phone":"3227677167","PIN":"1759","Active":0,"StartTime":"2025-10-04T18:30:21Z","EndTime":"2025-10-04T18:30:21Z","AmountPaid":1500,"OpenBy":"error","LockerCode":"D6"},{"ID":199,"LockerID":24,"Phone":"3227677167","PIN":"1759","Active":0,"StartTime":"2025-10-04T18:30:22Z","EndTime":"2025-10-04T18:30:22Z","AmountPaid":1500,"OpenBy":"error","LockerCode":"C4"},{"ID":200,"LockerID":30,"Phone":"3227677167","PIN":"1759","Active":0,"StartTime":"2025-10-04T18:30:23Z","EndTime":"2025-10-04T18:30:23Z","AmountPaid":1500,"OpenBy":"error","LockerCode":"C10"},{"ID":201,"LockerID":52,"Phone":"3227677167","PIN":"1759","Active":0,"StartTime":"2025-10-04T18:30:24Z","EndTime":"2025-10-04T18:30:24Z","AmountPaid":1500,"OpenBy":"error","LockerCode":"F2"},{"ID":202,"LockerID":49,"Phone":"3227677167","PIN":"1759","Active":0,"StartTime":"2025-10-04T18:30:25Z","EndTime":"2025-10-04T18:30:25Z","AmountPaid":1500,"OpenBy":"error","LockerCode":"E9"},{"ID":203,"LockerID":44,"Phone":"3227677167","PIN":"1127","Active":0,"StartTime":"2025-10-04T18:30:43Z","EndTime":"2025-10-04T18:30:43Z","AmountPaid":1500,"OpenBy":"error","LockerCode":"E4"},{"ID":204,"LockerID":53,"Phone":"3227677167","PIN":"1127","Active":0,"StartTime":"2025-10-04T18:30:44Z","EndTime":"2025-10-04T18:30:44Z","AmountPaid":1500,"OpenBy":"error","LockerCode":"F3"},{"ID":205,"LockerID":20,"Phone":"3227677167","PIN":"1127","Active":0,"StartTime":"2025-10-04T18:30:45Z","EndTime":"2025-10-04T18:30:45Z","AmountPaid":1500,"OpenBy":"error","LockerCode":"B10"},{"ID":206,"LockerID":1,"Phone":"3227677167","PIN":"1127","Active":0,"StartTime":"2025-10-04T18:30:46Z","EndTime":"2025-10-04T18:30:46Z","AmountPaid":1500,"OpenBy":"error","LockerCode":"A1"},{"ID":207,"LockerID":31,"Phone":"3227677167","PIN":"1127","Active":0,"StartTime":"2025-10-04T18:30:47Z","EndTime":"2025-10-04T18:30:47Z","AmountPaid":1500,"OpenBy":"error","LockerCode":"D1"},{"ID":208,"LockerID":1,"Phone":"3192536359","PIN":"2410","Active":0,"StartTime":"2025-10-04T19:03:55Z","EndTime":"2025-10-04T20:56:07Z","AmountPaid":1500,"OpenBy":"user","LockerCode":"A1"},{"ID":209,"LockerID":3,"Phone":"3009689949","PIN":"2133","Active":0,"StartTime":"2025-10-04T19:13:12Z","EndTime":"2025-10-04T23:18:47Z","AmountPaid":1500,"OpenBy":"user","LockerCode":"A3"},{"ID":210,"LockerID":2,"Phone":"3142683683","PIN":"2222","Active":0,"StartTime":"2025-10-04T19:40:02Z","EndTime":"2025-10-04T19:40:02Z","AmountPaid":1500,"OpenBy":"error","LockerCode":"A2"},{"ID":211,"LockerID":6,"Phone":"3142683683","PIN":"2222","Active":0,"StartTime":"2025-10-04T19:40:03Z","EndTime":"2025-10-04T19:40:03Z","AmountPaid":1500,"OpenBy":"error","LockerCode":"A6"},{"ID":212,"LockerID":7,"Phone":"3142683683","PIN":"2222","Active":0,"StartTime":"2025-10-04T19:40:04Z","EndTime":"2025-10-04T19:40:04Z","AmountPaid":1500,"OpenBy":"error","LockerCode":"A7"},{"ID":213,"LockerID":4,"Phone":"3142683683","PIN":"2222","Active":0,"StartTime":"2025-10-04T19:40:05Z","EndTime":"2025-10-04T19:40:05Z","AmountPaid":1500,"OpenBy":"error","LockerCode":"A4"},{"ID":214,"LockerID":8,"Phone":"3142683683","PIN":"2222","Active":0,"StartTime":"2025-10-04T19:40:07Z","EndTime":"2025-10-04T19:40:07Z","AmountPaid":1500,"OpenBy":"error","LockerCode":"A8"},{"ID":215,"LockerID":9,"Phone":"3142683683","PIN":"2222","Active":0,"StartTime":"2025-10-04T19:40:17Z","EndTime":"2025-10-04T19:40:17Z","AmountPaid":1500,"OpenBy":"error","LockerCode":"A9"},{"ID":216,"LockerID":10,"Phone":"3142683683","PIN":"2222","Active":0,"StartTime":"2025-10-04T19:40:18Z","EndTime":"2025-10-04T19:40:18Z","AmountPaid":1500,"OpenBy":"error","LockerCode":"A10"},{"ID":217,"LockerID":46,"Phone":"3142683683","PIN":"2222","Active":0,"StartTime":"2025-10-04T19:40:20Z","EndTime":"2025-10-04T19:40:20Z","AmountPaid":1500,"OpenBy":"error","LockerCode":"E6"},{"ID":218,"LockerID":5,"Phone":"3142683683","PIN":"2222","Active":0,"StartTime":"2025-10-04T19:40:21Z","EndTime":"2025-10-04T19:40:21Z","AmountPaid":1500,"OpenBy":"error","LockerCode":"A5"},{"ID":219,"LockerID":6,"Phone":"3124792031","PIN":"2007","Active":0,"StartTime":"2025-10-04T20:01:14Z","EndTime":"2025-10-04T20:01:14Z","AmountPaid":1500,"OpenBy":"error","LockerCode":"A6"},{"ID":220,"LockerID":9,"Phone":"3124792031","PIN":"2007","Active":0,"StartTime":"2025-10-04T20:01:15Z","EndTime":"2025-10-04T20:01:15Z","AmountPaid":1500,"OpenBy":"error","LockerCode":"A9"},{"ID":221,"LockerID":10,"Phone":"3124792031","PIN":"2007","Active":0,"StartTime":"2025-10-04T20:01:16Z","EndTime":"2025-10-04T20:01:16Z","AmountPaid":1500,"OpenBy":"error","LockerCode":"A10"},{"ID":222,"LockerID":7,"Phone":"3124792031","PIN":"2007","Active":0,"StartTime":"2025-10-04T20:01:17Z","EndTime":"2025-10-04T20:01:17Z","AmountPaid":1500,"OpenBy":"error","LockerCode":"A7"},{"ID":223,"LockerID":8,"Phone":"3124792031","PIN":"2007","Active":0,"StartTime":"2025-10-04T20:01:18Z","EndTime":"2025-10-04T20:01:18Z","AmountPaid":1500,"OpenBy":"error","LockerCode":"A8"},{"ID":224,"LockerID":9,"Phone":"3124792031","PIN":"2007","Active":0,"StartTime":"2025-10-04T20:11:22Z","EndTime":"2025-10-04T20:11:22Z","AmountPaid":1500,"OpenBy":"error","LockerCode":"A9"},{"ID":225,"LockerID":5,"Phone":"3124792031","PIN":"2007","Active":0,"StartTime":"2025-10-04T20:11:23Z","EndTime":"2025-10-04T20:11:23Z","AmountPaid":1500,"OpenBy":"error","LockerCode":"A5"},{"ID":226,"LockerID":2,"Phone":"3124792031","PIN":"2007","Active":0,"StartTime":"2025-10-04T20:11:24Z","EndTime":"2025-10-04T20:11:24Z","AmountPaid":1500,"OpenBy":"error","LockerCode":"A2"},{"ID":227,"LockerID":7,"Phone":"3124792031","PIN":"2007","Active":0,"StartTime":"2025-10-04T20:11:25Z","EndTime":"2025-10-04T20:11:25Z","AmountPaid":1500,"OpenBy":"error","LockerCode":"A7"},{"ID":228,"LockerID":6,"Phone":"3124792031","PIN":"2007","Active":0,"StartTime":"2025-10-04T20:11:26Z","EndTime":"2025-10-04T20:11:26Z","AmountPaid":1500,"OpenBy":"error","LockerCode":"A6"},{"ID":229,"LockerID":18,"Phone":"3124792031","PIN":"2007","Active":0,"StartTime":"2025-10-04T20:11:58Z","EndTime":"2025-10-04T20:11:58Z","AmountPaid":1500,"OpenBy":"error","LockerCode":"B8"},{"ID":230,"LockerID":15,"Phone":"3124792031","PIN":"2007","Active":0,"StartTime":"2025-10-04T20:12:00Z","EndTime":"2025-10-04T20:12:00Z","AmountPaid":1500,"OpenBy":"error","LockerCode":"B5"},{"ID":231,"LockerID":12,"Phone":"3124792031","PIN":"2007","Active":0,"StartTime":"2025-10-04T20:12:01Z","EndTime":"2025-10-04T20:12:01Z","AmountPaid":1500,"OpenBy":"error","LockerCode":"B2"},{"ID":232,"LockerID":20,"Phone":"3124792031","PIN":"2007","Active":0,"StartTime":"2025-10-04T20:12:02Z","EndTime":"2025-10-04T20:12:02Z","AmountPaid":1500,"OpenBy":"error","LockerCode":"B10"},{"ID":233,"LockerID":17,"Phone":"3124792031","PIN":"2007","Active":0,"StartTime":"2025-10-04T20:12:03Z","EndTime":"2025-10-04T20:12:03Z","AmountPaid":1500,"OpenBy":"error","LockerCode":"B7"},{"ID":234,"LockerID":8,"Phone":"3105727100","PIN":"2014","Active":0,"StartTime":"2025-10-04T20:47:17Z","EndTime":"2025-10-04T20:47:17Z","AmountPaid":1500,"OpenBy":"error","LockerCode":"A8"},{"ID":235,"LockerID":50,"Phone":"3105727100","PIN":"2014","Active":0,"StartTime":"2025-10-04T20:47:18Z","EndTime":"2025-10-04T20:47:18Z","AmountPaid":1500,"OpenBy":"error","LockerCode":"E10"},{"ID":236,"LockerID":49,"Phone":"3105727100","PIN":"2014","Active":0,"StartTime":"2025-10-04T20:47:19Z","EndTime":"2025-10-04T20:47:19Z","AmountPaid":1500,"OpenBy":"error","LockerCode":"E9"},{"ID":237,"LockerID":18,"Phone":"3105727100","PIN":"2014","Active":0,"StartTime":"2025-10-04T20:47:20Z","EndTime":"2025-10-04T20:47:20Z","AmountPaid":1500,"OpenBy":"error","LockerCode":"B8"},{"ID":238,"LockerID":14,"Phone":"3105727100","PIN":"2014","Active":0,"StartTime":"2025-10-04T20:47:21Z","EndTime":"2025-10-04T20:47:21Z","AmountPaid":1500,"OpenBy":"error","LockerCode":"B4"},{"ID":239,"LockerID":10,"Phone":"3105727100","PIN":"2014","Active":0,"StartTime":"2025-10-04T20:47:41Z","EndTime":"2025-10-04T20:47:41Z","AmountPaid":1500,"OpenBy":"error","LockerCode":"A10"},{"ID":240,"LockerID":32,"Phone":"3105727100","PIN":"2014","Active":0,"StartTime":"2025-10-04T20:47:42Z","EndTime":"2025-10-04T20:47:42Z","AmountPaid":1500,"OpenBy":"error","LockerCode":"D2"},{"ID":241,"LockerID":12,"Phone":"3105727100","PIN":"2014","Active":0,"StartTime":"2025-10-04T20:47:43Z","EndTime":"2025-10-04T20:47:43Z","AmountPaid":1500,"OpenBy":"error","LockerCode":"B2"},{"ID":242,"LockerID":24,"Phone":"3105727100","PIN":"2014","Active":0,"StartTime":"2025-10-04T20:47:44Z","EndTime":"2025-10-04T20:47:45Z","AmountPaid":1500,"OpenBy":"error","LockerCode":"C4"},{"ID":243,"LockerID":45,"Phone":"3105727100","PIN":"2014","Active":0,"StartTime":"2025-10-04T20:47:46Z","EndTime":"2025-10-04T20:47:46Z","AmountPaid":1500,"OpenBy":"error","LockerCode":"E5"},{"ID":244,"LockerID":37,"Phone":"3105727100","PIN":"2014","Active":0,"StartTime":"2025-10-04T20:47:58Z","EndTime":"2025-10-04T20:47:58Z","AmountPaid":1500,"OpenBy":"error","LockerCode":"D7"},{"ID":245,"LockerID":25,"Phone":"3105727100","PIN":"2014","Active":0,"StartTime":"2025-10-04T20:47:59Z","EndTime":"2025-10-04T20:47:59Z","AmountPaid":1500,"OpenBy":"error","LockerCode":"C5"},{"ID":246,"LockerID":57,"Phone":"3105727100","PIN":"2014","Active":0,"StartTime":"2025-10-04T20:48:00Z","EndTime":"2025-10-04T20:48:00Z","AmountPaid":1500,"OpenBy":"error","LockerCode":"F7"},{"ID":247,"LockerID":5,"Phone":"3105727100","PIN":"2014","Active":0,"StartTime":"2025-10-04T20:48:01Z","EndTime":"2025-10-04T20:48:01Z","AmountPaid":1500,"OpenBy":"error","LockerCode":"A5"},{"ID":248,"LockerID":33,"Phone":"3105727100","PIN":"2014","Active":0,"StartTime":"2025-10-04T20:48:02Z","EndTime":"2025-10-04T20:48:02Z","AmountPaid":1500,"OpenBy":"error","LockerCode":"D3"},{"ID":249,"LockerID":6,"Phone":"3105727100","PIN":"2014","Active":0,"StartTime":"2025-10-04T20:48:33Z","EndTime":"2025-10-04T20:48:33Z","AmountPaid":1500,"OpenBy":"error","LockerCode":"A6"},{"ID":250,"LockerID":23,"Phone":"3105727100","PIN":"2014","Active":0,"StartTime":"2025-10-04T20:48:34Z","EndTime":"2025-10-04T20:48:34Z","AmountPaid":1500,"OpenBy":"error","LockerCode":"C3"},{"ID":251,"LockerID":55,"Phone":"3105727100","PIN":"2014","Active":0,"StartTime":"2025-10-04T20:48:35Z","EndTime":"2025-10-04T20:48:35Z","AmountPaid":1500,"OpenBy":"error","LockerCode":"F5"},{"ID":252,"LockerID":56,"Phone":"3105727100","PIN":"2014","Active":0,"StartTime":"2025-10-04T20:48:36Z","EndTime":"2025-10-04T20:48:36Z","AmountPaid":1500,"OpenBy":"error","LockerCode":"F6"},{"ID":253,"LockerID":59,"Phone":"3105727100","PIN":"2014","Active":0,"StartTime":"2025-10-04T20:48:37Z","EndTime":"2025-10-04T20:48:37Z","AmountPaid":1500,"OpenBy":"error","LockerCode":"F9"},{"ID":254,"LockerID":17,"Phone":"3105727100","PIN":"2014","Active":0,"StartTime":"2025-10-04T20:48:44Z","EndTime":"2025-10-04T20:48:44Z","AmountPaid":1500,"OpenBy":"error","LockerCode":"B7"},{"ID":255,"LockerID":51,"Phone":"3105727100","PIN":"2014","Active":0,"StartTime":"2025-10-04T20:48:45Z","EndTime":"2025-10-04T20:48:45Z","AmountPaid":1500,"OpenBy":"error","LockerCode":"F1"},{"ID":256,"LockerID":27,"Phone":"3105727100","PIN":"2014","Active":0,"StartTime":"2025-10-04T20:48:46Z","EndTime":"2025-10-04T20:48:46Z","AmountPaid":1500,"OpenBy":"error","LockerCode":"C7"},{"ID":257,"LockerID":15,"Phone":"3105727100","PIN":"2014","Active":0,"StartTime":"2025-10-04T20:48:47Z","EndTime":"2025-10-04T20:48:47Z","AmountPaid":1500,"OpenBy":"error","LockerCode":"B5"},{"ID":258,"LockerID":40,"Phone":"3105727100","PIN":"2014","Active":0,"StartTime":"2025-10-04T20:48:48Z","EndTime":"2025-10-04T20:48:48Z","AmountPaid":1500,"OpenBy":"error","LockerCode":"D10"},{"ID":259,"LockerID":36,"Phone":"3105727100","PIN":"2014","Active":0,"StartTime":"2025-10-04T20:48:57Z","EndTime":"2025-10-04T20:48:57Z","AmountPaid":1500,"OpenBy":"error","LockerCode":"D6"},{"ID":260,"LockerID":43,"Phone":"3105727100","PIN":"2014","Active":0,"StartTime":"2025-10-04T20:48:58Z","EndTime":"2025-10-04T20:48:58Z","AmountPaid":1500,"OpenBy":"error","LockerCode":"E3"},{"ID":261,"LockerID":2,"Phone":"3105727100","PIN":"2014","Active":0,"StartTime":"2025-10-04T20:48:59Z","EndTime":"2025-10-04T20:48:59Z","AmountPaid":1500,"OpenBy":"error","LockerCode":"A2"},{"ID":262,"LockerID":28,"Phone":"3105727100","PIN":"2014","Active":0,"StartTime":"2025-10-04T20:49:00Z","EndTime":"2025-10-04T20:49:00Z","AmountPaid":1500,"OpenBy":"error","LockerCode":"C8"},{"ID":263,"LockerID":48,"Phone":"3105727100","PIN":"2014","Active":0,"StartTime":"2025-10-04T20:49:01Z","EndTime":"2025-10-04T20:49:01Z","AmountPaid":1500,"OpenBy":"error","LockerCode":"E8"},{"ID":264,"LockerID":58,"Phone":"3105727100","PIN":"2014","Active":0,"StartTime":"2025-10-04T20:49:11Z","EndTime":"2025-10-04T20:49:11Z","AmountPaid":1500,"OpenBy":"error","LockerCode":"F8"},{"ID":265,"LockerID":35,"Phone":"3105727100","PIN":"2014","Active":0,"StartTime":"2025-10-04T20:49:12Z","EndTime":"2025-10-04T20:49:12Z","AmountPaid":1500,"OpenBy":"error","LockerCode":"D5"},{"ID":266,"LockerID":20,"Phone":"3105727100","PIN":"2014","Active":0,"StartTime":"2025-10-04T20:49:13Z","EndTime":"2025-10-04T20:49:13Z","AmountPaid":1500,"OpenBy":"error","LockerCode":"B10"},{"ID":267,"LockerID":44,"Phone":"3105727100","PIN":"2014","Active":0,"StartTime":"2025-10-04T20:49:14Z","EndTime":"2025-10-04T20:49:14Z","AmountPaid":1500,"OpenBy":"error","LockerCode":"E4"},{"ID":268,"LockerID":13,"Phone":"3105727100","PIN":"2014","Active":0,"StartTime":"2025-10-04T20:49:15Z","EndTime":"2025-10-04T20:49:15Z","AmountPaid":1500,"OpenBy":"error","LockerCode":"B3"},{"ID":269,"LockerID":22,"Phone":"3105727100","PIN":"2014","Active":0,"StartTime":"2025-10-04T20:49:39Z","EndTime":"2025-10-04T20:49:39Z","AmountPaid":1500,"OpenBy":"error","LockerCode":"C2"},{"ID":270,"LockerID":9,"Phone":"3105727100","PIN":"2014","Active":0,"StartTime":"2025-10-04T20:49:40Z","EndTime":"2025-10-04T20:49:40Z","AmountPaid":1500,"OpenBy":"error","LockerCode":"A9"},{"ID":271,"LockerID":31,"Phone":"3105727100","PIN":"2014","Active":0,"StartTime":"2025-10-04T20:49:41Z","EndTime":"2025-10-04T20:49:41Z","AmountPaid":1500,"OpenBy":"error","LockerCode":"D1"},{"ID":272,"LockerID":60,"Phone":"3105727100","PIN":"2014","Active":0,"StartTime":"2025-10-04T20:49:42Z","EndTime":"2025-10-04T20:49:42Z","AmountPaid":1500,"OpenBy":"error","LockerCode":"F10"},{"ID":273,"LockerID":16,"Phone":"3105727100","PIN":"2014","Active":0,"StartTime":"2025-10-04T20:49:43Z","EndTime":"2025-10-04T20:49:43Z","AmountPaid":1500,"OpenBy":"error","LockerCode":"B6"},{"ID":274,"LockerID":7,"Phone":"3105727100","PIN":"2014","Active":0,"StartTime":"2025-10-04T20:49:50Z","EndTime":"2025-10-04T20:49:50Z","AmountPaid":1500,"OpenBy":"error","LockerCode":"A7"},{"ID":275,"LockerID":34,"Phone":"3105727100","PIN":"2014","Active":0,"StartTime":"2025-10-04T20:49:51Z","EndTime":"2025-10-04T20:49:51Z","AmountPaid":1500,"OpenBy":"error","LockerCode":"D4"},{"ID":276,"LockerID":53,"Phone":"3105727100","PIN":"2014","Active":0,"StartTime":"2025-10-04T20:49:52Z","EndTime":"2025-10-04T20:49:52Z","AmountPaid":1500,"OpenBy":"error","LockerCode":"F3"},{"ID":277,"LockerID":21,"Phone":"3105727100","PIN":"2014","Active":0,"StartTime":"2025-10-04T20:49:53Z","EndTime":"2025-10-04T20:49:53Z","AmountPaid":1500,"OpenBy":"error","LockerCode":"C1"},{"ID":278,"LockerID":52,"Phone":"3105727100","PIN":"2014","Active":0,"StartTime":"2025-10-04T20:49:54Z","EndTime":"2025-10-04T20:49:54Z","AmountPaid":1500,"OpenBy":"error","LockerCode":"F2"},{"ID":279,"LockerID":47,"Phone":"3105727100","PIN":"2014","Active":0,"StartTime":"2025-10-04T20:50:09Z","EndTime":"2025-10-04T20:50:09Z","AmountPaid":1500,"OpenBy":"error","LockerCode":"E7"},{"ID":280,"LockerID":30,"Phone":"3105727100","PIN":"2014","Active":0,"StartTime":"2025-10-04T20:50:11Z","EndTime":"2025-10-04T20:50:11Z","AmountPaid":1500,"OpenBy":"error","LockerCode":"C10"},{"ID":281,"LockerID":54,"Phone":"3105727100","PIN":"2014","Active":0,"StartTime":"2025-10-04T20:50:12Z","EndTime":"2025-10-04T20:50:12Z","AmountPaid":1500,"OpenBy":"error","LockerCode":"F4"},{"ID":282,"LockerID":26,"Phone":"3105727100","PIN":"2014","Active":0,"StartTime":"2025-10-04T20:50:13Z","EndTime":"2025-10-04T20:50:13Z","AmountPaid":1500,"OpenBy":"error","LockerCode":"C6"},{"ID":283,"LockerID":38,"Phone":"3105727100","PIN":"2014","Active":0,"StartTime":"2025-10-04T20:50:14Z","EndTime":"2025-10-04T20:50:14Z","AmountPaid":1500,"OpenBy":"error","LockerCode":"D8"},{"ID":284,"LockerID":11,"Phone":"3105727100","PIN":"2014","Active":0,"StartTime":"2025-10-04T20:51:10Z","EndTime":"2025-10-04T20:51:10Z","AmountPaid":1500,"OpenBy":"error","LockerCode":"B1"},{"ID":285,"LockerID":39,"Phone":"3105727100","PIN":"2014","Active":0,"StartTime":"2025-10-04T20:51:11Z","EndTime":"2025-10-04T20:51:11Z","AmountPaid":1500,"OpenBy":"error","LockerCode":"D9"},{"ID":286,"LockerID":19,"Phone":"3105727100","PIN":"2014","Active":0,"StartTime":"2025-10-04T20:51:12Z","EndTime":"2025-10-04T20:51:12Z","AmountPaid":1500,"OpenBy":"error","LockerCode":"B9"},{"ID":287,"LockerID":46,"Phone":"3105727100","PIN":"2014","Active":0,"StartTime":"2025-10-04T20:51:13Z","EndTime":"2025-10-04T20:51:13Z","AmountPaid":1500,"OpenBy":"error","LockerCode":"E6"},{"ID":288,"LockerID":41,"Phone":"3105727100","PIN":"2014","Active":0,"StartTime":"2025-10-04T20:51:14Z","EndTime":"2025-10-04T20:51:14Z","AmountPaid":1500,"OpenBy":"error","LockerCode":"E1"},{"ID":289,"LockerID":29,"Phone":"3105727100","PIN":"2014","Active":0,"StartTime":"2025-10-04T20:51:23Z","EndTime":"2025-10-04T20:51:23Z","AmountPaid":1500,"OpenBy":"error","LockerCode":"C9"},{"ID":290,"LockerID":1,"Phone":"3134555898","PIN":"0902","Active":0,"StartTime":"2025-10-04T21:01:44Z","EndTime":"2025-10-04T23:06:35Z","AmountPaid":1500,"OpenBy":"user","LockerCode":"A1"},{"ID":291,"LockerID":60,"Phone":"3103192771","PIN":"1234","Active":0,"StartTime":"2025-10-04T21:07:47Z","EndTime":"2025-10-04T21:08:03Z","AmountPaid":1500,"OpenBy":"user","LockerCode":"F10"},{"ID":292,"LockerID":60,"Phone":"3144756857","PIN":"0855","Active":0,"StartTime":"2025-10-04T21:33:49Z","EndTime":"2025-10-04T22:31:56Z","AmountPaid":1500,"OpenBy":"user","LockerCode":"F10"},{"ID":293,"LockerID":30,"Phone":"3105668502","PIN":"8502","Active":0,"StartTime":"2025-10-04T21:46:07Z","EndTime":"2025-10-04T23:49:08Z","AmountPaid":1500,"OpenBy":"user","LockerCode":"C10"},{"ID":294,"LockerID":50,"Phone":"3103192771","PIN":"0000","Active":0,"StartTime":"2025-10-04T21:58:57Z","EndTime":"2025-10-04T21:59:07Z","AmountPaid":1500,"OpenBy":"user","LockerCode":"E10"},{"ID":295,"LockerID":59,"Phone":"3007701575","PIN":"1196","Active":0,"StartTime":"2025-10-04T22:01:17Z","EndTime":"2025-10-04T22:16:46Z","AmountPaid":1500,"OpenBy":"user","LockerCode":"F9"},{"ID":296,"LockerID":26,"Phone":"3012732774","PIN":"1020","Active":0,"StartTime":"2025-10-04T22:18:56Z","EndTime":"2025-10-04T23:40:00Z","AmountPaid":1500,"OpenBy":"user","LockerCode":"C6"},{"ID":297,"LockerID":54,"Phone":"3125672346","PIN":"1031","Active":0,"StartTime":"2025-10-04T22:42:52Z","EndTime":"2025-10-05T00:27:51Z","AmountPaid":1500,"OpenBy":"user","LockerCode":"F4"},{"ID":298,"LockerID":28,"Phone":"3503615093","PIN":"2214","Active":0,"StartTime":"2025-10-04T23:12:55Z","EndTime":"2025-10-05T00:20:35Z","AmountPaid":1500,"OpenBy":"user","LockerCode":"C8"},{"ID":299,"LockerID":21,"Phone":"3112545199","PIN":"2560","Active":0,"StartTime":"2025-10-04T23:24:16Z","EndTime":"2025-10-05T01:11:55Z","AmountPaid":1500,"OpenBy":"user","LockerCode":"C1"},{"ID":300,"LockerID":57,"Phone":"3114359709","PIN":"1512","Active":0,"StartTime":"2025-10-05T00:37:04Z","EndTime":"2025-10-05T01:32:50Z","AmountPaid":1500,"OpenBy":"user","LockerCode":"F7"},{"ID":301,"LockerID":39,"Phone":"3058200071","PIN":"2508","Active":0,"StartTime":"2025-10-05T00:43:42Z","EndTime":"2025-10-05T03:39:17Z","AmountPaid":1500,"OpenBy":"user","LockerCode":"D9"},{"ID":302,"LockerID":28,"Phone":"3213634452","PIN":"2222","Active":0,"StartTime":"2025-10-05T01:11:34Z","EndTime":"2025-10-05T01:50:34Z","AmountPaid":1500,"OpenBy":"user","LockerCode":"C8"},{"ID":303,"LockerID":4,"Phone":"3164538113","PIN":"0408","Active":0,"StartTime":"2025-10-05T16:15:05Z","EndTime":"2025-10-05T18:48:16Z","AmountPaid":1500,"OpenBy":"user","LockerCode":"A4"},{"ID":304,"LockerID":11,"Phone":"3057582319","PIN":"1203","Active":0,"StartTime":"2025-10-05T16:46:51Z","EndTime":"2025-10-05T17:36:53Z","AmountPaid":1500,"OpenBy":"user","LockerCode":"B1"},{"ID":305,"LockerID":8,"Phone":"3007430327","PIN":"1807","Active":0,"StartTime":"2025-10-05T17:03:31Z","EndTime":"2025-10-05T19:56:50Z","AmountPaid":1500,"OpenBy":"user","LockerCode":"A8"},{"ID":306,"LockerID":56,"Phone":"3508957924","PIN":"1807","Active":0,"StartTime":"2025-10-05T17:05:06Z","EndTime":"2025-10-05T17:05:06Z","AmountPaid":1500,"OpenBy":"error","LockerCode":"F6"},{"ID":307,"LockerID":37,"Phone":"3508957924","PIN":"1807","Active":0,"StartTime":"2025-10-05T17:05:08Z","EndTime":"2025-10-05T19:57:12Z","AmountPaid":1500,"OpenBy":"user","LockerCode":"D7"},{"ID":308,"LockerID":5,"Phone":"3136932005","PIN":"1103","Active":0,"StartTime":"2025-10-05T17:15:07Z","EndTime":"2025-10-05T17:51:00Z","AmountPaid":1500,"OpenBy":"user","LockerCode":"A5"},{"ID":309,"LockerID":54,"Phone":"3508353881","PIN":"1983","Active":0,"StartTime":"2025-10-05T17:15:50Z","EndTime":"2025-10-05T18:12:48Z","AmountPaid":1500,"OpenBy":"user","LockerCode":"F4"},{"ID":310,"LockerID":16,"Phone":"3134596595","PIN":"2020","Active":0,"StartTime":"2025-10-05T17:22:22Z","EndTime":"2025-10-05T19:52:41Z","AmountPaid":1500,"OpenBy":"user","LockerCode":"B6"},{"ID":311,"LockerID":6,"Phone":"3014850544","PIN":"2412","Active":0,"StartTime":"2025-10-05T17:50:30Z","EndTime":"2025-10-05T19:43:05Z","AmountPaid":1500,"OpenBy":"user","LockerCode":"A6"},{"ID":312,"LockerID":59,"Phone":"3174300462","PIN":"9601","Active":0,"StartTime":"2025-10-05T17:52:07Z","EndTime":"2025-10-05T19:24:13Z","AmountPaid":1500,"OpenBy":"user","LockerCode":"F9"},{"ID":313,"LockerID":1,"Phone":"3148809757","PIN":"2412","Active":0,"StartTime":"2025-10-05T17:53:10Z","EndTime":"2025-10-05T19:43:15Z","AmountPaid":1500,"OpenBy":"user","LockerCode":"A1"},{"ID":314,"LockerID":29,"Phone":"3008566764","PIN":"3110","Active":0,"StartTime":"2025-10-05T17:55:01Z","EndTime":"2025-10-05T19:14:01Z","AmountPaid":1500,"OpenBy":"user","LockerCode":"C9"},{"ID":315,"LockerID":5,"Phone":"3213923586","PIN":"9601","Active":0,"StartTime":"2025-10-05T17:58:03Z","EndTime":"2025-10-05T19:24:32Z","AmountPaid":1500,"OpenBy":"user","LockerCode":"A5"},{"ID":316,"LockerID":3,"Phone":"3143000156","PIN":"9701","Active":0,"StartTime":"2025-10-05T18:35:59Z","EndTime":"2025-10-05T21:44:38Z","AmountPaid":1500,"OpenBy":"user","LockerCode":"A3"},{"ID":317,"LockerID":25,"Phone":"3152216272","PIN":"2013","Active":0,"StartTime":"2025-10-05T19:19:01Z","EndTime":"2025-10-05T22:19:06Z","AmountPaid":1500,"OpenBy":"user","LockerCode":"C5"},{"ID":318,"LockerID":5,"Phone":"3107794966","PIN":"6458","Active":0,"StartTime":"2025-10-05T19:45:28Z","EndTime":"2025-10-05T22:41:02Z","AmountPaid":1500,"OpenBy":"user","LockerCode":"A5"},{"ID":319,"LockerID":19,"Phone":"3134972160","PIN":"1425","Active":0,"StartTime":"2025-10-05T20:10:49Z","EndTime":"2025-10-05T21:07:17Z","AmountPaid":1500,"OpenBy":"user","LockerCode":"B9"},{"ID":320,"LockerID":28,"Phone":"3180613903","PIN":"1430","Active":0,"StartTime":"2025-10-05T20:27:24Z","EndTime":"2025-10-05T22:08:21Z","AmountPaid":1500,"OpenBy":"user","LockerCode":"C8"},{"ID":321,"LockerID":55,"Phone":"3132976022","PIN":"0876","Active":0,"StartTime":"2025-10-05T20:31:56Z","EndTime":"2025-10-06T00:18:48Z","AmountPaid":1500,"OpenBy":"user","LockerCode":"F5"},{"ID":322,"LockerID":32,"Phone":"3224095161","PIN":"0707","Active":0,"StartTime":"2025-10-05T20:35:48Z","EndTime":"2025-10-05T22:40:38Z","AmountPaid":1500,"OpenBy":"user","LockerCode":"D2"},{"ID":323,"LockerID":22,"Phone":"3164180757","PIN":"0205","Active":0,"StartTime":"2025-10-05T20:36:53Z","EndTime":"2025-10-05T23:39:54Z","AmountPaid":1500,"OpenBy":"user","LockerCode":"C2"},{"ID":324,"LockerID":6,"Phone":"3192365251","PIN":"6282","Active":0,"StartTime":"2025-10-05T20:40:14Z","EndTime":"2025-10-05T22:47:13Z","AmountPaid":1500,"OpenBy":"user","LockerCode":"A6"},{"ID":325,"LockerID":31,"Phone":"3008821952","PIN":"7811","Active":0,"StartTime":"2025-10-05T20:44:10Z","EndTime":"2025-10-05T23:43:28Z","AmountPaid":1500,"OpenBy":"user","LockerCode":"D1"},{"ID":326,"LockerID":17,"Phone":"3105855289","PIN":"1122","Active":0,"StartTime":"2025-10-05T20:45:32Z","EndTime":"2025-10-05T23:43:48Z","AmountPaid":1500,"OpenBy":"user","LockerCode":"B7"},{"ID":327,"LockerID":19,"Phone":"3165355493","PIN":"2580","Active":0,"StartTime":"2025-10-05T21:34:52Z","EndTime":"2025-10-05T23:09:13Z","AmountPaid":1500,"OpenBy":"user","LockerCode":"B9"},{"ID":328,"LockerID":51,"Phone":"3112667736","PIN":"2505","Active":0,"StartTime":"2025-10-05T22:07:54Z","EndTime":"2025-10-06T02:39:08Z","AmountPaid":1500,"OpenBy":"user","LockerCode":"F1"},{"ID":329,"LockerID":50,"Phone":"3508142987","PIN":"2841","Active":0,"StartTime":"2025-10-05T22:12:49Z","EndTime":"2025-10-05T23:05:32Z","AmountPaid":1500,"OpenBy":"user","LockerCode":"E10"},{"ID":330,"LockerID":43,"Phone":"3242040667","PIN":"0812","Active":0,"StartTime":"2025-10-05T22:13:36Z","EndTime":"2025-10-05T23:51:19Z","AmountPaid":1500,"OpenBy":"user","LockerCode":"E3"},{"ID":331,"LockerID":34,"Phone":"3107924225","PIN":"0000","Active":0,"StartTime":"2025-10-05T22:52:30Z","EndTime":"2025-10-06T01:27:44Z","AmountPaid":1500,"OpenBy":"user","LockerCode":"D4"},{"ID":332,"LockerID":8,"Phone":"3006505492","PIN":"0902","Active":0,"StartTime":"2025-10-05T22:55:47Z","EndTime":"2025-10-05T23:31:23Z","AmountPaid":1500,"OpenBy":"user","LockerCode":"A8"},{"ID":333,"LockerID":10,"Phone":"3248643851","PIN":"8521","Active":0,"StartTime":"2025-10-05T22:57:38Z","EndTime":"2025-10-05T23:24:01Z","AmountPaid":1500,"OpenBy":"user","LockerCode":"A10"},{"ID":334,"LockerID":60,"Phone":"3227013066","PIN":"2904","Active":0,"StartTime":"2025-10-05T23:37:38Z","EndTime":"2025-10-06T00:50:43Z","AmountPaid":1500,"OpenBy":"user","LockerCode":"F10"},{"ID":335,"LockerID":48,"Phone":"3223537741","PIN":"2904","Active":0,"StartTime":"2025-10-05T23:39:11Z","EndTime":"2025-10-06T00:50:54Z","AmountPaid":1500,"OpenBy":"user","LockerCode":"E8"},{"ID":336,"LockerID":19,"Phone":"3184920950","PIN":"1807","Active":0,"StartTime":"2025-10-06T11:24:19Z","EndTime":"2025-10-06T12:30:30Z","AmountPaid":1500,"OpenBy":"user","LockerCode":"B9"},{"ID":337,"LockerID":45,"Phone":"3148169044","PIN":"9804","Active":0,"StartTime":"2025-10-06T12:07:26Z","EndTime":"2025-10-06T13:17:23Z","AmountPaid":1500,"OpenBy":"user","LockerCode":"E5"},{"ID":338,"LockerID":3,"Phone":"3194051169","PIN":"9905","Active":0,"StartTime":"2025-10-06T13:25:07Z","EndTime":"2025-10-06T23:36:27Z","AmountPaid":1500,"OpenBy":"user","LockerCode":"A3"},{"ID":339,"LockerID":52,"Phone":"3118459069","PIN":"1608","Active":0,"StartTime":"2025-10-06T13:30:50Z","EndTime":"2025-10-06T13:58:48Z","AmountPaid":1500,"OpenBy":"user","LockerCode":"F2"},{"ID":340,"LockerID":50,"Phone":"3153618369","PIN":"1309","Active":0,"StartTime":"2025-10-06T15:07:30Z","EndTime":"2025-10-06T15:25:41Z","AmountPaid":1500,"OpenBy":"user","LockerCode":"E10"},{"ID":341,"LockerID":5,"Phone":"3003041589","PIN":"6521","Active":0,"StartTime":"2025-10-06T15:29:54Z","EndTime":"2025-10-06T17:11:11Z","AmountPaid":1500,"OpenBy":"user","LockerCode":"A5"},{"ID":342,"LockerID":59,"Phone":"3125277820","PIN":"0852","Active":0,"StartTime":"2025-10-06T15:39:56Z","EndTime":"2025-10-06T18:09:39Z","AmountPaid":1500,"OpenBy":"user","LockerCode":"F9"},{"ID":343,"LockerID":14,"Phone":"3012214526","PIN":"5689","Active":0,"StartTime":"2025-10-06T15:44:54Z","EndTime":"2025-10-06T17:00:05Z","AmountPaid":1500,"OpenBy":"user","LockerCode":"B4"},{"ID":344,"LockerID":12,"Phone":"3152189715","PIN":"1980","Active":0,"StartTime":"2025-10-06T16:42:44Z","EndTime":"2025-10-06T17:17:08Z","AmountPaid":1600,"OpenBy":"user","LockerCode":"B2"},{"ID":345,"LockerID":45,"Phone":"3234923198","PIN":"2002","Active":0,"StartTime":"2025-10-06T17:05:51Z","EndTime":"2025-10-06T19:06:02Z","AmountPaid":1500,"OpenBy":"user","LockerCode":"E5"},{"ID":346,"LockerID":28,"Phone":"3246213622","PIN":"1102","Active":0,"StartTime":"2025-10-06T18:04:00Z","EndTime":"2025-10-06T19:11:59Z","AmountPaid":1500,"OpenBy":"user","LockerCode":"C8"},{"ID":347,"LockerID":22,"Phone":"3118177312","PIN":"1379","Active":0,"StartTime":"2025-10-06T18:27:20Z","EndTime":"2025-10-06T19:53:53Z","AmountPaid":1700,"OpenBy":"user","LockerCode":"C2"},{"ID":348,"LockerID":26,"Phone":"3054583050","PIN":"2003","Active":0,"StartTime":"2025-10-06T18:52:08Z","EndTime":"2025-10-06T19:49:23Z","AmountPaid":1500,"OpenBy":"user","LockerCode":"C6"},{"ID":349,"LockerID":18,"Phone":"3118094594","PIN":"4594","Active":0,"StartTime":"2025-10-06T19:19:08Z","EndTime":"2025-10-06T20:22:20Z","AmountPaid":1500,"OpenBy":"user","LockerCode":"B8"},{"ID":350,"LockerID":2,"Phone":"3015904518","PIN":"1323","Active":0,"StartTime":"2025-10-06T19:23:22Z","EndTime":"2025-10-06T19:45:56Z","AmountPaid":1500,"OpenBy":"user","LockerCode":"A2"},{"ID":351,"LockerID":37,"Phone":"3233788239","PIN":"1818","Active":0,"StartTime":"2025-10-06T19:25:03Z","EndTime":"2025-10-06T19:44:39Z","AmountPaid":1500,"OpenBy":"user","LockerCode":"D7"},{"ID":352,"LockerID":45,"Phone":"3124667569","PIN":"6321","Active":0,"StartTime":"2025-10-06T19:53:05Z","EndTime":"2025-10-06T20:49:16Z","AmountPaid":1500,"OpenBy":"user","LockerCode":"E5"},{"ID":353,"LockerID":1,"Phone":"3103828664","PIN":"3204","Active":0,"StartTime":"2025-10-06T20:13:19Z","EndTime":"2025-10-07T00:14:37Z","AmountPaid":1500,"OpenBy":"user","LockerCode":"A1"},{"ID":354,"LockerID":43,"Phone":"3046657640","PIN":"2331","Active":0,"StartTime":"2025-10-06T20:51:09Z","EndTime":"2025-10-06T21:16:11Z","AmountPaid":1500,"OpenBy":"user","LockerCode":"E3"},{"ID":355,"LockerID":44,"Phone":"3195985796","PIN":"1214","Active":0,"StartTime":"2025-10-06T21:07:54Z","EndTime":"2025-10-06T22:01:35Z","AmountPaid":1500,"OpenBy":"user","LockerCode":"E4"},{"ID":356,"LockerID":55,"Phone":"3024179013","PIN":"4689","Active":0,"StartTime":"2025-10-06T22:42:00Z","EndTime":"2025-10-07T00:03:58Z","AmountPaid":1500,"OpenBy":"user","LockerCode":"F5"},{"ID":357,"LockerID":54,"Phone":"3212384685","PIN":"2582","Active":0,"StartTime":"2025-10-06T22:44:05Z","EndTime":"2025-10-07T01:26:07Z","AmountPaid":1500,"OpenBy":"user","LockerCode":"F4"},{"ID":358,"LockerID":26,"Phone":"3172166639","PIN":"1946","Active":0,"StartTime":"2025-10-06T23:42:28Z","EndTime":"2025-10-07T00:59:22Z","AmountPaid":1500,"OpenBy":"user","LockerCode":"C6"},{"ID":359,"LockerID":30,"Phone":"3102319349","PIN":"9208","Active":1,"StartTime":"2025-10-06T23:56:23Z","EndTime":null,"AmountPaid":1500,"OpenBy":"user","LockerCode":"C10"},{"ID":360,"LockerID":41,"Phone":"3142321998","PIN":"2003","Active":1,"StartTime":"2025-10-07T00:44:05Z","EndTime":null,"AmountPaid":1500,"OpenBy":"user","LockerCode":"E1"}]
[2025-10-06 23:07:47] [INFO] [main] [reportLockers] Reporte generado con éxito
[2025-10-06 23:07:54] [INFO] [main] [statusLockers] Iniciando petición para obtener casilleros disponibles
[2025-10-06 23:07:54] [INFO] [main] [statusLockers] Timeout efectivo en ejecución: 30000
[2025-10-06 23:07:54] [INFO] [main] [statusLockers] Intento 1: HOST -> http://localhost:8080
[2025-10-06 23:07:54] [INFO] [main] [statusLockers] Intento 1: URL -> /api/lockers/get-all-status
[2025-10-06 23:07:54] [INFO] [main] [copyright] Versión cargada: 1.1.0
[2025-10-06 23:07:54] [INFO] [main] [app] Componente App montado
[2025-10-06 23:07:54] [INFO] [main] [app] Versión cargada: 1.1.0
[2025-10-06 23:07:54] [INFO] [main] [statusLockers] Iniciando petición para obtener casilleros disponibles
[2025-10-06 23:07:54] [INFO] [main] [statusLockers] Timeout efectivo en ejecución: 30000
[2025-10-06 23:07:54] [INFO] [main] [statusLockers] Intento 1: HOST -> http://localhost:8080
[2025-10-06 23:07:54] [INFO] [main] [statusLockers] Intento 1: URL -> /api/lockers/get-all-status
[2025-10-06 23:07:54] [INFO] [main] [copyright] Versión cargada: 1.1.0
[2025-10-06 23:07:54] [INFO] [main] [app] Componente App montado
[2025-10-06 23:07:54] [INFO] [main] [app] Versión cargada: 1.1.0
[2025-10-06 23:07:54] [INFO] [main] [useConfig] Configuración inicial obtenida
[2025-10-06 23:07:54] [INFO] [main] [useConfig] Configuración inicial obtenida
[2025-10-06 23:07:54] [INFO] [main] [useConfig] Configuración inicial obtenida
[2025-10-06 23:07:54] [INFO] [main] [useConfig] Configuración inicial obtenida
[2025-10-06 23:07:54] [INFO] [main] [useConfig] Configuración inicial obtenida
[2025-10-06 23:07:54] [INFO] [main] [useConfig] Configuración inicial obtenida
[2025-10-06 23:07:54] [INFO] [main] [useConfig] Configuración inicial obtenida
[2025-10-06 23:07:54] [INFO] [main] [useConfig] Configuración inicial obtenida
[2025-10-06 23:07:54] [INFO] [main] [statusLockers] Response. Status: 200
[2025-10-06 23:07:54] [INFO] [main] [statusLockers] Response. Data: {"general":[{"status":"ocupado","total":2},{"status":"libre","total":57},{"status":"reservado","total":0},{"status":"deshabilitado","total":1}],"modules":[{"module":"A","lockers":[{"lockerCode":"A1","status":"libre"},{"lockerCode":"A2","status":"libre"},{"lockerCode":"A3","status":"libre"},{"lockerCode":"A4","status":"libre"},{"lockerCode":"A5","status":"libre"},{"lockerCode":"A6","status":"libre"},{"lockerCode":"A7","status":"libre"},{"lockerCode":"A8","status":"libre"},{"lockerCode":"A9","status":"libre"},{"lockerCode":"A10","status":"libre"}]},{"module":"B","lockers":[{"lockerCode":"B1","status":"libre"},{"lockerCode":"B2","status":"libre"},{"lockerCode":"B3","status":"libre"},{"lockerCode":"B4","status":"libre"},{"lockerCode":"B5","status":"libre"},{"lockerCode":"B6","status":"libre"},{"lockerCode":"B7","status":"libre"},{"lockerCode":"B8","status":"libre"},{"lockerCode":"B9","status":"libre"},{"lockerCode":"B10","status":"libre"}]},{"module":"C","lockers":[{"lockerCode":"C1","status":"libre"},{"lockerCode":"C2","status":"libre"},{"lockerCode":"C3","status":"libre"},{"lockerCode":"C4","status":"libre"},{"lockerCode":"C5","status":"libre"},{"lockerCode":"C6","status":"libre"},{"lockerCode":"C7","status":"libre"},{"lockerCode":"C8","status":"libre"},{"lockerCode":"C9","status":"libre"},{"lockerCode":"C10","status":"ocupado"}]},{"module":"D","lockers":[{"lockerCode":"D1","status":"libre"},{"lockerCode":"D2","status":"libre"},{"lockerCode":"D3","status":"libre"},{"lockerCode":"D4","status":"libre"},{"lockerCode":"D5","status":"libre"},{"lockerCode":"D6","status":"libre"},{"lockerCode":"D7","status":"libre"},{"lockerCode":"D8","status":"libre"},{"lockerCode":"D9","status":"libre"},{"lockerCode":"D10","status":"libre"}]},{"module":"E","lockers":[{"lockerCode":"E1","status":"ocupado"},{"lockerCode":"E2","status":"libre"},{"lockerCode":"E3","status":"libre"},{"lockerCode":"E4","status":"libre"},{"lockerCode":"E5","status":"libre"},{"lockerCode":"E6","status":"libre"},{"lockerCode":"E7","status":"libre"},{"lockerCode":"E8","status":"libre"},{"lockerCode":"E9","status":"libre"},{"lockerCode":"E10","status":"libre"}]},{"module":"F","lockers":[{"lockerCode":"F1","status":"libre"},{"lockerCode":"F2","status":"libre"},{"lockerCode":"F3","status":"libre"},{"lockerCode":"F4","status":"libre"},{"lockerCode":"F5","status":"libre"},{"lockerCode":"F6","status":"deshabilitado"},{"lockerCode":"F7","status":"libre"},{"lockerCode":"F8","status":"libre"},{"lockerCode":"F9","status":"libre"},{"lockerCode":"F10","status":"libre"}]}]}
[2025-10-06 23:07:54] [INFO] [main] [statusLockers] Response. Status: 200
[2025-10-06 23:07:54] [INFO] [main] [statusLockers] Response. Data: {"general":[{"status":"libre","total":57},{"status":"reservado","total":0},{"status":"deshabilitado","total":1},{"status":"ocupado","total":2}],"modules":[{"module":"A","lockers":[{"lockerCode":"A1","status":"libre"},{"lockerCode":"A2","status":"libre"},{"lockerCode":"A3","status":"libre"},{"lockerCode":"A4","status":"libre"},{"lockerCode":"A5","status":"libre"},{"lockerCode":"A6","status":"libre"},{"lockerCode":"A7","status":"libre"},{"lockerCode":"A8","status":"libre"},{"lockerCode":"A9","status":"libre"},{"lockerCode":"A10","status":"libre"}]},{"module":"B","lockers":[{"lockerCode":"B1","status":"libre"},{"lockerCode":"B2","status":"libre"},{"lockerCode":"B3","status":"libre"},{"lockerCode":"B4","status":"libre"},{"lockerCode":"B5","status":"libre"},{"lockerCode":"B6","status":"libre"},{"lockerCode":"B7","status":"libre"},{"lockerCode":"B8","status":"libre"},{"lockerCode":"B9","status":"libre"},{"lockerCode":"B10","status":"libre"}]},{"module":"C","lockers":[{"lockerCode":"C1","status":"libre"},{"lockerCode":"C2","status":"libre"},{"lockerCode":"C3","status":"libre"},{"lockerCode":"C4","status":"libre"},{"lockerCode":"C5","status":"libre"},{"lockerCode":"C6","status":"libre"},{"lockerCode":"C7","status":"libre"},{"lockerCode":"C8","status":"libre"},{"lockerCode":"C9","status":"libre"},{"lockerCode":"C10","status":"ocupado"}]},{"module":"D","lockers":[{"lockerCode":"D1","status":"libre"},{"lockerCode":"D2","status":"libre"},{"lockerCode":"D3","status":"libre"},{"lockerCode":"D4","status":"libre"},{"lockerCode":"D5","status":"libre"},{"lockerCode":"D6","status":"libre"},{"lockerCode":"D7","status":"libre"},{"lockerCode":"D8","status":"libre"},{"lockerCode":"D9","status":"libre"},{"lockerCode":"D10","status":"libre"}]},{"module":"E","lockers":[{"lockerCode":"E1","status":"ocupado"},{"lockerCode":"E2","status":"libre"},{"lockerCode":"E3","status":"libre"},{"lockerCode":"E4","status":"libre"},{"lockerCode":"E5","status":"libre"},{"lockerCode":"E6","status":"libre"},{"lockerCode":"E7","status":"libre"},{"lockerCode":"E8","status":"libre"},{"lockerCode":"E9","status":"libre"},{"lockerCode":"E10","status":"libre"}]},{"module":"F","lockers":[{"lockerCode":"F1","status":"libre"},{"lockerCode":"F2","status":"libre"},{"lockerCode":"F3","status":"libre"},{"lockerCode":"F4","status":"libre"},{"lockerCode":"F5","status":"libre"},{"lockerCode":"F6","status":"deshabilitado"},{"lockerCode":"F7","status":"libre"},{"lockerCode":"F8","status":"libre"},{"lockerCode":"F9","status":"libre"},{"lockerCode":"F10","status":"libre"}]}]}
[2025-10-06 23:08:22] [INFO] [main] [reportLockers] Iniciando petición para obtener el reporte de casilleros
[2025-10-06 23:08:22] [INFO] [main] [reportLockers] Timeout efectivo en ejecución: 30000
[2025-10-06 23:08:22] [INFO] [main] [reportLockers] Intento 1: HOST -> http://localhost:8080
[2025-10-06 23:08:22] [INFO] [main] [reportLockers] Intento 1: URL -> /api/lockers/report
[2025-10-06 23:08:22] [INFO] [main] [reportLockers] Intento 1: Request -> {"startDate":"2025-10-06 05:00:00","endDate":"2025-10-07 04:08:59","sendEmail":false}
[2025-10-06 23:08:22] [INFO] [main] [reportLockers] Iniciando petición para obtener el reporte de casilleros
[2025-10-06 23:08:22] [INFO] [main] [reportLockers] Timeout efectivo en ejecución: 30000
[2025-10-06 23:08:22] [INFO] [main] [reportLockers] Intento 1: HOST -> http://localhost:8080
[2025-10-06 23:08:22] [INFO] [main] [reportLockers] Intento 1: URL -> /api/lockers/report
[2025-10-06 23:08:22] [INFO] [main] [reportLockers] Intento 1: Request -> {"startDate":"2025-10-06 05:00:00","endDate":"2025-10-07 04:08:59","sendEmail":false}
[2025-10-06 23:08:22] [INFO] [main] [useConfig] Configuración inicial obtenida
[2025-10-06 23:08:22] [INFO] [main] [useConfig] Configuración inicial obtenida
[2025-10-06 23:08:22] [INFO] [main] [useConfig] Configuración inicial obtenida
[2025-10-06 23:08:22] [INFO] [main] [useConfig] Configuración inicial obtenida
[2025-10-06 23:08:23] [INFO] [main] [reportLockers] Response. Status: 200
[2025-10-06 23:08:23] [INFO] [main] [reportLockers] Response. Data: [{"ID":336,"LockerID":19,"Phone":"3184920950","PIN":"1807","Active":0,"StartTime":"2025-10-06T11:24:19Z","EndTime":"2025-10-06T12:30:30Z","AmountPaid":1500,"OpenBy":"user","LockerCode":"B9"},{"ID":337,"LockerID":45,"Phone":"3148169044","PIN":"9804","Active":0,"StartTime":"2025-10-06T12:07:26Z","EndTime":"2025-10-06T13:17:23Z","AmountPaid":1500,"OpenBy":"user","LockerCode":"E5"},{"ID":338,"LockerID":3,"Phone":"3194051169","PIN":"9905","Active":0,"StartTime":"2025-10-06T13:25:07Z","EndTime":"2025-10-06T23:36:27Z","AmountPaid":1500,"OpenBy":"user","LockerCode":"A3"},{"ID":339,"LockerID":52,"Phone":"3118459069","PIN":"1608","Active":0,"StartTime":"2025-10-06T13:30:50Z","EndTime":"2025-10-06T13:58:48Z","AmountPaid":1500,"OpenBy":"user","LockerCode":"F2"},{"ID":340,"LockerID":50,"Phone":"3153618369","PIN":"1309","Active":0,"StartTime":"2025-10-06T15:07:30Z","EndTime":"2025-10-06T15:25:41Z","AmountPaid":1500,"OpenBy":"user","LockerCode":"E10"},{"ID":341,"LockerID":5,"Phone":"3003041589","PIN":"6521","Active":0,"StartTime":"2025-10-06T15:29:54Z","EndTime":"2025-10-06T17:11:11Z","AmountPaid":1500,"OpenBy":"user","LockerCode":"A5"},{"ID":342,"LockerID":59,"Phone":"3125277820","PIN":"0852","Active":0,"StartTime":"2025-10-06T15:39:56Z","EndTime":"2025-10-06T18:09:39Z","AmountPaid":1500,"OpenBy":"user","LockerCode":"F9"},{"ID":343,"LockerID":14,"Phone":"3012214526","PIN":"5689","Active":0,"StartTime":"2025-10-06T15:44:54Z","EndTime":"2025-10-06T17:00:05Z","AmountPaid":1500,"OpenBy":"user","LockerCode":"B4"},{"ID":344,"LockerID":12,"Phone":"3152189715","PIN":"1980","Active":0,"StartTime":"2025-10-06T16:42:44Z","EndTime":"2025-10-06T17:17:08Z","AmountPaid":1600,"OpenBy":"user","LockerCode":"B2"},{"ID":345,"LockerID":45,"Phone":"3234923198","PIN":"2002","Active":0,"StartTime":"2025-10-06T17:05:51Z","EndTime":"2025-10-06T19:06:02Z","AmountPaid":1500,"OpenBy":"user","LockerCode":"E5"},{"ID":346,"LockerID":28,"Phone":"3246213622","PIN":"1102","Active":0,"StartTime":"2025-10-06T18:04:00Z","EndTime":"2025-10-06T19:11:59Z","AmountPaid":1500,"OpenBy":"user","LockerCode":"C8"},{"ID":347,"LockerID":22,"Phone":"3118177312","PIN":"1379","Active":0,"StartTime":"2025-10-06T18:27:20Z","EndTime":"2025-10-06T19:53:53Z","AmountPaid":1700,"OpenBy":"user","LockerCode":"C2"},{"ID":348,"LockerID":26,"Phone":"3054583050","PIN":"2003","Active":0,"StartTime":"2025-10-06T18:52:08Z","EndTime":"2025-10-06T19:49:23Z","AmountPaid":1500,"OpenBy":"user","LockerCode":"C6"},{"ID":349,"LockerID":18,"Phone":"3118094594","PIN":"4594","Active":0,"StartTime":"2025-10-06T19:19:08Z","EndTime":"2025-10-06T20:22:20Z","AmountPaid":1500,"OpenBy":"user","LockerCode":"B8"},{"ID":350,"LockerID":2,"Phone":"3015904518","PIN":"1323","Active":0,"StartTime":"2025-10-06T19:23:22Z","EndTime":"2025-10-06T19:45:56Z","AmountPaid":1500,"OpenBy":"user","LockerCode":"A2"},{"ID":351,"LockerID":37,"Phone":"3233788239","PIN":"1818","Active":0,"StartTime":"2025-10-06T19:25:03Z","EndTime":"2025-10-06T19:44:39Z","AmountPaid":1500,"OpenBy":"user","LockerCode":"D7"},{"ID":352,"LockerID":45,"Phone":"3124667569","PIN":"6321","Active":0,"StartTime":"2025-10-06T19:53:05Z","EndTime":"2025-10-06T20:49:16Z","AmountPaid":1500,"OpenBy":"user","LockerCode":"E5"},{"ID":353,"LockerID":1,"Phone":"3103828664","PIN":"3204","Active":0,"StartTime":"2025-10-06T20:13:19Z","EndTime":"2025-10-07T00:14:37Z","AmountPaid":1500,"OpenBy":"user","LockerCode":"A1"},{"ID":354,"LockerID":43,"Phone":"3046657640","PIN":"2331","Active":0,"StartTime":"2025-10-06T20:51:09Z","EndTime":"2025-10-06T21:16:11Z","AmountPaid":1500,"OpenBy":"user","LockerCode":"E3"},{"ID":355,"LockerID":44,"Phone":"3195985796","PIN":"1214","Active":0,"StartTime":"2025-10-06T21:07:54Z","EndTime":"2025-10-06T22:01:35Z","AmountPaid":1500,"OpenBy":"user","LockerCode":"E4"},{"ID":356,"LockerID":55,"Phone":"3024179013","PIN":"4689","Active":0,"StartTime":"2025-10-06T22:42:00Z","EndTime":"2025-10-07T00:03:58Z","AmountPaid":1500,"OpenBy":"user","LockerCode":"F5"},{"ID":357,"LockerID":54,"Phone":"3212384685","PIN":"2582","Active":0,"StartTime":"2025-10-06T22:44:05Z","EndTime":"2025-10-07T01:26:07Z","AmountPaid":1500,"OpenBy":"user","LockerCode":"F4"},{"ID":358,"LockerID":26,"Phone":"3172166639","PIN":"1946","Active":0,"StartTime":"2025-10-06T23:42:28Z","EndTime":"2025-10-07T00:59:22Z","AmountPaid":1500,"OpenBy":"user","LockerCode":"C6"},{"ID":359,"LockerID":30,"Phone":"3102319349","PIN":"9208","Active":1,"StartTime":"2025-10-06T23:56:23Z","EndTime":null,"AmountPaid":1500,"OpenBy":"user","LockerCode":"C10"},{"ID":360,"LockerID":41,"Phone":"3142321998","PIN":"2003","Active":1,"StartTime":"2025-10-07T00:44:05Z","EndTime":null,"AmountPaid":1500,"OpenBy":"user","LockerCode":"E1"}]
[2025-10-06 23:08:23] [INFO] [main] [reportLockers] Response. Status: 200
[2025-10-06 23:08:23] [INFO] [main] [reportLockers] Response. Data: [{"ID":336,"LockerID":19,"Phone":"3184920950","PIN":"1807","Active":0,"StartTime":"2025-10-06T11:24:19Z","EndTime":"2025-10-06T12:30:30Z","AmountPaid":1500,"OpenBy":"user","LockerCode":"B9"},{"ID":337,"LockerID":45,"Phone":"3148169044","PIN":"9804","Active":0,"StartTime":"2025-10-06T12:07:26Z","EndTime":"2025-10-06T13:17:23Z","AmountPaid":1500,"OpenBy":"user","LockerCode":"E5"},{"ID":338,"LockerID":3,"Phone":"3194051169","PIN":"9905","Active":0,"StartTime":"2025-10-06T13:25:07Z","EndTime":"2025-10-06T23:36:27Z","AmountPaid":1500,"OpenBy":"user","LockerCode":"A3"},{"ID":339,"LockerID":52,"Phone":"3118459069","PIN":"1608","Active":0,"StartTime":"2025-10-06T13:30:50Z","EndTime":"2025-10-06T13:58:48Z","AmountPaid":1500,"OpenBy":"user","LockerCode":"F2"},{"ID":340,"LockerID":50,"Phone":"3153618369","PIN":"1309","Active":0,"StartTime":"2025-10-06T15:07:30Z","EndTime":"2025-10-06T15:25:41Z","AmountPaid":1500,"OpenBy":"user","LockerCode":"E10"},{"ID":341,"LockerID":5,"Phone":"3003041589","PIN":"6521","Active":0,"StartTime":"2025-10-06T15:29:54Z","EndTime":"2025-10-06T17:11:11Z","AmountPaid":1500,"OpenBy":"user","LockerCode":"A5"},{"ID":342,"LockerID":59,"Phone":"3125277820","PIN":"0852","Active":0,"StartTime":"2025-10-06T15:39:56Z","EndTime":"2025-10-06T18:09:39Z","AmountPaid":1500,"OpenBy":"user","LockerCode":"F9"},{"ID":343,"LockerID":14,"Phone":"3012214526","PIN":"5689","Active":0,"StartTime":"2025-10-06T15:44:54Z","EndTime":"2025-10-06T17:00:05Z","AmountPaid":1500,"OpenBy":"user","LockerCode":"B4"},{"ID":344,"LockerID":12,"Phone":"3152189715","PIN":"1980","Active":0,"StartTime":"2025-10-06T16:42:44Z","EndTime":"2025-10-06T17:17:08Z","AmountPaid":1600,"OpenBy":"user","LockerCode":"B2"},{"ID":345,"LockerID":45,"Phone":"3234923198","PIN":"2002","Active":0,"StartTime":"2025-10-06T17:05:51Z","EndTime":"2025-10-06T19:06:02Z","AmountPaid":1500,"OpenBy":"user","LockerCode":"E5"},{"ID":346,"LockerID":28,"Phone":"3246213622","PIN":"1102","Active":0,"StartTime":"2025-10-06T18:04:00Z","EndTime":"2025-10-06T19:11:59Z","AmountPaid":1500,"OpenBy":"user","LockerCode":"C8"},{"ID":347,"LockerID":22,"Phone":"3118177312","PIN":"1379","Active":0,"StartTime":"2025-10-06T18:27:20Z","EndTime":"2025-10-06T19:53:53Z","AmountPaid":1700,"OpenBy":"user","LockerCode":"C2"},{"ID":348,"LockerID":26,"Phone":"3054583050","PIN":"2003","Active":0,"StartTime":"2025-10-06T18:52:08Z","EndTime":"2025-10-06T19:49:23Z","AmountPaid":1500,"OpenBy":"user","LockerCode":"C6"},{"ID":349,"LockerID":18,"Phone":"3118094594","PIN":"4594","Active":0,"StartTime":"2025-10-06T19:19:08Z","EndTime":"2025-10-06T20:22:20Z","AmountPaid":1500,"OpenBy":"user","LockerCode":"B8"},{"ID":350,"LockerID":2,"Phone":"3015904518","PIN":"1323","Active":0,"StartTime":"2025-10-06T19:23:22Z","EndTime":"2025-10-06T19:45:56Z","AmountPaid":1500,"OpenBy":"user","LockerCode":"A2"},{"ID":351,"LockerID":37,"Phone":"3233788239","PIN":"1818","Active":0,"StartTime":"2025-10-06T19:25:03Z","EndTime":"2025-10-06T19:44:39Z","AmountPaid":1500,"OpenBy":"user","LockerCode":"D7"},{"ID":352,"LockerID":45,"Phone":"3124667569","PIN":"6321","Active":0,"StartTime":"2025-10-06T19:53:05Z","EndTime":"2025-10-06T20:49:16Z","AmountPaid":1500,"OpenBy":"user","LockerCode":"E5"},{"ID":353,"LockerID":1,"Phone":"3103828664","PIN":"3204","Active":0,"StartTime":"2025-10-06T20:13:19Z","EndTime":"2025-10-07T00:14:37Z","AmountPaid":1500,"OpenBy":"user","LockerCode":"A1"},{"ID":354,"LockerID":43,"Phone":"3046657640","PIN":"2331","Active":0,"StartTime":"2025-10-06T20:51:09Z","EndTime":"2025-10-06T21:16:11Z","AmountPaid":1500,"OpenBy":"user","LockerCode":"E3"},{"ID":355,"LockerID":44,"Phone":"3195985796","PIN":"1214","Active":0,"StartTime":"2025-10-06T21:07:54Z","EndTime":"2025-10-06T22:01:35Z","AmountPaid":1500,"OpenBy":"user","LockerCode":"E4"},{"ID":356,"LockerID":55,"Phone":"3024179013","PIN":"4689","Active":0,"StartTime":"2025-10-06T22:42:00Z","EndTime":"2025-10-07T00:03:58Z","AmountPaid":1500,"OpenBy":"user","LockerCode":"F5"},{"ID":357,"LockerID":54,"Phone":"3212384685","PIN":"2582","Active":0,"StartTime":"2025-10-06T22:44:05Z","EndTime":"2025-10-07T01:26:07Z","AmountPaid":1500,"OpenBy":"user","LockerCode":"F4"},{"ID":358,"LockerID":26,"Phone":"3172166639","PIN":"1946","Active":0,"StartTime":"2025-10-06T23:42:28Z","EndTime":"2025-10-07T00:59:22Z","AmountPaid":1500,"OpenBy":"user","LockerCode":"C6"},{"ID":359,"LockerID":30,"Phone":"3102319349","PIN":"9208","Active":1,"StartTime":"2025-10-06T23:56:23Z","EndTime":null,"AmountPaid":1500,"OpenBy":"user","LockerCode":"C10"},{"ID":360,"LockerID":41,"Phone":"3142321998","PIN":"2003","Active":1,"StartTime":"2025-10-07T00:44:05Z","EndTime":null,"AmountPaid":1500,"OpenBy":"user","LockerCode":"E1"}]
[2025-10-06 23:08:51] [INFO] [main] [reportLockers] Iniciando petición para obtener el reporte de casilleros
[2025-10-06 23:08:51] [INFO] [main] [reportLockers] Timeout efectivo en ejecución: 30000
[2025-10-06 23:08:51] [INFO] [main] [reportLockers] Intento 1: HOST -> http://localhost:8080
[2025-10-06 23:08:51] [INFO] [main] [reportLockers] Intento 1: URL -> /api/lockers/report
[2025-10-06 23:08:51] [INFO] [main] [reportLockers] Intento 1: Request -> {"startDate":"2025-10-01 05:00:00","endDate":"2025-10-07 04:08:59","sendEmail":false}
[2025-10-06 23:08:51] [INFO] [main] [reportLockers] Response. Status: 200
[2025-10-06 23:08:51] [INFO] [main] [reportLockers] Response. Data: [{"ID":1,"LockerID":52,"Phone":"3233004015","PIN":"1996","Active":0,"StartTime":"2025-10-01T12:37:08Z","EndTime":"2025-10-01T13:21:19Z","AmountPaid":1500,"OpenBy":"user","LockerCode":"F2"},{"ID":2,"LockerID":3,"Phone":"3112578764","PIN":"8617","Active":0,"StartTime":"2025-10-01T16:01:40Z","EndTime":"2025-10-01T17:59:50Z","AmountPaid":1500,"OpenBy":"user","LockerCode":"A3"},{"ID":3,"LockerID":29,"Phone":"3502087413","PIN":"1972","Active":0,"StartTime":"2025-10-01T16:37:31Z","EndTime":"2025-10-01T18:15:58Z","AmountPaid":1500,"OpenBy":"user","LockerCode":"C9"},{"ID":4,"LockerID":24,"Phone":"3057498660","PIN":"2610","Active":0,"StartTime":"2025-10-01T19:10:06Z","EndTime":"2025-10-01T21:34:16Z","AmountPaid":1500,"OpenBy":"user","LockerCode":"C4"},{"ID":5,"LockerID":36,"Phone":"3003803986","PIN":"0852","Active":0,"StartTime":"2025-10-01T19:23:00Z","EndTime":"2025-10-01T23:46:33Z","AmountPaid":1500,"OpenBy":"user","LockerCode":"D6"},{"ID":6,"LockerID":14,"Phone":"3024179013","PIN":"4689","Active":0,"StartTime":"2025-10-01T22:15:50Z","EndTime":"2025-10-01T23:49:54Z","AmountPaid":1500,"OpenBy":"user","LockerCode":"B4"},{"ID":7,"LockerID":31,"Phone":"3160673333","PIN":"0715","Active":0,"StartTime":"2025-10-01T22:53:37Z","EndTime":"2025-10-02T01:42:54Z","AmountPaid":1500,"OpenBy":"user","LockerCode":"D1"},{"ID":8,"LockerID":52,"Phone":"3144825632","PIN":"1029","Active":0,"StartTime":"2025-10-01T22:55:20Z","EndTime":"2025-10-02T01:52:47Z","AmountPaid":1500,"OpenBy":"user","LockerCode":"F2"},{"ID":9,"LockerID":4,"Phone":"3209057786","PIN":"3117","Active":0,"StartTime":"2025-10-02T00:17:47Z","EndTime":"2025-10-02T02:34:56Z","AmountPaid":1500,"OpenBy":"user","LockerCode":"A4"},{"ID":10,"LockerID":10,"Phone":"3224191522","PIN":"1997","Active":0,"StartTime":"2025-10-02T00:18:59Z","EndTime":"2025-10-02T02:34:36Z","AmountPaid":1900,"OpenBy":"user","LockerCode":"A10"},{"ID":11,"LockerID":12,"Phone":"3127201635","PIN":"1999","Active":0,"StartTime":"2025-10-02T00:20:42Z","EndTime":"2025-10-02T02:37:26Z","AmountPaid":1500,"OpenBy":"user","LockerCode":"B2"},{"ID":12,"LockerID":58,"Phone":"3107982218","PIN":"1982","Active":0,"StartTime":"2025-10-02T01:59:37Z","EndTime":"2025-10-02T04:57:40Z","AmountPaid":1500,"OpenBy":"user","LockerCode":"F8"},{"ID":13,"LockerID":55,"Phone":"3123004862","PIN":"0721","Active":0,"StartTime":"2025-10-02T12:24:32Z","EndTime":"2025-10-02T12:38:10Z","AmountPaid":1500,"OpenBy":"user","LockerCode":"F5"},{"ID":14,"LockerID":34,"Phone":"3103505998","PIN":"4753","Active":0,"StartTime":"2025-10-02T13:22:41Z","EndTime":"2025-10-02T16:37:43Z","AmountPaid":1500,"OpenBy":"user","LockerCode":"D4"},{"ID":15,"LockerID":39,"Phone":"3205326065","PIN":"2608","Active":0,"StartTime":"2025-10-02T17:30:06Z","EndTime":"2025-10-02T21:49:20Z","AmountPaid":1500,"OpenBy":"user","LockerCode":"D9"},{"ID":16,"LockerID":44,"Phone":"3115583472","PIN":"1242","Active":0,"StartTime":"2025-10-02T18:56:05Z","EndTime":"2025-10-02T21:49:37Z","AmountPaid":1500,"OpenBy":"user","LockerCode":"E4"},{"ID":17,"LockerID":4,"Phone":"3203994118","PIN":"1508","Active":0,"StartTime":"2025-10-02T18:56:46Z","EndTime":"2025-10-02T20:41:34Z","AmountPaid":1500,"OpenBy":"local","LockerCode":"A4"},{"ID":18,"LockerID":23,"Phone":"3212964463","PIN":"1234","Active":0,"StartTime":"2025-10-02T19:38:03Z","EndTime":"2025-10-02T19:38:03Z","AmountPaid":1500,"OpenBy":"error","LockerCode":"C3"},{"ID":19,"LockerID":28,"Phone":"3212964463","PIN":"1234","Active":0,"StartTime":"2025-10-02T19:38:04Z","EndTime":"2025-10-02T19:38:04Z","AmountPaid":1500,"OpenBy":"error","LockerCode":"C8"},{"ID":20,"LockerID":24,"Phone":"3212964463","PIN":"1234","Active":0,"StartTime":"2025-10-02T19:38:06Z","EndTime":"2025-10-02T19:38:06Z","AmountPaid":1500,"OpenBy":"error","LockerCode":"C4"},{"ID":21,"LockerID":52,"Phone":"3212964463","PIN":"1234","Active":0,"StartTime":"2025-10-02T19:38:07Z","EndTime":"2025-10-02T19:38:07Z","AmountPaid":1500,"OpenBy":"error","LockerCode":"F2"},{"ID":22,"LockerID":25,"Phone":"3212964463","PIN":"1234","Active":0,"StartTime":"2025-10-02T19:38:08Z","EndTime":"2025-10-02T19:38:08Z","AmountPaid":1500,"OpenBy":"error","LockerCode":"C5"},{"ID":23,"LockerID":59,"Phone":"3212964463","PIN":"1234","Active":0,"StartTime":"2025-10-02T19:38:27Z","EndTime":"2025-10-02T19:38:27Z","AmountPaid":1500,"OpenBy":"error","LockerCode":"F9"},{"ID":24,"LockerID":46,"Phone":"3212964463","PIN":"1234","Active":0,"StartTime":"2025-10-02T19:38:28Z","EndTime":"2025-10-02T19:38:28Z","AmountPaid":1500,"OpenBy":"error","LockerCode":"E6"},{"ID":25,"LockerID":29,"Phone":"3212964463","PIN":"1234","Active":0,"StartTime":"2025-10-02T19:38:29Z","EndTime":"2025-10-02T19:38:29Z","AmountPaid":1500,"OpenBy":"error","LockerCode":"C9"},{"ID":26,"LockerID":10,"Phone":"3212964463","PIN":"1234","Active":0,"StartTime":"2025-10-02T19:38:30Z","EndTime":"2025-10-02T19:38:30Z","AmountPaid":1500,"OpenBy":"error","LockerCode":"A10"},{"ID":27,"LockerID":18,"Phone":"3212964463","PIN":"1234","Active":0,"StartTime":"2025-10-02T19:38:31Z","EndTime":"2025-10-02T19:38:31Z","AmountPaid":1500,"OpenBy":"error","LockerCode":"B8"},{"ID":28,"LockerID":6,"Phone":"3212964463","PIN":"1234","Active":0,"StartTime":"2025-10-02T19:38:40Z","EndTime":"2025-10-02T19:38:40Z","AmountPaid":1500,"OpenBy":"error","LockerCode":"A6"},{"ID":29,"LockerID":5,"Phone":"3212964463","PIN":"1234","Active":0,"StartTime":"2025-10-02T19:38:41Z","EndTime":"2025-10-02T19:38:41Z","AmountPaid":1500,"OpenBy":"error","LockerCode":"A5"},{"ID":30,"LockerID":26,"Phone":"3212964463","PIN":"1234","Active":0,"StartTime":"2025-10-02T19:38:42Z","EndTime":"2025-10-02T19:38:42Z","AmountPaid":1500,"OpenBy":"error","LockerCode":"C6"},{"ID":31,"LockerID":13,"Phone":"3212964463","PIN":"1234","Active":0,"StartTime":"2025-10-02T19:38:43Z","EndTime":"2025-10-02T19:38:43Z","AmountPaid":1500,"OpenBy":"error","LockerCode":"B3"},{"ID":32,"LockerID":50,"Phone":"3212964463","PIN":"1234","Active":0,"StartTime":"2025-10-02T19:38:44Z","EndTime":"2025-10-02T19:38:44Z","AmountPaid":1500,"OpenBy":"error","LockerCode":"E10"},{"ID":33,"LockerID":55,"Phone":"3212964463","PIN":"1234","Active":0,"StartTime":"2025-10-02T19:39:09Z","EndTime":"2025-10-02T19:39:09Z","AmountPaid":1500,"OpenBy":"error","LockerCode":"F5"},{"ID":34,"LockerID":43,"Phone":"3212964463","PIN":"1234","Active":0,"StartTime":"2025-10-02T19:39:10Z","EndTime":"2025-10-02T19:39:10Z","AmountPaid":1500,"OpenBy":"error","LockerCode":"E3"},{"ID":35,"LockerID":30,"Phone":"3212964463","PIN":"1234","Active":0,"StartTime":"2025-10-02T19:39:11Z","EndTime":"2025-10-02T19:39:11Z","AmountPaid":1500,"OpenBy":"error","LockerCode":"C10"},{"ID":36,"LockerID":40,"Phone":"3212964463","PIN":"1234","Active":0,"StartTime":"2025-10-02T19:39:12Z","EndTime":"2025-10-02T19:39:12Z","AmountPaid":1500,"OpenBy":"error","LockerCode":"D10"},{"ID":37,"LockerID":60,"Phone":"3212964463","PIN":"1234","Active":0,"StartTime":"2025-10-02T19:39:13Z","EndTime":"2025-10-02T19:39:13Z","AmountPaid":1500,"OpenBy":"error","LockerCode":"F10"},{"ID":38,"LockerID":58,"Phone":"3212964463","PIN":"1234","Active":0,"StartTime":"2025-10-02T19:39:19Z","EndTime":"2025-10-02T19:39:19Z","AmountPaid":1500,"OpenBy":"error","LockerCode":"F8"},{"ID":39,"LockerID":8,"Phone":"3212964463","PIN":"1234","Active":0,"StartTime":"2025-10-02T19:39:20Z","EndTime":"2025-10-02T19:39:20Z","AmountPaid":1500,"OpenBy":"error","LockerCode":"A8"},{"ID":40,"LockerID":36,"Phone":"3212964463","PIN":"1234","Active":0,"StartTime":"2025-10-02T19:39:21Z","EndTime":"2025-10-02T19:39:21Z","AmountPaid":1500,"OpenBy":"error","LockerCode":"D6"},{"ID":41,"LockerID":3,"Phone":"3212964463","PIN":"1234","Active":0,"StartTime":"2025-10-02T19:39:22Z","EndTime":"2025-10-02T19:39:22Z","AmountPaid":1500,"OpenBy":"error","LockerCode":"A3"},{"ID":42,"LockerID":19,"Phone":"3212964463","PIN":"1234","Active":0,"StartTime":"2025-10-02T19:39:23Z","EndTime":"2025-10-02T19:39:23Z","AmountPaid":1500,"OpenBy":"error","LockerCode":"B9"},{"ID":43,"LockerID":42,"Phone":"3212964463","PIN":"1234","Active":0,"StartTime":"2025-10-02T19:39:50Z","EndTime":"2025-10-02T19:39:50Z","AmountPaid":1500,"OpenBy":"error","LockerCode":"E2"},{"ID":44,"LockerID":27,"Phone":"3212964463","PIN":"1234","Active":0,"StartTime":"2025-10-02T19:39:51Z","EndTime":"2025-10-02T19:39:51Z","AmountPaid":1500,"OpenBy":"error","LockerCode":"C7"},{"ID":45,"LockerID":2,"Phone":"3212964463","PIN":"1234","Active":0,"StartTime":"2025-10-02T19:39:52Z","EndTime":"2025-10-02T19:39:52Z","AmountPaid":1500,"OpenBy":"error","LockerCode":"A2"},{"ID":46,"LockerID":38,"Phone":"3212964463","PIN":"1234","Active":0,"StartTime":"2025-10-02T19:39:53Z","EndTime":"2025-10-02T19:39:53Z","AmountPaid":1500,"OpenBy":"error","LockerCode":"D8"},{"ID":47,"LockerID":11,"Phone":"3212964463","PIN":"1234","Active":0,"StartTime":"2025-10-02T19:39:54Z","EndTime":"2025-10-02T19:39:54Z","AmountPaid":1500,"OpenBy":"error","LockerCode":"B1"},{"ID":48,"LockerID":57,"Phone":"3212964463","PIN":"1234","Active":0,"StartTime":"2025-10-02T19:40:17Z","EndTime":"2025-10-02T19:40:17Z","AmountPaid":1500,"OpenBy":"error","LockerCode":"F7"},{"ID":49,"LockerID":49,"Phone":"3212964463","PIN":"1234","Active":0,"StartTime":"2025-10-02T19:40:18Z","EndTime":"2025-10-02T19:40:18Z","AmountPaid":1500,"OpenBy":"error","LockerCode":"E9"},{"ID":50,"LockerID":16,"Phone":"3212964463","PIN":"1234","Active":0,"StartTime":"2025-10-02T19:40:19Z","EndTime":"2025-10-02T19:40:19Z","AmountPaid":1500,"OpenBy":"error","LockerCode":"B6"},{"ID":51,"LockerID":9,"Phone":"3212964463","PIN":"1234","Active":0,"StartTime":"2025-10-02T19:40:20Z","EndTime":"2025-10-02T19:40:20Z","AmountPaid":1500,"OpenBy":"error","LockerCode":"A9"},{"ID":52,"LockerID":34,"Phone":"3212964463","PIN":"1234","Active":0,"StartTime":"2025-10-02T19:40:21Z","EndTime":"2025-10-02T19:40:21Z","AmountPaid":1500,"OpenBy":"error","LockerCode":"D4"},{"ID":53,"LockerID":20,"Phone":"3212964463","PIN":"1234","Active":0,"StartTime":"2025-10-02T19:40:32Z","EndTime":"2025-10-02T19:40:32Z","AmountPaid":1500,"OpenBy":"error","LockerCode":"B10"},{"ID":54,"LockerID":45,"Phone":"3212964463","PIN":"1234","Active":0,"StartTime":"2025-10-02T19:40:33Z","EndTime":"2025-10-02T19:40:33Z","AmountPaid":1500,"OpenBy":"error","LockerCode":"E5"},{"ID":55,"LockerID":7,"Phone":"3212964463","PIN":"1234","Active":0,"StartTime":"2025-10-02T19:40:34Z","EndTime":"2025-10-02T19:40:34Z","AmountPaid":1500,"OpenBy":"error","LockerCode":"A7"},{"ID":56,"LockerID":32,"Phone":"3212964463","PIN":"1234","Active":0,"StartTime":"2025-10-02T19:40:35Z","EndTime":"2025-10-02T19:40:35Z","AmountPaid":1500,"OpenBy":"error","LockerCode":"D2"},{"ID":57,"LockerID":54,"Phone":"3212964463","PIN":"1234","Active":0,"StartTime":"2025-10-02T19:40:36Z","EndTime":"2025-10-02T19:40:36Z","AmountPaid":1500,"OpenBy":"error","LockerCode":"F4"},{"ID":58,"LockerID":37,"Phone":"3212964463","PIN":"1234","Active":0,"StartTime":"2025-10-02T19:40:53Z","EndTime":"2025-10-02T19:40:53Z","AmountPaid":1500,"OpenBy":"error","LockerCode":"D7"},{"ID":59,"LockerID":1,"Phone":"3212964463","PIN":"1234","Active":0,"StartTime":"2025-10-02T19:40:54Z","EndTime":"2025-10-02T19:40:54Z","AmountPaid":1500,"OpenBy":"error","LockerCode":"A1"},{"ID":60,"LockerID":12,"Phone":"3212964463","PIN":"1234","Active":0,"StartTime":"2025-10-02T19:40:55Z","EndTime":"2025-10-02T19:40:55Z","AmountPaid":1500,"OpenBy":"error","LockerCode":"B2"},{"ID":61,"LockerID":35,"Phone":"3212964463","PIN":"1234","Active":0,"StartTime":"2025-10-02T19:40:56Z","EndTime":"2025-10-02T19:40:56Z","AmountPaid":1500,"OpenBy":"error","LockerCode":"D5"},{"ID":62,"LockerID":41,"Phone":"3212964463","PIN":"1234","Active":0,"StartTime":"2025-10-02T19:40:57Z","EndTime":"2025-10-02T19:40:57Z","AmountPaid":1500,"OpenBy":"error","LockerCode":"E1"},{"ID":63,"LockerID":14,"Phone":"3212964463","PIN":"1234","Active":0,"StartTime":"2025-10-02T19:41:05Z","EndTime":"2025-10-02T19:41:05Z","AmountPaid":1500,"OpenBy":"error","LockerCode":"B4"},{"ID":64,"LockerID":53,"Phone":"3212964463","PIN":"1234","Active":0,"StartTime":"2025-10-02T19:41:06Z","EndTime":"2025-10-02T19:41:06Z","AmountPaid":1500,"OpenBy":"error","LockerCode":"F3"},{"ID":65,"LockerID":15,"Phone":"3212964463","PIN":"1234","Active":0,"StartTime":"2025-10-02T19:41:07Z","EndTime":"2025-10-02T19:41:07Z","AmountPaid":1500,"OpenBy":"error","LockerCode":"B5"},{"ID":66,"LockerID":51,"Phone":"3212964463","PIN":"1234","Active":0,"StartTime":"2025-10-02T19:41:08Z","EndTime":"2025-10-02T19:41:08Z","AmountPaid":1500,"OpenBy":"error","LockerCode":"F1"},{"ID":67,"LockerID":17,"Phone":"3212964463","PIN":"1234","Active":0,"StartTime":"2025-10-02T19:41:09Z","EndTime":"2025-10-02T19:41:09Z","AmountPaid":1500,"OpenBy":"error","LockerCode":"B7"},{"ID":68,"LockerID":31,"Phone":"3212964463","PIN":"1234","Active":0,"StartTime":"2025-10-02T19:41:34Z","EndTime":"2025-10-02T19:41:34Z","AmountPaid":1500,"OpenBy":"error","LockerCode":"D1"},{"ID":69,"LockerID":21,"Phone":"3212964463","PIN":"1234","Active":0,"StartTime":"2025-10-02T19:41:35Z","EndTime":"2025-10-02T19:41:35Z","AmountPaid":1500,"OpenBy":"error","LockerCode":"C1"},{"ID":70,"LockerID":33,"Phone":"3212964463","PIN":"1234","Active":0,"StartTime":"2025-10-02T19:41:36Z","EndTime":"2025-10-02T19:41:36Z","AmountPaid":1500,"OpenBy":"error","LockerCode":"D3"},{"ID":71,"LockerID":47,"Phone":"3212964463","PIN":"1234","Active":0,"StartTime":"2025-10-02T19:41:37Z","EndTime":"2025-10-02T19:41:37Z","AmountPaid":1500,"OpenBy":"error","LockerCode":"E7"},{"ID":72,"LockerID":56,"Phone":"3212964463","PIN":"1234","Active":0,"StartTime":"2025-10-02T19:41:38Z","EndTime":"2025-10-02T19:41:38Z","AmountPaid":1500,"OpenBy":"error","LockerCode":"F6"},{"ID":73,"LockerID":48,"Phone":"3212200322","PIN":"5221","Active":0,"StartTime":"2025-10-02T19:59:27Z","EndTime":"2025-10-02T19:59:27Z","AmountPaid":1500,"OpenBy":"error","LockerCode":"E8"},{"ID":74,"LockerID":22,"Phone":"3212200322","PIN":"5221","Active":0,"StartTime":"2025-10-02T19:59:28Z","EndTime":"2025-10-02T19:59:28Z","AmountPaid":1500,"OpenBy":"error","LockerCode":"C2"},{"ID":75,"LockerID":29,"Phone":"3024656973","PIN":"1014","Active":0,"StartTime":"2025-10-02T21:06:26Z","EndTime":"2025-10-02T22:09:30Z","AmountPaid":1500,"OpenBy":"user","LockerCode":"C9"},{"ID":76,"LockerID":43,"Phone":"3118929223","PIN":"5463","Active":0,"StartTime":"2025-10-02T22:50:35Z","EndTime":"2025-10-03T00:28:24Z","AmountPaid":1500,"OpenBy":"user","LockerCode":"E3"},{"ID":77,"LockerID":35,"Phone":"3232281069","PIN":"8349","Active":0,"StartTime":"2025-10-02T23:18:28Z","EndTime":"2025-10-03T00:06:37Z","AmountPaid":1500,"OpenBy":"user","LockerCode":"D5"},{"ID":78,"LockerID":55,"Phone":"3123776305","PIN":"2401","Active":0,"StartTime":"2025-10-02T23:22:34Z","EndTime":"2025-10-03T01:43:53Z","AmountPaid":1500,"OpenBy":"user","LockerCode":"F5"},{"ID":79,"LockerID":48,"Phone":"3212209099","PIN":"1231","Active":0,"StartTime":"2025-10-02T23:30:50Z","EndTime":"2025-10-03T01:26:31Z","AmountPaid":1500,"OpenBy":"user","LockerCode":"E8"},{"ID":80,"LockerID":50,"Phone":"3154109246","PIN":"0852","Active":0,"StartTime":"2025-10-02T23:46:09Z","EndTime":"2025-10-03T02:03:36Z","AmountPaid":1500,"OpenBy":"user","LockerCode":"E10"},{"ID":81,"LockerID":13,"Phone":"3002736032","PIN":"3002","Active":0,"StartTime":"2025-10-03T00:01:57Z","EndTime":"2025-10-03T03:57:32Z","AmountPaid":1500,"OpenBy":"user","LockerCode":"B3"},{"ID":82,"LockerID":42,"Phone":"3014017502","PIN":"2074","Active":0,"StartTime":"2025-10-03T00:03:05Z","EndTime":"2025-10-03T01:32:59Z","AmountPaid":1500,"OpenBy":"user","LockerCode":"E2"},{"ID":83,"LockerID":52,"Phone":"3104017502","PIN":"2074","Active":0,"StartTime":"2025-10-03T00:05:22Z","EndTime":"2025-10-03T01:57:32Z","AmountPaid":1500,"OpenBy":"user","LockerCode":"F2"},{"ID":84,"LockerID":56,"Phone":"3057061817","PIN":"1810","Active":0,"StartTime":"2025-10-03T12:27:22Z","EndTime":"2025-10-03T12:27:23Z","AmountPaid":1500,"OpenBy":"error","LockerCode":"F6"},{"ID":85,"LockerID":32,"Phone":"3057061817","PIN":"1810","Active":0,"StartTime":"2025-10-03T12:27:24Z","EndTime":"2025-10-03T13:28:54Z","AmountPaid":1500,"OpenBy":"user","LockerCode":"D2"},{"ID":86,"LockerID":38,"Phone":"3002769664","PIN":"7501","Active":0,"StartTime":"2025-10-03T16:08:12Z","EndTime":"2025-10-03T18:25:01Z","AmountPaid":1500,"OpenBy":"user","LockerCode":"D8"},{"ID":87,"LockerID":39,"Phone":"3054382129","PIN":"1510","Active":0,"StartTime":"2025-10-03T16:52:24Z","EndTime":"2025-10-03T18:42:29Z","AmountPaid":1500,"OpenBy":"user","LockerCode":"D9"},{"ID":88,"LockerID":11,"Phone":"3134264648","PIN":"1234","Active":0,"StartTime":"2025-10-03T18:48:36Z","EndTime":"2025-10-03T18:48:36Z","AmountPaid":1500,"OpenBy":"error","LockerCode":"B1"},{"ID":89,"LockerID":25,"Phone":"3134264648","PIN":"1234","Active":0,"StartTime":"2025-10-03T18:48:37Z","EndTime":"2025-10-03T18:48:37Z","AmountPaid":1500,"OpenBy":"error","LockerCode":"C5"},{"ID":90,"LockerID":4,"Phone":"3134264648","PIN":"1234","Active":0,"StartTime":"2025-10-03T18:48:38Z","EndTime":"2025-10-03T18:48:38Z","AmountPaid":1500,"OpenBy":"error","LockerCode":"A4"},{"ID":91,"LockerID":57,"Phone":"3134264648","PIN":"1234","Active":0,"StartTime":"2025-10-03T18:48:39Z","EndTime":"2025-10-03T18:48:40Z","AmountPaid":1500,"OpenBy":"error","LockerCode":"F7"},{"ID":92,"LockerID":49,"Phone":"3134264648","PIN":"1234","Active":0,"StartTime":"2025-10-03T18:48:41Z","EndTime":"2025-10-03T18:48:41Z","AmountPaid":1500,"OpenBy":"error","LockerCode":"E9"},{"ID":93,"LockerID":5,"Phone":"3134264648","PIN":"1234","Active":0,"StartTime":"2025-10-03T18:48:55Z","EndTime":"2025-10-03T18:48:55Z","AmountPaid":1500,"OpenBy":"error","LockerCode":"A5"},{"ID":94,"LockerID":47,"Phone":"3134264648","PIN":"1234","Active":0,"StartTime":"2025-10-03T18:48:56Z","EndTime":"2025-10-03T18:48:56Z","AmountPaid":1500,"OpenBy":"error","LockerCode":"E7"},{"ID":95,"LockerID":2,"Phone":"3134264648","PIN":"1234","Active":0,"StartTime":"2025-10-03T18:48:57Z","EndTime":"2025-10-03T18:48:57Z","AmountPaid":1500,"OpenBy":"error","LockerCode":"A2"},{"ID":96,"LockerID":6,"Phone":"3134264648","PIN":"1234","Active":0,"StartTime":"2025-10-03T18:48:58Z","EndTime":"2025-10-03T18:48:58Z","AmountPaid":1500,"OpenBy":"error","LockerCode":"A6"},{"ID":97,"LockerID":33,"Phone":"3134264648","PIN":"1234","Active":0,"StartTime":"2025-10-03T18:48:59Z","EndTime":"2025-10-03T18:48:59Z","AmountPaid":1500,"OpenBy":"error","LockerCode":"D3"},{"ID":98,"LockerID":18,"Phone":"3134264648","PIN":"1234","Active":0,"StartTime":"2025-10-03T18:49:08Z","EndTime":"2025-10-03T18:49:08Z","AmountPaid":1500,"OpenBy":"error","LockerCode":"B8"},{"ID":99,"LockerID":7,"Phone":"3134264648","PIN":"1234","Active":0,"StartTime":"2025-10-03T18:49:09Z","EndTime":"2025-10-03T18:49:09Z","AmountPaid":1500,"OpenBy":"error","LockerCode":"A7"},{"ID":100,"LockerID":43,"Phone":"3134264648","PIN":"1234","Active":0,"StartTime":"2025-10-03T18:49:10Z","EndTime":"2025-10-03T18:49:10Z","AmountPaid":1500,"OpenBy":"error","LockerCode":"E3"},{"ID":101,"LockerID":58,"Phone":"3134264648","PIN":"1234","Active":0,"StartTime":"2025-10-03T18:49:11Z","EndTime":"2025-10-03T18:49:11Z","AmountPaid":1500,"OpenBy":"error","LockerCode":"F8"},{"ID":102,"LockerID":48,"Phone":"3134264648","PIN":"1234","Active":0,"StartTime":"2025-10-03T18:49:12Z","EndTime":"2025-10-03T18:49:12Z","AmountPaid":1500,"OpenBy":"error","LockerCode":"E8"},{"ID":103,"LockerID":37,"Phone":"3134264648","PIN":"1234","Active":0,"StartTime":"2025-10-03T18:49:29Z","EndTime":"2025-10-03T18:49:30Z","AmountPaid":1500,"OpenBy":"error","LockerCode":"D7"},{"ID":104,"LockerID":24,"Phone":"3134264648","PIN":"1234","Active":0,"StartTime":"2025-10-03T18:49:31Z","EndTime":"2025-10-03T18:49:31Z","AmountPaid":1500,"OpenBy":"error","LockerCode":"C4"},{"ID":105,"LockerID":14,"Phone":"3134264648","PIN":"1234","Active":0,"StartTime":"2025-10-03T18:49:32Z","EndTime":"2025-10-03T18:49:32Z","AmountPaid":1500,"OpenBy":"error","LockerCode":"B4"},{"ID":106,"LockerID":51,"Phone":"3134264648","PIN":"1234","Active":0,"StartTime":"2025-10-03T18:49:33Z","EndTime":"2025-10-03T18:49:33Z","AmountPaid":1500,"OpenBy":"error","LockerCode":"F1"},{"ID":107,"LockerID":31,"Phone":"3134264648","PIN":"1234","Active":0,"StartTime":"2025-10-03T18:49:34Z","EndTime":"2025-10-03T18:49:34Z","AmountPaid":1500,"OpenBy":"error","LockerCode":"D1"},{"ID":108,"LockerID":21,"Phone":"3134264648","PIN":"1234","Active":0,"StartTime":"2025-10-03T18:50:07Z","EndTime":"2025-10-03T18:50:07Z","AmountPaid":1500,"OpenBy":"error","LockerCode":"C1"},{"ID":109,"LockerID":22,"Phone":"3134264648","PIN":"1234","Active":0,"StartTime":"2025-10-03T18:50:08Z","EndTime":"2025-10-03T18:50:08Z","AmountPaid":1500,"OpenBy":"error","LockerCode":"C2"},{"ID":110,"LockerID":8,"Phone":"3134264648","PIN":"1234","Active":0,"StartTime":"2025-10-03T18:50:09Z","EndTime":"2025-10-03T18:50:09Z","AmountPaid":1500,"OpenBy":"error","LockerCode":"A8"},{"ID":111,"LockerID":12,"Phone":"3134264648","PIN":"1234","Active":0,"StartTime":"2025-10-03T18:50:10Z","EndTime":"2025-10-03T18:50:10Z","AmountPaid":1500,"OpenBy":"error","LockerCode":"B2"},{"ID":112,"LockerID":13,"Phone":"3134264648","PIN":"1234","Active":0,"StartTime":"2025-10-03T18:50:11Z","EndTime":"2025-10-03T18:50:11Z","AmountPaid":1500,"OpenBy":"error","LockerCode":"B3"},{"ID":113,"LockerID":27,"Phone":"3134264648","PIN":"1234","Active":0,"StartTime":"2025-10-03T18:50:32Z","EndTime":"2025-10-03T18:50:32Z","AmountPaid":1500,"OpenBy":"error","LockerCode":"C7"},{"ID":114,"LockerID":9,"Phone":"3134264648","PIN":"1234","Active":0,"StartTime":"2025-10-03T18:50:33Z","EndTime":"2025-10-03T18:50:33Z","AmountPaid":1500,"OpenBy":"error","LockerCode":"A9"},{"ID":115,"LockerID":38,"Phone":"3134264648","PIN":"1234","Active":0,"StartTime":"2025-10-03T18:50:34Z","EndTime":"2025-10-03T18:50:34Z","AmountPaid":1500,"OpenBy":"error","LockerCode":"D8"},{"ID":116,"LockerID":34,"Phone":"3134264648","PIN":"1234","Active":0,"StartTime":"2025-10-03T18:50:35Z","EndTime":"2025-10-03T18:50:35Z","AmountPaid":1500,"OpenBy":"error","LockerCode":"D4"},{"ID":117,"LockerID":50,"Phone":"3134264648","PIN":"1234","Active":0,"StartTime":"2025-10-03T18:50:37Z","EndTime":"2025-10-03T18:50:37Z","AmountPaid":1500,"OpenBy":"error","LockerCode":"E10"},{"ID":118,"LockerID":20,"Phone":"3134264648","PIN":"1234","Active":0,"StartTime":"2025-10-03T18:51:04Z","EndTime":"2025-10-03T18:51:04Z","AmountPaid":1500,"OpenBy":"error","LockerCode":"B10"},{"ID":119,"LockerID":42,"Phone":"3134264648","PIN":"1234","Active":0,"StartTime":"2025-10-03T18:51:05Z","EndTime":"2025-10-03T18:51:05Z","AmountPaid":1500,"OpenBy":"error","LockerCode":"E2"},{"ID":120,"LockerID":40,"Phone":"3134264648","PIN":"1234","Active":0,"StartTime":"2025-10-03T18:51:06Z","EndTime":"2025-10-03T18:51:06Z","AmountPaid":1500,"OpenBy":"error","LockerCode":"D10"},{"ID":121,"LockerID":52,"Phone":"3134264648","PIN":"1234","Active":0,"StartTime":"2025-10-03T18:51:07Z","EndTime":"2025-10-03T18:51:07Z","AmountPaid":1500,"OpenBy":"error","LockerCode":"F2"},{"ID":122,"LockerID":16,"Phone":"3134264648","PIN":"1234","Active":0,"StartTime":"2025-10-03T18:51:08Z","EndTime":"2025-10-03T18:51:08Z","AmountPaid":1500,"OpenBy":"error","LockerCode":"B6"},{"ID":123,"LockerID":1,"Phone":"3134264648","PIN":"1234","Active":0,"StartTime":"2025-10-03T18:51:38Z","EndTime":"2025-10-03T18:51:38Z","AmountPaid":1500,"OpenBy":"error","LockerCode":"A1"},{"ID":124,"LockerID":36,"Phone":"3134264648","PIN":"1234","Active":0,"StartTime":"2025-10-03T18:51:39Z","EndTime":"2025-10-03T18:51:39Z","AmountPaid":1500,"OpenBy":"error","LockerCode":"D6"},{"ID":125,"LockerID":17,"Phone":"3134264648","PIN":"1234","Active":0,"StartTime":"2025-10-03T18:51:40Z","EndTime":"2025-10-03T18:51:40Z","AmountPaid":1500,"OpenBy":"error","LockerCode":"B7"},{"ID":126,"LockerID":46,"Phone":"3134264648","PIN":"1234","Active":0,"StartTime":"2025-10-03T18:51:41Z","EndTime":"2025-10-03T18:51:41Z","AmountPaid":1500,"OpenBy":"error","LockerCode":"E6"},{"ID":127,"LockerID":3,"Phone":"3134264648","PIN":"1234","Active":0,"StartTime":"2025-10-03T18:51:42Z","EndTime":"2025-10-03T18:51:42Z","AmountPaid":1500,"OpenBy":"error","LockerCode":"A3"},{"ID":128,"LockerID":10,"Phone":"3134264648","PIN":"1234","Active":0,"StartTime":"2025-10-03T18:52:15Z","EndTime":"2025-10-03T18:52:15Z","AmountPaid":1500,"OpenBy":"error","LockerCode":"A10"},{"ID":129,"LockerID":41,"Phone":"3134264648","PIN":"1234","Active":0,"StartTime":"2025-10-03T18:52:16Z","EndTime":"2025-10-03T18:52:16Z","AmountPaid":1500,"OpenBy":"error","LockerCode":"E1"},{"ID":130,"LockerID":32,"Phone":"3134264648","PIN":"1234","Active":0,"StartTime":"2025-10-03T18:52:17Z","EndTime":"2025-10-03T18:52:17Z","AmountPaid":1500,"OpenBy":"error","LockerCode":"D2"},{"ID":131,"LockerID":55,"Phone":"3134264648","PIN":"1234","Active":0,"StartTime":"2025-10-03T18:52:18Z","EndTime":"2025-10-03T18:52:18Z","AmountPaid":1500,"OpenBy":"error","LockerCode":"F5"},{"ID":132,"LockerID":35,"Phone":"3134264648","PIN":"1234","Active":0,"StartTime":"2025-10-03T18:52:19Z","EndTime":"2025-10-03T18:52:19Z","AmountPaid":1500,"OpenBy":"error","LockerCode":"D5"},{"ID":133,"LockerID":57,"Phone":"3138989876","PIN":"0857","Active":0,"StartTime":"2025-10-03T21:53:50Z","EndTime":"2025-10-04T03:31:14Z","AmountPaid":1500,"OpenBy":"user","LockerCode":"F7"},{"ID":134,"LockerID":14,"Phone":"3134526862","PIN":"1245","Active":0,"StartTime":"2025-10-03T21:58:23Z","EndTime":"2025-10-04T00:03:01Z","AmountPaid":1500,"OpenBy":"user","LockerCode":"B4"},{"ID":135,"LockerID":21,"Phone":"3207895989","PIN":"0303","Active":0,"StartTime":"2025-10-03T22:33:42Z","EndTime":"2025-10-03T23:31:37Z","AmountPaid":1500,"OpenBy":"user","LockerCode":"C1"},{"ID":136,"LockerID":39,"Phone":"3118471657","PIN":"1099","Active":0,"StartTime":"2025-10-03T23:02:04Z","EndTime":"2025-10-04T00:37:01Z","AmountPaid":1500,"OpenBy":"user","LockerCode":"D9"},{"ID":137,"LockerID":15,"Phone":"3197505984","PIN":"2512","Active":0,"StartTime":"2025-10-04T00:17:30Z","EndTime":"2025-10-04T02:38:51Z","AmountPaid":1500,"OpenBy":"user","LockerCode":"B5"},{"ID":138,"LockerID":21,"Phone":"3214378148","PIN":"2005","Active":0,"StartTime":"2025-10-04T00:40:52Z","EndTime":"2025-10-04T03:02:39Z","AmountPaid":1500,"OpenBy":"user","LockerCode":"C1"},{"ID":139,"LockerID":40,"Phone":"3208706973","PIN":"1008","Active":0,"StartTime":"2025-10-04T00:43:03Z","EndTime":"2025-10-04T03:03:06Z","AmountPaid":1500,"OpenBy":"user","LockerCode":"D10"},{"ID":140,"LockerID":26,"Phone":"3155456118","PIN":"3172","Active":0,"StartTime":"2025-10-04T12:08:46Z","EndTime":"2025-10-04T13:40:41Z","AmountPaid":1500,"OpenBy":"user","LockerCode":"C6"},{"ID":141,"LockerID":54,"Phone":"3102887154","PIN":"0106","Active":0,"StartTime":"2025-10-04T12:49:25Z","EndTime":"2025-10-04T13:45:20Z","AmountPaid":1500,"OpenBy":"user","LockerCode":"F4"},{"ID":142,"LockerID":43,"Phone":"3214489550","PIN":"1712","Active":0,"StartTime":"2025-10-04T12:55:02Z","EndTime":"2025-10-04T13:53:13Z","AmountPaid":1600,"OpenBy":"user","LockerCode":"E3"},{"ID":143,"LockerID":10,"Phone":"3106885890","PIN":"1379","Active":0,"StartTime":"2025-10-04T13:13:53Z","EndTime":"2025-10-04T16:22:50Z","AmountPaid":1500,"OpenBy":"local","LockerCode":"A10"},{"ID":144,"LockerID":13,"Phone":"3103737987","PIN":"0811","Active":0,"StartTime":"2025-10-04T13:20:46Z","EndTime":"2025-10-04T13:20:47Z","AmountPaid":1500,"OpenBy":"error","LockerCode":"B3"},{"ID":145,"LockerID":7,"Phone":"3103737987","PIN":"0811","Active":0,"StartTime":"2025-10-04T13:20:48Z","EndTime":"2025-10-04T13:20:49Z","AmountPaid":1500,"OpenBy":"error","LockerCode":"A7"},{"ID":146,"LockerID":20,"Phone":"3103737987","PIN":"0811","Active":0,"StartTime":"2025-10-04T13:20:50Z","EndTime":"2025-10-04T13:20:51Z","AmountPaid":1500,"OpenBy":"error","LockerCode":"B10"},{"ID":147,"LockerID":50,"Phone":"3103737987","PIN":"0811","Active":0,"StartTime":"2025-10-04T13:20:52Z","EndTime":"2025-10-04T13:20:53Z","AmountPaid":1500,"OpenBy":"error","LockerCode":"E10"},{"ID":148,"LockerID":12,"Phone":"3103737987","PIN":"0811","Active":0,"StartTime":"2025-10-04T13:20:54Z","EndTime":"2025-10-04T13:20:55Z","AmountPaid":1500,"OpenBy":"error","LockerCode":"B2"},{"ID":149,"LockerID":52,"Phone":"3103737987","PIN":"0811","Active":0,"StartTime":"2025-10-04T13:21:01Z","EndTime":"2025-10-04T13:21:01Z","AmountPaid":1500,"OpenBy":"error","LockerCode":"F2"},{"ID":150,"LockerID":11,"Phone":"3103737987","PIN":"0811","Active":0,"StartTime":"2025-10-04T13:21:02Z","EndTime":"2025-10-04T14:37:36Z","AmountPaid":1500,"OpenBy":"user","LockerCode":"B1"},{"ID":151,"LockerID":19,"Phone":"3027109127","PIN":"2003","Active":0,"StartTime":"2025-10-04T13:38:25Z","EndTime":"2025-10-04T15:54:32Z","AmountPaid":1500,"OpenBy":"user","LockerCode":"B9"},{"ID":152,"LockerID":59,"Phone":"3016186865","PIN":"3112","Active":0,"StartTime":"2025-10-04T13:54:17Z","EndTime":"2025-10-04T16:32:34Z","AmountPaid":2000,"OpenBy":"user","LockerCode":"F9"},{"ID":153,"LockerID":42,"Phone":"3112808315","PIN":"1606","Active":0,"StartTime":"2025-10-04T14:58:05Z","EndTime":"2025-10-04T20:58:07Z","AmountPaid":1500,"OpenBy":"user","LockerCode":"E2"},{"ID":154,"LockerID":37,"Phone":"3024675178","PIN":"1028","Active":0,"StartTime":"2025-10-04T15:19:32Z","EndTime":"2025-10-04T17:12:05Z","AmountPaid":1500,"OpenBy":"user","LockerCode":"D7"},{"ID":155,"LockerID":50,"Phone":"3158543242","PIN":"2626","Active":0,"StartTime":"2025-10-04T15:20:32Z","EndTime":"2025-10-04T18:03:04Z","AmountPaid":1500,"OpenBy":"user","LockerCode":"E10"},{"ID":156,"LockerID":36,"Phone":"3143706952","PIN":"1977","Active":0,"StartTime":"2025-10-04T15:32:49Z","EndTime":"2025-10-04T18:10:34Z","AmountPaid":1500,"OpenBy":"user","LockerCode":"D6"},{"ID":157,"LockerID":46,"Phone":"3208204998","PIN":"1234","Active":0,"StartTime":"2025-10-04T15:41:07Z","EndTime":"2025-10-04T19:20:40Z","AmountPaid":1500,"OpenBy":"user","LockerCode":"E6"},{"ID":158,"LockerID":58,"Phone":"3058060593","PIN":"3058","Active":0,"StartTime":"2025-10-04T16:50:30Z","EndTime":"2025-10-04T16:50:30Z","AmountPaid":1500,"OpenBy":"error","LockerCode":"F8"},{"ID":159,"LockerID":60,"Phone":"3058060593","PIN":"3058","Active":0,"StartTime":"2025-10-04T16:50:31Z","EndTime":"2025-10-04T16:50:31Z","AmountPaid":1500,"OpenBy":"error","LockerCode":"F10"},{"ID":160,"LockerID":14,"Phone":"3058060593","PIN":"3058","Active":0,"StartTime":"2025-10-04T16:50:32Z","EndTime":"2025-10-04T16:50:32Z","AmountPaid":1500,"OpenBy":"error","LockerCode":"B4"},{"ID":161,"LockerID":16,"Phone":"3058060593","PIN":"3058","Active":0,"StartTime":"2025-10-04T16:50:33Z","EndTime":"2025-10-04T16:50:33Z","AmountPaid":1500,"OpenBy":"error","LockerCode":"B6"},{"ID":162,"LockerID":22,"Phone":"3058060593","PIN":"3058","Active":0,"StartTime":"2025-10-04T16:50:34Z","EndTime":"2025-10-04T16:50:34Z","AmountPaid":1500,"OpenBy":"error","LockerCode":"C2"},{"ID":163,"LockerID":48,"Phone":"3058060593","PIN":"3058","Active":0,"StartTime":"2025-10-04T16:50:44Z","EndTime":"2025-10-04T16:50:44Z","AmountPaid":1500,"OpenBy":"error","LockerCode":"E8"},{"ID":164,"LockerID":29,"Phone":"3058060593","PIN":"3058","Active":0,"StartTime":"2025-10-04T16:50:45Z","EndTime":"2025-10-04T16:50:45Z","AmountPaid":1500,"OpenBy":"error","LockerCode":"C9"},{"ID":165,"LockerID":59,"Phone":"3058060593","PIN":"3058","Active":0,"StartTime":"2025-10-04T16:50:46Z","EndTime":"2025-10-04T16:50:46Z","AmountPaid":1500,"OpenBy":"error","LockerCode":"F9"},{"ID":166,"LockerID":51,"Phone":"3058060593","PIN":"3058","Active":0,"StartTime":"2025-10-04T16:50:47Z","EndTime":"2025-10-04T16:50:47Z","AmountPaid":1500,"OpenBy":"error","LockerCode":"F1"},{"ID":167,"LockerID":32,"Phone":"3058060593","PIN":"3058","Active":0,"StartTime":"2025-10-04T16:50:48Z","EndTime":"2025-10-04T16:50:48Z","AmountPaid":1500,"OpenBy":"error","LockerCode":"D2"},{"ID":168,"LockerID":38,"Phone":"3058060593","PIN":"3058","Active":0,"StartTime":"2025-10-04T16:51:28Z","EndTime":"2025-10-04T16:51:28Z","AmountPaid":1500,"OpenBy":"error","LockerCode":"D8"},{"ID":169,"LockerID":57,"Phone":"3058060593","PIN":"3058","Active":0,"StartTime":"2025-10-04T16:51:29Z","EndTime":"2025-10-04T16:51:29Z","AmountPaid":1500,"OpenBy":"error","LockerCode":"F7"},{"ID":170,"LockerID":19,"Phone":"3058060593","PIN":"3058","Active":0,"StartTime":"2025-10-04T16:51:30Z","EndTime":"2025-10-04T16:51:30Z","AmountPaid":1500,"OpenBy":"error","LockerCode":"B9"},{"ID":171,"LockerID":33,"Phone":"3058060593","PIN":"3058","Active":0,"StartTime":"2025-10-04T16:51:32Z","EndTime":"2025-10-04T16:51:32Z","AmountPaid":1500,"OpenBy":"error","LockerCode":"D3"},{"ID":172,"LockerID":39,"Phone":"3058060593","PIN":"3058","Active":0,"StartTime":"2025-10-04T16:51:33Z","EndTime":"2025-10-04T16:51:33Z","AmountPaid":1500,"OpenBy":"error","LockerCode":"D9"},{"ID":173,"LockerID":12,"Phone":"3058060593","PIN":"3058","Active":0,"StartTime":"2025-10-04T16:58:03Z","EndTime":"2025-10-04T18:21:25Z","AmountPaid":1500,"OpenBy":"user","LockerCode":"B2"},{"ID":174,"LockerID":5,"Phone":"3228975795","PIN":"1759","Active":0,"StartTime":"2025-10-04T18:26:58Z","EndTime":"2025-10-04T18:26:58Z","AmountPaid":1500,"OpenBy":"error","LockerCode":"A5"},{"ID":175,"LockerID":56,"Phone":"3228975795","PIN":"1759","Active":0,"StartTime":"2025-10-04T18:26:59Z","EndTime":"2025-10-04T18:26:59Z","AmountPaid":1500,"OpenBy":"error","LockerCode":"F6"},{"ID":176,"LockerID":4,"Phone":"3228975795","PIN":"1759","Active":0,"StartTime":"2025-10-04T18:27:00Z","EndTime":"2025-10-04T18:27:00Z","AmountPaid":1500,"OpenBy":"error","LockerCode":"A4"},{"ID":177,"LockerID":12,"Phone":"3228975795","PIN":"1759","Active":0,"StartTime":"2025-10-04T18:27:01Z","EndTime":"2025-10-04T18:27:01Z","AmountPaid":1500,"OpenBy":"error","LockerCode":"B2"},{"ID":178,"LockerID":2,"Phone":"3228975795","PIN":"1759","Active":0,"StartTime":"2025-10-04T18:27:02Z","EndTime":"2025-10-04T18:27:02Z","AmountPaid":1500,"OpenBy":"error","LockerCode":"A2"},{"ID":179,"LockerID":6,"Phone":"3227677167","PIN":"1759","Active":0,"StartTime":"2025-10-04T18:29:14Z","EndTime":"2025-10-04T18:29:14Z","AmountPaid":1500,"OpenBy":"error","LockerCode":"A6"},{"ID":180,"LockerID":13,"Phone":"3227677167","PIN":"1759","Active":0,"StartTime":"2025-10-04T18:29:15Z","EndTime":"2025-10-04T18:29:15Z","AmountPaid":1500,"OpenBy":"error","LockerCode":"B3"},{"ID":181,"LockerID":10,"Phone":"3227677167","PIN":"1759","Active":0,"StartTime":"2025-10-04T18:29:16Z","EndTime":"2025-10-04T18:29:16Z","AmountPaid":1500,"OpenBy":"error","LockerCode":"A10"},{"ID":182,"LockerID":35,"Phone":"3227677167","PIN":"1759","Active":0,"StartTime":"2025-10-04T18:29:17Z","EndTime":"2025-10-04T18:29:17Z","AmountPaid":1500,"OpenBy":"error","LockerCode":"D5"},{"ID":183,"LockerID":23,"Phone":"3227677167","PIN":"1759","Active":0,"StartTime":"2025-10-04T18:29:36Z","EndTime":"2025-10-04T18:29:36Z","AmountPaid":1500,"OpenBy":"error","LockerCode":"C3"},{"ID":184,"LockerID":17,"Phone":"3227677167","PIN":"1759","Active":0,"StartTime":"2025-10-04T18:29:37Z","EndTime":"2025-10-04T18:29:37Z","AmountPaid":1500,"OpenBy":"error","LockerCode":"B7"},{"ID":185,"LockerID":54,"Phone":"3227677167","PIN":"1759","Active":0,"StartTime":"2025-10-04T18:29:38Z","EndTime":"2025-10-04T18:29:38Z","AmountPaid":1500,"OpenBy":"error","LockerCode":"F4"},{"ID":186,"LockerID":45,"Phone":"3227677167","PIN":"1759","Active":0,"StartTime":"2025-10-04T18:29:39Z","EndTime":"2025-10-04T18:29:39Z","AmountPaid":1500,"OpenBy":"error","LockerCode":"E5"},{"ID":187,"LockerID":28,"Phone":"3227677167","PIN":"1759","Active":0,"StartTime":"2025-10-04T18:29:40Z","EndTime":"2025-10-04T18:29:40Z","AmountPaid":1500,"OpenBy":"error","LockerCode":"C8"},{"ID":188,"LockerID":8,"Phone":"3227677167","PIN":"1759","Active":0,"StartTime":"2025-10-04T18:29:47Z","EndTime":"2025-10-04T18:29:47Z","AmountPaid":1500,"OpenBy":"error","LockerCode":"A8"},{"ID":189,"LockerID":41,"Phone":"3227677167","PIN":"1759","Active":0,"StartTime":"2025-10-04T18:29:48Z","EndTime":"2025-10-04T18:29:48Z","AmountPaid":1500,"OpenBy":"error","LockerCode":"E1"},{"ID":190,"LockerID":18,"Phone":"3227677167","PIN":"1759","Active":0,"StartTime":"2025-10-04T18:29:49Z","EndTime":"2025-10-04T18:29:49Z","AmountPaid":1500,"OpenBy":"error","LockerCode":"B8"},{"ID":191,"LockerID":47,"Phone":"3227677167","PIN":"1759","Active":0,"StartTime":"2025-10-04T18:29:50Z","EndTime":"2025-10-04T18:29:50Z","AmountPaid":1500,"OpenBy":"error","LockerCode":"E7"},{"ID":192,"LockerID":37,"Phone":"3227677167","PIN":"1759","Active":0,"StartTime":"2025-10-04T18:29:51Z","EndTime":"2025-10-04T18:29:51Z","AmountPaid":1500,"OpenBy":"error","LockerCode":"D7"},{"ID":193,"LockerID":9,"Phone":"3227677167","PIN":"1759","Active":0,"StartTime":"2025-10-04T18:30:03Z","EndTime":"2025-10-04T18:30:03Z","AmountPaid":1500,"OpenBy":"error","LockerCode":"A9"},{"ID":194,"LockerID":21,"Phone":"3227677167","PIN":"1759","Active":0,"StartTime":"2025-10-04T18:30:04Z","EndTime":"2025-10-04T18:30:04Z","AmountPaid":1500,"OpenBy":"error","LockerCode":"C1"},{"ID":195,"LockerID":25,"Phone":"3227677167","PIN":"1759","Active":0,"StartTime":"2025-10-04T18:30:05Z","EndTime":"2025-10-04T18:30:05Z","AmountPaid":1500,"OpenBy":"error","LockerCode":"C5"},{"ID":196,"LockerID":15,"Phone":"3227677167","PIN":"1759","Active":0,"StartTime":"2025-10-04T18:30:06Z","EndTime":"2025-10-04T18:30:06Z","AmountPaid":1500,"OpenBy":"error","LockerCode":"B5"},{"ID":197,"LockerID":34,"Phone":"3227677167","PIN":"1759","Active":0,"StartTime":"2025-10-04T18:30:07Z","EndTime":"2025-10-04T18:30:07Z","AmountPaid":1500,"OpenBy":"error","LockerCode":"D4"},{"ID":198,"LockerID":36,"Phone":"3227677167","PIN":"1759","Active":0,"StartTime":"2025-10-04T18:30:21Z","EndTime":"2025-10-04T18:30:21Z","AmountPaid":1500,"OpenBy":"error","LockerCode":"D6"},{"ID":199,"LockerID":24,"Phone":"3227677167","PIN":"1759","Active":0,"StartTime":"2025-10-04T18:30:22Z","EndTime":"2025-10-04T18:30:22Z","AmountPaid":1500,"OpenBy":"error","LockerCode":"C4"},{"ID":200,"LockerID":30,"Phone":"3227677167","PIN":"1759","Active":0,"StartTime":"2025-10-04T18:30:23Z","EndTime":"2025-10-04T18:30:23Z","AmountPaid":1500,"OpenBy":"error","LockerCode":"C10"},{"ID":201,"LockerID":52,"Phone":"3227677167","PIN":"1759","Active":0,"StartTime":"2025-10-04T18:30:24Z","EndTime":"2025-10-04T18:30:24Z","AmountPaid":1500,"OpenBy":"error","LockerCode":"F2"},{"ID":202,"LockerID":49,"Phone":"3227677167","PIN":"1759","Active":0,"StartTime":"2025-10-04T18:30:25Z","EndTime":"2025-10-04T18:30:25Z","AmountPaid":1500,"OpenBy":"error","LockerCode":"E9"},{"ID":203,"LockerID":44,"Phone":"3227677167","PIN":"1127","Active":0,"StartTime":"2025-10-04T18:30:43Z","EndTime":"2025-10-04T18:30:43Z","AmountPaid":1500,"OpenBy":"error","LockerCode":"E4"},{"ID":204,"LockerID":53,"Phone":"3227677167","PIN":"1127","Active":0,"StartTime":"2025-10-04T18:30:44Z","EndTime":"2025-10-04T18:30:44Z","AmountPaid":1500,"OpenBy":"error","LockerCode":"F3"},{"ID":205,"LockerID":20,"Phone":"3227677167","PIN":"1127","Active":0,"StartTime":"2025-10-04T18:30:45Z","EndTime":"2025-10-04T18:30:45Z","AmountPaid":1500,"OpenBy":"error","LockerCode":"B10"},{"ID":206,"LockerID":1,"Phone":"3227677167","PIN":"1127","Active":0,"StartTime":"2025-10-04T18:30:46Z","EndTime":"2025-10-04T18:30:46Z","AmountPaid":1500,"OpenBy":"error","LockerCode":"A1"},{"ID":207,"LockerID":31,"Phone":"3227677167","PIN":"1127","Active":0,"StartTime":"2025-10-04T18:30:47Z","EndTime":"2025-10-04T18:30:47Z","AmountPaid":1500,"OpenBy":"error","LockerCode":"D1"},{"ID":208,"LockerID":1,"Phone":"3192536359","PIN":"2410","Active":0,"StartTime":"2025-10-04T19:03:55Z","EndTime":"2025-10-04T20:56:07Z","AmountPaid":1500,"OpenBy":"user","LockerCode":"A1"},{"ID":209,"LockerID":3,"Phone":"3009689949","PIN":"2133","Active":0,"StartTime":"2025-10-04T19:13:12Z","EndTime":"2025-10-04T23:18:47Z","AmountPaid":1500,"OpenBy":"user","LockerCode":"A3"},{"ID":210,"LockerID":2,"Phone":"3142683683","PIN":"2222","Active":0,"StartTime":"2025-10-04T19:40:02Z","EndTime":"2025-10-04T19:40:02Z","AmountPaid":1500,"OpenBy":"error","LockerCode":"A2"},{"ID":211,"LockerID":6,"Phone":"3142683683","PIN":"2222","Active":0,"StartTime":"2025-10-04T19:40:03Z","EndTime":"2025-10-04T19:40:03Z","AmountPaid":1500,"OpenBy":"error","LockerCode":"A6"},{"ID":212,"LockerID":7,"Phone":"3142683683","PIN":"2222","Active":0,"StartTime":"2025-10-04T19:40:04Z","EndTime":"2025-10-04T19:40:04Z","AmountPaid":1500,"OpenBy":"error","LockerCode":"A7"},{"ID":213,"LockerID":4,"Phone":"3142683683","PIN":"2222","Active":0,"StartTime":"2025-10-04T19:40:05Z","EndTime":"2025-10-04T19:40:05Z","AmountPaid":1500,"OpenBy":"error","LockerCode":"A4"},{"ID":214,"LockerID":8,"Phone":"3142683683","PIN":"2222","Active":0,"StartTime":"2025-10-04T19:40:07Z","EndTime":"2025-10-04T19:40:07Z","AmountPaid":1500,"OpenBy":"error","LockerCode":"A8"},{"ID":215,"LockerID":9,"Phone":"3142683683","PIN":"2222","Active":0,"StartTime":"2025-10-04T19:40:17Z","EndTime":"2025-10-04T19:40:17Z","AmountPaid":1500,"OpenBy":"error","LockerCode":"A9"},{"ID":216,"LockerID":10,"Phone":"3142683683","PIN":"2222","Active":0,"StartTime":"2025-10-04T19:40:18Z","EndTime":"2025-10-04T19:40:18Z","AmountPaid":1500,"OpenBy":"error","LockerCode":"A10"},{"ID":217,"LockerID":46,"Phone":"3142683683","PIN":"2222","Active":0,"StartTime":"2025-10-04T19:40:20Z","EndTime":"2025-10-04T19:40:20Z","AmountPaid":1500,"OpenBy":"error","LockerCode":"E6"},{"ID":218,"LockerID":5,"Phone":"3142683683","PIN":"2222","Active":0,"StartTime":"2025-10-04T19:40:21Z","EndTime":"2025-10-04T19:40:21Z","AmountPaid":1500,"OpenBy":"error","LockerCode":"A5"},{"ID":219,"LockerID":6,"Phone":"3124792031","PIN":"2007","Active":0,"StartTime":"2025-10-04T20:01:14Z","EndTime":"2025-10-04T20:01:14Z","AmountPaid":1500,"OpenBy":"error","LockerCode":"A6"},{"ID":220,"LockerID":9,"Phone":"3124792031","PIN":"2007","Active":0,"StartTime":"2025-10-04T20:01:15Z","EndTime":"2025-10-04T20:01:15Z","AmountPaid":1500,"OpenBy":"error","LockerCode":"A9"},{"ID":221,"LockerID":10,"Phone":"3124792031","PIN":"2007","Active":0,"StartTime":"2025-10-04T20:01:16Z","EndTime":"2025-10-04T20:01:16Z","AmountPaid":1500,"OpenBy":"error","LockerCode":"A10"},{"ID":222,"LockerID":7,"Phone":"3124792031","PIN":"2007","Active":0,"StartTime":"2025-10-04T20:01:17Z","EndTime":"2025-10-04T20:01:17Z","AmountPaid":1500,"OpenBy":"error","LockerCode":"A7"},{"ID":223,"LockerID":8,"Phone":"3124792031","PIN":"2007","Active":0,"StartTime":"2025-10-04T20:01:18Z","EndTime":"2025-10-04T20:01:18Z","AmountPaid":1500,"OpenBy":"error","LockerCode":"A8"},{"ID":224,"LockerID":9,"Phone":"3124792031","PIN":"2007","Active":0,"StartTime":"2025-10-04T20:11:22Z","EndTime":"2025-10-04T20:11:22Z","AmountPaid":1500,"OpenBy":"error","LockerCode":"A9"},{"ID":225,"LockerID":5,"Phone":"3124792031","PIN":"2007","Active":0,"StartTime":"2025-10-04T20:11:23Z","EndTime":"2025-10-04T20:11:23Z","AmountPaid":1500,"OpenBy":"error","LockerCode":"A5"},{"ID":226,"LockerID":2,"Phone":"3124792031","PIN":"2007","Active":0,"StartTime":"2025-10-04T20:11:24Z","EndTime":"2025-10-04T20:11:24Z","AmountPaid":1500,"OpenBy":"error","LockerCode":"A2"},{"ID":227,"LockerID":7,"Phone":"3124792031","PIN":"2007","Active":0,"StartTime":"2025-10-04T20:11:25Z","EndTime":"2025-10-04T20:11:25Z","AmountPaid":1500,"OpenBy":"error","LockerCode":"A7"},{"ID":228,"LockerID":6,"Phone":"3124792031","PIN":"2007","Active":0,"StartTime":"2025-10-04T20:11:26Z","EndTime":"2025-10-04T20:11:26Z","AmountPaid":1500,"OpenBy":"error","LockerCode":"A6"},{"ID":229,"LockerID":18,"Phone":"3124792031","PIN":"2007","Active":0,"StartTime":"2025-10-04T20:11:58Z","EndTime":"2025-10-04T20:11:58Z","AmountPaid":1500,"OpenBy":"error","LockerCode":"B8"},{"ID":230,"LockerID":15,"Phone":"3124792031","PIN":"2007","Active":0,"StartTime":"2025-10-04T20:12:00Z","EndTime":"2025-10-04T20:12:00Z","AmountPaid":1500,"OpenBy":"error","LockerCode":"B5"},{"ID":231,"LockerID":12,"Phone":"3124792031","PIN":"2007","Active":0,"StartTime":"2025-10-04T20:12:01Z","EndTime":"2025-10-04T20:12:01Z","AmountPaid":1500,"OpenBy":"error","LockerCode":"B2"},{"ID":232,"LockerID":20,"Phone":"3124792031","PIN":"2007","Active":0,"StartTime":"2025-10-04T20:12:02Z","EndTime":"2025-10-04T20:12:02Z","AmountPaid":1500,"OpenBy":"error","LockerCode":"B10"},{"ID":233,"LockerID":17,"Phone":"3124792031","PIN":"2007","Active":0,"StartTime":"2025-10-04T20:12:03Z","EndTime":"2025-10-04T20:12:03Z","AmountPaid":1500,"OpenBy":"error","LockerCode":"B7"},{"ID":234,"LockerID":8,"Phone":"3105727100","PIN":"2014","Active":0,"StartTime":"2025-10-04T20:47:17Z","EndTime":"2025-10-04T20:47:17Z","AmountPaid":1500,"OpenBy":"error","LockerCode":"A8"},{"ID":235,"LockerID":50,"Phone":"3105727100","PIN":"2014","Active":0,"StartTime":"2025-10-04T20:47:18Z","EndTime":"2025-10-04T20:47:18Z","AmountPaid":1500,"OpenBy":"error","LockerCode":"E10"},{"ID":236,"LockerID":49,"Phone":"3105727100","PIN":"2014","Active":0,"StartTime":"2025-10-04T20:47:19Z","EndTime":"2025-10-04T20:47:19Z","AmountPaid":1500,"OpenBy":"error","LockerCode":"E9"},{"ID":237,"LockerID":18,"Phone":"3105727100","PIN":"2014","Active":0,"StartTime":"2025-10-04T20:47:20Z","EndTime":"2025-10-04T20:47:20Z","AmountPaid":1500,"OpenBy":"error","LockerCode":"B8"},{"ID":238,"LockerID":14,"Phone":"3105727100","PIN":"2014","Active":0,"StartTime":"2025-10-04T20:47:21Z","EndTime":"2025-10-04T20:47:21Z","AmountPaid":1500,"OpenBy":"error","LockerCode":"B4"},{"ID":239,"LockerID":10,"Phone":"3105727100","PIN":"2014","Active":0,"StartTime":"2025-10-04T20:47:41Z","EndTime":"2025-10-04T20:47:41Z","AmountPaid":1500,"OpenBy":"error","LockerCode":"A10"},{"ID":240,"LockerID":32,"Phone":"3105727100","PIN":"2014","Active":0,"StartTime":"2025-10-04T20:47:42Z","EndTime":"2025-10-04T20:47:42Z","AmountPaid":1500,"OpenBy":"error","LockerCode":"D2"},{"ID":241,"LockerID":12,"Phone":"3105727100","PIN":"2014","Active":0,"StartTime":"2025-10-04T20:47:43Z","EndTime":"2025-10-04T20:47:43Z","AmountPaid":1500,"OpenBy":"error","LockerCode":"B2"},{"ID":242,"LockerID":24,"Phone":"3105727100","PIN":"2014","Active":0,"StartTime":"2025-10-04T20:47:44Z","EndTime":"2025-10-04T20:47:45Z","AmountPaid":1500,"OpenBy":"error","LockerCode":"C4"},{"ID":243,"LockerID":45,"Phone":"3105727100","PIN":"2014","Active":0,"StartTime":"2025-10-04T20:47:46Z","EndTime":"2025-10-04T20:47:46Z","AmountPaid":1500,"OpenBy":"error","LockerCode":"E5"},{"ID":244,"LockerID":37,"Phone":"3105727100","PIN":"2014","Active":0,"StartTime":"2025-10-04T20:47:58Z","EndTime":"2025-10-04T20:47:58Z","AmountPaid":1500,"OpenBy":"error","LockerCode":"D7"},{"ID":245,"LockerID":25,"Phone":"3105727100","PIN":"2014","Active":0,"StartTime":"2025-10-04T20:47:59Z","EndTime":"2025-10-04T20:47:59Z","AmountPaid":1500,"OpenBy":"error","LockerCode":"C5"},{"ID":246,"LockerID":57,"Phone":"3105727100","PIN":"2014","Active":0,"StartTime":"2025-10-04T20:48:00Z","EndTime":"2025-10-04T20:48:00Z","AmountPaid":1500,"OpenBy":"error","LockerCode":"F7"},{"ID":247,"LockerID":5,"Phone":"3105727100","PIN":"2014","Active":0,"StartTime":"2025-10-04T20:48:01Z","EndTime":"2025-10-04T20:48:01Z","AmountPaid":1500,"OpenBy":"error","LockerCode":"A5"},{"ID":248,"LockerID":33,"Phone":"3105727100","PIN":"2014","Active":0,"StartTime":"2025-10-04T20:48:02Z","EndTime":"2025-10-04T20:48:02Z","AmountPaid":1500,"OpenBy":"error","LockerCode":"D3"},{"ID":249,"LockerID":6,"Phone":"3105727100","PIN":"2014","Active":0,"StartTime":"2025-10-04T20:48:33Z","EndTime":"2025-10-04T20:48:33Z","AmountPaid":1500,"OpenBy":"error","LockerCode":"A6"},{"ID":250,"LockerID":23,"Phone":"3105727100","PIN":"2014","Active":0,"StartTime":"2025-10-04T20:48:34Z","EndTime":"2025-10-04T20:48:34Z","AmountPaid":1500,"OpenBy":"error","LockerCode":"C3"},{"ID":251,"LockerID":55,"Phone":"3105727100","PIN":"2014","Active":0,"StartTime":"2025-10-04T20:48:35Z","EndTime":"2025-10-04T20:48:35Z","AmountPaid":1500,"OpenBy":"error","LockerCode":"F5"},{"ID":252,"LockerID":56,"Phone":"3105727100","PIN":"2014","Active":0,"StartTime":"2025-10-04T20:48:36Z","EndTime":"2025-10-04T20:48:36Z","AmountPaid":1500,"OpenBy":"error","LockerCode":"F6"},{"ID":253,"LockerID":59,"Phone":"3105727100","PIN":"2014","Active":0,"StartTime":"2025-10-04T20:48:37Z","EndTime":"2025-10-04T20:48:37Z","AmountPaid":1500,"OpenBy":"error","LockerCode":"F9"},{"ID":254,"LockerID":17,"Phone":"3105727100","PIN":"2014","Active":0,"StartTime":"2025-10-04T20:48:44Z","EndTime":"2025-10-04T20:48:44Z","AmountPaid":1500,"OpenBy":"error","LockerCode":"B7"},{"ID":255,"LockerID":51,"Phone":"3105727100","PIN":"2014","Active":0,"StartTime":"2025-10-04T20:48:45Z","EndTime":"2025-10-04T20:48:45Z","AmountPaid":1500,"OpenBy":"error","LockerCode":"F1"},{"ID":256,"LockerID":27,"Phone":"3105727100","PIN":"2014","Active":0,"StartTime":"2025-10-04T20:48:46Z","EndTime":"2025-10-04T20:48:46Z","AmountPaid":1500,"OpenBy":"error","LockerCode":"C7"},{"ID":257,"LockerID":15,"Phone":"3105727100","PIN":"2014","Active":0,"StartTime":"2025-10-04T20:48:47Z","EndTime":"2025-10-04T20:48:47Z","AmountPaid":1500,"OpenBy":"error","LockerCode":"B5"},{"ID":258,"LockerID":40,"Phone":"3105727100","PIN":"2014","Active":0,"StartTime":"2025-10-04T20:48:48Z","EndTime":"2025-10-04T20:48:48Z","AmountPaid":1500,"OpenBy":"error","LockerCode":"D10"},{"ID":259,"LockerID":36,"Phone":"3105727100","PIN":"2014","Active":0,"StartTime":"2025-10-04T20:48:57Z","EndTime":"2025-10-04T20:48:57Z","AmountPaid":1500,"OpenBy":"error","LockerCode":"D6"},{"ID":260,"LockerID":43,"Phone":"3105727100","PIN":"2014","Active":0,"StartTime":"2025-10-04T20:48:58Z","EndTime":"2025-10-04T20:48:58Z","AmountPaid":1500,"OpenBy":"error","LockerCode":"E3"},{"ID":261,"LockerID":2,"Phone":"3105727100","PIN":"2014","Active":0,"StartTime":"2025-10-04T20:48:59Z","EndTime":"2025-10-04T20:48:59Z","AmountPaid":1500,"OpenBy":"error","LockerCode":"A2"},{"ID":262,"LockerID":28,"Phone":"3105727100","PIN":"2014","Active":0,"StartTime":"2025-10-04T20:49:00Z","EndTime":"2025-10-04T20:49:00Z","AmountPaid":1500,"OpenBy":"error","LockerCode":"C8"},{"ID":263,"LockerID":48,"Phone":"3105727100","PIN":"2014","Active":0,"StartTime":"2025-10-04T20:49:01Z","EndTime":"2025-10-04T20:49:01Z","AmountPaid":1500,"OpenBy":"error","LockerCode":"E8"},{"ID":264,"LockerID":58,"Phone":"3105727100","PIN":"2014","Active":0,"StartTime":"2025-10-04T20:49:11Z","EndTime":"2025-10-04T20:49:11Z","AmountPaid":1500,"OpenBy":"error","LockerCode":"F8"},{"ID":265,"LockerID":35,"Phone":"3105727100","PIN":"2014","Active":0,"StartTime":"2025-10-04T20:49:12Z","EndTime":"2025-10-04T20:49:12Z","AmountPaid":1500,"OpenBy":"error","LockerCode":"D5"},{"ID":266,"LockerID":20,"Phone":"3105727100","PIN":"2014","Active":0,"StartTime":"2025-10-04T20:49:13Z","EndTime":"2025-10-04T20:49:13Z","AmountPaid":1500,"OpenBy":"error","LockerCode":"B10"},{"ID":267,"LockerID":44,"Phone":"3105727100","PIN":"2014","Active":0,"StartTime":"2025-10-04T20:49:14Z","EndTime":"2025-10-04T20:49:14Z","AmountPaid":1500,"OpenBy":"error","LockerCode":"E4"},{"ID":268,"LockerID":13,"Phone":"3105727100","PIN":"2014","Active":0,"StartTime":"2025-10-04T20:49:15Z","EndTime":"2025-10-04T20:49:15Z","AmountPaid":1500,"OpenBy":"error","LockerCode":"B3"},{"ID":269,"LockerID":22,"Phone":"3105727100","PIN":"2014","Active":0,"StartTime":"2025-10-04T20:49:39Z","EndTime":"2025-10-04T20:49:39Z","AmountPaid":1500,"OpenBy":"error","LockerCode":"C2"},{"ID":270,"LockerID":9,"Phone":"3105727100","PIN":"2014","Active":0,"StartTime":"2025-10-04T20:49:40Z","EndTime":"2025-10-04T20:49:40Z","AmountPaid":1500,"OpenBy":"error","LockerCode":"A9"},{"ID":271,"LockerID":31,"Phone":"3105727100","PIN":"2014","Active":0,"StartTime":"2025-10-04T20:49:41Z","EndTime":"2025-10-04T20:49:41Z","AmountPaid":1500,"OpenBy":"error","LockerCode":"D1"},{"ID":272,"LockerID":60,"Phone":"3105727100","PIN":"2014","Active":0,"StartTime":"2025-10-04T20:49:42Z","EndTime":"2025-10-04T20:49:42Z","AmountPaid":1500,"OpenBy":"error","LockerCode":"F10"},{"ID":273,"LockerID":16,"Phone":"3105727100","PIN":"2014","Active":0,"StartTime":"2025-10-04T20:49:43Z","EndTime":"2025-10-04T20:49:43Z","AmountPaid":1500,"OpenBy":"error","LockerCode":"B6"},{"ID":274,"LockerID":7,"Phone":"3105727100","PIN":"2014","Active":0,"StartTime":"2025-10-04T20:49:50Z","EndTime":"2025-10-04T20:49:50Z","AmountPaid":1500,"OpenBy":"error","LockerCode":"A7"},{"ID":275,"LockerID":34,"Phone":"3105727100","PIN":"2014","Active":0,"StartTime":"2025-10-04T20:49:51Z","EndTime":"2025-10-04T20:49:51Z","AmountPaid":1500,"OpenBy":"error","LockerCode":"D4"},{"ID":276,"LockerID":53,"Phone":"3105727100","PIN":"2014","Active":0,"StartTime":"2025-10-04T20:49:52Z","EndTime":"2025-10-04T20:49:52Z","AmountPaid":1500,"OpenBy":"error","LockerCode":"F3"},{"ID":277,"LockerID":21,"Phone":"3105727100","PIN":"2014","Active":0,"StartTime":"2025-10-04T20:49:53Z","EndTime":"2025-10-04T20:49:53Z","AmountPaid":1500,"OpenBy":"error","LockerCode":"C1"},{"ID":278,"LockerID":52,"Phone":"3105727100","PIN":"2014","Active":0,"StartTime":"2025-10-04T20:49:54Z","EndTime":"2025-10-04T20:49:54Z","AmountPaid":1500,"OpenBy":"error","LockerCode":"F2"},{"ID":279,"LockerID":47,"Phone":"3105727100","PIN":"2014","Active":0,"StartTime":"2025-10-04T20:50:09Z","EndTime":"2025-10-04T20:50:09Z","AmountPaid":1500,"OpenBy":"error","LockerCode":"E7"},{"ID":280,"LockerID":30,"Phone":"3105727100","PIN":"2014","Active":0,"StartTime":"2025-10-04T20:50:11Z","EndTime":"2025-10-04T20:50:11Z","AmountPaid":1500,"OpenBy":"error","LockerCode":"C10"},{"ID":281,"LockerID":54,"Phone":"3105727100","PIN":"2014","Active":0,"StartTime":"2025-10-04T20:50:12Z","EndTime":"2025-10-04T20:50:12Z","AmountPaid":1500,"OpenBy":"error","LockerCode":"F4"},{"ID":282,"LockerID":26,"Phone":"3105727100","PIN":"2014","Active":0,"StartTime":"2025-10-04T20:50:13Z","EndTime":"2025-10-04T20:50:13Z","AmountPaid":1500,"OpenBy":"error","LockerCode":"C6"},{"ID":283,"LockerID":38,"Phone":"3105727100","PIN":"2014","Active":0,"StartTime":"2025-10-04T20:50:14Z","EndTime":"2025-10-04T20:50:14Z","AmountPaid":1500,"OpenBy":"error","LockerCode":"D8"},{"ID":284,"LockerID":11,"Phone":"3105727100","PIN":"2014","Active":0,"StartTime":"2025-10-04T20:51:10Z","EndTime":"2025-10-04T20:51:10Z","AmountPaid":1500,"OpenBy":"error","LockerCode":"B1"},{"ID":285,"LockerID":39,"Phone":"3105727100","PIN":"2014","Active":0,"StartTime":"2025-10-04T20:51:11Z","EndTime":"2025-10-04T20:51:11Z","AmountPaid":1500,"OpenBy":"error","LockerCode":"D9"},{"ID":286,"LockerID":19,"Phone":"3105727100","PIN":"2014","Active":0,"StartTime":"2025-10-04T20:51:12Z","EndTime":"2025-10-04T20:51:12Z","AmountPaid":1500,"OpenBy":"error","LockerCode":"B9"},{"ID":287,"LockerID":46,"Phone":"3105727100","PIN":"2014","Active":0,"StartTime":"2025-10-04T20:51:13Z","EndTime":"2025-10-04T20:51:13Z","AmountPaid":1500,"OpenBy":"error","LockerCode":"E6"},{"ID":288,"LockerID":41,"Phone":"3105727100","PIN":"2014","Active":0,"StartTime":"2025-10-04T20:51:14Z","EndTime":"2025-10-04T20:51:14Z","AmountPaid":1500,"OpenBy":"error","LockerCode":"E1"},{"ID":289,"LockerID":29,"Phone":"3105727100","PIN":"2014","Active":0,"StartTime":"2025-10-04T20:51:23Z","EndTime":"2025-10-04T20:51:23Z","AmountPaid":1500,"OpenBy":"error","LockerCode":"C9"},{"ID":290,"LockerID":1,"Phone":"3134555898","PIN":"0902","Active":0,"StartTime":"2025-10-04T21:01:44Z","EndTime":"2025-10-04T23:06:35Z","AmountPaid":1500,"OpenBy":"user","LockerCode":"A1"},{"ID":291,"LockerID":60,"Phone":"3103192771","PIN":"1234","Active":0,"StartTime":"2025-10-04T21:07:47Z","EndTime":"2025-10-04T21:08:03Z","AmountPaid":1500,"OpenBy":"user","LockerCode":"F10"},{"ID":292,"LockerID":60,"Phone":"3144756857","PIN":"0855","Active":0,"StartTime":"2025-10-04T21:33:49Z","EndTime":"2025-10-04T22:31:56Z","AmountPaid":1500,"OpenBy":"user","LockerCode":"F10"},{"ID":293,"LockerID":30,"Phone":"3105668502","PIN":"8502","Active":0,"StartTime":"2025-10-04T21:46:07Z","EndTime":"2025-10-04T23:49:08Z","AmountPaid":1500,"OpenBy":"user","LockerCode":"C10"},{"ID":294,"LockerID":50,"Phone":"3103192771","PIN":"0000","Active":0,"StartTime":"2025-10-04T21:58:57Z","EndTime":"2025-10-04T21:59:07Z","AmountPaid":1500,"OpenBy":"user","LockerCode":"E10"},{"ID":295,"LockerID":59,"Phone":"3007701575","PIN":"1196","Active":0,"StartTime":"2025-10-04T22:01:17Z","EndTime":"2025-10-04T22:16:46Z","AmountPaid":1500,"OpenBy":"user","LockerCode":"F9"},{"ID":296,"LockerID":26,"Phone":"3012732774","PIN":"1020","Active":0,"StartTime":"2025-10-04T22:18:56Z","EndTime":"2025-10-04T23:40:00Z","AmountPaid":1500,"OpenBy":"user","LockerCode":"C6"},{"ID":297,"LockerID":54,"Phone":"3125672346","PIN":"1031","Active":0,"StartTime":"2025-10-04T22:42:52Z","EndTime":"2025-10-05T00:27:51Z","AmountPaid":1500,"OpenBy":"user","LockerCode":"F4"},{"ID":298,"LockerID":28,"Phone":"3503615093","PIN":"2214","Active":0,"StartTime":"2025-10-04T23:12:55Z","EndTime":"2025-10-05T00:20:35Z","AmountPaid":1500,"OpenBy":"user","LockerCode":"C8"},{"ID":299,"LockerID":21,"Phone":"3112545199","PIN":"2560","Active":0,"StartTime":"2025-10-04T23:24:16Z","EndTime":"2025-10-05T01:11:55Z","AmountPaid":1500,"OpenBy":"user","LockerCode":"C1"},{"ID":300,"LockerID":57,"Phone":"3114359709","PIN":"1512","Active":0,"StartTime":"2025-10-05T00:37:04Z","EndTime":"2025-10-05T01:32:50Z","AmountPaid":1500,"OpenBy":"user","LockerCode":"F7"},{"ID":301,"LockerID":39,"Phone":"3058200071","PIN":"2508","Active":0,"StartTime":"2025-10-05T00:43:42Z","EndTime":"2025-10-05T03:39:17Z","AmountPaid":1500,"OpenBy":"user","LockerCode":"D9"},{"ID":302,"LockerID":28,"Phone":"3213634452","PIN":"2222","Active":0,"StartTime":"2025-10-05T01:11:34Z","EndTime":"2025-10-05T01:50:34Z","AmountPaid":1500,"OpenBy":"user","LockerCode":"C8"},{"ID":303,"LockerID":4,"Phone":"3164538113","PIN":"0408","Active":0,"StartTime":"2025-10-05T16:15:05Z","EndTime":"2025-10-05T18:48:16Z","AmountPaid":1500,"OpenBy":"user","LockerCode":"A4"},{"ID":304,"LockerID":11,"Phone":"3057582319","PIN":"1203","Active":0,"StartTime":"2025-10-05T16:46:51Z","EndTime":"2025-10-05T17:36:53Z","AmountPaid":1500,"OpenBy":"user","LockerCode":"B1"},{"ID":305,"LockerID":8,"Phone":"3007430327","PIN":"1807","Active":0,"StartTime":"2025-10-05T17:03:31Z","EndTime":"2025-10-05T19:56:50Z","AmountPaid":1500,"OpenBy":"user","LockerCode":"A8"},{"ID":306,"LockerID":56,"Phone":"3508957924","PIN":"1807","Active":0,"StartTime":"2025-10-05T17:05:06Z","EndTime":"2025-10-05T17:05:06Z","AmountPaid":1500,"OpenBy":"error","LockerCode":"F6"},{"ID":307,"LockerID":37,"Phone":"3508957924","PIN":"1807","Active":0,"StartTime":"2025-10-05T17:05:08Z","EndTime":"2025-10-05T19:57:12Z","AmountPaid":1500,"OpenBy":"user","LockerCode":"D7"},{"ID":308,"LockerID":5,"Phone":"3136932005","PIN":"1103","Active":0,"StartTime":"2025-10-05T17:15:07Z","EndTime":"2025-10-05T17:51:00Z","AmountPaid":1500,"OpenBy":"user","LockerCode":"A5"},{"ID":309,"LockerID":54,"Phone":"3508353881","PIN":"1983","Active":0,"StartTime":"2025-10-05T17:15:50Z","EndTime":"2025-10-05T18:12:48Z","AmountPaid":1500,"OpenBy":"user","LockerCode":"F4"},{"ID":310,"LockerID":16,"Phone":"3134596595","PIN":"2020","Active":0,"StartTime":"2025-10-05T17:22:22Z","EndTime":"2025-10-05T19:52:41Z","AmountPaid":1500,"OpenBy":"user","LockerCode":"B6"},{"ID":311,"LockerID":6,"Phone":"3014850544","PIN":"2412","Active":0,"StartTime":"2025-10-05T17:50:30Z","EndTime":"2025-10-05T19:43:05Z","AmountPaid":1500,"OpenBy":"user","LockerCode":"A6"},{"ID":312,"LockerID":59,"Phone":"3174300462","PIN":"9601","Active":0,"StartTime":"2025-10-05T17:52:07Z","EndTime":"2025-10-05T19:24:13Z","AmountPaid":1500,"OpenBy":"user","LockerCode":"F9"},{"ID":313,"LockerID":1,"Phone":"3148809757","PIN":"2412","Active":0,"StartTime":"2025-10-05T17:53:10Z","EndTime":"2025-10-05T19:43:15Z","AmountPaid":1500,"OpenBy":"user","LockerCode":"A1"},{"ID":314,"LockerID":29,"Phone":"3008566764","PIN":"3110","Active":0,"StartTime":"2025-10-05T17:55:01Z","EndTime":"2025-10-05T19:14:01Z","AmountPaid":1500,"OpenBy":"user","LockerCode":"C9"},{"ID":315,"LockerID":5,"Phone":"3213923586","PIN":"9601","Active":0,"StartTime":"2025-10-05T17:58:03Z","EndTime":"2025-10-05T19:24:32Z","AmountPaid":1500,"OpenBy":"user","LockerCode":"A5"},{"ID":316,"LockerID":3,"Phone":"3143000156","PIN":"9701","Active":0,"StartTime":"2025-10-05T18:35:59Z","EndTime":"2025-10-05T21:44:38Z","AmountPaid":1500,"OpenBy":"user","LockerCode":"A3"},{"ID":317,"LockerID":25,"Phone":"3152216272","PIN":"2013","Active":0,"StartTime":"2025-10-05T19:19:01Z","EndTime":"2025-10-05T22:19:06Z","AmountPaid":1500,"OpenBy":"user","LockerCode":"C5"},{"ID":318,"LockerID":5,"Phone":"3107794966","PIN":"6458","Active":0,"StartTime":"2025-10-05T19:45:28Z","EndTime":"2025-10-05T22:41:02Z","AmountPaid":1500,"OpenBy":"user","LockerCode":"A5"},{"ID":319,"LockerID":19,"Phone":"3134972160","PIN":"1425","Active":0,"StartTime":"2025-10-05T20:10:49Z","EndTime":"2025-10-05T21:07:17Z","AmountPaid":1500,"OpenBy":"user","LockerCode":"B9"},{"ID":320,"LockerID":28,"Phone":"3180613903","PIN":"1430","Active":0,"StartTime":"2025-10-05T20:27:24Z","EndTime":"2025-10-05T22:08:21Z","AmountPaid":1500,"OpenBy":"user","LockerCode":"C8"},{"ID":321,"LockerID":55,"Phone":"3132976022","PIN":"0876","Active":0,"StartTime":"2025-10-05T20:31:56Z","EndTime":"2025-10-06T00:18:48Z","AmountPaid":1500,"OpenBy":"user","LockerCode":"F5"},{"ID":322,"LockerID":32,"Phone":"3224095161","PIN":"0707","Active":0,"StartTime":"2025-10-05T20:35:48Z","EndTime":"2025-10-05T22:40:38Z","AmountPaid":1500,"OpenBy":"user","LockerCode":"D2"},{"ID":323,"LockerID":22,"Phone":"3164180757","PIN":"0205","Active":0,"StartTime":"2025-10-05T20:36:53Z","EndTime":"2025-10-05T23:39:54Z","AmountPaid":1500,"OpenBy":"user","LockerCode":"C2"},{"ID":324,"LockerID":6,"Phone":"3192365251","PIN":"6282","Active":0,"StartTime":"2025-10-05T20:40:14Z","EndTime":"2025-10-05T22:47:13Z","AmountPaid":1500,"OpenBy":"user","LockerCode":"A6"},{"ID":325,"LockerID":31,"Phone":"3008821952","PIN":"7811","Active":0,"StartTime":"2025-10-05T20:44:10Z","EndTime":"2025-10-05T23:43:28Z","AmountPaid":1500,"OpenBy":"user","LockerCode":"D1"},{"ID":326,"LockerID":17,"Phone":"3105855289","PIN":"1122","Active":0,"StartTime":"2025-10-05T20:45:32Z","EndTime":"2025-10-05T23:43:48Z","AmountPaid":1500,"OpenBy":"user","LockerCode":"B7"},{"ID":327,"LockerID":19,"Phone":"3165355493","PIN":"2580","Active":0,"StartTime":"2025-10-05T21:34:52Z","EndTime":"2025-10-05T23:09:13Z","AmountPaid":1500,"OpenBy":"user","LockerCode":"B9"},{"ID":328,"LockerID":51,"Phone":"3112667736","PIN":"2505","Active":0,"StartTime":"2025-10-05T22:07:54Z","EndTime":"2025-10-06T02:39:08Z","AmountPaid":1500,"OpenBy":"user","LockerCode":"F1"},{"ID":329,"LockerID":50,"Phone":"3508142987","PIN":"2841","Active":0,"StartTime":"2025-10-05T22:12:49Z","EndTime":"2025-10-05T23:05:32Z","AmountPaid":1500,"OpenBy":"user","LockerCode":"E10"},{"ID":330,"LockerID":43,"Phone":"3242040667","PIN":"0812","Active":0,"StartTime":"2025-10-05T22:13:36Z","EndTime":"2025-10-05T23:51:19Z","AmountPaid":1500,"OpenBy":"user","LockerCode":"E3"},{"ID":331,"LockerID":34,"Phone":"3107924225","PIN":"0000","Active":0,"StartTime":"2025-10-05T22:52:30Z","EndTime":"2025-10-06T01:27:44Z","AmountPaid":1500,"OpenBy":"user","LockerCode":"D4"},{"ID":332,"LockerID":8,"Phone":"3006505492","PIN":"0902","Active":0,"StartTime":"2025-10-05T22:55:47Z","EndTime":"2025-10-05T23:31:23Z","AmountPaid":1500,"OpenBy":"user","LockerCode":"A8"},{"ID":333,"LockerID":10,"Phone":"3248643851","PIN":"8521","Active":0,"StartTime":"2025-10-05T22:57:38Z","EndTime":"2025-10-05T23:24:01Z","AmountPaid":1500,"OpenBy":"user","LockerCode":"A10"},{"ID":334,"LockerID":60,"Phone":"3227013066","PIN":"2904","Active":0,"StartTime":"2025-10-05T23:37:38Z","EndTime":"2025-10-06T00:50:43Z","AmountPaid":1500,"OpenBy":"user","LockerCode":"F10"},{"ID":335,"LockerID":48,"Phone":"3223537741","PIN":"2904","Active":0,"StartTime":"2025-10-05T23:39:11Z","EndTime":"2025-10-06T00:50:54Z","AmountPaid":1500,"OpenBy":"user","LockerCode":"E8"},{"ID":336,"LockerID":19,"Phone":"3184920950","PIN":"1807","Active":0,"StartTime":"2025-10-06T11:24:19Z","EndTime":"2025-10-06T12:30:30Z","AmountPaid":1500,"OpenBy":"user","LockerCode":"B9"},{"ID":337,"LockerID":45,"Phone":"3148169044","PIN":"9804","Active":0,"StartTime":"2025-10-06T12:07:26Z","EndTime":"2025-10-06T13:17:23Z","AmountPaid":1500,"OpenBy":"user","LockerCode":"E5"},{"ID":338,"LockerID":3,"Phone":"3194051169","PIN":"9905","Active":0,"StartTime":"2025-10-06T13:25:07Z","EndTime":"2025-10-06T23:36:27Z","AmountPaid":1500,"OpenBy":"user","LockerCode":"A3"},{"ID":339,"LockerID":52,"Phone":"3118459069","PIN":"1608","Active":0,"StartTime":"2025-10-06T13:30:50Z","EndTime":"2025-10-06T13:58:48Z","AmountPaid":1500,"OpenBy":"user","LockerCode":"F2"},{"ID":340,"LockerID":50,"Phone":"3153618369","PIN":"1309","Active":0,"StartTime":"2025-10-06T15:07:30Z","EndTime":"2025-10-06T15:25:41Z","AmountPaid":1500,"OpenBy":"user","LockerCode":"E10"},{"ID":341,"LockerID":5,"Phone":"3003041589","PIN":"6521","Active":0,"StartTime":"2025-10-06T15:29:54Z","EndTime":"2025-10-06T17:11:11Z","AmountPaid":1500,"OpenBy":"user","LockerCode":"A5"},{"ID":342,"LockerID":59,"Phone":"3125277820","PIN":"0852","Active":0,"StartTime":"2025-10-06T15:39:56Z","EndTime":"2025-10-06T18:09:39Z","AmountPaid":1500,"OpenBy":"user","LockerCode":"F9"},{"ID":343,"LockerID":14,"Phone":"3012214526","PIN":"5689","Active":0,"StartTime":"2025-10-06T15:44:54Z","EndTime":"2025-10-06T17:00:05Z","AmountPaid":1500,"OpenBy":"user","LockerCode":"B4"},{"ID":344,"LockerID":12,"Phone":"3152189715","PIN":"1980","Active":0,"StartTime":"2025-10-06T16:42:44Z","EndTime":"2025-10-06T17:17:08Z","AmountPaid":1600,"OpenBy":"user","LockerCode":"B2"},{"ID":345,"LockerID":45,"Phone":"3234923198","PIN":"2002","Active":0,"StartTime":"2025-10-06T17:05:51Z","EndTime":"2025-10-06T19:06:02Z","AmountPaid":1500,"OpenBy":"user","LockerCode":"E5"},{"ID":346,"LockerID":28,"Phone":"3246213622","PIN":"1102","Active":0,"StartTime":"2025-10-06T18:04:00Z","EndTime":"2025-10-06T19:11:59Z","AmountPaid":1500,"OpenBy":"user","LockerCode":"C8"},{"ID":347,"LockerID":22,"Phone":"3118177312","PIN":"1379","Active":0,"StartTime":"2025-10-06T18:27:20Z","EndTime":"2025-10-06T19:53:53Z","AmountPaid":1700,"OpenBy":"user","LockerCode":"C2"},{"ID":348,"LockerID":26,"Phone":"3054583050","PIN":"2003","Active":0,"StartTime":"2025-10-06T18:52:08Z","EndTime":"2025-10-06T19:49:23Z","AmountPaid":1500,"OpenBy":"user","LockerCode":"C6"},{"ID":349,"LockerID":18,"Phone":"3118094594","PIN":"4594","Active":0,"StartTime":"2025-10-06T19:19:08Z","EndTime":"2025-10-06T20:22:20Z","AmountPaid":1500,"OpenBy":"user","LockerCode":"B8"},{"ID":350,"LockerID":2,"Phone":"3015904518","PIN":"1323","Active":0,"StartTime":"2025-10-06T19:23:22Z","EndTime":"2025-10-06T19:45:56Z","AmountPaid":1500,"OpenBy":"user","LockerCode":"A2"},{"ID":351,"LockerID":37,"Phone":"3233788239","PIN":"1818","Active":0,"StartTime":"2025-10-06T19:25:03Z","EndTime":"2025-10-06T19:44:39Z","AmountPaid":1500,"OpenBy":"user","LockerCode":"D7"},{"ID":352,"LockerID":45,"Phone":"3124667569","PIN":"6321","Active":0,"StartTime":"2025-10-06T19:53:05Z","EndTime":"2025-10-06T20:49:16Z","AmountPaid":1500,"OpenBy":"user","LockerCode":"E5"},{"ID":353,"LockerID":1,"Phone":"3103828664","PIN":"3204","Active":0,"StartTime":"2025-10-06T20:13:19Z","EndTime":"2025-10-07T00:14:37Z","AmountPaid":1500,"OpenBy":"user","LockerCode":"A1"},{"ID":354,"LockerID":43,"Phone":"3046657640","PIN":"2331","Active":0,"StartTime":"2025-10-06T20:51:09Z","EndTime":"2025-10-06T21:16:11Z","AmountPaid":1500,"OpenBy":"user","LockerCode":"E3"},{"ID":355,"LockerID":44,"Phone":"3195985796","PIN":"1214","Active":0,"StartTime":"2025-10-06T21:07:54Z","EndTime":"2025-10-06T22:01:35Z","AmountPaid":1500,"OpenBy":"user","LockerCode":"E4"},{"ID":356,"LockerID":55,"Phone":"3024179013","PIN":"4689","Active":0,"StartTime":"2025-10-06T22:42:00Z","EndTime":"2025-10-07T00:03:58Z","AmountPaid":1500,"OpenBy":"user","LockerCode":"F5"},{"ID":357,"LockerID":54,"Phone":"3212384685","PIN":"2582","Active":0,"StartTime":"2025-10-06T22:44:05Z","EndTime":"2025-10-07T01:26:07Z","AmountPaid":1500,"OpenBy":"user","LockerCode":"F4"},{"ID":358,"LockerID":26,"Phone":"3172166639","PIN":"1946","Active":0,"StartTime":"2025-10-06T23:42:28Z","EndTime":"2025-10-07T00:59:22Z","AmountPaid":1500,"OpenBy":"user","LockerCode":"C6"},{"ID":359,"LockerID":30,"Phone":"3102319349","PIN":"9208","Active":1,"StartTime":"2025-10-06T23:56:23Z","EndTime":null,"AmountPaid":1500,"OpenBy":"user","LockerCode":"C10"},{"ID":360,"LockerID":41,"Phone":"3142321998","PIN":"2003","Active":1,"StartTime":"2025-10-07T00:44:05Z","EndTime":null,"AmountPaid":1500,"OpenBy":"user","LockerCode":"E1"}]
[2025-10-06 23:08:51] [INFO] [main] [reportLockers] Reporte generado con éxito
[2025-10-06 23:08:54] [INFO] [main] [reportLockers] Iniciando petición para obtener el reporte de casilleros
[2025-10-06 23:08:54] [INFO] [main] [reportLockers] Timeout efectivo en ejecución: 30000
[2025-10-06 23:08:54] [INFO] [main] [reportLockers] Intento 1: HOST -> http://localhost:8080
[2025-10-06 23:08:54] [INFO] [main] [reportLockers] Intento 1: URL -> /api/lockers/report
[2025-10-06 23:08:54] [INFO] [main] [reportLockers] Intento 1: Request -> {"startDate":"2025-10-01 05:00:00","endDate":"2025-10-07 04:08:59","sendEmail":true}
[2025-10-06 23:08:58] [INFO] [main] [reportLockers] Response. Status: 200
[2025-10-06 23:08:58] [INFO] [main] [reportLockers] Response. Data: [{"ID":1,"LockerID":52,"Phone":"3233004015","PIN":"1996","Active":0,"StartTime":"2025-10-01T12:37:08Z","EndTime":"2025-10-01T13:21:19Z","AmountPaid":1500,"OpenBy":"user","LockerCode":"F2"},{"ID":2,"LockerID":3,"Phone":"3112578764","PIN":"8617","Active":0,"StartTime":"2025-10-01T16:01:40Z","EndTime":"2025-10-01T17:59:50Z","AmountPaid":1500,"OpenBy":"user","LockerCode":"A3"},{"ID":3,"LockerID":29,"Phone":"3502087413","PIN":"1972","Active":0,"StartTime":"2025-10-01T16:37:31Z","EndTime":"2025-10-01T18:15:58Z","AmountPaid":1500,"OpenBy":"user","LockerCode":"C9"},{"ID":4,"LockerID":24,"Phone":"3057498660","PIN":"2610","Active":0,"StartTime":"2025-10-01T19:10:06Z","EndTime":"2025-10-01T21:34:16Z","AmountPaid":1500,"OpenBy":"user","LockerCode":"C4"},{"ID":5,"LockerID":36,"Phone":"3003803986","PIN":"0852","Active":0,"StartTime":"2025-10-01T19:23:00Z","EndTime":"2025-10-01T23:46:33Z","AmountPaid":1500,"OpenBy":"user","LockerCode":"D6"},{"ID":6,"LockerID":14,"Phone":"3024179013","PIN":"4689","Active":0,"StartTime":"2025-10-01T22:15:50Z","EndTime":"2025-10-01T23:49:54Z","AmountPaid":1500,"OpenBy":"user","LockerCode":"B4"},{"ID":7,"LockerID":31,"Phone":"3160673333","PIN":"0715","Active":0,"StartTime":"2025-10-01T22:53:37Z","EndTime":"2025-10-02T01:42:54Z","AmountPaid":1500,"OpenBy":"user","LockerCode":"D1"},{"ID":8,"LockerID":52,"Phone":"3144825632","PIN":"1029","Active":0,"StartTime":"2025-10-01T22:55:20Z","EndTime":"2025-10-02T01:52:47Z","AmountPaid":1500,"OpenBy":"user","LockerCode":"F2"},{"ID":9,"LockerID":4,"Phone":"3209057786","PIN":"3117","Active":0,"StartTime":"2025-10-02T00:17:47Z","EndTime":"2025-10-02T02:34:56Z","AmountPaid":1500,"OpenBy":"user","LockerCode":"A4"},{"ID":10,"LockerID":10,"Phone":"3224191522","PIN":"1997","Active":0,"StartTime":"2025-10-02T00:18:59Z","EndTime":"2025-10-02T02:34:36Z","AmountPaid":1900,"OpenBy":"user","LockerCode":"A10"},{"ID":11,"LockerID":12,"Phone":"3127201635","PIN":"1999","Active":0,"StartTime":"2025-10-02T00:20:42Z","EndTime":"2025-10-02T02:37:26Z","AmountPaid":1500,"OpenBy":"user","LockerCode":"B2"},{"ID":12,"LockerID":58,"Phone":"3107982218","PIN":"1982","Active":0,"StartTime":"2025-10-02T01:59:37Z","EndTime":"2025-10-02T04:57:40Z","AmountPaid":1500,"OpenBy":"user","LockerCode":"F8"},{"ID":13,"LockerID":55,"Phone":"3123004862","PIN":"0721","Active":0,"StartTime":"2025-10-02T12:24:32Z","EndTime":"2025-10-02T12:38:10Z","AmountPaid":1500,"OpenBy":"user","LockerCode":"F5"},{"ID":14,"LockerID":34,"Phone":"3103505998","PIN":"4753","Active":0,"StartTime":"2025-10-02T13:22:41Z","EndTime":"2025-10-02T16:37:43Z","AmountPaid":1500,"OpenBy":"user","LockerCode":"D4"},{"ID":15,"LockerID":39,"Phone":"3205326065","PIN":"2608","Active":0,"StartTime":"2025-10-02T17:30:06Z","EndTime":"2025-10-02T21:49:20Z","AmountPaid":1500,"OpenBy":"user","LockerCode":"D9"},{"ID":16,"LockerID":44,"Phone":"3115583472","PIN":"1242","Active":0,"StartTime":"2025-10-02T18:56:05Z","EndTime":"2025-10-02T21:49:37Z","AmountPaid":1500,"OpenBy":"user","LockerCode":"E4"},{"ID":17,"LockerID":4,"Phone":"3203994118","PIN":"1508","Active":0,"StartTime":"2025-10-02T18:56:46Z","EndTime":"2025-10-02T20:41:34Z","AmountPaid":1500,"OpenBy":"local","LockerCode":"A4"},{"ID":18,"LockerID":23,"Phone":"3212964463","PIN":"1234","Active":0,"StartTime":"2025-10-02T19:38:03Z","EndTime":"2025-10-02T19:38:03Z","AmountPaid":1500,"OpenBy":"error","LockerCode":"C3"},{"ID":19,"LockerID":28,"Phone":"3212964463","PIN":"1234","Active":0,"StartTime":"2025-10-02T19:38:04Z","EndTime":"2025-10-02T19:38:04Z","AmountPaid":1500,"OpenBy":"error","LockerCode":"C8"},{"ID":20,"LockerID":24,"Phone":"3212964463","PIN":"1234","Active":0,"StartTime":"2025-10-02T19:38:06Z","EndTime":"2025-10-02T19:38:06Z","AmountPaid":1500,"OpenBy":"error","LockerCode":"C4"},{"ID":21,"LockerID":52,"Phone":"3212964463","PIN":"1234","Active":0,"StartTime":"2025-10-02T19:38:07Z","EndTime":"2025-10-02T19:38:07Z","AmountPaid":1500,"OpenBy":"error","LockerCode":"F2"},{"ID":22,"LockerID":25,"Phone":"3212964463","PIN":"1234","Active":0,"StartTime":"2025-10-02T19:38:08Z","EndTime":"2025-10-02T19:38:08Z","AmountPaid":1500,"OpenBy":"error","LockerCode":"C5"},{"ID":23,"LockerID":59,"Phone":"3212964463","PIN":"1234","Active":0,"StartTime":"2025-10-02T19:38:27Z","EndTime":"2025-10-02T19:38:27Z","AmountPaid":1500,"OpenBy":"error","LockerCode":"F9"},{"ID":24,"LockerID":46,"Phone":"3212964463","PIN":"1234","Active":0,"StartTime":"2025-10-02T19:38:28Z","EndTime":"2025-10-02T19:38:28Z","AmountPaid":1500,"OpenBy":"error","LockerCode":"E6"},{"ID":25,"LockerID":29,"Phone":"3212964463","PIN":"1234","Active":0,"StartTime":"2025-10-02T19:38:29Z","EndTime":"2025-10-02T19:38:29Z","AmountPaid":1500,"OpenBy":"error","LockerCode":"C9"},{"ID":26,"LockerID":10,"Phone":"3212964463","PIN":"1234","Active":0,"StartTime":"2025-10-02T19:38:30Z","EndTime":"2025-10-02T19:38:30Z","AmountPaid":1500,"OpenBy":"error","LockerCode":"A10"},{"ID":27,"LockerID":18,"Phone":"3212964463","PIN":"1234","Active":0,"StartTime":"2025-10-02T19:38:31Z","EndTime":"2025-10-02T19:38:31Z","AmountPaid":1500,"OpenBy":"error","LockerCode":"B8"},{"ID":28,"LockerID":6,"Phone":"3212964463","PIN":"1234","Active":0,"StartTime":"2025-10-02T19:38:40Z","EndTime":"2025-10-02T19:38:40Z","AmountPaid":1500,"OpenBy":"error","LockerCode":"A6"},{"ID":29,"LockerID":5,"Phone":"3212964463","PIN":"1234","Active":0,"StartTime":"2025-10-02T19:38:41Z","EndTime":"2025-10-02T19:38:41Z","AmountPaid":1500,"OpenBy":"error","LockerCode":"A5"},{"ID":30,"LockerID":26,"Phone":"3212964463","PIN":"1234","Active":0,"StartTime":"2025-10-02T19:38:42Z","EndTime":"2025-10-02T19:38:42Z","AmountPaid":1500,"OpenBy":"error","LockerCode":"C6"},{"ID":31,"LockerID":13,"Phone":"3212964463","PIN":"1234","Active":0,"StartTime":"2025-10-02T19:38:43Z","EndTime":"2025-10-02T19:38:43Z","AmountPaid":1500,"OpenBy":"error","LockerCode":"B3"},{"ID":32,"LockerID":50,"Phone":"3212964463","PIN":"1234","Active":0,"StartTime":"2025-10-02T19:38:44Z","EndTime":"2025-10-02T19:38:44Z","AmountPaid":1500,"OpenBy":"error","LockerCode":"E10"},{"ID":33,"LockerID":55,"Phone":"3212964463","PIN":"1234","Active":0,"StartTime":"2025-10-02T19:39:09Z","EndTime":"2025-10-02T19:39:09Z","AmountPaid":1500,"OpenBy":"error","LockerCode":"F5"},{"ID":34,"LockerID":43,"Phone":"3212964463","PIN":"1234","Active":0,"StartTime":"2025-10-02T19:39:10Z","EndTime":"2025-10-02T19:39:10Z","AmountPaid":1500,"OpenBy":"error","LockerCode":"E3"},{"ID":35,"LockerID":30,"Phone":"3212964463","PIN":"1234","Active":0,"StartTime":"2025-10-02T19:39:11Z","EndTime":"2025-10-02T19:39:11Z","AmountPaid":1500,"OpenBy":"error","LockerCode":"C10"},{"ID":36,"LockerID":40,"Phone":"3212964463","PIN":"1234","Active":0,"StartTime":"2025-10-02T19:39:12Z","EndTime":"2025-10-02T19:39:12Z","AmountPaid":1500,"OpenBy":"error","LockerCode":"D10"},{"ID":37,"LockerID":60,"Phone":"3212964463","PIN":"1234","Active":0,"StartTime":"2025-10-02T19:39:13Z","EndTime":"2025-10-02T19:39:13Z","AmountPaid":1500,"OpenBy":"error","LockerCode":"F10"},{"ID":38,"LockerID":58,"Phone":"3212964463","PIN":"1234","Active":0,"StartTime":"2025-10-02T19:39:19Z","EndTime":"2025-10-02T19:39:19Z","AmountPaid":1500,"OpenBy":"error","LockerCode":"F8"},{"ID":39,"LockerID":8,"Phone":"3212964463","PIN":"1234","Active":0,"StartTime":"2025-10-02T19:39:20Z","EndTime":"2025-10-02T19:39:20Z","AmountPaid":1500,"OpenBy":"error","LockerCode":"A8"},{"ID":40,"LockerID":36,"Phone":"3212964463","PIN":"1234","Active":0,"StartTime":"2025-10-02T19:39:21Z","EndTime":"2025-10-02T19:39:21Z","AmountPaid":1500,"OpenBy":"error","LockerCode":"D6"},{"ID":41,"LockerID":3,"Phone":"3212964463","PIN":"1234","Active":0,"StartTime":"2025-10-02T19:39:22Z","EndTime":"2025-10-02T19:39:22Z","AmountPaid":1500,"OpenBy":"error","LockerCode":"A3"},{"ID":42,"LockerID":19,"Phone":"3212964463","PIN":"1234","Active":0,"StartTime":"2025-10-02T19:39:23Z","EndTime":"2025-10-02T19:39:23Z","AmountPaid":1500,"OpenBy":"error","LockerCode":"B9"},{"ID":43,"LockerID":42,"Phone":"3212964463","PIN":"1234","Active":0,"StartTime":"2025-10-02T19:39:50Z","EndTime":"2025-10-02T19:39:50Z","AmountPaid":1500,"OpenBy":"error","LockerCode":"E2"},{"ID":44,"LockerID":27,"Phone":"3212964463","PIN":"1234","Active":0,"StartTime":"2025-10-02T19:39:51Z","EndTime":"2025-10-02T19:39:51Z","AmountPaid":1500,"OpenBy":"error","LockerCode":"C7"},{"ID":45,"LockerID":2,"Phone":"3212964463","PIN":"1234","Active":0,"StartTime":"2025-10-02T19:39:52Z","EndTime":"2025-10-02T19:39:52Z","AmountPaid":1500,"OpenBy":"error","LockerCode":"A2"},{"ID":46,"LockerID":38,"Phone":"3212964463","PIN":"1234","Active":0,"StartTime":"2025-10-02T19:39:53Z","EndTime":"2025-10-02T19:39:53Z","AmountPaid":1500,"OpenBy":"error","LockerCode":"D8"},{"ID":47,"LockerID":11,"Phone":"3212964463","PIN":"1234","Active":0,"StartTime":"2025-10-02T19:39:54Z","EndTime":"2025-10-02T19:39:54Z","AmountPaid":1500,"OpenBy":"error","LockerCode":"B1"},{"ID":48,"LockerID":57,"Phone":"3212964463","PIN":"1234","Active":0,"StartTime":"2025-10-02T19:40:17Z","EndTime":"2025-10-02T19:40:17Z","AmountPaid":1500,"OpenBy":"error","LockerCode":"F7"},{"ID":49,"LockerID":49,"Phone":"3212964463","PIN":"1234","Active":0,"StartTime":"2025-10-02T19:40:18Z","EndTime":"2025-10-02T19:40:18Z","AmountPaid":1500,"OpenBy":"error","LockerCode":"E9"},{"ID":50,"LockerID":16,"Phone":"3212964463","PIN":"1234","Active":0,"StartTime":"2025-10-02T19:40:19Z","EndTime":"2025-10-02T19:40:19Z","AmountPaid":1500,"OpenBy":"error","LockerCode":"B6"},{"ID":51,"LockerID":9,"Phone":"3212964463","PIN":"1234","Active":0,"StartTime":"2025-10-02T19:40:20Z","EndTime":"2025-10-02T19:40:20Z","AmountPaid":1500,"OpenBy":"error","LockerCode":"A9"},{"ID":52,"LockerID":34,"Phone":"3212964463","PIN":"1234","Active":0,"StartTime":"2025-10-02T19:40:21Z","EndTime":"2025-10-02T19:40:21Z","AmountPaid":1500,"OpenBy":"error","LockerCode":"D4"},{"ID":53,"LockerID":20,"Phone":"3212964463","PIN":"1234","Active":0,"StartTime":"2025-10-02T19:40:32Z","EndTime":"2025-10-02T19:40:32Z","AmountPaid":1500,"OpenBy":"error","LockerCode":"B10"},{"ID":54,"LockerID":45,"Phone":"3212964463","PIN":"1234","Active":0,"StartTime":"2025-10-02T19:40:33Z","EndTime":"2025-10-02T19:40:33Z","AmountPaid":1500,"OpenBy":"error","LockerCode":"E5"},{"ID":55,"LockerID":7,"Phone":"3212964463","PIN":"1234","Active":0,"StartTime":"2025-10-02T19:40:34Z","EndTime":"2025-10-02T19:40:34Z","AmountPaid":1500,"OpenBy":"error","LockerCode":"A7"},{"ID":56,"LockerID":32,"Phone":"3212964463","PIN":"1234","Active":0,"StartTime":"2025-10-02T19:40:35Z","EndTime":"2025-10-02T19:40:35Z","AmountPaid":1500,"OpenBy":"error","LockerCode":"D2"},{"ID":57,"LockerID":54,"Phone":"3212964463","PIN":"1234","Active":0,"StartTime":"2025-10-02T19:40:36Z","EndTime":"2025-10-02T19:40:36Z","AmountPaid":1500,"OpenBy":"error","LockerCode":"F4"},{"ID":58,"LockerID":37,"Phone":"3212964463","PIN":"1234","Active":0,"StartTime":"2025-10-02T19:40:53Z","EndTime":"2025-10-02T19:40:53Z","AmountPaid":1500,"OpenBy":"error","LockerCode":"D7"},{"ID":59,"LockerID":1,"Phone":"3212964463","PIN":"1234","Active":0,"StartTime":"2025-10-02T19:40:54Z","EndTime":"2025-10-02T19:40:54Z","AmountPaid":1500,"OpenBy":"error","LockerCode":"A1"},{"ID":60,"LockerID":12,"Phone":"3212964463","PIN":"1234","Active":0,"StartTime":"2025-10-02T19:40:55Z","EndTime":"2025-10-02T19:40:55Z","AmountPaid":1500,"OpenBy":"error","LockerCode":"B2"},{"ID":61,"LockerID":35,"Phone":"3212964463","PIN":"1234","Active":0,"StartTime":"2025-10-02T19:40:56Z","EndTime":"2025-10-02T19:40:56Z","AmountPaid":1500,"OpenBy":"error","LockerCode":"D5"},{"ID":62,"LockerID":41,"Phone":"3212964463","PIN":"1234","Active":0,"StartTime":"2025-10-02T19:40:57Z","EndTime":"2025-10-02T19:40:57Z","AmountPaid":1500,"OpenBy":"error","LockerCode":"E1"},{"ID":63,"LockerID":14,"Phone":"3212964463","PIN":"1234","Active":0,"StartTime":"2025-10-02T19:41:05Z","EndTime":"2025-10-02T19:41:05Z","AmountPaid":1500,"OpenBy":"error","LockerCode":"B4"},{"ID":64,"LockerID":53,"Phone":"3212964463","PIN":"1234","Active":0,"StartTime":"2025-10-02T19:41:06Z","EndTime":"2025-10-02T19:41:06Z","AmountPaid":1500,"OpenBy":"error","LockerCode":"F3"},{"ID":65,"LockerID":15,"Phone":"3212964463","PIN":"1234","Active":0,"StartTime":"2025-10-02T19:41:07Z","EndTime":"2025-10-02T19:41:07Z","AmountPaid":1500,"OpenBy":"error","LockerCode":"B5"},{"ID":66,"LockerID":51,"Phone":"3212964463","PIN":"1234","Active":0,"StartTime":"2025-10-02T19:41:08Z","EndTime":"2025-10-02T19:41:08Z","AmountPaid":1500,"OpenBy":"error","LockerCode":"F1"},{"ID":67,"LockerID":17,"Phone":"3212964463","PIN":"1234","Active":0,"StartTime":"2025-10-02T19:41:09Z","EndTime":"2025-10-02T19:41:09Z","AmountPaid":1500,"OpenBy":"error","LockerCode":"B7"},{"ID":68,"LockerID":31,"Phone":"3212964463","PIN":"1234","Active":0,"StartTime":"2025-10-02T19:41:34Z","EndTime":"2025-10-02T19:41:34Z","AmountPaid":1500,"OpenBy":"error","LockerCode":"D1"},{"ID":69,"LockerID":21,"Phone":"3212964463","PIN":"1234","Active":0,"StartTime":"2025-10-02T19:41:35Z","EndTime":"2025-10-02T19:41:35Z","AmountPaid":1500,"OpenBy":"error","LockerCode":"C1"},{"ID":70,"LockerID":33,"Phone":"3212964463","PIN":"1234","Active":0,"StartTime":"2025-10-02T19:41:36Z","EndTime":"2025-10-02T19:41:36Z","AmountPaid":1500,"OpenBy":"error","LockerCode":"D3"},{"ID":71,"LockerID":47,"Phone":"3212964463","PIN":"1234","Active":0,"StartTime":"2025-10-02T19:41:37Z","EndTime":"2025-10-02T19:41:37Z","AmountPaid":1500,"OpenBy":"error","LockerCode":"E7"},{"ID":72,"LockerID":56,"Phone":"3212964463","PIN":"1234","Active":0,"StartTime":"2025-10-02T19:41:38Z","EndTime":"2025-10-02T19:41:38Z","AmountPaid":1500,"OpenBy":"error","LockerCode":"F6"},{"ID":73,"LockerID":48,"Phone":"3212200322","PIN":"5221","Active":0,"StartTime":"2025-10-02T19:59:27Z","EndTime":"2025-10-02T19:59:27Z","AmountPaid":1500,"OpenBy":"error","LockerCode":"E8"},{"ID":74,"LockerID":22,"Phone":"3212200322","PIN":"5221","Active":0,"StartTime":"2025-10-02T19:59:28Z","EndTime":"2025-10-02T19:59:28Z","AmountPaid":1500,"OpenBy":"error","LockerCode":"C2"},{"ID":75,"LockerID":29,"Phone":"3024656973","PIN":"1014","Active":0,"StartTime":"2025-10-02T21:06:26Z","EndTime":"2025-10-02T22:09:30Z","AmountPaid":1500,"OpenBy":"user","LockerCode":"C9"},{"ID":76,"LockerID":43,"Phone":"3118929223","PIN":"5463","Active":0,"StartTime":"2025-10-02T22:50:35Z","EndTime":"2025-10-03T00:28:24Z","AmountPaid":1500,"OpenBy":"user","LockerCode":"E3"},{"ID":77,"LockerID":35,"Phone":"3232281069","PIN":"8349","Active":0,"StartTime":"2025-10-02T23:18:28Z","EndTime":"2025-10-03T00:06:37Z","AmountPaid":1500,"OpenBy":"user","LockerCode":"D5"},{"ID":78,"LockerID":55,"Phone":"3123776305","PIN":"2401","Active":0,"StartTime":"2025-10-02T23:22:34Z","EndTime":"2025-10-03T01:43:53Z","AmountPaid":1500,"OpenBy":"user","LockerCode":"F5"},{"ID":79,"LockerID":48,"Phone":"3212209099","PIN":"1231","Active":0,"StartTime":"2025-10-02T23:30:50Z","EndTime":"2025-10-03T01:26:31Z","AmountPaid":1500,"OpenBy":"user","LockerCode":"E8"},{"ID":80,"LockerID":50,"Phone":"3154109246","PIN":"0852","Active":0,"StartTime":"2025-10-02T23:46:09Z","EndTime":"2025-10-03T02:03:36Z","AmountPaid":1500,"OpenBy":"user","LockerCode":"E10"},{"ID":81,"LockerID":13,"Phone":"3002736032","PIN":"3002","Active":0,"StartTime":"2025-10-03T00:01:57Z","EndTime":"2025-10-03T03:57:32Z","AmountPaid":1500,"OpenBy":"user","LockerCode":"B3"},{"ID":82,"LockerID":42,"Phone":"3014017502","PIN":"2074","Active":0,"StartTime":"2025-10-03T00:03:05Z","EndTime":"2025-10-03T01:32:59Z","AmountPaid":1500,"OpenBy":"user","LockerCode":"E2"},{"ID":83,"LockerID":52,"Phone":"3104017502","PIN":"2074","Active":0,"StartTime":"2025-10-03T00:05:22Z","EndTime":"2025-10-03T01:57:32Z","AmountPaid":1500,"OpenBy":"user","LockerCode":"F2"},{"ID":84,"LockerID":56,"Phone":"3057061817","PIN":"1810","Active":0,"StartTime":"2025-10-03T12:27:22Z","EndTime":"2025-10-03T12:27:23Z","AmountPaid":1500,"OpenBy":"error","LockerCode":"F6"},{"ID":85,"LockerID":32,"Phone":"3057061817","PIN":"1810","Active":0,"StartTime":"2025-10-03T12:27:24Z","EndTime":"2025-10-03T13:28:54Z","AmountPaid":1500,"OpenBy":"user","LockerCode":"D2"},{"ID":86,"LockerID":38,"Phone":"3002769664","PIN":"7501","Active":0,"StartTime":"2025-10-03T16:08:12Z","EndTime":"2025-10-03T18:25:01Z","AmountPaid":1500,"OpenBy":"user","LockerCode":"D8"},{"ID":87,"LockerID":39,"Phone":"3054382129","PIN":"1510","Active":0,"StartTime":"2025-10-03T16:52:24Z","EndTime":"2025-10-03T18:42:29Z","AmountPaid":1500,"OpenBy":"user","LockerCode":"D9"},{"ID":88,"LockerID":11,"Phone":"3134264648","PIN":"1234","Active":0,"StartTime":"2025-10-03T18:48:36Z","EndTime":"2025-10-03T18:48:36Z","AmountPaid":1500,"OpenBy":"error","LockerCode":"B1"},{"ID":89,"LockerID":25,"Phone":"3134264648","PIN":"1234","Active":0,"StartTime":"2025-10-03T18:48:37Z","EndTime":"2025-10-03T18:48:37Z","AmountPaid":1500,"OpenBy":"error","LockerCode":"C5"},{"ID":90,"LockerID":4,"Phone":"3134264648","PIN":"1234","Active":0,"StartTime":"2025-10-03T18:48:38Z","EndTime":"2025-10-03T18:48:38Z","AmountPaid":1500,"OpenBy":"error","LockerCode":"A4"},{"ID":91,"LockerID":57,"Phone":"3134264648","PIN":"1234","Active":0,"StartTime":"2025-10-03T18:48:39Z","EndTime":"2025-10-03T18:48:40Z","AmountPaid":1500,"OpenBy":"error","LockerCode":"F7"},{"ID":92,"LockerID":49,"Phone":"3134264648","PIN":"1234","Active":0,"StartTime":"2025-10-03T18:48:41Z","EndTime":"2025-10-03T18:48:41Z","AmountPaid":1500,"OpenBy":"error","LockerCode":"E9"},{"ID":93,"LockerID":5,"Phone":"3134264648","PIN":"1234","Active":0,"StartTime":"2025-10-03T18:48:55Z","EndTime":"2025-10-03T18:48:55Z","AmountPaid":1500,"OpenBy":"error","LockerCode":"A5"},{"ID":94,"LockerID":47,"Phone":"3134264648","PIN":"1234","Active":0,"StartTime":"2025-10-03T18:48:56Z","EndTime":"2025-10-03T18:48:56Z","AmountPaid":1500,"OpenBy":"error","LockerCode":"E7"},{"ID":95,"LockerID":2,"Phone":"3134264648","PIN":"1234","Active":0,"StartTime":"2025-10-03T18:48:57Z","EndTime":"2025-10-03T18:48:57Z","AmountPaid":1500,"OpenBy":"error","LockerCode":"A2"},{"ID":96,"LockerID":6,"Phone":"3134264648","PIN":"1234","Active":0,"StartTime":"2025-10-03T18:48:58Z","EndTime":"2025-10-03T18:48:58Z","AmountPaid":1500,"OpenBy":"error","LockerCode":"A6"},{"ID":97,"LockerID":33,"Phone":"3134264648","PIN":"1234","Active":0,"StartTime":"2025-10-03T18:48:59Z","EndTime":"2025-10-03T18:48:59Z","AmountPaid":1500,"OpenBy":"error","LockerCode":"D3"},{"ID":98,"LockerID":18,"Phone":"3134264648","PIN":"1234","Active":0,"StartTime":"2025-10-03T18:49:08Z","EndTime":"2025-10-03T18:49:08Z","AmountPaid":1500,"OpenBy":"error","LockerCode":"B8"},{"ID":99,"LockerID":7,"Phone":"3134264648","PIN":"1234","Active":0,"StartTime":"2025-10-03T18:49:09Z","EndTime":"2025-10-03T18:49:09Z","AmountPaid":1500,"OpenBy":"error","LockerCode":"A7"},{"ID":100,"LockerID":43,"Phone":"3134264648","PIN":"1234","Active":0,"StartTime":"2025-10-03T18:49:10Z","EndTime":"2025-10-03T18:49:10Z","AmountPaid":1500,"OpenBy":"error","LockerCode":"E3"},{"ID":101,"LockerID":58,"Phone":"3134264648","PIN":"1234","Active":0,"StartTime":"2025-10-03T18:49:11Z","EndTime":"2025-10-03T18:49:11Z","AmountPaid":1500,"OpenBy":"error","LockerCode":"F8"},{"ID":102,"LockerID":48,"Phone":"3134264648","PIN":"1234","Active":0,"StartTime":"2025-10-03T18:49:12Z","EndTime":"2025-10-03T18:49:12Z","AmountPaid":1500,"OpenBy":"error","LockerCode":"E8"},{"ID":103,"LockerID":37,"Phone":"3134264648","PIN":"1234","Active":0,"StartTime":"2025-10-03T18:49:29Z","EndTime":"2025-10-03T18:49:30Z","AmountPaid":1500,"OpenBy":"error","LockerCode":"D7"},{"ID":104,"LockerID":24,"Phone":"3134264648","PIN":"1234","Active":0,"StartTime":"2025-10-03T18:49:31Z","EndTime":"2025-10-03T18:49:31Z","AmountPaid":1500,"OpenBy":"error","LockerCode":"C4"},{"ID":105,"LockerID":14,"Phone":"3134264648","PIN":"1234","Active":0,"StartTime":"2025-10-03T18:49:32Z","EndTime":"2025-10-03T18:49:32Z","AmountPaid":1500,"OpenBy":"error","LockerCode":"B4"},{"ID":106,"LockerID":51,"Phone":"3134264648","PIN":"1234","Active":0,"StartTime":"2025-10-03T18:49:33Z","EndTime":"2025-10-03T18:49:33Z","AmountPaid":1500,"OpenBy":"error","LockerCode":"F1"},{"ID":107,"LockerID":31,"Phone":"3134264648","PIN":"1234","Active":0,"StartTime":"2025-10-03T18:49:34Z","EndTime":"2025-10-03T18:49:34Z","AmountPaid":1500,"OpenBy":"error","LockerCode":"D1"},{"ID":108,"LockerID":21,"Phone":"3134264648","PIN":"1234","Active":0,"StartTime":"2025-10-03T18:50:07Z","EndTime":"2025-10-03T18:50:07Z","AmountPaid":1500,"OpenBy":"error","LockerCode":"C1"},{"ID":109,"LockerID":22,"Phone":"3134264648","PIN":"1234","Active":0,"StartTime":"2025-10-03T18:50:08Z","EndTime":"2025-10-03T18:50:08Z","AmountPaid":1500,"OpenBy":"error","LockerCode":"C2"},{"ID":110,"LockerID":8,"Phone":"3134264648","PIN":"1234","Active":0,"StartTime":"2025-10-03T18:50:09Z","EndTime":"2025-10-03T18:50:09Z","AmountPaid":1500,"OpenBy":"error","LockerCode":"A8"},{"ID":111,"LockerID":12,"Phone":"3134264648","PIN":"1234","Active":0,"StartTime":"2025-10-03T18:50:10Z","EndTime":"2025-10-03T18:50:10Z","AmountPaid":1500,"OpenBy":"error","LockerCode":"B2"},{"ID":112,"LockerID":13,"Phone":"3134264648","PIN":"1234","Active":0,"StartTime":"2025-10-03T18:50:11Z","EndTime":"2025-10-03T18:50:11Z","AmountPaid":1500,"OpenBy":"error","LockerCode":"B3"},{"ID":113,"LockerID":27,"Phone":"3134264648","PIN":"1234","Active":0,"StartTime":"2025-10-03T18:50:32Z","EndTime":"2025-10-03T18:50:32Z","AmountPaid":1500,"OpenBy":"error","LockerCode":"C7"},{"ID":114,"LockerID":9,"Phone":"3134264648","PIN":"1234","Active":0,"StartTime":"2025-10-03T18:50:33Z","EndTime":"2025-10-03T18:50:33Z","AmountPaid":1500,"OpenBy":"error","LockerCode":"A9"},{"ID":115,"LockerID":38,"Phone":"3134264648","PIN":"1234","Active":0,"StartTime":"2025-10-03T18:50:34Z","EndTime":"2025-10-03T18:50:34Z","AmountPaid":1500,"OpenBy":"error","LockerCode":"D8"},{"ID":116,"LockerID":34,"Phone":"3134264648","PIN":"1234","Active":0,"StartTime":"2025-10-03T18:50:35Z","EndTime":"2025-10-03T18:50:35Z","AmountPaid":1500,"OpenBy":"error","LockerCode":"D4"},{"ID":117,"LockerID":50,"Phone":"3134264648","PIN":"1234","Active":0,"StartTime":"2025-10-03T18:50:37Z","EndTime":"2025-10-03T18:50:37Z","AmountPaid":1500,"OpenBy":"error","LockerCode":"E10"},{"ID":118,"LockerID":20,"Phone":"3134264648","PIN":"1234","Active":0,"StartTime":"2025-10-03T18:51:04Z","EndTime":"2025-10-03T18:51:04Z","AmountPaid":1500,"OpenBy":"error","LockerCode":"B10"},{"ID":119,"LockerID":42,"Phone":"3134264648","PIN":"1234","Active":0,"StartTime":"2025-10-03T18:51:05Z","EndTime":"2025-10-03T18:51:05Z","AmountPaid":1500,"OpenBy":"error","LockerCode":"E2"},{"ID":120,"LockerID":40,"Phone":"3134264648","PIN":"1234","Active":0,"StartTime":"2025-10-03T18:51:06Z","EndTime":"2025-10-03T18:51:06Z","AmountPaid":1500,"OpenBy":"error","LockerCode":"D10"},{"ID":121,"LockerID":52,"Phone":"3134264648","PIN":"1234","Active":0,"StartTime":"2025-10-03T18:51:07Z","EndTime":"2025-10-03T18:51:07Z","AmountPaid":1500,"OpenBy":"error","LockerCode":"F2"},{"ID":122,"LockerID":16,"Phone":"3134264648","PIN":"1234","Active":0,"StartTime":"2025-10-03T18:51:08Z","EndTime":"2025-10-03T18:51:08Z","AmountPaid":1500,"OpenBy":"error","LockerCode":"B6"},{"ID":123,"LockerID":1,"Phone":"3134264648","PIN":"1234","Active":0,"StartTime":"2025-10-03T18:51:38Z","EndTime":"2025-10-03T18:51:38Z","AmountPaid":1500,"OpenBy":"error","LockerCode":"A1"},{"ID":124,"LockerID":36,"Phone":"3134264648","PIN":"1234","Active":0,"StartTime":"2025-10-03T18:51:39Z","EndTime":"2025-10-03T18:51:39Z","AmountPaid":1500,"OpenBy":"error","LockerCode":"D6"},{"ID":125,"LockerID":17,"Phone":"3134264648","PIN":"1234","Active":0,"StartTime":"2025-10-03T18:51:40Z","EndTime":"2025-10-03T18:51:40Z","AmountPaid":1500,"OpenBy":"error","LockerCode":"B7"},{"ID":126,"LockerID":46,"Phone":"3134264648","PIN":"1234","Active":0,"StartTime":"2025-10-03T18:51:41Z","EndTime":"2025-10-03T18:51:41Z","AmountPaid":1500,"OpenBy":"error","LockerCode":"E6"},{"ID":127,"LockerID":3,"Phone":"3134264648","PIN":"1234","Active":0,"StartTime":"2025-10-03T18:51:42Z","EndTime":"2025-10-03T18:51:42Z","AmountPaid":1500,"OpenBy":"error","LockerCode":"A3"},{"ID":128,"LockerID":10,"Phone":"3134264648","PIN":"1234","Active":0,"StartTime":"2025-10-03T18:52:15Z","EndTime":"2025-10-03T18:52:15Z","AmountPaid":1500,"OpenBy":"error","LockerCode":"A10"},{"ID":129,"LockerID":41,"Phone":"3134264648","PIN":"1234","Active":0,"StartTime":"2025-10-03T18:52:16Z","EndTime":"2025-10-03T18:52:16Z","AmountPaid":1500,"OpenBy":"error","LockerCode":"E1"},{"ID":130,"LockerID":32,"Phone":"3134264648","PIN":"1234","Active":0,"StartTime":"2025-10-03T18:52:17Z","EndTime":"2025-10-03T18:52:17Z","AmountPaid":1500,"OpenBy":"error","LockerCode":"D2"},{"ID":131,"LockerID":55,"Phone":"3134264648","PIN":"1234","Active":0,"StartTime":"2025-10-03T18:52:18Z","EndTime":"2025-10-03T18:52:18Z","AmountPaid":1500,"OpenBy":"error","LockerCode":"F5"},{"ID":132,"LockerID":35,"Phone":"3134264648","PIN":"1234","Active":0,"StartTime":"2025-10-03T18:52:19Z","EndTime":"2025-10-03T18:52:19Z","AmountPaid":1500,"OpenBy":"error","LockerCode":"D5"},{"ID":133,"LockerID":57,"Phone":"3138989876","PIN":"0857","Active":0,"StartTime":"2025-10-03T21:53:50Z","EndTime":"2025-10-04T03:31:14Z","AmountPaid":1500,"OpenBy":"user","LockerCode":"F7"},{"ID":134,"LockerID":14,"Phone":"3134526862","PIN":"1245","Active":0,"StartTime":"2025-10-03T21:58:23Z","EndTime":"2025-10-04T00:03:01Z","AmountPaid":1500,"OpenBy":"user","LockerCode":"B4"},{"ID":135,"LockerID":21,"Phone":"3207895989","PIN":"0303","Active":0,"StartTime":"2025-10-03T22:33:42Z","EndTime":"2025-10-03T23:31:37Z","AmountPaid":1500,"OpenBy":"user","LockerCode":"C1"},{"ID":136,"LockerID":39,"Phone":"3118471657","PIN":"1099","Active":0,"StartTime":"2025-10-03T23:02:04Z","EndTime":"2025-10-04T00:37:01Z","AmountPaid":1500,"OpenBy":"user","LockerCode":"D9"},{"ID":137,"LockerID":15,"Phone":"3197505984","PIN":"2512","Active":0,"StartTime":"2025-10-04T00:17:30Z","EndTime":"2025-10-04T02:38:51Z","AmountPaid":1500,"OpenBy":"user","LockerCode":"B5"},{"ID":138,"LockerID":21,"Phone":"3214378148","PIN":"2005","Active":0,"StartTime":"2025-10-04T00:40:52Z","EndTime":"2025-10-04T03:02:39Z","AmountPaid":1500,"OpenBy":"user","LockerCode":"C1"},{"ID":139,"LockerID":40,"Phone":"3208706973","PIN":"1008","Active":0,"StartTime":"2025-10-04T00:43:03Z","EndTime":"2025-10-04T03:03:06Z","AmountPaid":1500,"OpenBy":"user","LockerCode":"D10"},{"ID":140,"LockerID":26,"Phone":"3155456118","PIN":"3172","Active":0,"StartTime":"2025-10-04T12:08:46Z","EndTime":"2025-10-04T13:40:41Z","AmountPaid":1500,"OpenBy":"user","LockerCode":"C6"},{"ID":141,"LockerID":54,"Phone":"3102887154","PIN":"0106","Active":0,"StartTime":"2025-10-04T12:49:25Z","EndTime":"2025-10-04T13:45:20Z","AmountPaid":1500,"OpenBy":"user","LockerCode":"F4"},{"ID":142,"LockerID":43,"Phone":"3214489550","PIN":"1712","Active":0,"StartTime":"2025-10-04T12:55:02Z","EndTime":"2025-10-04T13:53:13Z","AmountPaid":1600,"OpenBy":"user","LockerCode":"E3"},{"ID":143,"LockerID":10,"Phone":"3106885890","PIN":"1379","Active":0,"StartTime":"2025-10-04T13:13:53Z","EndTime":"2025-10-04T16:22:50Z","AmountPaid":1500,"OpenBy":"local","LockerCode":"A10"},{"ID":144,"LockerID":13,"Phone":"3103737987","PIN":"0811","Active":0,"StartTime":"2025-10-04T13:20:46Z","EndTime":"2025-10-04T13:20:47Z","AmountPaid":1500,"OpenBy":"error","LockerCode":"B3"},{"ID":145,"LockerID":7,"Phone":"3103737987","PIN":"0811","Active":0,"StartTime":"2025-10-04T13:20:48Z","EndTime":"2025-10-04T13:20:49Z","AmountPaid":1500,"OpenBy":"error","LockerCode":"A7"},{"ID":146,"LockerID":20,"Phone":"3103737987","PIN":"0811","Active":0,"StartTime":"2025-10-04T13:20:50Z","EndTime":"2025-10-04T13:20:51Z","AmountPaid":1500,"OpenBy":"error","LockerCode":"B10"},{"ID":147,"LockerID":50,"Phone":"3103737987","PIN":"0811","Active":0,"StartTime":"2025-10-04T13:20:52Z","EndTime":"2025-10-04T13:20:53Z","AmountPaid":1500,"OpenBy":"error","LockerCode":"E10"},{"ID":148,"LockerID":12,"Phone":"3103737987","PIN":"0811","Active":0,"StartTime":"2025-10-04T13:20:54Z","EndTime":"2025-10-04T13:20:55Z","AmountPaid":1500,"OpenBy":"error","LockerCode":"B2"},{"ID":149,"LockerID":52,"Phone":"3103737987","PIN":"0811","Active":0,"StartTime":"2025-10-04T13:21:01Z","EndTime":"2025-10-04T13:21:01Z","AmountPaid":1500,"OpenBy":"error","LockerCode":"F2"},{"ID":150,"LockerID":11,"Phone":"3103737987","PIN":"0811","Active":0,"StartTime":"2025-10-04T13:21:02Z","EndTime":"2025-10-04T14:37:36Z","AmountPaid":1500,"OpenBy":"user","LockerCode":"B1"},{"ID":151,"LockerID":19,"Phone":"3027109127","PIN":"2003","Active":0,"StartTime":"2025-10-04T13:38:25Z","EndTime":"2025-10-04T15:54:32Z","AmountPaid":1500,"OpenBy":"user","LockerCode":"B9"},{"ID":152,"LockerID":59,"Phone":"3016186865","PIN":"3112","Active":0,"StartTime":"2025-10-04T13:54:17Z","EndTime":"2025-10-04T16:32:34Z","AmountPaid":2000,"OpenBy":"user","LockerCode":"F9"},{"ID":153,"LockerID":42,"Phone":"3112808315","PIN":"1606","Active":0,"StartTime":"2025-10-04T14:58:05Z","EndTime":"2025-10-04T20:58:07Z","AmountPaid":1500,"OpenBy":"user","LockerCode":"E2"},{"ID":154,"LockerID":37,"Phone":"3024675178","PIN":"1028","Active":0,"StartTime":"2025-10-04T15:19:32Z","EndTime":"2025-10-04T17:12:05Z","AmountPaid":1500,"OpenBy":"user","LockerCode":"D7"},{"ID":155,"LockerID":50,"Phone":"3158543242","PIN":"2626","Active":0,"StartTime":"2025-10-04T15:20:32Z","EndTime":"2025-10-04T18:03:04Z","AmountPaid":1500,"OpenBy":"user","LockerCode":"E10"},{"ID":156,"LockerID":36,"Phone":"3143706952","PIN":"1977","Active":0,"StartTime":"2025-10-04T15:32:49Z","EndTime":"2025-10-04T18:10:34Z","AmountPaid":1500,"OpenBy":"user","LockerCode":"D6"},{"ID":157,"LockerID":46,"Phone":"3208204998","PIN":"1234","Active":0,"StartTime":"2025-10-04T15:41:07Z","EndTime":"2025-10-04T19:20:40Z","AmountPaid":1500,"OpenBy":"user","LockerCode":"E6"},{"ID":158,"LockerID":58,"Phone":"3058060593","PIN":"3058","Active":0,"StartTime":"2025-10-04T16:50:30Z","EndTime":"2025-10-04T16:50:30Z","AmountPaid":1500,"OpenBy":"error","LockerCode":"F8"},{"ID":159,"LockerID":60,"Phone":"3058060593","PIN":"3058","Active":0,"StartTime":"2025-10-04T16:50:31Z","EndTime":"2025-10-04T16:50:31Z","AmountPaid":1500,"OpenBy":"error","LockerCode":"F10"},{"ID":160,"LockerID":14,"Phone":"3058060593","PIN":"3058","Active":0,"StartTime":"2025-10-04T16:50:32Z","EndTime":"2025-10-04T16:50:32Z","AmountPaid":1500,"OpenBy":"error","LockerCode":"B4"},{"ID":161,"LockerID":16,"Phone":"3058060593","PIN":"3058","Active":0,"StartTime":"2025-10-04T16:50:33Z","EndTime":"2025-10-04T16:50:33Z","AmountPaid":1500,"OpenBy":"error","LockerCode":"B6"},{"ID":162,"LockerID":22,"Phone":"3058060593","PIN":"3058","Active":0,"StartTime":"2025-10-04T16:50:34Z","EndTime":"2025-10-04T16:50:34Z","AmountPaid":1500,"OpenBy":"error","LockerCode":"C2"},{"ID":163,"LockerID":48,"Phone":"3058060593","PIN":"3058","Active":0,"StartTime":"2025-10-04T16:50:44Z","EndTime":"2025-10-04T16:50:44Z","AmountPaid":1500,"OpenBy":"error","LockerCode":"E8"},{"ID":164,"LockerID":29,"Phone":"3058060593","PIN":"3058","Active":0,"StartTime":"2025-10-04T16:50:45Z","EndTime":"2025-10-04T16:50:45Z","AmountPaid":1500,"OpenBy":"error","LockerCode":"C9"},{"ID":165,"LockerID":59,"Phone":"3058060593","PIN":"3058","Active":0,"StartTime":"2025-10-04T16:50:46Z","EndTime":"2025-10-04T16:50:46Z","AmountPaid":1500,"OpenBy":"error","LockerCode":"F9"},{"ID":166,"LockerID":51,"Phone":"3058060593","PIN":"3058","Active":0,"StartTime":"2025-10-04T16:50:47Z","EndTime":"2025-10-04T16:50:47Z","AmountPaid":1500,"OpenBy":"error","LockerCode":"F1"},{"ID":167,"LockerID":32,"Phone":"3058060593","PIN":"3058","Active":0,"StartTime":"2025-10-04T16:50:48Z","EndTime":"2025-10-04T16:50:48Z","AmountPaid":1500,"OpenBy":"error","LockerCode":"D2"},{"ID":168,"LockerID":38,"Phone":"3058060593","PIN":"3058","Active":0,"StartTime":"2025-10-04T16:51:28Z","EndTime":"2025-10-04T16:51:28Z","AmountPaid":1500,"OpenBy":"error","LockerCode":"D8"},{"ID":169,"LockerID":57,"Phone":"3058060593","PIN":"3058","Active":0,"StartTime":"2025-10-04T16:51:29Z","EndTime":"2025-10-04T16:51:29Z","AmountPaid":1500,"OpenBy":"error","LockerCode":"F7"},{"ID":170,"LockerID":19,"Phone":"3058060593","PIN":"3058","Active":0,"StartTime":"2025-10-04T16:51:30Z","EndTime":"2025-10-04T16:51:30Z","AmountPaid":1500,"OpenBy":"error","LockerCode":"B9"},{"ID":171,"LockerID":33,"Phone":"3058060593","PIN":"3058","Active":0,"StartTime":"2025-10-04T16:51:32Z","EndTime":"2025-10-04T16:51:32Z","AmountPaid":1500,"OpenBy":"error","LockerCode":"D3"},{"ID":172,"LockerID":39,"Phone":"3058060593","PIN":"3058","Active":0,"StartTime":"2025-10-04T16:51:33Z","EndTime":"2025-10-04T16:51:33Z","AmountPaid":1500,"OpenBy":"error","LockerCode":"D9"},{"ID":173,"LockerID":12,"Phone":"3058060593","PIN":"3058","Active":0,"StartTime":"2025-10-04T16:58:03Z","EndTime":"2025-10-04T18:21:25Z","AmountPaid":1500,"OpenBy":"user","LockerCode":"B2"},{"ID":174,"LockerID":5,"Phone":"3228975795","PIN":"1759","Active":0,"StartTime":"2025-10-04T18:26:58Z","EndTime":"2025-10-04T18:26:58Z","AmountPaid":1500,"OpenBy":"error","LockerCode":"A5"},{"ID":175,"LockerID":56,"Phone":"3228975795","PIN":"1759","Active":0,"StartTime":"2025-10-04T18:26:59Z","EndTime":"2025-10-04T18:26:59Z","AmountPaid":1500,"OpenBy":"error","LockerCode":"F6"},{"ID":176,"LockerID":4,"Phone":"3228975795","PIN":"1759","Active":0,"StartTime":"2025-10-04T18:27:00Z","EndTime":"2025-10-04T18:27:00Z","AmountPaid":1500,"OpenBy":"error","LockerCode":"A4"},{"ID":177,"LockerID":12,"Phone":"3228975795","PIN":"1759","Active":0,"StartTime":"2025-10-04T18:27:01Z","EndTime":"2025-10-04T18:27:01Z","AmountPaid":1500,"OpenBy":"error","LockerCode":"B2"},{"ID":178,"LockerID":2,"Phone":"3228975795","PIN":"1759","Active":0,"StartTime":"2025-10-04T18:27:02Z","EndTime":"2025-10-04T18:27:02Z","AmountPaid":1500,"OpenBy":"error","LockerCode":"A2"},{"ID":179,"LockerID":6,"Phone":"3227677167","PIN":"1759","Active":0,"StartTime":"2025-10-04T18:29:14Z","EndTime":"2025-10-04T18:29:14Z","AmountPaid":1500,"OpenBy":"error","LockerCode":"A6"},{"ID":180,"LockerID":13,"Phone":"3227677167","PIN":"1759","Active":0,"StartTime":"2025-10-04T18:29:15Z","EndTime":"2025-10-04T18:29:15Z","AmountPaid":1500,"OpenBy":"error","LockerCode":"B3"},{"ID":181,"LockerID":10,"Phone":"3227677167","PIN":"1759","Active":0,"StartTime":"2025-10-04T18:29:16Z","EndTime":"2025-10-04T18:29:16Z","AmountPaid":1500,"OpenBy":"error","LockerCode":"A10"},{"ID":182,"LockerID":35,"Phone":"3227677167","PIN":"1759","Active":0,"StartTime":"2025-10-04T18:29:17Z","EndTime":"2025-10-04T18:29:17Z","AmountPaid":1500,"OpenBy":"error","LockerCode":"D5"},{"ID":183,"LockerID":23,"Phone":"3227677167","PIN":"1759","Active":0,"StartTime":"2025-10-04T18:29:36Z","EndTime":"2025-10-04T18:29:36Z","AmountPaid":1500,"OpenBy":"error","LockerCode":"C3"},{"ID":184,"LockerID":17,"Phone":"3227677167","PIN":"1759","Active":0,"StartTime":"2025-10-04T18:29:37Z","EndTime":"2025-10-04T18:29:37Z","AmountPaid":1500,"OpenBy":"error","LockerCode":"B7"},{"ID":185,"LockerID":54,"Phone":"3227677167","PIN":"1759","Active":0,"StartTime":"2025-10-04T18:29:38Z","EndTime":"2025-10-04T18:29:38Z","AmountPaid":1500,"OpenBy":"error","LockerCode":"F4"},{"ID":186,"LockerID":45,"Phone":"3227677167","PIN":"1759","Active":0,"StartTime":"2025-10-04T18:29:39Z","EndTime":"2025-10-04T18:29:39Z","AmountPaid":1500,"OpenBy":"error","LockerCode":"E5"},{"ID":187,"LockerID":28,"Phone":"3227677167","PIN":"1759","Active":0,"StartTime":"2025-10-04T18:29:40Z","EndTime":"2025-10-04T18:29:40Z","AmountPaid":1500,"OpenBy":"error","LockerCode":"C8"},{"ID":188,"LockerID":8,"Phone":"3227677167","PIN":"1759","Active":0,"StartTime":"2025-10-04T18:29:47Z","EndTime":"2025-10-04T18:29:47Z","AmountPaid":1500,"OpenBy":"error","LockerCode":"A8"},{"ID":189,"LockerID":41,"Phone":"3227677167","PIN":"1759","Active":0,"StartTime":"2025-10-04T18:29:48Z","EndTime":"2025-10-04T18:29:48Z","AmountPaid":1500,"OpenBy":"error","LockerCode":"E1"},{"ID":190,"LockerID":18,"Phone":"3227677167","PIN":"1759","Active":0,"StartTime":"2025-10-04T18:29:49Z","EndTime":"2025-10-04T18:29:49Z","AmountPaid":1500,"OpenBy":"error","LockerCode":"B8"},{"ID":191,"LockerID":47,"Phone":"3227677167","PIN":"1759","Active":0,"StartTime":"2025-10-04T18:29:50Z","EndTime":"2025-10-04T18:29:50Z","AmountPaid":1500,"OpenBy":"error","LockerCode":"E7"},{"ID":192,"LockerID":37,"Phone":"3227677167","PIN":"1759","Active":0,"StartTime":"2025-10-04T18:29:51Z","EndTime":"2025-10-04T18:29:51Z","AmountPaid":1500,"OpenBy":"error","LockerCode":"D7"},{"ID":193,"LockerID":9,"Phone":"3227677167","PIN":"1759","Active":0,"StartTime":"2025-10-04T18:30:03Z","EndTime":"2025-10-04T18:30:03Z","AmountPaid":1500,"OpenBy":"error","LockerCode":"A9"},{"ID":194,"LockerID":21,"Phone":"3227677167","PIN":"1759","Active":0,"StartTime":"2025-10-04T18:30:04Z","EndTime":"2025-10-04T18:30:04Z","AmountPaid":1500,"OpenBy":"error","LockerCode":"C1"},{"ID":195,"LockerID":25,"Phone":"3227677167","PIN":"1759","Active":0,"StartTime":"2025-10-04T18:30:05Z","EndTime":"2025-10-04T18:30:05Z","AmountPaid":1500,"OpenBy":"error","LockerCode":"C5"},{"ID":196,"LockerID":15,"Phone":"3227677167","PIN":"1759","Active":0,"StartTime":"2025-10-04T18:30:06Z","EndTime":"2025-10-04T18:30:06Z","AmountPaid":1500,"OpenBy":"error","LockerCode":"B5"},{"ID":197,"LockerID":34,"Phone":"3227677167","PIN":"1759","Active":0,"StartTime":"2025-10-04T18:30:07Z","EndTime":"2025-10-04T18:30:07Z","AmountPaid":1500,"OpenBy":"error","LockerCode":"D4"},{"ID":198,"LockerID":36,"Phone":"3227677167","PIN":"1759","Active":0,"StartTime":"2025-10-04T18:30:21Z","EndTime":"2025-10-04T18:30:21Z","AmountPaid":1500,"OpenBy":"error","LockerCode":"D6"},{"ID":199,"LockerID":24,"Phone":"3227677167","PIN":"1759","Active":0,"StartTime":"2025-10-04T18:30:22Z","EndTime":"2025-10-04T18:30:22Z","AmountPaid":1500,"OpenBy":"error","LockerCode":"C4"},{"ID":200,"LockerID":30,"Phone":"3227677167","PIN":"1759","Active":0,"StartTime":"2025-10-04T18:30:23Z","EndTime":"2025-10-04T18:30:23Z","AmountPaid":1500,"OpenBy":"error","LockerCode":"C10"},{"ID":201,"LockerID":52,"Phone":"3227677167","PIN":"1759","Active":0,"StartTime":"2025-10-04T18:30:24Z","EndTime":"2025-10-04T18:30:24Z","AmountPaid":1500,"OpenBy":"error","LockerCode":"F2"},{"ID":202,"LockerID":49,"Phone":"3227677167","PIN":"1759","Active":0,"StartTime":"2025-10-04T18:30:25Z","EndTime":"2025-10-04T18:30:25Z","AmountPaid":1500,"OpenBy":"error","LockerCode":"E9"},{"ID":203,"LockerID":44,"Phone":"3227677167","PIN":"1127","Active":0,"StartTime":"2025-10-04T18:30:43Z","EndTime":"2025-10-04T18:30:43Z","AmountPaid":1500,"OpenBy":"error","LockerCode":"E4"},{"ID":204,"LockerID":53,"Phone":"3227677167","PIN":"1127","Active":0,"StartTime":"2025-10-04T18:30:44Z","EndTime":"2025-10-04T18:30:44Z","AmountPaid":1500,"OpenBy":"error","LockerCode":"F3"},{"ID":205,"LockerID":20,"Phone":"3227677167","PIN":"1127","Active":0,"StartTime":"2025-10-04T18:30:45Z","EndTime":"2025-10-04T18:30:45Z","AmountPaid":1500,"OpenBy":"error","LockerCode":"B10"},{"ID":206,"LockerID":1,"Phone":"3227677167","PIN":"1127","Active":0,"StartTime":"2025-10-04T18:30:46Z","EndTime":"2025-10-04T18:30:46Z","AmountPaid":1500,"OpenBy":"error","LockerCode":"A1"},{"ID":207,"LockerID":31,"Phone":"3227677167","PIN":"1127","Active":0,"StartTime":"2025-10-04T18:30:47Z","EndTime":"2025-10-04T18:30:47Z","AmountPaid":1500,"OpenBy":"error","LockerCode":"D1"},{"ID":208,"LockerID":1,"Phone":"3192536359","PIN":"2410","Active":0,"StartTime":"2025-10-04T19:03:55Z","EndTime":"2025-10-04T20:56:07Z","AmountPaid":1500,"OpenBy":"user","LockerCode":"A1"},{"ID":209,"LockerID":3,"Phone":"3009689949","PIN":"2133","Active":0,"StartTime":"2025-10-04T19:13:12Z","EndTime":"2025-10-04T23:18:47Z","AmountPaid":1500,"OpenBy":"user","LockerCode":"A3"},{"ID":210,"LockerID":2,"Phone":"3142683683","PIN":"2222","Active":0,"StartTime":"2025-10-04T19:40:02Z","EndTime":"2025-10-04T19:40:02Z","AmountPaid":1500,"OpenBy":"error","LockerCode":"A2"},{"ID":211,"LockerID":6,"Phone":"3142683683","PIN":"2222","Active":0,"StartTime":"2025-10-04T19:40:03Z","EndTime":"2025-10-04T19:40:03Z","AmountPaid":1500,"OpenBy":"error","LockerCode":"A6"},{"ID":212,"LockerID":7,"Phone":"3142683683","PIN":"2222","Active":0,"StartTime":"2025-10-04T19:40:04Z","EndTime":"2025-10-04T19:40:04Z","AmountPaid":1500,"OpenBy":"error","LockerCode":"A7"},{"ID":213,"LockerID":4,"Phone":"3142683683","PIN":"2222","Active":0,"StartTime":"2025-10-04T19:40:05Z","EndTime":"2025-10-04T19:40:05Z","AmountPaid":1500,"OpenBy":"error","LockerCode":"A4"},{"ID":214,"LockerID":8,"Phone":"3142683683","PIN":"2222","Active":0,"StartTime":"2025-10-04T19:40:07Z","EndTime":"2025-10-04T19:40:07Z","AmountPaid":1500,"OpenBy":"error","LockerCode":"A8"},{"ID":215,"LockerID":9,"Phone":"3142683683","PIN":"2222","Active":0,"StartTime":"2025-10-04T19:40:17Z","EndTime":"2025-10-04T19:40:17Z","AmountPaid":1500,"OpenBy":"error","LockerCode":"A9"},{"ID":216,"LockerID":10,"Phone":"3142683683","PIN":"2222","Active":0,"StartTime":"2025-10-04T19:40:18Z","EndTime":"2025-10-04T19:40:18Z","AmountPaid":1500,"OpenBy":"error","LockerCode":"A10"},{"ID":217,"LockerID":46,"Phone":"3142683683","PIN":"2222","Active":0,"StartTime":"2025-10-04T19:40:20Z","EndTime":"2025-10-04T19:40:20Z","AmountPaid":1500,"OpenBy":"error","LockerCode":"E6"},{"ID":218,"LockerID":5,"Phone":"3142683683","PIN":"2222","Active":0,"StartTime":"2025-10-04T19:40:21Z","EndTime":"2025-10-04T19:40:21Z","AmountPaid":1500,"OpenBy":"error","LockerCode":"A5"},{"ID":219,"LockerID":6,"Phone":"3124792031","PIN":"2007","Active":0,"StartTime":"2025-10-04T20:01:14Z","EndTime":"2025-10-04T20:01:14Z","AmountPaid":1500,"OpenBy":"error","LockerCode":"A6"},{"ID":220,"LockerID":9,"Phone":"3124792031","PIN":"2007","Active":0,"StartTime":"2025-10-04T20:01:15Z","EndTime":"2025-10-04T20:01:15Z","AmountPaid":1500,"OpenBy":"error","LockerCode":"A9"},{"ID":221,"LockerID":10,"Phone":"3124792031","PIN":"2007","Active":0,"StartTime":"2025-10-04T20:01:16Z","EndTime":"2025-10-04T20:01:16Z","AmountPaid":1500,"OpenBy":"error","LockerCode":"A10"},{"ID":222,"LockerID":7,"Phone":"3124792031","PIN":"2007","Active":0,"StartTime":"2025-10-04T20:01:17Z","EndTime":"2025-10-04T20:01:17Z","AmountPaid":1500,"OpenBy":"error","LockerCode":"A7"},{"ID":223,"LockerID":8,"Phone":"3124792031","PIN":"2007","Active":0,"StartTime":"2025-10-04T20:01:18Z","EndTime":"2025-10-04T20:01:18Z","AmountPaid":1500,"OpenBy":"error","LockerCode":"A8"},{"ID":224,"LockerID":9,"Phone":"3124792031","PIN":"2007","Active":0,"StartTime":"2025-10-04T20:11:22Z","EndTime":"2025-10-04T20:11:22Z","AmountPaid":1500,"OpenBy":"error","LockerCode":"A9"},{"ID":225,"LockerID":5,"Phone":"3124792031","PIN":"2007","Active":0,"StartTime":"2025-10-04T20:11:23Z","EndTime":"2025-10-04T20:11:23Z","AmountPaid":1500,"OpenBy":"error","LockerCode":"A5"},{"ID":226,"LockerID":2,"Phone":"3124792031","PIN":"2007","Active":0,"StartTime":"2025-10-04T20:11:24Z","EndTime":"2025-10-04T20:11:24Z","AmountPaid":1500,"OpenBy":"error","LockerCode":"A2"},{"ID":227,"LockerID":7,"Phone":"3124792031","PIN":"2007","Active":0,"StartTime":"2025-10-04T20:11:25Z","EndTime":"2025-10-04T20:11:25Z","AmountPaid":1500,"OpenBy":"error","LockerCode":"A7"},{"ID":228,"LockerID":6,"Phone":"3124792031","PIN":"2007","Active":0,"StartTime":"2025-10-04T20:11:26Z","EndTime":"2025-10-04T20:11:26Z","AmountPaid":1500,"OpenBy":"error","LockerCode":"A6"},{"ID":229,"LockerID":18,"Phone":"3124792031","PIN":"2007","Active":0,"StartTime":"2025-10-04T20:11:58Z","EndTime":"2025-10-04T20:11:58Z","AmountPaid":1500,"OpenBy":"error","LockerCode":"B8"},{"ID":230,"LockerID":15,"Phone":"3124792031","PIN":"2007","Active":0,"StartTime":"2025-10-04T20:12:00Z","EndTime":"2025-10-04T20:12:00Z","AmountPaid":1500,"OpenBy":"error","LockerCode":"B5"},{"ID":231,"LockerID":12,"Phone":"3124792031","PIN":"2007","Active":0,"StartTime":"2025-10-04T20:12:01Z","EndTime":"2025-10-04T20:12:01Z","AmountPaid":1500,"OpenBy":"error","LockerCode":"B2"},{"ID":232,"LockerID":20,"Phone":"3124792031","PIN":"2007","Active":0,"StartTime":"2025-10-04T20:12:02Z","EndTime":"2025-10-04T20:12:02Z","AmountPaid":1500,"OpenBy":"error","LockerCode":"B10"},{"ID":233,"LockerID":17,"Phone":"3124792031","PIN":"2007","Active":0,"StartTime":"2025-10-04T20:12:03Z","EndTime":"2025-10-04T20:12:03Z","AmountPaid":1500,"OpenBy":"error","LockerCode":"B7"},{"ID":234,"LockerID":8,"Phone":"3105727100","PIN":"2014","Active":0,"StartTime":"2025-10-04T20:47:17Z","EndTime":"2025-10-04T20:47:17Z","AmountPaid":1500,"OpenBy":"error","LockerCode":"A8"},{"ID":235,"LockerID":50,"Phone":"3105727100","PIN":"2014","Active":0,"StartTime":"2025-10-04T20:47:18Z","EndTime":"2025-10-04T20:47:18Z","AmountPaid":1500,"OpenBy":"error","LockerCode":"E10"},{"ID":236,"LockerID":49,"Phone":"3105727100","PIN":"2014","Active":0,"StartTime":"2025-10-04T20:47:19Z","EndTime":"2025-10-04T20:47:19Z","AmountPaid":1500,"OpenBy":"error","LockerCode":"E9"},{"ID":237,"LockerID":18,"Phone":"3105727100","PIN":"2014","Active":0,"StartTime":"2025-10-04T20:47:20Z","EndTime":"2025-10-04T20:47:20Z","AmountPaid":1500,"OpenBy":"error","LockerCode":"B8"},{"ID":238,"LockerID":14,"Phone":"3105727100","PIN":"2014","Active":0,"StartTime":"2025-10-04T20:47:21Z","EndTime":"2025-10-04T20:47:21Z","AmountPaid":1500,"OpenBy":"error","LockerCode":"B4"},{"ID":239,"LockerID":10,"Phone":"3105727100","PIN":"2014","Active":0,"StartTime":"2025-10-04T20:47:41Z","EndTime":"2025-10-04T20:47:41Z","AmountPaid":1500,"OpenBy":"error","LockerCode":"A10"},{"ID":240,"LockerID":32,"Phone":"3105727100","PIN":"2014","Active":0,"StartTime":"2025-10-04T20:47:42Z","EndTime":"2025-10-04T20:47:42Z","AmountPaid":1500,"OpenBy":"error","LockerCode":"D2"},{"ID":241,"LockerID":12,"Phone":"3105727100","PIN":"2014","Active":0,"StartTime":"2025-10-04T20:47:43Z","EndTime":"2025-10-04T20:47:43Z","AmountPaid":1500,"OpenBy":"error","LockerCode":"B2"},{"ID":242,"LockerID":24,"Phone":"3105727100","PIN":"2014","Active":0,"StartTime":"2025-10-04T20:47:44Z","EndTime":"2025-10-04T20:47:45Z","AmountPaid":1500,"OpenBy":"error","LockerCode":"C4"},{"ID":243,"LockerID":45,"Phone":"3105727100","PIN":"2014","Active":0,"StartTime":"2025-10-04T20:47:46Z","EndTime":"2025-10-04T20:47:46Z","AmountPaid":1500,"OpenBy":"error","LockerCode":"E5"},{"ID":244,"LockerID":37,"Phone":"3105727100","PIN":"2014","Active":0,"StartTime":"2025-10-04T20:47:58Z","EndTime":"2025-10-04T20:47:58Z","AmountPaid":1500,"OpenBy":"error","LockerCode":"D7"},{"ID":245,"LockerID":25,"Phone":"3105727100","PIN":"2014","Active":0,"StartTime":"2025-10-04T20:47:59Z","EndTime":"2025-10-04T20:47:59Z","AmountPaid":1500,"OpenBy":"error","LockerCode":"C5"},{"ID":246,"LockerID":57,"Phone":"3105727100","PIN":"2014","Active":0,"StartTime":"2025-10-04T20:48:00Z","EndTime":"2025-10-04T20:48:00Z","AmountPaid":1500,"OpenBy":"error","LockerCode":"F7"},{"ID":247,"LockerID":5,"Phone":"3105727100","PIN":"2014","Active":0,"StartTime":"2025-10-04T20:48:01Z","EndTime":"2025-10-04T20:48:01Z","AmountPaid":1500,"OpenBy":"error","LockerCode":"A5"},{"ID":248,"LockerID":33,"Phone":"3105727100","PIN":"2014","Active":0,"StartTime":"2025-10-04T20:48:02Z","EndTime":"2025-10-04T20:48:02Z","AmountPaid":1500,"OpenBy":"error","LockerCode":"D3"},{"ID":249,"LockerID":6,"Phone":"3105727100","PIN":"2014","Active":0,"StartTime":"2025-10-04T20:48:33Z","EndTime":"2025-10-04T20:48:33Z","AmountPaid":1500,"OpenBy":"error","LockerCode":"A6"},{"ID":250,"LockerID":23,"Phone":"3105727100","PIN":"2014","Active":0,"StartTime":"2025-10-04T20:48:34Z","EndTime":"2025-10-04T20:48:34Z","AmountPaid":1500,"OpenBy":"error","LockerCode":"C3"},{"ID":251,"LockerID":55,"Phone":"3105727100","PIN":"2014","Active":0,"StartTime":"2025-10-04T20:48:35Z","EndTime":"2025-10-04T20:48:35Z","AmountPaid":1500,"OpenBy":"error","LockerCode":"F5"},{"ID":252,"LockerID":56,"Phone":"3105727100","PIN":"2014","Active":0,"StartTime":"2025-10-04T20:48:36Z","EndTime":"2025-10-04T20:48:36Z","AmountPaid":1500,"OpenBy":"error","LockerCode":"F6"},{"ID":253,"LockerID":59,"Phone":"3105727100","PIN":"2014","Active":0,"StartTime":"2025-10-04T20:48:37Z","EndTime":"2025-10-04T20:48:37Z","AmountPaid":1500,"OpenBy":"error","LockerCode":"F9"},{"ID":254,"LockerID":17,"Phone":"3105727100","PIN":"2014","Active":0,"StartTime":"2025-10-04T20:48:44Z","EndTime":"2025-10-04T20:48:44Z","AmountPaid":1500,"OpenBy":"error","LockerCode":"B7"},{"ID":255,"LockerID":51,"Phone":"3105727100","PIN":"2014","Active":0,"StartTime":"2025-10-04T20:48:45Z","EndTime":"2025-10-04T20:48:45Z","AmountPaid":1500,"OpenBy":"error","LockerCode":"F1"},{"ID":256,"LockerID":27,"Phone":"3105727100","PIN":"2014","Active":0,"StartTime":"2025-10-04T20:48:46Z","EndTime":"2025-10-04T20:48:46Z","AmountPaid":1500,"OpenBy":"error","LockerCode":"C7"},{"ID":257,"LockerID":15,"Phone":"3105727100","PIN":"2014","Active":0,"StartTime":"2025-10-04T20:48:47Z","EndTime":"2025-10-04T20:48:47Z","AmountPaid":1500,"OpenBy":"error","LockerCode":"B5"},{"ID":258,"LockerID":40,"Phone":"3105727100","PIN":"2014","Active":0,"StartTime":"2025-10-04T20:48:48Z","EndTime":"2025-10-04T20:48:48Z","AmountPaid":1500,"OpenBy":"error","LockerCode":"D10"},{"ID":259,"LockerID":36,"Phone":"3105727100","PIN":"2014","Active":0,"StartTime":"2025-10-04T20:48:57Z","EndTime":"2025-10-04T20:48:57Z","AmountPaid":1500,"OpenBy":"error","LockerCode":"D6"},{"ID":260,"LockerID":43,"Phone":"3105727100","PIN":"2014","Active":0,"StartTime":"2025-10-04T20:48:58Z","EndTime":"2025-10-04T20:48:58Z","AmountPaid":1500,"OpenBy":"error","LockerCode":"E3"},{"ID":261,"LockerID":2,"Phone":"3105727100","PIN":"2014","Active":0,"StartTime":"2025-10-04T20:48:59Z","EndTime":"2025-10-04T20:48:59Z","AmountPaid":1500,"OpenBy":"error","LockerCode":"A2"},{"ID":262,"LockerID":28,"Phone":"3105727100","PIN":"2014","Active":0,"StartTime":"2025-10-04T20:49:00Z","EndTime":"2025-10-04T20:49:00Z","AmountPaid":1500,"OpenBy":"error","LockerCode":"C8"},{"ID":263,"LockerID":48,"Phone":"3105727100","PIN":"2014","Active":0,"StartTime":"2025-10-04T20:49:01Z","EndTime":"2025-10-04T20:49:01Z","AmountPaid":1500,"OpenBy":"error","LockerCode":"E8"},{"ID":264,"LockerID":58,"Phone":"3105727100","PIN":"2014","Active":0,"StartTime":"2025-10-04T20:49:11Z","EndTime":"2025-10-04T20:49:11Z","AmountPaid":1500,"OpenBy":"error","LockerCode":"F8"},{"ID":265,"LockerID":35,"Phone":"3105727100","PIN":"2014","Active":0,"StartTime":"2025-10-04T20:49:12Z","EndTime":"2025-10-04T20:49:12Z","AmountPaid":1500,"OpenBy":"error","LockerCode":"D5"},{"ID":266,"LockerID":20,"Phone":"3105727100","PIN":"2014","Active":0,"StartTime":"2025-10-04T20:49:13Z","EndTime":"2025-10-04T20:49:13Z","AmountPaid":1500,"OpenBy":"error","LockerCode":"B10"},{"ID":267,"LockerID":44,"Phone":"3105727100","PIN":"2014","Active":0,"StartTime":"2025-10-04T20:49:14Z","EndTime":"2025-10-04T20:49:14Z","AmountPaid":1500,"OpenBy":"error","LockerCode":"E4"},{"ID":268,"LockerID":13,"Phone":"3105727100","PIN":"2014","Active":0,"StartTime":"2025-10-04T20:49:15Z","EndTime":"2025-10-04T20:49:15Z","AmountPaid":1500,"OpenBy":"error","LockerCode":"B3"},{"ID":269,"LockerID":22,"Phone":"3105727100","PIN":"2014","Active":0,"StartTime":"2025-10-04T20:49:39Z","EndTime":"2025-10-04T20:49:39Z","AmountPaid":1500,"OpenBy":"error","LockerCode":"C2"},{"ID":270,"LockerID":9,"Phone":"3105727100","PIN":"2014","Active":0,"StartTime":"2025-10-04T20:49:40Z","EndTime":"2025-10-04T20:49:40Z","AmountPaid":1500,"OpenBy":"error","LockerCode":"A9"},{"ID":271,"LockerID":31,"Phone":"3105727100","PIN":"2014","Active":0,"StartTime":"2025-10-04T20:49:41Z","EndTime":"2025-10-04T20:49:41Z","AmountPaid":1500,"OpenBy":"error","LockerCode":"D1"},{"ID":272,"LockerID":60,"Phone":"3105727100","PIN":"2014","Active":0,"StartTime":"2025-10-04T20:49:42Z","EndTime":"2025-10-04T20:49:42Z","AmountPaid":1500,"OpenBy":"error","LockerCode":"F10"},{"ID":273,"LockerID":16,"Phone":"3105727100","PIN":"2014","Active":0,"StartTime":"2025-10-04T20:49:43Z","EndTime":"2025-10-04T20:49:43Z","AmountPaid":1500,"OpenBy":"error","LockerCode":"B6"},{"ID":274,"LockerID":7,"Phone":"3105727100","PIN":"2014","Active":0,"StartTime":"2025-10-04T20:49:50Z","EndTime":"2025-10-04T20:49:50Z","AmountPaid":1500,"OpenBy":"error","LockerCode":"A7"},{"ID":275,"LockerID":34,"Phone":"3105727100","PIN":"2014","Active":0,"StartTime":"2025-10-04T20:49:51Z","EndTime":"2025-10-04T20:49:51Z","AmountPaid":1500,"OpenBy":"error","LockerCode":"D4"},{"ID":276,"LockerID":53,"Phone":"3105727100","PIN":"2014","Active":0,"StartTime":"2025-10-04T20:49:52Z","EndTime":"2025-10-04T20:49:52Z","AmountPaid":1500,"OpenBy":"error","LockerCode":"F3"},{"ID":277,"LockerID":21,"Phone":"3105727100","PIN":"2014","Active":0,"StartTime":"2025-10-04T20:49:53Z","EndTime":"2025-10-04T20:49:53Z","AmountPaid":1500,"OpenBy":"error","LockerCode":"C1"},{"ID":278,"LockerID":52,"Phone":"3105727100","PIN":"2014","Active":0,"StartTime":"2025-10-04T20:49:54Z","EndTime":"2025-10-04T20:49:54Z","AmountPaid":1500,"OpenBy":"error","LockerCode":"F2"},{"ID":279,"LockerID":47,"Phone":"3105727100","PIN":"2014","Active":0,"StartTime":"2025-10-04T20:50:09Z","EndTime":"2025-10-04T20:50:09Z","AmountPaid":1500,"OpenBy":"error","LockerCode":"E7"},{"ID":280,"LockerID":30,"Phone":"3105727100","PIN":"2014","Active":0,"StartTime":"2025-10-04T20:50:11Z","EndTime":"2025-10-04T20:50:11Z","AmountPaid":1500,"OpenBy":"error","LockerCode":"C10"},{"ID":281,"LockerID":54,"Phone":"3105727100","PIN":"2014","Active":0,"StartTime":"2025-10-04T20:50:12Z","EndTime":"2025-10-04T20:50:12Z","AmountPaid":1500,"OpenBy":"error","LockerCode":"F4"},{"ID":282,"LockerID":26,"Phone":"3105727100","PIN":"2014","Active":0,"StartTime":"2025-10-04T20:50:13Z","EndTime":"2025-10-04T20:50:13Z","AmountPaid":1500,"OpenBy":"error","LockerCode":"C6"},{"ID":283,"LockerID":38,"Phone":"3105727100","PIN":"2014","Active":0,"StartTime":"2025-10-04T20:50:14Z","EndTime":"2025-10-04T20:50:14Z","AmountPaid":1500,"OpenBy":"error","LockerCode":"D8"},{"ID":284,"LockerID":11,"Phone":"3105727100","PIN":"2014","Active":0,"StartTime":"2025-10-04T20:51:10Z","EndTime":"2025-10-04T20:51:10Z","AmountPaid":1500,"OpenBy":"error","LockerCode":"B1"},{"ID":285,"LockerID":39,"Phone":"3105727100","PIN":"2014","Active":0,"StartTime":"2025-10-04T20:51:11Z","EndTime":"2025-10-04T20:51:11Z","AmountPaid":1500,"OpenBy":"error","LockerCode":"D9"},{"ID":286,"LockerID":19,"Phone":"3105727100","PIN":"2014","Active":0,"StartTime":"2025-10-04T20:51:12Z","EndTime":"2025-10-04T20:51:12Z","AmountPaid":1500,"OpenBy":"error","LockerCode":"B9"},{"ID":287,"LockerID":46,"Phone":"3105727100","PIN":"2014","Active":0,"StartTime":"2025-10-04T20:51:13Z","EndTime":"2025-10-04T20:51:13Z","AmountPaid":1500,"OpenBy":"error","LockerCode":"E6"},{"ID":288,"LockerID":41,"Phone":"3105727100","PIN":"2014","Active":0,"StartTime":"2025-10-04T20:51:14Z","EndTime":"2025-10-04T20:51:14Z","AmountPaid":1500,"OpenBy":"error","LockerCode":"E1"},{"ID":289,"LockerID":29,"Phone":"3105727100","PIN":"2014","Active":0,"StartTime":"2025-10-04T20:51:23Z","EndTime":"2025-10-04T20:51:23Z","AmountPaid":1500,"OpenBy":"error","LockerCode":"C9"},{"ID":290,"LockerID":1,"Phone":"3134555898","PIN":"0902","Active":0,"StartTime":"2025-10-04T21:01:44Z","EndTime":"2025-10-04T23:06:35Z","AmountPaid":1500,"OpenBy":"user","LockerCode":"A1"},{"ID":291,"LockerID":60,"Phone":"3103192771","PIN":"1234","Active":0,"StartTime":"2025-10-04T21:07:47Z","EndTime":"2025-10-04T21:08:03Z","AmountPaid":1500,"OpenBy":"user","LockerCode":"F10"},{"ID":292,"LockerID":60,"Phone":"3144756857","PIN":"0855","Active":0,"StartTime":"2025-10-04T21:33:49Z","EndTime":"2025-10-04T22:31:56Z","AmountPaid":1500,"OpenBy":"user","LockerCode":"F10"},{"ID":293,"LockerID":30,"Phone":"3105668502","PIN":"8502","Active":0,"StartTime":"2025-10-04T21:46:07Z","EndTime":"2025-10-04T23:49:08Z","AmountPaid":1500,"OpenBy":"user","LockerCode":"C10"},{"ID":294,"LockerID":50,"Phone":"3103192771","PIN":"0000","Active":0,"StartTime":"2025-10-04T21:58:57Z","EndTime":"2025-10-04T21:59:07Z","AmountPaid":1500,"OpenBy":"user","LockerCode":"E10"},{"ID":295,"LockerID":59,"Phone":"3007701575","PIN":"1196","Active":0,"StartTime":"2025-10-04T22:01:17Z","EndTime":"2025-10-04T22:16:46Z","AmountPaid":1500,"OpenBy":"user","LockerCode":"F9"},{"ID":296,"LockerID":26,"Phone":"3012732774","PIN":"1020","Active":0,"StartTime":"2025-10-04T22:18:56Z","EndTime":"2025-10-04T23:40:00Z","AmountPaid":1500,"OpenBy":"user","LockerCode":"C6"},{"ID":297,"LockerID":54,"Phone":"3125672346","PIN":"1031","Active":0,"StartTime":"2025-10-04T22:42:52Z","EndTime":"2025-10-05T00:27:51Z","AmountPaid":1500,"OpenBy":"user","LockerCode":"F4"},{"ID":298,"LockerID":28,"Phone":"3503615093","PIN":"2214","Active":0,"StartTime":"2025-10-04T23:12:55Z","EndTime":"2025-10-05T00:20:35Z","AmountPaid":1500,"OpenBy":"user","LockerCode":"C8"},{"ID":299,"LockerID":21,"Phone":"3112545199","PIN":"2560","Active":0,"StartTime":"2025-10-04T23:24:16Z","EndTime":"2025-10-05T01:11:55Z","AmountPaid":1500,"OpenBy":"user","LockerCode":"C1"},{"ID":300,"LockerID":57,"Phone":"3114359709","PIN":"1512","Active":0,"StartTime":"2025-10-05T00:37:04Z","EndTime":"2025-10-05T01:32:50Z","AmountPaid":1500,"OpenBy":"user","LockerCode":"F7"},{"ID":301,"LockerID":39,"Phone":"3058200071","PIN":"2508","Active":0,"StartTime":"2025-10-05T00:43:42Z","EndTime":"2025-10-05T03:39:17Z","AmountPaid":1500,"OpenBy":"user","LockerCode":"D9"},{"ID":302,"LockerID":28,"Phone":"3213634452","PIN":"2222","Active":0,"StartTime":"2025-10-05T01:11:34Z","EndTime":"2025-10-05T01:50:34Z","AmountPaid":1500,"OpenBy":"user","LockerCode":"C8"},{"ID":303,"LockerID":4,"Phone":"3164538113","PIN":"0408","Active":0,"StartTime":"2025-10-05T16:15:05Z","EndTime":"2025-10-05T18:48:16Z","AmountPaid":1500,"OpenBy":"user","LockerCode":"A4"},{"ID":304,"LockerID":11,"Phone":"3057582319","PIN":"1203","Active":0,"StartTime":"2025-10-05T16:46:51Z","EndTime":"2025-10-05T17:36:53Z","AmountPaid":1500,"OpenBy":"user","LockerCode":"B1"},{"ID":305,"LockerID":8,"Phone":"3007430327","PIN":"1807","Active":0,"StartTime":"2025-10-05T17:03:31Z","EndTime":"2025-10-05T19:56:50Z","AmountPaid":1500,"OpenBy":"user","LockerCode":"A8"},{"ID":306,"LockerID":56,"Phone":"3508957924","PIN":"1807","Active":0,"StartTime":"2025-10-05T17:05:06Z","EndTime":"2025-10-05T17:05:06Z","AmountPaid":1500,"OpenBy":"error","LockerCode":"F6"},{"ID":307,"LockerID":37,"Phone":"3508957924","PIN":"1807","Active":0,"StartTime":"2025-10-05T17:05:08Z","EndTime":"2025-10-05T19:57:12Z","AmountPaid":1500,"OpenBy":"user","LockerCode":"D7"},{"ID":308,"LockerID":5,"Phone":"3136932005","PIN":"1103","Active":0,"StartTime":"2025-10-05T17:15:07Z","EndTime":"2025-10-05T17:51:00Z","AmountPaid":1500,"OpenBy":"user","LockerCode":"A5"},{"ID":309,"LockerID":54,"Phone":"3508353881","PIN":"1983","Active":0,"StartTime":"2025-10-05T17:15:50Z","EndTime":"2025-10-05T18:12:48Z","AmountPaid":1500,"OpenBy":"user","LockerCode":"F4"},{"ID":310,"LockerID":16,"Phone":"3134596595","PIN":"2020","Active":0,"StartTime":"2025-10-05T17:22:22Z","EndTime":"2025-10-05T19:52:41Z","AmountPaid":1500,"OpenBy":"user","LockerCode":"B6"},{"ID":311,"LockerID":6,"Phone":"3014850544","PIN":"2412","Active":0,"StartTime":"2025-10-05T17:50:30Z","EndTime":"2025-10-05T19:43:05Z","AmountPaid":1500,"OpenBy":"user","LockerCode":"A6"},{"ID":312,"LockerID":59,"Phone":"3174300462","PIN":"9601","Active":0,"StartTime":"2025-10-05T17:52:07Z","EndTime":"2025-10-05T19:24:13Z","AmountPaid":1500,"OpenBy":"user","LockerCode":"F9"},{"ID":313,"LockerID":1,"Phone":"3148809757","PIN":"2412","Active":0,"StartTime":"2025-10-05T17:53:10Z","EndTime":"2025-10-05T19:43:15Z","AmountPaid":1500,"OpenBy":"user","LockerCode":"A1"},{"ID":314,"LockerID":29,"Phone":"3008566764","PIN":"3110","Active":0,"StartTime":"2025-10-05T17:55:01Z","EndTime":"2025-10-05T19:14:01Z","AmountPaid":1500,"OpenBy":"user","LockerCode":"C9"},{"ID":315,"LockerID":5,"Phone":"3213923586","PIN":"9601","Active":0,"StartTime":"2025-10-05T17:58:03Z","EndTime":"2025-10-05T19:24:32Z","AmountPaid":1500,"OpenBy":"user","LockerCode":"A5"},{"ID":316,"LockerID":3,"Phone":"3143000156","PIN":"9701","Active":0,"StartTime":"2025-10-05T18:35:59Z","EndTime":"2025-10-05T21:44:38Z","AmountPaid":1500,"OpenBy":"user","LockerCode":"A3"},{"ID":317,"LockerID":25,"Phone":"3152216272","PIN":"2013","Active":0,"StartTime":"2025-10-05T19:19:01Z","EndTime":"2025-10-05T22:19:06Z","AmountPaid":1500,"OpenBy":"user","LockerCode":"C5"},{"ID":318,"LockerID":5,"Phone":"3107794966","PIN":"6458","Active":0,"StartTime":"2025-10-05T19:45:28Z","EndTime":"2025-10-05T22:41:02Z","AmountPaid":1500,"OpenBy":"user","LockerCode":"A5"},{"ID":319,"LockerID":19,"Phone":"3134972160","PIN":"1425","Active":0,"StartTime":"2025-10-05T20:10:49Z","EndTime":"2025-10-05T21:07:17Z","AmountPaid":1500,"OpenBy":"user","LockerCode":"B9"},{"ID":320,"LockerID":28,"Phone":"3180613903","PIN":"1430","Active":0,"StartTime":"2025-10-05T20:27:24Z","EndTime":"2025-10-05T22:08:21Z","AmountPaid":1500,"OpenBy":"user","LockerCode":"C8"},{"ID":321,"LockerID":55,"Phone":"3132976022","PIN":"0876","Active":0,"StartTime":"2025-10-05T20:31:56Z","EndTime":"2025-10-06T00:18:48Z","AmountPaid":1500,"OpenBy":"user","LockerCode":"F5"},{"ID":322,"LockerID":32,"Phone":"3224095161","PIN":"0707","Active":0,"StartTime":"2025-10-05T20:35:48Z","EndTime":"2025-10-05T22:40:38Z","AmountPaid":1500,"OpenBy":"user","LockerCode":"D2"},{"ID":323,"LockerID":22,"Phone":"3164180757","PIN":"0205","Active":0,"StartTime":"2025-10-05T20:36:53Z","EndTime":"2025-10-05T23:39:54Z","AmountPaid":1500,"OpenBy":"user","LockerCode":"C2"},{"ID":324,"LockerID":6,"Phone":"3192365251","PIN":"6282","Active":0,"StartTime":"2025-10-05T20:40:14Z","EndTime":"2025-10-05T22:47:13Z","AmountPaid":1500,"OpenBy":"user","LockerCode":"A6"},{"ID":325,"LockerID":31,"Phone":"3008821952","PIN":"7811","Active":0,"StartTime":"2025-10-05T20:44:10Z","EndTime":"2025-10-05T23:43:28Z","AmountPaid":1500,"OpenBy":"user","LockerCode":"D1"},{"ID":326,"LockerID":17,"Phone":"3105855289","PIN":"1122","Active":0,"StartTime":"2025-10-05T20:45:32Z","EndTime":"2025-10-05T23:43:48Z","AmountPaid":1500,"OpenBy":"user","LockerCode":"B7"},{"ID":327,"LockerID":19,"Phone":"3165355493","PIN":"2580","Active":0,"StartTime":"2025-10-05T21:34:52Z","EndTime":"2025-10-05T23:09:13Z","AmountPaid":1500,"OpenBy":"user","LockerCode":"B9"},{"ID":328,"LockerID":51,"Phone":"3112667736","PIN":"2505","Active":0,"StartTime":"2025-10-05T22:07:54Z","EndTime":"2025-10-06T02:39:08Z","AmountPaid":1500,"OpenBy":"user","LockerCode":"F1"},{"ID":329,"LockerID":50,"Phone":"3508142987","PIN":"2841","Active":0,"StartTime":"2025-10-05T22:12:49Z","EndTime":"2025-10-05T23:05:32Z","AmountPaid":1500,"OpenBy":"user","LockerCode":"E10"},{"ID":330,"LockerID":43,"Phone":"3242040667","PIN":"0812","Active":0,"StartTime":"2025-10-05T22:13:36Z","EndTime":"2025-10-05T23:51:19Z","AmountPaid":1500,"OpenBy":"user","LockerCode":"E3"},{"ID":331,"LockerID":34,"Phone":"3107924225","PIN":"0000","Active":0,"StartTime":"2025-10-05T22:52:30Z","EndTime":"2025-10-06T01:27:44Z","AmountPaid":1500,"OpenBy":"user","LockerCode":"D4"},{"ID":332,"LockerID":8,"Phone":"3006505492","PIN":"0902","Active":0,"StartTime":"2025-10-05T22:55:47Z","EndTime":"2025-10-05T23:31:23Z","AmountPaid":1500,"OpenBy":"user","LockerCode":"A8"},{"ID":333,"LockerID":10,"Phone":"3248643851","PIN":"8521","Active":0,"StartTime":"2025-10-05T22:57:38Z","EndTime":"2025-10-05T23:24:01Z","AmountPaid":1500,"OpenBy":"user","LockerCode":"A10"},{"ID":334,"LockerID":60,"Phone":"3227013066","PIN":"2904","Active":0,"StartTime":"2025-10-05T23:37:38Z","EndTime":"2025-10-06T00:50:43Z","AmountPaid":1500,"OpenBy":"user","LockerCode":"F10"},{"ID":335,"LockerID":48,"Phone":"3223537741","PIN":"2904","Active":0,"StartTime":"2025-10-05T23:39:11Z","EndTime":"2025-10-06T00:50:54Z","AmountPaid":1500,"OpenBy":"user","LockerCode":"E8"},{"ID":336,"LockerID":19,"Phone":"3184920950","PIN":"1807","Active":0,"StartTime":"2025-10-06T11:24:19Z","EndTime":"2025-10-06T12:30:30Z","AmountPaid":1500,"OpenBy":"user","LockerCode":"B9"},{"ID":337,"LockerID":45,"Phone":"3148169044","PIN":"9804","Active":0,"StartTime":"2025-10-06T12:07:26Z","EndTime":"2025-10-06T13:17:23Z","AmountPaid":1500,"OpenBy":"user","LockerCode":"E5"},{"ID":338,"LockerID":3,"Phone":"3194051169","PIN":"9905","Active":0,"StartTime":"2025-10-06T13:25:07Z","EndTime":"2025-10-06T23:36:27Z","AmountPaid":1500,"OpenBy":"user","LockerCode":"A3"},{"ID":339,"LockerID":52,"Phone":"3118459069","PIN":"1608","Active":0,"StartTime":"2025-10-06T13:30:50Z","EndTime":"2025-10-06T13:58:48Z","AmountPaid":1500,"OpenBy":"user","LockerCode":"F2"},{"ID":340,"LockerID":50,"Phone":"3153618369","PIN":"1309","Active":0,"StartTime":"2025-10-06T15:07:30Z","EndTime":"2025-10-06T15:25:41Z","AmountPaid":1500,"OpenBy":"user","LockerCode":"E10"},{"ID":341,"LockerID":5,"Phone":"3003041589","PIN":"6521","Active":0,"StartTime":"2025-10-06T15:29:54Z","EndTime":"2025-10-06T17:11:11Z","AmountPaid":1500,"OpenBy":"user","LockerCode":"A5"},{"ID":342,"LockerID":59,"Phone":"3125277820","PIN":"0852","Active":0,"StartTime":"2025-10-06T15:39:56Z","EndTime":"2025-10-06T18:09:39Z","AmountPaid":1500,"OpenBy":"user","LockerCode":"F9"},{"ID":343,"LockerID":14,"Phone":"3012214526","PIN":"5689","Active":0,"StartTime":"2025-10-06T15:44:54Z","EndTime":"2025-10-06T17:00:05Z","AmountPaid":1500,"OpenBy":"user","LockerCode":"B4"},{"ID":344,"LockerID":12,"Phone":"3152189715","PIN":"1980","Active":0,"StartTime":"2025-10-06T16:42:44Z","EndTime":"2025-10-06T17:17:08Z","AmountPaid":1600,"OpenBy":"user","LockerCode":"B2"},{"ID":345,"LockerID":45,"Phone":"3234923198","PIN":"2002","Active":0,"StartTime":"2025-10-06T17:05:51Z","EndTime":"2025-10-06T19:06:02Z","AmountPaid":1500,"OpenBy":"user","LockerCode":"E5"},{"ID":346,"LockerID":28,"Phone":"3246213622","PIN":"1102","Active":0,"StartTime":"2025-10-06T18:04:00Z","EndTime":"2025-10-06T19:11:59Z","AmountPaid":1500,"OpenBy":"user","LockerCode":"C8"},{"ID":347,"LockerID":22,"Phone":"3118177312","PIN":"1379","Active":0,"StartTime":"2025-10-06T18:27:20Z","EndTime":"2025-10-06T19:53:53Z","AmountPaid":1700,"OpenBy":"user","LockerCode":"C2"},{"ID":348,"LockerID":26,"Phone":"3054583050","PIN":"2003","Active":0,"StartTime":"2025-10-06T18:52:08Z","EndTime":"2025-10-06T19:49:23Z","AmountPaid":1500,"OpenBy":"user","LockerCode":"C6"},{"ID":349,"LockerID":18,"Phone":"3118094594","PIN":"4594","Active":0,"StartTime":"2025-10-06T19:19:08Z","EndTime":"2025-10-06T20:22:20Z","AmountPaid":1500,"OpenBy":"user","LockerCode":"B8"},{"ID":350,"LockerID":2,"Phone":"3015904518","PIN":"1323","Active":0,"StartTime":"2025-10-06T19:23:22Z","EndTime":"2025-10-06T19:45:56Z","AmountPaid":1500,"OpenBy":"user","LockerCode":"A2"},{"ID":351,"LockerID":37,"Phone":"3233788239","PIN":"1818","Active":0,"StartTime":"2025-10-06T19:25:03Z","EndTime":"2025-10-06T19:44:39Z","AmountPaid":1500,"OpenBy":"user","LockerCode":"D7"},{"ID":352,"LockerID":45,"Phone":"3124667569","PIN":"6321","Active":0,"StartTime":"2025-10-06T19:53:05Z","EndTime":"2025-10-06T20:49:16Z","AmountPaid":1500,"OpenBy":"user","LockerCode":"E5"},{"ID":353,"LockerID":1,"Phone":"3103828664","PIN":"3204","Active":0,"StartTime":"2025-10-06T20:13:19Z","EndTime":"2025-10-07T00:14:37Z","AmountPaid":1500,"OpenBy":"user","LockerCode":"A1"},{"ID":354,"LockerID":43,"Phone":"3046657640","PIN":"2331","Active":0,"StartTime":"2025-10-06T20:51:09Z","EndTime":"2025-10-06T21:16:11Z","AmountPaid":1500,"OpenBy":"user","LockerCode":"E3"},{"ID":355,"LockerID":44,"Phone":"3195985796","PIN":"1214","Active":0,"StartTime":"2025-10-06T21:07:54Z","EndTime":"2025-10-06T22:01:35Z","AmountPaid":1500,"OpenBy":"user","LockerCode":"E4"},{"ID":356,"LockerID":55,"Phone":"3024179013","PIN":"4689","Active":0,"StartTime":"2025-10-06T22:42:00Z","EndTime":"2025-10-07T00:03:58Z","AmountPaid":1500,"OpenBy":"user","LockerCode":"F5"},{"ID":357,"LockerID":54,"Phone":"3212384685","PIN":"2582","Active":0,"StartTime":"2025-10-06T22:44:05Z","EndTime":"2025-10-07T01:26:07Z","AmountPaid":1500,"OpenBy":"user","LockerCode":"F4"},{"ID":358,"LockerID":26,"Phone":"3172166639","PIN":"1946","Active":0,"StartTime":"2025-10-06T23:42:28Z","EndTime":"2025-10-07T00:59:22Z","AmountPaid":1500,"OpenBy":"user","LockerCode":"C6"},{"ID":359,"LockerID":30,"Phone":"3102319349","PIN":"9208","Active":1,"StartTime":"2025-10-06T23:56:23Z","EndTime":null,"AmountPaid":1500,"OpenBy":"user","LockerCode":"C10"},{"ID":360,"LockerID":41,"Phone":"3142321998","PIN":"2003","Active":1,"StartTime":"2025-10-07T00:44:05Z","EndTime":null,"AmountPaid":1500,"OpenBy":"user","LockerCode":"E1"}]
[2025-10-06 23:08:58] [INFO] [main] [tableReportLockers] Reporte enviado con éxito
[2025-10-06 23:14:01] [INFO] [main] [reportLockers] Iniciando petición para obtener el reporte de casilleros
[2025-10-06 23:14:01] [INFO] [main] [reportLockers] Timeout efectivo en ejecución: 30000
[2025-10-06 23:14:01] [INFO] [main] [reportLockers] Intento 1: HOST -> http://localhost:8080
[2025-10-06 23:14:01] [INFO] [main] [reportLockers] Intento 1: URL -> /api/lockers/report
[2025-10-06 23:14:01] [INFO] [main] [reportLockers] Intento 1: Request -> {"startDate":"2025-10-01 05:00:00","endDate":"2025-10-07 04:08:59","sendEmail":true}
[2025-10-06 23:14:05] [INFO] [main] [reportLockers] Response. Status: 200
[2025-10-06 23:14:05] [INFO] [main] [reportLockers] Response. Data: [{"ID":1,"LockerID":52,"Phone":"3233004015","PIN":"1996","Active":0,"StartTime":"2025-10-01T12:37:08Z","EndTime":"2025-10-01T13:21:19Z","AmountPaid":1500,"OpenBy":"user","LockerCode":"F2"},{"ID":2,"LockerID":3,"Phone":"3112578764","PIN":"8617","Active":0,"StartTime":"2025-10-01T16:01:40Z","EndTime":"2025-10-01T17:59:50Z","AmountPaid":1500,"OpenBy":"user","LockerCode":"A3"},{"ID":3,"LockerID":29,"Phone":"3502087413","PIN":"1972","Active":0,"StartTime":"2025-10-01T16:37:31Z","EndTime":"2025-10-01T18:15:58Z","AmountPaid":1500,"OpenBy":"user","LockerCode":"C9"},{"ID":4,"LockerID":24,"Phone":"3057498660","PIN":"2610","Active":0,"StartTime":"2025-10-01T19:10:06Z","EndTime":"2025-10-01T21:34:16Z","AmountPaid":1500,"OpenBy":"user","LockerCode":"C4"},{"ID":5,"LockerID":36,"Phone":"3003803986","PIN":"0852","Active":0,"StartTime":"2025-10-01T19:23:00Z","EndTime":"2025-10-01T23:46:33Z","AmountPaid":1500,"OpenBy":"user","LockerCode":"D6"},{"ID":6,"LockerID":14,"Phone":"3024179013","PIN":"4689","Active":0,"StartTime":"2025-10-01T22:15:50Z","EndTime":"2025-10-01T23:49:54Z","AmountPaid":1500,"OpenBy":"user","LockerCode":"B4"},{"ID":7,"LockerID":31,"Phone":"3160673333","PIN":"0715","Active":0,"StartTime":"2025-10-01T22:53:37Z","EndTime":"2025-10-02T01:42:54Z","AmountPaid":1500,"OpenBy":"user","LockerCode":"D1"},{"ID":8,"LockerID":52,"Phone":"3144825632","PIN":"1029","Active":0,"StartTime":"2025-10-01T22:55:20Z","EndTime":"2025-10-02T01:52:47Z","AmountPaid":1500,"OpenBy":"user","LockerCode":"F2"},{"ID":9,"LockerID":4,"Phone":"3209057786","PIN":"3117","Active":0,"StartTime":"2025-10-02T00:17:47Z","EndTime":"2025-10-02T02:34:56Z","AmountPaid":1500,"OpenBy":"user","LockerCode":"A4"},{"ID":10,"LockerID":10,"Phone":"3224191522","PIN":"1997","Active":0,"StartTime":"2025-10-02T00:18:59Z","EndTime":"2025-10-02T02:34:36Z","AmountPaid":1900,"OpenBy":"user","LockerCode":"A10"},{"ID":11,"LockerID":12,"Phone":"3127201635","PIN":"1999","Active":0,"StartTime":"2025-10-02T00:20:42Z","EndTime":"2025-10-02T02:37:26Z","AmountPaid":1500,"OpenBy":"user","LockerCode":"B2"},{"ID":12,"LockerID":58,"Phone":"3107982218","PIN":"1982","Active":0,"StartTime":"2025-10-02T01:59:37Z","EndTime":"2025-10-02T04:57:40Z","AmountPaid":1500,"OpenBy":"user","LockerCode":"F8"},{"ID":13,"LockerID":55,"Phone":"3123004862","PIN":"0721","Active":0,"StartTime":"2025-10-02T12:24:32Z","EndTime":"2025-10-02T12:38:10Z","AmountPaid":1500,"OpenBy":"user","LockerCode":"F5"},{"ID":14,"LockerID":34,"Phone":"3103505998","PIN":"4753","Active":0,"StartTime":"2025-10-02T13:22:41Z","EndTime":"2025-10-02T16:37:43Z","AmountPaid":1500,"OpenBy":"user","LockerCode":"D4"},{"ID":15,"LockerID":39,"Phone":"3205326065","PIN":"2608","Active":0,"StartTime":"2025-10-02T17:30:06Z","EndTime":"2025-10-02T21:49:20Z","AmountPaid":1500,"OpenBy":"user","LockerCode":"D9"},{"ID":16,"LockerID":44,"Phone":"3115583472","PIN":"1242","Active":0,"StartTime":"2025-10-02T18:56:05Z","EndTime":"2025-10-02T21:49:37Z","AmountPaid":1500,"OpenBy":"user","LockerCode":"E4"},{"ID":17,"LockerID":4,"Phone":"3203994118","PIN":"1508","Active":0,"StartTime":"2025-10-02T18:56:46Z","EndTime":"2025-10-02T20:41:34Z","AmountPaid":1500,"OpenBy":"local","LockerCode":"A4"},{"ID":18,"LockerID":23,"Phone":"3212964463","PIN":"1234","Active":0,"StartTime":"2025-10-02T19:38:03Z","EndTime":"2025-10-02T19:38:03Z","AmountPaid":1500,"OpenBy":"error","LockerCode":"C3"},{"ID":19,"LockerID":28,"Phone":"3212964463","PIN":"1234","Active":0,"StartTime":"2025-10-02T19:38:04Z","EndTime":"2025-10-02T19:38:04Z","AmountPaid":1500,"OpenBy":"error","LockerCode":"C8"},{"ID":20,"LockerID":24,"Phone":"3212964463","PIN":"1234","Active":0,"StartTime":"2025-10-02T19:38:06Z","EndTime":"2025-10-02T19:38:06Z","AmountPaid":1500,"OpenBy":"error","LockerCode":"C4"},{"ID":21,"LockerID":52,"Phone":"3212964463","PIN":"1234","Active":0,"StartTime":"2025-10-02T19:38:07Z","EndTime":"2025-10-02T19:38:07Z","AmountPaid":1500,"OpenBy":"error","LockerCode":"F2"},{"ID":22,"LockerID":25,"Phone":"3212964463","PIN":"1234","Active":0,"StartTime":"2025-10-02T19:38:08Z","EndTime":"2025-10-02T19:38:08Z","AmountPaid":1500,"OpenBy":"error","LockerCode":"C5"},{"ID":23,"LockerID":59,"Phone":"3212964463","PIN":"1234","Active":0,"StartTime":"2025-10-02T19:38:27Z","EndTime":"2025-10-02T19:38:27Z","AmountPaid":1500,"OpenBy":"error","LockerCode":"F9"},{"ID":24,"LockerID":46,"Phone":"3212964463","PIN":"1234","Active":0,"StartTime":"2025-10-02T19:38:28Z","EndTime":"2025-10-02T19:38:28Z","AmountPaid":1500,"OpenBy":"error","LockerCode":"E6"},{"ID":25,"LockerID":29,"Phone":"3212964463","PIN":"1234","Active":0,"StartTime":"2025-10-02T19:38:29Z","EndTime":"2025-10-02T19:38:29Z","AmountPaid":1500,"OpenBy":"error","LockerCode":"C9"},{"ID":26,"LockerID":10,"Phone":"3212964463","PIN":"1234","Active":0,"StartTime":"2025-10-02T19:38:30Z","EndTime":"2025-10-02T19:38:30Z","AmountPaid":1500,"OpenBy":"error","LockerCode":"A10"},{"ID":27,"LockerID":18,"Phone":"3212964463","PIN":"1234","Active":0,"StartTime":"2025-10-02T19:38:31Z","EndTime":"2025-10-02T19:38:31Z","AmountPaid":1500,"OpenBy":"error","LockerCode":"B8"},{"ID":28,"LockerID":6,"Phone":"3212964463","PIN":"1234","Active":0,"StartTime":"2025-10-02T19:38:40Z","EndTime":"2025-10-02T19:38:40Z","AmountPaid":1500,"OpenBy":"error","LockerCode":"A6"},{"ID":29,"LockerID":5,"Phone":"3212964463","PIN":"1234","Active":0,"StartTime":"2025-10-02T19:38:41Z","EndTime":"2025-10-02T19:38:41Z","AmountPaid":1500,"OpenBy":"error","LockerCode":"A5"},{"ID":30,"LockerID":26,"Phone":"3212964463","PIN":"1234","Active":0,"StartTime":"2025-10-02T19:38:42Z","EndTime":"2025-10-02T19:38:42Z","AmountPaid":1500,"OpenBy":"error","LockerCode":"C6"},{"ID":31,"LockerID":13,"Phone":"3212964463","PIN":"1234","Active":0,"StartTime":"2025-10-02T19:38:43Z","EndTime":"2025-10-02T19:38:43Z","AmountPaid":1500,"OpenBy":"error","LockerCode":"B3"},{"ID":32,"LockerID":50,"Phone":"3212964463","PIN":"1234","Active":0,"StartTime":"2025-10-02T19:38:44Z","EndTime":"2025-10-02T19:38:44Z","AmountPaid":1500,"OpenBy":"error","LockerCode":"E10"},{"ID":33,"LockerID":55,"Phone":"3212964463","PIN":"1234","Active":0,"StartTime":"2025-10-02T19:39:09Z","EndTime":"2025-10-02T19:39:09Z","AmountPaid":1500,"OpenBy":"error","LockerCode":"F5"},{"ID":34,"LockerID":43,"Phone":"3212964463","PIN":"1234","Active":0,"StartTime":"2025-10-02T19:39:10Z","EndTime":"2025-10-02T19:39:10Z","AmountPaid":1500,"OpenBy":"error","LockerCode":"E3"},{"ID":35,"LockerID":30,"Phone":"3212964463","PIN":"1234","Active":0,"StartTime":"2025-10-02T19:39:11Z","EndTime":"2025-10-02T19:39:11Z","AmountPaid":1500,"OpenBy":"error","LockerCode":"C10"},{"ID":36,"LockerID":40,"Phone":"3212964463","PIN":"1234","Active":0,"StartTime":"2025-10-02T19:39:12Z","EndTime":"2025-10-02T19:39:12Z","AmountPaid":1500,"OpenBy":"error","LockerCode":"D10"},{"ID":37,"LockerID":60,"Phone":"3212964463","PIN":"1234","Active":0,"StartTime":"2025-10-02T19:39:13Z","EndTime":"2025-10-02T19:39:13Z","AmountPaid":1500,"OpenBy":"error","LockerCode":"F10"},{"ID":38,"LockerID":58,"Phone":"3212964463","PIN":"1234","Active":0,"StartTime":"2025-10-02T19:39:19Z","EndTime":"2025-10-02T19:39:19Z","AmountPaid":1500,"OpenBy":"error","LockerCode":"F8"},{"ID":39,"LockerID":8,"Phone":"3212964463","PIN":"1234","Active":0,"StartTime":"2025-10-02T19:39:20Z","EndTime":"2025-10-02T19:39:20Z","AmountPaid":1500,"OpenBy":"error","LockerCode":"A8"},{"ID":40,"LockerID":36,"Phone":"3212964463","PIN":"1234","Active":0,"StartTime":"2025-10-02T19:39:21Z","EndTime":"2025-10-02T19:39:21Z","AmountPaid":1500,"OpenBy":"error","LockerCode":"D6"},{"ID":41,"LockerID":3,"Phone":"3212964463","PIN":"1234","Active":0,"StartTime":"2025-10-02T19:39:22Z","EndTime":"2025-10-02T19:39:22Z","AmountPaid":1500,"OpenBy":"error","LockerCode":"A3"},{"ID":42,"LockerID":19,"Phone":"3212964463","PIN":"1234","Active":0,"StartTime":"2025-10-02T19:39:23Z","EndTime":"2025-10-02T19:39:23Z","AmountPaid":1500,"OpenBy":"error","LockerCode":"B9"},{"ID":43,"LockerID":42,"Phone":"3212964463","PIN":"1234","Active":0,"StartTime":"2025-10-02T19:39:50Z","EndTime":"2025-10-02T19:39:50Z","AmountPaid":1500,"OpenBy":"error","LockerCode":"E2"},{"ID":44,"LockerID":27,"Phone":"3212964463","PIN":"1234","Active":0,"StartTime":"2025-10-02T19:39:51Z","EndTime":"2025-10-02T19:39:51Z","AmountPaid":1500,"OpenBy":"error","LockerCode":"C7"},{"ID":45,"LockerID":2,"Phone":"3212964463","PIN":"1234","Active":0,"StartTime":"2025-10-02T19:39:52Z","EndTime":"2025-10-02T19:39:52Z","AmountPaid":1500,"OpenBy":"error","LockerCode":"A2"},{"ID":46,"LockerID":38,"Phone":"3212964463","PIN":"1234","Active":0,"StartTime":"2025-10-02T19:39:53Z","EndTime":"2025-10-02T19:39:53Z","AmountPaid":1500,"OpenBy":"error","LockerCode":"D8"},{"ID":47,"LockerID":11,"Phone":"3212964463","PIN":"1234","Active":0,"StartTime":"2025-10-02T19:39:54Z","EndTime":"2025-10-02T19:39:54Z","AmountPaid":1500,"OpenBy":"error","LockerCode":"B1"},{"ID":48,"LockerID":57,"Phone":"3212964463","PIN":"1234","Active":0,"StartTime":"2025-10-02T19:40:17Z","EndTime":"2025-10-02T19:40:17Z","AmountPaid":1500,"OpenBy":"error","LockerCode":"F7"},{"ID":49,"LockerID":49,"Phone":"3212964463","PIN":"1234","Active":0,"StartTime":"2025-10-02T19:40:18Z","EndTime":"2025-10-02T19:40:18Z","AmountPaid":1500,"OpenBy":"error","LockerCode":"E9"},{"ID":50,"LockerID":16,"Phone":"3212964463","PIN":"1234","Active":0,"StartTime":"2025-10-02T19:40:19Z","EndTime":"2025-10-02T19:40:19Z","AmountPaid":1500,"OpenBy":"error","LockerCode":"B6"},{"ID":51,"LockerID":9,"Phone":"3212964463","PIN":"1234","Active":0,"StartTime":"2025-10-02T19:40:20Z","EndTime":"2025-10-02T19:40:20Z","AmountPaid":1500,"OpenBy":"error","LockerCode":"A9"},{"ID":52,"LockerID":34,"Phone":"3212964463","PIN":"1234","Active":0,"StartTime":"2025-10-02T19:40:21Z","EndTime":"2025-10-02T19:40:21Z","AmountPaid":1500,"OpenBy":"error","LockerCode":"D4"},{"ID":53,"LockerID":20,"Phone":"3212964463","PIN":"1234","Active":0,"StartTime":"2025-10-02T19:40:32Z","EndTime":"2025-10-02T19:40:32Z","AmountPaid":1500,"OpenBy":"error","LockerCode":"B10"},{"ID":54,"LockerID":45,"Phone":"3212964463","PIN":"1234","Active":0,"StartTime":"2025-10-02T19:40:33Z","EndTime":"2025-10-02T19:40:33Z","AmountPaid":1500,"OpenBy":"error","LockerCode":"E5"},{"ID":55,"LockerID":7,"Phone":"3212964463","PIN":"1234","Active":0,"StartTime":"2025-10-02T19:40:34Z","EndTime":"2025-10-02T19:40:34Z","AmountPaid":1500,"OpenBy":"error","LockerCode":"A7"},{"ID":56,"LockerID":32,"Phone":"3212964463","PIN":"1234","Active":0,"StartTime":"2025-10-02T19:40:35Z","EndTime":"2025-10-02T19:40:35Z","AmountPaid":1500,"OpenBy":"error","LockerCode":"D2"},{"ID":57,"LockerID":54,"Phone":"3212964463","PIN":"1234","Active":0,"StartTime":"2025-10-02T19:40:36Z","EndTime":"2025-10-02T19:40:36Z","AmountPaid":1500,"OpenBy":"error","LockerCode":"F4"},{"ID":58,"LockerID":37,"Phone":"3212964463","PIN":"1234","Active":0,"StartTime":"2025-10-02T19:40:53Z","EndTime":"2025-10-02T19:40:53Z","AmountPaid":1500,"OpenBy":"error","LockerCode":"D7"},{"ID":59,"LockerID":1,"Phone":"3212964463","PIN":"1234","Active":0,"StartTime":"2025-10-02T19:40:54Z","EndTime":"2025-10-02T19:40:54Z","AmountPaid":1500,"OpenBy":"error","LockerCode":"A1"},{"ID":60,"LockerID":12,"Phone":"3212964463","PIN":"1234","Active":0,"StartTime":"2025-10-02T19:40:55Z","EndTime":"2025-10-02T19:40:55Z","AmountPaid":1500,"OpenBy":"error","LockerCode":"B2"},{"ID":61,"LockerID":35,"Phone":"3212964463","PIN":"1234","Active":0,"StartTime":"2025-10-02T19:40:56Z","EndTime":"2025-10-02T19:40:56Z","AmountPaid":1500,"OpenBy":"error","LockerCode":"D5"},{"ID":62,"LockerID":41,"Phone":"3212964463","PIN":"1234","Active":0,"StartTime":"2025-10-02T19:40:57Z","EndTime":"2025-10-02T19:40:57Z","AmountPaid":1500,"OpenBy":"error","LockerCode":"E1"},{"ID":63,"LockerID":14,"Phone":"3212964463","PIN":"1234","Active":0,"StartTime":"2025-10-02T19:41:05Z","EndTime":"2025-10-02T19:41:05Z","AmountPaid":1500,"OpenBy":"error","LockerCode":"B4"},{"ID":64,"LockerID":53,"Phone":"3212964463","PIN":"1234","Active":0,"StartTime":"2025-10-02T19:41:06Z","EndTime":"2025-10-02T19:41:06Z","AmountPaid":1500,"OpenBy":"error","LockerCode":"F3"},{"ID":65,"LockerID":15,"Phone":"3212964463","PIN":"1234","Active":0,"StartTime":"2025-10-02T19:41:07Z","EndTime":"2025-10-02T19:41:07Z","AmountPaid":1500,"OpenBy":"error","LockerCode":"B5"},{"ID":66,"LockerID":51,"Phone":"3212964463","PIN":"1234","Active":0,"StartTime":"2025-10-02T19:41:08Z","EndTime":"2025-10-02T19:41:08Z","AmountPaid":1500,"OpenBy":"error","LockerCode":"F1"},{"ID":67,"LockerID":17,"Phone":"3212964463","PIN":"1234","Active":0,"StartTime":"2025-10-02T19:41:09Z","EndTime":"2025-10-02T19:41:09Z","AmountPaid":1500,"OpenBy":"error","LockerCode":"B7"},{"ID":68,"LockerID":31,"Phone":"3212964463","PIN":"1234","Active":0,"StartTime":"2025-10-02T19:41:34Z","EndTime":"2025-10-02T19:41:34Z","AmountPaid":1500,"OpenBy":"error","LockerCode":"D1"},{"ID":69,"LockerID":21,"Phone":"3212964463","PIN":"1234","Active":0,"StartTime":"2025-10-02T19:41:35Z","EndTime":"2025-10-02T19:41:35Z","AmountPaid":1500,"OpenBy":"error","LockerCode":"C1"},{"ID":70,"LockerID":33,"Phone":"3212964463","PIN":"1234","Active":0,"StartTime":"2025-10-02T19:41:36Z","EndTime":"2025-10-02T19:41:36Z","AmountPaid":1500,"OpenBy":"error","LockerCode":"D3"},{"ID":71,"LockerID":47,"Phone":"3212964463","PIN":"1234","Active":0,"StartTime":"2025-10-02T19:41:37Z","EndTime":"2025-10-02T19:41:37Z","AmountPaid":1500,"OpenBy":"error","LockerCode":"E7"},{"ID":72,"LockerID":56,"Phone":"3212964463","PIN":"1234","Active":0,"StartTime":"2025-10-02T19:41:38Z","EndTime":"2025-10-02T19:41:38Z","AmountPaid":1500,"OpenBy":"error","LockerCode":"F6"},{"ID":73,"LockerID":48,"Phone":"3212200322","PIN":"5221","Active":0,"StartTime":"2025-10-02T19:59:27Z","EndTime":"2025-10-02T19:59:27Z","AmountPaid":1500,"OpenBy":"error","LockerCode":"E8"},{"ID":74,"LockerID":22,"Phone":"3212200322","PIN":"5221","Active":0,"StartTime":"2025-10-02T19:59:28Z","EndTime":"2025-10-02T19:59:28Z","AmountPaid":1500,"OpenBy":"error","LockerCode":"C2"},{"ID":75,"LockerID":29,"Phone":"3024656973","PIN":"1014","Active":0,"StartTime":"2025-10-02T21:06:26Z","EndTime":"2025-10-02T22:09:30Z","AmountPaid":1500,"OpenBy":"user","LockerCode":"C9"},{"ID":76,"LockerID":43,"Phone":"3118929223","PIN":"5463","Active":0,"StartTime":"2025-10-02T22:50:35Z","EndTime":"2025-10-03T00:28:24Z","AmountPaid":1500,"OpenBy":"user","LockerCode":"E3"},{"ID":77,"LockerID":35,"Phone":"3232281069","PIN":"8349","Active":0,"StartTime":"2025-10-02T23:18:28Z","EndTime":"2025-10-03T00:06:37Z","AmountPaid":1500,"OpenBy":"user","LockerCode":"D5"},{"ID":78,"LockerID":55,"Phone":"3123776305","PIN":"2401","Active":0,"StartTime":"2025-10-02T23:22:34Z","EndTime":"2025-10-03T01:43:53Z","AmountPaid":1500,"OpenBy":"user","LockerCode":"F5"},{"ID":79,"LockerID":48,"Phone":"3212209099","PIN":"1231","Active":0,"StartTime":"2025-10-02T23:30:50Z","EndTime":"2025-10-03T01:26:31Z","AmountPaid":1500,"OpenBy":"user","LockerCode":"E8"},{"ID":80,"LockerID":50,"Phone":"3154109246","PIN":"0852","Active":0,"StartTime":"2025-10-02T23:46:09Z","EndTime":"2025-10-03T02:03:36Z","AmountPaid":1500,"OpenBy":"user","LockerCode":"E10"},{"ID":81,"LockerID":13,"Phone":"3002736032","PIN":"3002","Active":0,"StartTime":"2025-10-03T00:01:57Z","EndTime":"2025-10-03T03:57:32Z","AmountPaid":1500,"OpenBy":"user","LockerCode":"B3"},{"ID":82,"LockerID":42,"Phone":"3014017502","PIN":"2074","Active":0,"StartTime":"2025-10-03T00:03:05Z","EndTime":"2025-10-03T01:32:59Z","AmountPaid":1500,"OpenBy":"user","LockerCode":"E2"},{"ID":83,"LockerID":52,"Phone":"3104017502","PIN":"2074","Active":0,"StartTime":"2025-10-03T00:05:22Z","EndTime":"2025-10-03T01:57:32Z","AmountPaid":1500,"OpenBy":"user","LockerCode":"F2"},{"ID":84,"LockerID":56,"Phone":"3057061817","PIN":"1810","Active":0,"StartTime":"2025-10-03T12:27:22Z","EndTime":"2025-10-03T12:27:23Z","AmountPaid":1500,"OpenBy":"error","LockerCode":"F6"},{"ID":85,"LockerID":32,"Phone":"3057061817","PIN":"1810","Active":0,"StartTime":"2025-10-03T12:27:24Z","EndTime":"2025-10-03T13:28:54Z","AmountPaid":1500,"OpenBy":"user","LockerCode":"D2"},{"ID":86,"LockerID":38,"Phone":"3002769664","PIN":"7501","Active":0,"StartTime":"2025-10-03T16:08:12Z","EndTime":"2025-10-03T18:25:01Z","AmountPaid":1500,"OpenBy":"user","LockerCode":"D8"},{"ID":87,"LockerID":39,"Phone":"3054382129","PIN":"1510","Active":0,"StartTime":"2025-10-03T16:52:24Z","EndTime":"2025-10-03T18:42:29Z","AmountPaid":1500,"OpenBy":"user","LockerCode":"D9"},{"ID":88,"LockerID":11,"Phone":"3134264648","PIN":"1234","Active":0,"StartTime":"2025-10-03T18:48:36Z","EndTime":"2025-10-03T18:48:36Z","AmountPaid":1500,"OpenBy":"error","LockerCode":"B1"},{"ID":89,"LockerID":25,"Phone":"3134264648","PIN":"1234","Active":0,"StartTime":"2025-10-03T18:48:37Z","EndTime":"2025-10-03T18:48:37Z","AmountPaid":1500,"OpenBy":"error","LockerCode":"C5"},{"ID":90,"LockerID":4,"Phone":"3134264648","PIN":"1234","Active":0,"StartTime":"2025-10-03T18:48:38Z","EndTime":"2025-10-03T18:48:38Z","AmountPaid":1500,"OpenBy":"error","LockerCode":"A4"},{"ID":91,"LockerID":57,"Phone":"3134264648","PIN":"1234","Active":0,"StartTime":"2025-10-03T18:48:39Z","EndTime":"2025-10-03T18:48:40Z","AmountPaid":1500,"OpenBy":"error","LockerCode":"F7"},{"ID":92,"LockerID":49,"Phone":"3134264648","PIN":"1234","Active":0,"StartTime":"2025-10-03T18:48:41Z","EndTime":"2025-10-03T18:48:41Z","AmountPaid":1500,"OpenBy":"error","LockerCode":"E9"},{"ID":93,"LockerID":5,"Phone":"3134264648","PIN":"1234","Active":0,"StartTime":"2025-10-03T18:48:55Z","EndTime":"2025-10-03T18:48:55Z","AmountPaid":1500,"OpenBy":"error","LockerCode":"A5"},{"ID":94,"LockerID":47,"Phone":"3134264648","PIN":"1234","Active":0,"StartTime":"2025-10-03T18:48:56Z","EndTime":"2025-10-03T18:48:56Z","AmountPaid":1500,"OpenBy":"error","LockerCode":"E7"},{"ID":95,"LockerID":2,"Phone":"3134264648","PIN":"1234","Active":0,"StartTime":"2025-10-03T18:48:57Z","EndTime":"2025-10-03T18:48:57Z","AmountPaid":1500,"OpenBy":"error","LockerCode":"A2"},{"ID":96,"LockerID":6,"Phone":"3134264648","PIN":"1234","Active":0,"StartTime":"2025-10-03T18:48:58Z","EndTime":"2025-10-03T18:48:58Z","AmountPaid":1500,"OpenBy":"error","LockerCode":"A6"},{"ID":97,"LockerID":33,"Phone":"3134264648","PIN":"1234","Active":0,"StartTime":"2025-10-03T18:48:59Z","EndTime":"2025-10-03T18:48:59Z","AmountPaid":1500,"OpenBy":"error","LockerCode":"D3"},{"ID":98,"LockerID":18,"Phone":"3134264648","PIN":"1234","Active":0,"StartTime":"2025-10-03T18:49:08Z","EndTime":"2025-10-03T18:49:08Z","AmountPaid":1500,"OpenBy":"error","LockerCode":"B8"},{"ID":99,"LockerID":7,"Phone":"3134264648","PIN":"1234","Active":0,"StartTime":"2025-10-03T18:49:09Z","EndTime":"2025-10-03T18:49:09Z","AmountPaid":1500,"OpenBy":"error","LockerCode":"A7"},{"ID":100,"LockerID":43,"Phone":"3134264648","PIN":"1234","Active":0,"StartTime":"2025-10-03T18:49:10Z","EndTime":"2025-10-03T18:49:10Z","AmountPaid":1500,"OpenBy":"error","LockerCode":"E3"},{"ID":101,"LockerID":58,"Phone":"3134264648","PIN":"1234","Active":0,"StartTime":"2025-10-03T18:49:11Z","EndTime":"2025-10-03T18:49:11Z","AmountPaid":1500,"OpenBy":"error","LockerCode":"F8"},{"ID":102,"LockerID":48,"Phone":"3134264648","PIN":"1234","Active":0,"StartTime":"2025-10-03T18:49:12Z","EndTime":"2025-10-03T18:49:12Z","AmountPaid":1500,"OpenBy":"error","LockerCode":"E8"},{"ID":103,"LockerID":37,"Phone":"3134264648","PIN":"1234","Active":0,"StartTime":"2025-10-03T18:49:29Z","EndTime":"2025-10-03T18:49:30Z","AmountPaid":1500,"OpenBy":"error","LockerCode":"D7"},{"ID":104,"LockerID":24,"Phone":"3134264648","PIN":"1234","Active":0,"StartTime":"2025-10-03T18:49:31Z","EndTime":"2025-10-03T18:49:31Z","AmountPaid":1500,"OpenBy":"error","LockerCode":"C4"},{"ID":105,"LockerID":14,"Phone":"3134264648","PIN":"1234","Active":0,"StartTime":"2025-10-03T18:49:32Z","EndTime":"2025-10-03T18:49:32Z","AmountPaid":1500,"OpenBy":"error","LockerCode":"B4"},{"ID":106,"LockerID":51,"Phone":"3134264648","PIN":"1234","Active":0,"StartTime":"2025-10-03T18:49:33Z","EndTime":"2025-10-03T18:49:33Z","AmountPaid":1500,"OpenBy":"error","LockerCode":"F1"},{"ID":107,"LockerID":31,"Phone":"3134264648","PIN":"1234","Active":0,"StartTime":"2025-10-03T18:49:34Z","EndTime":"2025-10-03T18:49:34Z","AmountPaid":1500,"OpenBy":"error","LockerCode":"D1"},{"ID":108,"LockerID":21,"Phone":"3134264648","PIN":"1234","Active":0,"StartTime":"2025-10-03T18:50:07Z","EndTime":"2025-10-03T18:50:07Z","AmountPaid":1500,"OpenBy":"error","LockerCode":"C1"},{"ID":109,"LockerID":22,"Phone":"3134264648","PIN":"1234","Active":0,"StartTime":"2025-10-03T18:50:08Z","EndTime":"2025-10-03T18:50:08Z","AmountPaid":1500,"OpenBy":"error","LockerCode":"C2"},{"ID":110,"LockerID":8,"Phone":"3134264648","PIN":"1234","Active":0,"StartTime":"2025-10-03T18:50:09Z","EndTime":"2025-10-03T18:50:09Z","AmountPaid":1500,"OpenBy":"error","LockerCode":"A8"},{"ID":111,"LockerID":12,"Phone":"3134264648","PIN":"1234","Active":0,"StartTime":"2025-10-03T18:50:10Z","EndTime":"2025-10-03T18:50:10Z","AmountPaid":1500,"OpenBy":"error","LockerCode":"B2"},{"ID":112,"LockerID":13,"Phone":"3134264648","PIN":"1234","Active":0,"StartTime":"2025-10-03T18:50:11Z","EndTime":"2025-10-03T18:50:11Z","AmountPaid":1500,"OpenBy":"error","LockerCode":"B3"},{"ID":113,"LockerID":27,"Phone":"3134264648","PIN":"1234","Active":0,"StartTime":"2025-10-03T18:50:32Z","EndTime":"2025-10-03T18:50:32Z","AmountPaid":1500,"OpenBy":"error","LockerCode":"C7"},{"ID":114,"LockerID":9,"Phone":"3134264648","PIN":"1234","Active":0,"StartTime":"2025-10-03T18:50:33Z","EndTime":"2025-10-03T18:50:33Z","AmountPaid":1500,"OpenBy":"error","LockerCode":"A9"},{"ID":115,"LockerID":38,"Phone":"3134264648","PIN":"1234","Active":0,"StartTime":"2025-10-03T18:50:34Z","EndTime":"2025-10-03T18:50:34Z","AmountPaid":1500,"OpenBy":"error","LockerCode":"D8"},{"ID":116,"LockerID":34,"Phone":"3134264648","PIN":"1234","Active":0,"StartTime":"2025-10-03T18:50:35Z","EndTime":"2025-10-03T18:50:35Z","AmountPaid":1500,"OpenBy":"error","LockerCode":"D4"},{"ID":117,"LockerID":50,"Phone":"3134264648","PIN":"1234","Active":0,"StartTime":"2025-10-03T18:50:37Z","EndTime":"2025-10-03T18:50:37Z","AmountPaid":1500,"OpenBy":"error","LockerCode":"E10"},{"ID":118,"LockerID":20,"Phone":"3134264648","PIN":"1234","Active":0,"StartTime":"2025-10-03T18:51:04Z","EndTime":"2025-10-03T18:51:04Z","AmountPaid":1500,"OpenBy":"error","LockerCode":"B10"},{"ID":119,"LockerID":42,"Phone":"3134264648","PIN":"1234","Active":0,"StartTime":"2025-10-03T18:51:05Z","EndTime":"2025-10-03T18:51:05Z","AmountPaid":1500,"OpenBy":"error","LockerCode":"E2"},{"ID":120,"LockerID":40,"Phone":"3134264648","PIN":"1234","Active":0,"StartTime":"2025-10-03T18:51:06Z","EndTime":"2025-10-03T18:51:06Z","AmountPaid":1500,"OpenBy":"error","LockerCode":"D10"},{"ID":121,"LockerID":52,"Phone":"3134264648","PIN":"1234","Active":0,"StartTime":"2025-10-03T18:51:07Z","EndTime":"2025-10-03T18:51:07Z","AmountPaid":1500,"OpenBy":"error","LockerCode":"F2"},{"ID":122,"LockerID":16,"Phone":"3134264648","PIN":"1234","Active":0,"StartTime":"2025-10-03T18:51:08Z","EndTime":"2025-10-03T18:51:08Z","AmountPaid":1500,"OpenBy":"error","LockerCode":"B6"},{"ID":123,"LockerID":1,"Phone":"3134264648","PIN":"1234","Active":0,"StartTime":"2025-10-03T18:51:38Z","EndTime":"2025-10-03T18:51:38Z","AmountPaid":1500,"OpenBy":"error","LockerCode":"A1"},{"ID":124,"LockerID":36,"Phone":"3134264648","PIN":"1234","Active":0,"StartTime":"2025-10-03T18:51:39Z","EndTime":"2025-10-03T18:51:39Z","AmountPaid":1500,"OpenBy":"error","LockerCode":"D6"},{"ID":125,"LockerID":17,"Phone":"3134264648","PIN":"1234","Active":0,"StartTime":"2025-10-03T18:51:40Z","EndTime":"2025-10-03T18:51:40Z","AmountPaid":1500,"OpenBy":"error","LockerCode":"B7"},{"ID":126,"LockerID":46,"Phone":"3134264648","PIN":"1234","Active":0,"StartTime":"2025-10-03T18:51:41Z","EndTime":"2025-10-03T18:51:41Z","AmountPaid":1500,"OpenBy":"error","LockerCode":"E6"},{"ID":127,"LockerID":3,"Phone":"3134264648","PIN":"1234","Active":0,"StartTime":"2025-10-03T18:51:42Z","EndTime":"2025-10-03T18:51:42Z","AmountPaid":1500,"OpenBy":"error","LockerCode":"A3"},{"ID":128,"LockerID":10,"Phone":"3134264648","PIN":"1234","Active":0,"StartTime":"2025-10-03T18:52:15Z","EndTime":"2025-10-03T18:52:15Z","AmountPaid":1500,"OpenBy":"error","LockerCode":"A10"},{"ID":129,"LockerID":41,"Phone":"3134264648","PIN":"1234","Active":0,"StartTime":"2025-10-03T18:52:16Z","EndTime":"2025-10-03T18:52:16Z","AmountPaid":1500,"OpenBy":"error","LockerCode":"E1"},{"ID":130,"LockerID":32,"Phone":"3134264648","PIN":"1234","Active":0,"StartTime":"2025-10-03T18:52:17Z","EndTime":"2025-10-03T18:52:17Z","AmountPaid":1500,"OpenBy":"error","LockerCode":"D2"},{"ID":131,"LockerID":55,"Phone":"3134264648","PIN":"1234","Active":0,"StartTime":"2025-10-03T18:52:18Z","EndTime":"2025-10-03T18:52:18Z","AmountPaid":1500,"OpenBy":"error","LockerCode":"F5"},{"ID":132,"LockerID":35,"Phone":"3134264648","PIN":"1234","Active":0,"StartTime":"2025-10-03T18:52:19Z","EndTime":"2025-10-03T18:52:19Z","AmountPaid":1500,"OpenBy":"error","LockerCode":"D5"},{"ID":133,"LockerID":57,"Phone":"3138989876","PIN":"0857","Active":0,"StartTime":"2025-10-03T21:53:50Z","EndTime":"2025-10-04T03:31:14Z","AmountPaid":1500,"OpenBy":"user","LockerCode":"F7"},{"ID":134,"LockerID":14,"Phone":"3134526862","PIN":"1245","Active":0,"StartTime":"2025-10-03T21:58:23Z","EndTime":"2025-10-04T00:03:01Z","AmountPaid":1500,"OpenBy":"user","LockerCode":"B4"},{"ID":135,"LockerID":21,"Phone":"3207895989","PIN":"0303","Active":0,"StartTime":"2025-10-03T22:33:42Z","EndTime":"2025-10-03T23:31:37Z","AmountPaid":1500,"OpenBy":"user","LockerCode":"C1"},{"ID":136,"LockerID":39,"Phone":"3118471657","PIN":"1099","Active":0,"StartTime":"2025-10-03T23:02:04Z","EndTime":"2025-10-04T00:37:01Z","AmountPaid":1500,"OpenBy":"user","LockerCode":"D9"},{"ID":137,"LockerID":15,"Phone":"3197505984","PIN":"2512","Active":0,"StartTime":"2025-10-04T00:17:30Z","EndTime":"2025-10-04T02:38:51Z","AmountPaid":1500,"OpenBy":"user","LockerCode":"B5"},{"ID":138,"LockerID":21,"Phone":"3214378148","PIN":"2005","Active":0,"StartTime":"2025-10-04T00:40:52Z","EndTime":"2025-10-04T03:02:39Z","AmountPaid":1500,"OpenBy":"user","LockerCode":"C1"},{"ID":139,"LockerID":40,"Phone":"3208706973","PIN":"1008","Active":0,"StartTime":"2025-10-04T00:43:03Z","EndTime":"2025-10-04T03:03:06Z","AmountPaid":1500,"OpenBy":"user","LockerCode":"D10"},{"ID":140,"LockerID":26,"Phone":"3155456118","PIN":"3172","Active":0,"StartTime":"2025-10-04T12:08:46Z","EndTime":"2025-10-04T13:40:41Z","AmountPaid":1500,"OpenBy":"user","LockerCode":"C6"},{"ID":141,"LockerID":54,"Phone":"3102887154","PIN":"0106","Active":0,"StartTime":"2025-10-04T12:49:25Z","EndTime":"2025-10-04T13:45:20Z","AmountPaid":1500,"OpenBy":"user","LockerCode":"F4"},{"ID":142,"LockerID":43,"Phone":"3214489550","PIN":"1712","Active":0,"StartTime":"2025-10-04T12:55:02Z","EndTime":"2025-10-04T13:53:13Z","AmountPaid":1600,"OpenBy":"user","LockerCode":"E3"},{"ID":143,"LockerID":10,"Phone":"3106885890","PIN":"1379","Active":0,"StartTime":"2025-10-04T13:13:53Z","EndTime":"2025-10-04T16:22:50Z","AmountPaid":1500,"OpenBy":"local","LockerCode":"A10"},{"ID":144,"LockerID":13,"Phone":"3103737987","PIN":"0811","Active":0,"StartTime":"2025-10-04T13:20:46Z","EndTime":"2025-10-04T13:20:47Z","AmountPaid":1500,"OpenBy":"error","LockerCode":"B3"},{"ID":145,"LockerID":7,"Phone":"3103737987","PIN":"0811","Active":0,"StartTime":"2025-10-04T13:20:48Z","EndTime":"2025-10-04T13:20:49Z","AmountPaid":1500,"OpenBy":"error","LockerCode":"A7"},{"ID":146,"LockerID":20,"Phone":"3103737987","PIN":"0811","Active":0,"StartTime":"2025-10-04T13:20:50Z","EndTime":"2025-10-04T13:20:51Z","AmountPaid":1500,"OpenBy":"error","LockerCode":"B10"},{"ID":147,"LockerID":50,"Phone":"3103737987","PIN":"0811","Active":0,"StartTime":"2025-10-04T13:20:52Z","EndTime":"2025-10-04T13:20:53Z","AmountPaid":1500,"OpenBy":"error","LockerCode":"E10"},{"ID":148,"LockerID":12,"Phone":"3103737987","PIN":"0811","Active":0,"StartTime":"2025-10-04T13:20:54Z","EndTime":"2025-10-04T13:20:55Z","AmountPaid":1500,"OpenBy":"error","LockerCode":"B2"},{"ID":149,"LockerID":52,"Phone":"3103737987","PIN":"0811","Active":0,"StartTime":"2025-10-04T13:21:01Z","EndTime":"2025-10-04T13:21:01Z","AmountPaid":1500,"OpenBy":"error","LockerCode":"F2"},{"ID":150,"LockerID":11,"Phone":"3103737987","PIN":"0811","Active":0,"StartTime":"2025-10-04T13:21:02Z","EndTime":"2025-10-04T14:37:36Z","AmountPaid":1500,"OpenBy":"user","LockerCode":"B1"},{"ID":151,"LockerID":19,"Phone":"3027109127","PIN":"2003","Active":0,"StartTime":"2025-10-04T13:38:25Z","EndTime":"2025-10-04T15:54:32Z","AmountPaid":1500,"OpenBy":"user","LockerCode":"B9"},{"ID":152,"LockerID":59,"Phone":"3016186865","PIN":"3112","Active":0,"StartTime":"2025-10-04T13:54:17Z","EndTime":"2025-10-04T16:32:34Z","AmountPaid":2000,"OpenBy":"user","LockerCode":"F9"},{"ID":153,"LockerID":42,"Phone":"3112808315","PIN":"1606","Active":0,"StartTime":"2025-10-04T14:58:05Z","EndTime":"2025-10-04T20:58:07Z","AmountPaid":1500,"OpenBy":"user","LockerCode":"E2"},{"ID":154,"LockerID":37,"Phone":"3024675178","PIN":"1028","Active":0,"StartTime":"2025-10-04T15:19:32Z","EndTime":"2025-10-04T17:12:05Z","AmountPaid":1500,"OpenBy":"user","LockerCode":"D7"},{"ID":155,"LockerID":50,"Phone":"3158543242","PIN":"2626","Active":0,"StartTime":"2025-10-04T15:20:32Z","EndTime":"2025-10-04T18:03:04Z","AmountPaid":1500,"OpenBy":"user","LockerCode":"E10"},{"ID":156,"LockerID":36,"Phone":"3143706952","PIN":"1977","Active":0,"StartTime":"2025-10-04T15:32:49Z","EndTime":"2025-10-04T18:10:34Z","AmountPaid":1500,"OpenBy":"user","LockerCode":"D6"},{"ID":157,"LockerID":46,"Phone":"3208204998","PIN":"1234","Active":0,"StartTime":"2025-10-04T15:41:07Z","EndTime":"2025-10-04T19:20:40Z","AmountPaid":1500,"OpenBy":"user","LockerCode":"E6"},{"ID":158,"LockerID":58,"Phone":"3058060593","PIN":"3058","Active":0,"StartTime":"2025-10-04T16:50:30Z","EndTime":"2025-10-04T16:50:30Z","AmountPaid":1500,"OpenBy":"error","LockerCode":"F8"},{"ID":159,"LockerID":60,"Phone":"3058060593","PIN":"3058","Active":0,"StartTime":"2025-10-04T16:50:31Z","EndTime":"2025-10-04T16:50:31Z","AmountPaid":1500,"OpenBy":"error","LockerCode":"F10"},{"ID":160,"LockerID":14,"Phone":"3058060593","PIN":"3058","Active":0,"StartTime":"2025-10-04T16:50:32Z","EndTime":"2025-10-04T16:50:32Z","AmountPaid":1500,"OpenBy":"error","LockerCode":"B4"},{"ID":161,"LockerID":16,"Phone":"3058060593","PIN":"3058","Active":0,"StartTime":"2025-10-04T16:50:33Z","EndTime":"2025-10-04T16:50:33Z","AmountPaid":1500,"OpenBy":"error","LockerCode":"B6"},{"ID":162,"LockerID":22,"Phone":"3058060593","PIN":"3058","Active":0,"StartTime":"2025-10-04T16:50:34Z","EndTime":"2025-10-04T16:50:34Z","AmountPaid":1500,"OpenBy":"error","LockerCode":"C2"},{"ID":163,"LockerID":48,"Phone":"3058060593","PIN":"3058","Active":0,"StartTime":"2025-10-04T16:50:44Z","EndTime":"2025-10-04T16:50:44Z","AmountPaid":1500,"OpenBy":"error","LockerCode":"E8"},{"ID":164,"LockerID":29,"Phone":"3058060593","PIN":"3058","Active":0,"StartTime":"2025-10-04T16:50:45Z","EndTime":"2025-10-04T16:50:45Z","AmountPaid":1500,"OpenBy":"error","LockerCode":"C9"},{"ID":165,"LockerID":59,"Phone":"3058060593","PIN":"3058","Active":0,"StartTime":"2025-10-04T16:50:46Z","EndTime":"2025-10-04T16:50:46Z","AmountPaid":1500,"OpenBy":"error","LockerCode":"F9"},{"ID":166,"LockerID":51,"Phone":"3058060593","PIN":"3058","Active":0,"StartTime":"2025-10-04T16:50:47Z","EndTime":"2025-10-04T16:50:47Z","AmountPaid":1500,"OpenBy":"error","LockerCode":"F1"},{"ID":167,"LockerID":32,"Phone":"3058060593","PIN":"3058","Active":0,"StartTime":"2025-10-04T16:50:48Z","EndTime":"2025-10-04T16:50:48Z","AmountPaid":1500,"OpenBy":"error","LockerCode":"D2"},{"ID":168,"LockerID":38,"Phone":"3058060593","PIN":"3058","Active":0,"StartTime":"2025-10-04T16:51:28Z","EndTime":"2025-10-04T16:51:28Z","AmountPaid":1500,"OpenBy":"error","LockerCode":"D8"},{"ID":169,"LockerID":57,"Phone":"3058060593","PIN":"3058","Active":0,"StartTime":"2025-10-04T16:51:29Z","EndTime":"2025-10-04T16:51:29Z","AmountPaid":1500,"OpenBy":"error","LockerCode":"F7"},{"ID":170,"LockerID":19,"Phone":"3058060593","PIN":"3058","Active":0,"StartTime":"2025-10-04T16:51:30Z","EndTime":"2025-10-04T16:51:30Z","AmountPaid":1500,"OpenBy":"error","LockerCode":"B9"},{"ID":171,"LockerID":33,"Phone":"3058060593","PIN":"3058","Active":0,"StartTime":"2025-10-04T16:51:32Z","EndTime":"2025-10-04T16:51:32Z","AmountPaid":1500,"OpenBy":"error","LockerCode":"D3"},{"ID":172,"LockerID":39,"Phone":"3058060593","PIN":"3058","Active":0,"StartTime":"2025-10-04T16:51:33Z","EndTime":"2025-10-04T16:51:33Z","AmountPaid":1500,"OpenBy":"error","LockerCode":"D9"},{"ID":173,"LockerID":12,"Phone":"3058060593","PIN":"3058","Active":0,"StartTime":"2025-10-04T16:58:03Z","EndTime":"2025-10-04T18:21:25Z","AmountPaid":1500,"OpenBy":"user","LockerCode":"B2"},{"ID":174,"LockerID":5,"Phone":"3228975795","PIN":"1759","Active":0,"StartTime":"2025-10-04T18:26:58Z","EndTime":"2025-10-04T18:26:58Z","AmountPaid":1500,"OpenBy":"error","LockerCode":"A5"},{"ID":175,"LockerID":56,"Phone":"3228975795","PIN":"1759","Active":0,"StartTime":"2025-10-04T18:26:59Z","EndTime":"2025-10-04T18:26:59Z","AmountPaid":1500,"OpenBy":"error","LockerCode":"F6"},{"ID":176,"LockerID":4,"Phone":"3228975795","PIN":"1759","Active":0,"StartTime":"2025-10-04T18:27:00Z","EndTime":"2025-10-04T18:27:00Z","AmountPaid":1500,"OpenBy":"error","LockerCode":"A4"},{"ID":177,"LockerID":12,"Phone":"3228975795","PIN":"1759","Active":0,"StartTime":"2025-10-04T18:27:01Z","EndTime":"2025-10-04T18:27:01Z","AmountPaid":1500,"OpenBy":"error","LockerCode":"B2"},{"ID":178,"LockerID":2,"Phone":"3228975795","PIN":"1759","Active":0,"StartTime":"2025-10-04T18:27:02Z","EndTime":"2025-10-04T18:27:02Z","AmountPaid":1500,"OpenBy":"error","LockerCode":"A2"},{"ID":179,"LockerID":6,"Phone":"3227677167","PIN":"1759","Active":0,"StartTime":"2025-10-04T18:29:14Z","EndTime":"2025-10-04T18:29:14Z","AmountPaid":1500,"OpenBy":"error","LockerCode":"A6"},{"ID":180,"LockerID":13,"Phone":"3227677167","PIN":"1759","Active":0,"StartTime":"2025-10-04T18:29:15Z","EndTime":"2025-10-04T18:29:15Z","AmountPaid":1500,"OpenBy":"error","LockerCode":"B3"},{"ID":181,"LockerID":10,"Phone":"3227677167","PIN":"1759","Active":0,"StartTime":"2025-10-04T18:29:16Z","EndTime":"2025-10-04T18:29:16Z","AmountPaid":1500,"OpenBy":"error","LockerCode":"A10"},{"ID":182,"LockerID":35,"Phone":"3227677167","PIN":"1759","Active":0,"StartTime":"2025-10-04T18:29:17Z","EndTime":"2025-10-04T18:29:17Z","AmountPaid":1500,"OpenBy":"error","LockerCode":"D5"},{"ID":183,"LockerID":23,"Phone":"3227677167","PIN":"1759","Active":0,"StartTime":"2025-10-04T18:29:36Z","EndTime":"2025-10-04T18:29:36Z","AmountPaid":1500,"OpenBy":"error","LockerCode":"C3"},{"ID":184,"LockerID":17,"Phone":"3227677167","PIN":"1759","Active":0,"StartTime":"2025-10-04T18:29:37Z","EndTime":"2025-10-04T18:29:37Z","AmountPaid":1500,"OpenBy":"error","LockerCode":"B7"},{"ID":185,"LockerID":54,"Phone":"3227677167","PIN":"1759","Active":0,"StartTime":"2025-10-04T18:29:38Z","EndTime":"2025-10-04T18:29:38Z","AmountPaid":1500,"OpenBy":"error","LockerCode":"F4"},{"ID":186,"LockerID":45,"Phone":"3227677167","PIN":"1759","Active":0,"StartTime":"2025-10-04T18:29:39Z","EndTime":"2025-10-04T18:29:39Z","AmountPaid":1500,"OpenBy":"error","LockerCode":"E5"},{"ID":187,"LockerID":28,"Phone":"3227677167","PIN":"1759","Active":0,"StartTime":"2025-10-04T18:29:40Z","EndTime":"2025-10-04T18:29:40Z","AmountPaid":1500,"OpenBy":"error","LockerCode":"C8"},{"ID":188,"LockerID":8,"Phone":"3227677167","PIN":"1759","Active":0,"StartTime":"2025-10-04T18:29:47Z","EndTime":"2025-10-04T18:29:47Z","AmountPaid":1500,"OpenBy":"error","LockerCode":"A8"},{"ID":189,"LockerID":41,"Phone":"3227677167","PIN":"1759","Active":0,"StartTime":"2025-10-04T18:29:48Z","EndTime":"2025-10-04T18:29:48Z","AmountPaid":1500,"OpenBy":"error","LockerCode":"E1"},{"ID":190,"LockerID":18,"Phone":"3227677167","PIN":"1759","Active":0,"StartTime":"2025-10-04T18:29:49Z","EndTime":"2025-10-04T18:29:49Z","AmountPaid":1500,"OpenBy":"error","LockerCode":"B8"},{"ID":191,"LockerID":47,"Phone":"3227677167","PIN":"1759","Active":0,"StartTime":"2025-10-04T18:29:50Z","EndTime":"2025-10-04T18:29:50Z","AmountPaid":1500,"OpenBy":"error","LockerCode":"E7"},{"ID":192,"LockerID":37,"Phone":"3227677167","PIN":"1759","Active":0,"StartTime":"2025-10-04T18:29:51Z","EndTime":"2025-10-04T18:29:51Z","AmountPaid":1500,"OpenBy":"error","LockerCode":"D7"},{"ID":193,"LockerID":9,"Phone":"3227677167","PIN":"1759","Active":0,"StartTime":"2025-10-04T18:30:03Z","EndTime":"2025-10-04T18:30:03Z","AmountPaid":1500,"OpenBy":"error","LockerCode":"A9"},{"ID":194,"LockerID":21,"Phone":"3227677167","PIN":"1759","Active":0,"StartTime":"2025-10-04T18:30:04Z","EndTime":"2025-10-04T18:30:04Z","AmountPaid":1500,"OpenBy":"error","LockerCode":"C1"},{"ID":195,"LockerID":25,"Phone":"3227677167","PIN":"1759","Active":0,"StartTime":"2025-10-04T18:30:05Z","EndTime":"2025-10-04T18:30:05Z","AmountPaid":1500,"OpenBy":"error","LockerCode":"C5"},{"ID":196,"LockerID":15,"Phone":"3227677167","PIN":"1759","Active":0,"StartTime":"2025-10-04T18:30:06Z","EndTime":"2025-10-04T18:30:06Z","AmountPaid":1500,"OpenBy":"error","LockerCode":"B5"},{"ID":197,"LockerID":34,"Phone":"3227677167","PIN":"1759","Active":0,"StartTime":"2025-10-04T18:30:07Z","EndTime":"2025-10-04T18:30:07Z","AmountPaid":1500,"OpenBy":"error","LockerCode":"D4"},{"ID":198,"LockerID":36,"Phone":"3227677167","PIN":"1759","Active":0,"StartTime":"2025-10-04T18:30:21Z","EndTime":"2025-10-04T18:30:21Z","AmountPaid":1500,"OpenBy":"error","LockerCode":"D6"},{"ID":199,"LockerID":24,"Phone":"3227677167","PIN":"1759","Active":0,"StartTime":"2025-10-04T18:30:22Z","EndTime":"2025-10-04T18:30:22Z","AmountPaid":1500,"OpenBy":"error","LockerCode":"C4"},{"ID":200,"LockerID":30,"Phone":"3227677167","PIN":"1759","Active":0,"StartTime":"2025-10-04T18:30:23Z","EndTime":"2025-10-04T18:30:23Z","AmountPaid":1500,"OpenBy":"error","LockerCode":"C10"},{"ID":201,"LockerID":52,"Phone":"3227677167","PIN":"1759","Active":0,"StartTime":"2025-10-04T18:30:24Z","EndTime":"2025-10-04T18:30:24Z","AmountPaid":1500,"OpenBy":"error","LockerCode":"F2"},{"ID":202,"LockerID":49,"Phone":"3227677167","PIN":"1759","Active":0,"StartTime":"2025-10-04T18:30:25Z","EndTime":"2025-10-04T18:30:25Z","AmountPaid":1500,"OpenBy":"error","LockerCode":"E9"},{"ID":203,"LockerID":44,"Phone":"3227677167","PIN":"1127","Active":0,"StartTime":"2025-10-04T18:30:43Z","EndTime":"2025-10-04T18:30:43Z","AmountPaid":1500,"OpenBy":"error","LockerCode":"E4"},{"ID":204,"LockerID":53,"Phone":"3227677167","PIN":"1127","Active":0,"StartTime":"2025-10-04T18:30:44Z","EndTime":"2025-10-04T18:30:44Z","AmountPaid":1500,"OpenBy":"error","LockerCode":"F3"},{"ID":205,"LockerID":20,"Phone":"3227677167","PIN":"1127","Active":0,"StartTime":"2025-10-04T18:30:45Z","EndTime":"2025-10-04T18:30:45Z","AmountPaid":1500,"OpenBy":"error","LockerCode":"B10"},{"ID":206,"LockerID":1,"Phone":"3227677167","PIN":"1127","Active":0,"StartTime":"2025-10-04T18:30:46Z","EndTime":"2025-10-04T18:30:46Z","AmountPaid":1500,"OpenBy":"error","LockerCode":"A1"},{"ID":207,"LockerID":31,"Phone":"3227677167","PIN":"1127","Active":0,"StartTime":"2025-10-04T18:30:47Z","EndTime":"2025-10-04T18:30:47Z","AmountPaid":1500,"OpenBy":"error","LockerCode":"D1"},{"ID":208,"LockerID":1,"Phone":"3192536359","PIN":"2410","Active":0,"StartTime":"2025-10-04T19:03:55Z","EndTime":"2025-10-04T20:56:07Z","AmountPaid":1500,"OpenBy":"user","LockerCode":"A1"},{"ID":209,"LockerID":3,"Phone":"3009689949","PIN":"2133","Active":0,"StartTime":"2025-10-04T19:13:12Z","EndTime":"2025-10-04T23:18:47Z","AmountPaid":1500,"OpenBy":"user","LockerCode":"A3"},{"ID":210,"LockerID":2,"Phone":"3142683683","PIN":"2222","Active":0,"StartTime":"2025-10-04T19:40:02Z","EndTime":"2025-10-04T19:40:02Z","AmountPaid":1500,"OpenBy":"error","LockerCode":"A2"},{"ID":211,"LockerID":6,"Phone":"3142683683","PIN":"2222","Active":0,"StartTime":"2025-10-04T19:40:03Z","EndTime":"2025-10-04T19:40:03Z","AmountPaid":1500,"OpenBy":"error","LockerCode":"A6"},{"ID":212,"LockerID":7,"Phone":"3142683683","PIN":"2222","Active":0,"StartTime":"2025-10-04T19:40:04Z","EndTime":"2025-10-04T19:40:04Z","AmountPaid":1500,"OpenBy":"error","LockerCode":"A7"},{"ID":213,"LockerID":4,"Phone":"3142683683","PIN":"2222","Active":0,"StartTime":"2025-10-04T19:40:05Z","EndTime":"2025-10-04T19:40:05Z","AmountPaid":1500,"OpenBy":"error","LockerCode":"A4"},{"ID":214,"LockerID":8,"Phone":"3142683683","PIN":"2222","Active":0,"StartTime":"2025-10-04T19:40:07Z","EndTime":"2025-10-04T19:40:07Z","AmountPaid":1500,"OpenBy":"error","LockerCode":"A8"},{"ID":215,"LockerID":9,"Phone":"3142683683","PIN":"2222","Active":0,"StartTime":"2025-10-04T19:40:17Z","EndTime":"2025-10-04T19:40:17Z","AmountPaid":1500,"OpenBy":"error","LockerCode":"A9"},{"ID":216,"LockerID":10,"Phone":"3142683683","PIN":"2222","Active":0,"StartTime":"2025-10-04T19:40:18Z","EndTime":"2025-10-04T19:40:18Z","AmountPaid":1500,"OpenBy":"error","LockerCode":"A10"},{"ID":217,"LockerID":46,"Phone":"3142683683","PIN":"2222","Active":0,"StartTime":"2025-10-04T19:40:20Z","EndTime":"2025-10-04T19:40:20Z","AmountPaid":1500,"OpenBy":"error","LockerCode":"E6"},{"ID":218,"LockerID":5,"Phone":"3142683683","PIN":"2222","Active":0,"StartTime":"2025-10-04T19:40:21Z","EndTime":"2025-10-04T19:40:21Z","AmountPaid":1500,"OpenBy":"error","LockerCode":"A5"},{"ID":219,"LockerID":6,"Phone":"3124792031","PIN":"2007","Active":0,"StartTime":"2025-10-04T20:01:14Z","EndTime":"2025-10-04T20:01:14Z","AmountPaid":1500,"OpenBy":"error","LockerCode":"A6"},{"ID":220,"LockerID":9,"Phone":"3124792031","PIN":"2007","Active":0,"StartTime":"2025-10-04T20:01:15Z","EndTime":"2025-10-04T20:01:15Z","AmountPaid":1500,"OpenBy":"error","LockerCode":"A9"},{"ID":221,"LockerID":10,"Phone":"3124792031","PIN":"2007","Active":0,"StartTime":"2025-10-04T20:01:16Z","EndTime":"2025-10-04T20:01:16Z","AmountPaid":1500,"OpenBy":"error","LockerCode":"A10"},{"ID":222,"LockerID":7,"Phone":"3124792031","PIN":"2007","Active":0,"StartTime":"2025-10-04T20:01:17Z","EndTime":"2025-10-04T20:01:17Z","AmountPaid":1500,"OpenBy":"error","LockerCode":"A7"},{"ID":223,"LockerID":8,"Phone":"3124792031","PIN":"2007","Active":0,"StartTime":"2025-10-04T20:01:18Z","EndTime":"2025-10-04T20:01:18Z","AmountPaid":1500,"OpenBy":"error","LockerCode":"A8"},{"ID":224,"LockerID":9,"Phone":"3124792031","PIN":"2007","Active":0,"StartTime":"2025-10-04T20:11:22Z","EndTime":"2025-10-04T20:11:22Z","AmountPaid":1500,"OpenBy":"error","LockerCode":"A9"},{"ID":225,"LockerID":5,"Phone":"3124792031","PIN":"2007","Active":0,"StartTime":"2025-10-04T20:11:23Z","EndTime":"2025-10-04T20:11:23Z","AmountPaid":1500,"OpenBy":"error","LockerCode":"A5"},{"ID":226,"LockerID":2,"Phone":"3124792031","PIN":"2007","Active":0,"StartTime":"2025-10-04T20:11:24Z","EndTime":"2025-10-04T20:11:24Z","AmountPaid":1500,"OpenBy":"error","LockerCode":"A2"},{"ID":227,"LockerID":7,"Phone":"3124792031","PIN":"2007","Active":0,"StartTime":"2025-10-04T20:11:25Z","EndTime":"2025-10-04T20:11:25Z","AmountPaid":1500,"OpenBy":"error","LockerCode":"A7"},{"ID":228,"LockerID":6,"Phone":"3124792031","PIN":"2007","Active":0,"StartTime":"2025-10-04T20:11:26Z","EndTime":"2025-10-04T20:11:26Z","AmountPaid":1500,"OpenBy":"error","LockerCode":"A6"},{"ID":229,"LockerID":18,"Phone":"3124792031","PIN":"2007","Active":0,"StartTime":"2025-10-04T20:11:58Z","EndTime":"2025-10-04T20:11:58Z","AmountPaid":1500,"OpenBy":"error","LockerCode":"B8"},{"ID":230,"LockerID":15,"Phone":"3124792031","PIN":"2007","Active":0,"StartTime":"2025-10-04T20:12:00Z","EndTime":"2025-10-04T20:12:00Z","AmountPaid":1500,"OpenBy":"error","LockerCode":"B5"},{"ID":231,"LockerID":12,"Phone":"3124792031","PIN":"2007","Active":0,"StartTime":"2025-10-04T20:12:01Z","EndTime":"2025-10-04T20:12:01Z","AmountPaid":1500,"OpenBy":"error","LockerCode":"B2"},{"ID":232,"LockerID":20,"Phone":"3124792031","PIN":"2007","Active":0,"StartTime":"2025-10-04T20:12:02Z","EndTime":"2025-10-04T20:12:02Z","AmountPaid":1500,"OpenBy":"error","LockerCode":"B10"},{"ID":233,"LockerID":17,"Phone":"3124792031","PIN":"2007","Active":0,"StartTime":"2025-10-04T20:12:03Z","EndTime":"2025-10-04T20:12:03Z","AmountPaid":1500,"OpenBy":"error","LockerCode":"B7"},{"ID":234,"LockerID":8,"Phone":"3105727100","PIN":"2014","Active":0,"StartTime":"2025-10-04T20:47:17Z","EndTime":"2025-10-04T20:47:17Z","AmountPaid":1500,"OpenBy":"error","LockerCode":"A8"},{"ID":235,"LockerID":50,"Phone":"3105727100","PIN":"2014","Active":0,"StartTime":"2025-10-04T20:47:18Z","EndTime":"2025-10-04T20:47:18Z","AmountPaid":1500,"OpenBy":"error","LockerCode":"E10"},{"ID":236,"LockerID":49,"Phone":"3105727100","PIN":"2014","Active":0,"StartTime":"2025-10-04T20:47:19Z","EndTime":"2025-10-04T20:47:19Z","AmountPaid":1500,"OpenBy":"error","LockerCode":"E9"},{"ID":237,"LockerID":18,"Phone":"3105727100","PIN":"2014","Active":0,"StartTime":"2025-10-04T20:47:20Z","EndTime":"2025-10-04T20:47:20Z","AmountPaid":1500,"OpenBy":"error","LockerCode":"B8"},{"ID":238,"LockerID":14,"Phone":"3105727100","PIN":"2014","Active":0,"StartTime":"2025-10-04T20:47:21Z","EndTime":"2025-10-04T20:47:21Z","AmountPaid":1500,"OpenBy":"error","LockerCode":"B4"},{"ID":239,"LockerID":10,"Phone":"3105727100","PIN":"2014","Active":0,"StartTime":"2025-10-04T20:47:41Z","EndTime":"2025-10-04T20:47:41Z","AmountPaid":1500,"OpenBy":"error","LockerCode":"A10"},{"ID":240,"LockerID":32,"Phone":"3105727100","PIN":"2014","Active":0,"StartTime":"2025-10-04T20:47:42Z","EndTime":"2025-10-04T20:47:42Z","AmountPaid":1500,"OpenBy":"error","LockerCode":"D2"},{"ID":241,"LockerID":12,"Phone":"3105727100","PIN":"2014","Active":0,"StartTime":"2025-10-04T20:47:43Z","EndTime":"2025-10-04T20:47:43Z","AmountPaid":1500,"OpenBy":"error","LockerCode":"B2"},{"ID":242,"LockerID":24,"Phone":"3105727100","PIN":"2014","Active":0,"StartTime":"2025-10-04T20:47:44Z","EndTime":"2025-10-04T20:47:45Z","AmountPaid":1500,"OpenBy":"error","LockerCode":"C4"},{"ID":243,"LockerID":45,"Phone":"3105727100","PIN":"2014","Active":0,"StartTime":"2025-10-04T20:47:46Z","EndTime":"2025-10-04T20:47:46Z","AmountPaid":1500,"OpenBy":"error","LockerCode":"E5"},{"ID":244,"LockerID":37,"Phone":"3105727100","PIN":"2014","Active":0,"StartTime":"2025-10-04T20:47:58Z","EndTime":"2025-10-04T20:47:58Z","AmountPaid":1500,"OpenBy":"error","LockerCode":"D7"},{"ID":245,"LockerID":25,"Phone":"3105727100","PIN":"2014","Active":0,"StartTime":"2025-10-04T20:47:59Z","EndTime":"2025-10-04T20:47:59Z","AmountPaid":1500,"OpenBy":"error","LockerCode":"C5"},{"ID":246,"LockerID":57,"Phone":"3105727100","PIN":"2014","Active":0,"StartTime":"2025-10-04T20:48:00Z","EndTime":"2025-10-04T20:48:00Z","AmountPaid":1500,"OpenBy":"error","LockerCode":"F7"},{"ID":247,"LockerID":5,"Phone":"3105727100","PIN":"2014","Active":0,"StartTime":"2025-10-04T20:48:01Z","EndTime":"2025-10-04T20:48:01Z","AmountPaid":1500,"OpenBy":"error","LockerCode":"A5"},{"ID":248,"LockerID":33,"Phone":"3105727100","PIN":"2014","Active":0,"StartTime":"2025-10-04T20:48:02Z","EndTime":"2025-10-04T20:48:02Z","AmountPaid":1500,"OpenBy":"error","LockerCode":"D3"},{"ID":249,"LockerID":6,"Phone":"3105727100","PIN":"2014","Active":0,"StartTime":"2025-10-04T20:48:33Z","EndTime":"2025-10-04T20:48:33Z","AmountPaid":1500,"OpenBy":"error","LockerCode":"A6"},{"ID":250,"LockerID":23,"Phone":"3105727100","PIN":"2014","Active":0,"StartTime":"2025-10-04T20:48:34Z","EndTime":"2025-10-04T20:48:34Z","AmountPaid":1500,"OpenBy":"error","LockerCode":"C3"},{"ID":251,"LockerID":55,"Phone":"3105727100","PIN":"2014","Active":0,"StartTime":"2025-10-04T20:48:35Z","EndTime":"2025-10-04T20:48:35Z","AmountPaid":1500,"OpenBy":"error","LockerCode":"F5"},{"ID":252,"LockerID":56,"Phone":"3105727100","PIN":"2014","Active":0,"StartTime":"2025-10-04T20:48:36Z","EndTime":"2025-10-04T20:48:36Z","AmountPaid":1500,"OpenBy":"error","LockerCode":"F6"},{"ID":253,"LockerID":59,"Phone":"3105727100","PIN":"2014","Active":0,"StartTime":"2025-10-04T20:48:37Z","EndTime":"2025-10-04T20:48:37Z","AmountPaid":1500,"OpenBy":"error","LockerCode":"F9"},{"ID":254,"LockerID":17,"Phone":"3105727100","PIN":"2014","Active":0,"StartTime":"2025-10-04T20:48:44Z","EndTime":"2025-10-04T20:48:44Z","AmountPaid":1500,"OpenBy":"error","LockerCode":"B7"},{"ID":255,"LockerID":51,"Phone":"3105727100","PIN":"2014","Active":0,"StartTime":"2025-10-04T20:48:45Z","EndTime":"2025-10-04T20:48:45Z","AmountPaid":1500,"OpenBy":"error","LockerCode":"F1"},{"ID":256,"LockerID":27,"Phone":"3105727100","PIN":"2014","Active":0,"StartTime":"2025-10-04T20:48:46Z","EndTime":"2025-10-04T20:48:46Z","AmountPaid":1500,"OpenBy":"error","LockerCode":"C7"},{"ID":257,"LockerID":15,"Phone":"3105727100","PIN":"2014","Active":0,"StartTime":"2025-10-04T20:48:47Z","EndTime":"2025-10-04T20:48:47Z","AmountPaid":1500,"OpenBy":"error","LockerCode":"B5"},{"ID":258,"LockerID":40,"Phone":"3105727100","PIN":"2014","Active":0,"StartTime":"2025-10-04T20:48:48Z","EndTime":"2025-10-04T20:48:48Z","AmountPaid":1500,"OpenBy":"error","LockerCode":"D10"},{"ID":259,"LockerID":36,"Phone":"3105727100","PIN":"2014","Active":0,"StartTime":"2025-10-04T20:48:57Z","EndTime":"2025-10-04T20:48:57Z","AmountPaid":1500,"OpenBy":"error","LockerCode":"D6"},{"ID":260,"LockerID":43,"Phone":"3105727100","PIN":"2014","Active":0,"StartTime":"2025-10-04T20:48:58Z","EndTime":"2025-10-04T20:48:58Z","AmountPaid":1500,"OpenBy":"error","LockerCode":"E3"},{"ID":261,"LockerID":2,"Phone":"3105727100","PIN":"2014","Active":0,"StartTime":"2025-10-04T20:48:59Z","EndTime":"2025-10-04T20:48:59Z","AmountPaid":1500,"OpenBy":"error","LockerCode":"A2"},{"ID":262,"LockerID":28,"Phone":"3105727100","PIN":"2014","Active":0,"StartTime":"2025-10-04T20:49:00Z","EndTime":"2025-10-04T20:49:00Z","AmountPaid":1500,"OpenBy":"error","LockerCode":"C8"},{"ID":263,"LockerID":48,"Phone":"3105727100","PIN":"2014","Active":0,"StartTime":"2025-10-04T20:49:01Z","EndTime":"2025-10-04T20:49:01Z","AmountPaid":1500,"OpenBy":"error","LockerCode":"E8"},{"ID":264,"LockerID":58,"Phone":"3105727100","PIN":"2014","Active":0,"StartTime":"2025-10-04T20:49:11Z","EndTime":"2025-10-04T20:49:11Z","AmountPaid":1500,"OpenBy":"error","LockerCode":"F8"},{"ID":265,"LockerID":35,"Phone":"3105727100","PIN":"2014","Active":0,"StartTime":"2025-10-04T20:49:12Z","EndTime":"2025-10-04T20:49:12Z","AmountPaid":1500,"OpenBy":"error","LockerCode":"D5"},{"ID":266,"LockerID":20,"Phone":"3105727100","PIN":"2014","Active":0,"StartTime":"2025-10-04T20:49:13Z","EndTime":"2025-10-04T20:49:13Z","AmountPaid":1500,"OpenBy":"error","LockerCode":"B10"},{"ID":267,"LockerID":44,"Phone":"3105727100","PIN":"2014","Active":0,"StartTime":"2025-10-04T20:49:14Z","EndTime":"2025-10-04T20:49:14Z","AmountPaid":1500,"OpenBy":"error","LockerCode":"E4"},{"ID":268,"LockerID":13,"Phone":"3105727100","PIN":"2014","Active":0,"StartTime":"2025-10-04T20:49:15Z","EndTime":"2025-10-04T20:49:15Z","AmountPaid":1500,"OpenBy":"error","LockerCode":"B3"},{"ID":269,"LockerID":22,"Phone":"3105727100","PIN":"2014","Active":0,"StartTime":"2025-10-04T20:49:39Z","EndTime":"2025-10-04T20:49:39Z","AmountPaid":1500,"OpenBy":"error","LockerCode":"C2"},{"ID":270,"LockerID":9,"Phone":"3105727100","PIN":"2014","Active":0,"StartTime":"2025-10-04T20:49:40Z","EndTime":"2025-10-04T20:49:40Z","AmountPaid":1500,"OpenBy":"error","LockerCode":"A9"},{"ID":271,"LockerID":31,"Phone":"3105727100","PIN":"2014","Active":0,"StartTime":"2025-10-04T20:49:41Z","EndTime":"2025-10-04T20:49:41Z","AmountPaid":1500,"OpenBy":"error","LockerCode":"D1"},{"ID":272,"LockerID":60,"Phone":"3105727100","PIN":"2014","Active":0,"StartTime":"2025-10-04T20:49:42Z","EndTime":"2025-10-04T20:49:42Z","AmountPaid":1500,"OpenBy":"error","LockerCode":"F10"},{"ID":273,"LockerID":16,"Phone":"3105727100","PIN":"2014","Active":0,"StartTime":"2025-10-04T20:49:43Z","EndTime":"2025-10-04T20:49:43Z","AmountPaid":1500,"OpenBy":"error","LockerCode":"B6"},{"ID":274,"LockerID":7,"Phone":"3105727100","PIN":"2014","Active":0,"StartTime":"2025-10-04T20:49:50Z","EndTime":"2025-10-04T20:49:50Z","AmountPaid":1500,"OpenBy":"error","LockerCode":"A7"},{"ID":275,"LockerID":34,"Phone":"3105727100","PIN":"2014","Active":0,"StartTime":"2025-10-04T20:49:51Z","EndTime":"2025-10-04T20:49:51Z","AmountPaid":1500,"OpenBy":"error","LockerCode":"D4"},{"ID":276,"LockerID":53,"Phone":"3105727100","PIN":"2014","Active":0,"StartTime":"2025-10-04T20:49:52Z","EndTime":"2025-10-04T20:49:52Z","AmountPaid":1500,"OpenBy":"error","LockerCode":"F3"},{"ID":277,"LockerID":21,"Phone":"3105727100","PIN":"2014","Active":0,"StartTime":"2025-10-04T20:49:53Z","EndTime":"2025-10-04T20:49:53Z","AmountPaid":1500,"OpenBy":"error","LockerCode":"C1"},{"ID":278,"LockerID":52,"Phone":"3105727100","PIN":"2014","Active":0,"StartTime":"2025-10-04T20:49:54Z","EndTime":"2025-10-04T20:49:54Z","AmountPaid":1500,"OpenBy":"error","LockerCode":"F2"},{"ID":279,"LockerID":47,"Phone":"3105727100","PIN":"2014","Active":0,"StartTime":"2025-10-04T20:50:09Z","EndTime":"2025-10-04T20:50:09Z","AmountPaid":1500,"OpenBy":"error","LockerCode":"E7"},{"ID":280,"LockerID":30,"Phone":"3105727100","PIN":"2014","Active":0,"StartTime":"2025-10-04T20:50:11Z","EndTime":"2025-10-04T20:50:11Z","AmountPaid":1500,"OpenBy":"error","LockerCode":"C10"},{"ID":281,"LockerID":54,"Phone":"3105727100","PIN":"2014","Active":0,"StartTime":"2025-10-04T20:50:12Z","EndTime":"2025-10-04T20:50:12Z","AmountPaid":1500,"OpenBy":"error","LockerCode":"F4"},{"ID":282,"LockerID":26,"Phone":"3105727100","PIN":"2014","Active":0,"StartTime":"2025-10-04T20:50:13Z","EndTime":"2025-10-04T20:50:13Z","AmountPaid":1500,"OpenBy":"error","LockerCode":"C6"},{"ID":283,"LockerID":38,"Phone":"3105727100","PIN":"2014","Active":0,"StartTime":"2025-10-04T20:50:14Z","EndTime":"2025-10-04T20:50:14Z","AmountPaid":1500,"OpenBy":"error","LockerCode":"D8"},{"ID":284,"LockerID":11,"Phone":"3105727100","PIN":"2014","Active":0,"StartTime":"2025-10-04T20:51:10Z","EndTime":"2025-10-04T20:51:10Z","AmountPaid":1500,"OpenBy":"error","LockerCode":"B1"},{"ID":285,"LockerID":39,"Phone":"3105727100","PIN":"2014","Active":0,"StartTime":"2025-10-04T20:51:11Z","EndTime":"2025-10-04T20:51:11Z","AmountPaid":1500,"OpenBy":"error","LockerCode":"D9"},{"ID":286,"LockerID":19,"Phone":"3105727100","PIN":"2014","Active":0,"StartTime":"2025-10-04T20:51:12Z","EndTime":"2025-10-04T20:51:12Z","AmountPaid":1500,"OpenBy":"error","LockerCode":"B9"},{"ID":287,"LockerID":46,"Phone":"3105727100","PIN":"2014","Active":0,"StartTime":"2025-10-04T20:51:13Z","EndTime":"2025-10-04T20:51:13Z","AmountPaid":1500,"OpenBy":"error","LockerCode":"E6"},{"ID":288,"LockerID":41,"Phone":"3105727100","PIN":"2014","Active":0,"StartTime":"2025-10-04T20:51:14Z","EndTime":"2025-10-04T20:51:14Z","AmountPaid":1500,"OpenBy":"error","LockerCode":"E1"},{"ID":289,"LockerID":29,"Phone":"3105727100","PIN":"2014","Active":0,"StartTime":"2025-10-04T20:51:23Z","EndTime":"2025-10-04T20:51:23Z","AmountPaid":1500,"OpenBy":"error","LockerCode":"C9"},{"ID":290,"LockerID":1,"Phone":"3134555898","PIN":"0902","Active":0,"StartTime":"2025-10-04T21:01:44Z","EndTime":"2025-10-04T23:06:35Z","AmountPaid":1500,"OpenBy":"user","LockerCode":"A1"},{"ID":291,"LockerID":60,"Phone":"3103192771","PIN":"1234","Active":0,"StartTime":"2025-10-04T21:07:47Z","EndTime":"2025-10-04T21:08:03Z","AmountPaid":1500,"OpenBy":"user","LockerCode":"F10"},{"ID":292,"LockerID":60,"Phone":"3144756857","PIN":"0855","Active":0,"StartTime":"2025-10-04T21:33:49Z","EndTime":"2025-10-04T22:31:56Z","AmountPaid":1500,"OpenBy":"user","LockerCode":"F10"},{"ID":293,"LockerID":30,"Phone":"3105668502","PIN":"8502","Active":0,"StartTime":"2025-10-04T21:46:07Z","EndTime":"2025-10-04T23:49:08Z","AmountPaid":1500,"OpenBy":"user","LockerCode":"C10"},{"ID":294,"LockerID":50,"Phone":"3103192771","PIN":"0000","Active":0,"StartTime":"2025-10-04T21:58:57Z","EndTime":"2025-10-04T21:59:07Z","AmountPaid":1500,"OpenBy":"user","LockerCode":"E10"},{"ID":295,"LockerID":59,"Phone":"3007701575","PIN":"1196","Active":0,"StartTime":"2025-10-04T22:01:17Z","EndTime":"2025-10-04T22:16:46Z","AmountPaid":1500,"OpenBy":"user","LockerCode":"F9"},{"ID":296,"LockerID":26,"Phone":"3012732774","PIN":"1020","Active":0,"StartTime":"2025-10-04T22:18:56Z","EndTime":"2025-10-04T23:40:00Z","AmountPaid":1500,"OpenBy":"user","LockerCode":"C6"},{"ID":297,"LockerID":54,"Phone":"3125672346","PIN":"1031","Active":0,"StartTime":"2025-10-04T22:42:52Z","EndTime":"2025-10-05T00:27:51Z","AmountPaid":1500,"OpenBy":"user","LockerCode":"F4"},{"ID":298,"LockerID":28,"Phone":"3503615093","PIN":"2214","Active":0,"StartTime":"2025-10-04T23:12:55Z","EndTime":"2025-10-05T00:20:35Z","AmountPaid":1500,"OpenBy":"user","LockerCode":"C8"},{"ID":299,"LockerID":21,"Phone":"3112545199","PIN":"2560","Active":0,"StartTime":"2025-10-04T23:24:16Z","EndTime":"2025-10-05T01:11:55Z","AmountPaid":1500,"OpenBy":"user","LockerCode":"C1"},{"ID":300,"LockerID":57,"Phone":"3114359709","PIN":"1512","Active":0,"StartTime":"2025-10-05T00:37:04Z","EndTime":"2025-10-05T01:32:50Z","AmountPaid":1500,"OpenBy":"user","LockerCode":"F7"},{"ID":301,"LockerID":39,"Phone":"3058200071","PIN":"2508","Active":0,"StartTime":"2025-10-05T00:43:42Z","EndTime":"2025-10-05T03:39:17Z","AmountPaid":1500,"OpenBy":"user","LockerCode":"D9"},{"ID":302,"LockerID":28,"Phone":"3213634452","PIN":"2222","Active":0,"StartTime":"2025-10-05T01:11:34Z","EndTime":"2025-10-05T01:50:34Z","AmountPaid":1500,"OpenBy":"user","LockerCode":"C8"},{"ID":303,"LockerID":4,"Phone":"3164538113","PIN":"0408","Active":0,"StartTime":"2025-10-05T16:15:05Z","EndTime":"2025-10-05T18:48:16Z","AmountPaid":1500,"OpenBy":"user","LockerCode":"A4"},{"ID":304,"LockerID":11,"Phone":"3057582319","PIN":"1203","Active":0,"StartTime":"2025-10-05T16:46:51Z","EndTime":"2025-10-05T17:36:53Z","AmountPaid":1500,"OpenBy":"user","LockerCode":"B1"},{"ID":305,"LockerID":8,"Phone":"3007430327","PIN":"1807","Active":0,"StartTime":"2025-10-05T17:03:31Z","EndTime":"2025-10-05T19:56:50Z","AmountPaid":1500,"OpenBy":"user","LockerCode":"A8"},{"ID":306,"LockerID":56,"Phone":"3508957924","PIN":"1807","Active":0,"StartTime":"2025-10-05T17:05:06Z","EndTime":"2025-10-05T17:05:06Z","AmountPaid":1500,"OpenBy":"error","LockerCode":"F6"},{"ID":307,"LockerID":37,"Phone":"3508957924","PIN":"1807","Active":0,"StartTime":"2025-10-05T17:05:08Z","EndTime":"2025-10-05T19:57:12Z","AmountPaid":1500,"OpenBy":"user","LockerCode":"D7"},{"ID":308,"LockerID":5,"Phone":"3136932005","PIN":"1103","Active":0,"StartTime":"2025-10-05T17:15:07Z","EndTime":"2025-10-05T17:51:00Z","AmountPaid":1500,"OpenBy":"user","LockerCode":"A5"},{"ID":309,"LockerID":54,"Phone":"3508353881","PIN":"1983","Active":0,"StartTime":"2025-10-05T17:15:50Z","EndTime":"2025-10-05T18:12:48Z","AmountPaid":1500,"OpenBy":"user","LockerCode":"F4"},{"ID":310,"LockerID":16,"Phone":"3134596595","PIN":"2020","Active":0,"StartTime":"2025-10-05T17:22:22Z","EndTime":"2025-10-05T19:52:41Z","AmountPaid":1500,"OpenBy":"user","LockerCode":"B6"},{"ID":311,"LockerID":6,"Phone":"3014850544","PIN":"2412","Active":0,"StartTime":"2025-10-05T17:50:30Z","EndTime":"2025-10-05T19:43:05Z","AmountPaid":1500,"OpenBy":"user","LockerCode":"A6"},{"ID":312,"LockerID":59,"Phone":"3174300462","PIN":"9601","Active":0,"StartTime":"2025-10-05T17:52:07Z","EndTime":"2025-10-05T19:24:13Z","AmountPaid":1500,"OpenBy":"user","LockerCode":"F9"},{"ID":313,"LockerID":1,"Phone":"3148809757","PIN":"2412","Active":0,"StartTime":"2025-10-05T17:53:10Z","EndTime":"2025-10-05T19:43:15Z","AmountPaid":1500,"OpenBy":"user","LockerCode":"A1"},{"ID":314,"LockerID":29,"Phone":"3008566764","PIN":"3110","Active":0,"StartTime":"2025-10-05T17:55:01Z","EndTime":"2025-10-05T19:14:01Z","AmountPaid":1500,"OpenBy":"user","LockerCode":"C9"},{"ID":315,"LockerID":5,"Phone":"3213923586","PIN":"9601","Active":0,"StartTime":"2025-10-05T17:58:03Z","EndTime":"2025-10-05T19:24:32Z","AmountPaid":1500,"OpenBy":"user","LockerCode":"A5"},{"ID":316,"LockerID":3,"Phone":"3143000156","PIN":"9701","Active":0,"StartTime":"2025-10-05T18:35:59Z","EndTime":"2025-10-05T21:44:38Z","AmountPaid":1500,"OpenBy":"user","LockerCode":"A3"},{"ID":317,"LockerID":25,"Phone":"3152216272","PIN":"2013","Active":0,"StartTime":"2025-10-05T19:19:01Z","EndTime":"2025-10-05T22:19:06Z","AmountPaid":1500,"OpenBy":"user","LockerCode":"C5"},{"ID":318,"LockerID":5,"Phone":"3107794966","PIN":"6458","Active":0,"StartTime":"2025-10-05T19:45:28Z","EndTime":"2025-10-05T22:41:02Z","AmountPaid":1500,"OpenBy":"user","LockerCode":"A5"},{"ID":319,"LockerID":19,"Phone":"3134972160","PIN":"1425","Active":0,"StartTime":"2025-10-05T20:10:49Z","EndTime":"2025-10-05T21:07:17Z","AmountPaid":1500,"OpenBy":"user","LockerCode":"B9"},{"ID":320,"LockerID":28,"Phone":"3180613903","PIN":"1430","Active":0,"StartTime":"2025-10-05T20:27:24Z","EndTime":"2025-10-05T22:08:21Z","AmountPaid":1500,"OpenBy":"user","LockerCode":"C8"},{"ID":321,"LockerID":55,"Phone":"3132976022","PIN":"0876","Active":0,"StartTime":"2025-10-05T20:31:56Z","EndTime":"2025-10-06T00:18:48Z","AmountPaid":1500,"OpenBy":"user","LockerCode":"F5"},{"ID":322,"LockerID":32,"Phone":"3224095161","PIN":"0707","Active":0,"StartTime":"2025-10-05T20:35:48Z","EndTime":"2025-10-05T22:40:38Z","AmountPaid":1500,"OpenBy":"user","LockerCode":"D2"},{"ID":323,"LockerID":22,"Phone":"3164180757","PIN":"0205","Active":0,"StartTime":"2025-10-05T20:36:53Z","EndTime":"2025-10-05T23:39:54Z","AmountPaid":1500,"OpenBy":"user","LockerCode":"C2"},{"ID":324,"LockerID":6,"Phone":"3192365251","PIN":"6282","Active":0,"StartTime":"2025-10-05T20:40:14Z","EndTime":"2025-10-05T22:47:13Z","AmountPaid":1500,"OpenBy":"user","LockerCode":"A6"},{"ID":325,"LockerID":31,"Phone":"3008821952","PIN":"7811","Active":0,"StartTime":"2025-10-05T20:44:10Z","EndTime":"2025-10-05T23:43:28Z","AmountPaid":1500,"OpenBy":"user","LockerCode":"D1"},{"ID":326,"LockerID":17,"Phone":"3105855289","PIN":"1122","Active":0,"StartTime":"2025-10-05T20:45:32Z","EndTime":"2025-10-05T23:43:48Z","AmountPaid":1500,"OpenBy":"user","LockerCode":"B7"},{"ID":327,"LockerID":19,"Phone":"3165355493","PIN":"2580","Active":0,"StartTime":"2025-10-05T21:34:52Z","EndTime":"2025-10-05T23:09:13Z","AmountPaid":1500,"OpenBy":"user","LockerCode":"B9"},{"ID":328,"LockerID":51,"Phone":"3112667736","PIN":"2505","Active":0,"StartTime":"2025-10-05T22:07:54Z","EndTime":"2025-10-06T02:39:08Z","AmountPaid":1500,"OpenBy":"user","LockerCode":"F1"},{"ID":329,"LockerID":50,"Phone":"3508142987","PIN":"2841","Active":0,"StartTime":"2025-10-05T22:12:49Z","EndTime":"2025-10-05T23:05:32Z","AmountPaid":1500,"OpenBy":"user","LockerCode":"E10"},{"ID":330,"LockerID":43,"Phone":"3242040667","PIN":"0812","Active":0,"StartTime":"2025-10-05T22:13:36Z","EndTime":"2025-10-05T23:51:19Z","AmountPaid":1500,"OpenBy":"user","LockerCode":"E3"},{"ID":331,"LockerID":34,"Phone":"3107924225","PIN":"0000","Active":0,"StartTime":"2025-10-05T22:52:30Z","EndTime":"2025-10-06T01:27:44Z","AmountPaid":1500,"OpenBy":"user","LockerCode":"D4"},{"ID":332,"LockerID":8,"Phone":"3006505492","PIN":"0902","Active":0,"StartTime":"2025-10-05T22:55:47Z","EndTime":"2025-10-05T23:31:23Z","AmountPaid":1500,"OpenBy":"user","LockerCode":"A8"},{"ID":333,"LockerID":10,"Phone":"3248643851","PIN":"8521","Active":0,"StartTime":"2025-10-05T22:57:38Z","EndTime":"2025-10-05T23:24:01Z","AmountPaid":1500,"OpenBy":"user","LockerCode":"A10"},{"ID":334,"LockerID":60,"Phone":"3227013066","PIN":"2904","Active":0,"StartTime":"2025-10-05T23:37:38Z","EndTime":"2025-10-06T00:50:43Z","AmountPaid":1500,"OpenBy":"user","LockerCode":"F10"},{"ID":335,"LockerID":48,"Phone":"3223537741","PIN":"2904","Active":0,"StartTime":"2025-10-05T23:39:11Z","EndTime":"2025-10-06T00:50:54Z","AmountPaid":1500,"OpenBy":"user","LockerCode":"E8"},{"ID":336,"LockerID":19,"Phone":"3184920950","PIN":"1807","Active":0,"StartTime":"2025-10-06T11:24:19Z","EndTime":"2025-10-06T12:30:30Z","AmountPaid":1500,"OpenBy":"user","LockerCode":"B9"},{"ID":337,"LockerID":45,"Phone":"3148169044","PIN":"9804","Active":0,"StartTime":"2025-10-06T12:07:26Z","EndTime":"2025-10-06T13:17:23Z","AmountPaid":1500,"OpenBy":"user","LockerCode":"E5"},{"ID":338,"LockerID":3,"Phone":"3194051169","PIN":"9905","Active":0,"StartTime":"2025-10-06T13:25:07Z","EndTime":"2025-10-06T23:36:27Z","AmountPaid":1500,"OpenBy":"user","LockerCode":"A3"},{"ID":339,"LockerID":52,"Phone":"3118459069","PIN":"1608","Active":0,"StartTime":"2025-10-06T13:30:50Z","EndTime":"2025-10-06T13:58:48Z","AmountPaid":1500,"OpenBy":"user","LockerCode":"F2"},{"ID":340,"LockerID":50,"Phone":"3153618369","PIN":"1309","Active":0,"StartTime":"2025-10-06T15:07:30Z","EndTime":"2025-10-06T15:25:41Z","AmountPaid":1500,"OpenBy":"user","LockerCode":"E10"},{"ID":341,"LockerID":5,"Phone":"3003041589","PIN":"6521","Active":0,"StartTime":"2025-10-06T15:29:54Z","EndTime":"2025-10-06T17:11:11Z","AmountPaid":1500,"OpenBy":"user","LockerCode":"A5"},{"ID":342,"LockerID":59,"Phone":"3125277820","PIN":"0852","Active":0,"StartTime":"2025-10-06T15:39:56Z","EndTime":"2025-10-06T18:09:39Z","AmountPaid":1500,"OpenBy":"user","LockerCode":"F9"},{"ID":343,"LockerID":14,"Phone":"3012214526","PIN":"5689","Active":0,"StartTime":"2025-10-06T15:44:54Z","EndTime":"2025-10-06T17:00:05Z","AmountPaid":1500,"OpenBy":"user","LockerCode":"B4"},{"ID":344,"LockerID":12,"Phone":"3152189715","PIN":"1980","Active":0,"StartTime":"2025-10-06T16:42:44Z","EndTime":"2025-10-06T17:17:08Z","AmountPaid":1600,"OpenBy":"user","LockerCode":"B2"},{"ID":345,"LockerID":45,"Phone":"3234923198","PIN":"2002","Active":0,"StartTime":"2025-10-06T17:05:51Z","EndTime":"2025-10-06T19:06:02Z","AmountPaid":1500,"OpenBy":"user","LockerCode":"E5"},{"ID":346,"LockerID":28,"Phone":"3246213622","PIN":"1102","Active":0,"StartTime":"2025-10-06T18:04:00Z","EndTime":"2025-10-06T19:11:59Z","AmountPaid":1500,"OpenBy":"user","LockerCode":"C8"},{"ID":347,"LockerID":22,"Phone":"3118177312","PIN":"1379","Active":0,"StartTime":"2025-10-06T18:27:20Z","EndTime":"2025-10-06T19:53:53Z","AmountPaid":1700,"OpenBy":"user","LockerCode":"C2"},{"ID":348,"LockerID":26,"Phone":"3054583050","PIN":"2003","Active":0,"StartTime":"2025-10-06T18:52:08Z","EndTime":"2025-10-06T19:49:23Z","AmountPaid":1500,"OpenBy":"user","LockerCode":"C6"},{"ID":349,"LockerID":18,"Phone":"3118094594","PIN":"4594","Active":0,"StartTime":"2025-10-06T19:19:08Z","EndTime":"2025-10-06T20:22:20Z","AmountPaid":1500,"OpenBy":"user","LockerCode":"B8"},{"ID":350,"LockerID":2,"Phone":"3015904518","PIN":"1323","Active":0,"StartTime":"2025-10-06T19:23:22Z","EndTime":"2025-10-06T19:45:56Z","AmountPaid":1500,"OpenBy":"user","LockerCode":"A2"},{"ID":351,"LockerID":37,"Phone":"3233788239","PIN":"1818","Active":0,"StartTime":"2025-10-06T19:25:03Z","EndTime":"2025-10-06T19:44:39Z","AmountPaid":1500,"OpenBy":"user","LockerCode":"D7"},{"ID":352,"LockerID":45,"Phone":"3124667569","PIN":"6321","Active":0,"StartTime":"2025-10-06T19:53:05Z","EndTime":"2025-10-06T20:49:16Z","AmountPaid":1500,"OpenBy":"user","LockerCode":"E5"},{"ID":353,"LockerID":1,"Phone":"3103828664","PIN":"3204","Active":0,"StartTime":"2025-10-06T20:13:19Z","EndTime":"2025-10-07T00:14:37Z","AmountPaid":1500,"OpenBy":"user","LockerCode":"A1"},{"ID":354,"LockerID":43,"Phone":"3046657640","PIN":"2331","Active":0,"StartTime":"2025-10-06T20:51:09Z","EndTime":"2025-10-06T21:16:11Z","AmountPaid":1500,"OpenBy":"user","LockerCode":"E3"},{"ID":355,"LockerID":44,"Phone":"3195985796","PIN":"1214","Active":0,"StartTime":"2025-10-06T21:07:54Z","EndTime":"2025-10-06T22:01:35Z","AmountPaid":1500,"OpenBy":"user","LockerCode":"E4"},{"ID":356,"LockerID":55,"Phone":"3024179013","PIN":"4689","Active":0,"StartTime":"2025-10-06T22:42:00Z","EndTime":"2025-10-07T00:03:58Z","AmountPaid":1500,"OpenBy":"user","LockerCode":"F5"},{"ID":357,"LockerID":54,"Phone":"3212384685","PIN":"2582","Active":0,"StartTime":"2025-10-06T22:44:05Z","EndTime":"2025-10-07T01:26:07Z","AmountPaid":1500,"OpenBy":"user","LockerCode":"F4"},{"ID":358,"LockerID":26,"Phone":"3172166639","PIN":"1946","Active":0,"StartTime":"2025-10-06T23:42:28Z","EndTime":"2025-10-07T00:59:22Z","AmountPaid":1500,"OpenBy":"user","LockerCode":"C6"},{"ID":359,"LockerID":30,"Phone":"3102319349","PIN":"9208","Active":1,"StartTime":"2025-10-06T23:56:23Z","EndTime":null,"AmountPaid":1500,"OpenBy":"user","LockerCode":"C10"},{"ID":360,"LockerID":41,"Phone":"3142321998","PIN":"2003","Active":1,"StartTime":"2025-10-07T00:44:05Z","EndTime":null,"AmountPaid":1500,"OpenBy":"user","LockerCode":"E1"}]
[2025-10-06 23:14:05] [INFO] [main] [tableReportLockers] Reporte enviado con éxito
[2025-10-06 23:46:57] [INFO] [main] Iniciando aplicación Electron
[2025-10-06 23:46:57] [INFO] [main] .env cargado desde C:\Users\User\Documents\Personal\LockeritDesk\configFiles\.env
[2025-10-06 23:46:57] [INFO] [main] App lista, creando ventana...
[2025-10-06 23:46:57] [INFO] [main] Creando ventana principal...
[2025-10-06 23:46:57] [INFO] [main] Cargando URL: http://localhost:5173
[2025-10-06 23:46:57] [INFO] [main] Recibido config actualizado
[2025-10-06 23:46:57] [INFO] [main] Recibido auth actualizado
[2025-10-06 23:46:57] [INFO] [main] Recibido logger actualizado
[2025-10-06 23:46:57] [INFO] [main] Recibido env actualizado
[2025-10-06 23:46:57] [INFO] [preload] Inicializando preload.js
[2025-10-06 23:46:57] [INFO] [setupWatcher] Observando archivo setup_config.json en: C:\Users\User\Documents\Personal\LockeritDesk\configFiles\setup_config.json
[2025-10-06 23:46:57] [INFO] [setupWatcher] Archivo setup_config.json cargado correctamente
[2025-10-06 23:46:57] [INFO] [preload] Watcher iniciado: setup_config.json
[2025-10-06 23:46:57] [INFO] [authWatcher] Observando archivo auth_key.json en: C:\Users\User\Documents\Personal\LockeritDesk\configFiles\auth_key.json
[2025-10-06 23:46:57] [INFO] [authWatcher] auth_key.json actualizado correctamente
[2025-10-06 23:46:57] [INFO] [preload] Watcher iniciado: auth_key.json
[2025-10-06 23:46:57] [INFO] [loggerWatcher] Observando archivo logger_config.json en: C:\Users\User\Documents\Personal\LockeritDesk\configFiles\logger_config.json
[2025-10-06 23:46:57] [INFO] [loggerWatcher] Archivo logger_config.json cargado correctamente
[2025-10-06 23:46:57] [INFO] [preload] Watcher iniciado: logger_config.json
[2025-10-06 23:46:57] [INFO] [envWatcher] Observando archivo .env en: C:\Users\User\Documents\Personal\LockeritDesk\configFiles\.env
[2025-10-06 23:46:57] [INFO] [envWatcher] Archivo .env cargado correctamente
[2025-10-06 23:46:57] [INFO] [preload] Watcher iniciado: .env
[2025-10-06 23:46:57] [INFO] [preload] API expuesta en window.electronAPI
[2025-10-06 23:46:58] [INFO] [main] [axiosConfig] API BaseURL Inicial: http://localhost:8080
[2025-10-06 23:46:58] [INFO] [main] [axiosConfig] API BaseTimeout Inicial: 30
[2025-10-06 23:46:58] [INFO] [main] [configStore] Configuración actualizada
[2025-10-06 23:46:58] [INFO] [main] [configStore] config_key.json inicial cargado exitosamente
[2025-10-06 23:46:58] [INFO] [main] [envStore] ENV inicial cargado correctamente
[2025-10-06 23:46:58] [INFO] [main] [envStore] ENV actualizado
[2025-10-06 23:46:58] [INFO] [main] [axiosConfig] API BaseTimeout actualizada dinámicamente: 30
[2025-10-06 23:46:58] [INFO] [main] [assignLocker] API BaseTimeout actualizada dinámicamente: 30
[2025-10-06 23:46:58] [INFO] [main] [authStore] Auth actualizado
[2025-10-06 23:46:58] [INFO] [main] [authStore] auth_key.json inicial cargado exitosamente
[2025-10-06 23:46:58] [INFO] [main] CSP cambió, enviando al renderer
[2025-10-06 23:46:58] [INFO] [main] get-screen-data-once -> 1920x1048 factor=0.97
[2025-10-06 23:46:59] [INFO] [main] [login] Usuario autenticado en sesión principal, redirigiendo a /adminlockers
[2025-10-06 23:46:59] [INFO] [main] [copyright] Versión cargada: 1.1.0
[2025-10-06 23:46:59] [INFO] [main] [app] Componente App montado
[2025-10-06 23:46:59] [INFO] [main] [app] Versión cargada: 1.1.0
[2025-10-06 23:46:59] [INFO] [main] [copyright] Versión cargada: 1.1.0
[2025-10-06 23:46:59] [INFO] [main] [app] Componente App montado
[2025-10-06 23:46:59] [INFO] [main] [app] Versión cargada: 1.1.0
[2025-10-06 23:46:59] [INFO] [main] [useConfig] Configuración inicial obtenida
[2025-10-06 23:46:59] [INFO] [main] [useConfig] Configuración inicial obtenida
[2025-10-06 23:46:59] [INFO] [main] [useConfig] Configuración inicial obtenida
[2025-10-06 23:46:59] [INFO] [main] [useConfig] Configuración inicial obtenida
[2025-10-06 23:46:59] [INFO] [main] [useConfig] Configuración inicial obtenida
[2025-10-06 23:46:59] [INFO] [main] [useConfig] Configuración inicial obtenida
[2025-10-06 23:46:59] [INFO] [main] [statusLockers] Iniciando petición para obtener casilleros disponibles
[2025-10-06 23:46:59] [INFO] [main] [statusLockers] Timeout efectivo en ejecución: 30000
[2025-10-06 23:46:59] [INFO] [main] [statusLockers] Intento 1: HOST -> http://localhost:8080
[2025-10-06 23:46:59] [INFO] [main] [statusLockers] Intento 1: URL -> /api/lockers/get-all-status
[2025-10-06 23:46:59] [INFO] [main] [statusLockers] Iniciando petición para obtener casilleros disponibles
[2025-10-06 23:46:59] [INFO] [main] [statusLockers] Timeout efectivo en ejecución: 30000
[2025-10-06 23:46:59] [INFO] [main] [statusLockers] Intento 1: HOST -> http://localhost:8080
[2025-10-06 23:46:59] [INFO] [main] [statusLockers] Intento 1: URL -> /api/lockers/get-all-status
[2025-10-06 23:46:59] [INFO] [main] [useConfig] Configuración inicial obtenida
[2025-10-06 23:46:59] [INFO] [main] [useConfig] Configuración inicial obtenida
[2025-10-06 23:46:59] [INFO] [main] [useConfig] Configuración inicial obtenida
[2025-10-06 23:46:59] [INFO] [main] [useConfig] Configuración inicial obtenida
[2025-10-06 23:46:59] [INFO] [main] [statusLockers] Response. Status: 200
[2025-10-06 23:46:59] [INFO] [main] [statusLockers] Response. Data: {"general":[{"status":"ocupado","total":2},{"status":"libre","total":57},{"status":"reservado","total":0},{"status":"deshabilitado","total":1}],"modules":[{"module":"A","lockers":[{"lockerCode":"A1","status":"libre"},{"lockerCode":"A2","status":"libre"},{"lockerCode":"A3","status":"libre"},{"lockerCode":"A4","status":"libre"},{"lockerCode":"A5","status":"libre"},{"lockerCode":"A6","status":"libre"},{"lockerCode":"A7","status":"libre"},{"lockerCode":"A8","status":"libre"},{"lockerCode":"A9","status":"libre"},{"lockerCode":"A10","status":"libre"}]},{"module":"B","lockers":[{"lockerCode":"B1","status":"libre"},{"lockerCode":"B2","status":"libre"},{"lockerCode":"B3","status":"libre"},{"lockerCode":"B4","status":"libre"},{"lockerCode":"B5","status":"libre"},{"lockerCode":"B6","status":"libre"},{"lockerCode":"B7","status":"libre"},{"lockerCode":"B8","status":"libre"},{"lockerCode":"B9","status":"libre"},{"lockerCode":"B10","status":"libre"}]},{"module":"C","lockers":[{"lockerCode":"C1","status":"libre"},{"lockerCode":"C2","status":"libre"},{"lockerCode":"C3","status":"libre"},{"lockerCode":"C4","status":"libre"},{"lockerCode":"C5","status":"libre"},{"lockerCode":"C6","status":"libre"},{"lockerCode":"C7","status":"libre"},{"lockerCode":"C8","status":"libre"},{"lockerCode":"C9","status":"libre"},{"lockerCode":"C10","status":"ocupado"}]},{"module":"D","lockers":[{"lockerCode":"D1","status":"libre"},{"lockerCode":"D2","status":"libre"},{"lockerCode":"D3","status":"libre"},{"lockerCode":"D4","status":"libre"},{"lockerCode":"D5","status":"libre"},{"lockerCode":"D6","status":"libre"},{"lockerCode":"D7","status":"libre"},{"lockerCode":"D8","status":"libre"},{"lockerCode":"D9","status":"libre"},{"lockerCode":"D10","status":"libre"}]},{"module":"E","lockers":[{"lockerCode":"E1","status":"ocupado"},{"lockerCode":"E2","status":"libre"},{"lockerCode":"E3","status":"libre"},{"lockerCode":"E4","status":"libre"},{"lockerCode":"E5","status":"libre"},{"lockerCode":"E6","status":"libre"},{"lockerCode":"E7","status":"libre"},{"lockerCode":"E8","status":"libre"},{"lockerCode":"E9","status":"libre"},{"lockerCode":"E10","status":"libre"}]},{"module":"F","lockers":[{"lockerCode":"F1","status":"libre"},{"lockerCode":"F2","status":"libre"},{"lockerCode":"F3","status":"libre"},{"lockerCode":"F4","status":"libre"},{"lockerCode":"F5","status":"libre"},{"lockerCode":"F6","status":"deshabilitado"},{"lockerCode":"F7","status":"libre"},{"lockerCode":"F8","status":"libre"},{"lockerCode":"F9","status":"libre"},{"lockerCode":"F10","status":"libre"}]}]}
[2025-10-06 23:46:59] [INFO] [main] [statusLockers] Response. Status: 200
[2025-10-06 23:46:59] [INFO] [main] [statusLockers] Response. Data: {"general":[{"status":"reservado","total":0},{"status":"deshabilitado","total":1},{"status":"ocupado","total":2},{"status":"libre","total":57}],"modules":[{"module":"A","lockers":[{"lockerCode":"A1","status":"libre"},{"lockerCode":"A2","status":"libre"},{"lockerCode":"A3","status":"libre"},{"lockerCode":"A4","status":"libre"},{"lockerCode":"A5","status":"libre"},{"lockerCode":"A6","status":"libre"},{"lockerCode":"A7","status":"libre"},{"lockerCode":"A8","status":"libre"},{"lockerCode":"A9","status":"libre"},{"lockerCode":"A10","status":"libre"}]},{"module":"B","lockers":[{"lockerCode":"B1","status":"libre"},{"lockerCode":"B2","status":"libre"},{"lockerCode":"B3","status":"libre"},{"lockerCode":"B4","status":"libre"},{"lockerCode":"B5","status":"libre"},{"lockerCode":"B6","status":"libre"},{"lockerCode":"B7","status":"libre"},{"lockerCode":"B8","status":"libre"},{"lockerCode":"B9","status":"libre"},{"lockerCode":"B10","status":"libre"}]},{"module":"C","lockers":[{"lockerCode":"C1","status":"libre"},{"lockerCode":"C2","status":"libre"},{"lockerCode":"C3","status":"libre"},{"lockerCode":"C4","status":"libre"},{"lockerCode":"C5","status":"libre"},{"lockerCode":"C6","status":"libre"},{"lockerCode":"C7","status":"libre"},{"lockerCode":"C8","status":"libre"},{"lockerCode":"C9","status":"libre"},{"lockerCode":"C10","status":"ocupado"}]},{"module":"D","lockers":[{"lockerCode":"D1","status":"libre"},{"lockerCode":"D2","status":"libre"},{"lockerCode":"D3","status":"libre"},{"lockerCode":"D4","status":"libre"},{"lockerCode":"D5","status":"libre"},{"lockerCode":"D6","status":"libre"},{"lockerCode":"D7","status":"libre"},{"lockerCode":"D8","status":"libre"},{"lockerCode":"D9","status":"libre"},{"lockerCode":"D10","status":"libre"}]},{"module":"E","lockers":[{"lockerCode":"E1","status":"ocupado"},{"lockerCode":"E2","status":"libre"},{"lockerCode":"E3","status":"libre"},{"lockerCode":"E4","status":"libre"},{"lockerCode":"E5","status":"libre"},{"lockerCode":"E6","status":"libre"},{"lockerCode":"E7","status":"libre"},{"lockerCode":"E8","status":"libre"},{"lockerCode":"E9","status":"libre"},{"lockerCode":"E10","status":"libre"}]},{"module":"F","lockers":[{"lockerCode":"F1","status":"libre"},{"lockerCode":"F2","status":"libre"},{"lockerCode":"F3","status":"libre"},{"lockerCode":"F4","status":"libre"},{"lockerCode":"F5","status":"libre"},{"lockerCode":"F6","status":"deshabilitado"},{"lockerCode":"F7","status":"libre"},{"lockerCode":"F8","status":"libre"},{"lockerCode":"F9","status":"libre"},{"lockerCode":"F10","status":"libre"}]}]}
[2025-10-06 23:47:33] [INFO] [main] [reserve] Iniciando petición para registrar usario en pago por periodo
[2025-10-06 23:47:33] [INFO] [main] [reserve] Timeout efectivo en ejecución: 30000
[2025-10-06 23:47:33] [INFO] [main] [reserve] Intento 1: HOST -> http://localhost:8080
[2025-10-06 23:47:33] [INFO] [main] [reserve] Intento 1: URL -> /api/lockers/reserve
[2025-10-06 23:47:33] [INFO] [main] [reserve] Intento 1: Request -> {"nameUser":"Camilo Diaz","idNumber":"1105681370","email":"camilo@gmail.com","phone":"3103192771","period":"Mensual","startDate":"2025-10-06","endDate":"2025-11-05","amount":31500,"porcentage":30}
[2025-10-06 23:47:33] [INFO] [main] [reserve] Response. Status: 200
[2025-10-06 23:47:33] [INFO] [main] [reserve] Response. Data: {"success":true,"message":"Casillero reservado exitosamente","lockerCode":"A1"}
[2025-10-06 23:47:36] [INFO] [main] [statusLockers] Iniciando petición para obtener casilleros disponibles
[2025-10-06 23:47:36] [INFO] [main] [statusLockers] Timeout efectivo en ejecución: 30000
[2025-10-06 23:47:36] [INFO] [main] [statusLockers] Intento 1: HOST -> http://localhost:8080
[2025-10-06 23:47:36] [INFO] [main] [statusLockers] Intento 1: URL -> /api/lockers/get-all-status
[2025-10-06 23:47:36] [INFO] [main] [copyright] Versión cargada: 1.1.0
[2025-10-06 23:47:36] [INFO] [main] [app] Componente App montado
[2025-10-06 23:47:36] [INFO] [main] [app] Versión cargada: 1.1.0
[2025-10-06 23:47:36] [INFO] [main] [statusLockers] Iniciando petición para obtener casilleros disponibles
[2025-10-06 23:47:36] [INFO] [main] [statusLockers] Timeout efectivo en ejecución: 30000
[2025-10-06 23:47:36] [INFO] [main] [statusLockers] Intento 1: HOST -> http://localhost:8080
[2025-10-06 23:47:36] [INFO] [main] [statusLockers] Intento 1: URL -> /api/lockers/get-all-status
[2025-10-06 23:47:36] [INFO] [main] [copyright] Versión cargada: 1.1.0
[2025-10-06 23:47:36] [INFO] [main] [app] Componente App montado
[2025-10-06 23:47:36] [INFO] [main] [app] Versión cargada: 1.1.0
[2025-10-06 23:47:36] [INFO] [main] [useConfig] Configuración inicial obtenida
[2025-10-06 23:47:36] [INFO] [main] [useConfig] Configuración inicial obtenida
[2025-10-06 23:47:36] [INFO] [main] [useConfig] Configuración inicial obtenida
[2025-10-06 23:47:36] [INFO] [main] [useConfig] Configuración inicial obtenida
[2025-10-06 23:47:36] [INFO] [main] [useConfig] Configuración inicial obtenida
[2025-10-06 23:47:36] [INFO] [main] [useConfig] Configuración inicial obtenida
[2025-10-06 23:47:36] [INFO] [main] [useConfig] Configuración inicial obtenida
[2025-10-06 23:47:36] [INFO] [main] [useConfig] Configuración inicial obtenida
[2025-10-06 23:47:37] [INFO] [main] [statusLockers] Response. Status: 200
[2025-10-06 23:47:37] [INFO] [main] [statusLockers] Response. Data: {"general":[{"status":"ocupado","total":2},{"status":"libre","total":56},{"status":"reservado","total":1},{"status":"deshabilitado","total":1}],"modules":[{"module":"A","lockers":[{"lockerCode":"A1","status":"reservado"},{"lockerCode":"A2","status":"libre"},{"lockerCode":"A3","status":"libre"},{"lockerCode":"A4","status":"libre"},{"lockerCode":"A5","status":"libre"},{"lockerCode":"A6","status":"libre"},{"lockerCode":"A7","status":"libre"},{"lockerCode":"A8","status":"libre"},{"lockerCode":"A9","status":"libre"},{"lockerCode":"A10","status":"libre"}]},{"module":"B","lockers":[{"lockerCode":"B1","status":"libre"},{"lockerCode":"B2","status":"libre"},{"lockerCode":"B3","status":"libre"},{"lockerCode":"B4","status":"libre"},{"lockerCode":"B5","status":"libre"},{"lockerCode":"B6","status":"libre"},{"lockerCode":"B7","status":"libre"},{"lockerCode":"B8","status":"libre"},{"lockerCode":"B9","status":"libre"},{"lockerCode":"B10","status":"libre"}]},{"module":"C","lockers":[{"lockerCode":"C1","status":"libre"},{"lockerCode":"C2","status":"libre"},{"lockerCode":"C3","status":"libre"},{"lockerCode":"C4","status":"libre"},{"lockerCode":"C5","status":"libre"},{"lockerCode":"C6","status":"libre"},{"lockerCode":"C7","status":"libre"},{"lockerCode":"C8","status":"libre"},{"lockerCode":"C9","status":"libre"},{"lockerCode":"C10","status":"ocupado"}]},{"module":"D","lockers":[{"lockerCode":"D1","status":"libre"},{"lockerCode":"D2","status":"libre"},{"lockerCode":"D3","status":"libre"},{"lockerCode":"D4","status":"libre"},{"lockerCode":"D5","status":"libre"},{"lockerCode":"D6","status":"libre"},{"lockerCode":"D7","status":"libre"},{"lockerCode":"D8","status":"libre"},{"lockerCode":"D9","status":"libre"},{"lockerCode":"D10","status":"libre"}]},{"module":"E","lockers":[{"lockerCode":"E1","status":"ocupado"},{"lockerCode":"E2","status":"libre"},{"lockerCode":"E3","status":"libre"},{"lockerCode":"E4","status":"libre"},{"lockerCode":"E5","status":"libre"},{"lockerCode":"E6","status":"libre"},{"lockerCode":"E7","status":"libre"},{"lockerCode":"E8","status":"libre"},{"lockerCode":"E9","status":"libre"},{"lockerCode":"E10","status":"libre"}]},{"module":"F","lockers":[{"lockerCode":"F1","status":"libre"},{"lockerCode":"F2","status":"libre"},{"lockerCode":"F3","status":"libre"},{"lockerCode":"F4","status":"libre"},{"lockerCode":"F5","status":"libre"},{"lockerCode":"F6","status":"deshabilitado"},{"lockerCode":"F7","status":"libre"},{"lockerCode":"F8","status":"libre"},{"lockerCode":"F9","status":"libre"},{"lockerCode":"F10","status":"libre"}]}]}
[2025-10-06 23:47:37] [INFO] [main] [statusLockers] Response. Status: 200
[2025-10-06 23:47:37] [INFO] [main] [statusLockers] Response. Data: {"general":[{"status":"libre","total":56},{"status":"reservado","total":1},{"status":"deshabilitado","total":1},{"status":"ocupado","total":2}],"modules":[{"module":"A","lockers":[{"lockerCode":"A1","status":"reservado"},{"lockerCode":"A2","status":"libre"},{"lockerCode":"A3","status":"libre"},{"lockerCode":"A4","status":"libre"},{"lockerCode":"A5","status":"libre"},{"lockerCode":"A6","status":"libre"},{"lockerCode":"A7","status":"libre"},{"lockerCode":"A8","status":"libre"},{"lockerCode":"A9","status":"libre"},{"lockerCode":"A10","status":"libre"}]},{"module":"B","lockers":[{"lockerCode":"B1","status":"libre"},{"lockerCode":"B2","status":"libre"},{"lockerCode":"B3","status":"libre"},{"lockerCode":"B4","status":"libre"},{"lockerCode":"B5","status":"libre"},{"lockerCode":"B6","status":"libre"},{"lockerCode":"B7","status":"libre"},{"lockerCode":"B8","status":"libre"},{"lockerCode":"B9","status":"libre"},{"lockerCode":"B10","status":"libre"}]},{"module":"C","lockers":[{"lockerCode":"C1","status":"libre"},{"lockerCode":"C2","status":"libre"},{"lockerCode":"C3","status":"libre"},{"lockerCode":"C4","status":"libre"},{"lockerCode":"C5","status":"libre"},{"lockerCode":"C6","status":"libre"},{"lockerCode":"C7","status":"libre"},{"lockerCode":"C8","status":"libre"},{"lockerCode":"C9","status":"libre"},{"lockerCode":"C10","status":"ocupado"}]},{"module":"D","lockers":[{"lockerCode":"D1","status":"libre"},{"lockerCode":"D2","status":"libre"},{"lockerCode":"D3","status":"libre"},{"lockerCode":"D4","status":"libre"},{"lockerCode":"D5","status":"libre"},{"lockerCode":"D6","status":"libre"},{"lockerCode":"D7","status":"libre"},{"lockerCode":"D8","status":"libre"},{"lockerCode":"D9","status":"libre"},{"lockerCode":"D10","status":"libre"}]},{"module":"E","lockers":[{"lockerCode":"E1","status":"ocupado"},{"lockerCode":"E2","status":"libre"},{"lockerCode":"E3","status":"libre"},{"lockerCode":"E4","status":"libre"},{"lockerCode":"E5","status":"libre"},{"lockerCode":"E6","status":"libre"},{"lockerCode":"E7","status":"libre"},{"lockerCode":"E8","status":"libre"},{"lockerCode":"E9","status":"libre"},{"lockerCode":"E10","status":"libre"}]},{"module":"F","lockers":[{"lockerCode":"F1","status":"libre"},{"lockerCode":"F2","status":"libre"},{"lockerCode":"F3","status":"libre"},{"lockerCode":"F4","status":"libre"},{"lockerCode":"F5","status":"libre"},{"lockerCode":"F6","status":"deshabilitado"},{"lockerCode":"F7","status":"libre"},{"lockerCode":"F8","status":"libre"},{"lockerCode":"F9","status":"libre"},{"lockerCode":"F10","status":"libre"}]}]}
[2025-10-06 23:48:05] [INFO] [main] [reserve] Iniciando petición para registrar usario en pago por periodo
[2025-10-06 23:48:05] [INFO] [main] [reserve] Timeout efectivo en ejecución: 30000
[2025-10-06 23:48:05] [INFO] [main] [reserve] Intento 1: HOST -> http://localhost:8080
[2025-10-06 23:48:05] [INFO] [main] [reserve] Intento 1: URL -> /api/lockers/reserve
[2025-10-06 23:48:05] [INFO] [main] [reserve] Intento 1: Request -> {"nameUser":"Cristhian Avila","idNumber":"1105681370","email":"cristhian@gmail.com","phone":"3103192771","period":"Mensual","startDate":"2025-10-06","endDate":"2025-11-05","amount":31500,"porcentage":30}
[2025-10-06 23:48:05] [INFO] [main] [reserve] Response. Status: 200
[2025-10-06 23:48:05] [INFO] [main] [reserve] Response. Data: {"success":true,"message":"Casillero reservado exitosamente","lockerCode":"A2"}
[2025-10-06 23:51:34] [WARN] [main] [registerUserPeriod] Errores de validación: El número de identificación no debe ser inferior a los 6 caracteres | Número celular inválido
[2025-10-06 23:52:58] [WARN] [main] [registerUserPeriod] Errores de validación: El número de identificación no debe ser inferior a los 6 caracteres | Número celular inválido
[2025-10-06 23:53:07] [WARN] [main] [registerUserPeriod] Errores de validación: El número de identificación no debe ser inferior a los 6 caracteres | Número celular inválido
[2025-10-06 23:53:19] [WARN] [main] [registerUserPeriod] Errores de validación: El número de identificación no debe ser inferior a los 6 caracteres | Número celular inválido
[2025-10-06 23:53:24] [WARN] [main] [registerUserPeriod] Errores de validación: Número celular inválido
[2025-10-06 23:53:34] [INFO] [main] [reserve] Iniciando petición para registrar usario en pago por periodo
[2025-10-06 23:53:34] [INFO] [main] [reserve] Timeout efectivo en ejecución: 30000
[2025-10-06 23:53:34] [INFO] [main] [reserve] Intento 1: HOST -> http://localhost:8080
[2025-10-06 23:53:34] [INFO] [main] [reserve] Intento 1: URL -> /api/lockers/reserve
[2025-10-06 23:53:34] [INFO] [main] [reserve] Intento 1: Request -> {"nameUser":"Yehimi Lobaton","idNumber":"687950","email":"yehimi@gmail.com","phone":"3203635089","period":"Mensual","startDate":"2025-10-06","endDate":"2025-11-05","amount":31500,"porcentage":30}
[2025-10-06 23:53:34] [INFO] [main] [reserve] Response. Status: 200
[2025-10-06 23:53:34] [INFO] [main] [reserve] Response. Data: {"success":true,"message":"Casillero reservado exitosamente","lockerCode":"A3"}
[2025-10-06 23:54:59] [INFO] [main] [reportLockers] Iniciando petición para obtener el reporte de casilleros
[2025-10-06 23:54:59] [INFO] [main] [reportLockers] Timeout efectivo en ejecución: 30000
[2025-10-06 23:54:59] [INFO] [main] [reportLockers] Intento 1: HOST -> http://localhost:8080
[2025-10-06 23:54:59] [INFO] [main] [reportLockers] Intento 1: URL -> /api/lockers/report
[2025-10-06 23:54:59] [INFO] [main] [reportLockers] Intento 1: Request -> {"startDate":"2025-10-06 05:00:00","endDate":"2025-10-07 04:54:59","sendEmail":false}
[2025-10-06 23:54:59] [INFO] [main] [reportLockers] Iniciando petición para obtener el reporte de casilleros
[2025-10-06 23:54:59] [INFO] [main] [reportLockers] Timeout efectivo en ejecución: 30000
[2025-10-06 23:54:59] [INFO] [main] [reportLockers] Intento 1: HOST -> http://localhost:8080
[2025-10-06 23:54:59] [INFO] [main] [reportLockers] Intento 1: URL -> /api/lockers/report
[2025-10-06 23:54:59] [INFO] [main] [reportLockers] Intento 1: Request -> {"startDate":"2025-10-06 05:00:00","endDate":"2025-10-07 04:54:59","sendEmail":false}
[2025-10-06 23:54:59] [INFO] [main] [useConfig] Configuración inicial obtenida
[2025-10-06 23:54:59] [INFO] [main] [useConfig] Configuración inicial obtenida
[2025-10-06 23:54:59] [INFO] [main] [useConfig] Configuración inicial obtenida
[2025-10-06 23:54:59] [INFO] [main] [useConfig] Configuración inicial obtenida
[2025-10-06 23:54:59] [INFO] [main] [reportLockers] Response. Status: 200
[2025-10-06 23:54:59] [INFO] [main] [reportLockers] Response. Data: [{"ID":336,"LockerID":19,"Phone":"3184920950","PIN":"1807","Active":0,"StartTime":"2025-10-06T11:24:19Z","EndTime":"2025-10-06T12:30:30Z","AmountPaid":1500,"OpenBy":"user","LockerCode":"B9"},{"ID":337,"LockerID":45,"Phone":"3148169044","PIN":"9804","Active":0,"StartTime":"2025-10-06T12:07:26Z","EndTime":"2025-10-06T13:17:23Z","AmountPaid":1500,"OpenBy":"user","LockerCode":"E5"},{"ID":338,"LockerID":3,"Phone":"3194051169","PIN":"9905","Active":0,"StartTime":"2025-10-06T13:25:07Z","EndTime":"2025-10-06T23:36:27Z","AmountPaid":1500,"OpenBy":"user","LockerCode":"A3"},{"ID":339,"LockerID":52,"Phone":"3118459069","PIN":"1608","Active":0,"StartTime":"2025-10-06T13:30:50Z","EndTime":"2025-10-06T13:58:48Z","AmountPaid":1500,"OpenBy":"user","LockerCode":"F2"},{"ID":340,"LockerID":50,"Phone":"3153618369","PIN":"1309","Active":0,"StartTime":"2025-10-06T15:07:30Z","EndTime":"2025-10-06T15:25:41Z","AmountPaid":1500,"OpenBy":"user","LockerCode":"E10"},{"ID":341,"LockerID":5,"Phone":"3003041589","PIN":"6521","Active":0,"StartTime":"2025-10-06T15:29:54Z","EndTime":"2025-10-06T17:11:11Z","AmountPaid":1500,"OpenBy":"user","LockerCode":"A5"},{"ID":342,"LockerID":59,"Phone":"3125277820","PIN":"0852","Active":0,"StartTime":"2025-10-06T15:39:56Z","EndTime":"2025-10-06T18:09:39Z","AmountPaid":1500,"OpenBy":"user","LockerCode":"F9"},{"ID":343,"LockerID":14,"Phone":"3012214526","PIN":"5689","Active":0,"StartTime":"2025-10-06T15:44:54Z","EndTime":"2025-10-06T17:00:05Z","AmountPaid":1500,"OpenBy":"user","LockerCode":"B4"},{"ID":344,"LockerID":12,"Phone":"3152189715","PIN":"1980","Active":0,"StartTime":"2025-10-06T16:42:44Z","EndTime":"2025-10-06T17:17:08Z","AmountPaid":1600,"OpenBy":"user","LockerCode":"B2"},{"ID":345,"LockerID":45,"Phone":"3234923198","PIN":"2002","Active":0,"StartTime":"2025-10-06T17:05:51Z","EndTime":"2025-10-06T19:06:02Z","AmountPaid":1500,"OpenBy":"user","LockerCode":"E5"},{"ID":346,"LockerID":28,"Phone":"3246213622","PIN":"1102","Active":0,"StartTime":"2025-10-06T18:04:00Z","EndTime":"2025-10-06T19:11:59Z","AmountPaid":1500,"OpenBy":"user","LockerCode":"C8"},{"ID":347,"LockerID":22,"Phone":"3118177312","PIN":"1379","Active":0,"StartTime":"2025-10-06T18:27:20Z","EndTime":"2025-10-06T19:53:53Z","AmountPaid":1700,"OpenBy":"user","LockerCode":"C2"},{"ID":348,"LockerID":26,"Phone":"3054583050","PIN":"2003","Active":0,"StartTime":"2025-10-06T18:52:08Z","EndTime":"2025-10-06T19:49:23Z","AmountPaid":1500,"OpenBy":"user","LockerCode":"C6"},{"ID":349,"LockerID":18,"Phone":"3118094594","PIN":"4594","Active":0,"StartTime":"2025-10-06T19:19:08Z","EndTime":"2025-10-06T20:22:20Z","AmountPaid":1500,"OpenBy":"user","LockerCode":"B8"},{"ID":350,"LockerID":2,"Phone":"3015904518","PIN":"1323","Active":0,"StartTime":"2025-10-06T19:23:22Z","EndTime":"2025-10-06T19:45:56Z","AmountPaid":1500,"OpenBy":"user","LockerCode":"A2"},{"ID":351,"LockerID":37,"Phone":"3233788239","PIN":"1818","Active":0,"StartTime":"2025-10-06T19:25:03Z","EndTime":"2025-10-06T19:44:39Z","AmountPaid":1500,"OpenBy":"user","LockerCode":"D7"},{"ID":352,"LockerID":45,"Phone":"3124667569","PIN":"6321","Active":0,"StartTime":"2025-10-06T19:53:05Z","EndTime":"2025-10-06T20:49:16Z","AmountPaid":1500,"OpenBy":"user","LockerCode":"E5"},{"ID":353,"LockerID":1,"Phone":"3103828664","PIN":"3204","Active":0,"StartTime":"2025-10-06T20:13:19Z","EndTime":"2025-10-07T00:14:37Z","AmountPaid":1500,"OpenBy":"user","LockerCode":"A1"},{"ID":354,"LockerID":43,"Phone":"3046657640","PIN":"2331","Active":0,"StartTime":"2025-10-06T20:51:09Z","EndTime":"2025-10-06T21:16:11Z","AmountPaid":1500,"OpenBy":"user","LockerCode":"E3"},{"ID":355,"LockerID":44,"Phone":"3195985796","PIN":"1214","Active":0,"StartTime":"2025-10-06T21:07:54Z","EndTime":"2025-10-06T22:01:35Z","AmountPaid":1500,"OpenBy":"user","LockerCode":"E4"},{"ID":356,"LockerID":55,"Phone":"3024179013","PIN":"4689","Active":0,"StartTime":"2025-10-06T22:42:00Z","EndTime":"2025-10-07T00:03:58Z","AmountPaid":1500,"OpenBy":"user","LockerCode":"F5"},{"ID":357,"LockerID":54,"Phone":"3212384685","PIN":"2582","Active":0,"StartTime":"2025-10-06T22:44:05Z","EndTime":"2025-10-07T01:26:07Z","AmountPaid":1500,"OpenBy":"user","LockerCode":"F4"},{"ID":358,"LockerID":26,"Phone":"3172166639","PIN":"1946","Active":0,"StartTime":"2025-10-06T23:42:28Z","EndTime":"2025-10-07T00:59:22Z","AmountPaid":1500,"OpenBy":"user","LockerCode":"C6"},{"ID":359,"LockerID":30,"Phone":"3102319349","PIN":"9208","Active":1,"StartTime":"2025-10-06T23:56:23Z","EndTime":null,"AmountPaid":1500,"OpenBy":"user","LockerCode":"C10"},{"ID":360,"LockerID":41,"Phone":"3142321998","PIN":"2003","Active":1,"StartTime":"2025-10-07T00:44:05Z","EndTime":null,"AmountPaid":1500,"OpenBy":"user","LockerCode":"E1"}]
[2025-10-06 23:54:59] [INFO] [main] [reportLockers] Response. Status: 200
[2025-10-06 23:54:59] [INFO] [main] [reportLockers] Response. Data: [{"ID":336,"LockerID":19,"Phone":"3184920950","PIN":"1807","Active":0,"StartTime":"2025-10-06T11:24:19Z","EndTime":"2025-10-06T12:30:30Z","AmountPaid":1500,"OpenBy":"user","LockerCode":"B9"},{"ID":337,"LockerID":45,"Phone":"3148169044","PIN":"9804","Active":0,"StartTime":"2025-10-06T12:07:26Z","EndTime":"2025-10-06T13:17:23Z","AmountPaid":1500,"OpenBy":"user","LockerCode":"E5"},{"ID":338,"LockerID":3,"Phone":"3194051169","PIN":"9905","Active":0,"StartTime":"2025-10-06T13:25:07Z","EndTime":"2025-10-06T23:36:27Z","AmountPaid":1500,"OpenBy":"user","LockerCode":"A3"},{"ID":339,"LockerID":52,"Phone":"3118459069","PIN":"1608","Active":0,"StartTime":"2025-10-06T13:30:50Z","EndTime":"2025-10-06T13:58:48Z","AmountPaid":1500,"OpenBy":"user","LockerCode":"F2"},{"ID":340,"LockerID":50,"Phone":"3153618369","PIN":"1309","Active":0,"StartTime":"2025-10-06T15:07:30Z","EndTime":"2025-10-06T15:25:41Z","AmountPaid":1500,"OpenBy":"user","LockerCode":"E10"},{"ID":341,"LockerID":5,"Phone":"3003041589","PIN":"6521","Active":0,"StartTime":"2025-10-06T15:29:54Z","EndTime":"2025-10-06T17:11:11Z","AmountPaid":1500,"OpenBy":"user","LockerCode":"A5"},{"ID":342,"LockerID":59,"Phone":"3125277820","PIN":"0852","Active":0,"StartTime":"2025-10-06T15:39:56Z","EndTime":"2025-10-06T18:09:39Z","AmountPaid":1500,"OpenBy":"user","LockerCode":"F9"},{"ID":343,"LockerID":14,"Phone":"3012214526","PIN":"5689","Active":0,"StartTime":"2025-10-06T15:44:54Z","EndTime":"2025-10-06T17:00:05Z","AmountPaid":1500,"OpenBy":"user","LockerCode":"B4"},{"ID":344,"LockerID":12,"Phone":"3152189715","PIN":"1980","Active":0,"StartTime":"2025-10-06T16:42:44Z","EndTime":"2025-10-06T17:17:08Z","AmountPaid":1600,"OpenBy":"user","LockerCode":"B2"},{"ID":345,"LockerID":45,"Phone":"3234923198","PIN":"2002","Active":0,"StartTime":"2025-10-06T17:05:51Z","EndTime":"2025-10-06T19:06:02Z","AmountPaid":1500,"OpenBy":"user","LockerCode":"E5"},{"ID":346,"LockerID":28,"Phone":"3246213622","PIN":"1102","Active":0,"StartTime":"2025-10-06T18:04:00Z","EndTime":"2025-10-06T19:11:59Z","AmountPaid":1500,"OpenBy":"user","LockerCode":"C8"},{"ID":347,"LockerID":22,"Phone":"3118177312","PIN":"1379","Active":0,"StartTime":"2025-10-06T18:27:20Z","EndTime":"2025-10-06T19:53:53Z","AmountPaid":1700,"OpenBy":"user","LockerCode":"C2"},{"ID":348,"LockerID":26,"Phone":"3054583050","PIN":"2003","Active":0,"StartTime":"2025-10-06T18:52:08Z","EndTime":"2025-10-06T19:49:23Z","AmountPaid":1500,"OpenBy":"user","LockerCode":"C6"},{"ID":349,"LockerID":18,"Phone":"3118094594","PIN":"4594","Active":0,"StartTime":"2025-10-06T19:19:08Z","EndTime":"2025-10-06T20:22:20Z","AmountPaid":1500,"OpenBy":"user","LockerCode":"B8"},{"ID":350,"LockerID":2,"Phone":"3015904518","PIN":"1323","Active":0,"StartTime":"2025-10-06T19:23:22Z","EndTime":"2025-10-06T19:45:56Z","AmountPaid":1500,"OpenBy":"user","LockerCode":"A2"},{"ID":351,"LockerID":37,"Phone":"3233788239","PIN":"1818","Active":0,"StartTime":"2025-10-06T19:25:03Z","EndTime":"2025-10-06T19:44:39Z","AmountPaid":1500,"OpenBy":"user","LockerCode":"D7"},{"ID":352,"LockerID":45,"Phone":"3124667569","PIN":"6321","Active":0,"StartTime":"2025-10-06T19:53:05Z","EndTime":"2025-10-06T20:49:16Z","AmountPaid":1500,"OpenBy":"user","LockerCode":"E5"},{"ID":353,"LockerID":1,"Phone":"3103828664","PIN":"3204","Active":0,"StartTime":"2025-10-06T20:13:19Z","EndTime":"2025-10-07T00:14:37Z","AmountPaid":1500,"OpenBy":"user","LockerCode":"A1"},{"ID":354,"LockerID":43,"Phone":"3046657640","PIN":"2331","Active":0,"StartTime":"2025-10-06T20:51:09Z","EndTime":"2025-10-06T21:16:11Z","AmountPaid":1500,"OpenBy":"user","LockerCode":"E3"},{"ID":355,"LockerID":44,"Phone":"3195985796","PIN":"1214","Active":0,"StartTime":"2025-10-06T21:07:54Z","EndTime":"2025-10-06T22:01:35Z","AmountPaid":1500,"OpenBy":"user","LockerCode":"E4"},{"ID":356,"LockerID":55,"Phone":"3024179013","PIN":"4689","Active":0,"StartTime":"2025-10-06T22:42:00Z","EndTime":"2025-10-07T00:03:58Z","AmountPaid":1500,"OpenBy":"user","LockerCode":"F5"},{"ID":357,"LockerID":54,"Phone":"3212384685","PIN":"2582","Active":0,"StartTime":"2025-10-06T22:44:05Z","EndTime":"2025-10-07T01:26:07Z","AmountPaid":1500,"OpenBy":"user","LockerCode":"F4"},{"ID":358,"LockerID":26,"Phone":"3172166639","PIN":"1946","Active":0,"StartTime":"2025-10-06T23:42:28Z","EndTime":"2025-10-07T00:59:22Z","AmountPaid":1500,"OpenBy":"user","LockerCode":"C6"},{"ID":359,"LockerID":30,"Phone":"3102319349","PIN":"9208","Active":1,"StartTime":"2025-10-06T23:56:23Z","EndTime":null,"AmountPaid":1500,"OpenBy":"user","LockerCode":"C10"},{"ID":360,"LockerID":41,"Phone":"3142321998","PIN":"2003","Active":1,"StartTime":"2025-10-07T00:44:05Z","EndTime":null,"AmountPaid":1500,"OpenBy":"user","LockerCode":"E1"}]
[2025-10-06 23:58:25] [INFO] [main] [statusLockers] Iniciando petición para obtener casilleros disponibles
[2025-10-06 23:58:25] [INFO] [main] [statusLockers] Timeout efectivo en ejecución: 30000
[2025-10-06 23:58:25] [INFO] [main] [statusLockers] Intento 1: HOST -> http://localhost:8080
[2025-10-06 23:58:25] [INFO] [main] [statusLockers] Intento 1: URL -> /api/lockers/get-all-status
[2025-10-06 23:58:25] [INFO] [main] [statusLockers] Iniciando petición para obtener casilleros disponibles
[2025-10-06 23:58:25] [INFO] [main] [statusLockers] Timeout efectivo en ejecución: 30000
[2025-10-06 23:58:25] [INFO] [main] [statusLockers] Intento 1: HOST -> http://localhost:8080
[2025-10-06 23:58:25] [INFO] [main] [statusLockers] Intento 1: URL -> /api/lockers/get-all-status
[2025-10-06 23:58:25] [INFO] [main] [useConfig] Configuración inicial obtenida
[2025-10-06 23:58:25] [INFO] [main] [useConfig] Configuración inicial obtenida
[2025-10-06 23:58:25] [INFO] [main] [useConfig] Configuración inicial obtenida
[2025-10-06 23:58:25] [INFO] [main] [useConfig] Configuración inicial obtenida
[2025-10-06 23:58:25] [INFO] [main] [statusLockers] Response. Status: 200
[2025-10-06 23:58:25] [INFO] [main] [statusLockers] Response. Data: {"general":[{"status":"ocupado","total":2},{"status":"libre","total":54},{"status":"reservado","total":3},{"status":"deshabilitado","total":1}],"modules":[{"module":"A","lockers":[{"lockerCode":"A1","status":"reservado"},{"lockerCode":"A2","status":"reservado"},{"lockerCode":"A3","status":"reservado"},{"lockerCode":"A4","status":"libre"},{"lockerCode":"A5","status":"libre"},{"lockerCode":"A6","status":"libre"},{"lockerCode":"A7","status":"libre"},{"lockerCode":"A8","status":"libre"},{"lockerCode":"A9","status":"libre"},{"lockerCode":"A10","status":"libre"}]},{"module":"B","lockers":[{"lockerCode":"B1","status":"libre"},{"lockerCode":"B2","status":"libre"},{"lockerCode":"B3","status":"libre"},{"lockerCode":"B4","status":"libre"},{"lockerCode":"B5","status":"libre"},{"lockerCode":"B6","status":"libre"},{"lockerCode":"B7","status":"libre"},{"lockerCode":"B8","status":"libre"},{"lockerCode":"B9","status":"libre"},{"lockerCode":"B10","status":"libre"}]},{"module":"C","lockers":[{"lockerCode":"C1","status":"libre"},{"lockerCode":"C2","status":"libre"},{"lockerCode":"C3","status":"libre"},{"lockerCode":"C4","status":"libre"},{"lockerCode":"C5","status":"libre"},{"lockerCode":"C6","status":"libre"},{"lockerCode":"C7","status":"libre"},{"lockerCode":"C8","status":"libre"},{"lockerCode":"C9","status":"libre"},{"lockerCode":"C10","status":"ocupado"}]},{"module":"D","lockers":[{"lockerCode":"D1","status":"libre"},{"lockerCode":"D2","status":"libre"},{"lockerCode":"D3","status":"libre"},{"lockerCode":"D4","status":"libre"},{"lockerCode":"D5","status":"libre"},{"lockerCode":"D6","status":"libre"},{"lockerCode":"D7","status":"libre"},{"lockerCode":"D8","status":"libre"},{"lockerCode":"D9","status":"libre"},{"lockerCode":"D10","status":"libre"}]},{"module":"E","lockers":[{"lockerCode":"E1","status":"ocupado"},{"lockerCode":"E2","status":"libre"},{"lockerCode":"E3","status":"libre"},{"lockerCode":"E4","status":"libre"},{"lockerCode":"E5","status":"libre"},{"lockerCode":"E6","status":"libre"},{"lockerCode":"E7","status":"libre"},{"lockerCode":"E8","status":"libre"},{"lockerCode":"E9","status":"libre"},{"lockerCode":"E10","status":"libre"}]},{"module":"F","lockers":[{"lockerCode":"F1","status":"libre"},{"lockerCode":"F2","status":"libre"},{"lockerCode":"F3","status":"libre"},{"lockerCode":"F4","status":"libre"},{"lockerCode":"F5","status":"libre"},{"lockerCode":"F6","status":"deshabilitado"},{"lockerCode":"F7","status":"libre"},{"lockerCode":"F8","status":"libre"},{"lockerCode":"F9","status":"libre"},{"lockerCode":"F10","status":"libre"}]}]}
[2025-10-06 23:58:25] [INFO] [main] [statusLockers] Response. Status: 200
[2025-10-06 23:58:25] [INFO] [main] [statusLockers] Response. Data: {"general":[{"status":"deshabilitado","total":1},{"status":"ocupado","total":2},{"status":"libre","total":54},{"status":"reservado","total":3}],"modules":[{"module":"A","lockers":[{"lockerCode":"A1","status":"reservado"},{"lockerCode":"A2","status":"reservado"},{"lockerCode":"A3","status":"reservado"},{"lockerCode":"A4","status":"libre"},{"lockerCode":"A5","status":"libre"},{"lockerCode":"A6","status":"libre"},{"lockerCode":"A7","status":"libre"},{"lockerCode":"A8","status":"libre"},{"lockerCode":"A9","status":"libre"},{"lockerCode":"A10","status":"libre"}]},{"module":"B","lockers":[{"lockerCode":"B1","status":"libre"},{"lockerCode":"B2","status":"libre"},{"lockerCode":"B3","status":"libre"},{"lockerCode":"B4","status":"libre"},{"lockerCode":"B5","status":"libre"},{"lockerCode":"B6","status":"libre"},{"lockerCode":"B7","status":"libre"},{"lockerCode":"B8","status":"libre"},{"lockerCode":"B9","status":"libre"},{"lockerCode":"B10","status":"libre"}]},{"module":"C","lockers":[{"lockerCode":"C1","status":"libre"},{"lockerCode":"C2","status":"libre"},{"lockerCode":"C3","status":"libre"},{"lockerCode":"C4","status":"libre"},{"lockerCode":"C5","status":"libre"},{"lockerCode":"C6","status":"libre"},{"lockerCode":"C7","status":"libre"},{"lockerCode":"C8","status":"libre"},{"lockerCode":"C9","status":"libre"},{"lockerCode":"C10","status":"ocupado"}]},{"module":"D","lockers":[{"lockerCode":"D1","status":"libre"},{"lockerCode":"D2","status":"libre"},{"lockerCode":"D3","status":"libre"},{"lockerCode":"D4","status":"libre"},{"lockerCode":"D5","status":"libre"},{"lockerCode":"D6","status":"libre"},{"lockerCode":"D7","status":"libre"},{"lockerCode":"D8","status":"libre"},{"lockerCode":"D9","status":"libre"},{"lockerCode":"D10","status":"libre"}]},{"module":"E","lockers":[{"lockerCode":"E1","status":"ocupado"},{"lockerCode":"E2","status":"libre"},{"lockerCode":"E3","status":"libre"},{"lockerCode":"E4","status":"libre"},{"lockerCode":"E5","status":"libre"},{"lockerCode":"E6","status":"libre"},{"lockerCode":"E7","status":"libre"},{"lockerCode":"E8","status":"libre"},{"lockerCode":"E9","status":"libre"},{"lockerCode":"E10","status":"libre"}]},{"module":"F","lockers":[{"lockerCode":"F1","status":"libre"},{"lockerCode":"F2","status":"libre"},{"lockerCode":"F3","status":"libre"},{"lockerCode":"F4","status":"libre"},{"lockerCode":"F5","status":"libre"},{"lockerCode":"F6","status":"deshabilitado"},{"lockerCode":"F7","status":"libre"},{"lockerCode":"F8","status":"libre"},{"lockerCode":"F9","status":"libre"},{"lockerCode":"F10","status":"libre"}]}]}
[2025-10-06 23:59:07] [WARN] [main] [registerUserPeriod] Errores de validación: Los nombres son obligatorios | El número de identificación es obligatorio | El correo electrónico es obligatorio | El número celiular es obligatorio
