[2025-10-16 18:21:30] [INFO] [main] Iniciando aplicación Electron
[2025-10-16 18:21:30] [INFO] [main] .env cargado desde C:\Users\User\Documents\Personal\LockeritDesk\configFiles\.env
[2025-10-16 18:21:31] [INFO] [main] App lista, creando ventana...
[2025-10-16 18:21:31] [INFO] [main] Creando ventana principal...
[2025-10-16 18:21:31] [INFO] [main] Cargando URL: http://localhost:5173
[2025-10-16 18:21:31] [INFO] [main] Recibido config actualizado
[2025-10-16 18:21:31] [INFO] [main] Recibido auth actualizado
[2025-10-16 18:21:31] [INFO] [main] Recibido logger actualizado
[2025-10-16 18:21:31] [INFO] [main] Recibido env actualizado
[2025-10-16 18:21:31] [INFO] [preload] Inicializando preload.js
[2025-10-16 18:21:31] [INFO] [setupWatcher] Observando archivo setup_config.json en: C:\Users\User\Documents\Personal\LockeritDesk\configFiles\setup_config.json
[2025-10-16 18:21:31] [INFO] [setupWatcher] Archivo setup_config.json cargado correctamente
[2025-10-16 18:21:31] [INFO] [preload] Watcher iniciado: setup_config.json
[2025-10-16 18:21:31] [INFO] [authWatcher] Observando archivo auth_key.json en: C:\Users\User\Documents\Personal\LockeritDesk\configFiles\auth_key.json
[2025-10-16 18:21:31] [INFO] [authWatcher] auth_key.json actualizado correctamente
[2025-10-16 18:21:31] [INFO] [preload] Watcher iniciado: auth_key.json
[2025-10-16 18:21:31] [INFO] [loggerWatcher] Observando archivo logger_config.json en: C:\Users\User\Documents\Personal\LockeritDesk\configFiles\logger_config.json
[2025-10-16 18:21:31] [INFO] [loggerWatcher] Archivo logger_config.json cargado correctamente
[2025-10-16 18:21:31] [INFO] [preload] Watcher iniciado: logger_config.json
[2025-10-16 18:21:31] [INFO] [envWatcher] Observando archivo .env en: C:\Users\User\Documents\Personal\LockeritDesk\configFiles\.env
[2025-10-16 18:21:31] [INFO] [envWatcher] Archivo .env cargado correctamente
[2025-10-16 18:21:31] [INFO] [preload] Watcher iniciado: .env
[2025-10-16 18:21:31] [INFO] [preload] API expuesta en window.electronAPI
[2025-10-16 18:21:36] [INFO] [main] [axiosConfig] API BaseURL Inicial: http://localhost:8080
[2025-10-16 18:21:36] [INFO] [main] [axiosConfig] API BaseTimeout Inicial: 30
[2025-10-16 18:21:36] [INFO] [main] [configStore] Configuración actualizada
[2025-10-16 18:21:36] [INFO] [main] [configStore] config_key.json inicial cargado exitosamente
[2025-10-16 18:21:36] [INFO] [main] [envStore] ENV inicial cargado correctamente
[2025-10-16 18:21:36] [INFO] [main] [envStore] ENV actualizado
[2025-10-16 18:21:36] [INFO] [main] [axiosConfig] API BaseTimeout actualizada dinámicamente: 30
[2025-10-16 18:21:36] [INFO] [main] [assignLocker] API BaseTimeout actualizada dinámicamente: 30
[2025-10-16 18:21:36] [INFO] [main] [authStore] Auth actualizado
[2025-10-16 18:21:36] [INFO] [main] [authStore] auth_key.json inicial cargado exitosamente
[2025-10-16 18:21:36] [INFO] [main] CSP cambió, enviando al renderer
[2025-10-16 18:21:37] [INFO] [main] get-screen-data-once -> 1920x1032 factor=0.96
[2025-10-16 18:21:37] [INFO] [main] [app] Scheduler diario habilitado: false | usuario config: undefined | usuario actual: administrador
[2025-10-16 18:21:37] [INFO] [main] [app] Scheduler semanal habilitado: false | usuario config: undefined | usuario actual: administrador
[2025-10-16 18:21:37] [INFO] [main] [app] Scheduler mensual habilitado: false | usuario config: undefined | usuario actual: administrador
[2025-10-16 18:21:37] [INFO] [main] [app] Scheduler diario habilitado: false | usuario config: undefined | usuario actual: administrador
[2025-10-16 18:21:37] [INFO] [main] [app] Scheduler semanal habilitado: false | usuario config: undefined | usuario actual: administrador
[2025-10-16 18:21:37] [INFO] [main] [app] Scheduler mensual habilitado: false | usuario config: undefined | usuario actual: administrador
[2025-10-16 18:21:37] [INFO] [main] [login] Usuario autenticado en sesión principal, redirigiendo a /adminlockers
[2025-10-16 18:21:37] [INFO] [main] [copyright] Versión cargada: 1.1.0
[2025-10-16 18:21:37] [INFO] [main] [app] Componente App montado
[2025-10-16 18:21:37] [INFO] [main] [app] Versión cargada: 1.1.0
[2025-10-16 18:21:37] [INFO] [main] [copyright] Versión cargada: 1.1.0
[2025-10-16 18:21:37] [INFO] [main] [app] Componente App montado
[2025-10-16 18:21:37] [INFO] [main] [app] Versión cargada: 1.1.0
[2025-10-16 18:21:37] [INFO] [main] [app] Scheduler diario habilitado: false | usuario config: undefined | usuario actual: administrador
[2025-10-16 18:21:37] [INFO] [main] [app] Scheduler semanal habilitado: false | usuario config: undefined | usuario actual: administrador
[2025-10-16 18:21:37] [INFO] [main] [app] Scheduler mensual habilitado: false | usuario config: undefined | usuario actual: administrador
[2025-10-16 18:21:37] [INFO] [main] [app] Scheduler diario habilitado: false | usuario config: undefined | usuario actual: administrador
[2025-10-16 18:21:37] [INFO] [main] [app] Scheduler semanal habilitado: false | usuario config: undefined | usuario actual: administrador
[2025-10-16 18:21:37] [INFO] [main] [app] Scheduler mensual habilitado: false | usuario config: undefined | usuario actual: administrador
[2025-10-16 18:21:37] [INFO] [main] [useConfig] Configuración inicial obtenida
[2025-10-16 18:21:37] [INFO] [main] [useConfig] Configuración inicial obtenida
[2025-10-16 18:21:37] [INFO] [main] [useConfig] Configuración inicial obtenida
[2025-10-16 18:21:37] [INFO] [main] [useConfig] Configuración inicial obtenida
[2025-10-16 18:21:37] [INFO] [main] [useConfig] Configuración inicial obtenida
[2025-10-16 18:21:37] [INFO] [main] [useConfig] Configuración inicial obtenida
[2025-10-16 18:21:37] [INFO] [main] [app] Scheduler diario habilitado: false | usuario config: operador | usuario actual: administrador
[2025-10-16 18:21:37] [INFO] [main] [app] Scheduler semanal habilitado: false | usuario config: operador | usuario actual: administrador
[2025-10-16 18:21:37] [INFO] [main] [app] Scheduler mensual habilitado: false | usuario config: operador | usuario actual: administrador
[2025-10-16 18:21:37] [INFO] [main] [app] Scheduler diario habilitado: false | usuario config: operador | usuario actual: administrador
[2025-10-16 18:21:37] [INFO] [main] [app] Scheduler semanal habilitado: false | usuario config: operador | usuario actual: administrador
[2025-10-16 18:21:37] [INFO] [main] [app] Scheduler mensual habilitado: false | usuario config: operador | usuario actual: administrador
[2025-10-16 18:21:37] [INFO] [main] [statusLockers] Iniciando petición para obtener casilleros disponibles
[2025-10-16 18:21:37] [INFO] [main] [statusLockers] Timeout efectivo en ejecución: 30000
[2025-10-16 18:21:37] [INFO] [main] [statusLockers] Intento 1: HOST -> http://localhost:8080
[2025-10-16 18:21:37] [INFO] [main] [statusLockers] Intento 1: URL -> /api/lockers/get-all-status
[2025-10-16 18:21:37] [INFO] [main] [statusLockers] Iniciando petición para obtener casilleros disponibles
[2025-10-16 18:21:37] [INFO] [main] [statusLockers] Timeout efectivo en ejecución: 30000
[2025-10-16 18:21:37] [INFO] [main] [statusLockers] Intento 1: HOST -> http://localhost:8080
[2025-10-16 18:21:37] [INFO] [main] [statusLockers] Intento 1: URL -> /api/lockers/get-all-status
[2025-10-16 18:21:37] [INFO] [main] [useConfig] Configuración inicial obtenida
[2025-10-16 18:21:37] [INFO] [main] [useConfig] Configuración inicial obtenida
[2025-10-16 18:21:37] [INFO] [main] [useConfig] Configuración inicial obtenida
[2025-10-16 18:21:37] [INFO] [main] [useConfig] Configuración inicial obtenida
[2025-10-16 18:21:37] [INFO] [main] [statusLockers] Response. Status: 200
[2025-10-16 18:21:37] [INFO] [main] [statusLockers] Response. Data: {"general":[{"status":"ocupado","total":3},{"status":"libre","total":54},{"status":"reservado","total":2},{"status":"deshabilitado","total":1}],"modules":[{"module":"A","lockers":[{"lockerCode":"A1","status":"reservado"},{"lockerCode":"A2","status":"reservado"},{"lockerCode":"A3","status":"libre"},{"lockerCode":"A4","status":"libre"},{"lockerCode":"A5","status":"libre"},{"lockerCode":"A6","status":"libre"},{"lockerCode":"A7","status":"libre"},{"lockerCode":"A8","status":"libre"},{"lockerCode":"A9","status":"libre"},{"lockerCode":"A10","status":"libre"}]},{"module":"B","lockers":[{"lockerCode":"B1","status":"libre"},{"lockerCode":"B2","status":"libre"},{"lockerCode":"B3","status":"libre"},{"lockerCode":"B4","status":"ocupado"},{"lockerCode":"B5","status":"libre"},{"lockerCode":"B6","status":"libre"},{"lockerCode":"B7","status":"libre"},{"lockerCode":"B8","status":"libre"},{"lockerCode":"B9","status":"libre"},{"lockerCode":"B10","status":"ocupado"}]},{"module":"C","lockers":[{"lockerCode":"C1","status":"libre"},{"lockerCode":"C2","status":"libre"},{"lockerCode":"C3","status":"libre"},{"lockerCode":"C4","status":"libre"},{"lockerCode":"C5","status":"libre"},{"lockerCode":"C6","status":"libre"},{"lockerCode":"C7","status":"libre"},{"lockerCode":"C8","status":"libre"},{"lockerCode":"C9","status":"libre"},{"lockerCode":"C10","status":"libre"}]},{"module":"D","lockers":[{"lockerCode":"D1","status":"ocupado"},{"lockerCode":"D2","status":"libre"},{"lockerCode":"D3","status":"libre"},{"lockerCode":"D4","status":"libre"},{"lockerCode":"D5","status":"libre"},{"lockerCode":"D6","status":"libre"},{"lockerCode":"D7","status":"libre"},{"lockerCode":"D8","status":"libre"},{"lockerCode":"D9","status":"libre"},{"lockerCode":"D10","status":"libre"}]},{"module":"E","lockers":[{"lockerCode":"E1","status":"libre"},{"lockerCode":"E2","status":"libre"},{"lockerCode":"E3","status":"libre"},{"lockerCode":"E4","status":"libre"},{"lockerCode":"E5","status":"libre"},{"lockerCode":"E6","status":"libre"},{"lockerCode":"E7","status":"libre"},{"lockerCode":"E8","status":"libre"},{"lockerCode":"E9","status":"libre"},{"lockerCode":"E10","status":"libre"}]},{"module":"F","lockers":[{"lockerCode":"F1","status":"libre"},{"lockerCode":"F2","status":"libre"},{"lockerCode":"F3","status":"libre"},{"lockerCode":"F4","status":"libre"},{"lockerCode":"F5","status":"libre"},{"lockerCode":"F6","status":"deshabilitado"},{"lockerCode":"F7","status":"libre"},{"lockerCode":"F8","status":"libre"},{"lockerCode":"F9","status":"libre"},{"lockerCode":"F10","status":"libre"}]}]}
[2025-10-16 18:21:37] [INFO] [main] [statusLockers] Response. Status: 200
[2025-10-16 18:21:37] [INFO] [main] [statusLockers] Response. Data: {"general":[{"status":"libre","total":54},{"status":"reservado","total":2},{"status":"deshabilitado","total":1},{"status":"ocupado","total":3}],"modules":[{"module":"A","lockers":[{"lockerCode":"A1","status":"reservado"},{"lockerCode":"A2","status":"reservado"},{"lockerCode":"A3","status":"libre"},{"lockerCode":"A4","status":"libre"},{"lockerCode":"A5","status":"libre"},{"lockerCode":"A6","status":"libre"},{"lockerCode":"A7","status":"libre"},{"lockerCode":"A8","status":"libre"},{"lockerCode":"A9","status":"libre"},{"lockerCode":"A10","status":"libre"}]},{"module":"B","lockers":[{"lockerCode":"B1","status":"libre"},{"lockerCode":"B2","status":"libre"},{"lockerCode":"B3","status":"libre"},{"lockerCode":"B4","status":"ocupado"},{"lockerCode":"B5","status":"libre"},{"lockerCode":"B6","status":"libre"},{"lockerCode":"B7","status":"libre"},{"lockerCode":"B8","status":"libre"},{"lockerCode":"B9","status":"libre"},{"lockerCode":"B10","status":"ocupado"}]},{"module":"C","lockers":[{"lockerCode":"C1","status":"libre"},{"lockerCode":"C2","status":"libre"},{"lockerCode":"C3","status":"libre"},{"lockerCode":"C4","status":"libre"},{"lockerCode":"C5","status":"libre"},{"lockerCode":"C6","status":"libre"},{"lockerCode":"C7","status":"libre"},{"lockerCode":"C8","status":"libre"},{"lockerCode":"C9","status":"libre"},{"lockerCode":"C10","status":"libre"}]},{"module":"D","lockers":[{"lockerCode":"D1","status":"ocupado"},{"lockerCode":"D2","status":"libre"},{"lockerCode":"D3","status":"libre"},{"lockerCode":"D4","status":"libre"},{"lockerCode":"D5","status":"libre"},{"lockerCode":"D6","status":"libre"},{"lockerCode":"D7","status":"libre"},{"lockerCode":"D8","status":"libre"},{"lockerCode":"D9","status":"libre"},{"lockerCode":"D10","status":"libre"}]},{"module":"E","lockers":[{"lockerCode":"E1","status":"libre"},{"lockerCode":"E2","status":"libre"},{"lockerCode":"E3","status":"libre"},{"lockerCode":"E4","status":"libre"},{"lockerCode":"E5","status":"libre"},{"lockerCode":"E6","status":"libre"},{"lockerCode":"E7","status":"libre"},{"lockerCode":"E8","status":"libre"},{"lockerCode":"E9","status":"libre"},{"lockerCode":"E10","status":"libre"}]},{"module":"F","lockers":[{"lockerCode":"F1","status":"libre"},{"lockerCode":"F2","status":"libre"},{"lockerCode":"F3","status":"libre"},{"lockerCode":"F4","status":"libre"},{"lockerCode":"F5","status":"libre"},{"lockerCode":"F6","status":"deshabilitado"},{"lockerCode":"F7","status":"libre"},{"lockerCode":"F8","status":"libre"},{"lockerCode":"F9","status":"libre"},{"lockerCode":"F10","status":"libre"}]}]}
[2025-10-16 18:21:38] [INFO] [main] [app] Scheduler diario habilitado: false | usuario config: operador | usuario actual: administrador
[2025-10-16 18:21:38] [INFO] [main] [app] Scheduler semanal habilitado: false | usuario config: operador | usuario actual: administrador
[2025-10-16 18:21:38] [INFO] [main] [app] Scheduler mensual habilitado: false | usuario config: operador | usuario actual: administrador
[2025-10-16 18:21:38] [INFO] [main] [app] Scheduler diario habilitado: false | usuario config: operador | usuario actual: administrador
[2025-10-16 18:21:38] [INFO] [main] [app] Scheduler semanal habilitado: false | usuario config: operador | usuario actual: administrador
[2025-10-16 18:21:38] [INFO] [main] [app] Scheduler mensual habilitado: false | usuario config: operador | usuario actual: administrador
[2025-10-16 18:21:43] [INFO] [main] [statusLockers] Iniciando petición para obtener casilleros disponibles
[2025-10-16 18:21:43] [INFO] [main] [statusLockers] Timeout efectivo en ejecución: 30000
[2025-10-16 18:21:43] [INFO] [main] [statusLockers] Intento 1: HOST -> http://localhost:8080
[2025-10-16 18:21:43] [INFO] [main] [statusLockers] Intento 1: URL -> /api/lockers/get-all-status
[2025-10-16 18:21:43] [INFO] [main] [statusLockers] Response. Status: 200
[2025-10-16 18:21:43] [INFO] [main] [statusLockers] Response. Data: {"general":[{"status":"ocupado","total":3},{"status":"libre","total":54},{"status":"reservado","total":2},{"status":"deshabilitado","total":1}],"modules":[{"module":"A","lockers":[{"lockerCode":"A1","status":"reservado"},{"lockerCode":"A2","status":"reservado"},{"lockerCode":"A3","status":"libre"},{"lockerCode":"A4","status":"libre"},{"lockerCode":"A5","status":"libre"},{"lockerCode":"A6","status":"libre"},{"lockerCode":"A7","status":"libre"},{"lockerCode":"A8","status":"libre"},{"lockerCode":"A9","status":"libre"},{"lockerCode":"A10","status":"libre"}]},{"module":"B","lockers":[{"lockerCode":"B1","status":"libre"},{"lockerCode":"B2","status":"libre"},{"lockerCode":"B3","status":"libre"},{"lockerCode":"B4","status":"ocupado"},{"lockerCode":"B5","status":"libre"},{"lockerCode":"B6","status":"libre"},{"lockerCode":"B7","status":"libre"},{"lockerCode":"B8","status":"libre"},{"lockerCode":"B9","status":"libre"},{"lockerCode":"B10","status":"ocupado"}]},{"module":"C","lockers":[{"lockerCode":"C1","status":"libre"},{"lockerCode":"C2","status":"libre"},{"lockerCode":"C3","status":"libre"},{"lockerCode":"C4","status":"libre"},{"lockerCode":"C5","status":"libre"},{"lockerCode":"C6","status":"libre"},{"lockerCode":"C7","status":"libre"},{"lockerCode":"C8","status":"libre"},{"lockerCode":"C9","status":"libre"},{"lockerCode":"C10","status":"libre"}]},{"module":"D","lockers":[{"lockerCode":"D1","status":"ocupado"},{"lockerCode":"D2","status":"libre"},{"lockerCode":"D3","status":"libre"},{"lockerCode":"D4","status":"libre"},{"lockerCode":"D5","status":"libre"},{"lockerCode":"D6","status":"libre"},{"lockerCode":"D7","status":"libre"},{"lockerCode":"D8","status":"libre"},{"lockerCode":"D9","status":"libre"},{"lockerCode":"D10","status":"libre"}]},{"module":"E","lockers":[{"lockerCode":"E1","status":"libre"},{"lockerCode":"E2","status":"libre"},{"lockerCode":"E3","status":"libre"},{"lockerCode":"E4","status":"libre"},{"lockerCode":"E5","status":"libre"},{"lockerCode":"E6","status":"libre"},{"lockerCode":"E7","status":"libre"},{"lockerCode":"E8","status":"libre"},{"lockerCode":"E9","status":"libre"},{"lockerCode":"E10","status":"libre"}]},{"module":"F","lockers":[{"lockerCode":"F1","status":"libre"},{"lockerCode":"F2","status":"libre"},{"lockerCode":"F3","status":"libre"},{"lockerCode":"F4","status":"libre"},{"lockerCode":"F5","status":"libre"},{"lockerCode":"F6","status":"deshabilitado"},{"lockerCode":"F7","status":"libre"},{"lockerCode":"F8","status":"libre"},{"lockerCode":"F9","status":"libre"},{"lockerCode":"F10","status":"libre"}]}]}
[2025-10-16 18:22:22] [INFO] [main] [reserve] Iniciando petición para registrar usario en pago por periodo
[2025-10-16 18:22:22] [INFO] [main] [reserve] Timeout efectivo en ejecución: 30000
[2025-10-16 18:22:22] [INFO] [main] [reserve] Intento 1: HOST -> http://localhost:8080
[2025-10-16 18:22:22] [INFO] [main] [reserve] Intento 1: URL -> /api/lockers/reserve
[2025-10-16 18:22:22] [INFO] [main] [reserve] Intento 1: Request -> {"nameUser":"Yehimi lobaton","idNumber":"1030573292","email":"yehimi@correo.com","phone":"3203635089","period":"Mensual","startDate":"2025-10-16","endDate":"2025-11-15","amount":31500,"porcentage":30}
[2025-10-16 18:22:22] [INFO] [main] [reserve] Response. Status: 200
[2025-10-16 18:22:22] [INFO] [main] [reserve] Response. Data: {"success":true,"message":"Casillero reservado exitosamente","lockerCode":"A3"}
[2025-10-16 18:22:24] [INFO] [main] [statusLockers] Iniciando petición para obtener casilleros disponibles
[2025-10-16 18:22:24] [INFO] [main] [statusLockers] Timeout efectivo en ejecución: 30000
[2025-10-16 18:22:24] [INFO] [main] [statusLockers] Intento 1: HOST -> http://localhost:8080
[2025-10-16 18:22:24] [INFO] [main] [statusLockers] Intento 1: URL -> /api/lockers/get-all-status
[2025-10-16 18:22:24] [INFO] [main] [statusLockers] Response. Status: 200
[2025-10-16 18:22:24] [INFO] [main] [statusLockers] Response. Data: {"general":[{"status":"ocupado","total":3},{"status":"libre","total":53},{"status":"reservado","total":3},{"status":"deshabilitado","total":1}],"modules":[{"module":"A","lockers":[{"lockerCode":"A1","status":"reservado"},{"lockerCode":"A2","status":"reservado"},{"lockerCode":"A3","status":"reservado"},{"lockerCode":"A4","status":"libre"},{"lockerCode":"A5","status":"libre"},{"lockerCode":"A6","status":"libre"},{"lockerCode":"A7","status":"libre"},{"lockerCode":"A8","status":"libre"},{"lockerCode":"A9","status":"libre"},{"lockerCode":"A10","status":"libre"}]},{"module":"B","lockers":[{"lockerCode":"B1","status":"libre"},{"lockerCode":"B2","status":"libre"},{"lockerCode":"B3","status":"libre"},{"lockerCode":"B4","status":"ocupado"},{"lockerCode":"B5","status":"libre"},{"lockerCode":"B6","status":"libre"},{"lockerCode":"B7","status":"libre"},{"lockerCode":"B8","status":"libre"},{"lockerCode":"B9","status":"libre"},{"lockerCode":"B10","status":"ocupado"}]},{"module":"C","lockers":[{"lockerCode":"C1","status":"libre"},{"lockerCode":"C2","status":"libre"},{"lockerCode":"C3","status":"libre"},{"lockerCode":"C4","status":"libre"},{"lockerCode":"C5","status":"libre"},{"lockerCode":"C6","status":"libre"},{"lockerCode":"C7","status":"libre"},{"lockerCode":"C8","status":"libre"},{"lockerCode":"C9","status":"libre"},{"lockerCode":"C10","status":"libre"}]},{"module":"D","lockers":[{"lockerCode":"D1","status":"ocupado"},{"lockerCode":"D2","status":"libre"},{"lockerCode":"D3","status":"libre"},{"lockerCode":"D4","status":"libre"},{"lockerCode":"D5","status":"libre"},{"lockerCode":"D6","status":"libre"},{"lockerCode":"D7","status":"libre"},{"lockerCode":"D8","status":"libre"},{"lockerCode":"D9","status":"libre"},{"lockerCode":"D10","status":"libre"}]},{"module":"E","lockers":[{"lockerCode":"E1","status":"libre"},{"lockerCode":"E2","status":"libre"},{"lockerCode":"E3","status":"libre"},{"lockerCode":"E4","status":"libre"},{"lockerCode":"E5","status":"libre"},{"lockerCode":"E6","status":"libre"},{"lockerCode":"E7","status":"libre"},{"lockerCode":"E8","status":"libre"},{"lockerCode":"E9","status":"libre"},{"lockerCode":"E10","status":"libre"}]},{"module":"F","lockers":[{"lockerCode":"F1","status":"libre"},{"lockerCode":"F2","status":"libre"},{"lockerCode":"F3","status":"libre"},{"lockerCode":"F4","status":"libre"},{"lockerCode":"F5","status":"libre"},{"lockerCode":"F6","status":"deshabilitado"},{"lockerCode":"F7","status":"libre"},{"lockerCode":"F8","status":"libre"},{"lockerCode":"F9","status":"libre"},{"lockerCode":"F10","status":"libre"}]}]}
[2025-10-16 18:22:29] [INFO] [main] [app] Scheduler diario habilitado: false | usuario config: undefined | usuario actual: administrador
[2025-10-16 18:22:29] [INFO] [main] [app] Scheduler semanal habilitado: false | usuario config: undefined | usuario actual: administrador
[2025-10-16 18:22:29] [INFO] [main] [app] Scheduler mensual habilitado: false | usuario config: undefined | usuario actual: administrador
[2025-10-16 18:22:29] [INFO] [main] [app] Scheduler diario habilitado: false | usuario config: undefined | usuario actual: administrador
[2025-10-16 18:22:29] [INFO] [main] [app] Scheduler semanal habilitado: false | usuario config: undefined | usuario actual: administrador
[2025-10-16 18:22:29] [INFO] [main] [app] Scheduler mensual habilitado: false | usuario config: undefined | usuario actual: administrador
[2025-10-16 18:22:29] [INFO] [main] [statusLockers] Iniciando petición para obtener casilleros disponibles
[2025-10-16 18:22:29] [INFO] [main] [statusLockers] Timeout efectivo en ejecución: 30000
[2025-10-16 18:22:29] [INFO] [main] [statusLockers] Intento 1: HOST -> http://localhost:8080
[2025-10-16 18:22:29] [INFO] [main] [statusLockers] Intento 1: URL -> /api/lockers/get-all-status
[2025-10-16 18:22:29] [INFO] [main] [copyright] Versión cargada: 1.1.0
[2025-10-16 18:22:29] [INFO] [main] [app] Componente App montado
[2025-10-16 18:22:29] [INFO] [main] [app] Versión cargada: 1.1.0
[2025-10-16 18:22:29] [INFO] [main] [statusLockers] Iniciando petición para obtener casilleros disponibles
[2025-10-16 18:22:29] [INFO] [main] [statusLockers] Timeout efectivo en ejecución: 30000
[2025-10-16 18:22:29] [INFO] [main] [statusLockers] Intento 1: HOST -> http://localhost:8080
[2025-10-16 18:22:29] [INFO] [main] [statusLockers] Intento 1: URL -> /api/lockers/get-all-status
[2025-10-16 18:22:29] [INFO] [main] [copyright] Versión cargada: 1.1.0
[2025-10-16 18:22:29] [INFO] [main] [app] Componente App montado
[2025-10-16 18:22:29] [INFO] [main] [app] Versión cargada: 1.1.0
[2025-10-16 18:22:29] [INFO] [main] [app] Scheduler diario habilitado: false | usuario config: undefined | usuario actual: administrador
[2025-10-16 18:22:29] [INFO] [main] [app] Scheduler semanal habilitado: false | usuario config: undefined | usuario actual: administrador
[2025-10-16 18:22:29] [INFO] [main] [app] Scheduler mensual habilitado: false | usuario config: undefined | usuario actual: administrador
[2025-10-16 18:22:29] [INFO] [main] [app] Scheduler diario habilitado: false | usuario config: undefined | usuario actual: administrador
[2025-10-16 18:22:29] [INFO] [main] [app] Scheduler semanal habilitado: false | usuario config: undefined | usuario actual: administrador
[2025-10-16 18:22:29] [INFO] [main] [app] Scheduler mensual habilitado: false | usuario config: undefined | usuario actual: administrador
[2025-10-16 18:22:29] [INFO] [main] [useConfig] Configuración inicial obtenida
[2025-10-16 18:22:29] [INFO] [main] [useConfig] Configuración inicial obtenida
[2025-10-16 18:22:29] [INFO] [main] [useConfig] Configuración inicial obtenida
[2025-10-16 18:22:29] [INFO] [main] [useConfig] Configuración inicial obtenida
[2025-10-16 18:22:29] [INFO] [main] [useConfig] Configuración inicial obtenida
[2025-10-16 18:22:29] [INFO] [main] [useConfig] Configuración inicial obtenida
[2025-10-16 18:22:29] [INFO] [main] [useConfig] Configuración inicial obtenida
[2025-10-16 18:22:29] [INFO] [main] [useConfig] Configuración inicial obtenida
[2025-10-16 18:22:29] [INFO] [main] [app] Scheduler diario habilitado: false | usuario config: operador | usuario actual: administrador
[2025-10-16 18:22:29] [INFO] [main] [app] Scheduler semanal habilitado: false | usuario config: operador | usuario actual: administrador
[2025-10-16 18:22:29] [INFO] [main] [app] Scheduler mensual habilitado: false | usuario config: operador | usuario actual: administrador
[2025-10-16 18:22:29] [INFO] [main] [app] Scheduler diario habilitado: false | usuario config: operador | usuario actual: administrador
[2025-10-16 18:22:29] [INFO] [main] [app] Scheduler semanal habilitado: false | usuario config: operador | usuario actual: administrador
[2025-10-16 18:22:29] [INFO] [main] [app] Scheduler mensual habilitado: false | usuario config: operador | usuario actual: administrador
[2025-10-16 18:22:29] [INFO] [main] [statusLockers] Response. Status: 200
[2025-10-16 18:22:29] [INFO] [main] [statusLockers] Response. Data: {"general":[{"status":"libre","total":53},{"status":"reservado","total":3},{"status":"deshabilitado","total":1},{"status":"ocupado","total":3}],"modules":[{"module":"A","lockers":[{"lockerCode":"A1","status":"reservado"},{"lockerCode":"A2","status":"reservado"},{"lockerCode":"A3","status":"reservado"},{"lockerCode":"A4","status":"libre"},{"lockerCode":"A5","status":"libre"},{"lockerCode":"A6","status":"libre"},{"lockerCode":"A7","status":"libre"},{"lockerCode":"A8","status":"libre"},{"lockerCode":"A9","status":"libre"},{"lockerCode":"A10","status":"libre"}]},{"module":"B","lockers":[{"lockerCode":"B1","status":"libre"},{"lockerCode":"B2","status":"libre"},{"lockerCode":"B3","status":"libre"},{"lockerCode":"B4","status":"ocupado"},{"lockerCode":"B5","status":"libre"},{"lockerCode":"B6","status":"libre"},{"lockerCode":"B7","status":"libre"},{"lockerCode":"B8","status":"libre"},{"lockerCode":"B9","status":"libre"},{"lockerCode":"B10","status":"ocupado"}]},{"module":"C","lockers":[{"lockerCode":"C1","status":"libre"},{"lockerCode":"C2","status":"libre"},{"lockerCode":"C3","status":"libre"},{"lockerCode":"C4","status":"libre"},{"lockerCode":"C5","status":"libre"},{"lockerCode":"C6","status":"libre"},{"lockerCode":"C7","status":"libre"},{"lockerCode":"C8","status":"libre"},{"lockerCode":"C9","status":"libre"},{"lockerCode":"C10","status":"libre"}]},{"module":"D","lockers":[{"lockerCode":"D1","status":"ocupado"},{"lockerCode":"D2","status":"libre"},{"lockerCode":"D3","status":"libre"},{"lockerCode":"D4","status":"libre"},{"lockerCode":"D5","status":"libre"},{"lockerCode":"D6","status":"libre"},{"lockerCode":"D7","status":"libre"},{"lockerCode":"D8","status":"libre"},{"lockerCode":"D9","status":"libre"},{"lockerCode":"D10","status":"libre"}]},{"module":"E","lockers":[{"lockerCode":"E1","status":"libre"},{"lockerCode":"E2","status":"libre"},{"lockerCode":"E3","status":"libre"},{"lockerCode":"E4","status":"libre"},{"lockerCode":"E5","status":"libre"},{"lockerCode":"E6","status":"libre"},{"lockerCode":"E7","status":"libre"},{"lockerCode":"E8","status":"libre"},{"lockerCode":"E9","status":"libre"},{"lockerCode":"E10","status":"libre"}]},{"module":"F","lockers":[{"lockerCode":"F1","status":"libre"},{"lockerCode":"F2","status":"libre"},{"lockerCode":"F3","status":"libre"},{"lockerCode":"F4","status":"libre"},{"lockerCode":"F5","status":"libre"},{"lockerCode":"F6","status":"deshabilitado"},{"lockerCode":"F7","status":"libre"},{"lockerCode":"F8","status":"libre"},{"lockerCode":"F9","status":"libre"},{"lockerCode":"F10","status":"libre"}]}]}
[2025-10-16 18:22:29] [INFO] [main] [statusLockers] Response. Status: 200
[2025-10-16 18:22:29] [INFO] [main] [statusLockers] Response. Data: {"general":[{"status":"ocupado","total":3},{"status":"libre","total":53},{"status":"reservado","total":3},{"status":"deshabilitado","total":1}],"modules":[{"module":"A","lockers":[{"lockerCode":"A1","status":"reservado"},{"lockerCode":"A2","status":"reservado"},{"lockerCode":"A3","status":"reservado"},{"lockerCode":"A4","status":"libre"},{"lockerCode":"A5","status":"libre"},{"lockerCode":"A6","status":"libre"},{"lockerCode":"A7","status":"libre"},{"lockerCode":"A8","status":"libre"},{"lockerCode":"A9","status":"libre"},{"lockerCode":"A10","status":"libre"}]},{"module":"B","lockers":[{"lockerCode":"B1","status":"libre"},{"lockerCode":"B2","status":"libre"},{"lockerCode":"B3","status":"libre"},{"lockerCode":"B4","status":"ocupado"},{"lockerCode":"B5","status":"libre"},{"lockerCode":"B6","status":"libre"},{"lockerCode":"B7","status":"libre"},{"lockerCode":"B8","status":"libre"},{"lockerCode":"B9","status":"libre"},{"lockerCode":"B10","status":"ocupado"}]},{"module":"C","lockers":[{"lockerCode":"C1","status":"libre"},{"lockerCode":"C2","status":"libre"},{"lockerCode":"C3","status":"libre"},{"lockerCode":"C4","status":"libre"},{"lockerCode":"C5","status":"libre"},{"lockerCode":"C6","status":"libre"},{"lockerCode":"C7","status":"libre"},{"lockerCode":"C8","status":"libre"},{"lockerCode":"C9","status":"libre"},{"lockerCode":"C10","status":"libre"}]},{"module":"D","lockers":[{"lockerCode":"D1","status":"ocupado"},{"lockerCode":"D2","status":"libre"},{"lockerCode":"D3","status":"libre"},{"lockerCode":"D4","status":"libre"},{"lockerCode":"D5","status":"libre"},{"lockerCode":"D6","status":"libre"},{"lockerCode":"D7","status":"libre"},{"lockerCode":"D8","status":"libre"},{"lockerCode":"D9","status":"libre"},{"lockerCode":"D10","status":"libre"}]},{"module":"E","lockers":[{"lockerCode":"E1","status":"libre"},{"lockerCode":"E2","status":"libre"},{"lockerCode":"E3","status":"libre"},{"lockerCode":"E4","status":"libre"},{"lockerCode":"E5","status":"libre"},{"lockerCode":"E6","status":"libre"},{"lockerCode":"E7","status":"libre"},{"lockerCode":"E8","status":"libre"},{"lockerCode":"E9","status":"libre"},{"lockerCode":"E10","status":"libre"}]},{"module":"F","lockers":[{"lockerCode":"F1","status":"libre"},{"lockerCode":"F2","status":"libre"},{"lockerCode":"F3","status":"libre"},{"lockerCode":"F4","status":"libre"},{"lockerCode":"F5","status":"libre"},{"lockerCode":"F6","status":"deshabilitado"},{"lockerCode":"F7","status":"libre"},{"lockerCode":"F8","status":"libre"},{"lockerCode":"F9","status":"libre"},{"lockerCode":"F10","status":"libre"}]}]}
[2025-10-16 18:22:30] [INFO] [main] [app] Scheduler diario habilitado: false | usuario config: operador | usuario actual: administrador
[2025-10-16 18:22:30] [INFO] [main] [app] Scheduler semanal habilitado: false | usuario config: operador | usuario actual: administrador
[2025-10-16 18:22:30] [INFO] [main] [app] Scheduler mensual habilitado: false | usuario config: operador | usuario actual: administrador
[2025-10-16 18:22:30] [INFO] [main] [app] Scheduler diario habilitado: false | usuario config: operador | usuario actual: administrador
[2025-10-16 18:22:30] [INFO] [main] [app] Scheduler semanal habilitado: false | usuario config: operador | usuario actual: administrador
[2025-10-16 18:22:30] [INFO] [main] [app] Scheduler mensual habilitado: false | usuario config: operador | usuario actual: administrador
[2025-10-16 23:32:12] [INFO] [main] Iniciando aplicación Electron
[2025-10-16 23:32:12] [INFO] [main] .env cargado desde C:\Users\User\Documents\Personal\LockeritDesk\configFiles\.env
[2025-10-16 23:32:12] [INFO] [main] App lista, creando ventana...
[2025-10-16 23:32:12] [INFO] [main] Creando ventana principal...
[2025-10-16 23:32:12] [INFO] [main] Cargando URL: http://localhost:5173
[2025-10-16 23:32:12] [INFO] [main] Recibido config actualizado
[2025-10-16 23:32:12] [INFO] [main] Recibido auth actualizado
[2025-10-16 23:32:12] [INFO] [main] Recibido logger actualizado
[2025-10-16 23:32:12] [INFO] [main] Recibido env actualizado
[2025-10-16 23:32:12] [INFO] [preload] Inicializando preload.js
[2025-10-16 23:32:12] [INFO] [setupWatcher] Observando archivo setup_config.json en: C:\Users\User\Documents\Personal\LockeritDesk\configFiles\setup_config.json
[2025-10-16 23:32:12] [INFO] [setupWatcher] Archivo setup_config.json cargado correctamente
[2025-10-16 23:32:12] [INFO] [preload] Watcher iniciado: setup_config.json
[2025-10-16 23:32:12] [INFO] [authWatcher] Observando archivo auth_key.json en: C:\Users\User\Documents\Personal\LockeritDesk\configFiles\auth_key.json
[2025-10-16 23:32:12] [INFO] [authWatcher] auth_key.json actualizado correctamente
[2025-10-16 23:32:12] [INFO] [preload] Watcher iniciado: auth_key.json
[2025-10-16 23:32:12] [INFO] [loggerWatcher] Observando archivo logger_config.json en: C:\Users\User\Documents\Personal\LockeritDesk\configFiles\logger_config.json
[2025-10-16 23:32:12] [INFO] [loggerWatcher] Archivo logger_config.json cargado correctamente
[2025-10-16 23:32:12] [INFO] [preload] Watcher iniciado: logger_config.json
[2025-10-16 23:32:12] [INFO] [envWatcher] Observando archivo .env en: C:\Users\User\Documents\Personal\LockeritDesk\configFiles\.env
[2025-10-16 23:32:12] [INFO] [envWatcher] Archivo .env cargado correctamente
[2025-10-16 23:32:12] [INFO] [preload] Watcher iniciado: .env
[2025-10-16 23:32:12] [INFO] [preload] API expuesta en window.electronAPI
[2025-10-16 23:32:13] [INFO] [main] [axiosConfig] API BaseURL Inicial: http://localhost:8080
[2025-10-16 23:32:13] [INFO] [main] [axiosConfig] API BaseTimeout Inicial: 30
[2025-10-16 23:32:13] [INFO] [main] [configStore] Configuración actualizada
[2025-10-16 23:32:13] [INFO] [main] [configStore] config_key.json inicial cargado exitosamente
[2025-10-16 23:32:13] [INFO] [main] [envStore] ENV inicial cargado correctamente
[2025-10-16 23:32:13] [INFO] [main] [envStore] ENV actualizado
[2025-10-16 23:32:13] [INFO] [main] [axiosConfig] API BaseTimeout actualizada dinámicamente: 30
[2025-10-16 23:32:13] [INFO] [main] [assignLocker] API BaseTimeout actualizada dinámicamente: 30
[2025-10-16 23:32:13] [INFO] [main] [authStore] Auth actualizado
[2025-10-16 23:32:13] [INFO] [main] [authStore] auth_key.json inicial cargado exitosamente
[2025-10-16 23:32:13] [INFO] [main] CSP cambió, enviando al renderer
[2025-10-16 23:32:13] [INFO] [main] get-screen-data-once -> 1920x1032 factor=0.96
[2025-10-16 23:32:13] [INFO] [main] [app] Scheduler diario habilitado: false | usuario config: undefined | usuario actual: administrador
[2025-10-16 23:32:13] [INFO] [main] [app] Scheduler semanal habilitado: false | usuario config: undefined | usuario actual: administrador
[2025-10-16 23:32:13] [INFO] [main] [app] Scheduler mensual habilitado: false | usuario config: undefined | usuario actual: administrador
[2025-10-16 23:32:13] [INFO] [main] [app] Scheduler diario habilitado: false | usuario config: undefined | usuario actual: administrador
[2025-10-16 23:32:13] [INFO] [main] [app] Scheduler semanal habilitado: false | usuario config: undefined | usuario actual: administrador
[2025-10-16 23:32:13] [INFO] [main] [app] Scheduler mensual habilitado: false | usuario config: undefined | usuario actual: administrador
[2025-10-16 23:32:14] [INFO] [main] [login] Usuario autenticado en sesión principal, redirigiendo a /adminlockers
[2025-10-16 23:32:14] [INFO] [main] [copyright] Versión cargada: 1.1.0
[2025-10-16 23:32:14] [INFO] [main] [app] Componente App montado
[2025-10-16 23:32:14] [INFO] [main] [app] Versión cargada: 1.1.0
[2025-10-16 23:32:14] [INFO] [main] [copyright] Versión cargada: 1.1.0
[2025-10-16 23:32:14] [INFO] [main] [app] Componente App montado
[2025-10-16 23:32:14] [INFO] [main] [app] Versión cargada: 1.1.0
[2025-10-16 23:32:14] [INFO] [main] [app] Scheduler diario habilitado: false | usuario config: undefined | usuario actual: administrador
[2025-10-16 23:32:14] [INFO] [main] [app] Scheduler semanal habilitado: false | usuario config: undefined | usuario actual: administrador
[2025-10-16 23:32:14] [INFO] [main] [app] Scheduler mensual habilitado: false | usuario config: undefined | usuario actual: administrador
[2025-10-16 23:32:14] [INFO] [main] [app] Scheduler diario habilitado: false | usuario config: undefined | usuario actual: administrador
[2025-10-16 23:32:14] [INFO] [main] [app] Scheduler semanal habilitado: false | usuario config: undefined | usuario actual: administrador
[2025-10-16 23:32:14] [INFO] [main] [app] Scheduler mensual habilitado: false | usuario config: undefined | usuario actual: administrador
[2025-10-16 23:32:14] [INFO] [main] [useConfig] Configuración inicial obtenida
[2025-10-16 23:32:14] [INFO] [main] [useConfig] Configuración inicial obtenida
[2025-10-16 23:32:14] [INFO] [main] [useConfig] Configuración inicial obtenida
[2025-10-16 23:32:14] [INFO] [main] [useConfig] Configuración inicial obtenida
[2025-10-16 23:32:14] [INFO] [main] [useConfig] Configuración inicial obtenida
[2025-10-16 23:32:14] [INFO] [main] [useConfig] Configuración inicial obtenida
[2025-10-16 23:32:14] [INFO] [main] [app] Scheduler diario habilitado: false | usuario config: operador | usuario actual: administrador
[2025-10-16 23:32:14] [INFO] [main] [app] Scheduler semanal habilitado: false | usuario config: operador | usuario actual: administrador
[2025-10-16 23:32:14] [INFO] [main] [app] Scheduler mensual habilitado: false | usuario config: operador | usuario actual: administrador
[2025-10-16 23:32:14] [INFO] [main] [app] Scheduler diario habilitado: false | usuario config: operador | usuario actual: administrador
[2025-10-16 23:32:14] [INFO] [main] [app] Scheduler semanal habilitado: false | usuario config: operador | usuario actual: administrador
[2025-10-16 23:32:14] [INFO] [main] [app] Scheduler mensual habilitado: false | usuario config: operador | usuario actual: administrador
[2025-10-16 23:32:14] [INFO] [main] [statusLockers] Iniciando petición para obtener casilleros disponibles
[2025-10-16 23:32:14] [INFO] [main] [statusLockers] Timeout efectivo en ejecución: 30000
[2025-10-16 23:32:14] [INFO] [main] [statusLockers] Intento 1: HOST -> http://localhost:8080
[2025-10-16 23:32:14] [INFO] [main] [statusLockers] Intento 1: URL -> /api/lockers/get-all-status
[2025-10-16 23:32:14] [INFO] [main] [statusLockers] Iniciando petición para obtener casilleros disponibles
[2025-10-16 23:32:14] [INFO] [main] [statusLockers] Timeout efectivo en ejecución: 30000
[2025-10-16 23:32:14] [INFO] [main] [statusLockers] Intento 1: HOST -> http://localhost:8080
[2025-10-16 23:32:14] [INFO] [main] [statusLockers] Intento 1: URL -> /api/lockers/get-all-status
[2025-10-16 23:32:14] [INFO] [main] [useConfig] Configuración inicial obtenida
[2025-10-16 23:32:14] [INFO] [main] [useConfig] Configuración inicial obtenida
[2025-10-16 23:32:14] [INFO] [main] [useConfig] Configuración inicial obtenida
[2025-10-16 23:32:14] [INFO] [main] [useConfig] Configuración inicial obtenida
[2025-10-16 23:32:14] [INFO] [main] [statusLockers] Response. Status: 200
[2025-10-16 23:32:14] [INFO] [main] [statusLockers] Response. Data: {"general":[{"status":"reservado","total":4},{"status":"deshabilitado","total":1},{"status":"ocupado","total":3},{"status":"libre","total":52}],"modules":[{"module":"A","lockers":[{"lockerCode":"A1","status":"reservado"},{"lockerCode":"A2","status":"reservado"},{"lockerCode":"A3","status":"reservado"},{"lockerCode":"A4","status":"reservado"},{"lockerCode":"A5","status":"libre"},{"lockerCode":"A6","status":"libre"},{"lockerCode":"A7","status":"libre"},{"lockerCode":"A8","status":"libre"},{"lockerCode":"A9","status":"libre"},{"lockerCode":"A10","status":"libre"}]},{"module":"B","lockers":[{"lockerCode":"B1","status":"libre"},{"lockerCode":"B2","status":"libre"},{"lockerCode":"B3","status":"libre"},{"lockerCode":"B4","status":"ocupado"},{"lockerCode":"B5","status":"libre"},{"lockerCode":"B6","status":"libre"},{"lockerCode":"B7","status":"libre"},{"lockerCode":"B8","status":"libre"},{"lockerCode":"B9","status":"libre"},{"lockerCode":"B10","status":"ocupado"}]},{"module":"C","lockers":[{"lockerCode":"C1","status":"libre"},{"lockerCode":"C2","status":"libre"},{"lockerCode":"C3","status":"libre"},{"lockerCode":"C4","status":"libre"},{"lockerCode":"C5","status":"libre"},{"lockerCode":"C6","status":"libre"},{"lockerCode":"C7","status":"libre"},{"lockerCode":"C8","status":"libre"},{"lockerCode":"C9","status":"libre"},{"lockerCode":"C10","status":"libre"}]},{"module":"D","lockers":[{"lockerCode":"D1","status":"ocupado"},{"lockerCode":"D2","status":"libre"},{"lockerCode":"D3","status":"libre"},{"lockerCode":"D4","status":"libre"},{"lockerCode":"D5","status":"libre"},{"lockerCode":"D6","status":"libre"},{"lockerCode":"D7","status":"libre"},{"lockerCode":"D8","status":"libre"},{"lockerCode":"D9","status":"libre"},{"lockerCode":"D10","status":"libre"}]},{"module":"E","lockers":[{"lockerCode":"E1","status":"libre"},{"lockerCode":"E2","status":"libre"},{"lockerCode":"E3","status":"libre"},{"lockerCode":"E4","status":"libre"},{"lockerCode":"E5","status":"libre"},{"lockerCode":"E6","status":"libre"},{"lockerCode":"E7","status":"libre"},{"lockerCode":"E8","status":"libre"},{"lockerCode":"E9","status":"libre"},{"lockerCode":"E10","status":"libre"}]},{"module":"F","lockers":[{"lockerCode":"F1","status":"libre"},{"lockerCode":"F2","status":"libre"},{"lockerCode":"F3","status":"libre"},{"lockerCode":"F4","status":"libre"},{"lockerCode":"F5","status":"libre"},{"lockerCode":"F6","status":"deshabilitado"},{"lockerCode":"F7","status":"libre"},{"lockerCode":"F8","status":"libre"},{"lockerCode":"F9","status":"libre"},{"lockerCode":"F10","status":"libre"}]}]}
[2025-10-16 23:32:14] [INFO] [main] [statusLockers] Response. Status: 200
[2025-10-16 23:32:14] [INFO] [main] [statusLockers] Response. Data: {"general":[{"status":"ocupado","total":3},{"status":"libre","total":52},{"status":"reservado","total":4},{"status":"deshabilitado","total":1}],"modules":[{"module":"A","lockers":[{"lockerCode":"A1","status":"reservado"},{"lockerCode":"A2","status":"reservado"},{"lockerCode":"A3","status":"reservado"},{"lockerCode":"A4","status":"reservado"},{"lockerCode":"A5","status":"libre"},{"lockerCode":"A6","status":"libre"},{"lockerCode":"A7","status":"libre"},{"lockerCode":"A8","status":"libre"},{"lockerCode":"A9","status":"libre"},{"lockerCode":"A10","status":"libre"}]},{"module":"B","lockers":[{"lockerCode":"B1","status":"libre"},{"lockerCode":"B2","status":"libre"},{"lockerCode":"B3","status":"libre"},{"lockerCode":"B4","status":"ocupado"},{"lockerCode":"B5","status":"libre"},{"lockerCode":"B6","status":"libre"},{"lockerCode":"B7","status":"libre"},{"lockerCode":"B8","status":"libre"},{"lockerCode":"B9","status":"libre"},{"lockerCode":"B10","status":"ocupado"}]},{"module":"C","lockers":[{"lockerCode":"C1","status":"libre"},{"lockerCode":"C2","status":"libre"},{"lockerCode":"C3","status":"libre"},{"lockerCode":"C4","status":"libre"},{"lockerCode":"C5","status":"libre"},{"lockerCode":"C6","status":"libre"},{"lockerCode":"C7","status":"libre"},{"lockerCode":"C8","status":"libre"},{"lockerCode":"C9","status":"libre"},{"lockerCode":"C10","status":"libre"}]},{"module":"D","lockers":[{"lockerCode":"D1","status":"ocupado"},{"lockerCode":"D2","status":"libre"},{"lockerCode":"D3","status":"libre"},{"lockerCode":"D4","status":"libre"},{"lockerCode":"D5","status":"libre"},{"lockerCode":"D6","status":"libre"},{"lockerCode":"D7","status":"libre"},{"lockerCode":"D8","status":"libre"},{"lockerCode":"D9","status":"libre"},{"lockerCode":"D10","status":"libre"}]},{"module":"E","lockers":[{"lockerCode":"E1","status":"libre"},{"lockerCode":"E2","status":"libre"},{"lockerCode":"E3","status":"libre"},{"lockerCode":"E4","status":"libre"},{"lockerCode":"E5","status":"libre"},{"lockerCode":"E6","status":"libre"},{"lockerCode":"E7","status":"libre"},{"lockerCode":"E8","status":"libre"},{"lockerCode":"E9","status":"libre"},{"lockerCode":"E10","status":"libre"}]},{"module":"F","lockers":[{"lockerCode":"F1","status":"libre"},{"lockerCode":"F2","status":"libre"},{"lockerCode":"F3","status":"libre"},{"lockerCode":"F4","status":"libre"},{"lockerCode":"F5","status":"libre"},{"lockerCode":"F6","status":"deshabilitado"},{"lockerCode":"F7","status":"libre"},{"lockerCode":"F8","status":"libre"},{"lockerCode":"F9","status":"libre"},{"lockerCode":"F10","status":"libre"}]}]}
[2025-10-16 23:32:15] [INFO] [main] [app] Scheduler diario habilitado: false | usuario config: operador | usuario actual: administrador
[2025-10-16 23:32:15] [INFO] [main] [app] Scheduler semanal habilitado: false | usuario config: operador | usuario actual: administrador
[2025-10-16 23:32:15] [INFO] [main] [app] Scheduler mensual habilitado: false | usuario config: operador | usuario actual: administrador
[2025-10-16 23:32:15] [INFO] [main] [app] Scheduler diario habilitado: false | usuario config: operador | usuario actual: administrador
[2025-10-16 23:32:15] [INFO] [main] [app] Scheduler semanal habilitado: false | usuario config: operador | usuario actual: administrador
[2025-10-16 23:32:15] [INFO] [main] [app] Scheduler mensual habilitado: false | usuario config: operador | usuario actual: administrador
[2025-10-16 23:32:38] [INFO] [main] [app] Scheduler diario habilitado: false | usuario config: undefined | usuario actual: administrador
[2025-10-16 23:32:38] [INFO] [main] [app] Scheduler semanal habilitado: false | usuario config: undefined | usuario actual: administrador
[2025-10-16 23:32:38] [INFO] [main] [app] Scheduler mensual habilitado: false | usuario config: undefined | usuario actual: administrador
[2025-10-16 23:32:38] [INFO] [main] [app] Scheduler diario habilitado: false | usuario config: undefined | usuario actual: administrador
[2025-10-16 23:32:38] [INFO] [main] [app] Scheduler semanal habilitado: false | usuario config: undefined | usuario actual: administrador
[2025-10-16 23:32:38] [INFO] [main] [app] Scheduler mensual habilitado: false | usuario config: undefined | usuario actual: administrador
[2025-10-16 23:32:39] [INFO] [main] [statusLockers] Iniciando petición para obtener casilleros disponibles
[2025-10-16 23:32:39] [INFO] [main] [statusLockers] Timeout efectivo en ejecución: 30000
[2025-10-16 23:32:39] [INFO] [main] [statusLockers] Intento 1: HOST -> http://localhost:8080
[2025-10-16 23:32:39] [INFO] [main] [statusLockers] Intento 1: URL -> /api/lockers/get-all-status
[2025-10-16 23:32:39] [INFO] [main] [copyright] Versión cargada: 1.1.0
[2025-10-16 23:32:39] [INFO] [main] [app] Componente App montado
[2025-10-16 23:32:39] [INFO] [main] [app] Versión cargada: 1.1.0
[2025-10-16 23:32:39] [INFO] [main] [statusLockers] Iniciando petición para obtener casilleros disponibles
[2025-10-16 23:32:39] [INFO] [main] [statusLockers] Timeout efectivo en ejecución: 30000
[2025-10-16 23:32:39] [INFO] [main] [statusLockers] Intento 1: HOST -> http://localhost:8080
[2025-10-16 23:32:39] [INFO] [main] [statusLockers] Intento 1: URL -> /api/lockers/get-all-status
[2025-10-16 23:32:39] [INFO] [main] [copyright] Versión cargada: 1.1.0
[2025-10-16 23:32:39] [INFO] [main] [app] Componente App montado
[2025-10-16 23:32:39] [INFO] [main] [app] Versión cargada: 1.1.0
[2025-10-16 23:32:39] [INFO] [main] [app] Scheduler diario habilitado: false | usuario config: undefined | usuario actual: administrador
[2025-10-16 23:32:39] [INFO] [main] [app] Scheduler semanal habilitado: false | usuario config: undefined | usuario actual: administrador
[2025-10-16 23:32:39] [INFO] [main] [app] Scheduler mensual habilitado: false | usuario config: undefined | usuario actual: administrador
[2025-10-16 23:32:39] [INFO] [main] [app] Scheduler diario habilitado: false | usuario config: undefined | usuario actual: administrador
[2025-10-16 23:32:39] [INFO] [main] [app] Scheduler semanal habilitado: false | usuario config: undefined | usuario actual: administrador
[2025-10-16 23:32:39] [INFO] [main] [app] Scheduler mensual habilitado: false | usuario config: undefined | usuario actual: administrador
[2025-10-16 23:32:39] [INFO] [main] [useConfig] Configuración inicial obtenida
[2025-10-16 23:32:39] [INFO] [main] [useConfig] Configuración inicial obtenida
[2025-10-16 23:32:39] [INFO] [main] [useConfig] Configuración inicial obtenida
[2025-10-16 23:32:39] [INFO] [main] [useConfig] Configuración inicial obtenida
[2025-10-16 23:32:39] [INFO] [main] [useConfig] Configuración inicial obtenida
[2025-10-16 23:32:39] [INFO] [main] [useConfig] Configuración inicial obtenida
[2025-10-16 23:32:39] [INFO] [main] [useConfig] Configuración inicial obtenida
[2025-10-16 23:32:39] [INFO] [main] [useConfig] Configuración inicial obtenida
[2025-10-16 23:32:39] [INFO] [main] [statusLockers] Response. Status: 200
[2025-10-16 23:32:39] [INFO] [main] [statusLockers] Response. Data: {"general":[{"status":"ocupado","total":3},{"status":"libre","total":52},{"status":"reservado","total":4},{"status":"deshabilitado","total":1}],"modules":[{"module":"A","lockers":[{"lockerCode":"A1","status":"reservado"},{"lockerCode":"A2","status":"reservado"},{"lockerCode":"A3","status":"reservado"},{"lockerCode":"A4","status":"reservado"},{"lockerCode":"A5","status":"libre"},{"lockerCode":"A6","status":"libre"},{"lockerCode":"A7","status":"libre"},{"lockerCode":"A8","status":"libre"},{"lockerCode":"A9","status":"libre"},{"lockerCode":"A10","status":"libre"}]},{"module":"B","lockers":[{"lockerCode":"B1","status":"libre"},{"lockerCode":"B2","status":"libre"},{"lockerCode":"B3","status":"libre"},{"lockerCode":"B4","status":"ocupado"},{"lockerCode":"B5","status":"libre"},{"lockerCode":"B6","status":"libre"},{"lockerCode":"B7","status":"libre"},{"lockerCode":"B8","status":"libre"},{"lockerCode":"B9","status":"libre"},{"lockerCode":"B10","status":"ocupado"}]},{"module":"C","lockers":[{"lockerCode":"C1","status":"libre"},{"lockerCode":"C2","status":"libre"},{"lockerCode":"C3","status":"libre"},{"lockerCode":"C4","status":"libre"},{"lockerCode":"C5","status":"libre"},{"lockerCode":"C6","status":"libre"},{"lockerCode":"C7","status":"libre"},{"lockerCode":"C8","status":"libre"},{"lockerCode":"C9","status":"libre"},{"lockerCode":"C10","status":"libre"}]},{"module":"D","lockers":[{"lockerCode":"D1","status":"ocupado"},{"lockerCode":"D2","status":"libre"},{"lockerCode":"D3","status":"libre"},{"lockerCode":"D4","status":"libre"},{"lockerCode":"D5","status":"libre"},{"lockerCode":"D6","status":"libre"},{"lockerCode":"D7","status":"libre"},{"lockerCode":"D8","status":"libre"},{"lockerCode":"D9","status":"libre"},{"lockerCode":"D10","status":"libre"}]},{"module":"E","lockers":[{"lockerCode":"E1","status":"libre"},{"lockerCode":"E2","status":"libre"},{"lockerCode":"E3","status":"libre"},{"lockerCode":"E4","status":"libre"},{"lockerCode":"E5","status":"libre"},{"lockerCode":"E6","status":"libre"},{"lockerCode":"E7","status":"libre"},{"lockerCode":"E8","status":"libre"},{"lockerCode":"E9","status":"libre"},{"lockerCode":"E10","status":"libre"}]},{"module":"F","lockers":[{"lockerCode":"F1","status":"libre"},{"lockerCode":"F2","status":"libre"},{"lockerCode":"F3","status":"libre"},{"lockerCode":"F4","status":"libre"},{"lockerCode":"F5","status":"libre"},{"lockerCode":"F6","status":"deshabilitado"},{"lockerCode":"F7","status":"libre"},{"lockerCode":"F8","status":"libre"},{"lockerCode":"F9","status":"libre"},{"lockerCode":"F10","status":"libre"}]}]}
[2025-10-16 23:32:39] [INFO] [main] [app] Scheduler diario habilitado: false | usuario config: operador | usuario actual: administrador
[2025-10-16 23:32:39] [INFO] [main] [app] Scheduler semanal habilitado: false | usuario config: operador | usuario actual: administrador
[2025-10-16 23:32:39] [INFO] [main] [app] Scheduler mensual habilitado: false | usuario config: operador | usuario actual: administrador
[2025-10-16 23:32:39] [INFO] [main] [app] Scheduler diario habilitado: false | usuario config: operador | usuario actual: administrador
[2025-10-16 23:32:39] [INFO] [main] [app] Scheduler semanal habilitado: false | usuario config: operador | usuario actual: administrador
[2025-10-16 23:32:39] [INFO] [main] [app] Scheduler mensual habilitado: false | usuario config: operador | usuario actual: administrador
[2025-10-16 23:32:39] [INFO] [main] [statusLockers] Response. Status: 200
[2025-10-16 23:32:39] [INFO] [main] [statusLockers] Response. Data: {"general":[{"status":"ocupado","total":3},{"status":"libre","total":52},{"status":"reservado","total":4},{"status":"deshabilitado","total":1}],"modules":[{"module":"A","lockers":[{"lockerCode":"A1","status":"reservado"},{"lockerCode":"A2","status":"reservado"},{"lockerCode":"A3","status":"reservado"},{"lockerCode":"A4","status":"reservado"},{"lockerCode":"A5","status":"libre"},{"lockerCode":"A6","status":"libre"},{"lockerCode":"A7","status":"libre"},{"lockerCode":"A8","status":"libre"},{"lockerCode":"A9","status":"libre"},{"lockerCode":"A10","status":"libre"}]},{"module":"B","lockers":[{"lockerCode":"B1","status":"libre"},{"lockerCode":"B2","status":"libre"},{"lockerCode":"B3","status":"libre"},{"lockerCode":"B4","status":"ocupado"},{"lockerCode":"B5","status":"libre"},{"lockerCode":"B6","status":"libre"},{"lockerCode":"B7","status":"libre"},{"lockerCode":"B8","status":"libre"},{"lockerCode":"B9","status":"libre"},{"lockerCode":"B10","status":"ocupado"}]},{"module":"C","lockers":[{"lockerCode":"C1","status":"libre"},{"lockerCode":"C2","status":"libre"},{"lockerCode":"C3","status":"libre"},{"lockerCode":"C4","status":"libre"},{"lockerCode":"C5","status":"libre"},{"lockerCode":"C6","status":"libre"},{"lockerCode":"C7","status":"libre"},{"lockerCode":"C8","status":"libre"},{"lockerCode":"C9","status":"libre"},{"lockerCode":"C10","status":"libre"}]},{"module":"D","lockers":[{"lockerCode":"D1","status":"ocupado"},{"lockerCode":"D2","status":"libre"},{"lockerCode":"D3","status":"libre"},{"lockerCode":"D4","status":"libre"},{"lockerCode":"D5","status":"libre"},{"lockerCode":"D6","status":"libre"},{"lockerCode":"D7","status":"libre"},{"lockerCode":"D8","status":"libre"},{"lockerCode":"D9","status":"libre"},{"lockerCode":"D10","status":"libre"}]},{"module":"E","lockers":[{"lockerCode":"E1","status":"libre"},{"lockerCode":"E2","status":"libre"},{"lockerCode":"E3","status":"libre"},{"lockerCode":"E4","status":"libre"},{"lockerCode":"E5","status":"libre"},{"lockerCode":"E6","status":"libre"},{"lockerCode":"E7","status":"libre"},{"lockerCode":"E8","status":"libre"},{"lockerCode":"E9","status":"libre"},{"lockerCode":"E10","status":"libre"}]},{"module":"F","lockers":[{"lockerCode":"F1","status":"libre"},{"lockerCode":"F2","status":"libre"},{"lockerCode":"F3","status":"libre"},{"lockerCode":"F4","status":"libre"},{"lockerCode":"F5","status":"libre"},{"lockerCode":"F6","status":"deshabilitado"},{"lockerCode":"F7","status":"libre"},{"lockerCode":"F8","status":"libre"},{"lockerCode":"F9","status":"libre"},{"lockerCode":"F10","status":"libre"}]}]}
[2025-10-16 23:32:40] [INFO] [main] [app] Scheduler diario habilitado: false | usuario config: operador | usuario actual: administrador
[2025-10-16 23:32:40] [INFO] [main] [app] Scheduler semanal habilitado: false | usuario config: operador | usuario actual: administrador
[2025-10-16 23:32:40] [INFO] [main] [app] Scheduler mensual habilitado: false | usuario config: operador | usuario actual: administrador
[2025-10-16 23:32:40] [INFO] [main] [app] Scheduler diario habilitado: false | usuario config: operador | usuario actual: administrador
[2025-10-16 23:32:40] [INFO] [main] [app] Scheduler semanal habilitado: false | usuario config: operador | usuario actual: administrador
[2025-10-16 23:32:40] [INFO] [main] [app] Scheduler mensual habilitado: false | usuario config: operador | usuario actual: administrador
[2025-10-16 23:34:45] [INFO] [main] [app] Scheduler diario habilitado: false | usuario config: undefined | usuario actual: administrador
[2025-10-16 23:34:45] [INFO] [main] [app] Scheduler semanal habilitado: false | usuario config: undefined | usuario actual: administrador
[2025-10-16 23:34:45] [INFO] [main] [app] Scheduler mensual habilitado: false | usuario config: undefined | usuario actual: administrador
[2025-10-16 23:34:45] [INFO] [main] [app] Scheduler diario habilitado: false | usuario config: undefined | usuario actual: administrador
[2025-10-16 23:34:45] [INFO] [main] [app] Scheduler semanal habilitado: false | usuario config: undefined | usuario actual: administrador
[2025-10-16 23:34:45] [INFO] [main] [app] Scheduler mensual habilitado: false | usuario config: undefined | usuario actual: administrador
[2025-10-16 23:34:46] [INFO] [main] [statusLockers] Iniciando petición para obtener casilleros disponibles
[2025-10-16 23:34:46] [INFO] [main] [statusLockers] Timeout efectivo en ejecución: 30000
[2025-10-16 23:34:46] [INFO] [main] [statusLockers] Intento 1: HOST -> http://localhost:8080
[2025-10-16 23:34:46] [INFO] [main] [statusLockers] Intento 1: URL -> /api/lockers/get-all-status
[2025-10-16 23:34:46] [INFO] [main] [copyright] Versión cargada: 1.1.0
[2025-10-16 23:34:46] [INFO] [main] [app] Componente App montado
[2025-10-16 23:34:46] [INFO] [main] [app] Versión cargada: 1.1.0
[2025-10-16 23:34:46] [INFO] [main] [statusLockers] Iniciando petición para obtener casilleros disponibles
[2025-10-16 23:34:46] [INFO] [main] [statusLockers] Timeout efectivo en ejecución: 30000
[2025-10-16 23:34:46] [INFO] [main] [statusLockers] Intento 1: HOST -> http://localhost:8080
[2025-10-16 23:34:46] [INFO] [main] [statusLockers] Intento 1: URL -> /api/lockers/get-all-status
[2025-10-16 23:34:46] [INFO] [main] [copyright] Versión cargada: 1.1.0
[2025-10-16 23:34:46] [INFO] [main] [app] Componente App montado
[2025-10-16 23:34:46] [INFO] [main] [app] Versión cargada: 1.1.0
[2025-10-16 23:34:46] [INFO] [main] [app] Scheduler diario habilitado: false | usuario config: undefined | usuario actual: administrador
[2025-10-16 23:34:46] [INFO] [main] [app] Scheduler semanal habilitado: false | usuario config: undefined | usuario actual: administrador
[2025-10-16 23:34:46] [INFO] [main] [app] Scheduler mensual habilitado: false | usuario config: undefined | usuario actual: administrador
[2025-10-16 23:34:46] [INFO] [main] [app] Scheduler diario habilitado: false | usuario config: undefined | usuario actual: administrador
[2025-10-16 23:34:46] [INFO] [main] [app] Scheduler semanal habilitado: false | usuario config: undefined | usuario actual: administrador
[2025-10-16 23:34:46] [INFO] [main] [app] Scheduler mensual habilitado: false | usuario config: undefined | usuario actual: administrador
[2025-10-16 23:34:46] [INFO] [main] [useConfig] Configuración inicial obtenida
[2025-10-16 23:34:46] [INFO] [main] [useConfig] Configuración inicial obtenida
[2025-10-16 23:34:46] [INFO] [main] [useConfig] Configuración inicial obtenida
[2025-10-16 23:34:46] [INFO] [main] [useConfig] Configuración inicial obtenida
[2025-10-16 23:34:46] [INFO] [main] [useConfig] Configuración inicial obtenida
[2025-10-16 23:34:46] [INFO] [main] [useConfig] Configuración inicial obtenida
[2025-10-16 23:34:46] [INFO] [main] [useConfig] Configuración inicial obtenida
[2025-10-16 23:34:46] [INFO] [main] [useConfig] Configuración inicial obtenida
[2025-10-16 23:34:46] [INFO] [main] [statusLockers] Response. Status: 200
[2025-10-16 23:34:46] [INFO] [main] [statusLockers] Response. Data: {"general":[{"status":"ocupado","total":3},{"status":"libre","total":52},{"status":"reservado","total":4},{"status":"deshabilitado","total":1}],"modules":[{"module":"A","lockers":[{"lockerCode":"A1","status":"reservado"},{"lockerCode":"A2","status":"reservado"},{"lockerCode":"A3","status":"reservado"},{"lockerCode":"A4","status":"reservado"},{"lockerCode":"A5","status":"libre"},{"lockerCode":"A6","status":"libre"},{"lockerCode":"A7","status":"libre"},{"lockerCode":"A8","status":"libre"},{"lockerCode":"A9","status":"libre"},{"lockerCode":"A10","status":"libre"}]},{"module":"B","lockers":[{"lockerCode":"B1","status":"libre"},{"lockerCode":"B2","status":"libre"},{"lockerCode":"B3","status":"libre"},{"lockerCode":"B4","status":"ocupado"},{"lockerCode":"B5","status":"libre"},{"lockerCode":"B6","status":"libre"},{"lockerCode":"B7","status":"libre"},{"lockerCode":"B8","status":"libre"},{"lockerCode":"B9","status":"libre"},{"lockerCode":"B10","status":"ocupado"}]},{"module":"C","lockers":[{"lockerCode":"C1","status":"libre"},{"lockerCode":"C2","status":"libre"},{"lockerCode":"C3","status":"libre"},{"lockerCode":"C4","status":"libre"},{"lockerCode":"C5","status":"libre"},{"lockerCode":"C6","status":"libre"},{"lockerCode":"C7","status":"libre"},{"lockerCode":"C8","status":"libre"},{"lockerCode":"C9","status":"libre"},{"lockerCode":"C10","status":"libre"}]},{"module":"D","lockers":[{"lockerCode":"D1","status":"ocupado"},{"lockerCode":"D2","status":"libre"},{"lockerCode":"D3","status":"libre"},{"lockerCode":"D4","status":"libre"},{"lockerCode":"D5","status":"libre"},{"lockerCode":"D6","status":"libre"},{"lockerCode":"D7","status":"libre"},{"lockerCode":"D8","status":"libre"},{"lockerCode":"D9","status":"libre"},{"lockerCode":"D10","status":"libre"}]},{"module":"E","lockers":[{"lockerCode":"E1","status":"libre"},{"lockerCode":"E2","status":"libre"},{"lockerCode":"E3","status":"libre"},{"lockerCode":"E4","status":"libre"},{"lockerCode":"E5","status":"libre"},{"lockerCode":"E6","status":"libre"},{"lockerCode":"E7","status":"libre"},{"lockerCode":"E8","status":"libre"},{"lockerCode":"E9","status":"libre"},{"lockerCode":"E10","status":"libre"}]},{"module":"F","lockers":[{"lockerCode":"F1","status":"libre"},{"lockerCode":"F2","status":"libre"},{"lockerCode":"F3","status":"libre"},{"lockerCode":"F4","status":"libre"},{"lockerCode":"F5","status":"libre"},{"lockerCode":"F6","status":"deshabilitado"},{"lockerCode":"F7","status":"libre"},{"lockerCode":"F8","status":"libre"},{"lockerCode":"F9","status":"libre"},{"lockerCode":"F10","status":"libre"}]}]}
[2025-10-16 23:34:46] [INFO] [main] [statusLockers] Response. Status: 200
[2025-10-16 23:34:46] [INFO] [main] [statusLockers] Response. Data: {"general":[{"status":"ocupado","total":3},{"status":"libre","total":52},{"status":"reservado","total":4},{"status":"deshabilitado","total":1}],"modules":[{"module":"A","lockers":[{"lockerCode":"A1","status":"reservado"},{"lockerCode":"A2","status":"reservado"},{"lockerCode":"A3","status":"reservado"},{"lockerCode":"A4","status":"reservado"},{"lockerCode":"A5","status":"libre"},{"lockerCode":"A6","status":"libre"},{"lockerCode":"A7","status":"libre"},{"lockerCode":"A8","status":"libre"},{"lockerCode":"A9","status":"libre"},{"lockerCode":"A10","status":"libre"}]},{"module":"B","lockers":[{"lockerCode":"B1","status":"libre"},{"lockerCode":"B2","status":"libre"},{"lockerCode":"B3","status":"libre"},{"lockerCode":"B4","status":"ocupado"},{"lockerCode":"B5","status":"libre"},{"lockerCode":"B6","status":"libre"},{"lockerCode":"B7","status":"libre"},{"lockerCode":"B8","status":"libre"},{"lockerCode":"B9","status":"libre"},{"lockerCode":"B10","status":"ocupado"}]},{"module":"C","lockers":[{"lockerCode":"C1","status":"libre"},{"lockerCode":"C2","status":"libre"},{"lockerCode":"C3","status":"libre"},{"lockerCode":"C4","status":"libre"},{"lockerCode":"C5","status":"libre"},{"lockerCode":"C6","status":"libre"},{"lockerCode":"C7","status":"libre"},{"lockerCode":"C8","status":"libre"},{"lockerCode":"C9","status":"libre"},{"lockerCode":"C10","status":"libre"}]},{"module":"D","lockers":[{"lockerCode":"D1","status":"ocupado"},{"lockerCode":"D2","status":"libre"},{"lockerCode":"D3","status":"libre"},{"lockerCode":"D4","status":"libre"},{"lockerCode":"D5","status":"libre"},{"lockerCode":"D6","status":"libre"},{"lockerCode":"D7","status":"libre"},{"lockerCode":"D8","status":"libre"},{"lockerCode":"D9","status":"libre"},{"lockerCode":"D10","status":"libre"}]},{"module":"E","lockers":[{"lockerCode":"E1","status":"libre"},{"lockerCode":"E2","status":"libre"},{"lockerCode":"E3","status":"libre"},{"lockerCode":"E4","status":"libre"},{"lockerCode":"E5","status":"libre"},{"lockerCode":"E6","status":"libre"},{"lockerCode":"E7","status":"libre"},{"lockerCode":"E8","status":"libre"},{"lockerCode":"E9","status":"libre"},{"lockerCode":"E10","status":"libre"}]},{"module":"F","lockers":[{"lockerCode":"F1","status":"libre"},{"lockerCode":"F2","status":"libre"},{"lockerCode":"F3","status":"libre"},{"lockerCode":"F4","status":"libre"},{"lockerCode":"F5","status":"libre"},{"lockerCode":"F6","status":"deshabilitado"},{"lockerCode":"F7","status":"libre"},{"lockerCode":"F8","status":"libre"},{"lockerCode":"F9","status":"libre"},{"lockerCode":"F10","status":"libre"}]}]}
[2025-10-16 23:34:46] [INFO] [main] [app] Scheduler diario habilitado: false | usuario config: operador | usuario actual: administrador
[2025-10-16 23:34:46] [INFO] [main] [app] Scheduler semanal habilitado: false | usuario config: operador | usuario actual: administrador
[2025-10-16 23:34:46] [INFO] [main] [app] Scheduler mensual habilitado: false | usuario config: operador | usuario actual: administrador
[2025-10-16 23:34:46] [INFO] [main] [app] Scheduler diario habilitado: false | usuario config: operador | usuario actual: administrador
[2025-10-16 23:34:46] [INFO] [main] [app] Scheduler semanal habilitado: false | usuario config: operador | usuario actual: administrador
[2025-10-16 23:34:46] [INFO] [main] [app] Scheduler mensual habilitado: false | usuario config: operador | usuario actual: administrador
[2025-10-16 23:34:47] [INFO] [main] [app] Scheduler diario habilitado: false | usuario config: operador | usuario actual: administrador
[2025-10-16 23:34:47] [INFO] [main] [app] Scheduler semanal habilitado: false | usuario config: operador | usuario actual: administrador
[2025-10-16 23:34:47] [INFO] [main] [app] Scheduler mensual habilitado: false | usuario config: operador | usuario actual: administrador
[2025-10-16 23:34:47] [INFO] [main] [app] Scheduler diario habilitado: false | usuario config: operador | usuario actual: administrador
[2025-10-16 23:34:47] [INFO] [main] [app] Scheduler semanal habilitado: false | usuario config: operador | usuario actual: administrador
[2025-10-16 23:34:47] [INFO] [main] [app] Scheduler mensual habilitado: false | usuario config: operador | usuario actual: administrador
[2025-10-16 23:34:57] [INFO] [main] [app] Scheduler diario habilitado: false | usuario config: operador | usuario actual: administrador
[2025-10-16 23:34:57] [INFO] [main] [app] Scheduler semanal habilitado: false | usuario config: operador | usuario actual: administrador
[2025-10-16 23:34:57] [INFO] [main] [app] Scheduler mensual habilitado: false | usuario config: operador | usuario actual: administrador
[2025-10-16 23:34:57] [INFO] [main] [app] Scheduler diario habilitado: false | usuario config: operador | usuario actual: administrador
[2025-10-16 23:34:57] [INFO] [main] [app] Scheduler semanal habilitado: false | usuario config: operador | usuario actual: administrador
[2025-10-16 23:34:57] [INFO] [main] [app] Scheduler mensual habilitado: false | usuario config: operador | usuario actual: administrador
[2025-10-16 23:35:08] [INFO] [main] Iniciando aplicación Electron
[2025-10-16 23:35:08] [INFO] [main] .env cargado desde C:\Users\User\Documents\Personal\LockeritDesk\configFiles\.env
[2025-10-16 23:35:08] [INFO] [main] App lista, creando ventana...
[2025-10-16 23:35:08] [INFO] [main] Creando ventana principal...
[2025-10-16 23:35:08] [INFO] [main] Cargando URL: http://localhost:5173
[2025-10-16 23:35:09] [INFO] [main] Recibido config actualizado
[2025-10-16 23:35:09] [INFO] [main] Recibido auth actualizado
[2025-10-16 23:35:09] [INFO] [main] Recibido logger actualizado
[2025-10-16 23:35:09] [INFO] [main] Recibido env actualizado
[2025-10-16 23:35:09] [INFO] [preload] Inicializando preload.js
[2025-10-16 23:35:09] [INFO] [setupWatcher] Observando archivo setup_config.json en: C:\Users\User\Documents\Personal\LockeritDesk\configFiles\setup_config.json
[2025-10-16 23:35:09] [INFO] [setupWatcher] Archivo setup_config.json cargado correctamente
[2025-10-16 23:35:09] [INFO] [preload] Watcher iniciado: setup_config.json
[2025-10-16 23:35:09] [INFO] [authWatcher] Observando archivo auth_key.json en: C:\Users\User\Documents\Personal\LockeritDesk\configFiles\auth_key.json
[2025-10-16 23:35:09] [INFO] [authWatcher] auth_key.json actualizado correctamente
[2025-10-16 23:35:09] [INFO] [preload] Watcher iniciado: auth_key.json
[2025-10-16 23:35:09] [INFO] [loggerWatcher] Observando archivo logger_config.json en: C:\Users\User\Documents\Personal\LockeritDesk\configFiles\logger_config.json
[2025-10-16 23:35:09] [INFO] [loggerWatcher] Archivo logger_config.json cargado correctamente
[2025-10-16 23:35:09] [INFO] [preload] Watcher iniciado: logger_config.json
[2025-10-16 23:35:09] [INFO] [envWatcher] Observando archivo .env en: C:\Users\User\Documents\Personal\LockeritDesk\configFiles\.env
[2025-10-16 23:35:09] [INFO] [envWatcher] Archivo .env cargado correctamente
[2025-10-16 23:35:09] [INFO] [preload] Watcher iniciado: .env
[2025-10-16 23:35:09] [INFO] [preload] API expuesta en window.electronAPI
[2025-10-16 23:35:09] [INFO] [main] [axiosConfig] API BaseURL Inicial: http://localhost:8080
[2025-10-16 23:35:09] [INFO] [main] [axiosConfig] API BaseTimeout Inicial: 30
[2025-10-16 23:35:09] [INFO] [main] [configStore] Configuración actualizada
[2025-10-16 23:35:09] [INFO] [main] [configStore] config_key.json inicial cargado exitosamente
[2025-10-16 23:35:09] [INFO] [main] [envStore] ENV inicial cargado correctamente
[2025-10-16 23:35:09] [INFO] [main] [envStore] ENV actualizado
[2025-10-16 23:35:09] [INFO] [main] [axiosConfig] API BaseTimeout actualizada dinámicamente: 30
[2025-10-16 23:35:09] [INFO] [main] [assignLocker] API BaseTimeout actualizada dinámicamente: 30
[2025-10-16 23:35:09] [INFO] [main] [authStore] Auth actualizado
[2025-10-16 23:35:09] [INFO] [main] [authStore] auth_key.json inicial cargado exitosamente
[2025-10-16 23:35:09] [INFO] [main] CSP cambió, enviando al renderer
[2025-10-16 23:35:10] [INFO] [main] get-screen-data-once -> 1920x1032 factor=0.96
[2025-10-16 23:35:10] [INFO] [main] [app] Scheduler diario habilitado: false | usuario config: undefined | usuario actual: administrador
[2025-10-16 23:35:10] [INFO] [main] [app] Scheduler semanal habilitado: false | usuario config: undefined | usuario actual: administrador
[2025-10-16 23:35:10] [INFO] [main] [app] Scheduler mensual habilitado: false | usuario config: undefined | usuario actual: administrador
[2025-10-16 23:35:10] [INFO] [main] [app] Scheduler diario habilitado: false | usuario config: undefined | usuario actual: administrador
[2025-10-16 23:35:10] [INFO] [main] [app] Scheduler semanal habilitado: false | usuario config: undefined | usuario actual: administrador
[2025-10-16 23:35:10] [INFO] [main] [app] Scheduler mensual habilitado: false | usuario config: undefined | usuario actual: administrador
[2025-10-16 23:35:10] [INFO] [main] [login] Usuario autenticado en sesión principal, redirigiendo a /adminlockers
[2025-10-16 23:35:10] [INFO] [main] [copyright] Versión cargada: 1.1.0
[2025-10-16 23:35:10] [INFO] [main] [app] Componente App montado
[2025-10-16 23:35:10] [INFO] [main] [app] Versión cargada: 1.1.0
[2025-10-16 23:35:10] [INFO] [main] [copyright] Versión cargada: 1.1.0
[2025-10-16 23:35:10] [INFO] [main] [app] Componente App montado
[2025-10-16 23:35:10] [INFO] [main] [app] Versión cargada: 1.1.0
[2025-10-16 23:35:10] [INFO] [main] [app] Scheduler diario habilitado: false | usuario config: undefined | usuario actual: administrador
[2025-10-16 23:35:10] [INFO] [main] [app] Scheduler semanal habilitado: false | usuario config: undefined | usuario actual: administrador
[2025-10-16 23:35:10] [INFO] [main] [app] Scheduler mensual habilitado: false | usuario config: undefined | usuario actual: administrador
[2025-10-16 23:35:10] [INFO] [main] [app] Scheduler diario habilitado: false | usuario config: undefined | usuario actual: administrador
[2025-10-16 23:35:10] [INFO] [main] [app] Scheduler semanal habilitado: false | usuario config: undefined | usuario actual: administrador
[2025-10-16 23:35:10] [INFO] [main] [app] Scheduler mensual habilitado: false | usuario config: undefined | usuario actual: administrador
[2025-10-16 23:35:10] [INFO] [main] [useConfig] Configuración inicial obtenida
[2025-10-16 23:35:10] [INFO] [main] [useConfig] Configuración inicial obtenida
[2025-10-16 23:35:10] [INFO] [main] [useConfig] Configuración inicial obtenida
[2025-10-16 23:35:10] [INFO] [main] [useConfig] Configuración inicial obtenida
[2025-10-16 23:35:10] [INFO] [main] [useConfig] Configuración inicial obtenida
[2025-10-16 23:35:10] [INFO] [main] [useConfig] Configuración inicial obtenida
[2025-10-16 23:35:10] [INFO] [main] [app] Scheduler diario habilitado: false | usuario config: operador | usuario actual: administrador
[2025-10-16 23:35:10] [INFO] [main] [app] Scheduler semanal habilitado: false | usuario config: operador | usuario actual: administrador
[2025-10-16 23:35:10] [INFO] [main] [app] Scheduler mensual habilitado: false | usuario config: operador | usuario actual: administrador
[2025-10-16 23:35:10] [INFO] [main] [app] Scheduler diario habilitado: false | usuario config: operador | usuario actual: administrador
[2025-10-16 23:35:10] [INFO] [main] [app] Scheduler semanal habilitado: false | usuario config: operador | usuario actual: administrador
[2025-10-16 23:35:10] [INFO] [main] [app] Scheduler mensual habilitado: false | usuario config: operador | usuario actual: administrador
[2025-10-16 23:35:10] [INFO] [main] [statusLockers] Iniciando petición para obtener casilleros disponibles
[2025-10-16 23:35:10] [INFO] [main] [statusLockers] Timeout efectivo en ejecución: 30000
[2025-10-16 23:35:10] [INFO] [main] [statusLockers] Intento 1: HOST -> http://localhost:8080
[2025-10-16 23:35:10] [INFO] [main] [statusLockers] Intento 1: URL -> /api/lockers/get-all-status
[2025-10-16 23:35:10] [INFO] [main] [statusLockers] Iniciando petición para obtener casilleros disponibles
[2025-10-16 23:35:10] [INFO] [main] [statusLockers] Timeout efectivo en ejecución: 30000
[2025-10-16 23:35:10] [INFO] [main] [statusLockers] Intento 1: HOST -> http://localhost:8080
[2025-10-16 23:35:10] [INFO] [main] [statusLockers] Intento 1: URL -> /api/lockers/get-all-status
[2025-10-16 23:35:10] [INFO] [main] [useConfig] Configuración inicial obtenida
[2025-10-16 23:35:10] [INFO] [main] [useConfig] Configuración inicial obtenida
[2025-10-16 23:35:10] [INFO] [main] [useConfig] Configuración inicial obtenida
[2025-10-16 23:35:10] [INFO] [main] [useConfig] Configuración inicial obtenida
[2025-10-16 23:35:10] [INFO] [main] [statusLockers] Response. Status: 200
[2025-10-16 23:35:10] [INFO] [main] [statusLockers] Response. Data: {"general":[{"status":"ocupado","total":3},{"status":"libre","total":52},{"status":"reservado","total":4},{"status":"deshabilitado","total":1}],"modules":[{"module":"A","lockers":[{"lockerCode":"A1","status":"reservado"},{"lockerCode":"A2","status":"reservado"},{"lockerCode":"A3","status":"reservado"},{"lockerCode":"A4","status":"reservado"},{"lockerCode":"A5","status":"libre"},{"lockerCode":"A6","status":"libre"},{"lockerCode":"A7","status":"libre"},{"lockerCode":"A8","status":"libre"},{"lockerCode":"A9","status":"libre"},{"lockerCode":"A10","status":"libre"}]},{"module":"B","lockers":[{"lockerCode":"B1","status":"libre"},{"lockerCode":"B2","status":"libre"},{"lockerCode":"B3","status":"libre"},{"lockerCode":"B4","status":"ocupado"},{"lockerCode":"B5","status":"libre"},{"lockerCode":"B6","status":"libre"},{"lockerCode":"B7","status":"libre"},{"lockerCode":"B8","status":"libre"},{"lockerCode":"B9","status":"libre"},{"lockerCode":"B10","status":"ocupado"}]},{"module":"C","lockers":[{"lockerCode":"C1","status":"libre"},{"lockerCode":"C2","status":"libre"},{"lockerCode":"C3","status":"libre"},{"lockerCode":"C4","status":"libre"},{"lockerCode":"C5","status":"libre"},{"lockerCode":"C6","status":"libre"},{"lockerCode":"C7","status":"libre"},{"lockerCode":"C8","status":"libre"},{"lockerCode":"C9","status":"libre"},{"lockerCode":"C10","status":"libre"}]},{"module":"D","lockers":[{"lockerCode":"D1","status":"ocupado"},{"lockerCode":"D2","status":"libre"},{"lockerCode":"D3","status":"libre"},{"lockerCode":"D4","status":"libre"},{"lockerCode":"D5","status":"libre"},{"lockerCode":"D6","status":"libre"},{"lockerCode":"D7","status":"libre"},{"lockerCode":"D8","status":"libre"},{"lockerCode":"D9","status":"libre"},{"lockerCode":"D10","status":"libre"}]},{"module":"E","lockers":[{"lockerCode":"E1","status":"libre"},{"lockerCode":"E2","status":"libre"},{"lockerCode":"E3","status":"libre"},{"lockerCode":"E4","status":"libre"},{"lockerCode":"E5","status":"libre"},{"lockerCode":"E6","status":"libre"},{"lockerCode":"E7","status":"libre"},{"lockerCode":"E8","status":"libre"},{"lockerCode":"E9","status":"libre"},{"lockerCode":"E10","status":"libre"}]},{"module":"F","lockers":[{"lockerCode":"F1","status":"libre"},{"lockerCode":"F2","status":"libre"},{"lockerCode":"F3","status":"libre"},{"lockerCode":"F4","status":"libre"},{"lockerCode":"F5","status":"libre"},{"lockerCode":"F6","status":"deshabilitado"},{"lockerCode":"F7","status":"libre"},{"lockerCode":"F8","status":"libre"},{"lockerCode":"F9","status":"libre"},{"lockerCode":"F10","status":"libre"}]}]}
[2025-10-16 23:35:11] [INFO] [main] [statusLockers] Response. Status: 200
[2025-10-16 23:35:11] [INFO] [main] [statusLockers] Response. Data: {"general":[{"status":"reservado","total":4},{"status":"deshabilitado","total":1},{"status":"ocupado","total":3},{"status":"libre","total":52}],"modules":[{"module":"A","lockers":[{"lockerCode":"A1","status":"reservado"},{"lockerCode":"A2","status":"reservado"},{"lockerCode":"A3","status":"reservado"},{"lockerCode":"A4","status":"reservado"},{"lockerCode":"A5","status":"libre"},{"lockerCode":"A6","status":"libre"},{"lockerCode":"A7","status":"libre"},{"lockerCode":"A8","status":"libre"},{"lockerCode":"A9","status":"libre"},{"lockerCode":"A10","status":"libre"}]},{"module":"B","lockers":[{"lockerCode":"B1","status":"libre"},{"lockerCode":"B2","status":"libre"},{"lockerCode":"B3","status":"libre"},{"lockerCode":"B4","status":"ocupado"},{"lockerCode":"B5","status":"libre"},{"lockerCode":"B6","status":"libre"},{"lockerCode":"B7","status":"libre"},{"lockerCode":"B8","status":"libre"},{"lockerCode":"B9","status":"libre"},{"lockerCode":"B10","status":"ocupado"}]},{"module":"C","lockers":[{"lockerCode":"C1","status":"libre"},{"lockerCode":"C2","status":"libre"},{"lockerCode":"C3","status":"libre"},{"lockerCode":"C4","status":"libre"},{"lockerCode":"C5","status":"libre"},{"lockerCode":"C6","status":"libre"},{"lockerCode":"C7","status":"libre"},{"lockerCode":"C8","status":"libre"},{"lockerCode":"C9","status":"libre"},{"lockerCode":"C10","status":"libre"}]},{"module":"D","lockers":[{"lockerCode":"D1","status":"ocupado"},{"lockerCode":"D2","status":"libre"},{"lockerCode":"D3","status":"libre"},{"lockerCode":"D4","status":"libre"},{"lockerCode":"D5","status":"libre"},{"lockerCode":"D6","status":"libre"},{"lockerCode":"D7","status":"libre"},{"lockerCode":"D8","status":"libre"},{"lockerCode":"D9","status":"libre"},{"lockerCode":"D10","status":"libre"}]},{"module":"E","lockers":[{"lockerCode":"E1","status":"libre"},{"lockerCode":"E2","status":"libre"},{"lockerCode":"E3","status":"libre"},{"lockerCode":"E4","status":"libre"},{"lockerCode":"E5","status":"libre"},{"lockerCode":"E6","status":"libre"},{"lockerCode":"E7","status":"libre"},{"lockerCode":"E8","status":"libre"},{"lockerCode":"E9","status":"libre"},{"lockerCode":"E10","status":"libre"}]},{"module":"F","lockers":[{"lockerCode":"F1","status":"libre"},{"lockerCode":"F2","status":"libre"},{"lockerCode":"F3","status":"libre"},{"lockerCode":"F4","status":"libre"},{"lockerCode":"F5","status":"libre"},{"lockerCode":"F6","status":"deshabilitado"},{"lockerCode":"F7","status":"libre"},{"lockerCode":"F8","status":"libre"},{"lockerCode":"F9","status":"libre"},{"lockerCode":"F10","status":"libre"}]}]}
[2025-10-16 23:35:11] [INFO] [main] [app] Scheduler diario habilitado: false | usuario config: operador | usuario actual: administrador
[2025-10-16 23:35:11] [INFO] [main] [app] Scheduler semanal habilitado: false | usuario config: operador | usuario actual: administrador
[2025-10-16 23:35:11] [INFO] [main] [app] Scheduler mensual habilitado: false | usuario config: operador | usuario actual: administrador
[2025-10-16 23:35:11] [INFO] [main] [app] Scheduler diario habilitado: false | usuario config: operador | usuario actual: administrador
[2025-10-16 23:35:11] [INFO] [main] [app] Scheduler semanal habilitado: false | usuario config: operador | usuario actual: administrador
[2025-10-16 23:35:11] [INFO] [main] [app] Scheduler mensual habilitado: false | usuario config: operador | usuario actual: administrador
[2025-10-16 23:35:16] [INFO] [main] [app] Scheduler diario habilitado: false | usuario config: undefined | usuario actual: administrador
[2025-10-16 23:35:16] [INFO] [main] [app] Scheduler semanal habilitado: false | usuario config: undefined | usuario actual: administrador
[2025-10-16 23:35:16] [INFO] [main] [app] Scheduler mensual habilitado: false | usuario config: undefined | usuario actual: administrador
[2025-10-16 23:35:16] [INFO] [main] [app] Scheduler diario habilitado: false | usuario config: undefined | usuario actual: administrador
[2025-10-16 23:35:16] [INFO] [main] [app] Scheduler semanal habilitado: false | usuario config: undefined | usuario actual: administrador
[2025-10-16 23:35:16] [INFO] [main] [app] Scheduler mensual habilitado: false | usuario config: undefined | usuario actual: administrador
[2025-10-16 23:35:16] [INFO] [main] [statusLockers] Iniciando petición para obtener casilleros disponibles
[2025-10-16 23:35:16] [INFO] [main] [statusLockers] Timeout efectivo en ejecución: 30000
[2025-10-16 23:35:16] [INFO] [main] [statusLockers] Intento 1: HOST -> http://localhost:8080
[2025-10-16 23:35:16] [INFO] [main] [statusLockers] Intento 1: URL -> /api/lockers/get-all-status
[2025-10-16 23:35:16] [INFO] [main] [copyright] Versión cargada: 1.1.0
[2025-10-16 23:35:16] [INFO] [main] [app] Componente App montado
[2025-10-16 23:35:16] [INFO] [main] [app] Versión cargada: 1.1.0
[2025-10-16 23:35:16] [INFO] [main] [statusLockers] Iniciando petición para obtener casilleros disponibles
[2025-10-16 23:35:16] [INFO] [main] [statusLockers] Timeout efectivo en ejecución: 30000
[2025-10-16 23:35:16] [INFO] [main] [statusLockers] Intento 1: HOST -> http://localhost:8080
[2025-10-16 23:35:16] [INFO] [main] [statusLockers] Intento 1: URL -> /api/lockers/get-all-status
[2025-10-16 23:35:16] [INFO] [main] [copyright] Versión cargada: 1.1.0
[2025-10-16 23:35:16] [INFO] [main] [app] Componente App montado
[2025-10-16 23:35:16] [INFO] [main] [app] Versión cargada: 1.1.0
[2025-10-16 23:35:16] [INFO] [main] [app] Scheduler diario habilitado: false | usuario config: undefined | usuario actual: administrador
[2025-10-16 23:35:16] [INFO] [main] [app] Scheduler semanal habilitado: false | usuario config: undefined | usuario actual: administrador
[2025-10-16 23:35:16] [INFO] [main] [app] Scheduler mensual habilitado: false | usuario config: undefined | usuario actual: administrador
[2025-10-16 23:35:16] [INFO] [main] [app] Scheduler diario habilitado: false | usuario config: undefined | usuario actual: administrador
[2025-10-16 23:35:16] [INFO] [main] [app] Scheduler semanal habilitado: false | usuario config: undefined | usuario actual: administrador
[2025-10-16 23:35:16] [INFO] [main] [app] Scheduler mensual habilitado: false | usuario config: undefined | usuario actual: administrador
[2025-10-16 23:35:16] [INFO] [main] [useConfig] Configuración inicial obtenida
[2025-10-16 23:35:16] [INFO] [main] [useConfig] Configuración inicial obtenida
[2025-10-16 23:35:16] [INFO] [main] [useConfig] Configuración inicial obtenida
[2025-10-16 23:35:16] [INFO] [main] [useConfig] Configuración inicial obtenida
[2025-10-16 23:35:16] [INFO] [main] [useConfig] Configuración inicial obtenida
[2025-10-16 23:35:16] [INFO] [main] [useConfig] Configuración inicial obtenida
[2025-10-16 23:35:16] [INFO] [main] [useConfig] Configuración inicial obtenida
[2025-10-16 23:35:16] [INFO] [main] [useConfig] Configuración inicial obtenida
[2025-10-16 23:35:16] [INFO] [main] [app] Scheduler diario habilitado: false | usuario config: operador | usuario actual: administrador
[2025-10-16 23:35:16] [INFO] [main] [app] Scheduler semanal habilitado: false | usuario config: operador | usuario actual: administrador
[2025-10-16 23:35:16] [INFO] [main] [app] Scheduler mensual habilitado: false | usuario config: operador | usuario actual: administrador
[2025-10-16 23:35:16] [INFO] [main] [app] Scheduler diario habilitado: false | usuario config: operador | usuario actual: administrador
[2025-10-16 23:35:16] [INFO] [main] [app] Scheduler semanal habilitado: false | usuario config: operador | usuario actual: administrador
[2025-10-16 23:35:16] [INFO] [main] [app] Scheduler mensual habilitado: false | usuario config: operador | usuario actual: administrador
[2025-10-16 23:35:16] [INFO] [main] [statusLockers] Response. Status: 200
[2025-10-16 23:35:16] [INFO] [main] [statusLockers] Response. Data: {"general":[{"status":"ocupado","total":3},{"status":"libre","total":52},{"status":"reservado","total":4},{"status":"deshabilitado","total":1}],"modules":[{"module":"A","lockers":[{"lockerCode":"A1","status":"reservado"},{"lockerCode":"A2","status":"reservado"},{"lockerCode":"A3","status":"reservado"},{"lockerCode":"A4","status":"reservado"},{"lockerCode":"A5","status":"libre"},{"lockerCode":"A6","status":"libre"},{"lockerCode":"A7","status":"libre"},{"lockerCode":"A8","status":"libre"},{"lockerCode":"A9","status":"libre"},{"lockerCode":"A10","status":"libre"}]},{"module":"B","lockers":[{"lockerCode":"B1","status":"libre"},{"lockerCode":"B2","status":"libre"},{"lockerCode":"B3","status":"libre"},{"lockerCode":"B4","status":"ocupado"},{"lockerCode":"B5","status":"libre"},{"lockerCode":"B6","status":"libre"},{"lockerCode":"B7","status":"libre"},{"lockerCode":"B8","status":"libre"},{"lockerCode":"B9","status":"libre"},{"lockerCode":"B10","status":"ocupado"}]},{"module":"C","lockers":[{"lockerCode":"C1","status":"libre"},{"lockerCode":"C2","status":"libre"},{"lockerCode":"C3","status":"libre"},{"lockerCode":"C4","status":"libre"},{"lockerCode":"C5","status":"libre"},{"lockerCode":"C6","status":"libre"},{"lockerCode":"C7","status":"libre"},{"lockerCode":"C8","status":"libre"},{"lockerCode":"C9","status":"libre"},{"lockerCode":"C10","status":"libre"}]},{"module":"D","lockers":[{"lockerCode":"D1","status":"ocupado"},{"lockerCode":"D2","status":"libre"},{"lockerCode":"D3","status":"libre"},{"lockerCode":"D4","status":"libre"},{"lockerCode":"D5","status":"libre"},{"lockerCode":"D6","status":"libre"},{"lockerCode":"D7","status":"libre"},{"lockerCode":"D8","status":"libre"},{"lockerCode":"D9","status":"libre"},{"lockerCode":"D10","status":"libre"}]},{"module":"E","lockers":[{"lockerCode":"E1","status":"libre"},{"lockerCode":"E2","status":"libre"},{"lockerCode":"E3","status":"libre"},{"lockerCode":"E4","status":"libre"},{"lockerCode":"E5","status":"libre"},{"lockerCode":"E6","status":"libre"},{"lockerCode":"E7","status":"libre"},{"lockerCode":"E8","status":"libre"},{"lockerCode":"E9","status":"libre"},{"lockerCode":"E10","status":"libre"}]},{"module":"F","lockers":[{"lockerCode":"F1","status":"libre"},{"lockerCode":"F2","status":"libre"},{"lockerCode":"F3","status":"libre"},{"lockerCode":"F4","status":"libre"},{"lockerCode":"F5","status":"libre"},{"lockerCode":"F6","status":"deshabilitado"},{"lockerCode":"F7","status":"libre"},{"lockerCode":"F8","status":"libre"},{"lockerCode":"F9","status":"libre"},{"lockerCode":"F10","status":"libre"}]}]}
[2025-10-16 23:35:16] [INFO] [main] [statusLockers] Response. Status: 200
[2025-10-16 23:35:16] [INFO] [main] [statusLockers] Response. Data: {"general":[{"status":"deshabilitado","total":1},{"status":"ocupado","total":3},{"status":"libre","total":52},{"status":"reservado","total":4}],"modules":[{"module":"A","lockers":[{"lockerCode":"A1","status":"reservado"},{"lockerCode":"A2","status":"reservado"},{"lockerCode":"A3","status":"reservado"},{"lockerCode":"A4","status":"reservado"},{"lockerCode":"A5","status":"libre"},{"lockerCode":"A6","status":"libre"},{"lockerCode":"A7","status":"libre"},{"lockerCode":"A8","status":"libre"},{"lockerCode":"A9","status":"libre"},{"lockerCode":"A10","status":"libre"}]},{"module":"B","lockers":[{"lockerCode":"B1","status":"libre"},{"lockerCode":"B2","status":"libre"},{"lockerCode":"B3","status":"libre"},{"lockerCode":"B4","status":"ocupado"},{"lockerCode":"B5","status":"libre"},{"lockerCode":"B6","status":"libre"},{"lockerCode":"B7","status":"libre"},{"lockerCode":"B8","status":"libre"},{"lockerCode":"B9","status":"libre"},{"lockerCode":"B10","status":"ocupado"}]},{"module":"C","lockers":[{"lockerCode":"C1","status":"libre"},{"lockerCode":"C2","status":"libre"},{"lockerCode":"C3","status":"libre"},{"lockerCode":"C4","status":"libre"},{"lockerCode":"C5","status":"libre"},{"lockerCode":"C6","status":"libre"},{"lockerCode":"C7","status":"libre"},{"lockerCode":"C8","status":"libre"},{"lockerCode":"C9","status":"libre"},{"lockerCode":"C10","status":"libre"}]},{"module":"D","lockers":[{"lockerCode":"D1","status":"ocupado"},{"lockerCode":"D2","status":"libre"},{"lockerCode":"D3","status":"libre"},{"lockerCode":"D4","status":"libre"},{"lockerCode":"D5","status":"libre"},{"lockerCode":"D6","status":"libre"},{"lockerCode":"D7","status":"libre"},{"lockerCode":"D8","status":"libre"},{"lockerCode":"D9","status":"libre"},{"lockerCode":"D10","status":"libre"}]},{"module":"E","lockers":[{"lockerCode":"E1","status":"libre"},{"lockerCode":"E2","status":"libre"},{"lockerCode":"E3","status":"libre"},{"lockerCode":"E4","status":"libre"},{"lockerCode":"E5","status":"libre"},{"lockerCode":"E6","status":"libre"},{"lockerCode":"E7","status":"libre"},{"lockerCode":"E8","status":"libre"},{"lockerCode":"E9","status":"libre"},{"lockerCode":"E10","status":"libre"}]},{"module":"F","lockers":[{"lockerCode":"F1","status":"libre"},{"lockerCode":"F2","status":"libre"},{"lockerCode":"F3","status":"libre"},{"lockerCode":"F4","status":"libre"},{"lockerCode":"F5","status":"libre"},{"lockerCode":"F6","status":"deshabilitado"},{"lockerCode":"F7","status":"libre"},{"lockerCode":"F8","status":"libre"},{"lockerCode":"F9","status":"libre"},{"lockerCode":"F10","status":"libre"}]}]}
[2025-10-16 23:35:17] [INFO] [main] [app] Scheduler diario habilitado: false | usuario config: operador | usuario actual: administrador
[2025-10-16 23:35:17] [INFO] [main] [app] Scheduler semanal habilitado: false | usuario config: operador | usuario actual: administrador
[2025-10-16 23:35:17] [INFO] [main] [app] Scheduler mensual habilitado: false | usuario config: operador | usuario actual: administrador
[2025-10-16 23:35:17] [INFO] [main] [app] Scheduler diario habilitado: false | usuario config: operador | usuario actual: administrador
[2025-10-16 23:35:17] [INFO] [main] [app] Scheduler semanal habilitado: false | usuario config: operador | usuario actual: administrador
[2025-10-16 23:35:17] [INFO] [main] [app] Scheduler mensual habilitado: false | usuario config: operador | usuario actual: administrador
[2025-10-16 23:35:18] [INFO] [main] [app] Scheduler diario habilitado: false | usuario config: operador | usuario actual: administrador
[2025-10-16 23:35:18] [INFO] [main] [app] Scheduler semanal habilitado: false | usuario config: operador | usuario actual: administrador
[2025-10-16 23:35:18] [INFO] [main] [app] Scheduler mensual habilitado: false | usuario config: operador | usuario actual: administrador
[2025-10-16 23:35:18] [INFO] [main] [app] Scheduler diario habilitado: false | usuario config: operador | usuario actual: administrador
[2025-10-16 23:35:18] [INFO] [main] [app] Scheduler semanal habilitado: false | usuario config: operador | usuario actual: administrador
[2025-10-16 23:35:18] [INFO] [main] [app] Scheduler mensual habilitado: false | usuario config: operador | usuario actual: administrador
[2025-10-16 23:35:18] [INFO] [main] [app] Scheduler diario habilitado: false | usuario config: operador | usuario actual: administrador
[2025-10-16 23:35:18] [INFO] [main] [app] Scheduler semanal habilitado: false | usuario config: operador | usuario actual: administrador
[2025-10-16 23:35:18] [INFO] [main] [app] Scheduler mensual habilitado: false | usuario config: operador | usuario actual: administrador
[2025-10-16 23:35:18] [INFO] [main] [app] Scheduler diario habilitado: false | usuario config: operador | usuario actual: administrador
[2025-10-16 23:35:18] [INFO] [main] [app] Scheduler semanal habilitado: false | usuario config: operador | usuario actual: administrador
[2025-10-16 23:35:18] [INFO] [main] [app] Scheduler mensual habilitado: false | usuario config: operador | usuario actual: administrador
[2025-10-16 23:35:19] [INFO] [main] [app] Scheduler diario habilitado: false | usuario config: operador | usuario actual: administrador
[2025-10-16 23:35:19] [INFO] [main] [app] Scheduler semanal habilitado: false | usuario config: operador | usuario actual: administrador
[2025-10-16 23:35:19] [INFO] [main] [app] Scheduler mensual habilitado: false | usuario config: operador | usuario actual: administrador
[2025-10-16 23:35:19] [INFO] [main] [app] Scheduler diario habilitado: false | usuario config: operador | usuario actual: administrador
[2025-10-16 23:35:19] [INFO] [main] [app] Scheduler semanal habilitado: false | usuario config: operador | usuario actual: administrador
[2025-10-16 23:35:19] [INFO] [main] [app] Scheduler mensual habilitado: false | usuario config: operador | usuario actual: administrador
[2025-10-16 23:35:20] [INFO] [main] [app] Scheduler diario habilitado: false | usuario config: operador | usuario actual: administrador
[2025-10-16 23:35:20] [INFO] [main] [app] Scheduler semanal habilitado: false | usuario config: operador | usuario actual: administrador
[2025-10-16 23:35:20] [INFO] [main] [app] Scheduler mensual habilitado: false | usuario config: operador | usuario actual: administrador
[2025-10-16 23:35:20] [INFO] [main] [app] Scheduler diario habilitado: false | usuario config: operador | usuario actual: administrador
[2025-10-16 23:35:20] [INFO] [main] [app] Scheduler semanal habilitado: false | usuario config: operador | usuario actual: administrador
[2025-10-16 23:35:20] [INFO] [main] [app] Scheduler mensual habilitado: false | usuario config: operador | usuario actual: administrador
[2025-10-16 23:35:21] [INFO] [main] [app] Scheduler diario habilitado: false | usuario config: operador | usuario actual: administrador
[2025-10-16 23:35:21] [INFO] [main] [app] Scheduler semanal habilitado: false | usuario config: operador | usuario actual: administrador
[2025-10-16 23:35:21] [INFO] [main] [app] Scheduler mensual habilitado: false | usuario config: operador | usuario actual: administrador
[2025-10-16 23:35:21] [INFO] [main] [app] Scheduler diario habilitado: false | usuario config: operador | usuario actual: administrador
[2025-10-16 23:35:21] [INFO] [main] [app] Scheduler semanal habilitado: false | usuario config: operador | usuario actual: administrador
[2025-10-16 23:35:21] [INFO] [main] [app] Scheduler mensual habilitado: false | usuario config: operador | usuario actual: administrador
[2025-10-16 23:35:24] [INFO] [main] [app] Scheduler diario habilitado: false | usuario config: undefined | usuario actual: administrador
[2025-10-16 23:35:24] [INFO] [main] [app] Scheduler semanal habilitado: false | usuario config: undefined | usuario actual: administrador
[2025-10-16 23:35:24] [INFO] [main] [app] Scheduler mensual habilitado: false | usuario config: undefined | usuario actual: administrador
[2025-10-16 23:35:24] [INFO] [main] [app] Scheduler diario habilitado: false | usuario config: undefined | usuario actual: administrador
[2025-10-16 23:35:24] [INFO] [main] [app] Scheduler semanal habilitado: false | usuario config: undefined | usuario actual: administrador
[2025-10-16 23:35:24] [INFO] [main] [app] Scheduler mensual habilitado: false | usuario config: undefined | usuario actual: administrador
[2025-10-16 23:35:24] [INFO] [main] [statusLockers] Iniciando petición para obtener casilleros disponibles
[2025-10-16 23:35:24] [INFO] [main] [statusLockers] Timeout efectivo en ejecución: 30000
[2025-10-16 23:35:24] [INFO] [main] [statusLockers] Intento 1: HOST -> http://localhost:8080
[2025-10-16 23:35:24] [INFO] [main] [statusLockers] Intento 1: URL -> /api/lockers/get-all-status
[2025-10-16 23:35:24] [INFO] [main] [copyright] Versión cargada: 1.1.0
[2025-10-16 23:35:24] [INFO] [main] [app] Componente App montado
[2025-10-16 23:35:24] [INFO] [main] [app] Versión cargada: 1.1.0
[2025-10-16 23:35:24] [INFO] [main] [statusLockers] Iniciando petición para obtener casilleros disponibles
[2025-10-16 23:35:24] [INFO] [main] [statusLockers] Timeout efectivo en ejecución: 30000
[2025-10-16 23:35:24] [INFO] [main] [statusLockers] Intento 1: HOST -> http://localhost:8080
[2025-10-16 23:35:24] [INFO] [main] [statusLockers] Intento 1: URL -> /api/lockers/get-all-status
[2025-10-16 23:35:24] [INFO] [main] [copyright] Versión cargada: 1.1.0
[2025-10-16 23:35:24] [INFO] [main] [app] Componente App montado
[2025-10-16 23:35:24] [INFO] [main] [app] Versión cargada: 1.1.0
[2025-10-16 23:35:24] [INFO] [main] [app] Scheduler diario habilitado: false | usuario config: undefined | usuario actual: administrador
[2025-10-16 23:35:24] [INFO] [main] [app] Scheduler semanal habilitado: false | usuario config: undefined | usuario actual: administrador
[2025-10-16 23:35:24] [INFO] [main] [app] Scheduler mensual habilitado: false | usuario config: undefined | usuario actual: administrador
[2025-10-16 23:35:24] [INFO] [main] [app] Scheduler diario habilitado: false | usuario config: undefined | usuario actual: administrador
[2025-10-16 23:35:24] [INFO] [main] [app] Scheduler semanal habilitado: false | usuario config: undefined | usuario actual: administrador
[2025-10-16 23:35:24] [INFO] [main] [app] Scheduler mensual habilitado: false | usuario config: undefined | usuario actual: administrador
[2025-10-16 23:35:24] [INFO] [main] [useConfig] Configuración inicial obtenida
[2025-10-16 23:35:24] [INFO] [main] [useConfig] Configuración inicial obtenida
[2025-10-16 23:35:24] [INFO] [main] [useConfig] Configuración inicial obtenida
[2025-10-16 23:35:24] [INFO] [main] [useConfig] Configuración inicial obtenida
[2025-10-16 23:35:24] [INFO] [main] [useConfig] Configuración inicial obtenida
[2025-10-16 23:35:24] [INFO] [main] [useConfig] Configuración inicial obtenida
[2025-10-16 23:35:24] [INFO] [main] [useConfig] Configuración inicial obtenida
[2025-10-16 23:35:24] [INFO] [main] [useConfig] Configuración inicial obtenida
[2025-10-16 23:35:24] [INFO] [main] [app] Scheduler diario habilitado: false | usuario config: operador | usuario actual: administrador
[2025-10-16 23:35:24] [INFO] [main] [app] Scheduler semanal habilitado: false | usuario config: operador | usuario actual: administrador
[2025-10-16 23:35:24] [INFO] [main] [app] Scheduler mensual habilitado: false | usuario config: operador | usuario actual: administrador
[2025-10-16 23:35:24] [INFO] [main] [app] Scheduler diario habilitado: false | usuario config: operador | usuario actual: administrador
[2025-10-16 23:35:24] [INFO] [main] [app] Scheduler semanal habilitado: false | usuario config: operador | usuario actual: administrador
[2025-10-16 23:35:24] [INFO] [main] [app] Scheduler mensual habilitado: false | usuario config: operador | usuario actual: administrador
[2025-10-16 23:35:24] [INFO] [main] [statusLockers] Response. Status: 200
[2025-10-16 23:35:24] [INFO] [main] [statusLockers] Response. Data: {"general":[{"status":"ocupado","total":3},{"status":"libre","total":52},{"status":"reservado","total":4},{"status":"deshabilitado","total":1}],"modules":[{"module":"A","lockers":[{"lockerCode":"A1","status":"reservado"},{"lockerCode":"A2","status":"reservado"},{"lockerCode":"A3","status":"reservado"},{"lockerCode":"A4","status":"reservado"},{"lockerCode":"A5","status":"libre"},{"lockerCode":"A6","status":"libre"},{"lockerCode":"A7","status":"libre"},{"lockerCode":"A8","status":"libre"},{"lockerCode":"A9","status":"libre"},{"lockerCode":"A10","status":"libre"}]},{"module":"B","lockers":[{"lockerCode":"B1","status":"libre"},{"lockerCode":"B2","status":"libre"},{"lockerCode":"B3","status":"libre"},{"lockerCode":"B4","status":"ocupado"},{"lockerCode":"B5","status":"libre"},{"lockerCode":"B6","status":"libre"},{"lockerCode":"B7","status":"libre"},{"lockerCode":"B8","status":"libre"},{"lockerCode":"B9","status":"libre"},{"lockerCode":"B10","status":"ocupado"}]},{"module":"C","lockers":[{"lockerCode":"C1","status":"libre"},{"lockerCode":"C2","status":"libre"},{"lockerCode":"C3","status":"libre"},{"lockerCode":"C4","status":"libre"},{"lockerCode":"C5","status":"libre"},{"lockerCode":"C6","status":"libre"},{"lockerCode":"C7","status":"libre"},{"lockerCode":"C8","status":"libre"},{"lockerCode":"C9","status":"libre"},{"lockerCode":"C10","status":"libre"}]},{"module":"D","lockers":[{"lockerCode":"D1","status":"ocupado"},{"lockerCode":"D2","status":"libre"},{"lockerCode":"D3","status":"libre"},{"lockerCode":"D4","status":"libre"},{"lockerCode":"D5","status":"libre"},{"lockerCode":"D6","status":"libre"},{"lockerCode":"D7","status":"libre"},{"lockerCode":"D8","status":"libre"},{"lockerCode":"D9","status":"libre"},{"lockerCode":"D10","status":"libre"}]},{"module":"E","lockers":[{"lockerCode":"E1","status":"libre"},{"lockerCode":"E2","status":"libre"},{"lockerCode":"E3","status":"libre"},{"lockerCode":"E4","status":"libre"},{"lockerCode":"E5","status":"libre"},{"lockerCode":"E6","status":"libre"},{"lockerCode":"E7","status":"libre"},{"lockerCode":"E8","status":"libre"},{"lockerCode":"E9","status":"libre"},{"lockerCode":"E10","status":"libre"}]},{"module":"F","lockers":[{"lockerCode":"F1","status":"libre"},{"lockerCode":"F2","status":"libre"},{"lockerCode":"F3","status":"libre"},{"lockerCode":"F4","status":"libre"},{"lockerCode":"F5","status":"libre"},{"lockerCode":"F6","status":"deshabilitado"},{"lockerCode":"F7","status":"libre"},{"lockerCode":"F8","status":"libre"},{"lockerCode":"F9","status":"libre"},{"lockerCode":"F10","status":"libre"}]}]}
[2025-10-16 23:35:24] [INFO] [main] [statusLockers] Response. Status: 200
[2025-10-16 23:35:24] [INFO] [main] [statusLockers] Response. Data: {"general":[{"status":"deshabilitado","total":1},{"status":"ocupado","total":3},{"status":"libre","total":52},{"status":"reservado","total":4}],"modules":[{"module":"A","lockers":[{"lockerCode":"A1","status":"reservado"},{"lockerCode":"A2","status":"reservado"},{"lockerCode":"A3","status":"reservado"},{"lockerCode":"A4","status":"reservado"},{"lockerCode":"A5","status":"libre"},{"lockerCode":"A6","status":"libre"},{"lockerCode":"A7","status":"libre"},{"lockerCode":"A8","status":"libre"},{"lockerCode":"A9","status":"libre"},{"lockerCode":"A10","status":"libre"}]},{"module":"B","lockers":[{"lockerCode":"B1","status":"libre"},{"lockerCode":"B2","status":"libre"},{"lockerCode":"B3","status":"libre"},{"lockerCode":"B4","status":"ocupado"},{"lockerCode":"B5","status":"libre"},{"lockerCode":"B6","status":"libre"},{"lockerCode":"B7","status":"libre"},{"lockerCode":"B8","status":"libre"},{"lockerCode":"B9","status":"libre"},{"lockerCode":"B10","status":"ocupado"}]},{"module":"C","lockers":[{"lockerCode":"C1","status":"libre"},{"lockerCode":"C2","status":"libre"},{"lockerCode":"C3","status":"libre"},{"lockerCode":"C4","status":"libre"},{"lockerCode":"C5","status":"libre"},{"lockerCode":"C6","status":"libre"},{"lockerCode":"C7","status":"libre"},{"lockerCode":"C8","status":"libre"},{"lockerCode":"C9","status":"libre"},{"lockerCode":"C10","status":"libre"}]},{"module":"D","lockers":[{"lockerCode":"D1","status":"ocupado"},{"lockerCode":"D2","status":"libre"},{"lockerCode":"D3","status":"libre"},{"lockerCode":"D4","status":"libre"},{"lockerCode":"D5","status":"libre"},{"lockerCode":"D6","status":"libre"},{"lockerCode":"D7","status":"libre"},{"lockerCode":"D8","status":"libre"},{"lockerCode":"D9","status":"libre"},{"lockerCode":"D10","status":"libre"}]},{"module":"E","lockers":[{"lockerCode":"E1","status":"libre"},{"lockerCode":"E2","status":"libre"},{"lockerCode":"E3","status":"libre"},{"lockerCode":"E4","status":"libre"},{"lockerCode":"E5","status":"libre"},{"lockerCode":"E6","status":"libre"},{"lockerCode":"E7","status":"libre"},{"lockerCode":"E8","status":"libre"},{"lockerCode":"E9","status":"libre"},{"lockerCode":"E10","status":"libre"}]},{"module":"F","lockers":[{"lockerCode":"F1","status":"libre"},{"lockerCode":"F2","status":"libre"},{"lockerCode":"F3","status":"libre"},{"lockerCode":"F4","status":"libre"},{"lockerCode":"F5","status":"libre"},{"lockerCode":"F6","status":"deshabilitado"},{"lockerCode":"F7","status":"libre"},{"lockerCode":"F8","status":"libre"},{"lockerCode":"F9","status":"libre"},{"lockerCode":"F10","status":"libre"}]}]}
[2025-10-16 23:35:25] [INFO] [main] [app] Scheduler diario habilitado: false | usuario config: operador | usuario actual: administrador
[2025-10-16 23:35:25] [INFO] [main] [app] Scheduler semanal habilitado: false | usuario config: operador | usuario actual: administrador
[2025-10-16 23:35:25] [INFO] [main] [app] Scheduler mensual habilitado: false | usuario config: operador | usuario actual: administrador
[2025-10-16 23:35:25] [INFO] [main] [app] Scheduler diario habilitado: false | usuario config: operador | usuario actual: administrador
[2025-10-16 23:35:25] [INFO] [main] [app] Scheduler semanal habilitado: false | usuario config: operador | usuario actual: administrador
[2025-10-16 23:35:25] [INFO] [main] [app] Scheduler mensual habilitado: false | usuario config: operador | usuario actual: administrador
[2025-10-16 23:35:36] [INFO] [main] [app] Scheduler diario habilitado: false | usuario config: operador | usuario actual: administrador
[2025-10-16 23:35:36] [INFO] [main] [app] Scheduler semanal habilitado: false | usuario config: operador | usuario actual: administrador
[2025-10-16 23:35:36] [INFO] [main] [app] Scheduler mensual habilitado: false | usuario config: operador | usuario actual: administrador
[2025-10-16 23:35:36] [INFO] [main] [app] Scheduler diario habilitado: false | usuario config: operador | usuario actual: administrador
[2025-10-16 23:35:36] [INFO] [main] [app] Scheduler semanal habilitado: false | usuario config: operador | usuario actual: administrador
[2025-10-16 23:35:36] [INFO] [main] [app] Scheduler mensual habilitado: false | usuario config: operador | usuario actual: administrador
[2025-10-16 23:35:53] [INFO] [main] [statusLockers] Iniciando petición para obtener casilleros disponibles
[2025-10-16 23:35:53] [INFO] [main] [statusLockers] Timeout efectivo en ejecución: 30000
[2025-10-16 23:35:53] [INFO] [main] [statusLockers] Intento 1: HOST -> http://localhost:8080
[2025-10-16 23:35:53] [INFO] [main] [statusLockers] Intento 1: URL -> /api/lockers/get-all-status
[2025-10-16 23:35:54] [INFO] [main] [useConfig] Configuración inicial obtenida
[2025-10-16 23:35:54] [INFO] [main] [useConfig] Configuración inicial obtenida
[2025-10-16 23:35:54] [INFO] [main] [statusLockers] Response. Status: 200
[2025-10-16 23:35:54] [INFO] [main] [statusLockers] Response. Data: {"general":[{"status":"reservado","total":4},{"status":"deshabilitado","total":1},{"status":"ocupado","total":3},{"status":"libre","total":52}],"modules":[{"module":"A","lockers":[{"lockerCode":"A1","status":"reservado"},{"lockerCode":"A2","status":"reservado"},{"lockerCode":"A3","status":"reservado"},{"lockerCode":"A4","status":"reservado"},{"lockerCode":"A5","status":"libre"},{"lockerCode":"A6","status":"libre"},{"lockerCode":"A7","status":"libre"},{"lockerCode":"A8","status":"libre"},{"lockerCode":"A9","status":"libre"},{"lockerCode":"A10","status":"libre"}]},{"module":"B","lockers":[{"lockerCode":"B1","status":"libre"},{"lockerCode":"B2","status":"libre"},{"lockerCode":"B3","status":"libre"},{"lockerCode":"B4","status":"ocupado"},{"lockerCode":"B5","status":"libre"},{"lockerCode":"B6","status":"libre"},{"lockerCode":"B7","status":"libre"},{"lockerCode":"B8","status":"libre"},{"lockerCode":"B9","status":"libre"},{"lockerCode":"B10","status":"ocupado"}]},{"module":"C","lockers":[{"lockerCode":"C1","status":"libre"},{"lockerCode":"C2","status":"libre"},{"lockerCode":"C3","status":"libre"},{"lockerCode":"C4","status":"libre"},{"lockerCode":"C5","status":"libre"},{"lockerCode":"C6","status":"libre"},{"lockerCode":"C7","status":"libre"},{"lockerCode":"C8","status":"libre"},{"lockerCode":"C9","status":"libre"},{"lockerCode":"C10","status":"libre"}]},{"module":"D","lockers":[{"lockerCode":"D1","status":"ocupado"},{"lockerCode":"D2","status":"libre"},{"lockerCode":"D3","status":"libre"},{"lockerCode":"D4","status":"libre"},{"lockerCode":"D5","status":"libre"},{"lockerCode":"D6","status":"libre"},{"lockerCode":"D7","status":"libre"},{"lockerCode":"D8","status":"libre"},{"lockerCode":"D9","status":"libre"},{"lockerCode":"D10","status":"libre"}]},{"module":"E","lockers":[{"lockerCode":"E1","status":"libre"},{"lockerCode":"E2","status":"libre"},{"lockerCode":"E3","status":"libre"},{"lockerCode":"E4","status":"libre"},{"lockerCode":"E5","status":"libre"},{"lockerCode":"E6","status":"libre"},{"lockerCode":"E7","status":"libre"},{"lockerCode":"E8","status":"libre"},{"lockerCode":"E9","status":"libre"},{"lockerCode":"E10","status":"libre"}]},{"module":"F","lockers":[{"lockerCode":"F1","status":"libre"},{"lockerCode":"F2","status":"libre"},{"lockerCode":"F3","status":"libre"},{"lockerCode":"F4","status":"libre"},{"lockerCode":"F5","status":"libre"},{"lockerCode":"F6","status":"deshabilitado"},{"lockerCode":"F7","status":"libre"},{"lockerCode":"F8","status":"libre"},{"lockerCode":"F9","status":"libre"},{"lockerCode":"F10","status":"libre"}]}]}
[2025-10-16 23:35:59] [INFO] [main] [app] Scheduler diario habilitado: false | usuario config: operador | usuario actual: administrador
[2025-10-16 23:35:59] [INFO] [main] [app] Scheduler semanal habilitado: false | usuario config: operador | usuario actual: administrador
[2025-10-16 23:35:59] [INFO] [main] [app] Scheduler mensual habilitado: false | usuario config: operador | usuario actual: administrador
[2025-10-16 23:35:59] [INFO] [main] [app] Scheduler diario habilitado: false | usuario config: operador | usuario actual: administrador
[2025-10-16 23:35:59] [INFO] [main] [app] Scheduler semanal habilitado: false | usuario config: operador | usuario actual: administrador
[2025-10-16 23:35:59] [INFO] [main] [app] Scheduler mensual habilitado: false | usuario config: operador | usuario actual: administrador
[2025-10-16 23:36:06] [INFO] [main] [app] Scheduler diario habilitado: false | usuario config: operador | usuario actual: administrador
[2025-10-16 23:36:06] [INFO] [main] [app] Scheduler semanal habilitado: false | usuario config: operador | usuario actual: administrador
[2025-10-16 23:36:06] [INFO] [main] [app] Scheduler mensual habilitado: false | usuario config: operador | usuario actual: administrador
[2025-10-16 23:36:06] [INFO] [main] [app] Scheduler diario habilitado: false | usuario config: operador | usuario actual: administrador
[2025-10-16 23:36:06] [INFO] [main] [app] Scheduler semanal habilitado: false | usuario config: operador | usuario actual: administrador
[2025-10-16 23:36:06] [INFO] [main] [app] Scheduler mensual habilitado: false | usuario config: operador | usuario actual: administrador
[2025-10-16 23:37:55] [INFO] [main] [app] Scheduler diario habilitado: false | usuario config: operador | usuario actual: administrador
[2025-10-16 23:37:55] [INFO] [main] [app] Scheduler semanal habilitado: false | usuario config: operador | usuario actual: administrador
[2025-10-16 23:37:55] [INFO] [main] [app] Scheduler mensual habilitado: false | usuario config: operador | usuario actual: administrador
[2025-10-16 23:37:55] [INFO] [main] [app] Scheduler diario habilitado: false | usuario config: operador | usuario actual: administrador
[2025-10-16 23:37:55] [INFO] [main] [app] Scheduler semanal habilitado: false | usuario config: operador | usuario actual: administrador
[2025-10-16 23:37:55] [INFO] [main] [app] Scheduler mensual habilitado: false | usuario config: operador | usuario actual: administrador
[2025-10-16 23:37:57] [INFO] [main] [app] Scheduler diario habilitado: false | usuario config: operador | usuario actual: administrador
[2025-10-16 23:37:57] [INFO] [main] [app] Scheduler semanal habilitado: false | usuario config: operador | usuario actual: administrador
[2025-10-16 23:37:57] [INFO] [main] [app] Scheduler mensual habilitado: false | usuario config: operador | usuario actual: administrador
[2025-10-16 23:37:57] [INFO] [main] [app] Scheduler diario habilitado: false | usuario config: operador | usuario actual: administrador
[2025-10-16 23:37:57] [INFO] [main] [app] Scheduler semanal habilitado: false | usuario config: operador | usuario actual: administrador
[2025-10-16 23:37:57] [INFO] [main] [app] Scheduler mensual habilitado: false | usuario config: operador | usuario actual: administrador
[2025-10-16 23:38:12] [INFO] [main] [app] Scheduler diario habilitado: false | usuario config: operador | usuario actual: administrador
[2025-10-16 23:38:12] [INFO] [main] [app] Scheduler semanal habilitado: false | usuario config: operador | usuario actual: administrador
[2025-10-16 23:38:12] [INFO] [main] [app] Scheduler mensual habilitado: false | usuario config: operador | usuario actual: administrador
[2025-10-16 23:38:12] [INFO] [main] [app] Scheduler diario habilitado: false | usuario config: operador | usuario actual: administrador
[2025-10-16 23:38:12] [INFO] [main] [app] Scheduler semanal habilitado: false | usuario config: operador | usuario actual: administrador
[2025-10-16 23:38:12] [INFO] [main] [app] Scheduler mensual habilitado: false | usuario config: operador | usuario actual: administrador
[2025-10-16 23:38:13] [INFO] [main] [app] Scheduler diario habilitado: false | usuario config: operador | usuario actual: administrador
[2025-10-16 23:38:13] [INFO] [main] [app] Scheduler semanal habilitado: false | usuario config: operador | usuario actual: administrador
[2025-10-16 23:38:13] [INFO] [main] [app] Scheduler mensual habilitado: false | usuario config: operador | usuario actual: administrador
[2025-10-16 23:38:13] [INFO] [main] [app] Scheduler diario habilitado: false | usuario config: operador | usuario actual: administrador
[2025-10-16 23:38:13] [INFO] [main] [app] Scheduler semanal habilitado: false | usuario config: operador | usuario actual: administrador
[2025-10-16 23:38:13] [INFO] [main] [app] Scheduler mensual habilitado: false | usuario config: operador | usuario actual: administrador
[2025-10-16 23:38:14] [INFO] [main] [app] Scheduler diario habilitado: false | usuario config: operador | usuario actual: administrador
[2025-10-16 23:38:14] [INFO] [main] [app] Scheduler semanal habilitado: false | usuario config: operador | usuario actual: administrador
[2025-10-16 23:38:14] [INFO] [main] [app] Scheduler mensual habilitado: false | usuario config: operador | usuario actual: administrador
[2025-10-16 23:38:14] [INFO] [main] [app] Scheduler diario habilitado: false | usuario config: operador | usuario actual: administrador
[2025-10-16 23:38:14] [INFO] [main] [app] Scheduler semanal habilitado: false | usuario config: operador | usuario actual: administrador
[2025-10-16 23:38:14] [INFO] [main] [app] Scheduler mensual habilitado: false | usuario config: operador | usuario actual: administrador
[2025-10-16 23:38:14] [INFO] [main] [app] Scheduler diario habilitado: false | usuario config: operador | usuario actual: administrador
[2025-10-16 23:38:14] [INFO] [main] [app] Scheduler semanal habilitado: false | usuario config: operador | usuario actual: administrador
[2025-10-16 23:38:14] [INFO] [main] [app] Scheduler mensual habilitado: false | usuario config: operador | usuario actual: administrador
[2025-10-16 23:38:14] [INFO] [main] [app] Scheduler diario habilitado: false | usuario config: operador | usuario actual: administrador
[2025-10-16 23:38:14] [INFO] [main] [app] Scheduler semanal habilitado: false | usuario config: operador | usuario actual: administrador
[2025-10-16 23:38:14] [INFO] [main] [app] Scheduler mensual habilitado: false | usuario config: operador | usuario actual: administrador
[2025-10-16 23:39:19] [INFO] [main] [app] Scheduler diario habilitado: false | usuario config: operador | usuario actual: administrador
[2025-10-16 23:39:19] [INFO] [main] [app] Scheduler semanal habilitado: false | usuario config: operador | usuario actual: administrador
[2025-10-16 23:39:19] [INFO] [main] [app] Scheduler mensual habilitado: false | usuario config: operador | usuario actual: administrador
[2025-10-16 23:39:19] [INFO] [main] [app] Scheduler diario habilitado: false | usuario config: operador | usuario actual: administrador
[2025-10-16 23:39:19] [INFO] [main] [app] Scheduler semanal habilitado: false | usuario config: operador | usuario actual: administrador
[2025-10-16 23:39:19] [INFO] [main] [app] Scheduler mensual habilitado: false | usuario config: operador | usuario actual: administrador
[2025-10-16 23:39:23] [INFO] [main] [app] Scheduler diario habilitado: false | usuario config: operador | usuario actual: administrador
[2025-10-16 23:39:23] [INFO] [main] [app] Scheduler semanal habilitado: false | usuario config: operador | usuario actual: administrador
[2025-10-16 23:39:23] [INFO] [main] [app] Scheduler mensual habilitado: false | usuario config: operador | usuario actual: administrador
[2025-10-16 23:39:23] [INFO] [main] [app] Scheduler diario habilitado: false | usuario config: operador | usuario actual: administrador
[2025-10-16 23:39:23] [INFO] [main] [app] Scheduler semanal habilitado: false | usuario config: operador | usuario actual: administrador
[2025-10-16 23:39:23] [INFO] [main] [app] Scheduler mensual habilitado: false | usuario config: operador | usuario actual: administrador
[2025-10-16 23:39:27] [INFO] [main] [app] Scheduler diario habilitado: false | usuario config: operador | usuario actual: administrador
[2025-10-16 23:39:27] [INFO] [main] [app] Scheduler semanal habilitado: false | usuario config: operador | usuario actual: administrador
[2025-10-16 23:39:27] [INFO] [main] [app] Scheduler mensual habilitado: false | usuario config: operador | usuario actual: administrador
[2025-10-16 23:39:27] [INFO] [main] [app] Scheduler diario habilitado: false | usuario config: operador | usuario actual: administrador
[2025-10-16 23:39:27] [INFO] [main] [app] Scheduler semanal habilitado: false | usuario config: operador | usuario actual: administrador
[2025-10-16 23:39:27] [INFO] [main] [app] Scheduler mensual habilitado: false | usuario config: operador | usuario actual: administrador
[2025-10-16 23:39:29] [INFO] [main] [app] Scheduler diario habilitado: false | usuario config: operador | usuario actual: administrador
[2025-10-16 23:39:29] [INFO] [main] [app] Scheduler semanal habilitado: false | usuario config: operador | usuario actual: administrador
[2025-10-16 23:39:29] [INFO] [main] [app] Scheduler mensual habilitado: false | usuario config: operador | usuario actual: administrador
[2025-10-16 23:39:29] [INFO] [main] [app] Scheduler diario habilitado: false | usuario config: operador | usuario actual: administrador
[2025-10-16 23:39:29] [INFO] [main] [app] Scheduler semanal habilitado: false | usuario config: operador | usuario actual: administrador
[2025-10-16 23:39:29] [INFO] [main] [app] Scheduler mensual habilitado: false | usuario config: operador | usuario actual: administrador
[2025-10-16 23:39:32] [INFO] [main] [app] Scheduler diario habilitado: false | usuario config: operador | usuario actual: administrador
[2025-10-16 23:39:32] [INFO] [main] [app] Scheduler semanal habilitado: false | usuario config: operador | usuario actual: administrador
[2025-10-16 23:39:32] [INFO] [main] [app] Scheduler mensual habilitado: false | usuario config: operador | usuario actual: administrador
[2025-10-16 23:39:32] [INFO] [main] [app] Scheduler diario habilitado: false | usuario config: operador | usuario actual: administrador
[2025-10-16 23:39:32] [INFO] [main] [app] Scheduler semanal habilitado: false | usuario config: operador | usuario actual: administrador
[2025-10-16 23:39:32] [INFO] [main] [app] Scheduler mensual habilitado: false | usuario config: operador | usuario actual: administrador
[2025-10-16 23:39:34] [INFO] [main] [app] Scheduler diario habilitado: false | usuario config: operador | usuario actual: administrador
[2025-10-16 23:39:34] [INFO] [main] [app] Scheduler semanal habilitado: false | usuario config: operador | usuario actual: administrador
[2025-10-16 23:39:34] [INFO] [main] [app] Scheduler mensual habilitado: false | usuario config: operador | usuario actual: administrador
[2025-10-16 23:39:34] [INFO] [main] [app] Scheduler diario habilitado: false | usuario config: operador | usuario actual: administrador
[2025-10-16 23:39:34] [INFO] [main] [app] Scheduler semanal habilitado: false | usuario config: operador | usuario actual: administrador
[2025-10-16 23:39:34] [INFO] [main] [app] Scheduler mensual habilitado: false | usuario config: operador | usuario actual: administrador
[2025-10-16 23:39:42] [INFO] [main] [app] Scheduler diario habilitado: false | usuario config: operador | usuario actual: administrador
[2025-10-16 23:39:42] [INFO] [main] [app] Scheduler semanal habilitado: false | usuario config: operador | usuario actual: administrador
[2025-10-16 23:39:42] [INFO] [main] [app] Scheduler mensual habilitado: false | usuario config: operador | usuario actual: administrador
[2025-10-16 23:39:42] [INFO] [main] [app] Scheduler diario habilitado: false | usuario config: operador | usuario actual: administrador
[2025-10-16 23:39:42] [INFO] [main] [app] Scheduler semanal habilitado: false | usuario config: operador | usuario actual: administrador
[2025-10-16 23:39:42] [INFO] [main] [app] Scheduler mensual habilitado: false | usuario config: operador | usuario actual: administrador
[2025-10-16 23:39:43] [INFO] [main] [app] Scheduler diario habilitado: false | usuario config: operador | usuario actual: administrador
[2025-10-16 23:39:43] [INFO] [main] [app] Scheduler semanal habilitado: false | usuario config: operador | usuario actual: administrador
[2025-10-16 23:39:43] [INFO] [main] [app] Scheduler mensual habilitado: false | usuario config: operador | usuario actual: administrador
[2025-10-16 23:39:43] [INFO] [main] [app] Scheduler diario habilitado: false | usuario config: operador | usuario actual: administrador
[2025-10-16 23:39:43] [INFO] [main] [app] Scheduler semanal habilitado: false | usuario config: operador | usuario actual: administrador
[2025-10-16 23:39:43] [INFO] [main] [app] Scheduler mensual habilitado: false | usuario config: operador | usuario actual: administrador
[2025-10-16 23:39:48] [INFO] [main] [app] Scheduler diario habilitado: false | usuario config: operador | usuario actual: administrador
[2025-10-16 23:39:48] [INFO] [main] [app] Scheduler semanal habilitado: false | usuario config: operador | usuario actual: administrador
[2025-10-16 23:39:48] [INFO] [main] [app] Scheduler mensual habilitado: false | usuario config: operador | usuario actual: administrador
[2025-10-16 23:39:48] [INFO] [main] [app] Scheduler diario habilitado: false | usuario config: operador | usuario actual: administrador
[2025-10-16 23:39:48] [INFO] [main] [app] Scheduler semanal habilitado: false | usuario config: operador | usuario actual: administrador
[2025-10-16 23:39:48] [INFO] [main] [app] Scheduler mensual habilitado: false | usuario config: operador | usuario actual: administrador
[2025-10-16 23:39:53] [INFO] [main] [app] Scheduler diario habilitado: false | usuario config: operador | usuario actual: administrador
[2025-10-16 23:39:53] [INFO] [main] [app] Scheduler semanal habilitado: false | usuario config: operador | usuario actual: administrador
[2025-10-16 23:39:53] [INFO] [main] [app] Scheduler mensual habilitado: false | usuario config: operador | usuario actual: administrador
[2025-10-16 23:39:53] [INFO] [main] [app] Scheduler diario habilitado: false | usuario config: operador | usuario actual: administrador
[2025-10-16 23:39:53] [INFO] [main] [app] Scheduler semanal habilitado: false | usuario config: operador | usuario actual: administrador
[2025-10-16 23:39:53] [INFO] [main] [app] Scheduler mensual habilitado: false | usuario config: operador | usuario actual: administrador
[2025-10-16 23:41:45] [INFO] [main] [statusLockers] Iniciando petición para obtener casilleros disponibles
[2025-10-16 23:41:45] [INFO] [main] [statusLockers] Timeout efectivo en ejecución: 30000
[2025-10-16 23:41:45] [INFO] [main] [statusLockers] Intento 1: HOST -> http://localhost:8080
[2025-10-16 23:41:45] [INFO] [main] [statusLockers] Intento 1: URL -> /api/lockers/get-all-status
[2025-10-16 23:41:45] [INFO] [main] [useConfig] Configuración inicial obtenida
[2025-10-16 23:41:45] [INFO] [main] [useConfig] Configuración inicial obtenida
[2025-10-16 23:41:45] [INFO] [main] [statusLockers] Response. Status: 200
[2025-10-16 23:41:45] [INFO] [main] [statusLockers] Response. Data: {"general":[{"status":"ocupado","total":3},{"status":"libre","total":52},{"status":"reservado","total":4},{"status":"deshabilitado","total":1}],"modules":[{"module":"A","lockers":[{"lockerCode":"A1","status":"reservado"},{"lockerCode":"A2","status":"reservado"},{"lockerCode":"A3","status":"reservado"},{"lockerCode":"A4","status":"reservado"},{"lockerCode":"A5","status":"libre"},{"lockerCode":"A6","status":"libre"},{"lockerCode":"A7","status":"libre"},{"lockerCode":"A8","status":"libre"},{"lockerCode":"A9","status":"libre"},{"lockerCode":"A10","status":"libre"}]},{"module":"B","lockers":[{"lockerCode":"B1","status":"libre"},{"lockerCode":"B2","status":"libre"},{"lockerCode":"B3","status":"libre"},{"lockerCode":"B4","status":"ocupado"},{"lockerCode":"B5","status":"libre"},{"lockerCode":"B6","status":"libre"},{"lockerCode":"B7","status":"libre"},{"lockerCode":"B8","status":"libre"},{"lockerCode":"B9","status":"libre"},{"lockerCode":"B10","status":"ocupado"}]},{"module":"C","lockers":[{"lockerCode":"C1","status":"libre"},{"lockerCode":"C2","status":"libre"},{"lockerCode":"C3","status":"libre"},{"lockerCode":"C4","status":"libre"},{"lockerCode":"C5","status":"libre"},{"lockerCode":"C6","status":"libre"},{"lockerCode":"C7","status":"libre"},{"lockerCode":"C8","status":"libre"},{"lockerCode":"C9","status":"libre"},{"lockerCode":"C10","status":"libre"}]},{"module":"D","lockers":[{"lockerCode":"D1","status":"ocupado"},{"lockerCode":"D2","status":"libre"},{"lockerCode":"D3","status":"libre"},{"lockerCode":"D4","status":"libre"},{"lockerCode":"D5","status":"libre"},{"lockerCode":"D6","status":"libre"},{"lockerCode":"D7","status":"libre"},{"lockerCode":"D8","status":"libre"},{"lockerCode":"D9","status":"libre"},{"lockerCode":"D10","status":"libre"}]},{"module":"E","lockers":[{"lockerCode":"E1","status":"libre"},{"lockerCode":"E2","status":"libre"},{"lockerCode":"E3","status":"libre"},{"lockerCode":"E4","status":"libre"},{"lockerCode":"E5","status":"libre"},{"lockerCode":"E6","status":"libre"},{"lockerCode":"E7","status":"libre"},{"lockerCode":"E8","status":"libre"},{"lockerCode":"E9","status":"libre"},{"lockerCode":"E10","status":"libre"}]},{"module":"F","lockers":[{"lockerCode":"F1","status":"libre"},{"lockerCode":"F2","status":"libre"},{"lockerCode":"F3","status":"libre"},{"lockerCode":"F4","status":"libre"},{"lockerCode":"F5","status":"libre"},{"lockerCode":"F6","status":"deshabilitado"},{"lockerCode":"F7","status":"libre"},{"lockerCode":"F8","status":"libre"},{"lockerCode":"F9","status":"libre"},{"lockerCode":"F10","status":"libre"}]}]}
[2025-10-16 23:46:15] [INFO] [main] [app] Scheduler diario habilitado: false | usuario config: undefined | usuario actual: administrador
[2025-10-16 23:46:15] [INFO] [main] [app] Scheduler semanal habilitado: false | usuario config: undefined | usuario actual: administrador
[2025-10-16 23:46:15] [INFO] [main] [app] Scheduler mensual habilitado: false | usuario config: undefined | usuario actual: administrador
[2025-10-16 23:46:15] [INFO] [main] [app] Scheduler diario habilitado: false | usuario config: undefined | usuario actual: administrador
[2025-10-16 23:46:15] [INFO] [main] [app] Scheduler semanal habilitado: false | usuario config: undefined | usuario actual: administrador
[2025-10-16 23:46:15] [INFO] [main] [app] Scheduler mensual habilitado: false | usuario config: undefined | usuario actual: administrador
[2025-10-16 23:46:15] [INFO] [main] [statusLockers] Iniciando petición para obtener casilleros disponibles
[2025-10-16 23:46:15] [INFO] [main] [statusLockers] Timeout efectivo en ejecución: 30000
[2025-10-16 23:46:15] [INFO] [main] [statusLockers] Intento 1: HOST -> http://localhost:8080
[2025-10-16 23:46:15] [INFO] [main] [statusLockers] Intento 1: URL -> /api/lockers/get-all-status
[2025-10-16 23:46:15] [INFO] [main] [copyright] Versión cargada: 1.1.0
[2025-10-16 23:46:15] [INFO] [main] [app] Componente App montado
[2025-10-16 23:46:15] [INFO] [main] [app] Versión cargada: 1.1.0
[2025-10-16 23:46:15] [INFO] [main] [statusLockers] Iniciando petición para obtener casilleros disponibles
[2025-10-16 23:46:15] [INFO] [main] [statusLockers] Timeout efectivo en ejecución: 30000
[2025-10-16 23:46:15] [INFO] [main] [statusLockers] Intento 1: HOST -> http://localhost:8080
[2025-10-16 23:46:15] [INFO] [main] [statusLockers] Intento 1: URL -> /api/lockers/get-all-status
[2025-10-16 23:46:15] [INFO] [main] [copyright] Versión cargada: 1.1.0
[2025-10-16 23:46:15] [INFO] [main] [app] Componente App montado
[2025-10-16 23:46:15] [INFO] [main] [app] Versión cargada: 1.1.0
[2025-10-16 23:46:15] [INFO] [main] [app] Scheduler diario habilitado: false | usuario config: undefined | usuario actual: administrador
[2025-10-16 23:46:15] [INFO] [main] [app] Scheduler semanal habilitado: false | usuario config: undefined | usuario actual: administrador
[2025-10-16 23:46:15] [INFO] [main] [app] Scheduler mensual habilitado: false | usuario config: undefined | usuario actual: administrador
[2025-10-16 23:46:15] [INFO] [main] [app] Scheduler diario habilitado: false | usuario config: undefined | usuario actual: administrador
[2025-10-16 23:46:15] [INFO] [main] [app] Scheduler semanal habilitado: false | usuario config: undefined | usuario actual: administrador
[2025-10-16 23:46:15] [INFO] [main] [app] Scheduler mensual habilitado: false | usuario config: undefined | usuario actual: administrador
[2025-10-16 23:46:15] [INFO] [main] [useConfig] Configuración inicial obtenida
[2025-10-16 23:46:15] [INFO] [main] [useConfig] Configuración inicial obtenida
[2025-10-16 23:46:15] [INFO] [main] [useConfig] Configuración inicial obtenida
[2025-10-16 23:46:15] [INFO] [main] [useConfig] Configuración inicial obtenida
[2025-10-16 23:46:15] [INFO] [main] [useConfig] Configuración inicial obtenida
[2025-10-16 23:46:15] [INFO] [main] [useConfig] Configuración inicial obtenida
[2025-10-16 23:46:15] [INFO] [main] [useConfig] Configuración inicial obtenida
[2025-10-16 23:46:15] [INFO] [main] [useConfig] Configuración inicial obtenida
[2025-10-16 23:46:15] [INFO] [main] [statusLockers] Response. Status: 200
[2025-10-16 23:46:15] [INFO] [main] [statusLockers] Response. Data: {"general":[{"status":"reservado","total":4},{"status":"deshabilitado","total":1},{"status":"ocupado","total":3},{"status":"libre","total":52}],"modules":[{"module":"A","lockers":[{"lockerCode":"A1","status":"reservado"},{"lockerCode":"A2","status":"reservado"},{"lockerCode":"A3","status":"reservado"},{"lockerCode":"A4","status":"reservado"},{"lockerCode":"A5","status":"libre"},{"lockerCode":"A6","status":"libre"},{"lockerCode":"A7","status":"libre"},{"lockerCode":"A8","status":"libre"},{"lockerCode":"A9","status":"libre"},{"lockerCode":"A10","status":"libre"}]},{"module":"B","lockers":[{"lockerCode":"B1","status":"libre"},{"lockerCode":"B2","status":"libre"},{"lockerCode":"B3","status":"libre"},{"lockerCode":"B4","status":"ocupado"},{"lockerCode":"B5","status":"libre"},{"lockerCode":"B6","status":"libre"},{"lockerCode":"B7","status":"libre"},{"lockerCode":"B8","status":"libre"},{"lockerCode":"B9","status":"libre"},{"lockerCode":"B10","status":"ocupado"}]},{"module":"C","lockers":[{"lockerCode":"C1","status":"libre"},{"lockerCode":"C2","status":"libre"},{"lockerCode":"C3","status":"libre"},{"lockerCode":"C4","status":"libre"},{"lockerCode":"C5","status":"libre"},{"lockerCode":"C6","status":"libre"},{"lockerCode":"C7","status":"libre"},{"lockerCode":"C8","status":"libre"},{"lockerCode":"C9","status":"libre"},{"lockerCode":"C10","status":"libre"}]},{"module":"D","lockers":[{"lockerCode":"D1","status":"ocupado"},{"lockerCode":"D2","status":"libre"},{"lockerCode":"D3","status":"libre"},{"lockerCode":"D4","status":"libre"},{"lockerCode":"D5","status":"libre"},{"lockerCode":"D6","status":"libre"},{"lockerCode":"D7","status":"libre"},{"lockerCode":"D8","status":"libre"},{"lockerCode":"D9","status":"libre"},{"lockerCode":"D10","status":"libre"}]},{"module":"E","lockers":[{"lockerCode":"E1","status":"libre"},{"lockerCode":"E2","status":"libre"},{"lockerCode":"E3","status":"libre"},{"lockerCode":"E4","status":"libre"},{"lockerCode":"E5","status":"libre"},{"lockerCode":"E6","status":"libre"},{"lockerCode":"E7","status":"libre"},{"lockerCode":"E8","status":"libre"},{"lockerCode":"E9","status":"libre"},{"lockerCode":"E10","status":"libre"}]},{"module":"F","lockers":[{"lockerCode":"F1","status":"libre"},{"lockerCode":"F2","status":"libre"},{"lockerCode":"F3","status":"libre"},{"lockerCode":"F4","status":"libre"},{"lockerCode":"F5","status":"libre"},{"lockerCode":"F6","status":"deshabilitado"},{"lockerCode":"F7","status":"libre"},{"lockerCode":"F8","status":"libre"},{"lockerCode":"F9","status":"libre"},{"lockerCode":"F10","status":"libre"}]}]}
[2025-10-16 23:46:15] [INFO] [main] [app] Scheduler diario habilitado: false | usuario config: operador | usuario actual: administrador
[2025-10-16 23:46:15] [INFO] [main] [app] Scheduler semanal habilitado: false | usuario config: operador | usuario actual: administrador
[2025-10-16 23:46:15] [INFO] [main] [app] Scheduler mensual habilitado: false | usuario config: operador | usuario actual: administrador
[2025-10-16 23:46:15] [INFO] [main] [app] Scheduler diario habilitado: false | usuario config: operador | usuario actual: administrador
[2025-10-16 23:46:15] [INFO] [main] [app] Scheduler semanal habilitado: false | usuario config: operador | usuario actual: administrador
[2025-10-16 23:46:15] [INFO] [main] [app] Scheduler mensual habilitado: false | usuario config: operador | usuario actual: administrador
[2025-10-16 23:46:16] [INFO] [main] [statusLockers] Response. Status: 200
[2025-10-16 23:46:16] [INFO] [main] [statusLockers] Response. Data: {"general":[{"status":"reservado","total":4},{"status":"deshabilitado","total":1},{"status":"ocupado","total":3},{"status":"libre","total":52}],"modules":[{"module":"A","lockers":[{"lockerCode":"A1","status":"reservado"},{"lockerCode":"A2","status":"reservado"},{"lockerCode":"A3","status":"reservado"},{"lockerCode":"A4","status":"reservado"},{"lockerCode":"A5","status":"libre"},{"lockerCode":"A6","status":"libre"},{"lockerCode":"A7","status":"libre"},{"lockerCode":"A8","status":"libre"},{"lockerCode":"A9","status":"libre"},{"lockerCode":"A10","status":"libre"}]},{"module":"B","lockers":[{"lockerCode":"B1","status":"libre"},{"lockerCode":"B2","status":"libre"},{"lockerCode":"B3","status":"libre"},{"lockerCode":"B4","status":"ocupado"},{"lockerCode":"B5","status":"libre"},{"lockerCode":"B6","status":"libre"},{"lockerCode":"B7","status":"libre"},{"lockerCode":"B8","status":"libre"},{"lockerCode":"B9","status":"libre"},{"lockerCode":"B10","status":"ocupado"}]},{"module":"C","lockers":[{"lockerCode":"C1","status":"libre"},{"lockerCode":"C2","status":"libre"},{"lockerCode":"C3","status":"libre"},{"lockerCode":"C4","status":"libre"},{"lockerCode":"C5","status":"libre"},{"lockerCode":"C6","status":"libre"},{"lockerCode":"C7","status":"libre"},{"lockerCode":"C8","status":"libre"},{"lockerCode":"C9","status":"libre"},{"lockerCode":"C10","status":"libre"}]},{"module":"D","lockers":[{"lockerCode":"D1","status":"ocupado"},{"lockerCode":"D2","status":"libre"},{"lockerCode":"D3","status":"libre"},{"lockerCode":"D4","status":"libre"},{"lockerCode":"D5","status":"libre"},{"lockerCode":"D6","status":"libre"},{"lockerCode":"D7","status":"libre"},{"lockerCode":"D8","status":"libre"},{"lockerCode":"D9","status":"libre"},{"lockerCode":"D10","status":"libre"}]},{"module":"E","lockers":[{"lockerCode":"E1","status":"libre"},{"lockerCode":"E2","status":"libre"},{"lockerCode":"E3","status":"libre"},{"lockerCode":"E4","status":"libre"},{"lockerCode":"E5","status":"libre"},{"lockerCode":"E6","status":"libre"},{"lockerCode":"E7","status":"libre"},{"lockerCode":"E8","status":"libre"},{"lockerCode":"E9","status":"libre"},{"lockerCode":"E10","status":"libre"}]},{"module":"F","lockers":[{"lockerCode":"F1","status":"libre"},{"lockerCode":"F2","status":"libre"},{"lockerCode":"F3","status":"libre"},{"lockerCode":"F4","status":"libre"},{"lockerCode":"F5","status":"libre"},{"lockerCode":"F6","status":"deshabilitado"},{"lockerCode":"F7","status":"libre"},{"lockerCode":"F8","status":"libre"},{"lockerCode":"F9","status":"libre"},{"lockerCode":"F10","status":"libre"}]}]}
[2025-10-16 23:46:16] [INFO] [main] [app] Scheduler diario habilitado: false | usuario config: operador | usuario actual: administrador
[2025-10-16 23:46:16] [INFO] [main] [app] Scheduler semanal habilitado: false | usuario config: operador | usuario actual: administrador
[2025-10-16 23:46:16] [INFO] [main] [app] Scheduler mensual habilitado: false | usuario config: operador | usuario actual: administrador
[2025-10-16 23:46:16] [INFO] [main] [app] Scheduler diario habilitado: false | usuario config: operador | usuario actual: administrador
[2025-10-16 23:46:16] [INFO] [main] [app] Scheduler semanal habilitado: false | usuario config: operador | usuario actual: administrador
[2025-10-16 23:46:16] [INFO] [main] [app] Scheduler mensual habilitado: false | usuario config: operador | usuario actual: administrador
[2025-10-16 23:46:19] [INFO] [main] [app] Scheduler diario habilitado: false | usuario config: undefined | usuario actual: administrador
[2025-10-16 23:46:19] [INFO] [main] [app] Scheduler semanal habilitado: false | usuario config: undefined | usuario actual: administrador
[2025-10-16 23:46:19] [INFO] [main] [app] Scheduler mensual habilitado: false | usuario config: undefined | usuario actual: administrador
[2025-10-16 23:46:19] [INFO] [main] [app] Scheduler diario habilitado: false | usuario config: undefined | usuario actual: administrador
[2025-10-16 23:46:19] [INFO] [main] [app] Scheduler semanal habilitado: false | usuario config: undefined | usuario actual: administrador
[2025-10-16 23:46:19] [INFO] [main] [app] Scheduler mensual habilitado: false | usuario config: undefined | usuario actual: administrador
[2025-10-16 23:46:19] [INFO] [main] [statusLockers] Iniciando petición para obtener casilleros disponibles
[2025-10-16 23:46:19] [INFO] [main] [statusLockers] Timeout efectivo en ejecución: 30000
[2025-10-16 23:46:19] [INFO] [main] [statusLockers] Intento 1: HOST -> http://localhost:8080
[2025-10-16 23:46:19] [INFO] [main] [statusLockers] Intento 1: URL -> /api/lockers/get-all-status
[2025-10-16 23:46:19] [INFO] [main] [copyright] Versión cargada: 1.1.0
[2025-10-16 23:46:19] [INFO] [main] [app] Componente App montado
[2025-10-16 23:46:19] [INFO] [main] [app] Versión cargada: 1.1.0
[2025-10-16 23:46:19] [INFO] [main] [statusLockers] Iniciando petición para obtener casilleros disponibles
[2025-10-16 23:46:19] [INFO] [main] [statusLockers] Timeout efectivo en ejecución: 30000
[2025-10-16 23:46:19] [INFO] [main] [statusLockers] Intento 1: HOST -> http://localhost:8080
[2025-10-16 23:46:19] [INFO] [main] [statusLockers] Intento 1: URL -> /api/lockers/get-all-status
[2025-10-16 23:46:19] [INFO] [main] [copyright] Versión cargada: 1.1.0
[2025-10-16 23:46:19] [INFO] [main] [app] Componente App montado
[2025-10-16 23:46:19] [INFO] [main] [app] Versión cargada: 1.1.0
[2025-10-16 23:46:19] [INFO] [main] [app] Scheduler diario habilitado: false | usuario config: undefined | usuario actual: administrador
[2025-10-16 23:46:19] [INFO] [main] [app] Scheduler semanal habilitado: false | usuario config: undefined | usuario actual: administrador
[2025-10-16 23:46:19] [INFO] [main] [app] Scheduler mensual habilitado: false | usuario config: undefined | usuario actual: administrador
[2025-10-16 23:46:19] [INFO] [main] [app] Scheduler diario habilitado: false | usuario config: undefined | usuario actual: administrador
[2025-10-16 23:46:19] [INFO] [main] [app] Scheduler semanal habilitado: false | usuario config: undefined | usuario actual: administrador
[2025-10-16 23:46:19] [INFO] [main] [app] Scheduler mensual habilitado: false | usuario config: undefined | usuario actual: administrador
[2025-10-16 23:46:19] [INFO] [main] [useConfig] Configuración inicial obtenida
[2025-10-16 23:46:19] [INFO] [main] [useConfig] Configuración inicial obtenida
[2025-10-16 23:46:19] [INFO] [main] [useConfig] Configuración inicial obtenida
[2025-10-16 23:46:19] [INFO] [main] [useConfig] Configuración inicial obtenida
[2025-10-16 23:46:19] [INFO] [main] [useConfig] Configuración inicial obtenida
[2025-10-16 23:46:19] [INFO] [main] [useConfig] Configuración inicial obtenida
[2025-10-16 23:46:19] [INFO] [main] [useConfig] Configuración inicial obtenida
[2025-10-16 23:46:19] [INFO] [main] [useConfig] Configuración inicial obtenida
[2025-10-16 23:46:19] [INFO] [main] [statusLockers] Response. Status: 200
[2025-10-16 23:46:19] [INFO] [main] [statusLockers] Response. Data: {"general":[{"status":"ocupado","total":3},{"status":"libre","total":52},{"status":"reservado","total":4},{"status":"deshabilitado","total":1}],"modules":[{"module":"A","lockers":[{"lockerCode":"A1","status":"reservado"},{"lockerCode":"A2","status":"reservado"},{"lockerCode":"A3","status":"reservado"},{"lockerCode":"A4","status":"reservado"},{"lockerCode":"A5","status":"libre"},{"lockerCode":"A6","status":"libre"},{"lockerCode":"A7","status":"libre"},{"lockerCode":"A8","status":"libre"},{"lockerCode":"A9","status":"libre"},{"lockerCode":"A10","status":"libre"}]},{"module":"B","lockers":[{"lockerCode":"B1","status":"libre"},{"lockerCode":"B2","status":"libre"},{"lockerCode":"B3","status":"libre"},{"lockerCode":"B4","status":"ocupado"},{"lockerCode":"B5","status":"libre"},{"lockerCode":"B6","status":"libre"},{"lockerCode":"B7","status":"libre"},{"lockerCode":"B8","status":"libre"},{"lockerCode":"B9","status":"libre"},{"lockerCode":"B10","status":"ocupado"}]},{"module":"C","lockers":[{"lockerCode":"C1","status":"libre"},{"lockerCode":"C2","status":"libre"},{"lockerCode":"C3","status":"libre"},{"lockerCode":"C4","status":"libre"},{"lockerCode":"C5","status":"libre"},{"lockerCode":"C6","status":"libre"},{"lockerCode":"C7","status":"libre"},{"lockerCode":"C8","status":"libre"},{"lockerCode":"C9","status":"libre"},{"lockerCode":"C10","status":"libre"}]},{"module":"D","lockers":[{"lockerCode":"D1","status":"ocupado"},{"lockerCode":"D2","status":"libre"},{"lockerCode":"D3","status":"libre"},{"lockerCode":"D4","status":"libre"},{"lockerCode":"D5","status":"libre"},{"lockerCode":"D6","status":"libre"},{"lockerCode":"D7","status":"libre"},{"lockerCode":"D8","status":"libre"},{"lockerCode":"D9","status":"libre"},{"lockerCode":"D10","status":"libre"}]},{"module":"E","lockers":[{"lockerCode":"E1","status":"libre"},{"lockerCode":"E2","status":"libre"},{"lockerCode":"E3","status":"libre"},{"lockerCode":"E4","status":"libre"},{"lockerCode":"E5","status":"libre"},{"lockerCode":"E6","status":"libre"},{"lockerCode":"E7","status":"libre"},{"lockerCode":"E8","status":"libre"},{"lockerCode":"E9","status":"libre"},{"lockerCode":"E10","status":"libre"}]},{"module":"F","lockers":[{"lockerCode":"F1","status":"libre"},{"lockerCode":"F2","status":"libre"},{"lockerCode":"F3","status":"libre"},{"lockerCode":"F4","status":"libre"},{"lockerCode":"F5","status":"libre"},{"lockerCode":"F6","status":"deshabilitado"},{"lockerCode":"F7","status":"libre"},{"lockerCode":"F8","status":"libre"},{"lockerCode":"F9","status":"libre"},{"lockerCode":"F10","status":"libre"}]}]}
[2025-10-16 23:46:19] [INFO] [main] [statusLockers] Response. Status: 200
[2025-10-16 23:46:19] [INFO] [main] [statusLockers] Response. Data: {"general":[{"status":"deshabilitado","total":1},{"status":"ocupado","total":3},{"status":"libre","total":52},{"status":"reservado","total":4}],"modules":[{"module":"A","lockers":[{"lockerCode":"A1","status":"reservado"},{"lockerCode":"A2","status":"reservado"},{"lockerCode":"A3","status":"reservado"},{"lockerCode":"A4","status":"reservado"},{"lockerCode":"A5","status":"libre"},{"lockerCode":"A6","status":"libre"},{"lockerCode":"A7","status":"libre"},{"lockerCode":"A8","status":"libre"},{"lockerCode":"A9","status":"libre"},{"lockerCode":"A10","status":"libre"}]},{"module":"B","lockers":[{"lockerCode":"B1","status":"libre"},{"lockerCode":"B2","status":"libre"},{"lockerCode":"B3","status":"libre"},{"lockerCode":"B4","status":"ocupado"},{"lockerCode":"B5","status":"libre"},{"lockerCode":"B6","status":"libre"},{"lockerCode":"B7","status":"libre"},{"lockerCode":"B8","status":"libre"},{"lockerCode":"B9","status":"libre"},{"lockerCode":"B10","status":"ocupado"}]},{"module":"C","lockers":[{"lockerCode":"C1","status":"libre"},{"lockerCode":"C2","status":"libre"},{"lockerCode":"C3","status":"libre"},{"lockerCode":"C4","status":"libre"},{"lockerCode":"C5","status":"libre"},{"lockerCode":"C6","status":"libre"},{"lockerCode":"C7","status":"libre"},{"lockerCode":"C8","status":"libre"},{"lockerCode":"C9","status":"libre"},{"lockerCode":"C10","status":"libre"}]},{"module":"D","lockers":[{"lockerCode":"D1","status":"ocupado"},{"lockerCode":"D2","status":"libre"},{"lockerCode":"D3","status":"libre"},{"lockerCode":"D4","status":"libre"},{"lockerCode":"D5","status":"libre"},{"lockerCode":"D6","status":"libre"},{"lockerCode":"D7","status":"libre"},{"lockerCode":"D8","status":"libre"},{"lockerCode":"D9","status":"libre"},{"lockerCode":"D10","status":"libre"}]},{"module":"E","lockers":[{"lockerCode":"E1","status":"libre"},{"lockerCode":"E2","status":"libre"},{"lockerCode":"E3","status":"libre"},{"lockerCode":"E4","status":"libre"},{"lockerCode":"E5","status":"libre"},{"lockerCode":"E6","status":"libre"},{"lockerCode":"E7","status":"libre"},{"lockerCode":"E8","status":"libre"},{"lockerCode":"E9","status":"libre"},{"lockerCode":"E10","status":"libre"}]},{"module":"F","lockers":[{"lockerCode":"F1","status":"libre"},{"lockerCode":"F2","status":"libre"},{"lockerCode":"F3","status":"libre"},{"lockerCode":"F4","status":"libre"},{"lockerCode":"F5","status":"libre"},{"lockerCode":"F6","status":"deshabilitado"},{"lockerCode":"F7","status":"libre"},{"lockerCode":"F8","status":"libre"},{"lockerCode":"F9","status":"libre"},{"lockerCode":"F10","status":"libre"}]}]}
[2025-10-16 23:46:19] [INFO] [main] [app] Scheduler diario habilitado: false | usuario config: operador | usuario actual: administrador
[2025-10-16 23:46:19] [INFO] [main] [app] Scheduler semanal habilitado: false | usuario config: operador | usuario actual: administrador
[2025-10-16 23:46:19] [INFO] [main] [app] Scheduler mensual habilitado: false | usuario config: operador | usuario actual: administrador
[2025-10-16 23:46:19] [INFO] [main] [app] Scheduler diario habilitado: false | usuario config: operador | usuario actual: administrador
[2025-10-16 23:46:19] [INFO] [main] [app] Scheduler semanal habilitado: false | usuario config: operador | usuario actual: administrador
[2025-10-16 23:46:19] [INFO] [main] [app] Scheduler mensual habilitado: false | usuario config: operador | usuario actual: administrador
[2025-10-16 23:46:20] [INFO] [main] [app] Scheduler diario habilitado: false | usuario config: operador | usuario actual: administrador
[2025-10-16 23:46:20] [INFO] [main] [app] Scheduler semanal habilitado: false | usuario config: operador | usuario actual: administrador
[2025-10-16 23:46:20] [INFO] [main] [app] Scheduler mensual habilitado: false | usuario config: operador | usuario actual: administrador
[2025-10-16 23:46:20] [INFO] [main] [app] Scheduler diario habilitado: false | usuario config: operador | usuario actual: administrador
[2025-10-16 23:46:20] [INFO] [main] [app] Scheduler semanal habilitado: false | usuario config: operador | usuario actual: administrador
[2025-10-16 23:46:20] [INFO] [main] [app] Scheduler mensual habilitado: false | usuario config: operador | usuario actual: administrador
[2025-10-16 23:46:25] [INFO] [main] [app] Scheduler diario habilitado: false | usuario config: operador | usuario actual: administrador
[2025-10-16 23:46:25] [INFO] [main] [app] Scheduler semanal habilitado: false | usuario config: operador | usuario actual: administrador
[2025-10-16 23:46:25] [INFO] [main] [app] Scheduler mensual habilitado: false | usuario config: operador | usuario actual: administrador
[2025-10-16 23:46:25] [INFO] [main] [app] Scheduler diario habilitado: false | usuario config: operador | usuario actual: administrador
[2025-10-16 23:46:25] [INFO] [main] [app] Scheduler semanal habilitado: false | usuario config: operador | usuario actual: administrador
[2025-10-16 23:46:25] [INFO] [main] [app] Scheduler mensual habilitado: false | usuario config: operador | usuario actual: administrador
[2025-10-16 23:47:12] [INFO] [main] [app] Scheduler diario habilitado: false | usuario config: operador | usuario actual: administrador
[2025-10-16 23:47:12] [INFO] [main] [app] Scheduler semanal habilitado: false | usuario config: operador | usuario actual: administrador
[2025-10-16 23:47:12] [INFO] [main] [app] Scheduler mensual habilitado: false | usuario config: operador | usuario actual: administrador
[2025-10-16 23:47:12] [INFO] [main] [app] Scheduler diario habilitado: false | usuario config: operador | usuario actual: administrador
[2025-10-16 23:47:12] [INFO] [main] [app] Scheduler semanal habilitado: false | usuario config: operador | usuario actual: administrador
[2025-10-16 23:47:12] [INFO] [main] [app] Scheduler mensual habilitado: false | usuario config: operador | usuario actual: administrador
[2025-10-16 23:47:17] [INFO] [main] [app] Scheduler diario habilitado: false | usuario config: operador | usuario actual: administrador
[2025-10-16 23:47:17] [INFO] [main] [app] Scheduler semanal habilitado: false | usuario config: operador | usuario actual: administrador
[2025-10-16 23:47:17] [INFO] [main] [app] Scheduler mensual habilitado: false | usuario config: operador | usuario actual: administrador
[2025-10-16 23:47:17] [INFO] [main] [app] Scheduler diario habilitado: false | usuario config: operador | usuario actual: administrador
[2025-10-16 23:47:17] [INFO] [main] [app] Scheduler semanal habilitado: false | usuario config: operador | usuario actual: administrador
[2025-10-16 23:47:17] [INFO] [main] [app] Scheduler mensual habilitado: false | usuario config: operador | usuario actual: administrador
[2025-10-16 23:47:21] [INFO] [main] [app] Scheduler diario habilitado: false | usuario config: operador | usuario actual: administrador
[2025-10-16 23:47:21] [INFO] [main] [app] Scheduler semanal habilitado: false | usuario config: operador | usuario actual: administrador
[2025-10-16 23:47:21] [INFO] [main] [app] Scheduler mensual habilitado: false | usuario config: operador | usuario actual: administrador
[2025-10-16 23:47:21] [INFO] [main] [app] Scheduler diario habilitado: false | usuario config: operador | usuario actual: administrador
[2025-10-16 23:47:21] [INFO] [main] [app] Scheduler semanal habilitado: false | usuario config: operador | usuario actual: administrador
[2025-10-16 23:47:21] [INFO] [main] [app] Scheduler mensual habilitado: false | usuario config: operador | usuario actual: administrador
[2025-10-16 23:47:34] [INFO] [main] [statusLockers] Iniciando petición para obtener casilleros disponibles
[2025-10-16 23:47:34] [INFO] [main] [statusLockers] Timeout efectivo en ejecución: 30000
[2025-10-16 23:47:34] [INFO] [main] [statusLockers] Intento 1: HOST -> http://localhost:8080
[2025-10-16 23:47:34] [INFO] [main] [statusLockers] Intento 1: URL -> /api/lockers/get-all-status
[2025-10-16 23:47:34] [INFO] [main] [statusLockers] Response. Status: 200
[2025-10-16 23:47:34] [INFO] [main] [statusLockers] Response. Data: {"general":[{"status":"reservado","total":4},{"status":"deshabilitado","total":1},{"status":"ocupado","total":3},{"status":"libre","total":52}],"modules":[{"module":"A","lockers":[{"lockerCode":"A1","status":"reservado"},{"lockerCode":"A2","status":"reservado"},{"lockerCode":"A3","status":"reservado"},{"lockerCode":"A4","status":"reservado"},{"lockerCode":"A5","status":"libre"},{"lockerCode":"A6","status":"libre"},{"lockerCode":"A7","status":"libre"},{"lockerCode":"A8","status":"libre"},{"lockerCode":"A9","status":"libre"},{"lockerCode":"A10","status":"libre"}]},{"module":"B","lockers":[{"lockerCode":"B1","status":"libre"},{"lockerCode":"B2","status":"libre"},{"lockerCode":"B3","status":"libre"},{"lockerCode":"B4","status":"ocupado"},{"lockerCode":"B5","status":"libre"},{"lockerCode":"B6","status":"libre"},{"lockerCode":"B7","status":"libre"},{"lockerCode":"B8","status":"libre"},{"lockerCode":"B9","status":"libre"},{"lockerCode":"B10","status":"ocupado"}]},{"module":"C","lockers":[{"lockerCode":"C1","status":"libre"},{"lockerCode":"C2","status":"libre"},{"lockerCode":"C3","status":"libre"},{"lockerCode":"C4","status":"libre"},{"lockerCode":"C5","status":"libre"},{"lockerCode":"C6","status":"libre"},{"lockerCode":"C7","status":"libre"},{"lockerCode":"C8","status":"libre"},{"lockerCode":"C9","status":"libre"},{"lockerCode":"C10","status":"libre"}]},{"module":"D","lockers":[{"lockerCode":"D1","status":"ocupado"},{"lockerCode":"D2","status":"libre"},{"lockerCode":"D3","status":"libre"},{"lockerCode":"D4","status":"libre"},{"lockerCode":"D5","status":"libre"},{"lockerCode":"D6","status":"libre"},{"lockerCode":"D7","status":"libre"},{"lockerCode":"D8","status":"libre"},{"lockerCode":"D9","status":"libre"},{"lockerCode":"D10","status":"libre"}]},{"module":"E","lockers":[{"lockerCode":"E1","status":"libre"},{"lockerCode":"E2","status":"libre"},{"lockerCode":"E3","status":"libre"},{"lockerCode":"E4","status":"libre"},{"lockerCode":"E5","status":"libre"},{"lockerCode":"E6","status":"libre"},{"lockerCode":"E7","status":"libre"},{"lockerCode":"E8","status":"libre"},{"lockerCode":"E9","status":"libre"},{"lockerCode":"E10","status":"libre"}]},{"module":"F","lockers":[{"lockerCode":"F1","status":"libre"},{"lockerCode":"F2","status":"libre"},{"lockerCode":"F3","status":"libre"},{"lockerCode":"F4","status":"libre"},{"lockerCode":"F5","status":"libre"},{"lockerCode":"F6","status":"deshabilitado"},{"lockerCode":"F7","status":"libre"},{"lockerCode":"F8","status":"libre"},{"lockerCode":"F9","status":"libre"},{"lockerCode":"F10","status":"libre"}]}]}
[2025-10-16 23:47:38] [INFO] [main] [app] Scheduler diario habilitado: false | usuario config: operador | usuario actual: administrador
[2025-10-16 23:47:38] [INFO] [main] [app] Scheduler semanal habilitado: false | usuario config: operador | usuario actual: administrador
[2025-10-16 23:47:38] [INFO] [main] [app] Scheduler mensual habilitado: false | usuario config: operador | usuario actual: administrador
[2025-10-16 23:47:38] [INFO] [main] [app] Scheduler diario habilitado: false | usuario config: operador | usuario actual: administrador
[2025-10-16 23:47:38] [INFO] [main] [app] Scheduler semanal habilitado: false | usuario config: operador | usuario actual: administrador
[2025-10-16 23:47:38] [INFO] [main] [app] Scheduler mensual habilitado: false | usuario config: operador | usuario actual: administrador
[2025-10-16 23:48:19] [INFO] [main] [app] Scheduler diario habilitado: false | usuario config: operador | usuario actual: administrador
[2025-10-16 23:48:19] [INFO] [main] [app] Scheduler semanal habilitado: false | usuario config: operador | usuario actual: administrador
[2025-10-16 23:48:19] [INFO] [main] [app] Scheduler mensual habilitado: false | usuario config: operador | usuario actual: administrador
[2025-10-16 23:48:19] [INFO] [main] [app] Scheduler diario habilitado: false | usuario config: operador | usuario actual: administrador
[2025-10-16 23:48:19] [INFO] [main] [app] Scheduler semanal habilitado: false | usuario config: operador | usuario actual: administrador
[2025-10-16 23:48:19] [INFO] [main] [app] Scheduler mensual habilitado: false | usuario config: operador | usuario actual: administrador
[2025-10-16 23:48:28] [INFO] [main] [statusLockers] Iniciando petición para obtener casilleros disponibles
[2025-10-16 23:48:28] [INFO] [main] [statusLockers] Timeout efectivo en ejecución: 30000
[2025-10-16 23:48:28] [INFO] [main] [statusLockers] Intento 1: HOST -> http://localhost:8080
[2025-10-16 23:48:28] [INFO] [main] [statusLockers] Intento 1: URL -> /api/lockers/get-all-status
[2025-10-16 23:48:28] [INFO] [main] [statusLockers] Response. Status: 200
[2025-10-16 23:48:28] [INFO] [main] [statusLockers] Response. Data: {"general":[{"status":"ocupado","total":3},{"status":"libre","total":52},{"status":"reservado","total":4},{"status":"deshabilitado","total":1}],"modules":[{"module":"A","lockers":[{"lockerCode":"A1","status":"reservado"},{"lockerCode":"A2","status":"reservado"},{"lockerCode":"A3","status":"reservado"},{"lockerCode":"A4","status":"reservado"},{"lockerCode":"A5","status":"libre"},{"lockerCode":"A6","status":"libre"},{"lockerCode":"A7","status":"libre"},{"lockerCode":"A8","status":"libre"},{"lockerCode":"A9","status":"libre"},{"lockerCode":"A10","status":"libre"}]},{"module":"B","lockers":[{"lockerCode":"B1","status":"libre"},{"lockerCode":"B2","status":"libre"},{"lockerCode":"B3","status":"libre"},{"lockerCode":"B4","status":"ocupado"},{"lockerCode":"B5","status":"libre"},{"lockerCode":"B6","status":"libre"},{"lockerCode":"B7","status":"libre"},{"lockerCode":"B8","status":"libre"},{"lockerCode":"B9","status":"libre"},{"lockerCode":"B10","status":"ocupado"}]},{"module":"C","lockers":[{"lockerCode":"C1","status":"libre"},{"lockerCode":"C2","status":"libre"},{"lockerCode":"C3","status":"libre"},{"lockerCode":"C4","status":"libre"},{"lockerCode":"C5","status":"libre"},{"lockerCode":"C6","status":"libre"},{"lockerCode":"C7","status":"libre"},{"lockerCode":"C8","status":"libre"},{"lockerCode":"C9","status":"libre"},{"lockerCode":"C10","status":"libre"}]},{"module":"D","lockers":[{"lockerCode":"D1","status":"ocupado"},{"lockerCode":"D2","status":"libre"},{"lockerCode":"D3","status":"libre"},{"lockerCode":"D4","status":"libre"},{"lockerCode":"D5","status":"libre"},{"lockerCode":"D6","status":"libre"},{"lockerCode":"D7","status":"libre"},{"lockerCode":"D8","status":"libre"},{"lockerCode":"D9","status":"libre"},{"lockerCode":"D10","status":"libre"}]},{"module":"E","lockers":[{"lockerCode":"E1","status":"libre"},{"lockerCode":"E2","status":"libre"},{"lockerCode":"E3","status":"libre"},{"lockerCode":"E4","status":"libre"},{"lockerCode":"E5","status":"libre"},{"lockerCode":"E6","status":"libre"},{"lockerCode":"E7","status":"libre"},{"lockerCode":"E8","status":"libre"},{"lockerCode":"E9","status":"libre"},{"lockerCode":"E10","status":"libre"}]},{"module":"F","lockers":[{"lockerCode":"F1","status":"libre"},{"lockerCode":"F2","status":"libre"},{"lockerCode":"F3","status":"libre"},{"lockerCode":"F4","status":"libre"},{"lockerCode":"F5","status":"libre"},{"lockerCode":"F6","status":"deshabilitado"},{"lockerCode":"F7","status":"libre"},{"lockerCode":"F8","status":"libre"},{"lockerCode":"F9","status":"libre"},{"lockerCode":"F10","status":"libre"}]}]}
[2025-10-16 23:48:40] [INFO] [main] [app] Scheduler diario habilitado: false | usuario config: operador | usuario actual: administrador
[2025-10-16 23:48:40] [INFO] [main] [app] Scheduler semanal habilitado: false | usuario config: operador | usuario actual: administrador
[2025-10-16 23:48:40] [INFO] [main] [app] Scheduler mensual habilitado: false | usuario config: operador | usuario actual: administrador
[2025-10-16 23:48:40] [INFO] [main] [app] Scheduler diario habilitado: false | usuario config: operador | usuario actual: administrador
[2025-10-16 23:48:40] [INFO] [main] [app] Scheduler semanal habilitado: false | usuario config: operador | usuario actual: administrador
[2025-10-16 23:48:40] [INFO] [main] [app] Scheduler mensual habilitado: false | usuario config: operador | usuario actual: administrador
[2025-10-16 23:48:41] [INFO] [main] [app] Scheduler diario habilitado: false | usuario config: operador | usuario actual: administrador
[2025-10-16 23:48:41] [INFO] [main] [app] Scheduler semanal habilitado: false | usuario config: operador | usuario actual: administrador
[2025-10-16 23:48:41] [INFO] [main] [app] Scheduler mensual habilitado: false | usuario config: operador | usuario actual: administrador
[2025-10-16 23:48:41] [INFO] [main] [app] Scheduler diario habilitado: false | usuario config: operador | usuario actual: administrador
[2025-10-16 23:48:41] [INFO] [main] [app] Scheduler semanal habilitado: false | usuario config: operador | usuario actual: administrador
[2025-10-16 23:48:41] [INFO] [main] [app] Scheduler mensual habilitado: false | usuario config: operador | usuario actual: administrador
[2025-10-16 23:48:42] [INFO] [main] [app] Scheduler diario habilitado: false | usuario config: operador | usuario actual: administrador
[2025-10-16 23:48:42] [INFO] [main] [app] Scheduler semanal habilitado: false | usuario config: operador | usuario actual: administrador
[2025-10-16 23:48:42] [INFO] [main] [app] Scheduler mensual habilitado: false | usuario config: operador | usuario actual: administrador
[2025-10-16 23:48:42] [INFO] [main] [app] Scheduler diario habilitado: false | usuario config: operador | usuario actual: administrador
[2025-10-16 23:48:42] [INFO] [main] [app] Scheduler semanal habilitado: false | usuario config: operador | usuario actual: administrador
[2025-10-16 23:48:42] [INFO] [main] [app] Scheduler mensual habilitado: false | usuario config: operador | usuario actual: administrador
[2025-10-16 23:49:30] [INFO] [main] [app] Scheduler diario habilitado: false | usuario config: operador | usuario actual: administrador
[2025-10-16 23:49:30] [INFO] [main] [app] Scheduler semanal habilitado: false | usuario config: operador | usuario actual: administrador
[2025-10-16 23:49:30] [INFO] [main] [app] Scheduler mensual habilitado: false | usuario config: operador | usuario actual: administrador
[2025-10-16 23:49:30] [INFO] [main] [app] Scheduler diario habilitado: false | usuario config: operador | usuario actual: administrador
[2025-10-16 23:49:30] [INFO] [main] [app] Scheduler semanal habilitado: false | usuario config: operador | usuario actual: administrador
[2025-10-16 23:49:30] [INFO] [main] [app] Scheduler mensual habilitado: false | usuario config: operador | usuario actual: administrador
[2025-10-16 23:49:30] [INFO] [main] [app] Scheduler diario habilitado: false | usuario config: operador | usuario actual: administrador
[2025-10-16 23:49:30] [INFO] [main] [app] Scheduler semanal habilitado: false | usuario config: operador | usuario actual: administrador
[2025-10-16 23:49:30] [INFO] [main] [app] Scheduler mensual habilitado: false | usuario config: operador | usuario actual: administrador
[2025-10-16 23:49:30] [INFO] [main] [app] Scheduler diario habilitado: false | usuario config: operador | usuario actual: administrador
[2025-10-16 23:49:30] [INFO] [main] [app] Scheduler semanal habilitado: false | usuario config: operador | usuario actual: administrador
[2025-10-16 23:49:30] [INFO] [main] [app] Scheduler mensual habilitado: false | usuario config: operador | usuario actual: administrador
[2025-10-16 23:50:53] [INFO] [main] [app] Scheduler diario habilitado: false | usuario config: operador | usuario actual: administrador
[2025-10-16 23:50:53] [INFO] [main] [app] Scheduler semanal habilitado: false | usuario config: operador | usuario actual: administrador
[2025-10-16 23:50:53] [INFO] [main] [app] Scheduler mensual habilitado: false | usuario config: operador | usuario actual: administrador
[2025-10-16 23:50:53] [INFO] [main] [app] Scheduler diario habilitado: false | usuario config: operador | usuario actual: administrador
[2025-10-16 23:50:53] [INFO] [main] [app] Scheduler semanal habilitado: false | usuario config: operador | usuario actual: administrador
[2025-10-16 23:50:53] [INFO] [main] [app] Scheduler mensual habilitado: false | usuario config: operador | usuario actual: administrador
[2025-10-16 23:50:54] [INFO] [main] [app] Scheduler diario habilitado: false | usuario config: operador | usuario actual: administrador
[2025-10-16 23:50:54] [INFO] [main] [app] Scheduler semanal habilitado: false | usuario config: operador | usuario actual: administrador
[2025-10-16 23:50:54] [INFO] [main] [app] Scheduler mensual habilitado: false | usuario config: operador | usuario actual: administrador
[2025-10-16 23:50:54] [INFO] [main] [app] Scheduler diario habilitado: false | usuario config: operador | usuario actual: administrador
[2025-10-16 23:50:54] [INFO] [main] [app] Scheduler semanal habilitado: false | usuario config: operador | usuario actual: administrador
[2025-10-16 23:50:54] [INFO] [main] [app] Scheduler mensual habilitado: false | usuario config: operador | usuario actual: administrador
[2025-10-16 23:51:02] [INFO] [main] [app] Scheduler diario habilitado: false | usuario config: operador | usuario actual: administrador
[2025-10-16 23:51:02] [INFO] [main] [app] Scheduler semanal habilitado: false | usuario config: operador | usuario actual: administrador
[2025-10-16 23:51:02] [INFO] [main] [app] Scheduler mensual habilitado: false | usuario config: operador | usuario actual: administrador
[2025-10-16 23:51:02] [INFO] [main] [app] Scheduler diario habilitado: false | usuario config: operador | usuario actual: administrador
[2025-10-16 23:51:02] [INFO] [main] [app] Scheduler semanal habilitado: false | usuario config: operador | usuario actual: administrador
[2025-10-16 23:51:02] [INFO] [main] [app] Scheduler mensual habilitado: false | usuario config: operador | usuario actual: administrador
[2025-10-16 23:51:10] [INFO] [main] [setStatusLocker] Iniciando petición para cambiar estado casillero
[2025-10-16 23:51:10] [INFO] [main] [setStatusLocker] Timeout efectivo en ejecución: 30000
[2025-10-16 23:51:10] [INFO] [main] [setStatusLocker] Intento 1: HOST -> http://localhost:8080
[2025-10-16 23:51:10] [INFO] [main] [setStatusLocker] Intento 1: URL -> /api/lockers/set-status
[2025-10-16 23:51:10] [INFO] [main] [setStatusLocker] Intento 1: Request -> {"lockerCode":"A5","newStatus":"Asignado"}
[2025-10-16 23:51:10] [INFO] [main] [setStatusLocker] Response. Status: 200
[2025-10-16 23:51:10] [INFO] [main] [setStatusLocker] Response. Data: {"success":true,"message":"Estado cambiado Exitosamente","lockerCode":"A5"}
[2025-10-16 23:51:10] [INFO] [main] [statusLockers] Iniciando petición para obtener casilleros disponibles
[2025-10-16 23:51:10] [INFO] [main] [statusLockers] Timeout efectivo en ejecución: 30000
[2025-10-16 23:51:10] [INFO] [main] [statusLockers] Intento 1: HOST -> http://localhost:8080
[2025-10-16 23:51:10] [INFO] [main] [statusLockers] Intento 1: URL -> /api/lockers/get-all-status
[2025-10-16 23:51:10] [INFO] [main] [statusLockers] Response. Status: 200
[2025-10-16 23:51:10] [INFO] [main] [statusLockers] Response. Data: {"general":[{"status":"reservado","total":4},{"status":"deshabilitado","total":1},{"status":"asignado","total":1},{"status":"ocupado","total":3},{"status":"libre","total":51}],"modules":[{"module":"A","lockers":[{"lockerCode":"A1","status":"reservado"},{"lockerCode":"A2","status":"reservado"},{"lockerCode":"A3","status":"reservado"},{"lockerCode":"A4","status":"reservado"},{"lockerCode":"A5","status":"Asignado"},{"lockerCode":"A6","status":"libre"},{"lockerCode":"A7","status":"libre"},{"lockerCode":"A8","status":"libre"},{"lockerCode":"A9","status":"libre"},{"lockerCode":"A10","status":"libre"}]},{"module":"B","lockers":[{"lockerCode":"B1","status":"libre"},{"lockerCode":"B2","status":"libre"},{"lockerCode":"B3","status":"libre"},{"lockerCode":"B4","status":"ocupado"},{"lockerCode":"B5","status":"libre"},{"lockerCode":"B6","status":"libre"},{"lockerCode":"B7","status":"libre"},{"lockerCode":"B8","status":"libre"},{"lockerCode":"B9","status":"libre"},{"lockerCode":"B10","status":"ocupado"}]},{"module":"C","lockers":[{"lockerCode":"C1","status":"libre"},{"lockerCode":"C2","status":"libre"},{"lockerCode":"C3","status":"libre"},{"lockerCode":"C4","status":"libre"},{"lockerCode":"C5","status":"libre"},{"lockerCode":"C6","status":"libre"},{"lockerCode":"C7","status":"libre"},{"lockerCode":"C8","status":"libre"},{"lockerCode":"C9","status":"libre"},{"lockerCode":"C10","status":"libre"}]},{"module":"D","lockers":[{"lockerCode":"D1","status":"ocupado"},{"lockerCode":"D2","status":"libre"},{"lockerCode":"D3","status":"libre"},{"lockerCode":"D4","status":"libre"},{"lockerCode":"D5","status":"libre"},{"lockerCode":"D6","status":"libre"},{"lockerCode":"D7","status":"libre"},{"lockerCode":"D8","status":"libre"},{"lockerCode":"D9","status":"libre"},{"lockerCode":"D10","status":"libre"}]},{"module":"E","lockers":[{"lockerCode":"E1","status":"libre"},{"lockerCode":"E2","status":"libre"},{"lockerCode":"E3","status":"libre"},{"lockerCode":"E4","status":"libre"},{"lockerCode":"E5","status":"libre"},{"lockerCode":"E6","status":"libre"},{"lockerCode":"E7","status":"libre"},{"lockerCode":"E8","status":"libre"},{"lockerCode":"E9","status":"libre"},{"lockerCode":"E10","status":"libre"}]},{"module":"F","lockers":[{"lockerCode":"F1","status":"libre"},{"lockerCode":"F2","status":"libre"},{"lockerCode":"F3","status":"libre"},{"lockerCode":"F4","status":"libre"},{"lockerCode":"F5","status":"libre"},{"lockerCode":"F6","status":"deshabilitado"},{"lockerCode":"F7","status":"libre"},{"lockerCode":"F8","status":"libre"},{"lockerCode":"F9","status":"libre"},{"lockerCode":"F10","status":"libre"}]}]}
[2025-10-16 23:51:36] [INFO] [main] [app] Scheduler diario habilitado: false | usuario config: operador | usuario actual: administrador
[2025-10-16 23:51:36] [INFO] [main] [app] Scheduler semanal habilitado: false | usuario config: operador | usuario actual: administrador
[2025-10-16 23:51:36] [INFO] [main] [app] Scheduler mensual habilitado: false | usuario config: operador | usuario actual: administrador
[2025-10-16 23:51:36] [INFO] [main] [app] Scheduler diario habilitado: false | usuario config: operador | usuario actual: administrador
[2025-10-16 23:51:36] [INFO] [main] [app] Scheduler semanal habilitado: false | usuario config: operador | usuario actual: administrador
[2025-10-16 23:51:36] [INFO] [main] [app] Scheduler mensual habilitado: false | usuario config: operador | usuario actual: administrador
[2025-10-16 23:53:59] [INFO] [main] [app] Scheduler diario habilitado: false | usuario config: operador | usuario actual: administrador
[2025-10-16 23:53:59] [INFO] [main] [app] Scheduler semanal habilitado: false | usuario config: operador | usuario actual: administrador
[2025-10-16 23:53:59] [INFO] [main] [app] Scheduler mensual habilitado: false | usuario config: operador | usuario actual: administrador
[2025-10-16 23:53:59] [INFO] [main] [app] Scheduler diario habilitado: false | usuario config: operador | usuario actual: administrador
[2025-10-16 23:53:59] [INFO] [main] [app] Scheduler semanal habilitado: false | usuario config: operador | usuario actual: administrador
[2025-10-16 23:53:59] [INFO] [main] [app] Scheduler mensual habilitado: false | usuario config: operador | usuario actual: administrador
[2025-10-16 23:54:08] [INFO] [main] [app] Scheduler diario habilitado: false | usuario config: operador | usuario actual: administrador
[2025-10-16 23:54:08] [INFO] [main] [app] Scheduler semanal habilitado: false | usuario config: operador | usuario actual: administrador
[2025-10-16 23:54:08] [INFO] [main] [app] Scheduler mensual habilitado: false | usuario config: operador | usuario actual: administrador
[2025-10-16 23:54:08] [INFO] [main] [app] Scheduler diario habilitado: false | usuario config: operador | usuario actual: administrador
[2025-10-16 23:54:08] [INFO] [main] [app] Scheduler semanal habilitado: false | usuario config: operador | usuario actual: administrador
[2025-10-16 23:54:08] [INFO] [main] [app] Scheduler mensual habilitado: false | usuario config: operador | usuario actual: administrador
[2025-10-16 23:55:25] [INFO] [main] [app] Scheduler diario habilitado: false | usuario config: operador | usuario actual: administrador
[2025-10-16 23:55:25] [INFO] [main] [app] Scheduler semanal habilitado: false | usuario config: operador | usuario actual: administrador
[2025-10-16 23:55:25] [INFO] [main] [app] Scheduler mensual habilitado: false | usuario config: operador | usuario actual: administrador
[2025-10-16 23:55:25] [INFO] [main] [app] Scheduler diario habilitado: false | usuario config: operador | usuario actual: administrador
[2025-10-16 23:55:25] [INFO] [main] [app] Scheduler semanal habilitado: false | usuario config: operador | usuario actual: administrador
[2025-10-16 23:55:25] [INFO] [main] [app] Scheduler mensual habilitado: false | usuario config: operador | usuario actual: administrador
[2025-10-16 23:55:26] [INFO] [main] [app] Scheduler diario habilitado: false | usuario config: operador | usuario actual: administrador
[2025-10-16 23:55:26] [INFO] [main] [app] Scheduler semanal habilitado: false | usuario config: operador | usuario actual: administrador
[2025-10-16 23:55:26] [INFO] [main] [app] Scheduler mensual habilitado: false | usuario config: operador | usuario actual: administrador
[2025-10-16 23:55:26] [INFO] [main] [app] Scheduler diario habilitado: false | usuario config: operador | usuario actual: administrador
[2025-10-16 23:55:26] [INFO] [main] [app] Scheduler semanal habilitado: false | usuario config: operador | usuario actual: administrador
[2025-10-16 23:55:26] [INFO] [main] [app] Scheduler mensual habilitado: false | usuario config: operador | usuario actual: administrador
[2025-10-16 23:55:29] [INFO] [main] [app] Scheduler diario habilitado: false | usuario config: operador | usuario actual: administrador
[2025-10-16 23:55:29] [INFO] [main] [app] Scheduler semanal habilitado: false | usuario config: operador | usuario actual: administrador
[2025-10-16 23:55:29] [INFO] [main] [app] Scheduler mensual habilitado: false | usuario config: operador | usuario actual: administrador
[2025-10-16 23:55:29] [INFO] [main] [app] Scheduler diario habilitado: false | usuario config: operador | usuario actual: administrador
[2025-10-16 23:55:29] [INFO] [main] [app] Scheduler semanal habilitado: false | usuario config: operador | usuario actual: administrador
[2025-10-16 23:55:29] [INFO] [main] [app] Scheduler mensual habilitado: false | usuario config: operador | usuario actual: administrador
[2025-10-16 23:55:30] [INFO] [main] [app] Scheduler diario habilitado: false | usuario config: operador | usuario actual: administrador
[2025-10-16 23:55:30] [INFO] [main] [app] Scheduler semanal habilitado: false | usuario config: operador | usuario actual: administrador
[2025-10-16 23:55:30] [INFO] [main] [app] Scheduler mensual habilitado: false | usuario config: operador | usuario actual: administrador
[2025-10-16 23:55:30] [INFO] [main] [app] Scheduler diario habilitado: false | usuario config: operador | usuario actual: administrador
[2025-10-16 23:55:30] [INFO] [main] [app] Scheduler semanal habilitado: false | usuario config: operador | usuario actual: administrador
[2025-10-16 23:55:30] [INFO] [main] [app] Scheduler mensual habilitado: false | usuario config: operador | usuario actual: administrador
[2025-10-16 23:55:35] [INFO] [main] [app] Scheduler diario habilitado: false | usuario config: operador | usuario actual: administrador
[2025-10-16 23:55:35] [INFO] [main] [app] Scheduler semanal habilitado: false | usuario config: operador | usuario actual: administrador
[2025-10-16 23:55:35] [INFO] [main] [app] Scheduler mensual habilitado: false | usuario config: operador | usuario actual: administrador
[2025-10-16 23:55:35] [INFO] [main] [app] Scheduler diario habilitado: false | usuario config: operador | usuario actual: administrador
[2025-10-16 23:55:35] [INFO] [main] [app] Scheduler semanal habilitado: false | usuario config: operador | usuario actual: administrador
[2025-10-16 23:55:35] [INFO] [main] [app] Scheduler mensual habilitado: false | usuario config: operador | usuario actual: administrador
[2025-10-16 23:55:38] [INFO] [main] [app] Scheduler diario habilitado: false | usuario config: operador | usuario actual: administrador
[2025-10-16 23:55:38] [INFO] [main] [app] Scheduler semanal habilitado: false | usuario config: operador | usuario actual: administrador
[2025-10-16 23:55:38] [INFO] [main] [app] Scheduler mensual habilitado: false | usuario config: operador | usuario actual: administrador
[2025-10-16 23:55:38] [INFO] [main] [app] Scheduler diario habilitado: false | usuario config: operador | usuario actual: administrador
[2025-10-16 23:55:38] [INFO] [main] [app] Scheduler semanal habilitado: false | usuario config: operador | usuario actual: administrador
[2025-10-16 23:55:38] [INFO] [main] [app] Scheduler mensual habilitado: false | usuario config: operador | usuario actual: administrador
[2025-10-16 23:56:50] [INFO] [main] [statusLockers] Iniciando petición para obtener casilleros disponibles
[2025-10-16 23:56:50] [INFO] [main] [statusLockers] Timeout efectivo en ejecución: 30000
[2025-10-16 23:56:50] [INFO] [main] [statusLockers] Intento 1: HOST -> http://localhost:8080
[2025-10-16 23:56:50] [INFO] [main] [statusLockers] Intento 1: URL -> /api/lockers/get-all-status
[2025-10-16 23:56:50] [INFO] [main] [useConfig] Configuración inicial obtenida
[2025-10-16 23:56:50] [INFO] [main] [useConfig] Configuración inicial obtenida
[2025-10-16 23:56:50] [INFO] [main] [statusLockers] Response. Status: 200
[2025-10-16 23:56:50] [INFO] [main] [statusLockers] Response. Data: {"general":[{"status":"ocupado","total":3},{"status":"libre","total":51},{"status":"reservado","total":4},{"status":"deshabilitado","total":1},{"status":"asignado","total":1}],"modules":[{"module":"A","lockers":[{"lockerCode":"A1","status":"reservado"},{"lockerCode":"A2","status":"reservado"},{"lockerCode":"A3","status":"reservado"},{"lockerCode":"A4","status":"reservado"},{"lockerCode":"A5","status":"Asignado"},{"lockerCode":"A6","status":"libre"},{"lockerCode":"A7","status":"libre"},{"lockerCode":"A8","status":"libre"},{"lockerCode":"A9","status":"libre"},{"lockerCode":"A10","status":"libre"}]},{"module":"B","lockers":[{"lockerCode":"B1","status":"libre"},{"lockerCode":"B2","status":"libre"},{"lockerCode":"B3","status":"libre"},{"lockerCode":"B4","status":"ocupado"},{"lockerCode":"B5","status":"libre"},{"lockerCode":"B6","status":"libre"},{"lockerCode":"B7","status":"libre"},{"lockerCode":"B8","status":"libre"},{"lockerCode":"B9","status":"libre"},{"lockerCode":"B10","status":"ocupado"}]},{"module":"C","lockers":[{"lockerCode":"C1","status":"libre"},{"lockerCode":"C2","status":"libre"},{"lockerCode":"C3","status":"libre"},{"lockerCode":"C4","status":"libre"},{"lockerCode":"C5","status":"libre"},{"lockerCode":"C6","status":"libre"},{"lockerCode":"C7","status":"libre"},{"lockerCode":"C8","status":"libre"},{"lockerCode":"C9","status":"libre"},{"lockerCode":"C10","status":"libre"}]},{"module":"D","lockers":[{"lockerCode":"D1","status":"ocupado"},{"lockerCode":"D2","status":"libre"},{"lockerCode":"D3","status":"libre"},{"lockerCode":"D4","status":"libre"},{"lockerCode":"D5","status":"libre"},{"lockerCode":"D6","status":"libre"},{"lockerCode":"D7","status":"libre"},{"lockerCode":"D8","status":"libre"},{"lockerCode":"D9","status":"libre"},{"lockerCode":"D10","status":"libre"}]},{"module":"E","lockers":[{"lockerCode":"E1","status":"libre"},{"lockerCode":"E2","status":"libre"},{"lockerCode":"E3","status":"libre"},{"lockerCode":"E4","status":"libre"},{"lockerCode":"E5","status":"libre"},{"lockerCode":"E6","status":"libre"},{"lockerCode":"E7","status":"libre"},{"lockerCode":"E8","status":"libre"},{"lockerCode":"E9","status":"libre"},{"lockerCode":"E10","status":"libre"}]},{"module":"F","lockers":[{"lockerCode":"F1","status":"libre"},{"lockerCode":"F2","status":"libre"},{"lockerCode":"F3","status":"libre"},{"lockerCode":"F4","status":"libre"},{"lockerCode":"F5","status":"libre"},{"lockerCode":"F6","status":"deshabilitado"},{"lockerCode":"F7","status":"libre"},{"lockerCode":"F8","status":"libre"},{"lockerCode":"F9","status":"libre"},{"lockerCode":"F10","status":"libre"}]}]}
[2025-10-16 23:56:52] [INFO] [main] [app] Scheduler diario habilitado: false | usuario config: operador | usuario actual: administrador
[2025-10-16 23:56:52] [INFO] [main] [app] Scheduler semanal habilitado: false | usuario config: operador | usuario actual: administrador
[2025-10-16 23:56:52] [INFO] [main] [app] Scheduler mensual habilitado: false | usuario config: operador | usuario actual: administrador
[2025-10-16 23:56:52] [INFO] [main] [app] Scheduler diario habilitado: false | usuario config: operador | usuario actual: administrador
[2025-10-16 23:56:52] [INFO] [main] [app] Scheduler semanal habilitado: false | usuario config: operador | usuario actual: administrador
[2025-10-16 23:56:52] [INFO] [main] [app] Scheduler mensual habilitado: false | usuario config: operador | usuario actual: administrador
[2025-10-16 23:57:09] [INFO] [main] [setStatusLocker] Iniciando petición para cambiar estado casillero
[2025-10-16 23:57:09] [INFO] [main] [setStatusLocker] Timeout efectivo en ejecución: 30000
[2025-10-16 23:57:09] [INFO] [main] [setStatusLocker] Intento 1: HOST -> http://localhost:8080
[2025-10-16 23:57:09] [INFO] [main] [setStatusLocker] Intento 1: URL -> /api/lockers/set-status
[2025-10-16 23:57:09] [INFO] [main] [setStatusLocker] Intento 1: Request -> {"lockerCode":"A5","newStatus":"Asignado"}
[2025-10-16 23:57:09] [INFO] [main] [setStatusLocker] Response. Status: 200
[2025-10-16 23:57:09] [INFO] [main] [setStatusLocker] Response. Data: {"success":true,"message":"Estado cambiado Exitosamente","lockerCode":"A5"}
[2025-10-16 23:57:09] [INFO] [main] [statusLockers] Iniciando petición para obtener casilleros disponibles
[2025-10-16 23:57:09] [INFO] [main] [statusLockers] Timeout efectivo en ejecución: 30000
[2025-10-16 23:57:09] [INFO] [main] [statusLockers] Intento 1: HOST -> http://localhost:8080
[2025-10-16 23:57:09] [INFO] [main] [statusLockers] Intento 1: URL -> /api/lockers/get-all-status
[2025-10-16 23:57:09] [INFO] [main] [statusLockers] Response. Status: 200
[2025-10-16 23:57:09] [INFO] [main] [statusLockers] Response. Data: {"general":[{"status":"ocupado","total":3},{"status":"libre","total":51},{"status":"reservado","total":4},{"status":"deshabilitado","total":1},{"status":"asignado","total":1}],"modules":[{"module":"A","lockers":[{"lockerCode":"A1","status":"reservado"},{"lockerCode":"A2","status":"reservado"},{"lockerCode":"A3","status":"reservado"},{"lockerCode":"A4","status":"reservado"},{"lockerCode":"A5","status":"Asignado"},{"lockerCode":"A6","status":"libre"},{"lockerCode":"A7","status":"libre"},{"lockerCode":"A8","status":"libre"},{"lockerCode":"A9","status":"libre"},{"lockerCode":"A10","status":"libre"}]},{"module":"B","lockers":[{"lockerCode":"B1","status":"libre"},{"lockerCode":"B2","status":"libre"},{"lockerCode":"B3","status":"libre"},{"lockerCode":"B4","status":"ocupado"},{"lockerCode":"B5","status":"libre"},{"lockerCode":"B6","status":"libre"},{"lockerCode":"B7","status":"libre"},{"lockerCode":"B8","status":"libre"},{"lockerCode":"B9","status":"libre"},{"lockerCode":"B10","status":"ocupado"}]},{"module":"C","lockers":[{"lockerCode":"C1","status":"libre"},{"lockerCode":"C2","status":"libre"},{"lockerCode":"C3","status":"libre"},{"lockerCode":"C4","status":"libre"},{"lockerCode":"C5","status":"libre"},{"lockerCode":"C6","status":"libre"},{"lockerCode":"C7","status":"libre"},{"lockerCode":"C8","status":"libre"},{"lockerCode":"C9","status":"libre"},{"lockerCode":"C10","status":"libre"}]},{"module":"D","lockers":[{"lockerCode":"D1","status":"ocupado"},{"lockerCode":"D2","status":"libre"},{"lockerCode":"D3","status":"libre"},{"lockerCode":"D4","status":"libre"},{"lockerCode":"D5","status":"libre"},{"lockerCode":"D6","status":"libre"},{"lockerCode":"D7","status":"libre"},{"lockerCode":"D8","status":"libre"},{"lockerCode":"D9","status":"libre"},{"lockerCode":"D10","status":"libre"}]},{"module":"E","lockers":[{"lockerCode":"E1","status":"libre"},{"lockerCode":"E2","status":"libre"},{"lockerCode":"E3","status":"libre"},{"lockerCode":"E4","status":"libre"},{"lockerCode":"E5","status":"libre"},{"lockerCode":"E6","status":"libre"},{"lockerCode":"E7","status":"libre"},{"lockerCode":"E8","status":"libre"},{"lockerCode":"E9","status":"libre"},{"lockerCode":"E10","status":"libre"}]},{"module":"F","lockers":[{"lockerCode":"F1","status":"libre"},{"lockerCode":"F2","status":"libre"},{"lockerCode":"F3","status":"libre"},{"lockerCode":"F4","status":"libre"},{"lockerCode":"F5","status":"libre"},{"lockerCode":"F6","status":"deshabilitado"},{"lockerCode":"F7","status":"libre"},{"lockerCode":"F8","status":"libre"},{"lockerCode":"F9","status":"libre"},{"lockerCode":"F10","status":"libre"}]}]}
[2025-10-16 23:57:14] [INFO] [main] [setStatusLocker] Iniciando petición para cambiar estado casillero
[2025-10-16 23:57:14] [INFO] [main] [setStatusLocker] Timeout efectivo en ejecución: 30000
[2025-10-16 23:57:14] [INFO] [main] [setStatusLocker] Intento 1: HOST -> http://localhost:8080
[2025-10-16 23:57:14] [INFO] [main] [setStatusLocker] Intento 1: URL -> /api/lockers/set-status
[2025-10-16 23:57:14] [INFO] [main] [setStatusLocker] Intento 1: Request -> {"lockerCode":"A9","newStatus":"Asignado"}
[2025-10-16 23:57:14] [INFO] [main] [setStatusLocker] Response. Status: 200
[2025-10-16 23:57:14] [INFO] [main] [setStatusLocker] Response. Data: {"success":true,"message":"Estado cambiado Exitosamente","lockerCode":"A9"}
[2025-10-16 23:57:14] [INFO] [main] [statusLockers] Iniciando petición para obtener casilleros disponibles
[2025-10-16 23:57:14] [INFO] [main] [statusLockers] Timeout efectivo en ejecución: 30000
[2025-10-16 23:57:14] [INFO] [main] [statusLockers] Intento 1: HOST -> http://localhost:8080
[2025-10-16 23:57:14] [INFO] [main] [statusLockers] Intento 1: URL -> /api/lockers/get-all-status
[2025-10-16 23:57:15] [INFO] [main] [statusLockers] Response. Status: 200
[2025-10-16 23:57:15] [INFO] [main] [statusLockers] Response. Data: {"general":[{"status":"ocupado","total":3},{"status":"libre","total":50},{"status":"reservado","total":4},{"status":"deshabilitado","total":1},{"status":"asignado","total":2}],"modules":[{"module":"A","lockers":[{"lockerCode":"A1","status":"reservado"},{"lockerCode":"A2","status":"reservado"},{"lockerCode":"A3","status":"reservado"},{"lockerCode":"A4","status":"reservado"},{"lockerCode":"A5","status":"Asignado"},{"lockerCode":"A6","status":"libre"},{"lockerCode":"A7","status":"libre"},{"lockerCode":"A8","status":"libre"},{"lockerCode":"A9","status":"Asignado"},{"lockerCode":"A10","status":"libre"}]},{"module":"B","lockers":[{"lockerCode":"B1","status":"libre"},{"lockerCode":"B2","status":"libre"},{"lockerCode":"B3","status":"libre"},{"lockerCode":"B4","status":"ocupado"},{"lockerCode":"B5","status":"libre"},{"lockerCode":"B6","status":"libre"},{"lockerCode":"B7","status":"libre"},{"lockerCode":"B8","status":"libre"},{"lockerCode":"B9","status":"libre"},{"lockerCode":"B10","status":"ocupado"}]},{"module":"C","lockers":[{"lockerCode":"C1","status":"libre"},{"lockerCode":"C2","status":"libre"},{"lockerCode":"C3","status":"libre"},{"lockerCode":"C4","status":"libre"},{"lockerCode":"C5","status":"libre"},{"lockerCode":"C6","status":"libre"},{"lockerCode":"C7","status":"libre"},{"lockerCode":"C8","status":"libre"},{"lockerCode":"C9","status":"libre"},{"lockerCode":"C10","status":"libre"}]},{"module":"D","lockers":[{"lockerCode":"D1","status":"ocupado"},{"lockerCode":"D2","status":"libre"},{"lockerCode":"D3","status":"libre"},{"lockerCode":"D4","status":"libre"},{"lockerCode":"D5","status":"libre"},{"lockerCode":"D6","status":"libre"},{"lockerCode":"D7","status":"libre"},{"lockerCode":"D8","status":"libre"},{"lockerCode":"D9","status":"libre"},{"lockerCode":"D10","status":"libre"}]},{"module":"E","lockers":[{"lockerCode":"E1","status":"libre"},{"lockerCode":"E2","status":"libre"},{"lockerCode":"E3","status":"libre"},{"lockerCode":"E4","status":"libre"},{"lockerCode":"E5","status":"libre"},{"lockerCode":"E6","status":"libre"},{"lockerCode":"E7","status":"libre"},{"lockerCode":"E8","status":"libre"},{"lockerCode":"E9","status":"libre"},{"lockerCode":"E10","status":"libre"}]},{"module":"F","lockers":[{"lockerCode":"F1","status":"libre"},{"lockerCode":"F2","status":"libre"},{"lockerCode":"F3","status":"libre"},{"lockerCode":"F4","status":"libre"},{"lockerCode":"F5","status":"libre"},{"lockerCode":"F6","status":"deshabilitado"},{"lockerCode":"F7","status":"libre"},{"lockerCode":"F8","status":"libre"},{"lockerCode":"F9","status":"libre"},{"lockerCode":"F10","status":"libre"}]}]}
[2025-10-16 23:57:18] [INFO] [main] [setStatusLocker] Iniciando petición para cambiar estado casillero
[2025-10-16 23:57:18] [INFO] [main] [setStatusLocker] Timeout efectivo en ejecución: 30000
[2025-10-16 23:57:18] [INFO] [main] [setStatusLocker] Intento 1: HOST -> http://localhost:8080
[2025-10-16 23:57:18] [INFO] [main] [setStatusLocker] Intento 1: URL -> /api/lockers/set-status
[2025-10-16 23:57:18] [INFO] [main] [setStatusLocker] Intento 1: Request -> {"lockerCode":"A8","newStatus":"Deshabilitado"}
[2025-10-16 23:57:18] [INFO] [main] [setStatusLocker] Response. Status: 200
[2025-10-16 23:57:18] [INFO] [main] [setStatusLocker] Response. Data: {"success":true,"message":"Estado cambiado Exitosamente","lockerCode":"A8"}
[2025-10-16 23:57:18] [INFO] [main] [statusLockers] Iniciando petición para obtener casilleros disponibles
[2025-10-16 23:57:18] [INFO] [main] [statusLockers] Timeout efectivo en ejecución: 30000
[2025-10-16 23:57:18] [INFO] [main] [statusLockers] Intento 1: HOST -> http://localhost:8080
[2025-10-16 23:57:18] [INFO] [main] [statusLockers] Intento 1: URL -> /api/lockers/get-all-status
[2025-10-16 23:57:18] [INFO] [main] [statusLockers] Response. Status: 200
[2025-10-16 23:57:18] [INFO] [main] [statusLockers] Response. Data: {"general":[{"status":"deshabilitado","total":2},{"status":"asignado","total":2},{"status":"ocupado","total":3},{"status":"libre","total":49},{"status":"reservado","total":4}],"modules":[{"module":"A","lockers":[{"lockerCode":"A1","status":"reservado"},{"lockerCode":"A2","status":"reservado"},{"lockerCode":"A3","status":"reservado"},{"lockerCode":"A4","status":"reservado"},{"lockerCode":"A5","status":"Asignado"},{"lockerCode":"A6","status":"libre"},{"lockerCode":"A7","status":"libre"},{"lockerCode":"A8","status":"Deshabilitado"},{"lockerCode":"A9","status":"Asignado"},{"lockerCode":"A10","status":"libre"}]},{"module":"B","lockers":[{"lockerCode":"B1","status":"libre"},{"lockerCode":"B2","status":"libre"},{"lockerCode":"B3","status":"libre"},{"lockerCode":"B4","status":"ocupado"},{"lockerCode":"B5","status":"libre"},{"lockerCode":"B6","status":"libre"},{"lockerCode":"B7","status":"libre"},{"lockerCode":"B8","status":"libre"},{"lockerCode":"B9","status":"libre"},{"lockerCode":"B10","status":"ocupado"}]},{"module":"C","lockers":[{"lockerCode":"C1","status":"libre"},{"lockerCode":"C2","status":"libre"},{"lockerCode":"C3","status":"libre"},{"lockerCode":"C4","status":"libre"},{"lockerCode":"C5","status":"libre"},{"lockerCode":"C6","status":"libre"},{"lockerCode":"C7","status":"libre"},{"lockerCode":"C8","status":"libre"},{"lockerCode":"C9","status":"libre"},{"lockerCode":"C10","status":"libre"}]},{"module":"D","lockers":[{"lockerCode":"D1","status":"ocupado"},{"lockerCode":"D2","status":"libre"},{"lockerCode":"D3","status":"libre"},{"lockerCode":"D4","status":"libre"},{"lockerCode":"D5","status":"libre"},{"lockerCode":"D6","status":"libre"},{"lockerCode":"D7","status":"libre"},{"lockerCode":"D8","status":"libre"},{"lockerCode":"D9","status":"libre"},{"lockerCode":"D10","status":"libre"}]},{"module":"E","lockers":[{"lockerCode":"E1","status":"libre"},{"lockerCode":"E2","status":"libre"},{"lockerCode":"E3","status":"libre"},{"lockerCode":"E4","status":"libre"},{"lockerCode":"E5","status":"libre"},{"lockerCode":"E6","status":"libre"},{"lockerCode":"E7","status":"libre"},{"lockerCode":"E8","status":"libre"},{"lockerCode":"E9","status":"libre"},{"lockerCode":"E10","status":"libre"}]},{"module":"F","lockers":[{"lockerCode":"F1","status":"libre"},{"lockerCode":"F2","status":"libre"},{"lockerCode":"F3","status":"libre"},{"lockerCode":"F4","status":"libre"},{"lockerCode":"F5","status":"libre"},{"lockerCode":"F6","status":"deshabilitado"},{"lockerCode":"F7","status":"libre"},{"lockerCode":"F8","status":"libre"},{"lockerCode":"F9","status":"libre"},{"lockerCode":"F10","status":"libre"}]}]}
[2025-10-16 23:57:23] [INFO] [main] [app] Scheduler diario habilitado: false | usuario config: operador | usuario actual: administrador
[2025-10-16 23:57:23] [INFO] [main] [app] Scheduler semanal habilitado: false | usuario config: operador | usuario actual: administrador
[2025-10-16 23:57:23] [INFO] [main] [app] Scheduler mensual habilitado: false | usuario config: operador | usuario actual: administrador
[2025-10-16 23:57:23] [INFO] [main] [app] Scheduler diario habilitado: false | usuario config: operador | usuario actual: administrador
[2025-10-16 23:57:23] [INFO] [main] [app] Scheduler semanal habilitado: false | usuario config: operador | usuario actual: administrador
[2025-10-16 23:57:23] [INFO] [main] [app] Scheduler mensual habilitado: false | usuario config: operador | usuario actual: administrador
[2025-10-16 23:58:26] [INFO] [main] [app] Scheduler diario habilitado: false | usuario config: operador | usuario actual: administrador
[2025-10-16 23:58:26] [INFO] [main] [app] Scheduler semanal habilitado: false | usuario config: operador | usuario actual: administrador
[2025-10-16 23:58:26] [INFO] [main] [app] Scheduler mensual habilitado: false | usuario config: operador | usuario actual: administrador
[2025-10-16 23:58:26] [INFO] [main] [app] Scheduler diario habilitado: false | usuario config: operador | usuario actual: administrador
[2025-10-16 23:58:26] [INFO] [main] [app] Scheduler semanal habilitado: false | usuario config: operador | usuario actual: administrador
[2025-10-16 23:58:26] [INFO] [main] [app] Scheduler mensual habilitado: false | usuario config: operador | usuario actual: administrador
[2025-10-16 23:58:28] [INFO] [main] [app] Scheduler diario habilitado: false | usuario config: operador | usuario actual: administrador
[2025-10-16 23:58:28] [INFO] [main] [app] Scheduler semanal habilitado: false | usuario config: operador | usuario actual: administrador
[2025-10-16 23:58:28] [INFO] [main] [app] Scheduler mensual habilitado: false | usuario config: operador | usuario actual: administrador
[2025-10-16 23:58:28] [INFO] [main] [app] Scheduler diario habilitado: false | usuario config: operador | usuario actual: administrador
[2025-10-16 23:58:28] [INFO] [main] [app] Scheduler semanal habilitado: false | usuario config: operador | usuario actual: administrador
[2025-10-16 23:58:28] [INFO] [main] [app] Scheduler mensual habilitado: false | usuario config: operador | usuario actual: administrador
