[2025-10-17 00:00:09] [INFO] [main] [app] Scheduler diario habilitado: false | usuario config: operador | usuario actual: administrador
[2025-10-17 00:00:09] [INFO] [main] [app] Scheduler semanal habilitado: false | usuario config: operador | usuario actual: administrador
[2025-10-17 00:00:09] [INFO] [main] [app] Scheduler mensual habilitado: false | usuario config: operador | usuario actual: administrador
[2025-10-17 00:00:09] [INFO] [main] [app] Scheduler diario habilitado: false | usuario config: operador | usuario actual: administrador
[2025-10-17 00:00:09] [INFO] [main] [app] Scheduler semanal habilitado: false | usuario config: operador | usuario actual: administrador
[2025-10-17 00:00:09] [INFO] [main] [app] Scheduler mensual habilitado: false | usuario config: operador | usuario actual: administrador
[2025-10-17 00:00:11] [INFO] [main] [app] Scheduler diario habilitado: false | usuario config: operador | usuario actual: administrador
[2025-10-17 00:00:11] [INFO] [main] [app] Scheduler semanal habilitado: false | usuario config: operador | usuario actual: administrador
[2025-10-17 00:00:11] [INFO] [main] [app] Scheduler mensual habilitado: false | usuario config: operador | usuario actual: administrador
[2025-10-17 00:00:11] [INFO] [main] [app] Scheduler diario habilitado: false | usuario config: operador | usuario actual: administrador
[2025-10-17 00:00:11] [INFO] [main] [app] Scheduler semanal habilitado: false | usuario config: operador | usuario actual: administrador
[2025-10-17 00:00:11] [INFO] [main] [app] Scheduler mensual habilitado: false | usuario config: operador | usuario actual: administrador
[2025-10-17 00:00:33] [INFO] [main] [app] Scheduler diario habilitado: false | usuario config: operador | usuario actual: administrador
[2025-10-17 00:00:33] [INFO] [main] [app] Scheduler semanal habilitado: false | usuario config: operador | usuario actual: administrador
[2025-10-17 00:00:33] [INFO] [main] [app] Scheduler mensual habilitado: false | usuario config: operador | usuario actual: administrador
[2025-10-17 00:00:33] [INFO] [main] [app] Scheduler diario habilitado: false | usuario config: operador | usuario actual: administrador
[2025-10-17 00:00:33] [INFO] [main] [app] Scheduler semanal habilitado: false | usuario config: operador | usuario actual: administrador
[2025-10-17 00:00:33] [INFO] [main] [app] Scheduler mensual habilitado: false | usuario config: operador | usuario actual: administrador
[2025-10-17 00:00:44] [INFO] [main] [app] Scheduler diario habilitado: false | usuario config: operador | usuario actual: administrador
[2025-10-17 00:00:44] [INFO] [main] [app] Scheduler semanal habilitado: false | usuario config: operador | usuario actual: administrador
[2025-10-17 00:00:44] [INFO] [main] [app] Scheduler mensual habilitado: false | usuario config: operador | usuario actual: administrador
[2025-10-17 00:00:44] [INFO] [main] [app] Scheduler diario habilitado: false | usuario config: operador | usuario actual: administrador
[2025-10-17 00:00:44] [INFO] [main] [app] Scheduler semanal habilitado: false | usuario config: operador | usuario actual: administrador
[2025-10-17 00:00:44] [INFO] [main] [app] Scheduler mensual habilitado: false | usuario config: operador | usuario actual: administrador
[2025-10-17 00:02:29] [INFO] [main] [app] Scheduler diario habilitado: false | usuario config: operador | usuario actual: administrador
[2025-10-17 00:02:29] [INFO] [main] [app] Scheduler semanal habilitado: false | usuario config: operador | usuario actual: administrador
[2025-10-17 00:02:29] [INFO] [main] [app] Scheduler mensual habilitado: false | usuario config: operador | usuario actual: administrador
[2025-10-17 00:02:29] [INFO] [main] [app] Scheduler diario habilitado: false | usuario config: operador | usuario actual: administrador
[2025-10-17 00:02:29] [INFO] [main] [app] Scheduler semanal habilitado: false | usuario config: operador | usuario actual: administrador
[2025-10-17 00:02:29] [INFO] [main] [app] Scheduler mensual habilitado: false | usuario config: operador | usuario actual: administrador
[2025-10-17 00:02:32] [INFO] [main] [setStatusLocker] Iniciando petición para cambiar estado casillero
[2025-10-17 00:02:32] [INFO] [main] [setStatusLocker] Timeout efectivo en ejecución: 30000
[2025-10-17 00:02:32] [INFO] [main] [setStatusLocker] Intento 1: HOST -> http://localhost:8080
[2025-10-17 00:02:32] [INFO] [main] [setStatusLocker] Intento 1: URL -> /api/lockers/set-status
[2025-10-17 00:02:32] [INFO] [main] [setStatusLocker] Intento 1: Request -> {"lockerCode":"A5","newStatus":"asignado"}
[2025-10-17 00:02:33] [INFO] [main] [setStatusLocker] Response. Status: 200
[2025-10-17 00:02:33] [INFO] [main] [setStatusLocker] Response. Data: {"success":true,"message":"Estado cambiado Exitosamente","lockerCode":"A5"}
[2025-10-17 00:02:33] [INFO] [main] [statusLockers] Iniciando petición para obtener casilleros disponibles
[2025-10-17 00:02:33] [INFO] [main] [statusLockers] Timeout efectivo en ejecución: 30000
[2025-10-17 00:02:33] [INFO] [main] [statusLockers] Intento 1: HOST -> http://localhost:8080
[2025-10-17 00:02:33] [INFO] [main] [statusLockers] Intento 1: URL -> /api/lockers/get-all-status
[2025-10-17 00:02:33] [INFO] [main] [statusLockers] Response. Status: 200
[2025-10-17 00:02:33] [INFO] [main] [statusLockers] Response. Data: {"general":[{"status":"ocupado","total":3},{"status":"libre","total":49},{"status":"reservado","total":4},{"status":"deshabilitado","total":2},{"status":"asignado","total":2}],"modules":[{"module":"A","lockers":[{"lockerCode":"A1","status":"reservado"},{"lockerCode":"A2","status":"reservado"},{"lockerCode":"A3","status":"reservado"},{"lockerCode":"A4","status":"reservado"},{"lockerCode":"A5","status":"asignado"},{"lockerCode":"A6","status":"libre"},{"lockerCode":"A7","status":"libre"},{"lockerCode":"A8","status":"Deshabilitado"},{"lockerCode":"A9","status":"Asignado"},{"lockerCode":"A10","status":"libre"}]},{"module":"B","lockers":[{"lockerCode":"B1","status":"libre"},{"lockerCode":"B2","status":"libre"},{"lockerCode":"B3","status":"libre"},{"lockerCode":"B4","status":"ocupado"},{"lockerCode":"B5","status":"libre"},{"lockerCode":"B6","status":"libre"},{"lockerCode":"B7","status":"libre"},{"lockerCode":"B8","status":"libre"},{"lockerCode":"B9","status":"libre"},{"lockerCode":"B10","status":"ocupado"}]},{"module":"C","lockers":[{"lockerCode":"C1","status":"libre"},{"lockerCode":"C2","status":"libre"},{"lockerCode":"C3","status":"libre"},{"lockerCode":"C4","status":"libre"},{"lockerCode":"C5","status":"libre"},{"lockerCode":"C6","status":"libre"},{"lockerCode":"C7","status":"libre"},{"lockerCode":"C8","status":"libre"},{"lockerCode":"C9","status":"libre"},{"lockerCode":"C10","status":"libre"}]},{"module":"D","lockers":[{"lockerCode":"D1","status":"ocupado"},{"lockerCode":"D2","status":"libre"},{"lockerCode":"D3","status":"libre"},{"lockerCode":"D4","status":"libre"},{"lockerCode":"D5","status":"libre"},{"lockerCode":"D6","status":"libre"},{"lockerCode":"D7","status":"libre"},{"lockerCode":"D8","status":"libre"},{"lockerCode":"D9","status":"libre"},{"lockerCode":"D10","status":"libre"}]},{"module":"E","lockers":[{"lockerCode":"E1","status":"libre"},{"lockerCode":"E2","status":"libre"},{"lockerCode":"E3","status":"libre"},{"lockerCode":"E4","status":"libre"},{"lockerCode":"E5","status":"libre"},{"lockerCode":"E6","status":"libre"},{"lockerCode":"E7","status":"libre"},{"lockerCode":"E8","status":"libre"},{"lockerCode":"E9","status":"libre"},{"lockerCode":"E10","status":"libre"}]},{"module":"F","lockers":[{"lockerCode":"F1","status":"libre"},{"lockerCode":"F2","status":"libre"},{"lockerCode":"F3","status":"libre"},{"lockerCode":"F4","status":"libre"},{"lockerCode":"F5","status":"libre"},{"lockerCode":"F6","status":"deshabilitado"},{"lockerCode":"F7","status":"libre"},{"lockerCode":"F8","status":"libre"},{"lockerCode":"F9","status":"libre"},{"lockerCode":"F10","status":"libre"}]}]}
[2025-10-17 00:02:36] [INFO] [main] [setStatusLocker] Iniciando petición para cambiar estado casillero
[2025-10-17 00:02:36] [INFO] [main] [setStatusLocker] Timeout efectivo en ejecución: 30000
[2025-10-17 00:02:36] [INFO] [main] [setStatusLocker] Intento 1: HOST -> http://localhost:8080
[2025-10-17 00:02:36] [INFO] [main] [setStatusLocker] Intento 1: URL -> /api/lockers/set-status
[2025-10-17 00:02:36] [INFO] [main] [setStatusLocker] Intento 1: Request -> {"lockerCode":"A9","newStatus":"asignado"}
[2025-10-17 00:02:36] [INFO] [main] [setStatusLocker] Response. Status: 200
[2025-10-17 00:02:36] [INFO] [main] [setStatusLocker] Response. Data: {"success":true,"message":"Estado cambiado Exitosamente","lockerCode":"A9"}
[2025-10-17 00:02:36] [INFO] [main] [statusLockers] Iniciando petición para obtener casilleros disponibles
[2025-10-17 00:02:36] [INFO] [main] [statusLockers] Timeout efectivo en ejecución: 30000
[2025-10-17 00:02:36] [INFO] [main] [statusLockers] Intento 1: HOST -> http://localhost:8080
[2025-10-17 00:02:36] [INFO] [main] [statusLockers] Intento 1: URL -> /api/lockers/get-all-status
[2025-10-17 00:02:36] [INFO] [main] [statusLockers] Response. Status: 200
[2025-10-17 00:02:36] [INFO] [main] [statusLockers] Response. Data: {"general":[{"status":"ocupado","total":3},{"status":"libre","total":49},{"status":"reservado","total":4},{"status":"deshabilitado","total":2},{"status":"asignado","total":2}],"modules":[{"module":"A","lockers":[{"lockerCode":"A1","status":"reservado"},{"lockerCode":"A2","status":"reservado"},{"lockerCode":"A3","status":"reservado"},{"lockerCode":"A4","status":"reservado"},{"lockerCode":"A5","status":"asignado"},{"lockerCode":"A6","status":"libre"},{"lockerCode":"A7","status":"libre"},{"lockerCode":"A8","status":"Deshabilitado"},{"lockerCode":"A9","status":"asignado"},{"lockerCode":"A10","status":"libre"}]},{"module":"B","lockers":[{"lockerCode":"B1","status":"libre"},{"lockerCode":"B2","status":"libre"},{"lockerCode":"B3","status":"libre"},{"lockerCode":"B4","status":"ocupado"},{"lockerCode":"B5","status":"libre"},{"lockerCode":"B6","status":"libre"},{"lockerCode":"B7","status":"libre"},{"lockerCode":"B8","status":"libre"},{"lockerCode":"B9","status":"libre"},{"lockerCode":"B10","status":"ocupado"}]},{"module":"C","lockers":[{"lockerCode":"C1","status":"libre"},{"lockerCode":"C2","status":"libre"},{"lockerCode":"C3","status":"libre"},{"lockerCode":"C4","status":"libre"},{"lockerCode":"C5","status":"libre"},{"lockerCode":"C6","status":"libre"},{"lockerCode":"C7","status":"libre"},{"lockerCode":"C8","status":"libre"},{"lockerCode":"C9","status":"libre"},{"lockerCode":"C10","status":"libre"}]},{"module":"D","lockers":[{"lockerCode":"D1","status":"ocupado"},{"lockerCode":"D2","status":"libre"},{"lockerCode":"D3","status":"libre"},{"lockerCode":"D4","status":"libre"},{"lockerCode":"D5","status":"libre"},{"lockerCode":"D6","status":"libre"},{"lockerCode":"D7","status":"libre"},{"lockerCode":"D8","status":"libre"},{"lockerCode":"D9","status":"libre"},{"lockerCode":"D10","status":"libre"}]},{"module":"E","lockers":[{"lockerCode":"E1","status":"libre"},{"lockerCode":"E2","status":"libre"},{"lockerCode":"E3","status":"libre"},{"lockerCode":"E4","status":"libre"},{"lockerCode":"E5","status":"libre"},{"lockerCode":"E6","status":"libre"},{"lockerCode":"E7","status":"libre"},{"lockerCode":"E8","status":"libre"},{"lockerCode":"E9","status":"libre"},{"lockerCode":"E10","status":"libre"}]},{"module":"F","lockers":[{"lockerCode":"F1","status":"libre"},{"lockerCode":"F2","status":"libre"},{"lockerCode":"F3","status":"libre"},{"lockerCode":"F4","status":"libre"},{"lockerCode":"F5","status":"libre"},{"lockerCode":"F6","status":"deshabilitado"},{"lockerCode":"F7","status":"libre"},{"lockerCode":"F8","status":"libre"},{"lockerCode":"F9","status":"libre"},{"lockerCode":"F10","status":"libre"}]}]}
[2025-10-17 00:02:39] [INFO] [main] [setStatusLocker] Iniciando petición para cambiar estado casillero
[2025-10-17 00:02:39] [INFO] [main] [setStatusLocker] Timeout efectivo en ejecución: 30000
[2025-10-17 00:02:39] [INFO] [main] [setStatusLocker] Intento 1: HOST -> http://localhost:8080
[2025-10-17 00:02:39] [INFO] [main] [setStatusLocker] Intento 1: URL -> /api/lockers/set-status
[2025-10-17 00:02:39] [INFO] [main] [setStatusLocker] Intento 1: Request -> {"lockerCode":"A8","newStatus":"deshabilitado"}
[2025-10-17 00:02:39] [INFO] [main] [setStatusLocker] Response. Status: 200
[2025-10-17 00:02:39] [INFO] [main] [setStatusLocker] Response. Data: {"success":true,"message":"Estado cambiado Exitosamente","lockerCode":"A8"}
[2025-10-17 00:02:39] [INFO] [main] [statusLockers] Iniciando petición para obtener casilleros disponibles
[2025-10-17 00:02:39] [INFO] [main] [statusLockers] Timeout efectivo en ejecución: 30000
[2025-10-17 00:02:39] [INFO] [main] [statusLockers] Intento 1: HOST -> http://localhost:8080
[2025-10-17 00:02:39] [INFO] [main] [statusLockers] Intento 1: URL -> /api/lockers/get-all-status
[2025-10-17 00:02:39] [INFO] [main] [statusLockers] Response. Status: 200
[2025-10-17 00:02:39] [INFO] [main] [statusLockers] Response. Data: {"general":[{"status":"deshabilitado","total":2},{"status":"asignado","total":2},{"status":"ocupado","total":3},{"status":"libre","total":49},{"status":"reservado","total":4}],"modules":[{"module":"A","lockers":[{"lockerCode":"A1","status":"reservado"},{"lockerCode":"A2","status":"reservado"},{"lockerCode":"A3","status":"reservado"},{"lockerCode":"A4","status":"reservado"},{"lockerCode":"A5","status":"asignado"},{"lockerCode":"A6","status":"libre"},{"lockerCode":"A7","status":"libre"},{"lockerCode":"A8","status":"deshabilitado"},{"lockerCode":"A9","status":"asignado"},{"lockerCode":"A10","status":"libre"}]},{"module":"B","lockers":[{"lockerCode":"B1","status":"libre"},{"lockerCode":"B2","status":"libre"},{"lockerCode":"B3","status":"libre"},{"lockerCode":"B4","status":"ocupado"},{"lockerCode":"B5","status":"libre"},{"lockerCode":"B6","status":"libre"},{"lockerCode":"B7","status":"libre"},{"lockerCode":"B8","status":"libre"},{"lockerCode":"B9","status":"libre"},{"lockerCode":"B10","status":"ocupado"}]},{"module":"C","lockers":[{"lockerCode":"C1","status":"libre"},{"lockerCode":"C2","status":"libre"},{"lockerCode":"C3","status":"libre"},{"lockerCode":"C4","status":"libre"},{"lockerCode":"C5","status":"libre"},{"lockerCode":"C6","status":"libre"},{"lockerCode":"C7","status":"libre"},{"lockerCode":"C8","status":"libre"},{"lockerCode":"C9","status":"libre"},{"lockerCode":"C10","status":"libre"}]},{"module":"D","lockers":[{"lockerCode":"D1","status":"ocupado"},{"lockerCode":"D2","status":"libre"},{"lockerCode":"D3","status":"libre"},{"lockerCode":"D4","status":"libre"},{"lockerCode":"D5","status":"libre"},{"lockerCode":"D6","status":"libre"},{"lockerCode":"D7","status":"libre"},{"lockerCode":"D8","status":"libre"},{"lockerCode":"D9","status":"libre"},{"lockerCode":"D10","status":"libre"}]},{"module":"E","lockers":[{"lockerCode":"E1","status":"libre"},{"lockerCode":"E2","status":"libre"},{"lockerCode":"E3","status":"libre"},{"lockerCode":"E4","status":"libre"},{"lockerCode":"E5","status":"libre"},{"lockerCode":"E6","status":"libre"},{"lockerCode":"E7","status":"libre"},{"lockerCode":"E8","status":"libre"},{"lockerCode":"E9","status":"libre"},{"lockerCode":"E10","status":"libre"}]},{"module":"F","lockers":[{"lockerCode":"F1","status":"libre"},{"lockerCode":"F2","status":"libre"},{"lockerCode":"F3","status":"libre"},{"lockerCode":"F4","status":"libre"},{"lockerCode":"F5","status":"libre"},{"lockerCode":"F6","status":"deshabilitado"},{"lockerCode":"F7","status":"libre"},{"lockerCode":"F8","status":"libre"},{"lockerCode":"F9","status":"libre"},{"lockerCode":"F10","status":"libre"}]}]}
[2025-10-17 00:02:40] [INFO] [main] [app] Scheduler diario habilitado: false | usuario config: operador | usuario actual: administrador
[2025-10-17 00:02:40] [INFO] [main] [app] Scheduler semanal habilitado: false | usuario config: operador | usuario actual: administrador
[2025-10-17 00:02:40] [INFO] [main] [app] Scheduler mensual habilitado: false | usuario config: operador | usuario actual: administrador
[2025-10-17 00:02:40] [INFO] [main] [app] Scheduler diario habilitado: false | usuario config: operador | usuario actual: administrador
[2025-10-17 00:02:40] [INFO] [main] [app] Scheduler semanal habilitado: false | usuario config: operador | usuario actual: administrador
[2025-10-17 00:02:40] [INFO] [main] [app] Scheduler mensual habilitado: false | usuario config: operador | usuario actual: administrador
[2025-10-17 00:02:52] [INFO] [main] [app] Scheduler diario habilitado: false | usuario config: operador | usuario actual: administrador
[2025-10-17 00:02:52] [INFO] [main] [app] Scheduler semanal habilitado: false | usuario config: operador | usuario actual: administrador
[2025-10-17 00:02:52] [INFO] [main] [app] Scheduler mensual habilitado: false | usuario config: operador | usuario actual: administrador
[2025-10-17 00:02:52] [INFO] [main] [app] Scheduler diario habilitado: false | usuario config: operador | usuario actual: administrador
[2025-10-17 00:02:52] [INFO] [main] [app] Scheduler semanal habilitado: false | usuario config: operador | usuario actual: administrador
[2025-10-17 00:02:52] [INFO] [main] [app] Scheduler mensual habilitado: false | usuario config: operador | usuario actual: administrador
[2025-10-17 00:03:41] [INFO] [main] [app] Scheduler diario habilitado: false | usuario config: operador | usuario actual: administrador
[2025-10-17 00:03:41] [INFO] [main] [app] Scheduler semanal habilitado: false | usuario config: operador | usuario actual: administrador
[2025-10-17 00:03:41] [INFO] [main] [app] Scheduler mensual habilitado: false | usuario config: operador | usuario actual: administrador
[2025-10-17 00:03:41] [INFO] [main] [app] Scheduler diario habilitado: false | usuario config: operador | usuario actual: administrador
[2025-10-17 00:03:41] [INFO] [main] [app] Scheduler semanal habilitado: false | usuario config: operador | usuario actual: administrador
[2025-10-17 00:03:41] [INFO] [main] [app] Scheduler mensual habilitado: false | usuario config: operador | usuario actual: administrador
[2025-10-17 00:06:05] [INFO] [main] [app] Scheduler diario habilitado: false | usuario config: operador | usuario actual: administrador
[2025-10-17 00:06:05] [INFO] [main] [app] Scheduler semanal habilitado: false | usuario config: operador | usuario actual: administrador
[2025-10-17 00:06:05] [INFO] [main] [app] Scheduler mensual habilitado: false | usuario config: operador | usuario actual: administrador
[2025-10-17 00:06:05] [INFO] [main] [app] Scheduler diario habilitado: false | usuario config: operador | usuario actual: administrador
[2025-10-17 00:06:05] [INFO] [main] [app] Scheduler semanal habilitado: false | usuario config: operador | usuario actual: administrador
[2025-10-17 00:06:05] [INFO] [main] [app] Scheduler mensual habilitado: false | usuario config: operador | usuario actual: administrador
[2025-10-17 00:06:06] [INFO] [main] [app] Scheduler diario habilitado: false | usuario config: operador | usuario actual: administrador
[2025-10-17 00:06:06] [INFO] [main] [app] Scheduler semanal habilitado: false | usuario config: operador | usuario actual: administrador
[2025-10-17 00:06:06] [INFO] [main] [app] Scheduler mensual habilitado: false | usuario config: operador | usuario actual: administrador
[2025-10-17 00:06:06] [INFO] [main] [app] Scheduler diario habilitado: false | usuario config: operador | usuario actual: administrador
[2025-10-17 00:06:06] [INFO] [main] [app] Scheduler semanal habilitado: false | usuario config: operador | usuario actual: administrador
[2025-10-17 00:06:06] [INFO] [main] [app] Scheduler mensual habilitado: false | usuario config: operador | usuario actual: administrador
[2025-10-17 00:06:12] [INFO] [main] [app] Scheduler diario habilitado: false | usuario config: operador | usuario actual: administrador
[2025-10-17 00:06:12] [INFO] [main] [app] Scheduler semanal habilitado: false | usuario config: operador | usuario actual: administrador
[2025-10-17 00:06:12] [INFO] [main] [app] Scheduler mensual habilitado: false | usuario config: operador | usuario actual: administrador
[2025-10-17 00:06:12] [INFO] [main] [app] Scheduler diario habilitado: false | usuario config: operador | usuario actual: administrador
[2025-10-17 00:06:12] [INFO] [main] [app] Scheduler semanal habilitado: false | usuario config: operador | usuario actual: administrador
[2025-10-17 00:06:12] [INFO] [main] [app] Scheduler mensual habilitado: false | usuario config: operador | usuario actual: administrador
[2025-10-17 00:06:18] [INFO] [main] [app] Scheduler diario habilitado: false | usuario config: operador | usuario actual: administrador
[2025-10-17 00:06:18] [INFO] [main] [app] Scheduler semanal habilitado: false | usuario config: operador | usuario actual: administrador
[2025-10-17 00:06:18] [INFO] [main] [app] Scheduler mensual habilitado: false | usuario config: operador | usuario actual: administrador
[2025-10-17 00:06:18] [INFO] [main] [app] Scheduler diario habilitado: false | usuario config: operador | usuario actual: administrador
[2025-10-17 00:06:18] [INFO] [main] [app] Scheduler semanal habilitado: false | usuario config: operador | usuario actual: administrador
[2025-10-17 00:06:18] [INFO] [main] [app] Scheduler mensual habilitado: false | usuario config: operador | usuario actual: administrador
[2025-10-17 00:06:18] [INFO] [main] [app] Componente App montado
[2025-10-17 00:06:18] [INFO] [main] [app] Versión cargada: 1.1.0
[2025-10-17 00:06:19] [INFO] [main] [reportLockers] Iniciando petición para obtener el reporte de casilleros
[2025-10-17 00:06:19] [INFO] [main] [reportLockers] Timeout efectivo en ejecución: 30000
[2025-10-17 00:06:19] [INFO] [main] [reportLockers] Intento 1: HOST -> http://localhost:8080
[2025-10-17 00:06:19] [INFO] [main] [reportLockers] Intento 1: URL -> /api/lockers/report
[2025-10-17 00:06:19] [INFO] [main] [reportLockers] Intento 1: Request -> {"startDate":"2025-10-17 05:00:00","endDate":"2025-10-17 05:06:59","sendEmail":false}
[2025-10-17 00:06:19] [INFO] [main] [reportLockers] Iniciando petición para obtener el reporte de casilleros
[2025-10-17 00:06:19] [INFO] [main] [reportLockers] Timeout efectivo en ejecución: 30000
[2025-10-17 00:06:19] [INFO] [main] [reportLockers] Intento 1: HOST -> http://localhost:8080
[2025-10-17 00:06:19] [INFO] [main] [reportLockers] Intento 1: URL -> /api/lockers/report
[2025-10-17 00:06:19] [INFO] [main] [reportLockers] Intento 1: Request -> {"startDate":"2025-10-17 05:00:00","endDate":"2025-10-17 05:06:59","sendEmail":false}
[2025-10-17 00:06:19] [INFO] [main] [useConfig] Configuración inicial obtenida
[2025-10-17 00:06:19] [INFO] [main] [useConfig] Configuración inicial obtenida
[2025-10-17 00:06:19] [INFO] [main] [useConfig] Configuración inicial obtenida
[2025-10-17 00:06:19] [INFO] [main] [useConfig] Configuración inicial obtenida
[2025-10-17 00:06:19] [INFO] [main] [reportLockers] Response. Status: 200
[2025-10-17 00:06:19] [INFO] [main] [reportLockers] Response. Data: null
[2025-10-17 00:06:19] [INFO] [main] [reportLockers] Response. Status: 200
[2025-10-17 00:06:19] [INFO] [main] [reportLockers] Response. Data: null
[2025-10-17 00:06:21] [INFO] [main] [statusLockers] Iniciando petición para obtener casilleros disponibles
[2025-10-17 00:06:21] [INFO] [main] [statusLockers] Timeout efectivo en ejecución: 30000
[2025-10-17 00:06:21] [INFO] [main] [statusLockers] Intento 1: HOST -> http://localhost:8080
[2025-10-17 00:06:21] [INFO] [main] [statusLockers] Intento 1: URL -> /api/lockers/get-all-status
[2025-10-17 00:06:21] [INFO] [main] [statusLockers] Iniciando petición para obtener casilleros disponibles
[2025-10-17 00:06:21] [INFO] [main] [statusLockers] Timeout efectivo en ejecución: 30000
[2025-10-17 00:06:21] [INFO] [main] [statusLockers] Intento 1: HOST -> http://localhost:8080
[2025-10-17 00:06:21] [INFO] [main] [statusLockers] Intento 1: URL -> /api/lockers/get-all-status
[2025-10-17 00:06:21] [INFO] [main] [useConfig] Configuración inicial obtenida
[2025-10-17 00:06:21] [INFO] [main] [useConfig] Configuración inicial obtenida
[2025-10-17 00:06:21] [INFO] [main] [useConfig] Configuración inicial obtenida
[2025-10-17 00:06:21] [INFO] [main] [useConfig] Configuración inicial obtenida
[2025-10-17 00:06:21] [INFO] [main] [statusLockers] Response. Status: 200
[2025-10-17 00:06:21] [INFO] [main] [statusLockers] Response. Data: {"general":[{"status":"deshabilitado","total":2},{"status":"asignado","total":2},{"status":"ocupado","total":3},{"status":"libre","total":49},{"status":"reservado","total":4}],"modules":[{"module":"A","lockers":[{"lockerCode":"A1","status":"reservado"},{"lockerCode":"A2","status":"reservado"},{"lockerCode":"A3","status":"reservado"},{"lockerCode":"A4","status":"reservado"},{"lockerCode":"A5","status":"asignado"},{"lockerCode":"A6","status":"libre"},{"lockerCode":"A7","status":"libre"},{"lockerCode":"A8","status":"deshabilitado"},{"lockerCode":"A9","status":"asignado"},{"lockerCode":"A10","status":"libre"}]},{"module":"B","lockers":[{"lockerCode":"B1","status":"libre"},{"lockerCode":"B2","status":"libre"},{"lockerCode":"B3","status":"libre"},{"lockerCode":"B4","status":"ocupado"},{"lockerCode":"B5","status":"libre"},{"lockerCode":"B6","status":"libre"},{"lockerCode":"B7","status":"libre"},{"lockerCode":"B8","status":"libre"},{"lockerCode":"B9","status":"libre"},{"lockerCode":"B10","status":"ocupado"}]},{"module":"C","lockers":[{"lockerCode":"C1","status":"libre"},{"lockerCode":"C2","status":"libre"},{"lockerCode":"C3","status":"libre"},{"lockerCode":"C4","status":"libre"},{"lockerCode":"C5","status":"libre"},{"lockerCode":"C6","status":"libre"},{"lockerCode":"C7","status":"libre"},{"lockerCode":"C8","status":"libre"},{"lockerCode":"C9","status":"libre"},{"lockerCode":"C10","status":"libre"}]},{"module":"D","lockers":[{"lockerCode":"D1","status":"ocupado"},{"lockerCode":"D2","status":"libre"},{"lockerCode":"D3","status":"libre"},{"lockerCode":"D4","status":"libre"},{"lockerCode":"D5","status":"libre"},{"lockerCode":"D6","status":"libre"},{"lockerCode":"D7","status":"libre"},{"lockerCode":"D8","status":"libre"},{"lockerCode":"D9","status":"libre"},{"lockerCode":"D10","status":"libre"}]},{"module":"E","lockers":[{"lockerCode":"E1","status":"libre"},{"lockerCode":"E2","status":"libre"},{"lockerCode":"E3","status":"libre"},{"lockerCode":"E4","status":"libre"},{"lockerCode":"E5","status":"libre"},{"lockerCode":"E6","status":"libre"},{"lockerCode":"E7","status":"libre"},{"lockerCode":"E8","status":"libre"},{"lockerCode":"E9","status":"libre"},{"lockerCode":"E10","status":"libre"}]},{"module":"F","lockers":[{"lockerCode":"F1","status":"libre"},{"lockerCode":"F2","status":"libre"},{"lockerCode":"F3","status":"libre"},{"lockerCode":"F4","status":"libre"},{"lockerCode":"F5","status":"libre"},{"lockerCode":"F6","status":"deshabilitado"},{"lockerCode":"F7","status":"libre"},{"lockerCode":"F8","status":"libre"},{"lockerCode":"F9","status":"libre"},{"lockerCode":"F10","status":"libre"}]}]}
[2025-10-17 00:06:21] [INFO] [main] [statusLockers] Response. Status: 200
[2025-10-17 00:06:21] [INFO] [main] [statusLockers] Response. Data: {"general":[{"status":"ocupado","total":3},{"status":"libre","total":49},{"status":"reservado","total":4},{"status":"deshabilitado","total":2},{"status":"asignado","total":2}],"modules":[{"module":"A","lockers":[{"lockerCode":"A1","status":"reservado"},{"lockerCode":"A2","status":"reservado"},{"lockerCode":"A3","status":"reservado"},{"lockerCode":"A4","status":"reservado"},{"lockerCode":"A5","status":"asignado"},{"lockerCode":"A6","status":"libre"},{"lockerCode":"A7","status":"libre"},{"lockerCode":"A8","status":"deshabilitado"},{"lockerCode":"A9","status":"asignado"},{"lockerCode":"A10","status":"libre"}]},{"module":"B","lockers":[{"lockerCode":"B1","status":"libre"},{"lockerCode":"B2","status":"libre"},{"lockerCode":"B3","status":"libre"},{"lockerCode":"B4","status":"ocupado"},{"lockerCode":"B5","status":"libre"},{"lockerCode":"B6","status":"libre"},{"lockerCode":"B7","status":"libre"},{"lockerCode":"B8","status":"libre"},{"lockerCode":"B9","status":"libre"},{"lockerCode":"B10","status":"ocupado"}]},{"module":"C","lockers":[{"lockerCode":"C1","status":"libre"},{"lockerCode":"C2","status":"libre"},{"lockerCode":"C3","status":"libre"},{"lockerCode":"C4","status":"libre"},{"lockerCode":"C5","status":"libre"},{"lockerCode":"C6","status":"libre"},{"lockerCode":"C7","status":"libre"},{"lockerCode":"C8","status":"libre"},{"lockerCode":"C9","status":"libre"},{"lockerCode":"C10","status":"libre"}]},{"module":"D","lockers":[{"lockerCode":"D1","status":"ocupado"},{"lockerCode":"D2","status":"libre"},{"lockerCode":"D3","status":"libre"},{"lockerCode":"D4","status":"libre"},{"lockerCode":"D5","status":"libre"},{"lockerCode":"D6","status":"libre"},{"lockerCode":"D7","status":"libre"},{"lockerCode":"D8","status":"libre"},{"lockerCode":"D9","status":"libre"},{"lockerCode":"D10","status":"libre"}]},{"module":"E","lockers":[{"lockerCode":"E1","status":"libre"},{"lockerCode":"E2","status":"libre"},{"lockerCode":"E3","status":"libre"},{"lockerCode":"E4","status":"libre"},{"lockerCode":"E5","status":"libre"},{"lockerCode":"E6","status":"libre"},{"lockerCode":"E7","status":"libre"},{"lockerCode":"E8","status":"libre"},{"lockerCode":"E9","status":"libre"},{"lockerCode":"E10","status":"libre"}]},{"module":"F","lockers":[{"lockerCode":"F1","status":"libre"},{"lockerCode":"F2","status":"libre"},{"lockerCode":"F3","status":"libre"},{"lockerCode":"F4","status":"libre"},{"lockerCode":"F5","status":"libre"},{"lockerCode":"F6","status":"deshabilitado"},{"lockerCode":"F7","status":"libre"},{"lockerCode":"F8","status":"libre"},{"lockerCode":"F9","status":"libre"},{"lockerCode":"F10","status":"libre"}]}]}
[2025-10-17 00:06:23] [INFO] [main] [app] Scheduler diario habilitado: false | usuario config: operador | usuario actual: administrador
[2025-10-17 00:06:23] [INFO] [main] [app] Scheduler semanal habilitado: false | usuario config: operador | usuario actual: administrador
[2025-10-17 00:06:23] [INFO] [main] [app] Scheduler mensual habilitado: false | usuario config: operador | usuario actual: administrador
[2025-10-17 00:06:23] [INFO] [main] [app] Scheduler diario habilitado: false | usuario config: operador | usuario actual: administrador
[2025-10-17 00:06:23] [INFO] [main] [app] Scheduler semanal habilitado: false | usuario config: operador | usuario actual: administrador
[2025-10-17 00:06:23] [INFO] [main] [app] Scheduler mensual habilitado: false | usuario config: operador | usuario actual: administrador
[2025-10-17 00:06:23] [INFO] [main] [app] Componente App montado
[2025-10-17 00:06:23] [INFO] [main] [app] Versión cargada: 1.1.0
[2025-10-17 00:06:23] [INFO] [main] [app] Scheduler diario habilitado: false | usuario config: operador | usuario actual: administrador
[2025-10-17 00:06:23] [INFO] [main] [app] Scheduler semanal habilitado: false | usuario config: operador | usuario actual: administrador
[2025-10-17 00:06:23] [INFO] [main] [app] Scheduler mensual habilitado: false | usuario config: operador | usuario actual: administrador
[2025-10-17 00:06:23] [INFO] [main] [app] Scheduler diario habilitado: false | usuario config: operador | usuario actual: administrador
[2025-10-17 00:06:23] [INFO] [main] [app] Scheduler semanal habilitado: false | usuario config: operador | usuario actual: administrador
[2025-10-17 00:06:23] [INFO] [main] [app] Scheduler mensual habilitado: false | usuario config: operador | usuario actual: administrador
[2025-10-17 00:06:23] [INFO] [main] [useConfig] Configuración inicial obtenida
[2025-10-17 00:06:23] [INFO] [main] [useConfig] Configuración inicial obtenida
[2025-10-17 00:06:28] [WARN] [main] [login] Credenciales inválidas: usuario=administrador
[2025-10-17 00:06:28] [WARN] [main] [login] Intento de inicio de sesión fallido para usuario: administrador
[2025-10-17 00:06:32] [INFO] [main] [login] Cierre de sesión para usuario: administrador
[2025-10-17 00:06:32] [INFO] [main] [app] Scheduler diario habilitado: false | usuario config: operador | usuario actual: administrador
[2025-10-17 00:06:32] [INFO] [main] [app] Scheduler semanal habilitado: false | usuario config: operador | usuario actual: administrador
[2025-10-17 00:06:32] [INFO] [main] [app] Scheduler mensual habilitado: false | usuario config: operador | usuario actual: administrador
[2025-10-17 00:06:32] [INFO] [main] [app] Scheduler diario habilitado: false | usuario config: operador | usuario actual: administrador
[2025-10-17 00:06:32] [INFO] [main] [app] Scheduler semanal habilitado: false | usuario config: operador | usuario actual: administrador
[2025-10-17 00:06:32] [INFO] [main] [app] Scheduler mensual habilitado: false | usuario config: operador | usuario actual: administrador
[2025-10-17 00:06:32] [INFO] [main] [app] Componente App montado
[2025-10-17 00:06:32] [INFO] [main] [app] Versión cargada: 1.1.0
[2025-10-17 00:06:37] [INFO] [main] [login] Inicio de sesión exitoso para usuario: operador
[2025-10-17 00:06:37] [INFO] [main] set-fullscreen: true
[2025-10-17 00:06:37] [INFO] [main] Ventana cerrándose, deteniendo TTS...
[2025-10-17 00:06:37] [INFO] [main] Creando ventana principal...
[2025-10-17 00:06:37] [INFO] [main] Cargando URL: http://localhost:5173
[2025-10-17 00:06:37] [INFO] [main] set-frame: false
[2025-10-17 00:06:37] [INFO] [main] [app] Scheduler diario habilitado: true | usuario config: operador | usuario actual: operador
[2025-10-17 00:06:37] [INFO] [main] [app] Scheduler semanal habilitado: true | usuario config: operador | usuario actual: operador
[2025-10-17 00:06:37] [INFO] [main] [app] Scheduler mensual habilitado: true | usuario config: operador | usuario actual: operador
[2025-10-17 00:06:37] [INFO] [main] [app] Scheduler diario habilitado: true | usuario config: operador | usuario actual: operador
[2025-10-17 00:06:37] [INFO] [main] [app] Scheduler semanal habilitado: true | usuario config: operador | usuario actual: operador
[2025-10-17 00:06:37] [INFO] [main] [app] Scheduler mensual habilitado: true | usuario config: operador | usuario actual: operador
[2025-10-17 00:06:37] [INFO] [main] [login] Usuario autenticado en sesión principal, redirigiendo a /ppal
[2025-10-17 00:06:37] [INFO] [main] [app] Componente App montado
[2025-10-17 00:06:37] [INFO] [main] [app] Versión cargada: 1.1.0
[2025-10-17 00:06:37] [INFO] [main] [scheduleReport] Ejecutando tarea programada [daily] con rango: 2025-10-16 → 2025-10-16
[2025-10-17 00:06:37] [INFO] [main] [app] Generando payload en modo [local]
[2025-10-17 00:06:37] [INFO] [main] [app] Payload generado: {"startDate":"2025-10-16 05:00:00","endDate":"2025-10-17 04:59:59","sendEmail":true}
[2025-10-17 00:06:37] [INFO] [main] [reportLockers] Iniciando petición para obtener el reporte de casilleros
[2025-10-17 00:06:37] [INFO] [main] [reportLockers] Timeout efectivo en ejecución: 30000
[2025-10-17 00:06:37] [INFO] [main] [reportLockers] Intento 1: HOST -> http://localhost:8080
[2025-10-17 00:06:37] [INFO] [main] [reportLockers] Intento 1: URL -> /api/lockers/report
[2025-10-17 00:06:37] [INFO] [main] [reportLockers] Intento 1: Request -> {"startDate":"2025-10-16 05:00:00","endDate":"2025-10-17 04:59:59","sendEmail":true}
[2025-10-17 00:06:37] [INFO] [main] Recibido config actualizado
[2025-10-17 00:06:37] [INFO] [main] Recibido auth actualizado
[2025-10-17 00:06:37] [INFO] [main] Recibido logger actualizado
[2025-10-17 00:06:37] [INFO] [main] Recibido env actualizado
[2025-10-17 00:06:37] [INFO] [preload] Inicializando preload.js
[2025-10-17 00:06:37] [INFO] [setupWatcher] Observando archivo setup_config.json en: C:\Users\User\Documents\Personal\LockeritDesk\configFiles\setup_config.json
[2025-10-17 00:06:37] [INFO] [setupWatcher] Archivo setup_config.json cargado correctamente
[2025-10-17 00:06:37] [INFO] [preload] Watcher iniciado: setup_config.json
[2025-10-17 00:06:37] [INFO] [authWatcher] Observando archivo auth_key.json en: C:\Users\User\Documents\Personal\LockeritDesk\configFiles\auth_key.json
[2025-10-17 00:06:37] [INFO] [authWatcher] auth_key.json actualizado correctamente
[2025-10-17 00:06:37] [INFO] [preload] Watcher iniciado: auth_key.json
[2025-10-17 00:06:37] [INFO] [loggerWatcher] Observando archivo logger_config.json en: C:\Users\User\Documents\Personal\LockeritDesk\configFiles\logger_config.json
[2025-10-17 00:06:37] [INFO] [loggerWatcher] Archivo logger_config.json cargado correctamente
[2025-10-17 00:06:37] [INFO] [preload] Watcher iniciado: logger_config.json
[2025-10-17 00:06:37] [INFO] [envWatcher] Observando archivo .env en: C:\Users\User\Documents\Personal\LockeritDesk\configFiles\.env
[2025-10-17 00:06:37] [INFO] [envWatcher] Archivo .env cargado correctamente
[2025-10-17 00:06:37] [INFO] [preload] Watcher iniciado: .env
[2025-10-17 00:06:37] [INFO] [preload] API expuesta en window.electronAPI
[2025-10-17 00:06:38] [INFO] [main] [axiosConfig] API BaseURL Inicial: http://localhost:8080
[2025-10-17 00:06:38] [INFO] [main] [axiosConfig] API BaseTimeout Inicial: 30
[2025-10-17 00:06:38] [INFO] [main] [configStore] Configuración actualizada
[2025-10-17 00:06:38] [INFO] [main] [configStore] config_key.json inicial cargado exitosamente
[2025-10-17 00:06:38] [INFO] [main] [envStore] ENV inicial cargado correctamente
[2025-10-17 00:06:38] [INFO] [main] [envStore] ENV actualizado
[2025-10-17 00:06:38] [INFO] [main] [axiosConfig] API BaseTimeout actualizada dinámicamente: 30
[2025-10-17 00:06:38] [INFO] [main] [assignLocker] API BaseTimeout actualizada dinámicamente: 30
[2025-10-17 00:06:38] [INFO] [main] [authStore] Auth actualizado
[2025-10-17 00:06:38] [INFO] [main] [authStore] auth_key.json inicial cargado exitosamente
[2025-10-17 00:06:39] [INFO] [main] get-screen-data-once -> 1920x1032 factor=0.96
[2025-10-17 00:06:39] [INFO] [main] [app] Scheduler diario habilitado: false | usuario config: undefined | usuario actual: operador
[2025-10-17 00:06:39] [INFO] [main] [app] Scheduler semanal habilitado: false | usuario config: undefined | usuario actual: operador
[2025-10-17 00:06:39] [INFO] [main] [app] Scheduler mensual habilitado: false | usuario config: undefined | usuario actual: operador
[2025-10-17 00:06:39] [INFO] [main] [app] Scheduler diario habilitado: false | usuario config: undefined | usuario actual: operador
[2025-10-17 00:06:39] [INFO] [main] [app] Scheduler semanal habilitado: false | usuario config: undefined | usuario actual: operador
[2025-10-17 00:06:39] [INFO] [main] [app] Scheduler mensual habilitado: false | usuario config: undefined | usuario actual: operador
[2025-10-17 00:06:39] [INFO] [main] [login] Usuario autenticado en sesión principal, redirigiendo a /ppal
[2025-10-17 00:06:39] [INFO] [main] [copyright] Versión cargada: 1.1.0
[2025-10-17 00:06:39] [INFO] [main] [app] Componente App montado
[2025-10-17 00:06:39] [INFO] [main] [app] Versión cargada: 1.1.0
[2025-10-17 00:06:39] [INFO] [main] [copyright] Versión cargada: 1.1.0
[2025-10-17 00:06:39] [INFO] [main] [app] Componente App montado
[2025-10-17 00:06:39] [INFO] [main] [app] Versión cargada: 1.1.0
[2025-10-17 00:06:39] [INFO] [main] [app] Scheduler diario habilitado: false | usuario config: undefined | usuario actual: operador
[2025-10-17 00:06:39] [INFO] [main] [app] Scheduler semanal habilitado: false | usuario config: undefined | usuario actual: operador
[2025-10-17 00:06:39] [INFO] [main] [app] Scheduler mensual habilitado: false | usuario config: undefined | usuario actual: operador
[2025-10-17 00:06:39] [INFO] [main] [app] Scheduler diario habilitado: false | usuario config: undefined | usuario actual: operador
[2025-10-17 00:06:39] [INFO] [main] [app] Scheduler semanal habilitado: false | usuario config: undefined | usuario actual: operador
[2025-10-17 00:06:39] [INFO] [main] [app] Scheduler mensual habilitado: false | usuario config: undefined | usuario actual: operador
[2025-10-17 00:06:39] [INFO] [main] [useConfig] Configuración inicial obtenida
[2025-10-17 00:06:39] [INFO] [main] [useConfig] Configuración inicial obtenida
[2025-10-17 00:06:39] [INFO] [main] [useConfig] Configuración inicial obtenida
[2025-10-17 00:06:39] [INFO] [main] [useConfig] Configuración inicial obtenida
[2025-10-17 00:06:39] [INFO] [main] [useConfig] Configuración inicial obtenida
[2025-10-17 00:06:39] [INFO] [main] [useConfig] Configuración inicial obtenida
[2025-10-17 00:06:39] [INFO] [main] [app] Scheduler diario habilitado: true | usuario config: operador | usuario actual: operador
[2025-10-17 00:06:39] [INFO] [main] [app] Scheduler semanal habilitado: true | usuario config: operador | usuario actual: operador
[2025-10-17 00:06:39] [INFO] [main] [app] Scheduler mensual habilitado: true | usuario config: operador | usuario actual: operador
[2025-10-17 00:06:39] [INFO] [main] [app] Scheduler diario habilitado: true | usuario config: operador | usuario actual: operador
[2025-10-17 00:06:39] [INFO] [main] [app] Scheduler semanal habilitado: true | usuario config: operador | usuario actual: operador
[2025-10-17 00:06:39] [INFO] [main] [app] Scheduler mensual habilitado: true | usuario config: operador | usuario actual: operador
[2025-10-17 00:06:39] [INFO] [main] [scheduleReport] Ejecutando tarea programada [daily] con rango: 2025-10-16 → 2025-10-16
[2025-10-17 00:06:39] [INFO] [main] [app] Generando payload en modo [local]
[2025-10-17 00:06:39] [INFO] [main] [app] Payload generado: {"startDate":"2025-10-16 05:00:00","endDate":"2025-10-17 04:59:59","sendEmail":true}
[2025-10-17 00:06:39] [INFO] [main] [reportLockers] Iniciando petición para obtener el reporte de casilleros
[2025-10-17 00:06:39] [INFO] [main] [reportLockers] Timeout efectivo en ejecución: 30000
[2025-10-17 00:06:39] [INFO] [main] [reportLockers] Intento 1: HOST -> http://localhost:8080
[2025-10-17 00:06:39] [INFO] [main] [reportLockers] Intento 1: URL -> /api/lockers/report
[2025-10-17 00:06:39] [INFO] [main] [reportLockers] Intento 1: Request -> {"startDate":"2025-10-16 05:00:00","endDate":"2025-10-17 04:59:59","sendEmail":true}
[2025-10-17 00:06:39] [INFO] [main] [statusLockers] Iniciando petición para obtener casilleros disponibles
[2025-10-17 00:06:39] [INFO] [main] [statusLockers] Timeout efectivo en ejecución: 30000
[2025-10-17 00:06:39] [INFO] [main] [statusLockers] Intento 1: HOST -> http://localhost:8080
[2025-10-17 00:06:39] [INFO] [main] [statusLockers] Intento 1: URL -> /api/lockers/get-all-status
[2025-10-17 00:06:39] [INFO] [main] [statusLockers] Iniciando petición para obtener casilleros disponibles
[2025-10-17 00:06:39] [INFO] [main] [statusLockers] Timeout efectivo en ejecución: 30000
[2025-10-17 00:06:39] [INFO] [main] [statusLockers] Intento 1: HOST -> http://localhost:8080
[2025-10-17 00:06:39] [INFO] [main] [statusLockers] Intento 1: URL -> /api/lockers/get-all-status
[2025-10-17 00:06:39] [INFO] [main] [useConfig] Configuración inicial obtenida
[2025-10-17 00:06:39] [INFO] [main] [useConfig] Configuración inicial obtenida
[2025-10-17 00:06:39] [INFO] [main] [useConfig] Configuración inicial obtenida
[2025-10-17 00:06:39] [INFO] [main] [useConfig] Configuración inicial obtenida
[2025-10-17 00:06:39] [INFO] [main] [statusLockers] Response. Status: 200
[2025-10-17 00:06:39] [INFO] [main] [statusLockers] Response. Data: {"general":[{"status":"ocupado","total":3},{"status":"libre","total":49},{"status":"reservado","total":4},{"status":"deshabilitado","total":2},{"status":"asignado","total":2}],"modules":[{"module":"A","lockers":[{"lockerCode":"A1","status":"reservado"},{"lockerCode":"A2","status":"reservado"},{"lockerCode":"A3","status":"reservado"},{"lockerCode":"A4","status":"reservado"},{"lockerCode":"A5","status":"asignado"},{"lockerCode":"A6","status":"libre"},{"lockerCode":"A7","status":"libre"},{"lockerCode":"A8","status":"deshabilitado"},{"lockerCode":"A9","status":"asignado"},{"lockerCode":"A10","status":"libre"}]},{"module":"B","lockers":[{"lockerCode":"B1","status":"libre"},{"lockerCode":"B2","status":"libre"},{"lockerCode":"B3","status":"libre"},{"lockerCode":"B4","status":"ocupado"},{"lockerCode":"B5","status":"libre"},{"lockerCode":"B6","status":"libre"},{"lockerCode":"B7","status":"libre"},{"lockerCode":"B8","status":"libre"},{"lockerCode":"B9","status":"libre"},{"lockerCode":"B10","status":"ocupado"}]},{"module":"C","lockers":[{"lockerCode":"C1","status":"libre"},{"lockerCode":"C2","status":"libre"},{"lockerCode":"C3","status":"libre"},{"lockerCode":"C4","status":"libre"},{"lockerCode":"C5","status":"libre"},{"lockerCode":"C6","status":"libre"},{"lockerCode":"C7","status":"libre"},{"lockerCode":"C8","status":"libre"},{"lockerCode":"C9","status":"libre"},{"lockerCode":"C10","status":"libre"}]},{"module":"D","lockers":[{"lockerCode":"D1","status":"ocupado"},{"lockerCode":"D2","status":"libre"},{"lockerCode":"D3","status":"libre"},{"lockerCode":"D4","status":"libre"},{"lockerCode":"D5","status":"libre"},{"lockerCode":"D6","status":"libre"},{"lockerCode":"D7","status":"libre"},{"lockerCode":"D8","status":"libre"},{"lockerCode":"D9","status":"libre"},{"lockerCode":"D10","status":"libre"}]},{"module":"E","lockers":[{"lockerCode":"E1","status":"libre"},{"lockerCode":"E2","status":"libre"},{"lockerCode":"E3","status":"libre"},{"lockerCode":"E4","status":"libre"},{"lockerCode":"E5","status":"libre"},{"lockerCode":"E6","status":"libre"},{"lockerCode":"E7","status":"libre"},{"lockerCode":"E8","status":"libre"},{"lockerCode":"E9","status":"libre"},{"lockerCode":"E10","status":"libre"}]},{"module":"F","lockers":[{"lockerCode":"F1","status":"libre"},{"lockerCode":"F2","status":"libre"},{"lockerCode":"F3","status":"libre"},{"lockerCode":"F4","status":"libre"},{"lockerCode":"F5","status":"libre"},{"lockerCode":"F6","status":"deshabilitado"},{"lockerCode":"F7","status":"libre"},{"lockerCode":"F8","status":"libre"},{"lockerCode":"F9","status":"libre"},{"lockerCode":"F10","status":"libre"}]}]}
[2025-10-17 00:06:39] [INFO] [main] [statusLockers] Response. Status: 200
[2025-10-17 00:06:39] [INFO] [main] [statusLockers] Response. Data: {"general":[{"status":"ocupado","total":3},{"status":"libre","total":49},{"status":"reservado","total":4},{"status":"deshabilitado","total":2},{"status":"asignado","total":2}],"modules":[{"module":"A","lockers":[{"lockerCode":"A1","status":"reservado"},{"lockerCode":"A2","status":"reservado"},{"lockerCode":"A3","status":"reservado"},{"lockerCode":"A4","status":"reservado"},{"lockerCode":"A5","status":"asignado"},{"lockerCode":"A6","status":"libre"},{"lockerCode":"A7","status":"libre"},{"lockerCode":"A8","status":"deshabilitado"},{"lockerCode":"A9","status":"asignado"},{"lockerCode":"A10","status":"libre"}]},{"module":"B","lockers":[{"lockerCode":"B1","status":"libre"},{"lockerCode":"B2","status":"libre"},{"lockerCode":"B3","status":"libre"},{"lockerCode":"B4","status":"ocupado"},{"lockerCode":"B5","status":"libre"},{"lockerCode":"B6","status":"libre"},{"lockerCode":"B7","status":"libre"},{"lockerCode":"B8","status":"libre"},{"lockerCode":"B9","status":"libre"},{"lockerCode":"B10","status":"ocupado"}]},{"module":"C","lockers":[{"lockerCode":"C1","status":"libre"},{"lockerCode":"C2","status":"libre"},{"lockerCode":"C3","status":"libre"},{"lockerCode":"C4","status":"libre"},{"lockerCode":"C5","status":"libre"},{"lockerCode":"C6","status":"libre"},{"lockerCode":"C7","status":"libre"},{"lockerCode":"C8","status":"libre"},{"lockerCode":"C9","status":"libre"},{"lockerCode":"C10","status":"libre"}]},{"module":"D","lockers":[{"lockerCode":"D1","status":"ocupado"},{"lockerCode":"D2","status":"libre"},{"lockerCode":"D3","status":"libre"},{"lockerCode":"D4","status":"libre"},{"lockerCode":"D5","status":"libre"},{"lockerCode":"D6","status":"libre"},{"lockerCode":"D7","status":"libre"},{"lockerCode":"D8","status":"libre"},{"lockerCode":"D9","status":"libre"},{"lockerCode":"D10","status":"libre"}]},{"module":"E","lockers":[{"lockerCode":"E1","status":"libre"},{"lockerCode":"E2","status":"libre"},{"lockerCode":"E3","status":"libre"},{"lockerCode":"E4","status":"libre"},{"lockerCode":"E5","status":"libre"},{"lockerCode":"E6","status":"libre"},{"lockerCode":"E7","status":"libre"},{"lockerCode":"E8","status":"libre"},{"lockerCode":"E9","status":"libre"},{"lockerCode":"E10","status":"libre"}]},{"module":"F","lockers":[{"lockerCode":"F1","status":"libre"},{"lockerCode":"F2","status":"libre"},{"lockerCode":"F3","status":"libre"},{"lockerCode":"F4","status":"libre"},{"lockerCode":"F5","status":"libre"},{"lockerCode":"F6","status":"deshabilitado"},{"lockerCode":"F7","status":"libre"},{"lockerCode":"F8","status":"libre"},{"lockerCode":"F9","status":"libre"},{"lockerCode":"F10","status":"libre"}]}]}
[2025-10-17 00:06:39] [INFO] [main] [app] Scheduler diario habilitado: true | usuario config: operador | usuario actual: operador
[2025-10-17 00:06:39] [INFO] [main] [app] Scheduler semanal habilitado: true | usuario config: operador | usuario actual: operador
[2025-10-17 00:06:39] [INFO] [main] [app] Scheduler mensual habilitado: true | usuario config: operador | usuario actual: operador
[2025-10-17 00:06:39] [INFO] [main] [app] Scheduler diario habilitado: true | usuario config: operador | usuario actual: operador
[2025-10-17 00:06:39] [INFO] [main] [app] Scheduler semanal habilitado: true | usuario config: operador | usuario actual: operador
[2025-10-17 00:06:39] [INFO] [main] [app] Scheduler mensual habilitado: true | usuario config: operador | usuario actual: operador
[2025-10-17 00:06:39] [INFO] [main] [scheduleReport] Ejecutando tarea programada [daily] con rango: 2025-10-16 → 2025-10-16
[2025-10-17 00:06:39] [INFO] [main] [app] Generando payload en modo [local]
[2025-10-17 00:06:39] [INFO] [main] [app] Payload generado: {"startDate":"2025-10-16 05:00:00","endDate":"2025-10-17 04:59:59","sendEmail":true}
[2025-10-17 00:06:39] [INFO] [main] [reportLockers] Iniciando petición para obtener el reporte de casilleros
[2025-10-17 00:06:39] [INFO] [main] [reportLockers] Timeout efectivo en ejecución: 30000
[2025-10-17 00:06:39] [INFO] [main] [reportLockers] Intento 1: HOST -> http://localhost:8080
[2025-10-17 00:06:39] [INFO] [main] [reportLockers] Intento 1: URL -> /api/lockers/report
[2025-10-17 00:06:39] [INFO] [main] [reportLockers] Intento 1: Request -> {"startDate":"2025-10-16 05:00:00","endDate":"2025-10-17 04:59:59","sendEmail":true}
[2025-10-17 00:06:41] [INFO] [main] [app] Scheduler diario habilitado: false | usuario config: undefined | usuario actual: operador
[2025-10-17 00:06:41] [INFO] [main] [app] Scheduler semanal habilitado: false | usuario config: undefined | usuario actual: operador
[2025-10-17 00:06:41] [INFO] [main] [app] Scheduler mensual habilitado: false | usuario config: undefined | usuario actual: operador
[2025-10-17 00:06:41] [INFO] [main] [app] Scheduler diario habilitado: false | usuario config: undefined | usuario actual: operador
[2025-10-17 00:06:41] [INFO] [main] [app] Scheduler semanal habilitado: false | usuario config: undefined | usuario actual: operador
[2025-10-17 00:06:41] [INFO] [main] [app] Scheduler mensual habilitado: false | usuario config: undefined | usuario actual: operador
[2025-10-17 00:06:41] [INFO] [main] [statusLockers] Iniciando petición para obtener casilleros disponibles
[2025-10-17 00:06:41] [INFO] [main] [statusLockers] Timeout efectivo en ejecución: 30000
[2025-10-17 00:06:41] [INFO] [main] [statusLockers] Intento 1: HOST -> http://localhost:8080
[2025-10-17 00:06:41] [INFO] [main] [statusLockers] Intento 1: URL -> /api/lockers/get-all-status
[2025-10-17 00:06:41] [INFO] [main] [copyright] Versión cargada: 1.1.0
[2025-10-17 00:06:41] [INFO] [main] [app] Componente App montado
[2025-10-17 00:06:41] [INFO] [main] [app] Versión cargada: 1.1.0
[2025-10-17 00:06:41] [INFO] [main] [statusLockers] Iniciando petición para obtener casilleros disponibles
[2025-10-17 00:06:41] [INFO] [main] [statusLockers] Timeout efectivo en ejecución: 30000
[2025-10-17 00:06:41] [INFO] [main] [statusLockers] Intento 1: HOST -> http://localhost:8080
[2025-10-17 00:06:41] [INFO] [main] [statusLockers] Intento 1: URL -> /api/lockers/get-all-status
[2025-10-17 00:06:41] [INFO] [main] [copyright] Versión cargada: 1.1.0
[2025-10-17 00:06:41] [INFO] [main] [app] Componente App montado
[2025-10-17 00:06:41] [INFO] [main] [app] Versión cargada: 1.1.0
[2025-10-17 00:06:41] [INFO] [main] [app] Scheduler diario habilitado: false | usuario config: undefined | usuario actual: operador
[2025-10-17 00:06:41] [INFO] [main] [app] Scheduler semanal habilitado: false | usuario config: undefined | usuario actual: operador
[2025-10-17 00:06:41] [INFO] [main] [app] Scheduler mensual habilitado: false | usuario config: undefined | usuario actual: operador
[2025-10-17 00:06:41] [INFO] [main] [app] Scheduler diario habilitado: false | usuario config: undefined | usuario actual: operador
[2025-10-17 00:06:41] [INFO] [main] [app] Scheduler semanal habilitado: false | usuario config: undefined | usuario actual: operador
[2025-10-17 00:06:41] [INFO] [main] [app] Scheduler mensual habilitado: false | usuario config: undefined | usuario actual: operador
[2025-10-17 00:06:41] [INFO] [main] [useConfig] Configuración inicial obtenida
[2025-10-17 00:06:41] [INFO] [main] [useConfig] Configuración inicial obtenida
[2025-10-17 00:06:41] [INFO] [main] [useConfig] Configuración inicial obtenida
[2025-10-17 00:06:41] [INFO] [main] [useConfig] Configuración inicial obtenida
[2025-10-17 00:06:41] [INFO] [main] [useConfig] Configuración inicial obtenida
[2025-10-17 00:06:41] [INFO] [main] [useConfig] Configuración inicial obtenida
[2025-10-17 00:06:41] [INFO] [main] [useConfig] Configuración inicial obtenida
[2025-10-17 00:06:41] [INFO] [main] [useConfig] Configuración inicial obtenida
[2025-10-17 00:06:41] [INFO] [main] [app] Scheduler diario habilitado: true | usuario config: operador | usuario actual: operador
[2025-10-17 00:06:41] [INFO] [main] [app] Scheduler semanal habilitado: true | usuario config: operador | usuario actual: operador
[2025-10-17 00:06:41] [INFO] [main] [app] Scheduler mensual habilitado: true | usuario config: operador | usuario actual: operador
[2025-10-17 00:06:41] [INFO] [main] [app] Scheduler diario habilitado: true | usuario config: operador | usuario actual: operador
[2025-10-17 00:06:41] [INFO] [main] [app] Scheduler semanal habilitado: true | usuario config: operador | usuario actual: operador
[2025-10-17 00:06:41] [INFO] [main] [app] Scheduler mensual habilitado: true | usuario config: operador | usuario actual: operador
[2025-10-17 00:06:41] [INFO] [main] [statusLockers] Response. Status: 200
[2025-10-17 00:06:41] [INFO] [main] [statusLockers] Response. Data: {"general":[{"status":"ocupado","total":3},{"status":"libre","total":49},{"status":"reservado","total":4},{"status":"deshabilitado","total":2},{"status":"asignado","total":2}],"modules":[{"module":"A","lockers":[{"lockerCode":"A1","status":"reservado"},{"lockerCode":"A2","status":"reservado"},{"lockerCode":"A3","status":"reservado"},{"lockerCode":"A4","status":"reservado"},{"lockerCode":"A5","status":"asignado"},{"lockerCode":"A6","status":"libre"},{"lockerCode":"A7","status":"libre"},{"lockerCode":"A8","status":"deshabilitado"},{"lockerCode":"A9","status":"asignado"},{"lockerCode":"A10","status":"libre"}]},{"module":"B","lockers":[{"lockerCode":"B1","status":"libre"},{"lockerCode":"B2","status":"libre"},{"lockerCode":"B3","status":"libre"},{"lockerCode":"B4","status":"ocupado"},{"lockerCode":"B5","status":"libre"},{"lockerCode":"B6","status":"libre"},{"lockerCode":"B7","status":"libre"},{"lockerCode":"B8","status":"libre"},{"lockerCode":"B9","status":"libre"},{"lockerCode":"B10","status":"ocupado"}]},{"module":"C","lockers":[{"lockerCode":"C1","status":"libre"},{"lockerCode":"C2","status":"libre"},{"lockerCode":"C3","status":"libre"},{"lockerCode":"C4","status":"libre"},{"lockerCode":"C5","status":"libre"},{"lockerCode":"C6","status":"libre"},{"lockerCode":"C7","status":"libre"},{"lockerCode":"C8","status":"libre"},{"lockerCode":"C9","status":"libre"},{"lockerCode":"C10","status":"libre"}]},{"module":"D","lockers":[{"lockerCode":"D1","status":"ocupado"},{"lockerCode":"D2","status":"libre"},{"lockerCode":"D3","status":"libre"},{"lockerCode":"D4","status":"libre"},{"lockerCode":"D5","status":"libre"},{"lockerCode":"D6","status":"libre"},{"lockerCode":"D7","status":"libre"},{"lockerCode":"D8","status":"libre"},{"lockerCode":"D9","status":"libre"},{"lockerCode":"D10","status":"libre"}]},{"module":"E","lockers":[{"lockerCode":"E1","status":"libre"},{"lockerCode":"E2","status":"libre"},{"lockerCode":"E3","status":"libre"},{"lockerCode":"E4","status":"libre"},{"lockerCode":"E5","status":"libre"},{"lockerCode":"E6","status":"libre"},{"lockerCode":"E7","status":"libre"},{"lockerCode":"E8","status":"libre"},{"lockerCode":"E9","status":"libre"},{"lockerCode":"E10","status":"libre"}]},{"module":"F","lockers":[{"lockerCode":"F1","status":"libre"},{"lockerCode":"F2","status":"libre"},{"lockerCode":"F3","status":"libre"},{"lockerCode":"F4","status":"libre"},{"lockerCode":"F5","status":"libre"},{"lockerCode":"F6","status":"deshabilitado"},{"lockerCode":"F7","status":"libre"},{"lockerCode":"F8","status":"libre"},{"lockerCode":"F9","status":"libre"},{"lockerCode":"F10","status":"libre"}]}]}
[2025-10-17 00:06:41] [INFO] [main] [statusLockers] Response. Status: 200
[2025-10-17 00:06:41] [INFO] [main] [statusLockers] Response. Data: {"general":[{"status":"ocupado","total":3},{"status":"libre","total":49},{"status":"reservado","total":4},{"status":"deshabilitado","total":2},{"status":"asignado","total":2}],"modules":[{"module":"A","lockers":[{"lockerCode":"A1","status":"reservado"},{"lockerCode":"A2","status":"reservado"},{"lockerCode":"A3","status":"reservado"},{"lockerCode":"A4","status":"reservado"},{"lockerCode":"A5","status":"asignado"},{"lockerCode":"A6","status":"libre"},{"lockerCode":"A7","status":"libre"},{"lockerCode":"A8","status":"deshabilitado"},{"lockerCode":"A9","status":"asignado"},{"lockerCode":"A10","status":"libre"}]},{"module":"B","lockers":[{"lockerCode":"B1","status":"libre"},{"lockerCode":"B2","status":"libre"},{"lockerCode":"B3","status":"libre"},{"lockerCode":"B4","status":"ocupado"},{"lockerCode":"B5","status":"libre"},{"lockerCode":"B6","status":"libre"},{"lockerCode":"B7","status":"libre"},{"lockerCode":"B8","status":"libre"},{"lockerCode":"B9","status":"libre"},{"lockerCode":"B10","status":"ocupado"}]},{"module":"C","lockers":[{"lockerCode":"C1","status":"libre"},{"lockerCode":"C2","status":"libre"},{"lockerCode":"C3","status":"libre"},{"lockerCode":"C4","status":"libre"},{"lockerCode":"C5","status":"libre"},{"lockerCode":"C6","status":"libre"},{"lockerCode":"C7","status":"libre"},{"lockerCode":"C8","status":"libre"},{"lockerCode":"C9","status":"libre"},{"lockerCode":"C10","status":"libre"}]},{"module":"D","lockers":[{"lockerCode":"D1","status":"ocupado"},{"lockerCode":"D2","status":"libre"},{"lockerCode":"D3","status":"libre"},{"lockerCode":"D4","status":"libre"},{"lockerCode":"D5","status":"libre"},{"lockerCode":"D6","status":"libre"},{"lockerCode":"D7","status":"libre"},{"lockerCode":"D8","status":"libre"},{"lockerCode":"D9","status":"libre"},{"lockerCode":"D10","status":"libre"}]},{"module":"E","lockers":[{"lockerCode":"E1","status":"libre"},{"lockerCode":"E2","status":"libre"},{"lockerCode":"E3","status":"libre"},{"lockerCode":"E4","status":"libre"},{"lockerCode":"E5","status":"libre"},{"lockerCode":"E6","status":"libre"},{"lockerCode":"E7","status":"libre"},{"lockerCode":"E8","status":"libre"},{"lockerCode":"E9","status":"libre"},{"lockerCode":"E10","status":"libre"}]},{"module":"F","lockers":[{"lockerCode":"F1","status":"libre"},{"lockerCode":"F2","status":"libre"},{"lockerCode":"F3","status":"libre"},{"lockerCode":"F4","status":"libre"},{"lockerCode":"F5","status":"libre"},{"lockerCode":"F6","status":"deshabilitado"},{"lockerCode":"F7","status":"libre"},{"lockerCode":"F8","status":"libre"},{"lockerCode":"F9","status":"libre"},{"lockerCode":"F10","status":"libre"}]}]}
[2025-10-17 00:06:41] [INFO] [main] [scheduleReport] Ejecutando tarea programada [daily] con rango: 2025-10-16 → 2025-10-16
[2025-10-17 00:06:41] [INFO] [main] [app] Generando payload en modo [local]
[2025-10-17 00:06:41] [INFO] [main] [app] Payload generado: {"startDate":"2025-10-16 05:00:00","endDate":"2025-10-17 04:59:59","sendEmail":true}
[2025-10-17 00:06:41] [INFO] [main] [reportLockers] Iniciando petición para obtener el reporte de casilleros
[2025-10-17 00:06:41] [INFO] [main] [reportLockers] Timeout efectivo en ejecución: 30000
[2025-10-17 00:06:41] [INFO] [main] [reportLockers] Intento 1: HOST -> http://localhost:8080
[2025-10-17 00:06:41] [INFO] [main] [reportLockers] Intento 1: URL -> /api/lockers/report
[2025-10-17 00:06:41] [INFO] [main] [reportLockers] Intento 1: Request -> {"startDate":"2025-10-16 05:00:00","endDate":"2025-10-17 04:59:59","sendEmail":true}
[2025-10-17 00:06:42] [INFO] [main] [app] Scheduler diario habilitado: true | usuario config: operador | usuario actual: operador
[2025-10-17 00:06:42] [INFO] [main] [app] Scheduler semanal habilitado: true | usuario config: operador | usuario actual: operador
[2025-10-17 00:06:42] [INFO] [main] [app] Scheduler mensual habilitado: true | usuario config: operador | usuario actual: operador
[2025-10-17 00:06:42] [INFO] [main] [app] Scheduler diario habilitado: true | usuario config: operador | usuario actual: operador
[2025-10-17 00:06:42] [INFO] [main] [app] Scheduler semanal habilitado: true | usuario config: operador | usuario actual: operador
[2025-10-17 00:06:42] [INFO] [main] [app] Scheduler mensual habilitado: true | usuario config: operador | usuario actual: operador
[2025-10-17 00:06:42] [INFO] [main] [scheduleReport] Ejecutando tarea programada [daily] con rango: 2025-10-16 → 2025-10-16
[2025-10-17 00:06:42] [INFO] [main] [app] Generando payload en modo [local]
[2025-10-17 00:06:42] [INFO] [main] [app] Payload generado: {"startDate":"2025-10-16 05:00:00","endDate":"2025-10-17 04:59:59","sendEmail":true}
[2025-10-17 00:06:42] [INFO] [main] [reportLockers] Iniciando petición para obtener el reporte de casilleros
[2025-10-17 00:06:42] [INFO] [main] [reportLockers] Timeout efectivo en ejecución: 30000
[2025-10-17 00:06:42] [INFO] [main] [reportLockers] Intento 1: HOST -> http://localhost:8080
[2025-10-17 00:06:42] [INFO] [main] [reportLockers] Intento 1: URL -> /api/lockers/report
[2025-10-17 00:06:42] [INFO] [main] [reportLockers] Intento 1: Request -> {"startDate":"2025-10-16 05:00:00","endDate":"2025-10-17 04:59:59","sendEmail":true}
[2025-10-17 00:06:42] [INFO] [main] [reportLockers] Response. Status: 200
[2025-10-17 00:06:42] [INFO] [main] [reportLockers] Response. Data: [{"ID":501,"LockerID":57,"Phone":"3012822842","PIN":"3581","Active":0,"StartTime":"2025-10-16T11:00:43Z","EndTime":"2025-10-16T11:53:00Z","AmountPaid":1500,"OpenBy":"user","LockerCode":"F7"},{"ID":502,"LockerID":24,"Phone":"3027921913","PIN":"1626","Active":0,"StartTime":"2025-10-16T12:09:07Z","EndTime":"2025-10-16T13:32:42Z","AmountPaid":1500,"OpenBy":"user","LockerCode":"C4"},{"ID":503,"LockerID":43,"Phone":"3115839699","PIN":"1805","Active":0,"StartTime":"2025-10-16T13:55:14Z","EndTime":"2025-10-16T14:30:17Z","AmountPaid":1500,"OpenBy":"user","LockerCode":"E3"},{"ID":504,"LockerID":24,"Phone":"3214176403","PIN":"2004","Active":0,"StartTime":"2025-10-16T14:03:33Z","EndTime":"2025-10-16T15:07:39Z","AmountPaid":1500,"OpenBy":"user","LockerCode":"C4"},{"ID":505,"LockerID":23,"Phone":"3057844648","PIN":"0418","Active":0,"StartTime":"2025-10-16T14:59:10Z","EndTime":"2025-10-16T15:32:56Z","AmountPaid":1500,"OpenBy":"user","LockerCode":"C3"},{"ID":506,"LockerID":29,"Phone":"3114943975","PIN":"1389","Active":0,"StartTime":"2025-10-16T15:28:09Z","EndTime":"2025-10-16T17:47:25Z","AmountPaid":1500,"OpenBy":"user","LockerCode":"C9"},{"ID":507,"LockerID":25,"Phone":"3028325452","PIN":"2425","Active":0,"StartTime":"2025-10-16T15:41:17Z","EndTime":"2025-10-16T16:57:39Z","AmountPaid":1500,"OpenBy":"user","LockerCode":"C5"},{"ID":508,"LockerID":47,"Phone":"3057083352","PIN":"5555","Active":0,"StartTime":"2025-10-16T16:21:36Z","EndTime":"2025-10-16T16:49:52Z","AmountPaid":1500,"OpenBy":"user","LockerCode":"E7"},{"ID":509,"LockerID":60,"Phone":"3008902690","PIN":"1310","Active":0,"StartTime":"2025-10-16T18:19:45Z","EndTime":"2025-10-16T18:50:57Z","AmountPaid":1500,"OpenBy":"user","LockerCode":"F10"},{"ID":510,"LockerID":16,"Phone":"3185398593","PIN":"6400","Active":0,"StartTime":"2025-10-16T20:29:11Z","EndTime":"2025-10-16T21:27:02Z","AmountPaid":1500,"OpenBy":"user","LockerCode":"B6"},{"ID":511,"LockerID":42,"Phone":"3152002930","PIN":"1822","Active":0,"StartTime":"2025-10-16T21:13:49Z","EndTime":"2025-10-16T22:52:55Z","AmountPaid":1500,"OpenBy":"user","LockerCode":"E2"},{"ID":512,"LockerID":20,"Phone":"3227214486","PIN":"0803","Active":1,"StartTime":"2025-10-16T22:36:35Z","EndTime":null,"AmountPaid":2000,"OpenBy":"user","LockerCode":"B10"},{"ID":513,"LockerID":14,"Phone":"3025473287","PIN":"0803","Active":1,"StartTime":"2025-10-16T22:37:47Z","EndTime":null,"AmountPaid":1500,"OpenBy":"user","LockerCode":"B4"},{"ID":514,"LockerID":31,"Phone":"3212258405","PIN":"9904","Active":1,"StartTime":"2025-10-16T22:43:42Z","EndTime":null,"AmountPaid":1500,"OpenBy":"user","LockerCode":"D1"}]
[2025-10-17 00:06:42] [INFO] [main] [app] Datos del reporte obtenidos: [{"ID":501,"LockerID":57,"Phone":"3012822842","PIN":"3581","Active":0,"StartTime":"2025-10-16T11:00:43Z","EndTime":"2025-10-16T11:53:00Z","AmountPaid":1500,"OpenBy":"user","LockerCode":"F7"},{"ID":502,"LockerID":24,"Phone":"3027921913","PIN":"1626","Active":0,"StartTime":"2025-10-16T12:09:07Z","EndTime":"2025-10-16T13:32:42Z","AmountPaid":1500,"OpenBy":"user","LockerCode":"C4"},{"ID":503,"LockerID":43,"Phone":"3115839699","PIN":"1805","Active":0,"StartTime":"2025-10-16T13:55:14Z","EndTime":"2025-10-16T14:30:17Z","AmountPaid":1500,"OpenBy":"user","LockerCode":"E3"},{"ID":504,"LockerID":24,"Phone":"3214176403","PIN":"2004","Active":0,"StartTime":"2025-10-16T14:03:33Z","EndTime":"2025-10-16T15:07:39Z","AmountPaid":1500,"OpenBy":"user","LockerCode":"C4"},{"ID":505,"LockerID":23,"Phone":"3057844648","PIN":"0418","Active":0,"StartTime":"2025-10-16T14:59:10Z","EndTime":"2025-10-16T15:32:56Z","AmountPaid":1500,"OpenBy":"user","LockerCode":"C3"},{"ID":506,"LockerID":29,"Phone":"3114943975","PIN":"1389","Active":0,"StartTime":"2025-10-16T15:28:09Z","EndTime":"2025-10-16T17:47:25Z","AmountPaid":1500,"OpenBy":"user","LockerCode":"C9"},{"ID":507,"LockerID":25,"Phone":"3028325452","PIN":"2425","Active":0,"StartTime":"2025-10-16T15:41:17Z","EndTime":"2025-10-16T16:57:39Z","AmountPaid":1500,"OpenBy":"user","LockerCode":"C5"},{"ID":508,"LockerID":47,"Phone":"3057083352","PIN":"5555","Active":0,"StartTime":"2025-10-16T16:21:36Z","EndTime":"2025-10-16T16:49:52Z","AmountPaid":1500,"OpenBy":"user","LockerCode":"E7"},{"ID":509,"LockerID":60,"Phone":"3008902690","PIN":"1310","Active":0,"StartTime":"2025-10-16T18:19:45Z","EndTime":"2025-10-16T18:50:57Z","AmountPaid":1500,"OpenBy":"user","LockerCode":"F10"},{"ID":510,"LockerID":16,"Phone":"3185398593","PIN":"6400","Active":0,"StartTime":"2025-10-16T20:29:11Z","EndTime":"2025-10-16T21:27:02Z","AmountPaid":1500,"OpenBy":"user","LockerCode":"B6"},{"ID":511,"LockerID":42,"Phone":"3152002930","PIN":"1822","Active":0,"StartTime":"2025-10-16T21:13:49Z","EndTime":"2025-10-16T22:52:55Z","AmountPaid":1500,"OpenBy":"user","LockerCode":"E2"},{"ID":512,"LockerID":20,"Phone":"3227214486","PIN":"0803","Active":1,"StartTime":"2025-10-16T22:36:35Z","EndTime":null,"AmountPaid":2000,"OpenBy":"user","LockerCode":"B10"},{"ID":513,"LockerID":14,"Phone":"3025473287","PIN":"0803","Active":1,"StartTime":"2025-10-16T22:37:47Z","EndTime":null,"AmountPaid":1500,"OpenBy":"user","LockerCode":"B4"},{"ID":514,"LockerID":31,"Phone":"3212258405","PIN":"9904","Active":1,"StartTime":"2025-10-16T22:43:42Z","EndTime":null,"AmountPaid":1500,"OpenBy":"user","LockerCode":"D1"}]
[2025-10-17 00:06:42] [INFO] [main] [scheduleReport] Actualizando ejecución → Real: 2025-10-17 00:06:42 | Próximo target: 2025-10-18 00:05:00
[2025-10-17 00:06:42] [INFO] [main] [scheduleReport] Tarea ejecutada correctamente
[2025-10-17 00:06:43] [INFO] [main] [reportLockers] Response. Status: 200
[2025-10-17 00:06:43] [INFO] [main] [reportLockers] Response. Data: [{"ID":501,"LockerID":57,"Phone":"3012822842","PIN":"3581","Active":0,"StartTime":"2025-10-16T11:00:43Z","EndTime":"2025-10-16T11:53:00Z","AmountPaid":1500,"OpenBy":"user","LockerCode":"F7"},{"ID":502,"LockerID":24,"Phone":"3027921913","PIN":"1626","Active":0,"StartTime":"2025-10-16T12:09:07Z","EndTime":"2025-10-16T13:32:42Z","AmountPaid":1500,"OpenBy":"user","LockerCode":"C4"},{"ID":503,"LockerID":43,"Phone":"3115839699","PIN":"1805","Active":0,"StartTime":"2025-10-16T13:55:14Z","EndTime":"2025-10-16T14:30:17Z","AmountPaid":1500,"OpenBy":"user","LockerCode":"E3"},{"ID":504,"LockerID":24,"Phone":"3214176403","PIN":"2004","Active":0,"StartTime":"2025-10-16T14:03:33Z","EndTime":"2025-10-16T15:07:39Z","AmountPaid":1500,"OpenBy":"user","LockerCode":"C4"},{"ID":505,"LockerID":23,"Phone":"3057844648","PIN":"0418","Active":0,"StartTime":"2025-10-16T14:59:10Z","EndTime":"2025-10-16T15:32:56Z","AmountPaid":1500,"OpenBy":"user","LockerCode":"C3"},{"ID":506,"LockerID":29,"Phone":"3114943975","PIN":"1389","Active":0,"StartTime":"2025-10-16T15:28:09Z","EndTime":"2025-10-16T17:47:25Z","AmountPaid":1500,"OpenBy":"user","LockerCode":"C9"},{"ID":507,"LockerID":25,"Phone":"3028325452","PIN":"2425","Active":0,"StartTime":"2025-10-16T15:41:17Z","EndTime":"2025-10-16T16:57:39Z","AmountPaid":1500,"OpenBy":"user","LockerCode":"C5"},{"ID":508,"LockerID":47,"Phone":"3057083352","PIN":"5555","Active":0,"StartTime":"2025-10-16T16:21:36Z","EndTime":"2025-10-16T16:49:52Z","AmountPaid":1500,"OpenBy":"user","LockerCode":"E7"},{"ID":509,"LockerID":60,"Phone":"3008902690","PIN":"1310","Active":0,"StartTime":"2025-10-16T18:19:45Z","EndTime":"2025-10-16T18:50:57Z","AmountPaid":1500,"OpenBy":"user","LockerCode":"F10"},{"ID":510,"LockerID":16,"Phone":"3185398593","PIN":"6400","Active":0,"StartTime":"2025-10-16T20:29:11Z","EndTime":"2025-10-16T21:27:02Z","AmountPaid":1500,"OpenBy":"user","LockerCode":"B6"},{"ID":511,"LockerID":42,"Phone":"3152002930","PIN":"1822","Active":0,"StartTime":"2025-10-16T21:13:49Z","EndTime":"2025-10-16T22:52:55Z","AmountPaid":1500,"OpenBy":"user","LockerCode":"E2"},{"ID":512,"LockerID":20,"Phone":"3227214486","PIN":"0803","Active":1,"StartTime":"2025-10-16T22:36:35Z","EndTime":null,"AmountPaid":2000,"OpenBy":"user","LockerCode":"B10"},{"ID":513,"LockerID":14,"Phone":"3025473287","PIN":"0803","Active":1,"StartTime":"2025-10-16T22:37:47Z","EndTime":null,"AmountPaid":1500,"OpenBy":"user","LockerCode":"B4"},{"ID":514,"LockerID":31,"Phone":"3212258405","PIN":"9904","Active":1,"StartTime":"2025-10-16T22:43:42Z","EndTime":null,"AmountPaid":1500,"OpenBy":"user","LockerCode":"D1"}]
[2025-10-17 00:06:43] [INFO] [main] [app] Datos del reporte obtenidos: [{"ID":501,"LockerID":57,"Phone":"3012822842","PIN":"3581","Active":0,"StartTime":"2025-10-16T11:00:43Z","EndTime":"2025-10-16T11:53:00Z","AmountPaid":1500,"OpenBy":"user","LockerCode":"F7"},{"ID":502,"LockerID":24,"Phone":"3027921913","PIN":"1626","Active":0,"StartTime":"2025-10-16T12:09:07Z","EndTime":"2025-10-16T13:32:42Z","AmountPaid":1500,"OpenBy":"user","LockerCode":"C4"},{"ID":503,"LockerID":43,"Phone":"3115839699","PIN":"1805","Active":0,"StartTime":"2025-10-16T13:55:14Z","EndTime":"2025-10-16T14:30:17Z","AmountPaid":1500,"OpenBy":"user","LockerCode":"E3"},{"ID":504,"LockerID":24,"Phone":"3214176403","PIN":"2004","Active":0,"StartTime":"2025-10-16T14:03:33Z","EndTime":"2025-10-16T15:07:39Z","AmountPaid":1500,"OpenBy":"user","LockerCode":"C4"},{"ID":505,"LockerID":23,"Phone":"3057844648","PIN":"0418","Active":0,"StartTime":"2025-10-16T14:59:10Z","EndTime":"2025-10-16T15:32:56Z","AmountPaid":1500,"OpenBy":"user","LockerCode":"C3"},{"ID":506,"LockerID":29,"Phone":"3114943975","PIN":"1389","Active":0,"StartTime":"2025-10-16T15:28:09Z","EndTime":"2025-10-16T17:47:25Z","AmountPaid":1500,"OpenBy":"user","LockerCode":"C9"},{"ID":507,"LockerID":25,"Phone":"3028325452","PIN":"2425","Active":0,"StartTime":"2025-10-16T15:41:17Z","EndTime":"2025-10-16T16:57:39Z","AmountPaid":1500,"OpenBy":"user","LockerCode":"C5"},{"ID":508,"LockerID":47,"Phone":"3057083352","PIN":"5555","Active":0,"StartTime":"2025-10-16T16:21:36Z","EndTime":"2025-10-16T16:49:52Z","AmountPaid":1500,"OpenBy":"user","LockerCode":"E7"},{"ID":509,"LockerID":60,"Phone":"3008902690","PIN":"1310","Active":0,"StartTime":"2025-10-16T18:19:45Z","EndTime":"2025-10-16T18:50:57Z","AmountPaid":1500,"OpenBy":"user","LockerCode":"F10"},{"ID":510,"LockerID":16,"Phone":"3185398593","PIN":"6400","Active":0,"StartTime":"2025-10-16T20:29:11Z","EndTime":"2025-10-16T21:27:02Z","AmountPaid":1500,"OpenBy":"user","LockerCode":"B6"},{"ID":511,"LockerID":42,"Phone":"3152002930","PIN":"1822","Active":0,"StartTime":"2025-10-16T21:13:49Z","EndTime":"2025-10-16T22:52:55Z","AmountPaid":1500,"OpenBy":"user","LockerCode":"E2"},{"ID":512,"LockerID":20,"Phone":"3227214486","PIN":"0803","Active":1,"StartTime":"2025-10-16T22:36:35Z","EndTime":null,"AmountPaid":2000,"OpenBy":"user","LockerCode":"B10"},{"ID":513,"LockerID":14,"Phone":"3025473287","PIN":"0803","Active":1,"StartTime":"2025-10-16T22:37:47Z","EndTime":null,"AmountPaid":1500,"OpenBy":"user","LockerCode":"B4"},{"ID":514,"LockerID":31,"Phone":"3212258405","PIN":"9904","Active":1,"StartTime":"2025-10-16T22:43:42Z","EndTime":null,"AmountPaid":1500,"OpenBy":"user","LockerCode":"D1"}]
[2025-10-17 00:06:43] [INFO] [main] [scheduleReport] Actualizando ejecución → Real: 2025-10-17 00:06:43 | Próximo target: 2025-10-18 00:05:00
[2025-10-17 00:06:43] [INFO] [main] [scheduleReport] Tarea ejecutada correctamente
[2025-10-17 00:06:45] [INFO] [main] [reportLockers] Response. Status: 200
[2025-10-17 00:06:45] [INFO] [main] [reportLockers] Response. Data: [{"ID":501,"LockerID":57,"Phone":"3012822842","PIN":"3581","Active":0,"StartTime":"2025-10-16T11:00:43Z","EndTime":"2025-10-16T11:53:00Z","AmountPaid":1500,"OpenBy":"user","LockerCode":"F7"},{"ID":502,"LockerID":24,"Phone":"3027921913","PIN":"1626","Active":0,"StartTime":"2025-10-16T12:09:07Z","EndTime":"2025-10-16T13:32:42Z","AmountPaid":1500,"OpenBy":"user","LockerCode":"C4"},{"ID":503,"LockerID":43,"Phone":"3115839699","PIN":"1805","Active":0,"StartTime":"2025-10-16T13:55:14Z","EndTime":"2025-10-16T14:30:17Z","AmountPaid":1500,"OpenBy":"user","LockerCode":"E3"},{"ID":504,"LockerID":24,"Phone":"3214176403","PIN":"2004","Active":0,"StartTime":"2025-10-16T14:03:33Z","EndTime":"2025-10-16T15:07:39Z","AmountPaid":1500,"OpenBy":"user","LockerCode":"C4"},{"ID":505,"LockerID":23,"Phone":"3057844648","PIN":"0418","Active":0,"StartTime":"2025-10-16T14:59:10Z","EndTime":"2025-10-16T15:32:56Z","AmountPaid":1500,"OpenBy":"user","LockerCode":"C3"},{"ID":506,"LockerID":29,"Phone":"3114943975","PIN":"1389","Active":0,"StartTime":"2025-10-16T15:28:09Z","EndTime":"2025-10-16T17:47:25Z","AmountPaid":1500,"OpenBy":"user","LockerCode":"C9"},{"ID":507,"LockerID":25,"Phone":"3028325452","PIN":"2425","Active":0,"StartTime":"2025-10-16T15:41:17Z","EndTime":"2025-10-16T16:57:39Z","AmountPaid":1500,"OpenBy":"user","LockerCode":"C5"},{"ID":508,"LockerID":47,"Phone":"3057083352","PIN":"5555","Active":0,"StartTime":"2025-10-16T16:21:36Z","EndTime":"2025-10-16T16:49:52Z","AmountPaid":1500,"OpenBy":"user","LockerCode":"E7"},{"ID":509,"LockerID":60,"Phone":"3008902690","PIN":"1310","Active":0,"StartTime":"2025-10-16T18:19:45Z","EndTime":"2025-10-16T18:50:57Z","AmountPaid":1500,"OpenBy":"user","LockerCode":"F10"},{"ID":510,"LockerID":16,"Phone":"3185398593","PIN":"6400","Active":0,"StartTime":"2025-10-16T20:29:11Z","EndTime":"2025-10-16T21:27:02Z","AmountPaid":1500,"OpenBy":"user","LockerCode":"B6"},{"ID":511,"LockerID":42,"Phone":"3152002930","PIN":"1822","Active":0,"StartTime":"2025-10-16T21:13:49Z","EndTime":"2025-10-16T22:52:55Z","AmountPaid":1500,"OpenBy":"user","LockerCode":"E2"},{"ID":512,"LockerID":20,"Phone":"3227214486","PIN":"0803","Active":1,"StartTime":"2025-10-16T22:36:35Z","EndTime":null,"AmountPaid":2000,"OpenBy":"user","LockerCode":"B10"},{"ID":513,"LockerID":14,"Phone":"3025473287","PIN":"0803","Active":1,"StartTime":"2025-10-16T22:37:47Z","EndTime":null,"AmountPaid":1500,"OpenBy":"user","LockerCode":"B4"},{"ID":514,"LockerID":31,"Phone":"3212258405","PIN":"9904","Active":1,"StartTime":"2025-10-16T22:43:42Z","EndTime":null,"AmountPaid":1500,"OpenBy":"user","LockerCode":"D1"}]
[2025-10-17 00:06:45] [INFO] [main] [app] Datos del reporte obtenidos: [{"ID":501,"LockerID":57,"Phone":"3012822842","PIN":"3581","Active":0,"StartTime":"2025-10-16T11:00:43Z","EndTime":"2025-10-16T11:53:00Z","AmountPaid":1500,"OpenBy":"user","LockerCode":"F7"},{"ID":502,"LockerID":24,"Phone":"3027921913","PIN":"1626","Active":0,"StartTime":"2025-10-16T12:09:07Z","EndTime":"2025-10-16T13:32:42Z","AmountPaid":1500,"OpenBy":"user","LockerCode":"C4"},{"ID":503,"LockerID":43,"Phone":"3115839699","PIN":"1805","Active":0,"StartTime":"2025-10-16T13:55:14Z","EndTime":"2025-10-16T14:30:17Z","AmountPaid":1500,"OpenBy":"user","LockerCode":"E3"},{"ID":504,"LockerID":24,"Phone":"3214176403","PIN":"2004","Active":0,"StartTime":"2025-10-16T14:03:33Z","EndTime":"2025-10-16T15:07:39Z","AmountPaid":1500,"OpenBy":"user","LockerCode":"C4"},{"ID":505,"LockerID":23,"Phone":"3057844648","PIN":"0418","Active":0,"StartTime":"2025-10-16T14:59:10Z","EndTime":"2025-10-16T15:32:56Z","AmountPaid":1500,"OpenBy":"user","LockerCode":"C3"},{"ID":506,"LockerID":29,"Phone":"3114943975","PIN":"1389","Active":0,"StartTime":"2025-10-16T15:28:09Z","EndTime":"2025-10-16T17:47:25Z","AmountPaid":1500,"OpenBy":"user","LockerCode":"C9"},{"ID":507,"LockerID":25,"Phone":"3028325452","PIN":"2425","Active":0,"StartTime":"2025-10-16T15:41:17Z","EndTime":"2025-10-16T16:57:39Z","AmountPaid":1500,"OpenBy":"user","LockerCode":"C5"},{"ID":508,"LockerID":47,"Phone":"3057083352","PIN":"5555","Active":0,"StartTime":"2025-10-16T16:21:36Z","EndTime":"2025-10-16T16:49:52Z","AmountPaid":1500,"OpenBy":"user","LockerCode":"E7"},{"ID":509,"LockerID":60,"Phone":"3008902690","PIN":"1310","Active":0,"StartTime":"2025-10-16T18:19:45Z","EndTime":"2025-10-16T18:50:57Z","AmountPaid":1500,"OpenBy":"user","LockerCode":"F10"},{"ID":510,"LockerID":16,"Phone":"3185398593","PIN":"6400","Active":0,"StartTime":"2025-10-16T20:29:11Z","EndTime":"2025-10-16T21:27:02Z","AmountPaid":1500,"OpenBy":"user","LockerCode":"B6"},{"ID":511,"LockerID":42,"Phone":"3152002930","PIN":"1822","Active":0,"StartTime":"2025-10-16T21:13:49Z","EndTime":"2025-10-16T22:52:55Z","AmountPaid":1500,"OpenBy":"user","LockerCode":"E2"},{"ID":512,"LockerID":20,"Phone":"3227214486","PIN":"0803","Active":1,"StartTime":"2025-10-16T22:36:35Z","EndTime":null,"AmountPaid":2000,"OpenBy":"user","LockerCode":"B10"},{"ID":513,"LockerID":14,"Phone":"3025473287","PIN":"0803","Active":1,"StartTime":"2025-10-16T22:37:47Z","EndTime":null,"AmountPaid":1500,"OpenBy":"user","LockerCode":"B4"},{"ID":514,"LockerID":31,"Phone":"3212258405","PIN":"9904","Active":1,"StartTime":"2025-10-16T22:43:42Z","EndTime":null,"AmountPaid":1500,"OpenBy":"user","LockerCode":"D1"}]
[2025-10-17 00:06:45] [INFO] [main] [scheduleReport] Actualizando ejecución → Real: 2025-10-17 00:06:45 | Próximo target: 2025-10-18 00:05:00
[2025-10-17 00:06:45] [INFO] [main] [scheduleReport] Tarea ejecutada correctamente
[2025-10-17 00:06:45] [INFO] [main] [reportLockers] Response. Status: 200
[2025-10-17 00:06:45] [INFO] [main] [reportLockers] Response. Data: [{"ID":501,"LockerID":57,"Phone":"3012822842","PIN":"3581","Active":0,"StartTime":"2025-10-16T11:00:43Z","EndTime":"2025-10-16T11:53:00Z","AmountPaid":1500,"OpenBy":"user","LockerCode":"F7"},{"ID":502,"LockerID":24,"Phone":"3027921913","PIN":"1626","Active":0,"StartTime":"2025-10-16T12:09:07Z","EndTime":"2025-10-16T13:32:42Z","AmountPaid":1500,"OpenBy":"user","LockerCode":"C4"},{"ID":503,"LockerID":43,"Phone":"3115839699","PIN":"1805","Active":0,"StartTime":"2025-10-16T13:55:14Z","EndTime":"2025-10-16T14:30:17Z","AmountPaid":1500,"OpenBy":"user","LockerCode":"E3"},{"ID":504,"LockerID":24,"Phone":"3214176403","PIN":"2004","Active":0,"StartTime":"2025-10-16T14:03:33Z","EndTime":"2025-10-16T15:07:39Z","AmountPaid":1500,"OpenBy":"user","LockerCode":"C4"},{"ID":505,"LockerID":23,"Phone":"3057844648","PIN":"0418","Active":0,"StartTime":"2025-10-16T14:59:10Z","EndTime":"2025-10-16T15:32:56Z","AmountPaid":1500,"OpenBy":"user","LockerCode":"C3"},{"ID":506,"LockerID":29,"Phone":"3114943975","PIN":"1389","Active":0,"StartTime":"2025-10-16T15:28:09Z","EndTime":"2025-10-16T17:47:25Z","AmountPaid":1500,"OpenBy":"user","LockerCode":"C9"},{"ID":507,"LockerID":25,"Phone":"3028325452","PIN":"2425","Active":0,"StartTime":"2025-10-16T15:41:17Z","EndTime":"2025-10-16T16:57:39Z","AmountPaid":1500,"OpenBy":"user","LockerCode":"C5"},{"ID":508,"LockerID":47,"Phone":"3057083352","PIN":"5555","Active":0,"StartTime":"2025-10-16T16:21:36Z","EndTime":"2025-10-16T16:49:52Z","AmountPaid":1500,"OpenBy":"user","LockerCode":"E7"},{"ID":509,"LockerID":60,"Phone":"3008902690","PIN":"1310","Active":0,"StartTime":"2025-10-16T18:19:45Z","EndTime":"2025-10-16T18:50:57Z","AmountPaid":1500,"OpenBy":"user","LockerCode":"F10"},{"ID":510,"LockerID":16,"Phone":"3185398593","PIN":"6400","Active":0,"StartTime":"2025-10-16T20:29:11Z","EndTime":"2025-10-16T21:27:02Z","AmountPaid":1500,"OpenBy":"user","LockerCode":"B6"},{"ID":511,"LockerID":42,"Phone":"3152002930","PIN":"1822","Active":0,"StartTime":"2025-10-16T21:13:49Z","EndTime":"2025-10-16T22:52:55Z","AmountPaid":1500,"OpenBy":"user","LockerCode":"E2"},{"ID":512,"LockerID":20,"Phone":"3227214486","PIN":"0803","Active":1,"StartTime":"2025-10-16T22:36:35Z","EndTime":null,"AmountPaid":2000,"OpenBy":"user","LockerCode":"B10"},{"ID":513,"LockerID":14,"Phone":"3025473287","PIN":"0803","Active":1,"StartTime":"2025-10-16T22:37:47Z","EndTime":null,"AmountPaid":1500,"OpenBy":"user","LockerCode":"B4"},{"ID":514,"LockerID":31,"Phone":"3212258405","PIN":"9904","Active":1,"StartTime":"2025-10-16T22:43:42Z","EndTime":null,"AmountPaid":1500,"OpenBy":"user","LockerCode":"D1"}]
[2025-10-17 00:06:45] [INFO] [main] [app] Datos del reporte obtenidos: [{"ID":501,"LockerID":57,"Phone":"3012822842","PIN":"3581","Active":0,"StartTime":"2025-10-16T11:00:43Z","EndTime":"2025-10-16T11:53:00Z","AmountPaid":1500,"OpenBy":"user","LockerCode":"F7"},{"ID":502,"LockerID":24,"Phone":"3027921913","PIN":"1626","Active":0,"StartTime":"2025-10-16T12:09:07Z","EndTime":"2025-10-16T13:32:42Z","AmountPaid":1500,"OpenBy":"user","LockerCode":"C4"},{"ID":503,"LockerID":43,"Phone":"3115839699","PIN":"1805","Active":0,"StartTime":"2025-10-16T13:55:14Z","EndTime":"2025-10-16T14:30:17Z","AmountPaid":1500,"OpenBy":"user","LockerCode":"E3"},{"ID":504,"LockerID":24,"Phone":"3214176403","PIN":"2004","Active":0,"StartTime":"2025-10-16T14:03:33Z","EndTime":"2025-10-16T15:07:39Z","AmountPaid":1500,"OpenBy":"user","LockerCode":"C4"},{"ID":505,"LockerID":23,"Phone":"3057844648","PIN":"0418","Active":0,"StartTime":"2025-10-16T14:59:10Z","EndTime":"2025-10-16T15:32:56Z","AmountPaid":1500,"OpenBy":"user","LockerCode":"C3"},{"ID":506,"LockerID":29,"Phone":"3114943975","PIN":"1389","Active":0,"StartTime":"2025-10-16T15:28:09Z","EndTime":"2025-10-16T17:47:25Z","AmountPaid":1500,"OpenBy":"user","LockerCode":"C9"},{"ID":507,"LockerID":25,"Phone":"3028325452","PIN":"2425","Active":0,"StartTime":"2025-10-16T15:41:17Z","EndTime":"2025-10-16T16:57:39Z","AmountPaid":1500,"OpenBy":"user","LockerCode":"C5"},{"ID":508,"LockerID":47,"Phone":"3057083352","PIN":"5555","Active":0,"StartTime":"2025-10-16T16:21:36Z","EndTime":"2025-10-16T16:49:52Z","AmountPaid":1500,"OpenBy":"user","LockerCode":"E7"},{"ID":509,"LockerID":60,"Phone":"3008902690","PIN":"1310","Active":0,"StartTime":"2025-10-16T18:19:45Z","EndTime":"2025-10-16T18:50:57Z","AmountPaid":1500,"OpenBy":"user","LockerCode":"F10"},{"ID":510,"LockerID":16,"Phone":"3185398593","PIN":"6400","Active":0,"StartTime":"2025-10-16T20:29:11Z","EndTime":"2025-10-16T21:27:02Z","AmountPaid":1500,"OpenBy":"user","LockerCode":"B6"},{"ID":511,"LockerID":42,"Phone":"3152002930","PIN":"1822","Active":0,"StartTime":"2025-10-16T21:13:49Z","EndTime":"2025-10-16T22:52:55Z","AmountPaid":1500,"OpenBy":"user","LockerCode":"E2"},{"ID":512,"LockerID":20,"Phone":"3227214486","PIN":"0803","Active":1,"StartTime":"2025-10-16T22:36:35Z","EndTime":null,"AmountPaid":2000,"OpenBy":"user","LockerCode":"B10"},{"ID":513,"LockerID":14,"Phone":"3025473287","PIN":"0803","Active":1,"StartTime":"2025-10-16T22:37:47Z","EndTime":null,"AmountPaid":1500,"OpenBy":"user","LockerCode":"B4"},{"ID":514,"LockerID":31,"Phone":"3212258405","PIN":"9904","Active":1,"StartTime":"2025-10-16T22:43:42Z","EndTime":null,"AmountPaid":1500,"OpenBy":"user","LockerCode":"D1"}]
[2025-10-17 00:06:45] [INFO] [main] [scheduleReport] Actualizando ejecución → Real: 2025-10-17 00:06:45 | Próximo target: 2025-10-18 00:05:00
[2025-10-17 00:06:45] [INFO] [main] [scheduleReport] Tarea ejecutada correctamente
[2025-10-17 00:07:02] [INFO] Voz cacheada por defecto: Microsoft Sabina Desktop
[2025-10-17 00:07:15] [INFO] [main] [app] Scheduler diario habilitado: true | usuario config: operador | usuario actual: operador
[2025-10-17 00:07:15] [INFO] [main] [app] Scheduler semanal habilitado: true | usuario config: operador | usuario actual: operador
[2025-10-17 00:07:15] [INFO] [main] [app] Scheduler mensual habilitado: true | usuario config: operador | usuario actual: operador
[2025-10-17 00:07:15] [INFO] [main] [app] Scheduler diario habilitado: true | usuario config: operador | usuario actual: operador
[2025-10-17 00:07:15] [INFO] [main] [app] Scheduler semanal habilitado: true | usuario config: operador | usuario actual: operador
[2025-10-17 00:07:15] [INFO] [main] [app] Scheduler mensual habilitado: true | usuario config: operador | usuario actual: operador
[2025-10-17 00:07:31] [INFO] [main] [assignLocker] Timeout por parámetro: 360000
[2025-10-17 00:07:31] [INFO] [main] [assignLocker] Timeout efectivo en ejecución: 360000
[2025-10-17 00:07:31] [INFO] [main] [websocket] Conectando a WebSocket: ws://localhost:8080
[2025-10-17 00:07:31] [INFO] [main] [websocket] WebSocket conectado exitosamente
[2025-10-17 00:07:31] [INFO] [main] [assignLocker] WebSocket listo, enviando HTTP /assign...
[2025-10-17 00:07:31] [INFO] [main] [assignLocker] Iniciando petición para asignar casillero con hasta 5 reintentos
[2025-10-17 00:07:31] [INFO] [main] [assignLocker] Intento 1: HOST -> http://localhost:8080
[2025-10-17 00:07:31] [INFO] [main] [assignLocker] Intento 1: URL -> /api/lockers/assign
[2025-10-17 00:07:31] [INFO] [main] [assignLocker] Intento 1: Request -> {"phone":"3125478000","pin":"0000","openBy":"user"}
[2025-10-17 00:07:31] [INFO] [main] [assignLocker] Response. Status: 200
[2025-10-17 00:07:31] [INFO] [main] [assignLocker] Response. Data: {"success":true,"message":"Locker asignado y abierto exitosamente","lockerCode":"F4"}
[2025-10-17 00:07:31] [INFO] [main] [websocket] Cerrando conexión manualmente
[2025-10-17 00:07:31] [INFO] [main] [assignLocker] Proceso completado exitosamente
[2025-10-17 00:07:33] [WARN] [main] [websocket] Conexión cerrada
[2025-10-17 00:07:41] [INFO] [main] [statusLockers] Iniciando petición para obtener casilleros disponibles
[2025-10-17 00:07:41] [INFO] [main] [statusLockers] Timeout efectivo en ejecución: 30000
[2025-10-17 00:07:41] [INFO] [main] [statusLockers] Intento 1: HOST -> http://localhost:8080
[2025-10-17 00:07:41] [INFO] [main] [statusLockers] Intento 1: URL -> /api/lockers/get-all-status
[2025-10-17 00:07:41] [INFO] [main] [statusLockers] Response. Status: 200
[2025-10-17 00:07:41] [INFO] [main] [statusLockers] Response. Data: {"general":[{"status":"asignado","total":2},{"status":"ocupado","total":4},{"status":"libre","total":48},{"status":"reservado","total":4},{"status":"deshabilitado","total":2}],"modules":[{"module":"A","lockers":[{"lockerCode":"A1","status":"reservado"},{"lockerCode":"A2","status":"reservado"},{"lockerCode":"A3","status":"reservado"},{"lockerCode":"A4","status":"reservado"},{"lockerCode":"A5","status":"asignado"},{"lockerCode":"A6","status":"libre"},{"lockerCode":"A7","status":"libre"},{"lockerCode":"A8","status":"deshabilitado"},{"lockerCode":"A9","status":"asignado"},{"lockerCode":"A10","status":"libre"}]},{"module":"B","lockers":[{"lockerCode":"B1","status":"libre"},{"lockerCode":"B2","status":"libre"},{"lockerCode":"B3","status":"libre"},{"lockerCode":"B4","status":"ocupado"},{"lockerCode":"B5","status":"libre"},{"lockerCode":"B6","status":"libre"},{"lockerCode":"B7","status":"libre"},{"lockerCode":"B8","status":"libre"},{"lockerCode":"B9","status":"libre"},{"lockerCode":"B10","status":"ocupado"}]},{"module":"C","lockers":[{"lockerCode":"C1","status":"libre"},{"lockerCode":"C2","status":"libre"},{"lockerCode":"C3","status":"libre"},{"lockerCode":"C4","status":"libre"},{"lockerCode":"C5","status":"libre"},{"lockerCode":"C6","status":"libre"},{"lockerCode":"C7","status":"libre"},{"lockerCode":"C8","status":"libre"},{"lockerCode":"C9","status":"libre"},{"lockerCode":"C10","status":"libre"}]},{"module":"D","lockers":[{"lockerCode":"D1","status":"ocupado"},{"lockerCode":"D2","status":"libre"},{"lockerCode":"D3","status":"libre"},{"lockerCode":"D4","status":"libre"},{"lockerCode":"D5","status":"libre"},{"lockerCode":"D6","status":"libre"},{"lockerCode":"D7","status":"libre"},{"lockerCode":"D8","status":"libre"},{"lockerCode":"D9","status":"libre"},{"lockerCode":"D10","status":"libre"}]},{"module":"E","lockers":[{"lockerCode":"E1","status":"libre"},{"lockerCode":"E2","status":"libre"},{"lockerCode":"E3","status":"libre"},{"lockerCode":"E4","status":"libre"},{"lockerCode":"E5","status":"libre"},{"lockerCode":"E6","status":"libre"},{"lockerCode":"E7","status":"libre"},{"lockerCode":"E8","status":"libre"},{"lockerCode":"E9","status":"libre"},{"lockerCode":"E10","status":"libre"}]},{"module":"F","lockers":[{"lockerCode":"F1","status":"libre"},{"lockerCode":"F2","status":"libre"},{"lockerCode":"F3","status":"libre"},{"lockerCode":"F4","status":"ocupado"},{"lockerCode":"F5","status":"libre"},{"lockerCode":"F6","status":"deshabilitado"},{"lockerCode":"F7","status":"libre"},{"lockerCode":"F8","status":"libre"},{"lockerCode":"F9","status":"libre"},{"lockerCode":"F10","status":"libre"}]}]}
[2025-10-17 00:07:42] [INFO] [main] [app] Scheduler diario habilitado: true | usuario config: operador | usuario actual: operador
[2025-10-17 00:07:42] [INFO] [main] [app] Scheduler semanal habilitado: true | usuario config: operador | usuario actual: operador
[2025-10-17 00:07:42] [INFO] [main] [app] Scheduler mensual habilitado: true | usuario config: operador | usuario actual: operador
[2025-10-17 00:07:42] [INFO] [main] [app] Scheduler diario habilitado: true | usuario config: operador | usuario actual: operador
[2025-10-17 00:07:42] [INFO] [main] [app] Scheduler semanal habilitado: true | usuario config: operador | usuario actual: operador
[2025-10-17 00:07:42] [INFO] [main] [app] Scheduler mensual habilitado: true | usuario config: operador | usuario actual: operador
[2025-10-17 00:08:44] [INFO] [main] [app] Scheduler diario habilitado: true | usuario config: operador | usuario actual: operador
[2025-10-17 00:08:44] [INFO] [main] [app] Scheduler semanal habilitado: true | usuario config: operador | usuario actual: operador
[2025-10-17 00:08:44] [INFO] [main] [app] Scheduler mensual habilitado: true | usuario config: operador | usuario actual: operador
[2025-10-17 00:08:44] [INFO] [main] [app] Scheduler diario habilitado: true | usuario config: operador | usuario actual: operador
[2025-10-17 00:08:44] [INFO] [main] [app] Scheduler semanal habilitado: true | usuario config: operador | usuario actual: operador
[2025-10-17 00:08:44] [INFO] [main] [app] Scheduler mensual habilitado: true | usuario config: operador | usuario actual: operador
[2025-10-17 00:08:54] [INFO] [main] [openSessionLocker] Iniciando petición para abrir casillero y retirar
[2025-10-17 00:08:54] [INFO] [main] [openSessionLocker] Timeout efectivo en ejecución: 30000
[2025-10-17 00:08:54] [INFO] [main] [openSessionLocker] Intento 1: HOST -> http://localhost:8080
[2025-10-17 00:08:54] [INFO] [main] [openSessionLocker] Intento 1: URL -> /api/lockers/open-session
[2025-10-17 00:08:54] [INFO] [main] [openSessionLocker] Intento 1: Request -> {"phone":"3103192771","pin":"0000","openBy":"user"}
[2025-10-17 00:08:54] [ERROR] [main] [openSessionLocker] [intento 1] Error HTTP: 404 - No existe casillero asignado para este numero
[2025-10-17 00:08:56] [INFO] [main] [statusLockers] Iniciando petición para obtener casilleros disponibles
[2025-10-17 00:08:56] [INFO] [main] [statusLockers] Timeout efectivo en ejecución: 30000
[2025-10-17 00:08:56] [INFO] [main] [statusLockers] Intento 1: HOST -> http://localhost:8080
[2025-10-17 00:08:56] [INFO] [main] [statusLockers] Intento 1: URL -> /api/lockers/get-all-status
[2025-10-17 00:08:56] [INFO] [main] [statusLockers] Response. Status: 200
[2025-10-17 00:08:56] [INFO] [main] [statusLockers] Response. Data: {"general":[{"status":"ocupado","total":4},{"status":"libre","total":48},{"status":"reservado","total":4},{"status":"deshabilitado","total":2},{"status":"asignado","total":2}],"modules":[{"module":"A","lockers":[{"lockerCode":"A1","status":"reservado"},{"lockerCode":"A2","status":"reservado"},{"lockerCode":"A3","status":"reservado"},{"lockerCode":"A4","status":"reservado"},{"lockerCode":"A5","status":"asignado"},{"lockerCode":"A6","status":"libre"},{"lockerCode":"A7","status":"libre"},{"lockerCode":"A8","status":"deshabilitado"},{"lockerCode":"A9","status":"asignado"},{"lockerCode":"A10","status":"libre"}]},{"module":"B","lockers":[{"lockerCode":"B1","status":"libre"},{"lockerCode":"B2","status":"libre"},{"lockerCode":"B3","status":"libre"},{"lockerCode":"B4","status":"ocupado"},{"lockerCode":"B5","status":"libre"},{"lockerCode":"B6","status":"libre"},{"lockerCode":"B7","status":"libre"},{"lockerCode":"B8","status":"libre"},{"lockerCode":"B9","status":"libre"},{"lockerCode":"B10","status":"ocupado"}]},{"module":"C","lockers":[{"lockerCode":"C1","status":"libre"},{"lockerCode":"C2","status":"libre"},{"lockerCode":"C3","status":"libre"},{"lockerCode":"C4","status":"libre"},{"lockerCode":"C5","status":"libre"},{"lockerCode":"C6","status":"libre"},{"lockerCode":"C7","status":"libre"},{"lockerCode":"C8","status":"libre"},{"lockerCode":"C9","status":"libre"},{"lockerCode":"C10","status":"libre"}]},{"module":"D","lockers":[{"lockerCode":"D1","status":"ocupado"},{"lockerCode":"D2","status":"libre"},{"lockerCode":"D3","status":"libre"},{"lockerCode":"D4","status":"libre"},{"lockerCode":"D5","status":"libre"},{"lockerCode":"D6","status":"libre"},{"lockerCode":"D7","status":"libre"},{"lockerCode":"D8","status":"libre"},{"lockerCode":"D9","status":"libre"},{"lockerCode":"D10","status":"libre"}]},{"module":"E","lockers":[{"lockerCode":"E1","status":"libre"},{"lockerCode":"E2","status":"libre"},{"lockerCode":"E3","status":"libre"},{"lockerCode":"E4","status":"libre"},{"lockerCode":"E5","status":"libre"},{"lockerCode":"E6","status":"libre"},{"lockerCode":"E7","status":"libre"},{"lockerCode":"E8","status":"libre"},{"lockerCode":"E9","status":"libre"},{"lockerCode":"E10","status":"libre"}]},{"module":"F","lockers":[{"lockerCode":"F1","status":"libre"},{"lockerCode":"F2","status":"libre"},{"lockerCode":"F3","status":"libre"},{"lockerCode":"F4","status":"ocupado"},{"lockerCode":"F5","status":"libre"},{"lockerCode":"F6","status":"deshabilitado"},{"lockerCode":"F7","status":"libre"},{"lockerCode":"F8","status":"libre"},{"lockerCode":"F9","status":"libre"},{"lockerCode":"F10","status":"libre"}]}]}
[2025-10-17 00:09:08] [INFO] [main] [assignLocker] Timeout por parámetro: 360000
[2025-10-17 00:09:08] [INFO] [main] [assignLocker] Timeout efectivo en ejecución: 360000
[2025-10-17 00:09:08] [INFO] [main] [websocket] Conectando a WebSocket: ws://localhost:8080
[2025-10-17 00:09:08] [INFO] [main] [websocket] WebSocket conectado exitosamente
[2025-10-17 00:09:08] [INFO] [main] [assignLocker] WebSocket listo, enviando HTTP /assign...
[2025-10-17 00:09:08] [INFO] [main] [assignLocker] Iniciando petición para asignar casillero con hasta 5 reintentos
[2025-10-17 00:09:08] [INFO] [main] [assignLocker] Intento 1: HOST -> http://localhost:8080
[2025-10-17 00:09:08] [INFO] [main] [assignLocker] Intento 1: URL -> /api/lockers/assign
[2025-10-17 00:09:08] [INFO] [main] [assignLocker] Intento 1: Request -> {"phone":"3103192771","pin":"0000","openBy":"user"}
[2025-10-17 00:09:08] [INFO] [main] [assignLocker] Response. Status: 200
[2025-10-17 00:09:08] [INFO] [main] [assignLocker] Response. Data: {"success":true,"message":"Locker asignado y abierto exitosamente","lockerCode":"C3"}
[2025-10-17 00:09:08] [INFO] [main] [websocket] Cerrando conexión manualmente
[2025-10-17 00:09:08] [INFO] [main] [assignLocker] Proceso completado exitosamente
[2025-10-17 00:09:10] [INFO] [main] [statusLockers] Iniciando petición para obtener casilleros disponibles
[2025-10-17 00:09:10] [INFO] [main] [statusLockers] Timeout efectivo en ejecución: 30000
[2025-10-17 00:09:10] [INFO] [main] [statusLockers] Intento 1: HOST -> http://localhost:8080
[2025-10-17 00:09:10] [INFO] [main] [statusLockers] Intento 1: URL -> /api/lockers/get-all-status
[2025-10-17 00:09:10] [INFO] [main] [statusLockers] Response. Status: 200
[2025-10-17 00:09:10] [INFO] [main] [statusLockers] Response. Data: {"general":[{"status":"ocupado","total":5},{"status":"libre","total":47},{"status":"reservado","total":4},{"status":"deshabilitado","total":2},{"status":"asignado","total":2}],"modules":[{"module":"A","lockers":[{"lockerCode":"A1","status":"reservado"},{"lockerCode":"A2","status":"reservado"},{"lockerCode":"A3","status":"reservado"},{"lockerCode":"A4","status":"reservado"},{"lockerCode":"A5","status":"asignado"},{"lockerCode":"A6","status":"libre"},{"lockerCode":"A7","status":"libre"},{"lockerCode":"A8","status":"deshabilitado"},{"lockerCode":"A9","status":"asignado"},{"lockerCode":"A10","status":"libre"}]},{"module":"B","lockers":[{"lockerCode":"B1","status":"libre"},{"lockerCode":"B2","status":"libre"},{"lockerCode":"B3","status":"libre"},{"lockerCode":"B4","status":"ocupado"},{"lockerCode":"B5","status":"libre"},{"lockerCode":"B6","status":"libre"},{"lockerCode":"B7","status":"libre"},{"lockerCode":"B8","status":"libre"},{"lockerCode":"B9","status":"libre"},{"lockerCode":"B10","status":"ocupado"}]},{"module":"C","lockers":[{"lockerCode":"C1","status":"libre"},{"lockerCode":"C2","status":"libre"},{"lockerCode":"C3","status":"ocupado"},{"lockerCode":"C4","status":"libre"},{"lockerCode":"C5","status":"libre"},{"lockerCode":"C6","status":"libre"},{"lockerCode":"C7","status":"libre"},{"lockerCode":"C8","status":"libre"},{"lockerCode":"C9","status":"libre"},{"lockerCode":"C10","status":"libre"}]},{"module":"D","lockers":[{"lockerCode":"D1","status":"ocupado"},{"lockerCode":"D2","status":"libre"},{"lockerCode":"D3","status":"libre"},{"lockerCode":"D4","status":"libre"},{"lockerCode":"D5","status":"libre"},{"lockerCode":"D6","status":"libre"},{"lockerCode":"D7","status":"libre"},{"lockerCode":"D8","status":"libre"},{"lockerCode":"D9","status":"libre"},{"lockerCode":"D10","status":"libre"}]},{"module":"E","lockers":[{"lockerCode":"E1","status":"libre"},{"lockerCode":"E2","status":"libre"},{"lockerCode":"E3","status":"libre"},{"lockerCode":"E4","status":"libre"},{"lockerCode":"E5","status":"libre"},{"lockerCode":"E6","status":"libre"},{"lockerCode":"E7","status":"libre"},{"lockerCode":"E8","status":"libre"},{"lockerCode":"E9","status":"libre"},{"lockerCode":"E10","status":"libre"}]},{"module":"F","lockers":[{"lockerCode":"F1","status":"libre"},{"lockerCode":"F2","status":"libre"},{"lockerCode":"F3","status":"libre"},{"lockerCode":"F4","status":"ocupado"},{"lockerCode":"F5","status":"libre"},{"lockerCode":"F6","status":"deshabilitado"},{"lockerCode":"F7","status":"libre"},{"lockerCode":"F8","status":"libre"},{"lockerCode":"F9","status":"libre"},{"lockerCode":"F10","status":"libre"}]}]}
[2025-10-17 00:09:10] [WARN] [main] [websocket] Conexión cerrada
[2025-10-17 00:09:19] [INFO] [main] [openSessionLocker] Iniciando petición para abrir casillero y retirar
[2025-10-17 00:09:19] [INFO] [main] [openSessionLocker] Timeout efectivo en ejecución: 30000
[2025-10-17 00:09:19] [INFO] [main] [openSessionLocker] Intento 1: HOST -> http://localhost:8080
[2025-10-17 00:09:19] [INFO] [main] [openSessionLocker] Intento 1: URL -> /api/lockers/open-session
[2025-10-17 00:09:19] [INFO] [main] [openSessionLocker] Intento 1: Request -> {"phone":"3103192771","pin":"0000","openBy":"user"}
[2025-10-17 00:09:19] [INFO] [main] [openSessionLocker] Response. Status: 200
[2025-10-17 00:09:19] [INFO] [main] [openSessionLocker] Response. Data: {"success":true,"message":"Casillero abierto exitosamente","lockerCode":"C3"}
[2025-10-17 00:09:21] [INFO] [main] [statusLockers] Iniciando petición para obtener casilleros disponibles
[2025-10-17 00:09:21] [INFO] [main] [statusLockers] Timeout efectivo en ejecución: 30000
[2025-10-17 00:09:21] [INFO] [main] [statusLockers] Intento 1: HOST -> http://localhost:8080
[2025-10-17 00:09:21] [INFO] [main] [statusLockers] Intento 1: URL -> /api/lockers/get-all-status
[2025-10-17 00:09:21] [INFO] [main] [statusLockers] Response. Status: 200
[2025-10-17 00:09:21] [INFO] [main] [statusLockers] Response. Data: {"general":[{"status":"reservado","total":4},{"status":"deshabilitado","total":2},{"status":"asignado","total":2},{"status":"ocupado","total":4},{"status":"libre","total":48}],"modules":[{"module":"A","lockers":[{"lockerCode":"A1","status":"reservado"},{"lockerCode":"A2","status":"reservado"},{"lockerCode":"A3","status":"reservado"},{"lockerCode":"A4","status":"reservado"},{"lockerCode":"A5","status":"asignado"},{"lockerCode":"A6","status":"libre"},{"lockerCode":"A7","status":"libre"},{"lockerCode":"A8","status":"deshabilitado"},{"lockerCode":"A9","status":"asignado"},{"lockerCode":"A10","status":"libre"}]},{"module":"B","lockers":[{"lockerCode":"B1","status":"libre"},{"lockerCode":"B2","status":"libre"},{"lockerCode":"B3","status":"libre"},{"lockerCode":"B4","status":"ocupado"},{"lockerCode":"B5","status":"libre"},{"lockerCode":"B6","status":"libre"},{"lockerCode":"B7","status":"libre"},{"lockerCode":"B8","status":"libre"},{"lockerCode":"B9","status":"libre"},{"lockerCode":"B10","status":"ocupado"}]},{"module":"C","lockers":[{"lockerCode":"C1","status":"libre"},{"lockerCode":"C2","status":"libre"},{"lockerCode":"C3","status":"libre"},{"lockerCode":"C4","status":"libre"},{"lockerCode":"C5","status":"libre"},{"lockerCode":"C6","status":"libre"},{"lockerCode":"C7","status":"libre"},{"lockerCode":"C8","status":"libre"},{"lockerCode":"C9","status":"libre"},{"lockerCode":"C10","status":"libre"}]},{"module":"D","lockers":[{"lockerCode":"D1","status":"ocupado"},{"lockerCode":"D2","status":"libre"},{"lockerCode":"D3","status":"libre"},{"lockerCode":"D4","status":"libre"},{"lockerCode":"D5","status":"libre"},{"lockerCode":"D6","status":"libre"},{"lockerCode":"D7","status":"libre"},{"lockerCode":"D8","status":"libre"},{"lockerCode":"D9","status":"libre"},{"lockerCode":"D10","status":"libre"}]},{"module":"E","lockers":[{"lockerCode":"E1","status":"libre"},{"lockerCode":"E2","status":"libre"},{"lockerCode":"E3","status":"libre"},{"lockerCode":"E4","status":"libre"},{"lockerCode":"E5","status":"libre"},{"lockerCode":"E6","status":"libre"},{"lockerCode":"E7","status":"libre"},{"lockerCode":"E8","status":"libre"},{"lockerCode":"E9","status":"libre"},{"lockerCode":"E10","status":"libre"}]},{"module":"F","lockers":[{"lockerCode":"F1","status":"libre"},{"lockerCode":"F2","status":"libre"},{"lockerCode":"F3","status":"libre"},{"lockerCode":"F4","status":"ocupado"},{"lockerCode":"F5","status":"libre"},{"lockerCode":"F6","status":"deshabilitado"},{"lockerCode":"F7","status":"libre"},{"lockerCode":"F8","status":"libre"},{"lockerCode":"F9","status":"libre"},{"lockerCode":"F10","status":"libre"}]}]}
[2025-10-17 00:09:35] [INFO] [main] [openReserveLocker] Iniciando petición para abrir casillero reservado
[2025-10-17 00:09:35] [INFO] [main] [openReserveLocker] Timeout efectivo en ejecución: 30000
[2025-10-17 00:09:35] [INFO] [main] [openReserveLocker] Intento 1: HOST -> http://localhost:8080
[2025-10-17 00:09:35] [INFO] [main] [openReserveLocker] Intento 1: URL -> /api/lockers/open-reservation
[2025-10-17 00:09:35] [INFO] [main] [openReserveLocker] Intento 1: Request -> {"phone":"3103192771","pin":"1370","openBy":"user"}
[2025-10-17 00:09:35] [INFO] [main] [openReserveLocker] Response. Status: 200
[2025-10-17 00:09:35] [INFO] [main] [openReserveLocker] Response. Data: {"success":true,"message":"Casillero abierto exitosamente","lockerCode":"A1"}
[2025-10-17 00:09:37] [INFO] [main] [statusLockers] Iniciando petición para obtener casilleros disponibles
[2025-10-17 00:09:37] [INFO] [main] [statusLockers] Timeout efectivo en ejecución: 30000
[2025-10-17 00:09:37] [INFO] [main] [statusLockers] Intento 1: HOST -> http://localhost:8080
[2025-10-17 00:09:37] [INFO] [main] [statusLockers] Intento 1: URL -> /api/lockers/get-all-status
[2025-10-17 00:09:37] [INFO] [main] [statusLockers] Response. Status: 200
[2025-10-17 00:09:37] [INFO] [main] [statusLockers] Response. Data: {"general":[{"status":"reservado","total":4},{"status":"deshabilitado","total":2},{"status":"asignado","total":2},{"status":"ocupado","total":4},{"status":"libre","total":48}],"modules":[{"module":"A","lockers":[{"lockerCode":"A1","status":"reservado"},{"lockerCode":"A2","status":"reservado"},{"lockerCode":"A3","status":"reservado"},{"lockerCode":"A4","status":"reservado"},{"lockerCode":"A5","status":"asignado"},{"lockerCode":"A6","status":"libre"},{"lockerCode":"A7","status":"libre"},{"lockerCode":"A8","status":"deshabilitado"},{"lockerCode":"A9","status":"asignado"},{"lockerCode":"A10","status":"libre"}]},{"module":"B","lockers":[{"lockerCode":"B1","status":"libre"},{"lockerCode":"B2","status":"libre"},{"lockerCode":"B3","status":"libre"},{"lockerCode":"B4","status":"ocupado"},{"lockerCode":"B5","status":"libre"},{"lockerCode":"B6","status":"libre"},{"lockerCode":"B7","status":"libre"},{"lockerCode":"B8","status":"libre"},{"lockerCode":"B9","status":"libre"},{"lockerCode":"B10","status":"ocupado"}]},{"module":"C","lockers":[{"lockerCode":"C1","status":"libre"},{"lockerCode":"C2","status":"libre"},{"lockerCode":"C3","status":"libre"},{"lockerCode":"C4","status":"libre"},{"lockerCode":"C5","status":"libre"},{"lockerCode":"C6","status":"libre"},{"lockerCode":"C7","status":"libre"},{"lockerCode":"C8","status":"libre"},{"lockerCode":"C9","status":"libre"},{"lockerCode":"C10","status":"libre"}]},{"module":"D","lockers":[{"lockerCode":"D1","status":"ocupado"},{"lockerCode":"D2","status":"libre"},{"lockerCode":"D3","status":"libre"},{"lockerCode":"D4","status":"libre"},{"lockerCode":"D5","status":"libre"},{"lockerCode":"D6","status":"libre"},{"lockerCode":"D7","status":"libre"},{"lockerCode":"D8","status":"libre"},{"lockerCode":"D9","status":"libre"},{"lockerCode":"D10","status":"libre"}]},{"module":"E","lockers":[{"lockerCode":"E1","status":"libre"},{"lockerCode":"E2","status":"libre"},{"lockerCode":"E3","status":"libre"},{"lockerCode":"E4","status":"libre"},{"lockerCode":"E5","status":"libre"},{"lockerCode":"E6","status":"libre"},{"lockerCode":"E7","status":"libre"},{"lockerCode":"E8","status":"libre"},{"lockerCode":"E9","status":"libre"},{"lockerCode":"E10","status":"libre"}]},{"module":"F","lockers":[{"lockerCode":"F1","status":"libre"},{"lockerCode":"F2","status":"libre"},{"lockerCode":"F3","status":"libre"},{"lockerCode":"F4","status":"ocupado"},{"lockerCode":"F5","status":"libre"},{"lockerCode":"F6","status":"deshabilitado"},{"lockerCode":"F7","status":"libre"},{"lockerCode":"F8","status":"libre"},{"lockerCode":"F9","status":"libre"},{"lockerCode":"F10","status":"libre"}]}]}
[2025-10-17 00:09:46] [INFO] [main] [app] Scheduler diario habilitado: true | usuario config: operador | usuario actual: operador
[2025-10-17 00:09:46] [INFO] [main] [app] Scheduler semanal habilitado: true | usuario config: operador | usuario actual: operador
[2025-10-17 00:09:46] [INFO] [main] [app] Scheduler mensual habilitado: true | usuario config: operador | usuario actual: operador
[2025-10-17 00:09:46] [INFO] [main] [app] Scheduler diario habilitado: true | usuario config: operador | usuario actual: operador
[2025-10-17 00:09:46] [INFO] [main] [app] Scheduler semanal habilitado: true | usuario config: operador | usuario actual: operador
[2025-10-17 00:09:46] [INFO] [main] [app] Scheduler mensual habilitado: true | usuario config: operador | usuario actual: operador
[2025-10-17 00:10:43] [INFO] [main] [app] Scheduler diario habilitado: true | usuario config: operador | usuario actual: operador
[2025-10-17 00:10:43] [INFO] [main] [app] Scheduler semanal habilitado: true | usuario config: operador | usuario actual: operador
[2025-10-17 00:10:43] [INFO] [main] [app] Scheduler mensual habilitado: true | usuario config: operador | usuario actual: operador
[2025-10-17 00:10:43] [INFO] [main] [app] Scheduler diario habilitado: true | usuario config: operador | usuario actual: operador
[2025-10-17 00:10:43] [INFO] [main] [app] Scheduler semanal habilitado: true | usuario config: operador | usuario actual: operador
[2025-10-17 00:10:43] [INFO] [main] [app] Scheduler mensual habilitado: true | usuario config: operador | usuario actual: operador
[2025-10-17 00:10:55] [INFO] [main] [assignLocker] Timeout por parámetro: 360000
[2025-10-17 00:10:55] [INFO] [main] [assignLocker] Timeout efectivo en ejecución: 360000
[2025-10-17 00:10:55] [INFO] [main] [websocket] Conectando a WebSocket: ws://localhost:8080
[2025-10-17 00:10:55] [INFO] [main] [websocket] WebSocket conectado exitosamente
[2025-10-17 00:10:55] [INFO] [main] [assignLocker] WebSocket listo, enviando HTTP /assign...
[2025-10-17 00:10:55] [INFO] [main] [assignLocker] Iniciando petición para asignar casillero con hasta 5 reintentos
[2025-10-17 00:10:55] [INFO] [main] [assignLocker] Intento 1: HOST -> http://localhost:8080
[2025-10-17 00:10:55] [INFO] [main] [assignLocker] Intento 1: URL -> /api/lockers/assign
[2025-10-17 00:10:55] [INFO] [main] [assignLocker] Intento 1: Request -> {"phone":"3103192771","pin":"0000","openBy":"user"}
[2025-10-17 00:10:55] [INFO] [main] [assignLocker] Response. Status: 200
[2025-10-17 00:10:55] [INFO] [main] [assignLocker] Response. Data: {"success":true,"message":"Locker asignado y abierto exitosamente","lockerCode":"F7"}
[2025-10-17 00:10:55] [INFO] [main] [websocket] Cerrando conexión manualmente
[2025-10-17 00:10:55] [INFO] [main] [assignLocker] Proceso completado exitosamente
[2025-10-17 00:10:57] [WARN] [main] [websocket] Conexión cerrada
[2025-10-17 00:10:58] [INFO] [main] [statusLockers] Iniciando petición para obtener casilleros disponibles
[2025-10-17 00:10:58] [INFO] [main] [statusLockers] Timeout efectivo en ejecución: 30000
[2025-10-17 00:10:58] [INFO] [main] [statusLockers] Intento 1: HOST -> http://localhost:8080
[2025-10-17 00:10:58] [INFO] [main] [statusLockers] Intento 1: URL -> /api/lockers/get-all-status
[2025-10-17 00:10:58] [INFO] [main] [statusLockers] Response. Status: 200
[2025-10-17 00:10:58] [INFO] [main] [statusLockers] Response. Data: {"general":[{"status":"ocupado","total":5},{"status":"libre","total":47},{"status":"reservado","total":4},{"status":"deshabilitado","total":2},{"status":"asignado","total":2}],"modules":[{"module":"A","lockers":[{"lockerCode":"A1","status":"reservado"},{"lockerCode":"A2","status":"reservado"},{"lockerCode":"A3","status":"reservado"},{"lockerCode":"A4","status":"reservado"},{"lockerCode":"A5","status":"asignado"},{"lockerCode":"A6","status":"libre"},{"lockerCode":"A7","status":"libre"},{"lockerCode":"A8","status":"deshabilitado"},{"lockerCode":"A9","status":"asignado"},{"lockerCode":"A10","status":"libre"}]},{"module":"B","lockers":[{"lockerCode":"B1","status":"libre"},{"lockerCode":"B2","status":"libre"},{"lockerCode":"B3","status":"libre"},{"lockerCode":"B4","status":"ocupado"},{"lockerCode":"B5","status":"libre"},{"lockerCode":"B6","status":"libre"},{"lockerCode":"B7","status":"libre"},{"lockerCode":"B8","status":"libre"},{"lockerCode":"B9","status":"libre"},{"lockerCode":"B10","status":"ocupado"}]},{"module":"C","lockers":[{"lockerCode":"C1","status":"libre"},{"lockerCode":"C2","status":"libre"},{"lockerCode":"C3","status":"libre"},{"lockerCode":"C4","status":"libre"},{"lockerCode":"C5","status":"libre"},{"lockerCode":"C6","status":"libre"},{"lockerCode":"C7","status":"libre"},{"lockerCode":"C8","status":"libre"},{"lockerCode":"C9","status":"libre"},{"lockerCode":"C10","status":"libre"}]},{"module":"D","lockers":[{"lockerCode":"D1","status":"ocupado"},{"lockerCode":"D2","status":"libre"},{"lockerCode":"D3","status":"libre"},{"lockerCode":"D4","status":"libre"},{"lockerCode":"D5","status":"libre"},{"lockerCode":"D6","status":"libre"},{"lockerCode":"D7","status":"libre"},{"lockerCode":"D8","status":"libre"},{"lockerCode":"D9","status":"libre"},{"lockerCode":"D10","status":"libre"}]},{"module":"E","lockers":[{"lockerCode":"E1","status":"libre"},{"lockerCode":"E2","status":"libre"},{"lockerCode":"E3","status":"libre"},{"lockerCode":"E4","status":"libre"},{"lockerCode":"E5","status":"libre"},{"lockerCode":"E6","status":"libre"},{"lockerCode":"E7","status":"libre"},{"lockerCode":"E8","status":"libre"},{"lockerCode":"E9","status":"libre"},{"lockerCode":"E10","status":"libre"}]},{"module":"F","lockers":[{"lockerCode":"F1","status":"libre"},{"lockerCode":"F2","status":"libre"},{"lockerCode":"F3","status":"libre"},{"lockerCode":"F4","status":"ocupado"},{"lockerCode":"F5","status":"libre"},{"lockerCode":"F6","status":"deshabilitado"},{"lockerCode":"F7","status":"ocupado"},{"lockerCode":"F8","status":"libre"},{"lockerCode":"F9","status":"libre"},{"lockerCode":"F10","status":"libre"}]}]}
[2025-10-17 00:11:17] [INFO] [main] [openSessionLocker] Iniciando petición para abrir casillero y retirar
[2025-10-17 00:11:17] [INFO] [main] [openSessionLocker] Timeout efectivo en ejecución: 30000
[2025-10-17 00:11:17] [INFO] [main] [openSessionLocker] Intento 1: HOST -> http://localhost:8080
[2025-10-17 00:11:17] [INFO] [main] [openSessionLocker] Intento 1: URL -> /api/lockers/open-session
[2025-10-17 00:11:17] [INFO] [main] [openSessionLocker] Intento 1: Request -> {"phone":"3103192771","pin":"0000","openBy":"user"}
[2025-10-17 00:11:17] [INFO] [main] [openSessionLocker] Response. Status: 200
[2025-10-17 00:11:17] [INFO] [main] [openSessionLocker] Response. Data: {"success":true,"message":"Casillero abierto exitosamente","lockerCode":"F7"}
[2025-10-17 00:11:18] [INFO] [main] [statusLockers] Iniciando petición para obtener casilleros disponibles
[2025-10-17 00:11:18] [INFO] [main] [statusLockers] Timeout efectivo en ejecución: 30000
[2025-10-17 00:11:18] [INFO] [main] [statusLockers] Intento 1: HOST -> http://localhost:8080
[2025-10-17 00:11:18] [INFO] [main] [statusLockers] Intento 1: URL -> /api/lockers/get-all-status
[2025-10-17 00:11:18] [INFO] [main] [statusLockers] Response. Status: 200
[2025-10-17 00:11:18] [INFO] [main] [statusLockers] Response. Data: {"general":[{"status":"ocupado","total":4},{"status":"libre","total":48},{"status":"reservado","total":4},{"status":"deshabilitado","total":2},{"status":"asignado","total":2}],"modules":[{"module":"A","lockers":[{"lockerCode":"A1","status":"reservado"},{"lockerCode":"A2","status":"reservado"},{"lockerCode":"A3","status":"reservado"},{"lockerCode":"A4","status":"reservado"},{"lockerCode":"A5","status":"asignado"},{"lockerCode":"A6","status":"libre"},{"lockerCode":"A7","status":"libre"},{"lockerCode":"A8","status":"deshabilitado"},{"lockerCode":"A9","status":"asignado"},{"lockerCode":"A10","status":"libre"}]},{"module":"B","lockers":[{"lockerCode":"B1","status":"libre"},{"lockerCode":"B2","status":"libre"},{"lockerCode":"B3","status":"libre"},{"lockerCode":"B4","status":"ocupado"},{"lockerCode":"B5","status":"libre"},{"lockerCode":"B6","status":"libre"},{"lockerCode":"B7","status":"libre"},{"lockerCode":"B8","status":"libre"},{"lockerCode":"B9","status":"libre"},{"lockerCode":"B10","status":"ocupado"}]},{"module":"C","lockers":[{"lockerCode":"C1","status":"libre"},{"lockerCode":"C2","status":"libre"},{"lockerCode":"C3","status":"libre"},{"lockerCode":"C4","status":"libre"},{"lockerCode":"C5","status":"libre"},{"lockerCode":"C6","status":"libre"},{"lockerCode":"C7","status":"libre"},{"lockerCode":"C8","status":"libre"},{"lockerCode":"C9","status":"libre"},{"lockerCode":"C10","status":"libre"}]},{"module":"D","lockers":[{"lockerCode":"D1","status":"ocupado"},{"lockerCode":"D2","status":"libre"},{"lockerCode":"D3","status":"libre"},{"lockerCode":"D4","status":"libre"},{"lockerCode":"D5","status":"libre"},{"lockerCode":"D6","status":"libre"},{"lockerCode":"D7","status":"libre"},{"lockerCode":"D8","status":"libre"},{"lockerCode":"D9","status":"libre"},{"lockerCode":"D10","status":"libre"}]},{"module":"E","lockers":[{"lockerCode":"E1","status":"libre"},{"lockerCode":"E2","status":"libre"},{"lockerCode":"E3","status":"libre"},{"lockerCode":"E4","status":"libre"},{"lockerCode":"E5","status":"libre"},{"lockerCode":"E6","status":"libre"},{"lockerCode":"E7","status":"libre"},{"lockerCode":"E8","status":"libre"},{"lockerCode":"E9","status":"libre"},{"lockerCode":"E10","status":"libre"}]},{"module":"F","lockers":[{"lockerCode":"F1","status":"libre"},{"lockerCode":"F2","status":"libre"},{"lockerCode":"F3","status":"libre"},{"lockerCode":"F4","status":"ocupado"},{"lockerCode":"F5","status":"libre"},{"lockerCode":"F6","status":"deshabilitado"},{"lockerCode":"F7","status":"libre"},{"lockerCode":"F8","status":"libre"},{"lockerCode":"F9","status":"libre"},{"lockerCode":"F10","status":"libre"}]}]}
[2025-10-17 00:11:27] [INFO] [main] [openReserveLocker] Iniciando petición para abrir casillero reservado
[2025-10-17 00:11:27] [INFO] [main] [openReserveLocker] Timeout efectivo en ejecución: 30000
[2025-10-17 00:11:27] [INFO] [main] [openReserveLocker] Intento 1: HOST -> http://localhost:8080
[2025-10-17 00:11:27] [INFO] [main] [openReserveLocker] Intento 1: URL -> /api/lockers/open-reservation
[2025-10-17 00:11:27] [INFO] [main] [openReserveLocker] Intento 1: Request -> {"phone":"3103192771","pin":"0000","openBy":"user"}
[2025-10-17 00:11:27] [ERROR] [main] [openReserveLocker] [intento 1] Error HTTP: 401 - Credenciales incorrectas
[2025-10-17 00:11:32] [INFO] [main] [openReserveLocker] Iniciando petición para abrir casillero reservado
[2025-10-17 00:11:32] [INFO] [main] [openReserveLocker] Timeout efectivo en ejecución: 30000
[2025-10-17 00:11:32] [INFO] [main] [openReserveLocker] Intento 1: HOST -> http://localhost:8080
[2025-10-17 00:11:32] [INFO] [main] [openReserveLocker] Intento 1: URL -> /api/lockers/open-reservation
[2025-10-17 00:11:32] [INFO] [main] [openReserveLocker] Intento 1: Request -> {"phone":"3103192771","pin":"1370","openBy":"user"}
[2025-10-17 00:11:32] [INFO] [main] [openReserveLocker] Response. Status: 200
[2025-10-17 00:11:32] [INFO] [main] [openReserveLocker] Response. Data: {"success":true,"message":"Casillero abierto exitosamente","lockerCode":"A1"}
[2025-10-17 00:11:34] [INFO] [main] [statusLockers] Iniciando petición para obtener casilleros disponibles
[2025-10-17 00:11:34] [INFO] [main] [statusLockers] Timeout efectivo en ejecución: 30000
[2025-10-17 00:11:34] [INFO] [main] [statusLockers] Intento 1: HOST -> http://localhost:8080
[2025-10-17 00:11:34] [INFO] [main] [statusLockers] Intento 1: URL -> /api/lockers/get-all-status
[2025-10-17 00:11:34] [INFO] [main] [statusLockers] Response. Status: 200
[2025-10-17 00:11:34] [INFO] [main] [statusLockers] Response. Data: {"general":[{"status":"libre","total":48},{"status":"reservado","total":4},{"status":"deshabilitado","total":2},{"status":"asignado","total":2},{"status":"ocupado","total":4}],"modules":[{"module":"A","lockers":[{"lockerCode":"A1","status":"reservado"},{"lockerCode":"A2","status":"reservado"},{"lockerCode":"A3","status":"reservado"},{"lockerCode":"A4","status":"reservado"},{"lockerCode":"A5","status":"asignado"},{"lockerCode":"A6","status":"libre"},{"lockerCode":"A7","status":"libre"},{"lockerCode":"A8","status":"deshabilitado"},{"lockerCode":"A9","status":"asignado"},{"lockerCode":"A10","status":"libre"}]},{"module":"B","lockers":[{"lockerCode":"B1","status":"libre"},{"lockerCode":"B2","status":"libre"},{"lockerCode":"B3","status":"libre"},{"lockerCode":"B4","status":"ocupado"},{"lockerCode":"B5","status":"libre"},{"lockerCode":"B6","status":"libre"},{"lockerCode":"B7","status":"libre"},{"lockerCode":"B8","status":"libre"},{"lockerCode":"B9","status":"libre"},{"lockerCode":"B10","status":"ocupado"}]},{"module":"C","lockers":[{"lockerCode":"C1","status":"libre"},{"lockerCode":"C2","status":"libre"},{"lockerCode":"C3","status":"libre"},{"lockerCode":"C4","status":"libre"},{"lockerCode":"C5","status":"libre"},{"lockerCode":"C6","status":"libre"},{"lockerCode":"C7","status":"libre"},{"lockerCode":"C8","status":"libre"},{"lockerCode":"C9","status":"libre"},{"lockerCode":"C10","status":"libre"}]},{"module":"D","lockers":[{"lockerCode":"D1","status":"ocupado"},{"lockerCode":"D2","status":"libre"},{"lockerCode":"D3","status":"libre"},{"lockerCode":"D4","status":"libre"},{"lockerCode":"D5","status":"libre"},{"lockerCode":"D6","status":"libre"},{"lockerCode":"D7","status":"libre"},{"lockerCode":"D8","status":"libre"},{"lockerCode":"D9","status":"libre"},{"lockerCode":"D10","status":"libre"}]},{"module":"E","lockers":[{"lockerCode":"E1","status":"libre"},{"lockerCode":"E2","status":"libre"},{"lockerCode":"E3","status":"libre"},{"lockerCode":"E4","status":"libre"},{"lockerCode":"E5","status":"libre"},{"lockerCode":"E6","status":"libre"},{"lockerCode":"E7","status":"libre"},{"lockerCode":"E8","status":"libre"},{"lockerCode":"E9","status":"libre"},{"lockerCode":"E10","status":"libre"}]},{"module":"F","lockers":[{"lockerCode":"F1","status":"libre"},{"lockerCode":"F2","status":"libre"},{"lockerCode":"F3","status":"libre"},{"lockerCode":"F4","status":"ocupado"},{"lockerCode":"F5","status":"libre"},{"lockerCode":"F6","status":"deshabilitado"},{"lockerCode":"F7","status":"libre"},{"lockerCode":"F8","status":"libre"},{"lockerCode":"F9","status":"libre"},{"lockerCode":"F10","status":"libre"}]}]}
[2025-10-17 00:11:45] [INFO] [main] [app] Scheduler diario habilitado: true | usuario config: operador | usuario actual: operador
[2025-10-17 00:11:45] [INFO] [main] [app] Scheduler semanal habilitado: true | usuario config: operador | usuario actual: operador
[2025-10-17 00:11:45] [INFO] [main] [app] Scheduler mensual habilitado: true | usuario config: operador | usuario actual: operador
[2025-10-17 00:11:45] [INFO] [main] [app] Scheduler diario habilitado: true | usuario config: operador | usuario actual: operador
[2025-10-17 00:11:45] [INFO] [main] [app] Scheduler semanal habilitado: true | usuario config: operador | usuario actual: operador
[2025-10-17 00:11:45] [INFO] [main] [app] Scheduler mensual habilitado: true | usuario config: operador | usuario actual: operador
[2025-10-17 00:12:54] [INFO] [main] [app] Scheduler diario habilitado: true | usuario config: operador | usuario actual: operador
[2025-10-17 00:12:54] [INFO] [main] [app] Scheduler semanal habilitado: true | usuario config: operador | usuario actual: operador
[2025-10-17 00:12:54] [INFO] [main] [app] Scheduler mensual habilitado: true | usuario config: operador | usuario actual: operador
[2025-10-17 00:12:54] [INFO] [main] [app] Scheduler diario habilitado: true | usuario config: operador | usuario actual: operador
[2025-10-17 00:12:54] [INFO] [main] [app] Scheduler semanal habilitado: true | usuario config: operador | usuario actual: operador
[2025-10-17 00:12:54] [INFO] [main] [app] Scheduler mensual habilitado: true | usuario config: operador | usuario actual: operador
[2025-10-17 00:13:03] [INFO] [main] [app] Scheduler diario habilitado: true | usuario config: operador | usuario actual: operador
[2025-10-17 00:13:03] [INFO] [main] [app] Scheduler semanal habilitado: true | usuario config: operador | usuario actual: operador
[2025-10-17 00:13:03] [INFO] [main] [app] Scheduler mensual habilitado: true | usuario config: operador | usuario actual: operador
[2025-10-17 00:13:03] [INFO] [main] [app] Scheduler diario habilitado: true | usuario config: operador | usuario actual: operador
[2025-10-17 00:13:03] [INFO] [main] [app] Scheduler semanal habilitado: true | usuario config: operador | usuario actual: operador
[2025-10-17 00:13:03] [INFO] [main] [app] Scheduler mensual habilitado: true | usuario config: operador | usuario actual: operador
[2025-10-17 00:13:20] [INFO] [main] [app] Scheduler diario habilitado: true | usuario config: operador | usuario actual: operador
[2025-10-17 00:13:20] [INFO] [main] [app] Scheduler semanal habilitado: true | usuario config: operador | usuario actual: operador
[2025-10-17 00:13:20] [INFO] [main] [app] Scheduler mensual habilitado: true | usuario config: operador | usuario actual: operador
[2025-10-17 00:13:20] [INFO] [main] [app] Scheduler diario habilitado: true | usuario config: operador | usuario actual: operador
[2025-10-17 00:13:20] [INFO] [main] [app] Scheduler semanal habilitado: true | usuario config: operador | usuario actual: operador
[2025-10-17 00:13:20] [INFO] [main] [app] Scheduler mensual habilitado: true | usuario config: operador | usuario actual: operador
[2025-10-17 00:13:21] [INFO] [main] [app] Scheduler diario habilitado: true | usuario config: operador | usuario actual: operador
[2025-10-17 00:13:21] [INFO] [main] [app] Scheduler semanal habilitado: true | usuario config: operador | usuario actual: operador
[2025-10-17 00:13:21] [INFO] [main] [app] Scheduler mensual habilitado: true | usuario config: operador | usuario actual: operador
[2025-10-17 00:13:21] [INFO] [main] [app] Scheduler diario habilitado: true | usuario config: operador | usuario actual: operador
[2025-10-17 00:13:21] [INFO] [main] [app] Scheduler semanal habilitado: true | usuario config: operador | usuario actual: operador
[2025-10-17 00:13:21] [INFO] [main] [app] Scheduler mensual habilitado: true | usuario config: operador | usuario actual: operador
[2025-10-17 00:13:31] [ERROR] [main] [assignLocker] Timeout en HTTP (002)
[2025-10-17 00:13:43] [INFO] [main] [app] Scheduler diario habilitado: true | usuario config: operador | usuario actual: operador
[2025-10-17 00:13:43] [INFO] [main] [app] Scheduler semanal habilitado: true | usuario config: operador | usuario actual: operador
[2025-10-17 00:13:43] [INFO] [main] [app] Scheduler mensual habilitado: true | usuario config: operador | usuario actual: operador
[2025-10-17 00:13:43] [INFO] [main] [app] Scheduler diario habilitado: true | usuario config: operador | usuario actual: operador
[2025-10-17 00:13:43] [INFO] [main] [app] Scheduler semanal habilitado: true | usuario config: operador | usuario actual: operador
[2025-10-17 00:13:43] [INFO] [main] [app] Scheduler mensual habilitado: true | usuario config: operador | usuario actual: operador
[2025-10-17 00:13:53] [INFO] [main] [app] Scheduler diario habilitado: true | usuario config: operador | usuario actual: operador
[2025-10-17 00:13:53] [INFO] [main] [app] Scheduler semanal habilitado: true | usuario config: operador | usuario actual: operador
[2025-10-17 00:13:53] [INFO] [main] [app] Scheduler mensual habilitado: true | usuario config: operador | usuario actual: operador
[2025-10-17 00:13:53] [INFO] [main] [app] Scheduler diario habilitado: true | usuario config: operador | usuario actual: operador
[2025-10-17 00:13:53] [INFO] [main] [app] Scheduler semanal habilitado: true | usuario config: operador | usuario actual: operador
[2025-10-17 00:13:53] [INFO] [main] [app] Scheduler mensual habilitado: true | usuario config: operador | usuario actual: operador
[2025-10-17 00:14:20] [INFO] [main] [app] Scheduler diario habilitado: true | usuario config: operador | usuario actual: operador
[2025-10-17 00:14:20] [INFO] [main] [app] Scheduler semanal habilitado: true | usuario config: operador | usuario actual: operador
[2025-10-17 00:14:20] [INFO] [main] [app] Scheduler mensual habilitado: true | usuario config: operador | usuario actual: operador
[2025-10-17 00:14:20] [INFO] [main] [app] Scheduler diario habilitado: true | usuario config: operador | usuario actual: operador
[2025-10-17 00:14:20] [INFO] [main] [app] Scheduler semanal habilitado: true | usuario config: operador | usuario actual: operador
[2025-10-17 00:14:20] [INFO] [main] [app] Scheduler mensual habilitado: true | usuario config: operador | usuario actual: operador
[2025-10-17 00:15:08] [ERROR] [main] [assignLocker] Timeout en HTTP (002)
[2025-10-17 00:15:09] [INFO] [main] [app] Scheduler diario habilitado: true | usuario config: operador | usuario actual: operador
[2025-10-17 00:15:09] [INFO] [main] [app] Scheduler semanal habilitado: true | usuario config: operador | usuario actual: operador
[2025-10-17 00:15:09] [INFO] [main] [app] Scheduler mensual habilitado: true | usuario config: operador | usuario actual: operador
[2025-10-17 00:15:09] [INFO] [main] [app] Scheduler diario habilitado: true | usuario config: operador | usuario actual: operador
[2025-10-17 00:15:09] [INFO] [main] [app] Scheduler semanal habilitado: true | usuario config: operador | usuario actual: operador
[2025-10-17 00:15:09] [INFO] [main] [app] Scheduler mensual habilitado: true | usuario config: operador | usuario actual: operador
[2025-10-17 00:15:35] [INFO] [main] [app] Scheduler diario habilitado: true | usuario config: operador | usuario actual: operador
[2025-10-17 00:15:35] [INFO] [main] [app] Scheduler semanal habilitado: true | usuario config: operador | usuario actual: operador
[2025-10-17 00:15:35] [INFO] [main] [app] Scheduler mensual habilitado: true | usuario config: operador | usuario actual: operador
[2025-10-17 00:15:35] [INFO] [main] [app] Scheduler diario habilitado: true | usuario config: operador | usuario actual: operador
[2025-10-17 00:15:35] [INFO] [main] [app] Scheduler semanal habilitado: true | usuario config: operador | usuario actual: operador
[2025-10-17 00:15:35] [INFO] [main] [app] Scheduler mensual habilitado: true | usuario config: operador | usuario actual: operador
[2025-10-17 00:16:10] [INFO] [main] [app] Scheduler diario habilitado: true | usuario config: operador | usuario actual: operador
[2025-10-17 00:16:10] [INFO] [main] [app] Scheduler semanal habilitado: true | usuario config: operador | usuario actual: operador
[2025-10-17 00:16:10] [INFO] [main] [app] Scheduler mensual habilitado: true | usuario config: operador | usuario actual: operador
[2025-10-17 00:16:10] [INFO] [main] [app] Scheduler diario habilitado: true | usuario config: operador | usuario actual: operador
[2025-10-17 00:16:10] [INFO] [main] [app] Scheduler semanal habilitado: true | usuario config: operador | usuario actual: operador
[2025-10-17 00:16:10] [INFO] [main] [app] Scheduler mensual habilitado: true | usuario config: operador | usuario actual: operador
[2025-10-17 00:16:23] [INFO] [main] [app] Scheduler diario habilitado: true | usuario config: operador | usuario actual: operador
[2025-10-17 00:16:23] [INFO] [main] [app] Scheduler semanal habilitado: true | usuario config: operador | usuario actual: operador
[2025-10-17 00:16:23] [INFO] [main] [app] Scheduler mensual habilitado: true | usuario config: operador | usuario actual: operador
[2025-10-17 00:16:23] [INFO] [main] [app] Scheduler diario habilitado: true | usuario config: operador | usuario actual: operador
[2025-10-17 00:16:23] [INFO] [main] [app] Scheduler semanal habilitado: true | usuario config: operador | usuario actual: operador
[2025-10-17 00:16:23] [INFO] [main] [app] Scheduler mensual habilitado: true | usuario config: operador | usuario actual: operador
[2025-10-17 00:16:37] [INFO] [main] [app] Scheduler diario habilitado: true | usuario config: operador | usuario actual: operador
[2025-10-17 00:16:37] [INFO] [main] [app] Scheduler semanal habilitado: true | usuario config: operador | usuario actual: operador
[2025-10-17 00:16:37] [INFO] [main] [app] Scheduler mensual habilitado: true | usuario config: operador | usuario actual: operador
[2025-10-17 00:16:37] [INFO] [main] [app] Scheduler diario habilitado: true | usuario config: operador | usuario actual: operador
[2025-10-17 00:16:37] [INFO] [main] [app] Scheduler semanal habilitado: true | usuario config: operador | usuario actual: operador
[2025-10-17 00:16:37] [INFO] [main] [app] Scheduler mensual habilitado: true | usuario config: operador | usuario actual: operador
[2025-10-17 00:16:37] [INFO] [main] [ppal] Redirigiendo a / — authenticated=true, closeSession=true, closeWindow=false
[2025-10-17 00:16:37] [INFO] [main] [app] Componente App montado
[2025-10-17 00:16:37] [INFO] [main] [app] Versión cargada: 1.1.0
[2025-10-17 00:16:37] [INFO] [main] [useConfig] Configuración inicial obtenida
[2025-10-17 00:16:37] [INFO] [main] [useConfig] Configuración inicial obtenida
[2025-10-17 00:16:37] [INFO] [setupWatcher] Archivo setup_config.json cargado correctamente
[2025-10-17 00:16:37] [INFO] [main] Recibido config actualizado
[2025-10-17 00:16:37] [INFO] [main] [configStore] Configuración actualizada
[2025-10-17 00:16:37] [INFO] [main] [configStore] Nueva configuración recibida vía IPC
[2025-10-17 00:16:37] [INFO] [main] [useConfig] Configuración actualizada mediante onConfigUpdate
[2025-10-17 00:16:37] [INFO] [main] [useConfig] Configuración actualizada mediante onConfigUpdate
[2025-10-17 00:16:37] [INFO] [main] [useConfig] Configuración actualizada mediante onConfigUpdate
[2025-10-17 00:16:37] [INFO] [main] [useConfig] Configuración actualizada mediante onConfigUpdate
[2025-10-17 00:16:37] [INFO] [main] [useConfig] Configuración actualizada mediante onConfigUpdate
[2025-10-17 00:16:37] [INFO] [main] [useConfig] Configuración actualizada mediante onConfigUpdate
[2025-10-17 00:16:37] [INFO] [main] [useConfig] Configuración actualizada mediante onConfigUpdate
[2025-10-17 00:16:37] [INFO] [main] [useConfig] Configuración actualizada mediante onConfigUpdate
[2025-10-17 00:16:37] [INFO] [main] [useConfig] Configuración actualizada mediante onConfigUpdate
[2025-10-17 00:16:37] [INFO] [main] [useConfig] Configuración actualizada mediante onConfigUpdate
[2025-10-17 00:16:37] [INFO] [main] [useConfig] Configuración actualizada mediante onConfigUpdate
[2025-10-17 00:16:37] [INFO] [main] [useConfig] Configuración actualizada mediante onConfigUpdate
[2025-10-17 00:16:37] [INFO] [main] [useConfig] Configuración actualizada mediante onConfigUpdate
[2025-10-17 00:16:37] [INFO] [main] [useConfig] Configuración actualizada mediante onConfigUpdate
[2025-10-17 00:16:37] [INFO] [main] [useConfig] Configuración actualizada mediante onConfigUpdate
[2025-10-17 00:16:37] [INFO] [main] [useConfig] Configuración actualizada mediante onConfigUpdate
[2025-10-17 00:16:37] [INFO] [main] [useConfig] Configuración actualizada mediante onConfigUpdate
[2025-10-17 00:16:37] [INFO] [main] [useConfig] Configuración actualizada mediante onConfigUpdate
[2025-10-17 00:16:37] [INFO] [main] [useConfig] Configuración actualizada mediante onConfigUpdate
[2025-10-17 00:16:37] [INFO] [main] [useConfig] Configuración actualizada mediante onConfigUpdate
[2025-10-17 00:16:37] [INFO] [main] [app] Scheduler diario habilitado: true | usuario config: operador | usuario actual: operador
[2025-10-17 00:16:37] [INFO] [main] [app] Scheduler semanal habilitado: true | usuario config: operador | usuario actual: operador
[2025-10-17 00:16:37] [INFO] [main] [app] Scheduler mensual habilitado: true | usuario config: operador | usuario actual: operador
[2025-10-17 00:16:37] [INFO] [main] [app] Scheduler diario habilitado: true | usuario config: operador | usuario actual: operador
[2025-10-17 00:16:37] [INFO] [main] [app] Scheduler semanal habilitado: true | usuario config: operador | usuario actual: operador
[2025-10-17 00:16:37] [INFO] [main] [app] Scheduler mensual habilitado: true | usuario config: operador | usuario actual: operador
[2025-10-17 00:16:38] [INFO] [main] [app] Scheduler diario habilitado: true | usuario config: operador | usuario actual: operador
[2025-10-17 00:16:38] [INFO] [main] [app] Scheduler semanal habilitado: true | usuario config: operador | usuario actual: operador
[2025-10-17 00:16:38] [INFO] [main] [app] Scheduler mensual habilitado: true | usuario config: operador | usuario actual: operador
[2025-10-17 00:16:38] [INFO] [main] [app] Scheduler diario habilitado: true | usuario config: operador | usuario actual: operador
[2025-10-17 00:16:38] [INFO] [main] [app] Scheduler semanal habilitado: true | usuario config: operador | usuario actual: operador
[2025-10-17 00:16:38] [INFO] [main] [app] Scheduler mensual habilitado: true | usuario config: operador | usuario actual: operador
[2025-10-17 00:16:41] [INFO] [main] [login] Cierre de sesión para usuario: operador
[2025-10-17 00:16:41] [INFO] [main] [app] Scheduler diario habilitado: true | usuario config: operador | usuario actual: operador
[2025-10-17 00:16:41] [INFO] [main] [app] Scheduler semanal habilitado: true | usuario config: operador | usuario actual: operador
[2025-10-17 00:16:41] [INFO] [main] [app] Scheduler mensual habilitado: true | usuario config: operador | usuario actual: operador
[2025-10-17 00:16:41] [INFO] [main] [app] Scheduler diario habilitado: true | usuario config: operador | usuario actual: operador
[2025-10-17 00:16:41] [INFO] [main] [app] Scheduler semanal habilitado: true | usuario config: operador | usuario actual: operador
[2025-10-17 00:16:41] [INFO] [main] [app] Scheduler mensual habilitado: true | usuario config: operador | usuario actual: operador
[2025-10-17 00:16:41] [INFO] [main] [app] Componente App montado
[2025-10-17 00:16:41] [INFO] [main] [app] Versión cargada: 1.1.0
[2025-10-17 00:16:49] [INFO] [main] [login] Inicio de sesión exitoso para usuario: administrador
[2025-10-17 00:16:49] [INFO] [main] set-fullscreen: true
[2025-10-17 00:16:49] [INFO] [main] Ventana cerrándose, deteniendo TTS...
[2025-10-17 00:16:49] [INFO] [main] Creando ventana principal...
[2025-10-17 00:16:49] [INFO] [main] Cargando URL: http://localhost:5173
[2025-10-17 00:16:49] [INFO] [main] set-frame: false
[2025-10-17 00:16:49] [INFO] [main] [app] Scheduler diario habilitado: false | usuario config: operador | usuario actual: administrador
[2025-10-17 00:16:49] [INFO] [main] [app] Scheduler semanal habilitado: false | usuario config: operador | usuario actual: administrador
[2025-10-17 00:16:49] [INFO] [main] [app] Scheduler mensual habilitado: false | usuario config: operador | usuario actual: administrador
[2025-10-17 00:16:49] [INFO] [main] [app] Scheduler diario habilitado: false | usuario config: operador | usuario actual: administrador
[2025-10-17 00:16:49] [INFO] [main] [app] Scheduler semanal habilitado: false | usuario config: operador | usuario actual: administrador
[2025-10-17 00:16:49] [INFO] [main] [app] Scheduler mensual habilitado: false | usuario config: operador | usuario actual: administrador
[2025-10-17 00:16:49] [INFO] [main] [login] Usuario autenticado en sesión principal, redirigiendo a /adminlockers
[2025-10-17 00:16:49] [INFO] [main] [app] Componente App montado
[2025-10-17 00:16:49] [INFO] [main] [app] Versión cargada: 1.1.0
[2025-10-17 00:16:49] [INFO] [main] Recibido config actualizado
[2025-10-17 00:16:49] [INFO] [main] Recibido auth actualizado
[2025-10-17 00:16:49] [INFO] [main] Recibido logger actualizado
[2025-10-17 00:16:49] [INFO] [main] Recibido env actualizado
[2025-10-17 00:16:49] [INFO] [preload] Inicializando preload.js
[2025-10-17 00:16:49] [INFO] [setupWatcher] Observando archivo setup_config.json en: C:\Users\User\Documents\Personal\LockeritDesk\configFiles\setup_config.json
[2025-10-17 00:16:49] [INFO] [setupWatcher] Archivo setup_config.json cargado correctamente
[2025-10-17 00:16:49] [INFO] [preload] Watcher iniciado: setup_config.json
[2025-10-17 00:16:49] [INFO] [authWatcher] Observando archivo auth_key.json en: C:\Users\User\Documents\Personal\LockeritDesk\configFiles\auth_key.json
[2025-10-17 00:16:49] [INFO] [authWatcher] auth_key.json actualizado correctamente
[2025-10-17 00:16:49] [INFO] [preload] Watcher iniciado: auth_key.json
[2025-10-17 00:16:49] [INFO] [loggerWatcher] Observando archivo logger_config.json en: C:\Users\User\Documents\Personal\LockeritDesk\configFiles\logger_config.json
[2025-10-17 00:16:49] [INFO] [loggerWatcher] Archivo logger_config.json cargado correctamente
[2025-10-17 00:16:49] [INFO] [preload] Watcher iniciado: logger_config.json
[2025-10-17 00:16:49] [INFO] [envWatcher] Observando archivo .env en: C:\Users\User\Documents\Personal\LockeritDesk\configFiles\.env
[2025-10-17 00:16:49] [INFO] [envWatcher] Archivo .env cargado correctamente
[2025-10-17 00:16:49] [INFO] [preload] Watcher iniciado: .env
[2025-10-17 00:16:49] [INFO] [preload] API expuesta en window.electronAPI
[2025-10-17 00:16:50] [INFO] [main] [axiosConfig] API BaseURL Inicial: http://localhost:8080
[2025-10-17 00:16:50] [INFO] [main] [axiosConfig] API BaseTimeout Inicial: 30
[2025-10-17 00:16:50] [INFO] [main] [configStore] Configuración actualizada
[2025-10-17 00:16:50] [INFO] [main] [configStore] config_key.json inicial cargado exitosamente
[2025-10-17 00:16:50] [INFO] [main] [envStore] ENV inicial cargado correctamente
[2025-10-17 00:16:50] [INFO] [main] [envStore] ENV actualizado
[2025-10-17 00:16:50] [INFO] [main] [axiosConfig] API BaseTimeout actualizada dinámicamente: 30
[2025-10-17 00:16:50] [INFO] [main] [assignLocker] API BaseTimeout actualizada dinámicamente: 30
[2025-10-17 00:16:50] [INFO] [main] [authStore] Auth actualizado
[2025-10-17 00:16:50] [INFO] [main] [authStore] auth_key.json inicial cargado exitosamente
[2025-10-17 00:16:50] [INFO] [main] get-screen-data-once -> 1920x1032 factor=0.96
[2025-10-17 00:16:50] [INFO] [main] [app] Scheduler diario habilitado: false | usuario config: undefined | usuario actual: administrador
[2025-10-17 00:16:50] [INFO] [main] [app] Scheduler semanal habilitado: false | usuario config: undefined | usuario actual: administrador
[2025-10-17 00:16:50] [INFO] [main] [app] Scheduler mensual habilitado: false | usuario config: undefined | usuario actual: administrador
[2025-10-17 00:16:50] [INFO] [main] [app] Scheduler diario habilitado: false | usuario config: undefined | usuario actual: administrador
[2025-10-17 00:16:50] [INFO] [main] [app] Scheduler semanal habilitado: false | usuario config: undefined | usuario actual: administrador
[2025-10-17 00:16:50] [INFO] [main] [app] Scheduler mensual habilitado: false | usuario config: undefined | usuario actual: administrador
[2025-10-17 00:16:51] [INFO] [main] [login] Usuario autenticado en sesión principal, redirigiendo a /adminlockers
[2025-10-17 00:16:51] [INFO] [main] [copyright] Versión cargada: 1.1.0
[2025-10-17 00:16:51] [INFO] [main] [app] Componente App montado
[2025-10-17 00:16:51] [INFO] [main] [app] Versión cargada: 1.1.0
[2025-10-17 00:16:51] [INFO] [main] [copyright] Versión cargada: 1.1.0
[2025-10-17 00:16:51] [INFO] [main] [app] Componente App montado
[2025-10-17 00:16:51] [INFO] [main] [app] Versión cargada: 1.1.0
[2025-10-17 00:16:51] [INFO] [main] [app] Scheduler diario habilitado: false | usuario config: undefined | usuario actual: administrador
[2025-10-17 00:16:51] [INFO] [main] [app] Scheduler semanal habilitado: false | usuario config: undefined | usuario actual: administrador
[2025-10-17 00:16:51] [INFO] [main] [app] Scheduler mensual habilitado: false | usuario config: undefined | usuario actual: administrador
[2025-10-17 00:16:51] [INFO] [main] [app] Scheduler diario habilitado: false | usuario config: undefined | usuario actual: administrador
[2025-10-17 00:16:51] [INFO] [main] [app] Scheduler semanal habilitado: false | usuario config: undefined | usuario actual: administrador
[2025-10-17 00:16:51] [INFO] [main] [app] Scheduler mensual habilitado: false | usuario config: undefined | usuario actual: administrador
[2025-10-17 00:16:51] [INFO] [main] [useConfig] Configuración inicial obtenida
[2025-10-17 00:16:51] [INFO] [main] [useConfig] Configuración inicial obtenida
[2025-10-17 00:16:51] [INFO] [main] [useConfig] Configuración inicial obtenida
[2025-10-17 00:16:51] [INFO] [main] [useConfig] Configuración inicial obtenida
[2025-10-17 00:16:51] [INFO] [main] [useConfig] Configuración inicial obtenida
[2025-10-17 00:16:51] [INFO] [main] [useConfig] Configuración inicial obtenida
[2025-10-17 00:16:51] [INFO] [main] [app] Scheduler diario habilitado: false | usuario config: operador | usuario actual: administrador
[2025-10-17 00:16:51] [INFO] [main] [app] Scheduler semanal habilitado: false | usuario config: operador | usuario actual: administrador
[2025-10-17 00:16:51] [INFO] [main] [app] Scheduler mensual habilitado: false | usuario config: operador | usuario actual: administrador
[2025-10-17 00:16:51] [INFO] [main] [app] Scheduler diario habilitado: false | usuario config: operador | usuario actual: administrador
[2025-10-17 00:16:51] [INFO] [main] [app] Scheduler semanal habilitado: false | usuario config: operador | usuario actual: administrador
[2025-10-17 00:16:51] [INFO] [main] [app] Scheduler mensual habilitado: false | usuario config: operador | usuario actual: administrador
[2025-10-17 00:16:51] [INFO] [main] [statusLockers] Iniciando petición para obtener casilleros disponibles
[2025-10-17 00:16:51] [INFO] [main] [statusLockers] Timeout efectivo en ejecución: 30000
[2025-10-17 00:16:51] [INFO] [main] [statusLockers] Intento 1: HOST -> http://localhost:8080
[2025-10-17 00:16:51] [INFO] [main] [statusLockers] Intento 1: URL -> /api/lockers/get-all-status
[2025-10-17 00:16:51] [INFO] [main] [statusLockers] Iniciando petición para obtener casilleros disponibles
[2025-10-17 00:16:51] [INFO] [main] [statusLockers] Timeout efectivo en ejecución: 30000
[2025-10-17 00:16:51] [INFO] [main] [statusLockers] Intento 1: HOST -> http://localhost:8080
[2025-10-17 00:16:51] [INFO] [main] [statusLockers] Intento 1: URL -> /api/lockers/get-all-status
[2025-10-17 00:16:51] [INFO] [main] [useConfig] Configuración inicial obtenida
[2025-10-17 00:16:51] [INFO] [main] [useConfig] Configuración inicial obtenida
[2025-10-17 00:16:51] [INFO] [main] [useConfig] Configuración inicial obtenida
[2025-10-17 00:16:51] [INFO] [main] [useConfig] Configuración inicial obtenida
[2025-10-17 00:16:51] [INFO] [main] [statusLockers] Response. Status: 200
[2025-10-17 00:16:51] [INFO] [main] [statusLockers] Response. Data: {"general":[{"status":"reservado","total":4},{"status":"deshabilitado","total":2},{"status":"asignado","total":2},{"status":"ocupado","total":4},{"status":"libre","total":48}],"modules":[{"module":"A","lockers":[{"lockerCode":"A1","status":"reservado"},{"lockerCode":"A2","status":"reservado"},{"lockerCode":"A3","status":"reservado"},{"lockerCode":"A4","status":"reservado"},{"lockerCode":"A5","status":"asignado"},{"lockerCode":"A6","status":"libre"},{"lockerCode":"A7","status":"libre"},{"lockerCode":"A8","status":"deshabilitado"},{"lockerCode":"A9","status":"asignado"},{"lockerCode":"A10","status":"libre"}]},{"module":"B","lockers":[{"lockerCode":"B1","status":"libre"},{"lockerCode":"B2","status":"libre"},{"lockerCode":"B3","status":"libre"},{"lockerCode":"B4","status":"ocupado"},{"lockerCode":"B5","status":"libre"},{"lockerCode":"B6","status":"libre"},{"lockerCode":"B7","status":"libre"},{"lockerCode":"B8","status":"libre"},{"lockerCode":"B9","status":"libre"},{"lockerCode":"B10","status":"ocupado"}]},{"module":"C","lockers":[{"lockerCode":"C1","status":"libre"},{"lockerCode":"C2","status":"libre"},{"lockerCode":"C3","status":"libre"},{"lockerCode":"C4","status":"libre"},{"lockerCode":"C5","status":"libre"},{"lockerCode":"C6","status":"libre"},{"lockerCode":"C7","status":"libre"},{"lockerCode":"C8","status":"libre"},{"lockerCode":"C9","status":"libre"},{"lockerCode":"C10","status":"libre"}]},{"module":"D","lockers":[{"lockerCode":"D1","status":"ocupado"},{"lockerCode":"D2","status":"libre"},{"lockerCode":"D3","status":"libre"},{"lockerCode":"D4","status":"libre"},{"lockerCode":"D5","status":"libre"},{"lockerCode":"D6","status":"libre"},{"lockerCode":"D7","status":"libre"},{"lockerCode":"D8","status":"libre"},{"lockerCode":"D9","status":"libre"},{"lockerCode":"D10","status":"libre"}]},{"module":"E","lockers":[{"lockerCode":"E1","status":"libre"},{"lockerCode":"E2","status":"libre"},{"lockerCode":"E3","status":"libre"},{"lockerCode":"E4","status":"libre"},{"lockerCode":"E5","status":"libre"},{"lockerCode":"E6","status":"libre"},{"lockerCode":"E7","status":"libre"},{"lockerCode":"E8","status":"libre"},{"lockerCode":"E9","status":"libre"},{"lockerCode":"E10","status":"libre"}]},{"module":"F","lockers":[{"lockerCode":"F1","status":"libre"},{"lockerCode":"F2","status":"libre"},{"lockerCode":"F3","status":"libre"},{"lockerCode":"F4","status":"ocupado"},{"lockerCode":"F5","status":"libre"},{"lockerCode":"F6","status":"deshabilitado"},{"lockerCode":"F7","status":"libre"},{"lockerCode":"F8","status":"libre"},{"lockerCode":"F9","status":"libre"},{"lockerCode":"F10","status":"libre"}]}]}
[2025-10-17 00:16:51] [INFO] [main] [statusLockers] Response. Status: 200
[2025-10-17 00:16:51] [INFO] [main] [statusLockers] Response. Data: {"general":[{"status":"libre","total":48},{"status":"reservado","total":4},{"status":"deshabilitado","total":2},{"status":"asignado","total":2},{"status":"ocupado","total":4}],"modules":[{"module":"A","lockers":[{"lockerCode":"A1","status":"reservado"},{"lockerCode":"A2","status":"reservado"},{"lockerCode":"A3","status":"reservado"},{"lockerCode":"A4","status":"reservado"},{"lockerCode":"A5","status":"asignado"},{"lockerCode":"A6","status":"libre"},{"lockerCode":"A7","status":"libre"},{"lockerCode":"A8","status":"deshabilitado"},{"lockerCode":"A9","status":"asignado"},{"lockerCode":"A10","status":"libre"}]},{"module":"B","lockers":[{"lockerCode":"B1","status":"libre"},{"lockerCode":"B2","status":"libre"},{"lockerCode":"B3","status":"libre"},{"lockerCode":"B4","status":"ocupado"},{"lockerCode":"B5","status":"libre"},{"lockerCode":"B6","status":"libre"},{"lockerCode":"B7","status":"libre"},{"lockerCode":"B8","status":"libre"},{"lockerCode":"B9","status":"libre"},{"lockerCode":"B10","status":"ocupado"}]},{"module":"C","lockers":[{"lockerCode":"C1","status":"libre"},{"lockerCode":"C2","status":"libre"},{"lockerCode":"C3","status":"libre"},{"lockerCode":"C4","status":"libre"},{"lockerCode":"C5","status":"libre"},{"lockerCode":"C6","status":"libre"},{"lockerCode":"C7","status":"libre"},{"lockerCode":"C8","status":"libre"},{"lockerCode":"C9","status":"libre"},{"lockerCode":"C10","status":"libre"}]},{"module":"D","lockers":[{"lockerCode":"D1","status":"ocupado"},{"lockerCode":"D2","status":"libre"},{"lockerCode":"D3","status":"libre"},{"lockerCode":"D4","status":"libre"},{"lockerCode":"D5","status":"libre"},{"lockerCode":"D6","status":"libre"},{"lockerCode":"D7","status":"libre"},{"lockerCode":"D8","status":"libre"},{"lockerCode":"D9","status":"libre"},{"lockerCode":"D10","status":"libre"}]},{"module":"E","lockers":[{"lockerCode":"E1","status":"libre"},{"lockerCode":"E2","status":"libre"},{"lockerCode":"E3","status":"libre"},{"lockerCode":"E4","status":"libre"},{"lockerCode":"E5","status":"libre"},{"lockerCode":"E6","status":"libre"},{"lockerCode":"E7","status":"libre"},{"lockerCode":"E8","status":"libre"},{"lockerCode":"E9","status":"libre"},{"lockerCode":"E10","status":"libre"}]},{"module":"F","lockers":[{"lockerCode":"F1","status":"libre"},{"lockerCode":"F2","status":"libre"},{"lockerCode":"F3","status":"libre"},{"lockerCode":"F4","status":"ocupado"},{"lockerCode":"F5","status":"libre"},{"lockerCode":"F6","status":"deshabilitado"},{"lockerCode":"F7","status":"libre"},{"lockerCode":"F8","status":"libre"},{"lockerCode":"F9","status":"libre"},{"lockerCode":"F10","status":"libre"}]}]}
[2025-10-17 00:16:51] [INFO] [main] [app] Scheduler diario habilitado: false | usuario config: operador | usuario actual: administrador
[2025-10-17 00:16:51] [INFO] [main] [app] Scheduler semanal habilitado: false | usuario config: operador | usuario actual: administrador
[2025-10-17 00:16:51] [INFO] [main] [app] Scheduler mensual habilitado: false | usuario config: operador | usuario actual: administrador
[2025-10-17 00:16:51] [INFO] [main] [app] Scheduler diario habilitado: false | usuario config: operador | usuario actual: administrador
[2025-10-17 00:16:51] [INFO] [main] [app] Scheduler semanal habilitado: false | usuario config: operador | usuario actual: administrador
[2025-10-17 00:16:51] [INFO] [main] [app] Scheduler mensual habilitado: false | usuario config: operador | usuario actual: administrador
[2025-10-17 00:17:12] [INFO] [main] [app] Scheduler diario habilitado: false | usuario config: undefined | usuario actual: administrador
[2025-10-17 00:17:12] [INFO] [main] [app] Scheduler semanal habilitado: false | usuario config: undefined | usuario actual: administrador
[2025-10-17 00:17:12] [INFO] [main] [app] Scheduler mensual habilitado: false | usuario config: undefined | usuario actual: administrador
[2025-10-17 00:17:12] [INFO] [main] [app] Scheduler diario habilitado: false | usuario config: undefined | usuario actual: administrador
[2025-10-17 00:17:12] [INFO] [main] [app] Scheduler semanal habilitado: false | usuario config: undefined | usuario actual: administrador
[2025-10-17 00:17:12] [INFO] [main] [app] Scheduler mensual habilitado: false | usuario config: undefined | usuario actual: administrador
[2025-10-17 00:17:13] [INFO] [main] [statusLockers] Iniciando petición para obtener casilleros disponibles
[2025-10-17 00:17:13] [INFO] [main] [statusLockers] Timeout efectivo en ejecución: 30000
[2025-10-17 00:17:13] [INFO] [main] [statusLockers] Intento 1: HOST -> http://localhost:8080
[2025-10-17 00:17:13] [INFO] [main] [statusLockers] Intento 1: URL -> /api/lockers/get-all-status
[2025-10-17 00:17:13] [INFO] [main] [copyright] Versión cargada: 1.1.0
[2025-10-17 00:17:13] [INFO] [main] [app] Componente App montado
[2025-10-17 00:17:13] [INFO] [main] [app] Versión cargada: 1.1.0
[2025-10-17 00:17:13] [INFO] [main] [statusLockers] Iniciando petición para obtener casilleros disponibles
[2025-10-17 00:17:13] [INFO] [main] [statusLockers] Timeout efectivo en ejecución: 30000
[2025-10-17 00:17:13] [INFO] [main] [statusLockers] Intento 1: HOST -> http://localhost:8080
[2025-10-17 00:17:13] [INFO] [main] [statusLockers] Intento 1: URL -> /api/lockers/get-all-status
[2025-10-17 00:17:13] [INFO] [main] [copyright] Versión cargada: 1.1.0
[2025-10-17 00:17:13] [INFO] [main] [app] Componente App montado
[2025-10-17 00:17:13] [INFO] [main] [app] Versión cargada: 1.1.0
[2025-10-17 00:17:13] [INFO] [main] [app] Scheduler diario habilitado: false | usuario config: undefined | usuario actual: administrador
[2025-10-17 00:17:13] [INFO] [main] [app] Scheduler semanal habilitado: false | usuario config: undefined | usuario actual: administrador
[2025-10-17 00:17:13] [INFO] [main] [app] Scheduler mensual habilitado: false | usuario config: undefined | usuario actual: administrador
[2025-10-17 00:17:13] [INFO] [main] [app] Scheduler diario habilitado: false | usuario config: undefined | usuario actual: administrador
[2025-10-17 00:17:13] [INFO] [main] [app] Scheduler semanal habilitado: false | usuario config: undefined | usuario actual: administrador
[2025-10-17 00:17:13] [INFO] [main] [app] Scheduler mensual habilitado: false | usuario config: undefined | usuario actual: administrador
[2025-10-17 00:17:13] [INFO] [main] [useConfig] Configuración inicial obtenida
[2025-10-17 00:17:13] [INFO] [main] [useConfig] Configuración inicial obtenida
[2025-10-17 00:17:13] [INFO] [main] [useConfig] Configuración inicial obtenida
[2025-10-17 00:17:13] [INFO] [main] [useConfig] Configuración inicial obtenida
[2025-10-17 00:17:13] [INFO] [main] [useConfig] Configuración inicial obtenida
[2025-10-17 00:17:13] [INFO] [main] [useConfig] Configuración inicial obtenida
[2025-10-17 00:17:13] [INFO] [main] [useConfig] Configuración inicial obtenida
[2025-10-17 00:17:13] [INFO] [main] [useConfig] Configuración inicial obtenida
[2025-10-17 00:17:13] [INFO] [main] [app] Scheduler diario habilitado: false | usuario config: operador | usuario actual: administrador
[2025-10-17 00:17:13] [INFO] [main] [app] Scheduler semanal habilitado: false | usuario config: operador | usuario actual: administrador
[2025-10-17 00:17:13] [INFO] [main] [app] Scheduler mensual habilitado: false | usuario config: operador | usuario actual: administrador
[2025-10-17 00:17:13] [INFO] [main] [app] Scheduler diario habilitado: false | usuario config: operador | usuario actual: administrador
[2025-10-17 00:17:13] [INFO] [main] [app] Scheduler semanal habilitado: false | usuario config: operador | usuario actual: administrador
[2025-10-17 00:17:13] [INFO] [main] [app] Scheduler mensual habilitado: false | usuario config: operador | usuario actual: administrador
[2025-10-17 00:17:13] [INFO] [main] [statusLockers] Response. Status: 200
[2025-10-17 00:17:13] [INFO] [main] [statusLockers] Response. Data: {"general":[{"status":"ocupado","total":4},{"status":"libre","total":48},{"status":"reservado","total":4},{"status":"deshabilitado","total":2},{"status":"asignado","total":2}],"modules":[{"module":"A","lockers":[{"lockerCode":"A1","status":"reservado"},{"lockerCode":"A2","status":"reservado"},{"lockerCode":"A3","status":"reservado"},{"lockerCode":"A4","status":"reservado"},{"lockerCode":"A5","status":"asignado"},{"lockerCode":"A6","status":"libre"},{"lockerCode":"A7","status":"libre"},{"lockerCode":"A8","status":"deshabilitado"},{"lockerCode":"A9","status":"asignado"},{"lockerCode":"A10","status":"libre"}]},{"module":"B","lockers":[{"lockerCode":"B1","status":"libre"},{"lockerCode":"B2","status":"libre"},{"lockerCode":"B3","status":"libre"},{"lockerCode":"B4","status":"ocupado"},{"lockerCode":"B5","status":"libre"},{"lockerCode":"B6","status":"libre"},{"lockerCode":"B7","status":"libre"},{"lockerCode":"B8","status":"libre"},{"lockerCode":"B9","status":"libre"},{"lockerCode":"B10","status":"ocupado"}]},{"module":"C","lockers":[{"lockerCode":"C1","status":"libre"},{"lockerCode":"C2","status":"libre"},{"lockerCode":"C3","status":"libre"},{"lockerCode":"C4","status":"libre"},{"lockerCode":"C5","status":"libre"},{"lockerCode":"C6","status":"libre"},{"lockerCode":"C7","status":"libre"},{"lockerCode":"C8","status":"libre"},{"lockerCode":"C9","status":"libre"},{"lockerCode":"C10","status":"libre"}]},{"module":"D","lockers":[{"lockerCode":"D1","status":"ocupado"},{"lockerCode":"D2","status":"libre"},{"lockerCode":"D3","status":"libre"},{"lockerCode":"D4","status":"libre"},{"lockerCode":"D5","status":"libre"},{"lockerCode":"D6","status":"libre"},{"lockerCode":"D7","status":"libre"},{"lockerCode":"D8","status":"libre"},{"lockerCode":"D9","status":"libre"},{"lockerCode":"D10","status":"libre"}]},{"module":"E","lockers":[{"lockerCode":"E1","status":"libre"},{"lockerCode":"E2","status":"libre"},{"lockerCode":"E3","status":"libre"},{"lockerCode":"E4","status":"libre"},{"lockerCode":"E5","status":"libre"},{"lockerCode":"E6","status":"libre"},{"lockerCode":"E7","status":"libre"},{"lockerCode":"E8","status":"libre"},{"lockerCode":"E9","status":"libre"},{"lockerCode":"E10","status":"libre"}]},{"module":"F","lockers":[{"lockerCode":"F1","status":"libre"},{"lockerCode":"F2","status":"libre"},{"lockerCode":"F3","status":"libre"},{"lockerCode":"F4","status":"ocupado"},{"lockerCode":"F5","status":"libre"},{"lockerCode":"F6","status":"deshabilitado"},{"lockerCode":"F7","status":"libre"},{"lockerCode":"F8","status":"libre"},{"lockerCode":"F9","status":"libre"},{"lockerCode":"F10","status":"libre"}]}]}
[2025-10-17 00:17:13] [INFO] [main] [statusLockers] Response. Status: 200
[2025-10-17 00:17:13] [INFO] [main] [statusLockers] Response. Data: {"general":[{"status":"asignado","total":2},{"status":"ocupado","total":4},{"status":"libre","total":48},{"status":"reservado","total":4},{"status":"deshabilitado","total":2}],"modules":[{"module":"A","lockers":[{"lockerCode":"A1","status":"reservado"},{"lockerCode":"A2","status":"reservado"},{"lockerCode":"A3","status":"reservado"},{"lockerCode":"A4","status":"reservado"},{"lockerCode":"A5","status":"asignado"},{"lockerCode":"A6","status":"libre"},{"lockerCode":"A7","status":"libre"},{"lockerCode":"A8","status":"deshabilitado"},{"lockerCode":"A9","status":"asignado"},{"lockerCode":"A10","status":"libre"}]},{"module":"B","lockers":[{"lockerCode":"B1","status":"libre"},{"lockerCode":"B2","status":"libre"},{"lockerCode":"B3","status":"libre"},{"lockerCode":"B4","status":"ocupado"},{"lockerCode":"B5","status":"libre"},{"lockerCode":"B6","status":"libre"},{"lockerCode":"B7","status":"libre"},{"lockerCode":"B8","status":"libre"},{"lockerCode":"B9","status":"libre"},{"lockerCode":"B10","status":"ocupado"}]},{"module":"C","lockers":[{"lockerCode":"C1","status":"libre"},{"lockerCode":"C2","status":"libre"},{"lockerCode":"C3","status":"libre"},{"lockerCode":"C4","status":"libre"},{"lockerCode":"C5","status":"libre"},{"lockerCode":"C6","status":"libre"},{"lockerCode":"C7","status":"libre"},{"lockerCode":"C8","status":"libre"},{"lockerCode":"C9","status":"libre"},{"lockerCode":"C10","status":"libre"}]},{"module":"D","lockers":[{"lockerCode":"D1","status":"ocupado"},{"lockerCode":"D2","status":"libre"},{"lockerCode":"D3","status":"libre"},{"lockerCode":"D4","status":"libre"},{"lockerCode":"D5","status":"libre"},{"lockerCode":"D6","status":"libre"},{"lockerCode":"D7","status":"libre"},{"lockerCode":"D8","status":"libre"},{"lockerCode":"D9","status":"libre"},{"lockerCode":"D10","status":"libre"}]},{"module":"E","lockers":[{"lockerCode":"E1","status":"libre"},{"lockerCode":"E2","status":"libre"},{"lockerCode":"E3","status":"libre"},{"lockerCode":"E4","status":"libre"},{"lockerCode":"E5","status":"libre"},{"lockerCode":"E6","status":"libre"},{"lockerCode":"E7","status":"libre"},{"lockerCode":"E8","status":"libre"},{"lockerCode":"E9","status":"libre"},{"lockerCode":"E10","status":"libre"}]},{"module":"F","lockers":[{"lockerCode":"F1","status":"libre"},{"lockerCode":"F2","status":"libre"},{"lockerCode":"F3","status":"libre"},{"lockerCode":"F4","status":"ocupado"},{"lockerCode":"F5","status":"libre"},{"lockerCode":"F6","status":"deshabilitado"},{"lockerCode":"F7","status":"libre"},{"lockerCode":"F8","status":"libre"},{"lockerCode":"F9","status":"libre"},{"lockerCode":"F10","status":"libre"}]}]}
[2025-10-17 00:17:13] [INFO] [main] [app] Scheduler diario habilitado: false | usuario config: operador | usuario actual: administrador
[2025-10-17 00:17:13] [INFO] [main] [app] Scheduler semanal habilitado: false | usuario config: operador | usuario actual: administrador
[2025-10-17 00:17:13] [INFO] [main] [app] Scheduler mensual habilitado: false | usuario config: operador | usuario actual: administrador
[2025-10-17 00:17:13] [INFO] [main] [app] Scheduler diario habilitado: false | usuario config: operador | usuario actual: administrador
[2025-10-17 00:17:13] [INFO] [main] [app] Scheduler semanal habilitado: false | usuario config: operador | usuario actual: administrador
[2025-10-17 00:17:13] [INFO] [main] [app] Scheduler mensual habilitado: false | usuario config: operador | usuario actual: administrador
[2025-10-17 00:17:46] [INFO] [main] [app] Scheduler diario habilitado: false | usuario config: operador | usuario actual: administrador
[2025-10-17 00:17:46] [INFO] [main] [app] Scheduler semanal habilitado: false | usuario config: operador | usuario actual: administrador
[2025-10-17 00:17:46] [INFO] [main] [app] Scheduler mensual habilitado: false | usuario config: operador | usuario actual: administrador
[2025-10-17 00:17:46] [INFO] [main] [app] Scheduler diario habilitado: false | usuario config: operador | usuario actual: administrador
[2025-10-17 00:17:46] [INFO] [main] [app] Scheduler semanal habilitado: false | usuario config: operador | usuario actual: administrador
[2025-10-17 00:17:46] [INFO] [main] [app] Scheduler mensual habilitado: false | usuario config: operador | usuario actual: administrador
[2025-10-17 00:18:41] [INFO] [main] [reserve] Iniciando petición para registrar usario en pago por periodo
[2025-10-17 00:18:41] [INFO] [main] [reserve] Timeout efectivo en ejecución: 30000
[2025-10-17 00:18:41] [INFO] [main] [reserve] Intento 1: HOST -> http://localhost:8080
[2025-10-17 00:18:41] [INFO] [main] [reserve] Intento 1: URL -> /api/lockers/reserve
[2025-10-17 00:18:41] [INFO] [main] [reserve] Intento 1: Request -> {"nameUser":"Alisson ","idNumber":"1141322091","email":"alisson@correo.com","phone":"3203635090","period":"Mensual","startDate":"2025-10-17","endDate":"2025-11-16","amount":31500,"porcentage":30}
[2025-10-17 00:18:41] [INFO] [main] [reserve] Response. Status: 200
[2025-10-17 00:18:41] [INFO] [main] [reserve] Response. Data: {"success":true,"message":"Casillero reservado exitosamente","lockerCode":"A6"}
[2025-10-17 00:18:43] [INFO] [main] [statusLockers] Iniciando petición para obtener casilleros disponibles
[2025-10-17 00:18:43] [INFO] [main] [statusLockers] Timeout efectivo en ejecución: 30000
[2025-10-17 00:18:43] [INFO] [main] [statusLockers] Intento 1: HOST -> http://localhost:8080
[2025-10-17 00:18:43] [INFO] [main] [statusLockers] Intento 1: URL -> /api/lockers/get-all-status
[2025-10-17 00:18:43] [INFO] [main] [statusLockers] Response. Status: 200
[2025-10-17 00:18:43] [INFO] [main] [statusLockers] Response. Data: {"general":[{"status":"deshabilitado","total":2},{"status":"asignado","total":2},{"status":"ocupado","total":4},{"status":"libre","total":47},{"status":"reservado","total":5}],"modules":[{"module":"A","lockers":[{"lockerCode":"A1","status":"reservado"},{"lockerCode":"A2","status":"reservado"},{"lockerCode":"A3","status":"reservado"},{"lockerCode":"A4","status":"reservado"},{"lockerCode":"A5","status":"asignado"},{"lockerCode":"A6","status":"reservado"},{"lockerCode":"A7","status":"libre"},{"lockerCode":"A8","status":"deshabilitado"},{"lockerCode":"A9","status":"asignado"},{"lockerCode":"A10","status":"libre"}]},{"module":"B","lockers":[{"lockerCode":"B1","status":"libre"},{"lockerCode":"B2","status":"libre"},{"lockerCode":"B3","status":"libre"},{"lockerCode":"B4","status":"ocupado"},{"lockerCode":"B5","status":"libre"},{"lockerCode":"B6","status":"libre"},{"lockerCode":"B7","status":"libre"},{"lockerCode":"B8","status":"libre"},{"lockerCode":"B9","status":"libre"},{"lockerCode":"B10","status":"ocupado"}]},{"module":"C","lockers":[{"lockerCode":"C1","status":"libre"},{"lockerCode":"C2","status":"libre"},{"lockerCode":"C3","status":"libre"},{"lockerCode":"C4","status":"libre"},{"lockerCode":"C5","status":"libre"},{"lockerCode":"C6","status":"libre"},{"lockerCode":"C7","status":"libre"},{"lockerCode":"C8","status":"libre"},{"lockerCode":"C9","status":"libre"},{"lockerCode":"C10","status":"libre"}]},{"module":"D","lockers":[{"lockerCode":"D1","status":"ocupado"},{"lockerCode":"D2","status":"libre"},{"lockerCode":"D3","status":"libre"},{"lockerCode":"D4","status":"libre"},{"lockerCode":"D5","status":"libre"},{"lockerCode":"D6","status":"libre"},{"lockerCode":"D7","status":"libre"},{"lockerCode":"D8","status":"libre"},{"lockerCode":"D9","status":"libre"},{"lockerCode":"D10","status":"libre"}]},{"module":"E","lockers":[{"lockerCode":"E1","status":"libre"},{"lockerCode":"E2","status":"libre"},{"lockerCode":"E3","status":"libre"},{"lockerCode":"E4","status":"libre"},{"lockerCode":"E5","status":"libre"},{"lockerCode":"E6","status":"libre"},{"lockerCode":"E7","status":"libre"},{"lockerCode":"E8","status":"libre"},{"lockerCode":"E9","status":"libre"},{"lockerCode":"E10","status":"libre"}]},{"module":"F","lockers":[{"lockerCode":"F1","status":"libre"},{"lockerCode":"F2","status":"libre"},{"lockerCode":"F3","status":"libre"},{"lockerCode":"F4","status":"ocupado"},{"lockerCode":"F5","status":"libre"},{"lockerCode":"F6","status":"deshabilitado"},{"lockerCode":"F7","status":"libre"},{"lockerCode":"F8","status":"libre"},{"lockerCode":"F9","status":"libre"},{"lockerCode":"F10","status":"libre"}]}]}
[2025-10-17 00:19:19] [INFO] [main] [app] Scheduler diario habilitado: false | usuario config: operador | usuario actual: administrador
[2025-10-17 00:19:19] [INFO] [main] [app] Scheduler semanal habilitado: false | usuario config: operador | usuario actual: administrador
[2025-10-17 00:19:19] [INFO] [main] [app] Scheduler mensual habilitado: false | usuario config: operador | usuario actual: administrador
[2025-10-17 00:19:19] [INFO] [main] [app] Scheduler diario habilitado: false | usuario config: operador | usuario actual: administrador
[2025-10-17 00:19:19] [INFO] [main] [app] Scheduler semanal habilitado: false | usuario config: operador | usuario actual: administrador
[2025-10-17 00:19:19] [INFO] [main] [app] Scheduler mensual habilitado: false | usuario config: operador | usuario actual: administrador
[2025-10-17 00:21:18] [INFO] [main] [app] Scheduler diario habilitado: false | usuario config: operador | usuario actual: administrador
[2025-10-17 00:21:18] [INFO] [main] [app] Scheduler semanal habilitado: false | usuario config: operador | usuario actual: administrador
[2025-10-17 00:21:18] [INFO] [main] [app] Scheduler mensual habilitado: false | usuario config: operador | usuario actual: administrador
[2025-10-17 00:21:18] [INFO] [main] [app] Scheduler diario habilitado: false | usuario config: operador | usuario actual: administrador
[2025-10-17 00:21:18] [INFO] [main] [app] Scheduler semanal habilitado: false | usuario config: operador | usuario actual: administrador
[2025-10-17 00:21:18] [INFO] [main] [app] Scheduler mensual habilitado: false | usuario config: operador | usuario actual: administrador
[2025-10-17 00:21:20] [INFO] [main] [app] Scheduler diario habilitado: false | usuario config: operador | usuario actual: administrador
[2025-10-17 00:21:20] [INFO] [main] [app] Scheduler semanal habilitado: false | usuario config: operador | usuario actual: administrador
[2025-10-17 00:21:20] [INFO] [main] [app] Scheduler mensual habilitado: false | usuario config: operador | usuario actual: administrador
[2025-10-17 00:21:20] [INFO] [main] [app] Scheduler diario habilitado: false | usuario config: operador | usuario actual: administrador
[2025-10-17 00:21:20] [INFO] [main] [app] Scheduler semanal habilitado: false | usuario config: operador | usuario actual: administrador
[2025-10-17 00:21:20] [INFO] [main] [app] Scheduler mensual habilitado: false | usuario config: operador | usuario actual: administrador
[2025-10-17 00:21:20] [INFO] [main] [app] Componente App montado
[2025-10-17 00:21:20] [INFO] [main] [app] Versión cargada: 1.1.0
[2025-10-17 00:21:20] [INFO] [main] [useConfig] Configuración inicial obtenida
[2025-10-17 00:21:20] [INFO] [main] [useConfig] Configuración inicial obtenida
[2025-10-17 00:21:24] [INFO] [main] [login] Cierre de sesión para usuario: administrador
[2025-10-17 00:21:24] [INFO] [main] [app] Scheduler diario habilitado: false | usuario config: operador | usuario actual: administrador
[2025-10-17 00:21:24] [INFO] [main] [app] Scheduler semanal habilitado: false | usuario config: operador | usuario actual: administrador
[2025-10-17 00:21:24] [INFO] [main] [app] Scheduler mensual habilitado: false | usuario config: operador | usuario actual: administrador
[2025-10-17 00:21:24] [INFO] [main] [app] Scheduler diario habilitado: false | usuario config: operador | usuario actual: administrador
[2025-10-17 00:21:24] [INFO] [main] [app] Scheduler semanal habilitado: false | usuario config: operador | usuario actual: administrador
[2025-10-17 00:21:24] [INFO] [main] [app] Scheduler mensual habilitado: false | usuario config: operador | usuario actual: administrador
[2025-10-17 00:21:24] [INFO] [main] [app] Componente App montado
[2025-10-17 00:21:24] [INFO] [main] [app] Versión cargada: 1.1.0
[2025-10-17 00:21:29] [WARN] [main] [login] Credenciales inválidas: usuario=operador
[2025-10-17 00:21:29] [WARN] [main] [login] Intento de inicio de sesión fallido para usuario: operador
[2025-10-17 00:21:35] [INFO] [main] [login] Inicio de sesión exitoso para usuario: operador
[2025-10-17 00:21:35] [INFO] [main] set-fullscreen: true
[2025-10-17 00:21:35] [INFO] [main] Ventana cerrándose, deteniendo TTS...
[2025-10-17 00:21:35] [INFO] [main] Creando ventana principal...
[2025-10-17 00:21:35] [INFO] [main] Cargando URL: http://localhost:5173
[2025-10-17 00:21:35] [INFO] [main] set-frame: false
[2025-10-17 00:21:35] [INFO] [main] [app] Scheduler diario habilitado: true | usuario config: operador | usuario actual: operador
[2025-10-17 00:21:35] [INFO] [main] [app] Scheduler semanal habilitado: true | usuario config: operador | usuario actual: operador
[2025-10-17 00:21:35] [INFO] [main] [app] Scheduler mensual habilitado: true | usuario config: operador | usuario actual: operador
[2025-10-17 00:21:35] [INFO] [main] [app] Scheduler diario habilitado: true | usuario config: operador | usuario actual: operador
[2025-10-17 00:21:35] [INFO] [main] [app] Scheduler semanal habilitado: true | usuario config: operador | usuario actual: operador
[2025-10-17 00:21:35] [INFO] [main] [app] Scheduler mensual habilitado: true | usuario config: operador | usuario actual: operador
[2025-10-17 00:21:35] [INFO] [main] [login] Usuario autenticado en sesión principal, redirigiendo a /ppal
[2025-10-17 00:21:35] [INFO] [main] [app] Componente App montado
[2025-10-17 00:21:35] [INFO] [main] [app] Versión cargada: 1.1.0
[2025-10-17 00:21:35] [INFO] [main] [app] Scheduler diario habilitado: true | usuario config: operador | usuario actual: operador
[2025-10-17 00:21:35] [INFO] [main] [app] Scheduler semanal habilitado: true | usuario config: operador | usuario actual: operador
[2025-10-17 00:21:35] [INFO] [main] [app] Scheduler mensual habilitado: true | usuario config: operador | usuario actual: operador
[2025-10-17 00:21:35] [INFO] [main] [app] Scheduler diario habilitado: true | usuario config: operador | usuario actual: operador
[2025-10-17 00:21:35] [INFO] [main] [app] Scheduler semanal habilitado: true | usuario config: operador | usuario actual: operador
[2025-10-17 00:21:35] [INFO] [main] [app] Scheduler mensual habilitado: true | usuario config: operador | usuario actual: operador
[2025-10-17 00:21:35] [INFO] [main] Recibido config actualizado
[2025-10-17 00:21:35] [INFO] [main] Recibido auth actualizado
[2025-10-17 00:21:35] [INFO] [main] Recibido logger actualizado
[2025-10-17 00:21:35] [INFO] [main] Recibido env actualizado
[2025-10-17 00:21:35] [INFO] [preload] Inicializando preload.js
[2025-10-17 00:21:35] [INFO] [setupWatcher] Observando archivo setup_config.json en: C:\Users\User\Documents\Personal\LockeritDesk\configFiles\setup_config.json
[2025-10-17 00:21:35] [INFO] [setupWatcher] Archivo setup_config.json cargado correctamente
[2025-10-17 00:21:35] [INFO] [preload] Watcher iniciado: setup_config.json
[2025-10-17 00:21:35] [INFO] [authWatcher] Observando archivo auth_key.json en: C:\Users\User\Documents\Personal\LockeritDesk\configFiles\auth_key.json
[2025-10-17 00:21:35] [INFO] [authWatcher] auth_key.json actualizado correctamente
[2025-10-17 00:21:35] [INFO] [preload] Watcher iniciado: auth_key.json
[2025-10-17 00:21:35] [INFO] [loggerWatcher] Observando archivo logger_config.json en: C:\Users\User\Documents\Personal\LockeritDesk\configFiles\logger_config.json
[2025-10-17 00:21:35] [INFO] [loggerWatcher] Archivo logger_config.json cargado correctamente
[2025-10-17 00:21:35] [INFO] [preload] Watcher iniciado: logger_config.json
[2025-10-17 00:21:35] [INFO] [envWatcher] Observando archivo .env en: C:\Users\User\Documents\Personal\LockeritDesk\configFiles\.env
[2025-10-17 00:21:35] [INFO] [envWatcher] Archivo .env cargado correctamente
[2025-10-17 00:21:35] [INFO] [preload] Watcher iniciado: .env
[2025-10-17 00:21:35] [INFO] [preload] API expuesta en window.electronAPI
[2025-10-17 00:21:35] [INFO] [main] [axiosConfig] API BaseURL Inicial: http://localhost:8080
[2025-10-17 00:21:35] [INFO] [main] [axiosConfig] API BaseTimeout Inicial: 30
[2025-10-17 00:21:35] [INFO] [main] [configStore] Configuración actualizada
[2025-10-17 00:21:35] [INFO] [main] [configStore] config_key.json inicial cargado exitosamente
[2025-10-17 00:21:35] [INFO] [main] [envStore] ENV inicial cargado correctamente
[2025-10-17 00:21:35] [INFO] [main] [envStore] ENV actualizado
[2025-10-17 00:21:35] [INFO] [main] [axiosConfig] API BaseTimeout actualizada dinámicamente: 30
[2025-10-17 00:21:35] [INFO] [main] [assignLocker] API BaseTimeout actualizada dinámicamente: 30
[2025-10-17 00:21:35] [INFO] [main] [authStore] Auth actualizado
[2025-10-17 00:21:35] [INFO] [main] [authStore] auth_key.json inicial cargado exitosamente
[2025-10-17 00:21:36] [INFO] [main] get-screen-data-once -> 1920x1032 factor=0.96
[2025-10-17 00:21:36] [INFO] [main] [app] Scheduler diario habilitado: false | usuario config: undefined | usuario actual: operador
[2025-10-17 00:21:36] [INFO] [main] [app] Scheduler semanal habilitado: false | usuario config: undefined | usuario actual: operador
[2025-10-17 00:21:36] [INFO] [main] [app] Scheduler mensual habilitado: false | usuario config: undefined | usuario actual: operador
[2025-10-17 00:21:36] [INFO] [main] [app] Scheduler diario habilitado: false | usuario config: undefined | usuario actual: operador
[2025-10-17 00:21:36] [INFO] [main] [app] Scheduler semanal habilitado: false | usuario config: undefined | usuario actual: operador
[2025-10-17 00:21:36] [INFO] [main] [app] Scheduler mensual habilitado: false | usuario config: undefined | usuario actual: operador
[2025-10-17 00:21:36] [INFO] [main] [login] Usuario autenticado en sesión principal, redirigiendo a /ppal
[2025-10-17 00:21:36] [INFO] [main] [copyright] Versión cargada: 1.1.0
[2025-10-17 00:21:36] [INFO] [main] [app] Componente App montado
[2025-10-17 00:21:36] [INFO] [main] [app] Versión cargada: 1.1.0
[2025-10-17 00:21:36] [INFO] [main] [copyright] Versión cargada: 1.1.0
[2025-10-17 00:21:36] [INFO] [main] [app] Componente App montado
[2025-10-17 00:21:36] [INFO] [main] [app] Versión cargada: 1.1.0
[2025-10-17 00:21:36] [INFO] [main] [app] Scheduler diario habilitado: false | usuario config: undefined | usuario actual: operador
[2025-10-17 00:21:36] [INFO] [main] [app] Scheduler semanal habilitado: false | usuario config: undefined | usuario actual: operador
[2025-10-17 00:21:36] [INFO] [main] [app] Scheduler mensual habilitado: false | usuario config: undefined | usuario actual: operador
[2025-10-17 00:21:36] [INFO] [main] [app] Scheduler diario habilitado: false | usuario config: undefined | usuario actual: operador
[2025-10-17 00:21:36] [INFO] [main] [app] Scheduler semanal habilitado: false | usuario config: undefined | usuario actual: operador
[2025-10-17 00:21:36] [INFO] [main] [app] Scheduler mensual habilitado: false | usuario config: undefined | usuario actual: operador
[2025-10-17 00:21:36] [INFO] [main] [useConfig] Configuración inicial obtenida
[2025-10-17 00:21:36] [INFO] [main] [useConfig] Configuración inicial obtenida
[2025-10-17 00:21:36] [INFO] [main] [useConfig] Configuración inicial obtenida
[2025-10-17 00:21:36] [INFO] [main] [useConfig] Configuración inicial obtenida
[2025-10-17 00:21:36] [INFO] [main] [useConfig] Configuración inicial obtenida
[2025-10-17 00:21:36] [INFO] [main] [useConfig] Configuración inicial obtenida
[2025-10-17 00:21:36] [INFO] [main] [app] Scheduler diario habilitado: true | usuario config: operador | usuario actual: operador
[2025-10-17 00:21:36] [INFO] [main] [app] Scheduler semanal habilitado: true | usuario config: operador | usuario actual: operador
[2025-10-17 00:21:36] [INFO] [main] [app] Scheduler mensual habilitado: true | usuario config: operador | usuario actual: operador
[2025-10-17 00:21:36] [INFO] [main] [app] Scheduler diario habilitado: true | usuario config: operador | usuario actual: operador
[2025-10-17 00:21:36] [INFO] [main] [app] Scheduler semanal habilitado: true | usuario config: operador | usuario actual: operador
[2025-10-17 00:21:36] [INFO] [main] [app] Scheduler mensual habilitado: true | usuario config: operador | usuario actual: operador
[2025-10-17 00:21:36] [INFO] [main] [statusLockers] Iniciando petición para obtener casilleros disponibles
[2025-10-17 00:21:36] [INFO] [main] [statusLockers] Timeout efectivo en ejecución: 30000
[2025-10-17 00:21:36] [INFO] [main] [statusLockers] Intento 1: HOST -> http://localhost:8080
[2025-10-17 00:21:36] [INFO] [main] [statusLockers] Intento 1: URL -> /api/lockers/get-all-status
[2025-10-17 00:21:36] [INFO] [main] [statusLockers] Iniciando petición para obtener casilleros disponibles
[2025-10-17 00:21:36] [INFO] [main] [statusLockers] Timeout efectivo en ejecución: 30000
[2025-10-17 00:21:36] [INFO] [main] [statusLockers] Intento 1: HOST -> http://localhost:8080
[2025-10-17 00:21:36] [INFO] [main] [statusLockers] Intento 1: URL -> /api/lockers/get-all-status
[2025-10-17 00:21:36] [INFO] [main] [useConfig] Configuración inicial obtenida
[2025-10-17 00:21:36] [INFO] [main] [useConfig] Configuración inicial obtenida
[2025-10-17 00:21:36] [INFO] [main] [useConfig] Configuración inicial obtenida
[2025-10-17 00:21:36] [INFO] [main] [useConfig] Configuración inicial obtenida
[2025-10-17 00:21:36] [INFO] [main] [statusLockers] Response. Status: 200
[2025-10-17 00:21:36] [INFO] [main] [statusLockers] Response. Data: {"general":[{"status":"ocupado","total":4},{"status":"libre","total":47},{"status":"reservado","total":5},{"status":"deshabilitado","total":2},{"status":"asignado","total":2}],"modules":[{"module":"A","lockers":[{"lockerCode":"A1","status":"reservado"},{"lockerCode":"A2","status":"reservado"},{"lockerCode":"A3","status":"reservado"},{"lockerCode":"A4","status":"reservado"},{"lockerCode":"A5","status":"asignado"},{"lockerCode":"A6","status":"reservado"},{"lockerCode":"A7","status":"libre"},{"lockerCode":"A8","status":"deshabilitado"},{"lockerCode":"A9","status":"asignado"},{"lockerCode":"A10","status":"libre"}]},{"module":"B","lockers":[{"lockerCode":"B1","status":"libre"},{"lockerCode":"B2","status":"libre"},{"lockerCode":"B3","status":"libre"},{"lockerCode":"B4","status":"ocupado"},{"lockerCode":"B5","status":"libre"},{"lockerCode":"B6","status":"libre"},{"lockerCode":"B7","status":"libre"},{"lockerCode":"B8","status":"libre"},{"lockerCode":"B9","status":"libre"},{"lockerCode":"B10","status":"ocupado"}]},{"module":"C","lockers":[{"lockerCode":"C1","status":"libre"},{"lockerCode":"C2","status":"libre"},{"lockerCode":"C3","status":"libre"},{"lockerCode":"C4","status":"libre"},{"lockerCode":"C5","status":"libre"},{"lockerCode":"C6","status":"libre"},{"lockerCode":"C7","status":"libre"},{"lockerCode":"C8","status":"libre"},{"lockerCode":"C9","status":"libre"},{"lockerCode":"C10","status":"libre"}]},{"module":"D","lockers":[{"lockerCode":"D1","status":"ocupado"},{"lockerCode":"D2","status":"libre"},{"lockerCode":"D3","status":"libre"},{"lockerCode":"D4","status":"libre"},{"lockerCode":"D5","status":"libre"},{"lockerCode":"D6","status":"libre"},{"lockerCode":"D7","status":"libre"},{"lockerCode":"D8","status":"libre"},{"lockerCode":"D9","status":"libre"},{"lockerCode":"D10","status":"libre"}]},{"module":"E","lockers":[{"lockerCode":"E1","status":"libre"},{"lockerCode":"E2","status":"libre"},{"lockerCode":"E3","status":"libre"},{"lockerCode":"E4","status":"libre"},{"lockerCode":"E5","status":"libre"},{"lockerCode":"E6","status":"libre"},{"lockerCode":"E7","status":"libre"},{"lockerCode":"E8","status":"libre"},{"lockerCode":"E9","status":"libre"},{"lockerCode":"E10","status":"libre"}]},{"module":"F","lockers":[{"lockerCode":"F1","status":"libre"},{"lockerCode":"F2","status":"libre"},{"lockerCode":"F3","status":"libre"},{"lockerCode":"F4","status":"ocupado"},{"lockerCode":"F5","status":"libre"},{"lockerCode":"F6","status":"deshabilitado"},{"lockerCode":"F7","status":"libre"},{"lockerCode":"F8","status":"libre"},{"lockerCode":"F9","status":"libre"},{"lockerCode":"F10","status":"libre"}]}]}
[2025-10-17 00:21:36] [INFO] [main] [statusLockers] Response. Status: 200
[2025-10-17 00:21:36] [INFO] [main] [statusLockers] Response. Data: {"general":[{"status":"ocupado","total":4},{"status":"libre","total":47},{"status":"reservado","total":5},{"status":"deshabilitado","total":2},{"status":"asignado","total":2}],"modules":[{"module":"A","lockers":[{"lockerCode":"A1","status":"reservado"},{"lockerCode":"A2","status":"reservado"},{"lockerCode":"A3","status":"reservado"},{"lockerCode":"A4","status":"reservado"},{"lockerCode":"A5","status":"asignado"},{"lockerCode":"A6","status":"reservado"},{"lockerCode":"A7","status":"libre"},{"lockerCode":"A8","status":"deshabilitado"},{"lockerCode":"A9","status":"asignado"},{"lockerCode":"A10","status":"libre"}]},{"module":"B","lockers":[{"lockerCode":"B1","status":"libre"},{"lockerCode":"B2","status":"libre"},{"lockerCode":"B3","status":"libre"},{"lockerCode":"B4","status":"ocupado"},{"lockerCode":"B5","status":"libre"},{"lockerCode":"B6","status":"libre"},{"lockerCode":"B7","status":"libre"},{"lockerCode":"B8","status":"libre"},{"lockerCode":"B9","status":"libre"},{"lockerCode":"B10","status":"ocupado"}]},{"module":"C","lockers":[{"lockerCode":"C1","status":"libre"},{"lockerCode":"C2","status":"libre"},{"lockerCode":"C3","status":"libre"},{"lockerCode":"C4","status":"libre"},{"lockerCode":"C5","status":"libre"},{"lockerCode":"C6","status":"libre"},{"lockerCode":"C7","status":"libre"},{"lockerCode":"C8","status":"libre"},{"lockerCode":"C9","status":"libre"},{"lockerCode":"C10","status":"libre"}]},{"module":"D","lockers":[{"lockerCode":"D1","status":"ocupado"},{"lockerCode":"D2","status":"libre"},{"lockerCode":"D3","status":"libre"},{"lockerCode":"D4","status":"libre"},{"lockerCode":"D5","status":"libre"},{"lockerCode":"D6","status":"libre"},{"lockerCode":"D7","status":"libre"},{"lockerCode":"D8","status":"libre"},{"lockerCode":"D9","status":"libre"},{"lockerCode":"D10","status":"libre"}]},{"module":"E","lockers":[{"lockerCode":"E1","status":"libre"},{"lockerCode":"E2","status":"libre"},{"lockerCode":"E3","status":"libre"},{"lockerCode":"E4","status":"libre"},{"lockerCode":"E5","status":"libre"},{"lockerCode":"E6","status":"libre"},{"lockerCode":"E7","status":"libre"},{"lockerCode":"E8","status":"libre"},{"lockerCode":"E9","status":"libre"},{"lockerCode":"E10","status":"libre"}]},{"module":"F","lockers":[{"lockerCode":"F1","status":"libre"},{"lockerCode":"F2","status":"libre"},{"lockerCode":"F3","status":"libre"},{"lockerCode":"F4","status":"ocupado"},{"lockerCode":"F5","status":"libre"},{"lockerCode":"F6","status":"deshabilitado"},{"lockerCode":"F7","status":"libre"},{"lockerCode":"F8","status":"libre"},{"lockerCode":"F9","status":"libre"},{"lockerCode":"F10","status":"libre"}]}]}
[2025-10-17 00:21:37] [INFO] [main] [app] Scheduler diario habilitado: true | usuario config: operador | usuario actual: operador
[2025-10-17 00:21:37] [INFO] [main] [app] Scheduler semanal habilitado: true | usuario config: operador | usuario actual: operador
[2025-10-17 00:21:37] [INFO] [main] [app] Scheduler mensual habilitado: true | usuario config: operador | usuario actual: operador
[2025-10-17 00:21:37] [INFO] [main] [app] Scheduler diario habilitado: true | usuario config: operador | usuario actual: operador
[2025-10-17 00:21:37] [INFO] [main] [app] Scheduler semanal habilitado: true | usuario config: operador | usuario actual: operador
[2025-10-17 00:21:37] [INFO] [main] [app] Scheduler mensual habilitado: true | usuario config: operador | usuario actual: operador
[2025-10-17 00:21:40] [INFO] [main] [app] Scheduler diario habilitado: false | usuario config: undefined | usuario actual: operador
[2025-10-17 00:21:40] [INFO] [main] [app] Scheduler semanal habilitado: false | usuario config: undefined | usuario actual: operador
[2025-10-17 00:21:40] [INFO] [main] [app] Scheduler mensual habilitado: false | usuario config: undefined | usuario actual: operador
[2025-10-17 00:21:40] [INFO] [main] [app] Scheduler diario habilitado: false | usuario config: undefined | usuario actual: operador
[2025-10-17 00:21:40] [INFO] [main] [app] Scheduler semanal habilitado: false | usuario config: undefined | usuario actual: operador
[2025-10-17 00:21:40] [INFO] [main] [app] Scheduler mensual habilitado: false | usuario config: undefined | usuario actual: operador
[2025-10-17 00:21:40] [INFO] [main] [statusLockers] Iniciando petición para obtener casilleros disponibles
[2025-10-17 00:21:40] [INFO] [main] [statusLockers] Timeout efectivo en ejecución: 30000
[2025-10-17 00:21:40] [INFO] [main] [statusLockers] Intento 1: HOST -> http://localhost:8080
[2025-10-17 00:21:40] [INFO] [main] [statusLockers] Intento 1: URL -> /api/lockers/get-all-status
[2025-10-17 00:21:40] [INFO] [main] [copyright] Versión cargada: 1.1.0
[2025-10-17 00:21:40] [INFO] [main] [app] Componente App montado
[2025-10-17 00:21:40] [INFO] [main] [app] Versión cargada: 1.1.0
[2025-10-17 00:21:40] [INFO] [main] [statusLockers] Iniciando petición para obtener casilleros disponibles
[2025-10-17 00:21:40] [INFO] [main] [statusLockers] Timeout efectivo en ejecución: 30000
[2025-10-17 00:21:40] [INFO] [main] [statusLockers] Intento 1: HOST -> http://localhost:8080
[2025-10-17 00:21:40] [INFO] [main] [statusLockers] Intento 1: URL -> /api/lockers/get-all-status
[2025-10-17 00:21:40] [INFO] [main] [copyright] Versión cargada: 1.1.0
[2025-10-17 00:21:40] [INFO] [main] [app] Componente App montado
[2025-10-17 00:21:40] [INFO] [main] [app] Versión cargada: 1.1.0
[2025-10-17 00:21:40] [INFO] [main] [app] Scheduler diario habilitado: false | usuario config: undefined | usuario actual: operador
[2025-10-17 00:21:40] [INFO] [main] [app] Scheduler semanal habilitado: false | usuario config: undefined | usuario actual: operador
[2025-10-17 00:21:40] [INFO] [main] [app] Scheduler mensual habilitado: false | usuario config: undefined | usuario actual: operador
[2025-10-17 00:21:40] [INFO] [main] [app] Scheduler diario habilitado: false | usuario config: undefined | usuario actual: operador
[2025-10-17 00:21:40] [INFO] [main] [app] Scheduler semanal habilitado: false | usuario config: undefined | usuario actual: operador
[2025-10-17 00:21:40] [INFO] [main] [app] Scheduler mensual habilitado: false | usuario config: undefined | usuario actual: operador
[2025-10-17 00:21:40] [INFO] [main] [useConfig] Configuración inicial obtenida
[2025-10-17 00:21:40] [INFO] [main] [useConfig] Configuración inicial obtenida
[2025-10-17 00:21:40] [INFO] [main] [useConfig] Configuración inicial obtenida
[2025-10-17 00:21:40] [INFO] [main] [useConfig] Configuración inicial obtenida
[2025-10-17 00:21:40] [INFO] [main] [useConfig] Configuración inicial obtenida
[2025-10-17 00:21:40] [INFO] [main] [useConfig] Configuración inicial obtenida
[2025-10-17 00:21:40] [INFO] [main] [useConfig] Configuración inicial obtenida
[2025-10-17 00:21:40] [INFO] [main] [useConfig] Configuración inicial obtenida
[2025-10-17 00:21:40] [INFO] [main] [app] Scheduler diario habilitado: true | usuario config: operador | usuario actual: operador
[2025-10-17 00:21:40] [INFO] [main] [app] Scheduler semanal habilitado: true | usuario config: operador | usuario actual: operador
[2025-10-17 00:21:40] [INFO] [main] [app] Scheduler mensual habilitado: true | usuario config: operador | usuario actual: operador
[2025-10-17 00:21:40] [INFO] [main] [app] Scheduler diario habilitado: true | usuario config: operador | usuario actual: operador
[2025-10-17 00:21:40] [INFO] [main] [app] Scheduler semanal habilitado: true | usuario config: operador | usuario actual: operador
[2025-10-17 00:21:40] [INFO] [main] [app] Scheduler mensual habilitado: true | usuario config: operador | usuario actual: operador
[2025-10-17 00:21:40] [INFO] [main] [statusLockers] Response. Status: 200
[2025-10-17 00:21:40] [INFO] [main] [statusLockers] Response. Data: {"general":[{"status":"reservado","total":5},{"status":"deshabilitado","total":2},{"status":"asignado","total":2},{"status":"ocupado","total":4},{"status":"libre","total":47}],"modules":[{"module":"A","lockers":[{"lockerCode":"A1","status":"reservado"},{"lockerCode":"A2","status":"reservado"},{"lockerCode":"A3","status":"reservado"},{"lockerCode":"A4","status":"reservado"},{"lockerCode":"A5","status":"asignado"},{"lockerCode":"A6","status":"reservado"},{"lockerCode":"A7","status":"libre"},{"lockerCode":"A8","status":"deshabilitado"},{"lockerCode":"A9","status":"asignado"},{"lockerCode":"A10","status":"libre"}]},{"module":"B","lockers":[{"lockerCode":"B1","status":"libre"},{"lockerCode":"B2","status":"libre"},{"lockerCode":"B3","status":"libre"},{"lockerCode":"B4","status":"ocupado"},{"lockerCode":"B5","status":"libre"},{"lockerCode":"B6","status":"libre"},{"lockerCode":"B7","status":"libre"},{"lockerCode":"B8","status":"libre"},{"lockerCode":"B9","status":"libre"},{"lockerCode":"B10","status":"ocupado"}]},{"module":"C","lockers":[{"lockerCode":"C1","status":"libre"},{"lockerCode":"C2","status":"libre"},{"lockerCode":"C3","status":"libre"},{"lockerCode":"C4","status":"libre"},{"lockerCode":"C5","status":"libre"},{"lockerCode":"C6","status":"libre"},{"lockerCode":"C7","status":"libre"},{"lockerCode":"C8","status":"libre"},{"lockerCode":"C9","status":"libre"},{"lockerCode":"C10","status":"libre"}]},{"module":"D","lockers":[{"lockerCode":"D1","status":"ocupado"},{"lockerCode":"D2","status":"libre"},{"lockerCode":"D3","status":"libre"},{"lockerCode":"D4","status":"libre"},{"lockerCode":"D5","status":"libre"},{"lockerCode":"D6","status":"libre"},{"lockerCode":"D7","status":"libre"},{"lockerCode":"D8","status":"libre"},{"lockerCode":"D9","status":"libre"},{"lockerCode":"D10","status":"libre"}]},{"module":"E","lockers":[{"lockerCode":"E1","status":"libre"},{"lockerCode":"E2","status":"libre"},{"lockerCode":"E3","status":"libre"},{"lockerCode":"E4","status":"libre"},{"lockerCode":"E5","status":"libre"},{"lockerCode":"E6","status":"libre"},{"lockerCode":"E7","status":"libre"},{"lockerCode":"E8","status":"libre"},{"lockerCode":"E9","status":"libre"},{"lockerCode":"E10","status":"libre"}]},{"module":"F","lockers":[{"lockerCode":"F1","status":"libre"},{"lockerCode":"F2","status":"libre"},{"lockerCode":"F3","status":"libre"},{"lockerCode":"F4","status":"ocupado"},{"lockerCode":"F5","status":"libre"},{"lockerCode":"F6","status":"deshabilitado"},{"lockerCode":"F7","status":"libre"},{"lockerCode":"F8","status":"libre"},{"lockerCode":"F9","status":"libre"},{"lockerCode":"F10","status":"libre"}]}]}
[2025-10-17 00:21:40] [INFO] [main] [statusLockers] Response. Status: 200
[2025-10-17 00:21:40] [INFO] [main] [statusLockers] Response. Data: {"general":[{"status":"ocupado","total":4},{"status":"libre","total":47},{"status":"reservado","total":5},{"status":"deshabilitado","total":2},{"status":"asignado","total":2}],"modules":[{"module":"A","lockers":[{"lockerCode":"A1","status":"reservado"},{"lockerCode":"A2","status":"reservado"},{"lockerCode":"A3","status":"reservado"},{"lockerCode":"A4","status":"reservado"},{"lockerCode":"A5","status":"asignado"},{"lockerCode":"A6","status":"reservado"},{"lockerCode":"A7","status":"libre"},{"lockerCode":"A8","status":"deshabilitado"},{"lockerCode":"A9","status":"asignado"},{"lockerCode":"A10","status":"libre"}]},{"module":"B","lockers":[{"lockerCode":"B1","status":"libre"},{"lockerCode":"B2","status":"libre"},{"lockerCode":"B3","status":"libre"},{"lockerCode":"B4","status":"ocupado"},{"lockerCode":"B5","status":"libre"},{"lockerCode":"B6","status":"libre"},{"lockerCode":"B7","status":"libre"},{"lockerCode":"B8","status":"libre"},{"lockerCode":"B9","status":"libre"},{"lockerCode":"B10","status":"ocupado"}]},{"module":"C","lockers":[{"lockerCode":"C1","status":"libre"},{"lockerCode":"C2","status":"libre"},{"lockerCode":"C3","status":"libre"},{"lockerCode":"C4","status":"libre"},{"lockerCode":"C5","status":"libre"},{"lockerCode":"C6","status":"libre"},{"lockerCode":"C7","status":"libre"},{"lockerCode":"C8","status":"libre"},{"lockerCode":"C9","status":"libre"},{"lockerCode":"C10","status":"libre"}]},{"module":"D","lockers":[{"lockerCode":"D1","status":"ocupado"},{"lockerCode":"D2","status":"libre"},{"lockerCode":"D3","status":"libre"},{"lockerCode":"D4","status":"libre"},{"lockerCode":"D5","status":"libre"},{"lockerCode":"D6","status":"libre"},{"lockerCode":"D7","status":"libre"},{"lockerCode":"D8","status":"libre"},{"lockerCode":"D9","status":"libre"},{"lockerCode":"D10","status":"libre"}]},{"module":"E","lockers":[{"lockerCode":"E1","status":"libre"},{"lockerCode":"E2","status":"libre"},{"lockerCode":"E3","status":"libre"},{"lockerCode":"E4","status":"libre"},{"lockerCode":"E5","status":"libre"},{"lockerCode":"E6","status":"libre"},{"lockerCode":"E7","status":"libre"},{"lockerCode":"E8","status":"libre"},{"lockerCode":"E9","status":"libre"},{"lockerCode":"E10","status":"libre"}]},{"module":"F","lockers":[{"lockerCode":"F1","status":"libre"},{"lockerCode":"F2","status":"libre"},{"lockerCode":"F3","status":"libre"},{"lockerCode":"F4","status":"ocupado"},{"lockerCode":"F5","status":"libre"},{"lockerCode":"F6","status":"deshabilitado"},{"lockerCode":"F7","status":"libre"},{"lockerCode":"F8","status":"libre"},{"lockerCode":"F9","status":"libre"},{"lockerCode":"F10","status":"libre"}]}]}
[2025-10-17 00:21:40] [INFO] [main] [app] Scheduler diario habilitado: true | usuario config: operador | usuario actual: operador
[2025-10-17 00:21:40] [INFO] [main] [app] Scheduler semanal habilitado: true | usuario config: operador | usuario actual: operador
[2025-10-17 00:21:40] [INFO] [main] [app] Scheduler mensual habilitado: true | usuario config: operador | usuario actual: operador
[2025-10-17 00:21:40] [INFO] [main] [app] Scheduler diario habilitado: true | usuario config: operador | usuario actual: operador
[2025-10-17 00:21:40] [INFO] [main] [app] Scheduler semanal habilitado: true | usuario config: operador | usuario actual: operador
[2025-10-17 00:21:40] [INFO] [main] [app] Scheduler mensual habilitado: true | usuario config: operador | usuario actual: operador
[2025-10-17 00:21:59] [INFO] [setupWatcher] Archivo setup_config.json cargado correctamente
[2025-10-17 00:21:59] [INFO] [main] Recibido config actualizado
[2025-10-17 00:21:59] [INFO] [setupWatcher] Archivo setup_config.json cargado correctamente
[2025-10-17 00:21:59] [INFO] [main] Recibido config actualizado
[2025-10-17 00:21:59] [INFO] [main] Recibido config actualizado
[2025-10-17 00:21:59] [INFO] [main] [configStore] Configuración actualizada
[2025-10-17 00:21:59] [INFO] [main] [configStore] Nueva configuración recibida vía IPC
[2025-10-17 00:21:59] [INFO] [main] [useConfig] Configuración actualizada mediante onConfigUpdate
[2025-10-17 00:21:59] [INFO] [main] [useConfig] Configuración actualizada mediante onConfigUpdate
[2025-10-17 00:21:59] [INFO] [main] [useConfig] Configuración actualizada mediante onConfigUpdate
[2025-10-17 00:21:59] [INFO] [main] [useConfig] Configuración actualizada mediante onConfigUpdate
[2025-10-17 00:21:59] [INFO] [main] [useConfig] Configuración actualizada mediante onConfigUpdate
[2025-10-17 00:21:59] [INFO] [main] [useConfig] Configuración actualizada mediante onConfigUpdate
[2025-10-17 00:21:59] [INFO] [main] [useConfig] Configuración actualizada mediante onConfigUpdate
[2025-10-17 00:21:59] [INFO] [main] [useConfig] Configuración actualizada mediante onConfigUpdate
[2025-10-17 00:21:59] [INFO] [main] [useConfig] Configuración actualizada mediante onConfigUpdate
[2025-10-17 00:21:59] [INFO] [main] [useConfig] Configuración actualizada mediante onConfigUpdate
[2025-10-17 00:21:59] [INFO] [main] [useConfig] Configuración actualizada mediante onConfigUpdate
[2025-10-17 00:21:59] [INFO] [main] [useConfig] Configuración actualizada mediante onConfigUpdate
[2025-10-17 00:21:59] [INFO] [main] [useConfig] Configuración actualizada mediante onConfigUpdate
[2025-10-17 00:21:59] [INFO] [main] [useConfig] Configuración actualizada mediante onConfigUpdate
[2025-10-17 00:21:59] [INFO] [main] [useConfig] Configuración actualizada mediante onConfigUpdate
[2025-10-17 00:21:59] [INFO] [main] [useConfig] Configuración actualizada mediante onConfigUpdate
[2025-10-17 00:21:59] [INFO] [main] [useConfig] Configuración actualizada mediante onConfigUpdate
[2025-10-17 00:21:59] [INFO] [main] [useConfig] Configuración actualizada mediante onConfigUpdate
[2025-10-17 00:21:59] [INFO] [main] [app] Scheduler diario habilitado: true | usuario config: operador | usuario actual: operador
[2025-10-17 00:21:59] [INFO] [main] [app] Scheduler semanal habilitado: true | usuario config: operador | usuario actual: operador
[2025-10-17 00:21:59] [INFO] [main] [app] Scheduler mensual habilitado: true | usuario config: operador | usuario actual: operador
[2025-10-17 00:21:59] [INFO] [main] [app] Scheduler diario habilitado: true | usuario config: operador | usuario actual: operador
[2025-10-17 00:21:59] [INFO] [main] [app] Scheduler semanal habilitado: true | usuario config: operador | usuario actual: operador
[2025-10-17 00:21:59] [INFO] [main] [app] Scheduler mensual habilitado: true | usuario config: operador | usuario actual: operador
[2025-10-17 00:21:59] [INFO] [main] [configStore] Configuración actualizada
[2025-10-17 00:21:59] [INFO] [main] [configStore] Nueva configuración recibida vía IPC
[2025-10-17 00:21:59] [INFO] [main] [useConfig] Configuración actualizada mediante onConfigUpdate
[2025-10-17 00:21:59] [INFO] [main] [useConfig] Configuración actualizada mediante onConfigUpdate
[2025-10-17 00:21:59] [INFO] [main] [useConfig] Configuración actualizada mediante onConfigUpdate
[2025-10-17 00:21:59] [INFO] [main] [useConfig] Configuración actualizada mediante onConfigUpdate
[2025-10-17 00:21:59] [INFO] [main] [useConfig] Configuración actualizada mediante onConfigUpdate
[2025-10-17 00:21:59] [INFO] [main] [useConfig] Configuración actualizada mediante onConfigUpdate
[2025-10-17 00:21:59] [INFO] [main] [useConfig] Configuración actualizada mediante onConfigUpdate
[2025-10-17 00:21:59] [INFO] [main] [useConfig] Configuración actualizada mediante onConfigUpdate
[2025-10-17 00:21:59] [INFO] [main] [useConfig] Configuración actualizada mediante onConfigUpdate
[2025-10-17 00:21:59] [INFO] [main] [useConfig] Configuración actualizada mediante onConfigUpdate
[2025-10-17 00:21:59] [INFO] [main] [useConfig] Configuración actualizada mediante onConfigUpdate
[2025-10-17 00:21:59] [INFO] [main] [useConfig] Configuración actualizada mediante onConfigUpdate
[2025-10-17 00:21:59] [INFO] [main] [useConfig] Configuración actualizada mediante onConfigUpdate
[2025-10-17 00:21:59] [INFO] [main] [useConfig] Configuración actualizada mediante onConfigUpdate
[2025-10-17 00:21:59] [INFO] [main] [useConfig] Configuración actualizada mediante onConfigUpdate
[2025-10-17 00:21:59] [INFO] [main] [useConfig] Configuración actualizada mediante onConfigUpdate
[2025-10-17 00:21:59] [INFO] [main] [useConfig] Configuración actualizada mediante onConfigUpdate
[2025-10-17 00:21:59] [INFO] [main] [useConfig] Configuración actualizada mediante onConfigUpdate
[2025-10-17 00:21:59] [INFO] [main] [configStore] Configuración actualizada
[2025-10-17 00:21:59] [INFO] [main] [configStore] Nueva configuración recibida vía IPC
[2025-10-17 00:21:59] [INFO] [main] [useConfig] Configuración actualizada mediante onConfigUpdate
[2025-10-17 00:21:59] [INFO] [main] [useConfig] Configuración actualizada mediante onConfigUpdate
[2025-10-17 00:21:59] [INFO] [main] [useConfig] Configuración actualizada mediante onConfigUpdate
[2025-10-17 00:21:59] [INFO] [main] [useConfig] Configuración actualizada mediante onConfigUpdate
[2025-10-17 00:21:59] [INFO] [main] [useConfig] Configuración actualizada mediante onConfigUpdate
[2025-10-17 00:21:59] [INFO] [main] [useConfig] Configuración actualizada mediante onConfigUpdate
[2025-10-17 00:21:59] [INFO] [main] [useConfig] Configuración actualizada mediante onConfigUpdate
[2025-10-17 00:21:59] [INFO] [main] [useConfig] Configuración actualizada mediante onConfigUpdate
[2025-10-17 00:21:59] [INFO] [main] [useConfig] Configuración actualizada mediante onConfigUpdate
[2025-10-17 00:21:59] [INFO] [main] [useConfig] Configuración actualizada mediante onConfigUpdate
[2025-10-17 00:21:59] [INFO] [main] [useConfig] Configuración actualizada mediante onConfigUpdate
[2025-10-17 00:21:59] [INFO] [main] [useConfig] Configuración actualizada mediante onConfigUpdate
[2025-10-17 00:21:59] [INFO] [main] [useConfig] Configuración actualizada mediante onConfigUpdate
[2025-10-17 00:21:59] [INFO] [main] [useConfig] Configuración actualizada mediante onConfigUpdate
[2025-10-17 00:21:59] [INFO] [main] [useConfig] Configuración actualizada mediante onConfigUpdate
[2025-10-17 00:21:59] [INFO] [main] [useConfig] Configuración actualizada mediante onConfigUpdate
[2025-10-17 00:21:59] [INFO] [main] [useConfig] Configuración actualizada mediante onConfigUpdate
[2025-10-17 00:21:59] [INFO] [main] [useConfig] Configuración actualizada mediante onConfigUpdate
[2025-10-17 00:21:59] [INFO] [main] [app] Scheduler diario habilitado: true | usuario config: operador | usuario actual: operador
[2025-10-17 00:21:59] [INFO] [main] [app] Scheduler semanal habilitado: true | usuario config: operador | usuario actual: operador
[2025-10-17 00:21:59] [INFO] [main] [app] Scheduler mensual habilitado: true | usuario config: operador | usuario actual: operador
[2025-10-17 00:21:59] [INFO] [main] [app] Scheduler diario habilitado: true | usuario config: operador | usuario actual: operador
[2025-10-17 00:21:59] [INFO] [main] [app] Scheduler semanal habilitado: true | usuario config: operador | usuario actual: operador
[2025-10-17 00:21:59] [INFO] [main] [app] Scheduler mensual habilitado: true | usuario config: operador | usuario actual: operador
[2025-10-17 00:21:59] [INFO] [setupWatcher] Archivo setup_config.json cargado correctamente
[2025-10-17 00:21:59] [INFO] [setupWatcher] Archivo setup_config.json cargado correctamente
[2025-10-17 00:21:59] [INFO] [main] Recibido config actualizado
[2025-10-17 00:21:59] [INFO] [main] [configStore] Configuración actualizada
[2025-10-17 00:21:59] [INFO] [main] [configStore] Nueva configuración recibida vía IPC
[2025-10-17 00:21:59] [INFO] [main] [useConfig] Configuración actualizada mediante onConfigUpdate
[2025-10-17 00:21:59] [INFO] [main] [useConfig] Configuración actualizada mediante onConfigUpdate
[2025-10-17 00:21:59] [INFO] [main] [useConfig] Configuración actualizada mediante onConfigUpdate
[2025-10-17 00:21:59] [INFO] [main] [useConfig] Configuración actualizada mediante onConfigUpdate
[2025-10-17 00:21:59] [INFO] [main] [useConfig] Configuración actualizada mediante onConfigUpdate
[2025-10-17 00:21:59] [INFO] [main] [useConfig] Configuración actualizada mediante onConfigUpdate
[2025-10-17 00:21:59] [INFO] [main] [useConfig] Configuración actualizada mediante onConfigUpdate
[2025-10-17 00:21:59] [INFO] [main] [useConfig] Configuración actualizada mediante onConfigUpdate
[2025-10-17 00:21:59] [INFO] [main] [useConfig] Configuración actualizada mediante onConfigUpdate
[2025-10-17 00:21:59] [INFO] [main] [useConfig] Configuración actualizada mediante onConfigUpdate
[2025-10-17 00:21:59] [INFO] [main] [useConfig] Configuración actualizada mediante onConfigUpdate
[2025-10-17 00:21:59] [INFO] [main] [useConfig] Configuración actualizada mediante onConfigUpdate
[2025-10-17 00:21:59] [INFO] [main] [useConfig] Configuración actualizada mediante onConfigUpdate
[2025-10-17 00:21:59] [INFO] [main] [useConfig] Configuración actualizada mediante onConfigUpdate
[2025-10-17 00:21:59] [INFO] [main] [useConfig] Configuración actualizada mediante onConfigUpdate
[2025-10-17 00:21:59] [INFO] [main] [useConfig] Configuración actualizada mediante onConfigUpdate
[2025-10-17 00:21:59] [INFO] [main] [useConfig] Configuración actualizada mediante onConfigUpdate
[2025-10-17 00:21:59] [INFO] [main] [useConfig] Configuración actualizada mediante onConfigUpdate
[2025-10-17 00:21:59] [INFO] [main] [app] Scheduler diario habilitado: true | usuario config: operador | usuario actual: operador
[2025-10-17 00:21:59] [INFO] [main] [app] Scheduler semanal habilitado: true | usuario config: operador | usuario actual: operador
[2025-10-17 00:21:59] [INFO] [main] [app] Scheduler mensual habilitado: true | usuario config: operador | usuario actual: operador
[2025-10-17 00:21:59] [INFO] [main] [app] Scheduler diario habilitado: true | usuario config: operador | usuario actual: operador
[2025-10-17 00:21:59] [INFO] [main] [app] Scheduler semanal habilitado: true | usuario config: operador | usuario actual: operador
[2025-10-17 00:21:59] [INFO] [main] [app] Scheduler mensual habilitado: true | usuario config: operador | usuario actual: operador
[2025-10-17 00:21:59] [INFO] [main] [app] Scheduler diario habilitado: true | usuario config: operador | usuario actual: operador
[2025-10-17 00:21:59] [INFO] [main] [app] Scheduler semanal habilitado: true | usuario config: operador | usuario actual: operador
[2025-10-17 00:21:59] [INFO] [main] [app] Scheduler mensual habilitado: true | usuario config: operador | usuario actual: operador
[2025-10-17 00:21:59] [INFO] [main] [app] Scheduler diario habilitado: true | usuario config: operador | usuario actual: operador
[2025-10-17 00:21:59] [INFO] [main] [app] Scheduler semanal habilitado: true | usuario config: operador | usuario actual: operador
[2025-10-17 00:21:59] [INFO] [main] [app] Scheduler mensual habilitado: true | usuario config: operador | usuario actual: operador
[2025-10-17 00:21:59] [INFO] [main] [app] Scheduler diario habilitado: true | usuario config: operador | usuario actual: operador
[2025-10-17 00:21:59] [INFO] [main] [app] Scheduler semanal habilitado: true | usuario config: operador | usuario actual: operador
[2025-10-17 00:21:59] [INFO] [main] [app] Scheduler mensual habilitado: true | usuario config: operador | usuario actual: operador
[2025-10-17 00:21:59] [INFO] [main] [app] Scheduler diario habilitado: true | usuario config: operador | usuario actual: operador
[2025-10-17 00:21:59] [INFO] [main] [app] Scheduler semanal habilitado: true | usuario config: operador | usuario actual: operador
[2025-10-17 00:21:59] [INFO] [main] [app] Scheduler mensual habilitado: true | usuario config: operador | usuario actual: operador
[2025-10-17 00:21:59] [INFO] [main] [app] Scheduler diario habilitado: true | usuario config: operador | usuario actual: operador
[2025-10-17 00:21:59] [INFO] [main] [app] Scheduler semanal habilitado: true | usuario config: operador | usuario actual: operador
[2025-10-17 00:21:59] [INFO] [main] [app] Scheduler mensual habilitado: true | usuario config: operador | usuario actual: operador
[2025-10-17 00:21:59] [INFO] [main] [app] Scheduler diario habilitado: true | usuario config: operador | usuario actual: operador
[2025-10-17 00:21:59] [INFO] [main] [app] Scheduler semanal habilitado: true | usuario config: operador | usuario actual: operador
[2025-10-17 00:21:59] [INFO] [main] [app] Scheduler mensual habilitado: true | usuario config: operador | usuario actual: operador
[2025-10-17 00:22:00] [INFO] Voz seleccionada por usuario: Microsoft Sabina Desktop
[2025-10-17 00:22:00] [INFO] [main] [app] Scheduler diario habilitado: true | usuario config: operador | usuario actual: operador
[2025-10-17 00:22:00] [INFO] [main] [app] Scheduler semanal habilitado: true | usuario config: operador | usuario actual: operador
[2025-10-17 00:22:00] [INFO] [main] [app] Scheduler mensual habilitado: true | usuario config: operador | usuario actual: operador
[2025-10-17 00:22:00] [INFO] [main] [app] Scheduler diario habilitado: true | usuario config: operador | usuario actual: operador
[2025-10-17 00:22:00] [INFO] [main] [app] Scheduler semanal habilitado: true | usuario config: operador | usuario actual: operador
[2025-10-17 00:22:00] [INFO] [main] [app] Scheduler mensual habilitado: true | usuario config: operador | usuario actual: operador
[2025-10-17 00:22:04] [INFO] [main] [app] Scheduler diario habilitado: true | usuario config: operador | usuario actual: operador
[2025-10-17 00:22:04] [INFO] [main] [app] Scheduler semanal habilitado: true | usuario config: operador | usuario actual: operador
[2025-10-17 00:22:04] [INFO] [main] [app] Scheduler mensual habilitado: true | usuario config: operador | usuario actual: operador
[2025-10-17 00:22:04] [INFO] [main] [app] Scheduler diario habilitado: true | usuario config: operador | usuario actual: operador
[2025-10-17 00:22:04] [INFO] [main] [app] Scheduler semanal habilitado: true | usuario config: operador | usuario actual: operador
[2025-10-17 00:22:04] [INFO] [main] [app] Scheduler mensual habilitado: true | usuario config: operador | usuario actual: operador
[2025-10-17 00:22:04] [INFO] [main] [ppal] Redirigiendo a / — authenticated=true, closeSession=true, closeWindow=false
[2025-10-17 00:22:04] [INFO] [main] [app] Componente App montado
[2025-10-17 00:22:04] [INFO] [main] [app] Versión cargada: 1.1.0
[2025-10-17 00:22:04] [INFO] [main] [useConfig] Configuración inicial obtenida
[2025-10-17 00:22:04] [INFO] [main] [useConfig] Configuración inicial obtenida
[2025-10-17 00:22:08] [INFO] [main] [login] Cierre de sesión para usuario: operador
[2025-10-17 00:22:08] [INFO] [main] [app] Scheduler diario habilitado: true | usuario config: operador | usuario actual: operador
[2025-10-17 00:22:08] [INFO] [main] [app] Scheduler semanal habilitado: true | usuario config: operador | usuario actual: operador
[2025-10-17 00:22:08] [INFO] [main] [app] Scheduler mensual habilitado: true | usuario config: operador | usuario actual: operador
[2025-10-17 00:22:08] [INFO] [main] [app] Scheduler diario habilitado: true | usuario config: operador | usuario actual: operador
[2025-10-17 00:22:08] [INFO] [main] [app] Scheduler semanal habilitado: true | usuario config: operador | usuario actual: operador
[2025-10-17 00:22:08] [INFO] [main] [app] Scheduler mensual habilitado: true | usuario config: operador | usuario actual: operador
[2025-10-17 00:22:08] [INFO] [main] [app] Componente App montado
[2025-10-17 00:22:08] [INFO] [main] [app] Versión cargada: 1.1.0
[2025-10-17 00:22:16] [INFO] [main] [login] Inicio de sesión exitoso para usuario: administrador
[2025-10-17 00:22:16] [INFO] [main] set-fullscreen: true
[2025-10-17 00:22:16] [INFO] [main] Ventana cerrándose, deteniendo TTS...
[2025-10-17 00:22:16] [INFO] [main] Creando ventana principal...
[2025-10-17 00:22:16] [INFO] [main] Cargando URL: http://localhost:5173
[2025-10-17 00:22:16] [INFO] [main] set-frame: false
[2025-10-17 00:22:16] [INFO] [main] [app] Scheduler diario habilitado: false | usuario config: operador | usuario actual: administrador
[2025-10-17 00:22:16] [INFO] [main] [app] Scheduler semanal habilitado: false | usuario config: operador | usuario actual: administrador
[2025-10-17 00:22:16] [INFO] [main] [app] Scheduler mensual habilitado: false | usuario config: operador | usuario actual: administrador
[2025-10-17 00:22:16] [INFO] [main] [app] Scheduler diario habilitado: false | usuario config: operador | usuario actual: administrador
[2025-10-17 00:22:16] [INFO] [main] [app] Scheduler semanal habilitado: false | usuario config: operador | usuario actual: administrador
[2025-10-17 00:22:16] [INFO] [main] [app] Scheduler mensual habilitado: false | usuario config: operador | usuario actual: administrador
[2025-10-17 00:22:16] [INFO] [main] [login] Usuario autenticado en sesión principal, redirigiendo a /adminlockers
[2025-10-17 00:22:16] [INFO] [main] [app] Componente App montado
[2025-10-17 00:22:16] [INFO] [main] [app] Versión cargada: 1.1.0
[2025-10-17 00:22:16] [INFO] [main] Recibido config actualizado
[2025-10-17 00:22:16] [INFO] [main] Recibido auth actualizado
[2025-10-17 00:22:16] [INFO] [main] Recibido logger actualizado
[2025-10-17 00:22:16] [INFO] [main] Recibido env actualizado
[2025-10-17 00:22:16] [INFO] [preload] Inicializando preload.js
[2025-10-17 00:22:16] [INFO] [setupWatcher] Observando archivo setup_config.json en: C:\Users\User\Documents\Personal\LockeritDesk\configFiles\setup_config.json
[2025-10-17 00:22:16] [INFO] [setupWatcher] Archivo setup_config.json cargado correctamente
[2025-10-17 00:22:16] [INFO] [preload] Watcher iniciado: setup_config.json
[2025-10-17 00:22:16] [INFO] [authWatcher] Observando archivo auth_key.json en: C:\Users\User\Documents\Personal\LockeritDesk\configFiles\auth_key.json
[2025-10-17 00:22:16] [INFO] [authWatcher] auth_key.json actualizado correctamente
[2025-10-17 00:22:16] [INFO] [preload] Watcher iniciado: auth_key.json
[2025-10-17 00:22:16] [INFO] [loggerWatcher] Observando archivo logger_config.json en: C:\Users\User\Documents\Personal\LockeritDesk\configFiles\logger_config.json
[2025-10-17 00:22:16] [INFO] [loggerWatcher] Archivo logger_config.json cargado correctamente
[2025-10-17 00:22:16] [INFO] [preload] Watcher iniciado: logger_config.json
[2025-10-17 00:22:16] [INFO] [envWatcher] Observando archivo .env en: C:\Users\User\Documents\Personal\LockeritDesk\configFiles\.env
[2025-10-17 00:22:16] [INFO] [envWatcher] Archivo .env cargado correctamente
[2025-10-17 00:22:16] [INFO] [preload] Watcher iniciado: .env
[2025-10-17 00:22:16] [INFO] [preload] API expuesta en window.electronAPI
[2025-10-17 00:22:16] [INFO] [main] [axiosConfig] API BaseURL Inicial: http://localhost:8080
[2025-10-17 00:22:16] [INFO] [main] [axiosConfig] API BaseTimeout Inicial: 30
[2025-10-17 00:22:16] [INFO] [main] [configStore] Configuración actualizada
[2025-10-17 00:22:16] [INFO] [main] [configStore] config_key.json inicial cargado exitosamente
[2025-10-17 00:22:16] [INFO] [main] [envStore] ENV inicial cargado correctamente
[2025-10-17 00:22:16] [INFO] [main] [envStore] ENV actualizado
[2025-10-17 00:22:16] [INFO] [main] [axiosConfig] API BaseTimeout actualizada dinámicamente: 30
[2025-10-17 00:22:16] [INFO] [main] [assignLocker] API BaseTimeout actualizada dinámicamente: 30
[2025-10-17 00:22:16] [INFO] [main] [authStore] Auth actualizado
[2025-10-17 00:22:16] [INFO] [main] [authStore] auth_key.json inicial cargado exitosamente
[2025-10-17 00:22:17] [INFO] [main] get-screen-data-once -> 1920x1032 factor=0.96
[2025-10-17 00:22:17] [INFO] [main] [app] Scheduler diario habilitado: false | usuario config: undefined | usuario actual: administrador
[2025-10-17 00:22:17] [INFO] [main] [app] Scheduler semanal habilitado: false | usuario config: undefined | usuario actual: administrador
[2025-10-17 00:22:17] [INFO] [main] [app] Scheduler mensual habilitado: false | usuario config: undefined | usuario actual: administrador
[2025-10-17 00:22:17] [INFO] [main] [app] Scheduler diario habilitado: false | usuario config: undefined | usuario actual: administrador
[2025-10-17 00:22:17] [INFO] [main] [app] Scheduler semanal habilitado: false | usuario config: undefined | usuario actual: administrador
[2025-10-17 00:22:17] [INFO] [main] [app] Scheduler mensual habilitado: false | usuario config: undefined | usuario actual: administrador
[2025-10-17 00:22:17] [INFO] [main] [login] Usuario autenticado en sesión principal, redirigiendo a /adminlockers
[2025-10-17 00:22:17] [INFO] [main] [copyright] Versión cargada: 1.1.0
[2025-10-17 00:22:17] [INFO] [main] [app] Componente App montado
[2025-10-17 00:22:17] [INFO] [main] [app] Versión cargada: 1.1.0
[2025-10-17 00:22:17] [INFO] [main] [copyright] Versión cargada: 1.1.0
[2025-10-17 00:22:17] [INFO] [main] [app] Componente App montado
[2025-10-17 00:22:17] [INFO] [main] [app] Versión cargada: 1.1.0
[2025-10-17 00:22:17] [INFO] [main] [app] Scheduler diario habilitado: false | usuario config: undefined | usuario actual: administrador
[2025-10-17 00:22:17] [INFO] [main] [app] Scheduler semanal habilitado: false | usuario config: undefined | usuario actual: administrador
[2025-10-17 00:22:17] [INFO] [main] [app] Scheduler mensual habilitado: false | usuario config: undefined | usuario actual: administrador
[2025-10-17 00:22:17] [INFO] [main] [app] Scheduler diario habilitado: false | usuario config: undefined | usuario actual: administrador
[2025-10-17 00:22:17] [INFO] [main] [app] Scheduler semanal habilitado: false | usuario config: undefined | usuario actual: administrador
[2025-10-17 00:22:17] [INFO] [main] [app] Scheduler mensual habilitado: false | usuario config: undefined | usuario actual: administrador
[2025-10-17 00:22:17] [INFO] [main] [useConfig] Configuración inicial obtenida
[2025-10-17 00:22:17] [INFO] [main] [useConfig] Configuración inicial obtenida
[2025-10-17 00:22:17] [INFO] [main] [useConfig] Configuración inicial obtenida
[2025-10-17 00:22:17] [INFO] [main] [useConfig] Configuración inicial obtenida
[2025-10-17 00:22:17] [INFO] [main] [useConfig] Configuración inicial obtenida
[2025-10-17 00:22:17] [INFO] [main] [useConfig] Configuración inicial obtenida
[2025-10-17 00:22:17] [INFO] [main] [app] Scheduler diario habilitado: false | usuario config: operador | usuario actual: administrador
[2025-10-17 00:22:17] [INFO] [main] [app] Scheduler semanal habilitado: false | usuario config: operador | usuario actual: administrador
[2025-10-17 00:22:17] [INFO] [main] [app] Scheduler mensual habilitado: false | usuario config: operador | usuario actual: administrador
[2025-10-17 00:22:17] [INFO] [main] [app] Scheduler diario habilitado: false | usuario config: operador | usuario actual: administrador
[2025-10-17 00:22:17] [INFO] [main] [app] Scheduler semanal habilitado: false | usuario config: operador | usuario actual: administrador
[2025-10-17 00:22:17] [INFO] [main] [app] Scheduler mensual habilitado: false | usuario config: operador | usuario actual: administrador
[2025-10-17 00:22:18] [INFO] [main] [statusLockers] Iniciando petición para obtener casilleros disponibles
[2025-10-17 00:22:18] [INFO] [main] [statusLockers] Timeout efectivo en ejecución: 30000
[2025-10-17 00:22:18] [INFO] [main] [statusLockers] Intento 1: HOST -> http://localhost:8080
[2025-10-17 00:22:18] [INFO] [main] [statusLockers] Intento 1: URL -> /api/lockers/get-all-status
[2025-10-17 00:22:18] [INFO] [main] [statusLockers] Iniciando petición para obtener casilleros disponibles
[2025-10-17 00:22:18] [INFO] [main] [statusLockers] Timeout efectivo en ejecución: 30000
[2025-10-17 00:22:18] [INFO] [main] [statusLockers] Intento 1: HOST -> http://localhost:8080
[2025-10-17 00:22:18] [INFO] [main] [statusLockers] Intento 1: URL -> /api/lockers/get-all-status
[2025-10-17 00:22:18] [INFO] [main] [useConfig] Configuración inicial obtenida
[2025-10-17 00:22:18] [INFO] [main] [useConfig] Configuración inicial obtenida
[2025-10-17 00:22:18] [INFO] [main] [useConfig] Configuración inicial obtenida
[2025-10-17 00:22:18] [INFO] [main] [useConfig] Configuración inicial obtenida
[2025-10-17 00:22:18] [INFO] [main] [statusLockers] Response. Status: 200
[2025-10-17 00:22:18] [INFO] [main] [statusLockers] Response. Data: {"general":[{"status":"deshabilitado","total":2},{"status":"asignado","total":2},{"status":"ocupado","total":4},{"status":"libre","total":47},{"status":"reservado","total":5}],"modules":[{"module":"A","lockers":[{"lockerCode":"A1","status":"reservado"},{"lockerCode":"A2","status":"reservado"},{"lockerCode":"A3","status":"reservado"},{"lockerCode":"A4","status":"reservado"},{"lockerCode":"A5","status":"asignado"},{"lockerCode":"A6","status":"reservado"},{"lockerCode":"A7","status":"libre"},{"lockerCode":"A8","status":"deshabilitado"},{"lockerCode":"A9","status":"asignado"},{"lockerCode":"A10","status":"libre"}]},{"module":"B","lockers":[{"lockerCode":"B1","status":"libre"},{"lockerCode":"B2","status":"libre"},{"lockerCode":"B3","status":"libre"},{"lockerCode":"B4","status":"ocupado"},{"lockerCode":"B5","status":"libre"},{"lockerCode":"B6","status":"libre"},{"lockerCode":"B7","status":"libre"},{"lockerCode":"B8","status":"libre"},{"lockerCode":"B9","status":"libre"},{"lockerCode":"B10","status":"ocupado"}]},{"module":"C","lockers":[{"lockerCode":"C1","status":"libre"},{"lockerCode":"C2","status":"libre"},{"lockerCode":"C3","status":"libre"},{"lockerCode":"C4","status":"libre"},{"lockerCode":"C5","status":"libre"},{"lockerCode":"C6","status":"libre"},{"lockerCode":"C7","status":"libre"},{"lockerCode":"C8","status":"libre"},{"lockerCode":"C9","status":"libre"},{"lockerCode":"C10","status":"libre"}]},{"module":"D","lockers":[{"lockerCode":"D1","status":"ocupado"},{"lockerCode":"D2","status":"libre"},{"lockerCode":"D3","status":"libre"},{"lockerCode":"D4","status":"libre"},{"lockerCode":"D5","status":"libre"},{"lockerCode":"D6","status":"libre"},{"lockerCode":"D7","status":"libre"},{"lockerCode":"D8","status":"libre"},{"lockerCode":"D9","status":"libre"},{"lockerCode":"D10","status":"libre"}]},{"module":"E","lockers":[{"lockerCode":"E1","status":"libre"},{"lockerCode":"E2","status":"libre"},{"lockerCode":"E3","status":"libre"},{"lockerCode":"E4","status":"libre"},{"lockerCode":"E5","status":"libre"},{"lockerCode":"E6","status":"libre"},{"lockerCode":"E7","status":"libre"},{"lockerCode":"E8","status":"libre"},{"lockerCode":"E9","status":"libre"},{"lockerCode":"E10","status":"libre"}]},{"module":"F","lockers":[{"lockerCode":"F1","status":"libre"},{"lockerCode":"F2","status":"libre"},{"lockerCode":"F3","status":"libre"},{"lockerCode":"F4","status":"ocupado"},{"lockerCode":"F5","status":"libre"},{"lockerCode":"F6","status":"deshabilitado"},{"lockerCode":"F7","status":"libre"},{"lockerCode":"F8","status":"libre"},{"lockerCode":"F9","status":"libre"},{"lockerCode":"F10","status":"libre"}]}]}
[2025-10-17 00:22:18] [INFO] [main] [statusLockers] Response. Status: 200
[2025-10-17 00:22:18] [INFO] [main] [statusLockers] Response. Data: {"general":[{"status":"asignado","total":2},{"status":"ocupado","total":4},{"status":"libre","total":47},{"status":"reservado","total":5},{"status":"deshabilitado","total":2}],"modules":[{"module":"A","lockers":[{"lockerCode":"A1","status":"reservado"},{"lockerCode":"A2","status":"reservado"},{"lockerCode":"A3","status":"reservado"},{"lockerCode":"A4","status":"reservado"},{"lockerCode":"A5","status":"asignado"},{"lockerCode":"A6","status":"reservado"},{"lockerCode":"A7","status":"libre"},{"lockerCode":"A8","status":"deshabilitado"},{"lockerCode":"A9","status":"asignado"},{"lockerCode":"A10","status":"libre"}]},{"module":"B","lockers":[{"lockerCode":"B1","status":"libre"},{"lockerCode":"B2","status":"libre"},{"lockerCode":"B3","status":"libre"},{"lockerCode":"B4","status":"ocupado"},{"lockerCode":"B5","status":"libre"},{"lockerCode":"B6","status":"libre"},{"lockerCode":"B7","status":"libre"},{"lockerCode":"B8","status":"libre"},{"lockerCode":"B9","status":"libre"},{"lockerCode":"B10","status":"ocupado"}]},{"module":"C","lockers":[{"lockerCode":"C1","status":"libre"},{"lockerCode":"C2","status":"libre"},{"lockerCode":"C3","status":"libre"},{"lockerCode":"C4","status":"libre"},{"lockerCode":"C5","status":"libre"},{"lockerCode":"C6","status":"libre"},{"lockerCode":"C7","status":"libre"},{"lockerCode":"C8","status":"libre"},{"lockerCode":"C9","status":"libre"},{"lockerCode":"C10","status":"libre"}]},{"module":"D","lockers":[{"lockerCode":"D1","status":"ocupado"},{"lockerCode":"D2","status":"libre"},{"lockerCode":"D3","status":"libre"},{"lockerCode":"D4","status":"libre"},{"lockerCode":"D5","status":"libre"},{"lockerCode":"D6","status":"libre"},{"lockerCode":"D7","status":"libre"},{"lockerCode":"D8","status":"libre"},{"lockerCode":"D9","status":"libre"},{"lockerCode":"D10","status":"libre"}]},{"module":"E","lockers":[{"lockerCode":"E1","status":"libre"},{"lockerCode":"E2","status":"libre"},{"lockerCode":"E3","status":"libre"},{"lockerCode":"E4","status":"libre"},{"lockerCode":"E5","status":"libre"},{"lockerCode":"E6","status":"libre"},{"lockerCode":"E7","status":"libre"},{"lockerCode":"E8","status":"libre"},{"lockerCode":"E9","status":"libre"},{"lockerCode":"E10","status":"libre"}]},{"module":"F","lockers":[{"lockerCode":"F1","status":"libre"},{"lockerCode":"F2","status":"libre"},{"lockerCode":"F3","status":"libre"},{"lockerCode":"F4","status":"ocupado"},{"lockerCode":"F5","status":"libre"},{"lockerCode":"F6","status":"deshabilitado"},{"lockerCode":"F7","status":"libre"},{"lockerCode":"F8","status":"libre"},{"lockerCode":"F9","status":"libre"},{"lockerCode":"F10","status":"libre"}]}]}
[2025-10-17 00:22:18] [INFO] [main] [app] Scheduler diario habilitado: false | usuario config: operador | usuario actual: administrador
[2025-10-17 00:22:18] [INFO] [main] [app] Scheduler semanal habilitado: false | usuario config: operador | usuario actual: administrador
[2025-10-17 00:22:18] [INFO] [main] [app] Scheduler mensual habilitado: false | usuario config: operador | usuario actual: administrador
[2025-10-17 00:22:18] [INFO] [main] [app] Scheduler diario habilitado: false | usuario config: operador | usuario actual: administrador
[2025-10-17 00:22:18] [INFO] [main] [app] Scheduler semanal habilitado: false | usuario config: operador | usuario actual: administrador
[2025-10-17 00:22:18] [INFO] [main] [app] Scheduler mensual habilitado: false | usuario config: operador | usuario actual: administrador
[2025-10-17 00:22:31] [INFO] [main] [openByCodeLocker] Iniciando petición para abrir casillero
[2025-10-17 00:22:31] [INFO] [main] [openByCodeLocker] Timeout efectivo en ejecución: 30000
[2025-10-17 00:22:31] [INFO] [main] [openByCodeLocker] Intento 1: HOST -> http://localhost:8080
[2025-10-17 00:22:31] [INFO] [main] [openByCodeLocker] Intento 1: URL -> /api/lockers/open-by-code
[2025-10-17 00:22:31] [INFO] [main] [openByCodeLocker] Intento 1: Request -> {"lockerCode":"A1","setFree":true,"openBy":"local"}
[2025-10-17 00:22:31] [INFO] [main] [openByCodeLocker] Response. Status: 200
[2025-10-17 00:22:31] [INFO] [main] [openByCodeLocker] Response. Data: {"success":true,"message":"Casillero abierto exitosamente","lockerCode":"A1"}
[2025-10-17 00:22:31] [INFO] [main] [statusLockers] Iniciando petición para obtener casilleros disponibles
[2025-10-17 00:22:31] [INFO] [main] [statusLockers] Timeout efectivo en ejecución: 30000
[2025-10-17 00:22:31] [INFO] [main] [statusLockers] Intento 1: HOST -> http://localhost:8080
[2025-10-17 00:22:31] [INFO] [main] [statusLockers] Intento 1: URL -> /api/lockers/get-all-status
[2025-10-17 00:22:31] [INFO] [main] [statusLockers] Response. Status: 200
[2025-10-17 00:22:31] [INFO] [main] [statusLockers] Response. Data: {"general":[{"status":"ocupado","total":4},{"status":"libre","total":48},{"status":"reservado","total":4},{"status":"deshabilitado","total":2},{"status":"asignado","total":2}],"modules":[{"module":"A","lockers":[{"lockerCode":"A1","status":"libre"},{"lockerCode":"A2","status":"reservado"},{"lockerCode":"A3","status":"reservado"},{"lockerCode":"A4","status":"reservado"},{"lockerCode":"A5","status":"asignado"},{"lockerCode":"A6","status":"reservado"},{"lockerCode":"A7","status":"libre"},{"lockerCode":"A8","status":"deshabilitado"},{"lockerCode":"A9","status":"asignado"},{"lockerCode":"A10","status":"libre"}]},{"module":"B","lockers":[{"lockerCode":"B1","status":"libre"},{"lockerCode":"B2","status":"libre"},{"lockerCode":"B3","status":"libre"},{"lockerCode":"B4","status":"ocupado"},{"lockerCode":"B5","status":"libre"},{"lockerCode":"B6","status":"libre"},{"lockerCode":"B7","status":"libre"},{"lockerCode":"B8","status":"libre"},{"lockerCode":"B9","status":"libre"},{"lockerCode":"B10","status":"ocupado"}]},{"module":"C","lockers":[{"lockerCode":"C1","status":"libre"},{"lockerCode":"C2","status":"libre"},{"lockerCode":"C3","status":"libre"},{"lockerCode":"C4","status":"libre"},{"lockerCode":"C5","status":"libre"},{"lockerCode":"C6","status":"libre"},{"lockerCode":"C7","status":"libre"},{"lockerCode":"C8","status":"libre"},{"lockerCode":"C9","status":"libre"},{"lockerCode":"C10","status":"libre"}]},{"module":"D","lockers":[{"lockerCode":"D1","status":"ocupado"},{"lockerCode":"D2","status":"libre"},{"lockerCode":"D3","status":"libre"},{"lockerCode":"D4","status":"libre"},{"lockerCode":"D5","status":"libre"},{"lockerCode":"D6","status":"libre"},{"lockerCode":"D7","status":"libre"},{"lockerCode":"D8","status":"libre"},{"lockerCode":"D9","status":"libre"},{"lockerCode":"D10","status":"libre"}]},{"module":"E","lockers":[{"lockerCode":"E1","status":"libre"},{"lockerCode":"E2","status":"libre"},{"lockerCode":"E3","status":"libre"},{"lockerCode":"E4","status":"libre"},{"lockerCode":"E5","status":"libre"},{"lockerCode":"E6","status":"libre"},{"lockerCode":"E7","status":"libre"},{"lockerCode":"E8","status":"libre"},{"lockerCode":"E9","status":"libre"},{"lockerCode":"E10","status":"libre"}]},{"module":"F","lockers":[{"lockerCode":"F1","status":"libre"},{"lockerCode":"F2","status":"libre"},{"lockerCode":"F3","status":"libre"},{"lockerCode":"F4","status":"ocupado"},{"lockerCode":"F5","status":"libre"},{"lockerCode":"F6","status":"deshabilitado"},{"lockerCode":"F7","status":"libre"},{"lockerCode":"F8","status":"libre"},{"lockerCode":"F9","status":"libre"},{"lockerCode":"F10","status":"libre"}]}]}
[2025-10-17 00:22:42] [INFO] [main] [openByCodeLocker] Iniciando petición para abrir casillero
[2025-10-17 00:22:42] [INFO] [main] [openByCodeLocker] Timeout efectivo en ejecución: 30000
[2025-10-17 00:22:42] [INFO] [main] [openByCodeLocker] Intento 1: HOST -> http://localhost:8080
[2025-10-17 00:22:42] [INFO] [main] [openByCodeLocker] Intento 1: URL -> /api/lockers/open-by-code
[2025-10-17 00:22:42] [INFO] [main] [openByCodeLocker] Intento 1: Request -> {"lockerCode":"A2","setFree":false,"openBy":"local"}
[2025-10-17 00:22:42] [INFO] [main] [openByCodeLocker] Response. Status: 200
[2025-10-17 00:22:42] [INFO] [main] [openByCodeLocker] Response. Data: {"success":true,"message":"Casillero abierto exitosamente","lockerCode":"A2"}
[2025-10-17 00:22:42] [INFO] [main] [statusLockers] Iniciando petición para obtener casilleros disponibles
[2025-10-17 00:22:42] [INFO] [main] [statusLockers] Timeout efectivo en ejecución: 30000
[2025-10-17 00:22:42] [INFO] [main] [statusLockers] Intento 1: HOST -> http://localhost:8080
[2025-10-17 00:22:42] [INFO] [main] [statusLockers] Intento 1: URL -> /api/lockers/get-all-status
[2025-10-17 00:22:42] [INFO] [main] [statusLockers] Response. Status: 200
[2025-10-17 00:22:42] [INFO] [main] [statusLockers] Response. Data: {"general":[{"status":"ocupado","total":4},{"status":"libre","total":48},{"status":"reservado","total":4},{"status":"deshabilitado","total":2},{"status":"asignado","total":2}],"modules":[{"module":"A","lockers":[{"lockerCode":"A1","status":"libre"},{"lockerCode":"A2","status":"reservado"},{"lockerCode":"A3","status":"reservado"},{"lockerCode":"A4","status":"reservado"},{"lockerCode":"A5","status":"asignado"},{"lockerCode":"A6","status":"reservado"},{"lockerCode":"A7","status":"libre"},{"lockerCode":"A8","status":"deshabilitado"},{"lockerCode":"A9","status":"asignado"},{"lockerCode":"A10","status":"libre"}]},{"module":"B","lockers":[{"lockerCode":"B1","status":"libre"},{"lockerCode":"B2","status":"libre"},{"lockerCode":"B3","status":"libre"},{"lockerCode":"B4","status":"ocupado"},{"lockerCode":"B5","status":"libre"},{"lockerCode":"B6","status":"libre"},{"lockerCode":"B7","status":"libre"},{"lockerCode":"B8","status":"libre"},{"lockerCode":"B9","status":"libre"},{"lockerCode":"B10","status":"ocupado"}]},{"module":"C","lockers":[{"lockerCode":"C1","status":"libre"},{"lockerCode":"C2","status":"libre"},{"lockerCode":"C3","status":"libre"},{"lockerCode":"C4","status":"libre"},{"lockerCode":"C5","status":"libre"},{"lockerCode":"C6","status":"libre"},{"lockerCode":"C7","status":"libre"},{"lockerCode":"C8","status":"libre"},{"lockerCode":"C9","status":"libre"},{"lockerCode":"C10","status":"libre"}]},{"module":"D","lockers":[{"lockerCode":"D1","status":"ocupado"},{"lockerCode":"D2","status":"libre"},{"lockerCode":"D3","status":"libre"},{"lockerCode":"D4","status":"libre"},{"lockerCode":"D5","status":"libre"},{"lockerCode":"D6","status":"libre"},{"lockerCode":"D7","status":"libre"},{"lockerCode":"D8","status":"libre"},{"lockerCode":"D9","status":"libre"},{"lockerCode":"D10","status":"libre"}]},{"module":"E","lockers":[{"lockerCode":"E1","status":"libre"},{"lockerCode":"E2","status":"libre"},{"lockerCode":"E3","status":"libre"},{"lockerCode":"E4","status":"libre"},{"lockerCode":"E5","status":"libre"},{"lockerCode":"E6","status":"libre"},{"lockerCode":"E7","status":"libre"},{"lockerCode":"E8","status":"libre"},{"lockerCode":"E9","status":"libre"},{"lockerCode":"E10","status":"libre"}]},{"module":"F","lockers":[{"lockerCode":"F1","status":"libre"},{"lockerCode":"F2","status":"libre"},{"lockerCode":"F3","status":"libre"},{"lockerCode":"F4","status":"ocupado"},{"lockerCode":"F5","status":"libre"},{"lockerCode":"F6","status":"deshabilitado"},{"lockerCode":"F7","status":"libre"},{"lockerCode":"F8","status":"libre"},{"lockerCode":"F9","status":"libre"},{"lockerCode":"F10","status":"libre"}]}]}
[2025-10-17 00:22:48] [INFO] [main] [statusLockers] Iniciando petición para obtener casilleros disponibles
[2025-10-17 00:22:48] [INFO] [main] [statusLockers] Timeout efectivo en ejecución: 30000
[2025-10-17 00:22:48] [INFO] [main] [statusLockers] Intento 1: HOST -> http://localhost:8080
[2025-10-17 00:22:48] [INFO] [main] [statusLockers] Intento 1: URL -> /api/lockers/get-all-status
[2025-10-17 00:22:48] [INFO] [main] [statusLockers] Response. Status: 200
[2025-10-17 00:22:48] [INFO] [main] [statusLockers] Response. Data: {"general":[{"status":"libre","total":48},{"status":"reservado","total":4},{"status":"deshabilitado","total":2},{"status":"asignado","total":2},{"status":"ocupado","total":4}],"modules":[{"module":"A","lockers":[{"lockerCode":"A1","status":"libre"},{"lockerCode":"A2","status":"reservado"},{"lockerCode":"A3","status":"reservado"},{"lockerCode":"A4","status":"reservado"},{"lockerCode":"A5","status":"asignado"},{"lockerCode":"A6","status":"reservado"},{"lockerCode":"A7","status":"libre"},{"lockerCode":"A8","status":"deshabilitado"},{"lockerCode":"A9","status":"asignado"},{"lockerCode":"A10","status":"libre"}]},{"module":"B","lockers":[{"lockerCode":"B1","status":"libre"},{"lockerCode":"B2","status":"libre"},{"lockerCode":"B3","status":"libre"},{"lockerCode":"B4","status":"ocupado"},{"lockerCode":"B5","status":"libre"},{"lockerCode":"B6","status":"libre"},{"lockerCode":"B7","status":"libre"},{"lockerCode":"B8","status":"libre"},{"lockerCode":"B9","status":"libre"},{"lockerCode":"B10","status":"ocupado"}]},{"module":"C","lockers":[{"lockerCode":"C1","status":"libre"},{"lockerCode":"C2","status":"libre"},{"lockerCode":"C3","status":"libre"},{"lockerCode":"C4","status":"libre"},{"lockerCode":"C5","status":"libre"},{"lockerCode":"C6","status":"libre"},{"lockerCode":"C7","status":"libre"},{"lockerCode":"C8","status":"libre"},{"lockerCode":"C9","status":"libre"},{"lockerCode":"C10","status":"libre"}]},{"module":"D","lockers":[{"lockerCode":"D1","status":"ocupado"},{"lockerCode":"D2","status":"libre"},{"lockerCode":"D3","status":"libre"},{"lockerCode":"D4","status":"libre"},{"lockerCode":"D5","status":"libre"},{"lockerCode":"D6","status":"libre"},{"lockerCode":"D7","status":"libre"},{"lockerCode":"D8","status":"libre"},{"lockerCode":"D9","status":"libre"},{"lockerCode":"D10","status":"libre"}]},{"module":"E","lockers":[{"lockerCode":"E1","status":"libre"},{"lockerCode":"E2","status":"libre"},{"lockerCode":"E3","status":"libre"},{"lockerCode":"E4","status":"libre"},{"lockerCode":"E5","status":"libre"},{"lockerCode":"E6","status":"libre"},{"lockerCode":"E7","status":"libre"},{"lockerCode":"E8","status":"libre"},{"lockerCode":"E9","status":"libre"},{"lockerCode":"E10","status":"libre"}]},{"module":"F","lockers":[{"lockerCode":"F1","status":"libre"},{"lockerCode":"F2","status":"libre"},{"lockerCode":"F3","status":"libre"},{"lockerCode":"F4","status":"ocupado"},{"lockerCode":"F5","status":"libre"},{"lockerCode":"F6","status":"deshabilitado"},{"lockerCode":"F7","status":"libre"},{"lockerCode":"F8","status":"libre"},{"lockerCode":"F9","status":"libre"},{"lockerCode":"F10","status":"libre"}]}]}
[2025-10-17 00:22:57] [INFO] [main] [setStatusLocker] Iniciando petición para cambiar estado casillero
[2025-10-17 00:22:57] [INFO] [main] [setStatusLocker] Timeout efectivo en ejecución: 30000
[2025-10-17 00:22:57] [INFO] [main] [setStatusLocker] Intento 1: HOST -> http://localhost:8080
[2025-10-17 00:22:57] [INFO] [main] [setStatusLocker] Intento 1: URL -> /api/lockers/set-status
[2025-10-17 00:22:57] [INFO] [main] [setStatusLocker] Intento 1: Request -> {"lockerCode":"A9","newStatus":"deshabilitado"}
[2025-10-17 00:22:57] [INFO] [main] [setStatusLocker] Response. Status: 200
[2025-10-17 00:22:57] [INFO] [main] [setStatusLocker] Response. Data: {"success":true,"message":"Estado cambiado Exitosamente","lockerCode":"A9"}
[2025-10-17 00:22:57] [INFO] [main] [statusLockers] Iniciando petición para obtener casilleros disponibles
[2025-10-17 00:22:57] [INFO] [main] [statusLockers] Timeout efectivo en ejecución: 30000
[2025-10-17 00:22:57] [INFO] [main] [statusLockers] Intento 1: HOST -> http://localhost:8080
[2025-10-17 00:22:57] [INFO] [main] [statusLockers] Intento 1: URL -> /api/lockers/get-all-status
[2025-10-17 00:22:57] [INFO] [main] [statusLockers] Response. Status: 200
[2025-10-17 00:22:57] [INFO] [main] [statusLockers] Response. Data: {"general":[{"status":"asignado","total":1},{"status":"ocupado","total":4},{"status":"libre","total":48},{"status":"reservado","total":4},{"status":"deshabilitado","total":3}],"modules":[{"module":"A","lockers":[{"lockerCode":"A1","status":"libre"},{"lockerCode":"A2","status":"reservado"},{"lockerCode":"A3","status":"reservado"},{"lockerCode":"A4","status":"reservado"},{"lockerCode":"A5","status":"asignado"},{"lockerCode":"A6","status":"reservado"},{"lockerCode":"A7","status":"libre"},{"lockerCode":"A8","status":"deshabilitado"},{"lockerCode":"A9","status":"deshabilitado"},{"lockerCode":"A10","status":"libre"}]},{"module":"B","lockers":[{"lockerCode":"B1","status":"libre"},{"lockerCode":"B2","status":"libre"},{"lockerCode":"B3","status":"libre"},{"lockerCode":"B4","status":"ocupado"},{"lockerCode":"B5","status":"libre"},{"lockerCode":"B6","status":"libre"},{"lockerCode":"B7","status":"libre"},{"lockerCode":"B8","status":"libre"},{"lockerCode":"B9","status":"libre"},{"lockerCode":"B10","status":"ocupado"}]},{"module":"C","lockers":[{"lockerCode":"C1","status":"libre"},{"lockerCode":"C2","status":"libre"},{"lockerCode":"C3","status":"libre"},{"lockerCode":"C4","status":"libre"},{"lockerCode":"C5","status":"libre"},{"lockerCode":"C6","status":"libre"},{"lockerCode":"C7","status":"libre"},{"lockerCode":"C8","status":"libre"},{"lockerCode":"C9","status":"libre"},{"lockerCode":"C10","status":"libre"}]},{"module":"D","lockers":[{"lockerCode":"D1","status":"ocupado"},{"lockerCode":"D2","status":"libre"},{"lockerCode":"D3","status":"libre"},{"lockerCode":"D4","status":"libre"},{"lockerCode":"D5","status":"libre"},{"lockerCode":"D6","status":"libre"},{"lockerCode":"D7","status":"libre"},{"lockerCode":"D8","status":"libre"},{"lockerCode":"D9","status":"libre"},{"lockerCode":"D10","status":"libre"}]},{"module":"E","lockers":[{"lockerCode":"E1","status":"libre"},{"lockerCode":"E2","status":"libre"},{"lockerCode":"E3","status":"libre"},{"lockerCode":"E4","status":"libre"},{"lockerCode":"E5","status":"libre"},{"lockerCode":"E6","status":"libre"},{"lockerCode":"E7","status":"libre"},{"lockerCode":"E8","status":"libre"},{"lockerCode":"E9","status":"libre"},{"lockerCode":"E10","status":"libre"}]},{"module":"F","lockers":[{"lockerCode":"F1","status":"libre"},{"lockerCode":"F2","status":"libre"},{"lockerCode":"F3","status":"libre"},{"lockerCode":"F4","status":"ocupado"},{"lockerCode":"F5","status":"libre"},{"lockerCode":"F6","status":"deshabilitado"},{"lockerCode":"F7","status":"libre"},{"lockerCode":"F8","status":"libre"},{"lockerCode":"F9","status":"libre"},{"lockerCode":"F10","status":"libre"}]}]}
[2025-10-17 00:23:08] [INFO] [main] [setStatusLocker] Iniciando petición para cambiar estado casillero
[2025-10-17 00:23:08] [INFO] [main] [setStatusLocker] Timeout efectivo en ejecución: 30000
[2025-10-17 00:23:08] [INFO] [main] [setStatusLocker] Intento 1: HOST -> http://localhost:8080
[2025-10-17 00:23:08] [INFO] [main] [setStatusLocker] Intento 1: URL -> /api/lockers/set-status
[2025-10-17 00:23:08] [INFO] [main] [setStatusLocker] Intento 1: Request -> {"lockerCode":"A9","newStatus":"libre"}
[2025-10-17 00:23:08] [INFO] [main] [setStatusLocker] Response. Status: 200
[2025-10-17 00:23:08] [INFO] [main] [setStatusLocker] Response. Data: {"success":true,"message":"Estado cambiado Exitosamente","lockerCode":"A9"}
[2025-10-17 00:23:08] [INFO] [main] [setStatusLocker] Iniciando petición para cambiar estado casillero
[2025-10-17 00:23:08] [INFO] [main] [setStatusLocker] Timeout efectivo en ejecución: 30000
[2025-10-17 00:23:08] [INFO] [main] [setStatusLocker] Intento 1: HOST -> http://localhost:8080
[2025-10-17 00:23:08] [INFO] [main] [setStatusLocker] Intento 1: URL -> /api/lockers/set-status
[2025-10-17 00:23:08] [INFO] [main] [setStatusLocker] Intento 1: Request -> {"lockerCode":"A5","newStatus":"libre"}
[2025-10-17 00:23:08] [INFO] [main] [setStatusLocker] Response. Status: 200
[2025-10-17 00:23:08] [INFO] [main] [setStatusLocker] Response. Data: {"success":true,"message":"Estado cambiado Exitosamente","lockerCode":"A5"}
[2025-10-17 00:23:08] [INFO] [main] [statusLockers] Iniciando petición para obtener casilleros disponibles
[2025-10-17 00:23:08] [INFO] [main] [statusLockers] Timeout efectivo en ejecución: 30000
[2025-10-17 00:23:08] [INFO] [main] [statusLockers] Intento 1: HOST -> http://localhost:8080
[2025-10-17 00:23:08] [INFO] [main] [statusLockers] Intento 1: URL -> /api/lockers/get-all-status
[2025-10-17 00:23:08] [INFO] [main] [statusLockers] Response. Status: 200
[2025-10-17 00:23:08] [INFO] [main] [statusLockers] Response. Data: {"general":[{"status":"ocupado","total":4},{"status":"libre","total":50},{"status":"reservado","total":4},{"status":"deshabilitado","total":2}],"modules":[{"module":"A","lockers":[{"lockerCode":"A1","status":"libre"},{"lockerCode":"A2","status":"reservado"},{"lockerCode":"A3","status":"reservado"},{"lockerCode":"A4","status":"reservado"},{"lockerCode":"A5","status":"libre"},{"lockerCode":"A6","status":"reservado"},{"lockerCode":"A7","status":"libre"},{"lockerCode":"A8","status":"deshabilitado"},{"lockerCode":"A9","status":"libre"},{"lockerCode":"A10","status":"libre"}]},{"module":"B","lockers":[{"lockerCode":"B1","status":"libre"},{"lockerCode":"B2","status":"libre"},{"lockerCode":"B3","status":"libre"},{"lockerCode":"B4","status":"ocupado"},{"lockerCode":"B5","status":"libre"},{"lockerCode":"B6","status":"libre"},{"lockerCode":"B7","status":"libre"},{"lockerCode":"B8","status":"libre"},{"lockerCode":"B9","status":"libre"},{"lockerCode":"B10","status":"ocupado"}]},{"module":"C","lockers":[{"lockerCode":"C1","status":"libre"},{"lockerCode":"C2","status":"libre"},{"lockerCode":"C3","status":"libre"},{"lockerCode":"C4","status":"libre"},{"lockerCode":"C5","status":"libre"},{"lockerCode":"C6","status":"libre"},{"lockerCode":"C7","status":"libre"},{"lockerCode":"C8","status":"libre"},{"lockerCode":"C9","status":"libre"},{"lockerCode":"C10","status":"libre"}]},{"module":"D","lockers":[{"lockerCode":"D1","status":"ocupado"},{"lockerCode":"D2","status":"libre"},{"lockerCode":"D3","status":"libre"},{"lockerCode":"D4","status":"libre"},{"lockerCode":"D5","status":"libre"},{"lockerCode":"D6","status":"libre"},{"lockerCode":"D7","status":"libre"},{"lockerCode":"D8","status":"libre"},{"lockerCode":"D9","status":"libre"},{"lockerCode":"D10","status":"libre"}]},{"module":"E","lockers":[{"lockerCode":"E1","status":"libre"},{"lockerCode":"E2","status":"libre"},{"lockerCode":"E3","status":"libre"},{"lockerCode":"E4","status":"libre"},{"lockerCode":"E5","status":"libre"},{"lockerCode":"E6","status":"libre"},{"lockerCode":"E7","status":"libre"},{"lockerCode":"E8","status":"libre"},{"lockerCode":"E9","status":"libre"},{"lockerCode":"E10","status":"libre"}]},{"module":"F","lockers":[{"lockerCode":"F1","status":"libre"},{"lockerCode":"F2","status":"libre"},{"lockerCode":"F3","status":"libre"},{"lockerCode":"F4","status":"ocupado"},{"lockerCode":"F5","status":"libre"},{"lockerCode":"F6","status":"deshabilitado"},{"lockerCode":"F7","status":"libre"},{"lockerCode":"F8","status":"libre"},{"lockerCode":"F9","status":"libre"},{"lockerCode":"F10","status":"libre"}]}]}
[2025-10-17 00:23:22] [INFO] [main] [setStatusLocker] Iniciando petición para cambiar estado casillero
[2025-10-17 00:23:22] [INFO] [main] [setStatusLocker] Timeout efectivo en ejecución: 30000
[2025-10-17 00:23:22] [INFO] [main] [setStatusLocker] Intento 1: HOST -> http://localhost:8080
[2025-10-17 00:23:22] [INFO] [main] [setStatusLocker] Intento 1: URL -> /api/lockers/set-status
[2025-10-17 00:23:22] [INFO] [main] [setStatusLocker] Intento 1: Request -> {"lockerCode":"A5","newStatus":"libre"}
[2025-10-17 00:23:22] [INFO] [main] [setStatusLocker] Response. Status: 200
[2025-10-17 00:23:22] [INFO] [main] [setStatusLocker] Response. Data: {"success":true,"message":"Estado cambiado Exitosamente","lockerCode":"A5"}
[2025-10-17 00:23:22] [INFO] [main] [setStatusLocker] Iniciando petición para cambiar estado casillero
[2025-10-17 00:23:22] [INFO] [main] [setStatusLocker] Timeout efectivo en ejecución: 30000
[2025-10-17 00:23:22] [INFO] [main] [setStatusLocker] Intento 1: HOST -> http://localhost:8080
[2025-10-17 00:23:22] [INFO] [main] [setStatusLocker] Intento 1: URL -> /api/lockers/set-status
[2025-10-17 00:23:22] [INFO] [main] [setStatusLocker] Intento 1: Request -> {"lockerCode":"A8","newStatus":"libre"}
[2025-10-17 00:23:22] [INFO] [main] [setStatusLocker] Response. Status: 200
[2025-10-17 00:23:22] [INFO] [main] [setStatusLocker] Response. Data: {"success":true,"message":"Estado cambiado Exitosamente","lockerCode":"A8"}
[2025-10-17 00:23:22] [INFO] [main] [statusLockers] Iniciando petición para obtener casilleros disponibles
[2025-10-17 00:23:22] [INFO] [main] [statusLockers] Timeout efectivo en ejecución: 30000
[2025-10-17 00:23:22] [INFO] [main] [statusLockers] Intento 1: HOST -> http://localhost:8080
[2025-10-17 00:23:22] [INFO] [main] [statusLockers] Intento 1: URL -> /api/lockers/get-all-status
[2025-10-17 00:23:22] [INFO] [main] [statusLockers] Response. Status: 200
[2025-10-17 00:23:22] [INFO] [main] [statusLockers] Response. Data: {"general":[{"status":"ocupado","total":4},{"status":"libre","total":51},{"status":"reservado","total":4},{"status":"deshabilitado","total":1}],"modules":[{"module":"A","lockers":[{"lockerCode":"A1","status":"libre"},{"lockerCode":"A2","status":"reservado"},{"lockerCode":"A3","status":"reservado"},{"lockerCode":"A4","status":"reservado"},{"lockerCode":"A5","status":"libre"},{"lockerCode":"A6","status":"reservado"},{"lockerCode":"A7","status":"libre"},{"lockerCode":"A8","status":"libre"},{"lockerCode":"A9","status":"libre"},{"lockerCode":"A10","status":"libre"}]},{"module":"B","lockers":[{"lockerCode":"B1","status":"libre"},{"lockerCode":"B2","status":"libre"},{"lockerCode":"B3","status":"libre"},{"lockerCode":"B4","status":"ocupado"},{"lockerCode":"B5","status":"libre"},{"lockerCode":"B6","status":"libre"},{"lockerCode":"B7","status":"libre"},{"lockerCode":"B8","status":"libre"},{"lockerCode":"B9","status":"libre"},{"lockerCode":"B10","status":"ocupado"}]},{"module":"C","lockers":[{"lockerCode":"C1","status":"libre"},{"lockerCode":"C2","status":"libre"},{"lockerCode":"C3","status":"libre"},{"lockerCode":"C4","status":"libre"},{"lockerCode":"C5","status":"libre"},{"lockerCode":"C6","status":"libre"},{"lockerCode":"C7","status":"libre"},{"lockerCode":"C8","status":"libre"},{"lockerCode":"C9","status":"libre"},{"lockerCode":"C10","status":"libre"}]},{"module":"D","lockers":[{"lockerCode":"D1","status":"ocupado"},{"lockerCode":"D2","status":"libre"},{"lockerCode":"D3","status":"libre"},{"lockerCode":"D4","status":"libre"},{"lockerCode":"D5","status":"libre"},{"lockerCode":"D6","status":"libre"},{"lockerCode":"D7","status":"libre"},{"lockerCode":"D8","status":"libre"},{"lockerCode":"D9","status":"libre"},{"lockerCode":"D10","status":"libre"}]},{"module":"E","lockers":[{"lockerCode":"E1","status":"libre"},{"lockerCode":"E2","status":"libre"},{"lockerCode":"E3","status":"libre"},{"lockerCode":"E4","status":"libre"},{"lockerCode":"E5","status":"libre"},{"lockerCode":"E6","status":"libre"},{"lockerCode":"E7","status":"libre"},{"lockerCode":"E8","status":"libre"},{"lockerCode":"E9","status":"libre"},{"lockerCode":"E10","status":"libre"}]},{"module":"F","lockers":[{"lockerCode":"F1","status":"libre"},{"lockerCode":"F2","status":"libre"},{"lockerCode":"F3","status":"libre"},{"lockerCode":"F4","status":"ocupado"},{"lockerCode":"F5","status":"libre"},{"lockerCode":"F6","status":"deshabilitado"},{"lockerCode":"F7","status":"libre"},{"lockerCode":"F8","status":"libre"},{"lockerCode":"F9","status":"libre"},{"lockerCode":"F10","status":"libre"}]}]}
[2025-10-17 00:23:34] [INFO] [main] [setStatusLocker] Iniciando petición para cambiar estado casillero
[2025-10-17 00:23:34] [INFO] [main] [setStatusLocker] Timeout efectivo en ejecución: 30000
[2025-10-17 00:23:34] [INFO] [main] [setStatusLocker] Intento 1: HOST -> http://localhost:8080
[2025-10-17 00:23:34] [INFO] [main] [setStatusLocker] Intento 1: URL -> /api/lockers/set-status
[2025-10-17 00:23:34] [INFO] [main] [setStatusLocker] Intento 1: Request -> {"lockerCode":"F6","newStatus":"deshabilitado"}
[2025-10-17 00:23:34] [INFO] [main] [setStatusLocker] Response. Status: 200
[2025-10-17 00:23:34] [INFO] [main] [setStatusLocker] Response. Data: {"success":true,"message":"Estado cambiado Exitosamente","lockerCode":"F6"}
[2025-10-17 00:23:34] [INFO] [main] [statusLockers] Iniciando petición para obtener casilleros disponibles
[2025-10-17 00:23:34] [INFO] [main] [statusLockers] Timeout efectivo en ejecución: 30000
[2025-10-17 00:23:34] [INFO] [main] [statusLockers] Intento 1: HOST -> http://localhost:8080
[2025-10-17 00:23:34] [INFO] [main] [statusLockers] Intento 1: URL -> /api/lockers/get-all-status
[2025-10-17 00:23:34] [INFO] [main] [statusLockers] Response. Status: 200
[2025-10-17 00:23:34] [INFO] [main] [statusLockers] Response. Data: {"general":[{"status":"libre","total":51},{"status":"reservado","total":4},{"status":"deshabilitado","total":1},{"status":"ocupado","total":4}],"modules":[{"module":"A","lockers":[{"lockerCode":"A1","status":"libre"},{"lockerCode":"A2","status":"reservado"},{"lockerCode":"A3","status":"reservado"},{"lockerCode":"A4","status":"reservado"},{"lockerCode":"A5","status":"libre"},{"lockerCode":"A6","status":"reservado"},{"lockerCode":"A7","status":"libre"},{"lockerCode":"A8","status":"libre"},{"lockerCode":"A9","status":"libre"},{"lockerCode":"A10","status":"libre"}]},{"module":"B","lockers":[{"lockerCode":"B1","status":"libre"},{"lockerCode":"B2","status":"libre"},{"lockerCode":"B3","status":"libre"},{"lockerCode":"B4","status":"ocupado"},{"lockerCode":"B5","status":"libre"},{"lockerCode":"B6","status":"libre"},{"lockerCode":"B7","status":"libre"},{"lockerCode":"B8","status":"libre"},{"lockerCode":"B9","status":"libre"},{"lockerCode":"B10","status":"ocupado"}]},{"module":"C","lockers":[{"lockerCode":"C1","status":"libre"},{"lockerCode":"C2","status":"libre"},{"lockerCode":"C3","status":"libre"},{"lockerCode":"C4","status":"libre"},{"lockerCode":"C5","status":"libre"},{"lockerCode":"C6","status":"libre"},{"lockerCode":"C7","status":"libre"},{"lockerCode":"C8","status":"libre"},{"lockerCode":"C9","status":"libre"},{"lockerCode":"C10","status":"libre"}]},{"module":"D","lockers":[{"lockerCode":"D1","status":"ocupado"},{"lockerCode":"D2","status":"libre"},{"lockerCode":"D3","status":"libre"},{"lockerCode":"D4","status":"libre"},{"lockerCode":"D5","status":"libre"},{"lockerCode":"D6","status":"libre"},{"lockerCode":"D7","status":"libre"},{"lockerCode":"D8","status":"libre"},{"lockerCode":"D9","status":"libre"},{"lockerCode":"D10","status":"libre"}]},{"module":"E","lockers":[{"lockerCode":"E1","status":"libre"},{"lockerCode":"E2","status":"libre"},{"lockerCode":"E3","status":"libre"},{"lockerCode":"E4","status":"libre"},{"lockerCode":"E5","status":"libre"},{"lockerCode":"E6","status":"libre"},{"lockerCode":"E7","status":"libre"},{"lockerCode":"E8","status":"libre"},{"lockerCode":"E9","status":"libre"},{"lockerCode":"E10","status":"libre"}]},{"module":"F","lockers":[{"lockerCode":"F1","status":"libre"},{"lockerCode":"F2","status":"libre"},{"lockerCode":"F3","status":"libre"},{"lockerCode":"F4","status":"ocupado"},{"lockerCode":"F5","status":"libre"},{"lockerCode":"F6","status":"deshabilitado"},{"lockerCode":"F7","status":"libre"},{"lockerCode":"F8","status":"libre"},{"lockerCode":"F9","status":"libre"},{"lockerCode":"F10","status":"libre"}]}]}
[2025-10-17 00:23:39] [INFO] [main] [setStatusLocker] Iniciando petición para cambiar estado casillero
[2025-10-17 00:23:39] [INFO] [main] [setStatusLocker] Timeout efectivo en ejecución: 30000
[2025-10-17 00:23:39] [INFO] [main] [setStatusLocker] Intento 1: HOST -> http://localhost:8080
[2025-10-17 00:23:39] [INFO] [main] [setStatusLocker] Intento 1: URL -> /api/lockers/set-status
[2025-10-17 00:23:39] [INFO] [main] [setStatusLocker] Intento 1: Request -> {"lockerCode":"F6","newStatus":"libre"}
[2025-10-17 00:23:39] [INFO] [main] [setStatusLocker] Response. Status: 200
[2025-10-17 00:23:39] [INFO] [main] [setStatusLocker] Response. Data: {"success":true,"message":"Estado cambiado Exitosamente","lockerCode":"F6"}
[2025-10-17 00:23:39] [INFO] [main] [statusLockers] Iniciando petición para obtener casilleros disponibles
[2025-10-17 00:23:39] [INFO] [main] [statusLockers] Timeout efectivo en ejecución: 30000
[2025-10-17 00:23:39] [INFO] [main] [statusLockers] Intento 1: HOST -> http://localhost:8080
[2025-10-17 00:23:39] [INFO] [main] [statusLockers] Intento 1: URL -> /api/lockers/get-all-status
[2025-10-17 00:23:39] [INFO] [main] [statusLockers] Response. Status: 200
[2025-10-17 00:23:39] [INFO] [main] [statusLockers] Response. Data: {"general":[{"status":"ocupado","total":4},{"status":"libre","total":52},{"status":"reservado","total":4},{"status":"deshabilitado","total":0}],"modules":[{"module":"A","lockers":[{"lockerCode":"A1","status":"libre"},{"lockerCode":"A2","status":"reservado"},{"lockerCode":"A3","status":"reservado"},{"lockerCode":"A4","status":"reservado"},{"lockerCode":"A5","status":"libre"},{"lockerCode":"A6","status":"reservado"},{"lockerCode":"A7","status":"libre"},{"lockerCode":"A8","status":"libre"},{"lockerCode":"A9","status":"libre"},{"lockerCode":"A10","status":"libre"}]},{"module":"B","lockers":[{"lockerCode":"B1","status":"libre"},{"lockerCode":"B2","status":"libre"},{"lockerCode":"B3","status":"libre"},{"lockerCode":"B4","status":"ocupado"},{"lockerCode":"B5","status":"libre"},{"lockerCode":"B6","status":"libre"},{"lockerCode":"B7","status":"libre"},{"lockerCode":"B8","status":"libre"},{"lockerCode":"B9","status":"libre"},{"lockerCode":"B10","status":"ocupado"}]},{"module":"C","lockers":[{"lockerCode":"C1","status":"libre"},{"lockerCode":"C2","status":"libre"},{"lockerCode":"C3","status":"libre"},{"lockerCode":"C4","status":"libre"},{"lockerCode":"C5","status":"libre"},{"lockerCode":"C6","status":"libre"},{"lockerCode":"C7","status":"libre"},{"lockerCode":"C8","status":"libre"},{"lockerCode":"C9","status":"libre"},{"lockerCode":"C10","status":"libre"}]},{"module":"D","lockers":[{"lockerCode":"D1","status":"ocupado"},{"lockerCode":"D2","status":"libre"},{"lockerCode":"D3","status":"libre"},{"lockerCode":"D4","status":"libre"},{"lockerCode":"D5","status":"libre"},{"lockerCode":"D6","status":"libre"},{"lockerCode":"D7","status":"libre"},{"lockerCode":"D8","status":"libre"},{"lockerCode":"D9","status":"libre"},{"lockerCode":"D10","status":"libre"}]},{"module":"E","lockers":[{"lockerCode":"E1","status":"libre"},{"lockerCode":"E2","status":"libre"},{"lockerCode":"E3","status":"libre"},{"lockerCode":"E4","status":"libre"},{"lockerCode":"E5","status":"libre"},{"lockerCode":"E6","status":"libre"},{"lockerCode":"E7","status":"libre"},{"lockerCode":"E8","status":"libre"},{"lockerCode":"E9","status":"libre"},{"lockerCode":"E10","status":"libre"}]},{"module":"F","lockers":[{"lockerCode":"F1","status":"libre"},{"lockerCode":"F2","status":"libre"},{"lockerCode":"F3","status":"libre"},{"lockerCode":"F4","status":"ocupado"},{"lockerCode":"F5","status":"libre"},{"lockerCode":"F6","status":"libre"},{"lockerCode":"F7","status":"libre"},{"lockerCode":"F8","status":"libre"},{"lockerCode":"F9","status":"libre"},{"lockerCode":"F10","status":"libre"}]}]}
[2025-10-17 00:23:49] [INFO] [main] [setStatusLocker] Iniciando petición para cambiar estado casillero
[2025-10-17 00:23:49] [INFO] [main] [setStatusLocker] Timeout efectivo en ejecución: 30000
[2025-10-17 00:23:49] [INFO] [main] [setStatusLocker] Intento 1: HOST -> http://localhost:8080
[2025-10-17 00:23:49] [INFO] [main] [setStatusLocker] Intento 1: URL -> /api/lockers/set-status
[2025-10-17 00:23:49] [INFO] [main] [setStatusLocker] Intento 1: Request -> {"lockerCode":"F1","newStatus":"asignado"}
[2025-10-17 00:23:49] [INFO] [main] [setStatusLocker] Response. Status: 200
[2025-10-17 00:23:49] [INFO] [main] [setStatusLocker] Response. Data: {"success":true,"message":"Estado cambiado Exitosamente","lockerCode":"F1"}
[2025-10-17 00:23:49] [INFO] [main] [statusLockers] Iniciando petición para obtener casilleros disponibles
[2025-10-17 00:23:49] [INFO] [main] [statusLockers] Timeout efectivo en ejecución: 30000
[2025-10-17 00:23:49] [INFO] [main] [statusLockers] Intento 1: HOST -> http://localhost:8080
[2025-10-17 00:23:49] [INFO] [main] [statusLockers] Intento 1: URL -> /api/lockers/get-all-status
[2025-10-17 00:23:49] [INFO] [main] [statusLockers] Response. Status: 200
[2025-10-17 00:23:49] [INFO] [main] [statusLockers] Response. Data: {"general":[{"status":"ocupado","total":4},{"status":"libre","total":51},{"status":"reservado","total":4},{"status":"deshabilitado","total":0},{"status":"asignado","total":1}],"modules":[{"module":"A","lockers":[{"lockerCode":"A1","status":"libre"},{"lockerCode":"A2","status":"reservado"},{"lockerCode":"A3","status":"reservado"},{"lockerCode":"A4","status":"reservado"},{"lockerCode":"A5","status":"libre"},{"lockerCode":"A6","status":"reservado"},{"lockerCode":"A7","status":"libre"},{"lockerCode":"A8","status":"libre"},{"lockerCode":"A9","status":"libre"},{"lockerCode":"A10","status":"libre"}]},{"module":"B","lockers":[{"lockerCode":"B1","status":"libre"},{"lockerCode":"B2","status":"libre"},{"lockerCode":"B3","status":"libre"},{"lockerCode":"B4","status":"ocupado"},{"lockerCode":"B5","status":"libre"},{"lockerCode":"B6","status":"libre"},{"lockerCode":"B7","status":"libre"},{"lockerCode":"B8","status":"libre"},{"lockerCode":"B9","status":"libre"},{"lockerCode":"B10","status":"ocupado"}]},{"module":"C","lockers":[{"lockerCode":"C1","status":"libre"},{"lockerCode":"C2","status":"libre"},{"lockerCode":"C3","status":"libre"},{"lockerCode":"C4","status":"libre"},{"lockerCode":"C5","status":"libre"},{"lockerCode":"C6","status":"libre"},{"lockerCode":"C7","status":"libre"},{"lockerCode":"C8","status":"libre"},{"lockerCode":"C9","status":"libre"},{"lockerCode":"C10","status":"libre"}]},{"module":"D","lockers":[{"lockerCode":"D1","status":"ocupado"},{"lockerCode":"D2","status":"libre"},{"lockerCode":"D3","status":"libre"},{"lockerCode":"D4","status":"libre"},{"lockerCode":"D5","status":"libre"},{"lockerCode":"D6","status":"libre"},{"lockerCode":"D7","status":"libre"},{"lockerCode":"D8","status":"libre"},{"lockerCode":"D9","status":"libre"},{"lockerCode":"D10","status":"libre"}]},{"module":"E","lockers":[{"lockerCode":"E1","status":"libre"},{"lockerCode":"E2","status":"libre"},{"lockerCode":"E3","status":"libre"},{"lockerCode":"E4","status":"libre"},{"lockerCode":"E5","status":"libre"},{"lockerCode":"E6","status":"libre"},{"lockerCode":"E7","status":"libre"},{"lockerCode":"E8","status":"libre"},{"lockerCode":"E9","status":"libre"},{"lockerCode":"E10","status":"libre"}]},{"module":"F","lockers":[{"lockerCode":"F1","status":"asignado"},{"lockerCode":"F2","status":"libre"},{"lockerCode":"F3","status":"libre"},{"lockerCode":"F4","status":"ocupado"},{"lockerCode":"F5","status":"libre"},{"lockerCode":"F6","status":"libre"},{"lockerCode":"F7","status":"libre"},{"lockerCode":"F8","status":"libre"},{"lockerCode":"F9","status":"libre"},{"lockerCode":"F10","status":"libre"}]}]}
[2025-10-17 00:24:41] [INFO] [main] [app] Scheduler diario habilitado: false | usuario config: undefined | usuario actual: administrador
[2025-10-17 00:24:41] [INFO] [main] [app] Scheduler semanal habilitado: false | usuario config: undefined | usuario actual: administrador
[2025-10-17 00:24:41] [INFO] [main] [app] Scheduler mensual habilitado: false | usuario config: undefined | usuario actual: administrador
[2025-10-17 00:24:41] [INFO] [main] [app] Scheduler diario habilitado: false | usuario config: undefined | usuario actual: administrador
[2025-10-17 00:24:41] [INFO] [main] [app] Scheduler semanal habilitado: false | usuario config: undefined | usuario actual: administrador
[2025-10-17 00:24:41] [INFO] [main] [app] Scheduler mensual habilitado: false | usuario config: undefined | usuario actual: administrador
[2025-10-17 00:24:41] [INFO] [main] [statusLockers] Iniciando petición para obtener casilleros disponibles
[2025-10-17 00:24:41] [INFO] [main] [statusLockers] Timeout efectivo en ejecución: 30000
[2025-10-17 00:24:41] [INFO] [main] [statusLockers] Intento 1: HOST -> http://localhost:8080
[2025-10-17 00:24:41] [INFO] [main] [statusLockers] Intento 1: URL -> /api/lockers/get-all-status
[2025-10-17 00:24:41] [INFO] [main] [copyright] Versión cargada: 1.1.0
[2025-10-17 00:24:41] [INFO] [main] [app] Componente App montado
[2025-10-17 00:24:41] [INFO] [main] [app] Versión cargada: 1.1.0
[2025-10-17 00:24:41] [INFO] [main] [statusLockers] Iniciando petición para obtener casilleros disponibles
[2025-10-17 00:24:41] [INFO] [main] [statusLockers] Timeout efectivo en ejecución: 30000
[2025-10-17 00:24:41] [INFO] [main] [statusLockers] Intento 1: HOST -> http://localhost:8080
[2025-10-17 00:24:41] [INFO] [main] [statusLockers] Intento 1: URL -> /api/lockers/get-all-status
[2025-10-17 00:24:41] [INFO] [main] [copyright] Versión cargada: 1.1.0
[2025-10-17 00:24:41] [INFO] [main] [app] Componente App montado
[2025-10-17 00:24:41] [INFO] [main] [app] Versión cargada: 1.1.0
[2025-10-17 00:24:41] [INFO] [main] [app] Scheduler diario habilitado: false | usuario config: undefined | usuario actual: administrador
[2025-10-17 00:24:41] [INFO] [main] [app] Scheduler semanal habilitado: false | usuario config: undefined | usuario actual: administrador
[2025-10-17 00:24:41] [INFO] [main] [app] Scheduler mensual habilitado: false | usuario config: undefined | usuario actual: administrador
[2025-10-17 00:24:41] [INFO] [main] [app] Scheduler diario habilitado: false | usuario config: undefined | usuario actual: administrador
[2025-10-17 00:24:41] [INFO] [main] [app] Scheduler semanal habilitado: false | usuario config: undefined | usuario actual: administrador
[2025-10-17 00:24:41] [INFO] [main] [app] Scheduler mensual habilitado: false | usuario config: undefined | usuario actual: administrador
[2025-10-17 00:24:41] [INFO] [main] [useConfig] Configuración inicial obtenida
[2025-10-17 00:24:41] [INFO] [main] [useConfig] Configuración inicial obtenida
[2025-10-17 00:24:41] [INFO] [main] [useConfig] Configuración inicial obtenida
[2025-10-17 00:24:41] [INFO] [main] [useConfig] Configuración inicial obtenida
[2025-10-17 00:24:41] [INFO] [main] [useConfig] Configuración inicial obtenida
[2025-10-17 00:24:41] [INFO] [main] [useConfig] Configuración inicial obtenida
[2025-10-17 00:24:41] [INFO] [main] [useConfig] Configuración inicial obtenida
[2025-10-17 00:24:41] [INFO] [main] [useConfig] Configuración inicial obtenida
[2025-10-17 00:24:41] [INFO] [main] [app] Scheduler diario habilitado: false | usuario config: operador | usuario actual: administrador
[2025-10-17 00:24:41] [INFO] [main] [app] Scheduler semanal habilitado: false | usuario config: operador | usuario actual: administrador
[2025-10-17 00:24:41] [INFO] [main] [app] Scheduler mensual habilitado: false | usuario config: operador | usuario actual: administrador
[2025-10-17 00:24:41] [INFO] [main] [app] Scheduler diario habilitado: false | usuario config: operador | usuario actual: administrador
[2025-10-17 00:24:41] [INFO] [main] [app] Scheduler semanal habilitado: false | usuario config: operador | usuario actual: administrador
[2025-10-17 00:24:41] [INFO] [main] [app] Scheduler mensual habilitado: false | usuario config: operador | usuario actual: administrador
[2025-10-17 00:24:41] [INFO] [main] [statusLockers] Response. Status: 200
[2025-10-17 00:24:41] [INFO] [main] [statusLockers] Response. Data: {"general":[{"status":"ocupado","total":4},{"status":"libre","total":51},{"status":"reservado","total":4},{"status":"deshabilitado","total":0},{"status":"asignado","total":1}],"modules":[{"module":"A","lockers":[{"lockerCode":"A1","status":"libre"},{"lockerCode":"A2","status":"reservado"},{"lockerCode":"A3","status":"reservado"},{"lockerCode":"A4","status":"reservado"},{"lockerCode":"A5","status":"libre"},{"lockerCode":"A6","status":"reservado"},{"lockerCode":"A7","status":"libre"},{"lockerCode":"A8","status":"libre"},{"lockerCode":"A9","status":"libre"},{"lockerCode":"A10","status":"libre"}]},{"module":"B","lockers":[{"lockerCode":"B1","status":"libre"},{"lockerCode":"B2","status":"libre"},{"lockerCode":"B3","status":"libre"},{"lockerCode":"B4","status":"ocupado"},{"lockerCode":"B5","status":"libre"},{"lockerCode":"B6","status":"libre"},{"lockerCode":"B7","status":"libre"},{"lockerCode":"B8","status":"libre"},{"lockerCode":"B9","status":"libre"},{"lockerCode":"B10","status":"ocupado"}]},{"module":"C","lockers":[{"lockerCode":"C1","status":"libre"},{"lockerCode":"C2","status":"libre"},{"lockerCode":"C3","status":"libre"},{"lockerCode":"C4","status":"libre"},{"lockerCode":"C5","status":"libre"},{"lockerCode":"C6","status":"libre"},{"lockerCode":"C7","status":"libre"},{"lockerCode":"C8","status":"libre"},{"lockerCode":"C9","status":"libre"},{"lockerCode":"C10","status":"libre"}]},{"module":"D","lockers":[{"lockerCode":"D1","status":"ocupado"},{"lockerCode":"D2","status":"libre"},{"lockerCode":"D3","status":"libre"},{"lockerCode":"D4","status":"libre"},{"lockerCode":"D5","status":"libre"},{"lockerCode":"D6","status":"libre"},{"lockerCode":"D7","status":"libre"},{"lockerCode":"D8","status":"libre"},{"lockerCode":"D9","status":"libre"},{"lockerCode":"D10","status":"libre"}]},{"module":"E","lockers":[{"lockerCode":"E1","status":"libre"},{"lockerCode":"E2","status":"libre"},{"lockerCode":"E3","status":"libre"},{"lockerCode":"E4","status":"libre"},{"lockerCode":"E5","status":"libre"},{"lockerCode":"E6","status":"libre"},{"lockerCode":"E7","status":"libre"},{"lockerCode":"E8","status":"libre"},{"lockerCode":"E9","status":"libre"},{"lockerCode":"E10","status":"libre"}]},{"module":"F","lockers":[{"lockerCode":"F1","status":"asignado"},{"lockerCode":"F2","status":"libre"},{"lockerCode":"F3","status":"libre"},{"lockerCode":"F4","status":"ocupado"},{"lockerCode":"F5","status":"libre"},{"lockerCode":"F6","status":"libre"},{"lockerCode":"F7","status":"libre"},{"lockerCode":"F8","status":"libre"},{"lockerCode":"F9","status":"libre"},{"lockerCode":"F10","status":"libre"}]}]}
[2025-10-17 00:24:41] [INFO] [main] [statusLockers] Response. Status: 200
[2025-10-17 00:24:41] [INFO] [main] [statusLockers] Response. Data: {"general":[{"status":"ocupado","total":4},{"status":"libre","total":51},{"status":"reservado","total":4},{"status":"deshabilitado","total":0},{"status":"asignado","total":1}],"modules":[{"module":"A","lockers":[{"lockerCode":"A1","status":"libre"},{"lockerCode":"A2","status":"reservado"},{"lockerCode":"A3","status":"reservado"},{"lockerCode":"A4","status":"reservado"},{"lockerCode":"A5","status":"libre"},{"lockerCode":"A6","status":"reservado"},{"lockerCode":"A7","status":"libre"},{"lockerCode":"A8","status":"libre"},{"lockerCode":"A9","status":"libre"},{"lockerCode":"A10","status":"libre"}]},{"module":"B","lockers":[{"lockerCode":"B1","status":"libre"},{"lockerCode":"B2","status":"libre"},{"lockerCode":"B3","status":"libre"},{"lockerCode":"B4","status":"ocupado"},{"lockerCode":"B5","status":"libre"},{"lockerCode":"B6","status":"libre"},{"lockerCode":"B7","status":"libre"},{"lockerCode":"B8","status":"libre"},{"lockerCode":"B9","status":"libre"},{"lockerCode":"B10","status":"ocupado"}]},{"module":"C","lockers":[{"lockerCode":"C1","status":"libre"},{"lockerCode":"C2","status":"libre"},{"lockerCode":"C3","status":"libre"},{"lockerCode":"C4","status":"libre"},{"lockerCode":"C5","status":"libre"},{"lockerCode":"C6","status":"libre"},{"lockerCode":"C7","status":"libre"},{"lockerCode":"C8","status":"libre"},{"lockerCode":"C9","status":"libre"},{"lockerCode":"C10","status":"libre"}]},{"module":"D","lockers":[{"lockerCode":"D1","status":"ocupado"},{"lockerCode":"D2","status":"libre"},{"lockerCode":"D3","status":"libre"},{"lockerCode":"D4","status":"libre"},{"lockerCode":"D5","status":"libre"},{"lockerCode":"D6","status":"libre"},{"lockerCode":"D7","status":"libre"},{"lockerCode":"D8","status":"libre"},{"lockerCode":"D9","status":"libre"},{"lockerCode":"D10","status":"libre"}]},{"module":"E","lockers":[{"lockerCode":"E1","status":"libre"},{"lockerCode":"E2","status":"libre"},{"lockerCode":"E3","status":"libre"},{"lockerCode":"E4","status":"libre"},{"lockerCode":"E5","status":"libre"},{"lockerCode":"E6","status":"libre"},{"lockerCode":"E7","status":"libre"},{"lockerCode":"E8","status":"libre"},{"lockerCode":"E9","status":"libre"},{"lockerCode":"E10","status":"libre"}]},{"module":"F","lockers":[{"lockerCode":"F1","status":"asignado"},{"lockerCode":"F2","status":"libre"},{"lockerCode":"F3","status":"libre"},{"lockerCode":"F4","status":"ocupado"},{"lockerCode":"F5","status":"libre"},{"lockerCode":"F6","status":"libre"},{"lockerCode":"F7","status":"libre"},{"lockerCode":"F8","status":"libre"},{"lockerCode":"F9","status":"libre"},{"lockerCode":"F10","status":"libre"}]}]}
[2025-10-17 00:24:42] [INFO] [main] [app] Scheduler diario habilitado: false | usuario config: operador | usuario actual: administrador
[2025-10-17 00:24:42] [INFO] [main] [app] Scheduler semanal habilitado: false | usuario config: operador | usuario actual: administrador
[2025-10-17 00:24:42] [INFO] [main] [app] Scheduler mensual habilitado: false | usuario config: operador | usuario actual: administrador
[2025-10-17 00:24:42] [INFO] [main] [app] Scheduler diario habilitado: false | usuario config: operador | usuario actual: administrador
[2025-10-17 00:24:42] [INFO] [main] [app] Scheduler semanal habilitado: false | usuario config: operador | usuario actual: administrador
[2025-10-17 00:24:42] [INFO] [main] [app] Scheduler mensual habilitado: false | usuario config: operador | usuario actual: administrador
[2025-10-17 00:31:09] [INFO] [main] [app] Scheduler diario habilitado: false | usuario config: operador | usuario actual: administrador
[2025-10-17 00:31:09] [INFO] [main] [app] Scheduler semanal habilitado: false | usuario config: operador | usuario actual: administrador
[2025-10-17 00:31:09] [INFO] [main] [app] Scheduler mensual habilitado: false | usuario config: operador | usuario actual: administrador
[2025-10-17 00:31:09] [INFO] [main] [app] Scheduler diario habilitado: false | usuario config: operador | usuario actual: administrador
[2025-10-17 00:31:09] [INFO] [main] [app] Scheduler semanal habilitado: false | usuario config: operador | usuario actual: administrador
[2025-10-17 00:31:09] [INFO] [main] [app] Scheduler mensual habilitado: false | usuario config: operador | usuario actual: administrador
[2025-10-17 00:31:11] [INFO] [main] [app] Scheduler diario habilitado: false | usuario config: operador | usuario actual: administrador
[2025-10-17 00:31:11] [INFO] [main] [app] Scheduler semanal habilitado: false | usuario config: operador | usuario actual: administrador
[2025-10-17 00:31:11] [INFO] [main] [app] Scheduler mensual habilitado: false | usuario config: operador | usuario actual: administrador
[2025-10-17 00:31:11] [INFO] [main] [app] Scheduler diario habilitado: false | usuario config: operador | usuario actual: administrador
[2025-10-17 00:31:11] [INFO] [main] [app] Scheduler semanal habilitado: false | usuario config: operador | usuario actual: administrador
[2025-10-17 00:31:11] [INFO] [main] [app] Scheduler mensual habilitado: false | usuario config: operador | usuario actual: administrador
[2025-10-17 00:31:12] [INFO] [main] [app] Componente App montado
[2025-10-17 00:31:12] [INFO] [main] [app] Versión cargada: 1.1.0
[2025-10-17 00:31:12] [INFO] [main] [useConfig] Configuración inicial obtenida
[2025-10-17 00:31:12] [INFO] [main] [useConfig] Configuración inicial obtenida
[2025-10-17 00:31:19] [INFO] [main] [login] Cierre de sesión para usuario: administrador
[2025-10-17 00:31:19] [INFO] [main] [app] Scheduler diario habilitado: false | usuario config: operador | usuario actual: administrador
[2025-10-17 00:31:19] [INFO] [main] [app] Scheduler semanal habilitado: false | usuario config: operador | usuario actual: administrador
[2025-10-17 00:31:19] [INFO] [main] [app] Scheduler mensual habilitado: false | usuario config: operador | usuario actual: administrador
[2025-10-17 00:31:19] [INFO] [main] [app] Scheduler diario habilitado: false | usuario config: operador | usuario actual: administrador
[2025-10-17 00:31:19] [INFO] [main] [app] Scheduler semanal habilitado: false | usuario config: operador | usuario actual: administrador
[2025-10-17 00:31:19] [INFO] [main] [app] Scheduler mensual habilitado: false | usuario config: operador | usuario actual: administrador
[2025-10-17 00:31:19] [INFO] [main] [app] Componente App montado
[2025-10-17 00:31:19] [INFO] [main] [app] Versión cargada: 1.1.0
[2025-10-17 00:31:24] [INFO] [main] [login] Inicio de sesión exitoso para usuario: operador
[2025-10-17 00:31:24] [INFO] [main] set-fullscreen: true
[2025-10-17 00:31:24] [INFO] [main] Ventana cerrándose, deteniendo TTS...
[2025-10-17 00:31:24] [INFO] [main] Creando ventana principal...
[2025-10-17 00:31:24] [INFO] [main] Cargando URL: http://localhost:5173
[2025-10-17 00:31:24] [INFO] [main] set-frame: false
[2025-10-17 00:31:24] [INFO] [main] [app] Scheduler diario habilitado: true | usuario config: operador | usuario actual: operador
[2025-10-17 00:31:24] [INFO] [main] [app] Scheduler semanal habilitado: true | usuario config: operador | usuario actual: operador
[2025-10-17 00:31:24] [INFO] [main] [app] Scheduler mensual habilitado: true | usuario config: operador | usuario actual: operador
[2025-10-17 00:31:24] [INFO] [main] [app] Scheduler diario habilitado: true | usuario config: operador | usuario actual: operador
[2025-10-17 00:31:24] [INFO] [main] [app] Scheduler semanal habilitado: true | usuario config: operador | usuario actual: operador
[2025-10-17 00:31:24] [INFO] [main] [app] Scheduler mensual habilitado: true | usuario config: operador | usuario actual: operador
[2025-10-17 00:31:24] [INFO] [main] [login] Usuario autenticado en sesión principal, redirigiendo a /ppal
[2025-10-17 00:31:24] [INFO] [main] [app] Componente App montado
[2025-10-17 00:31:24] [INFO] [main] [app] Versión cargada: 1.1.0
[2025-10-17 00:31:24] [INFO] [main] Recibido config actualizado
[2025-10-17 00:31:24] [INFO] [main] Recibido auth actualizado
[2025-10-17 00:31:24] [INFO] [main] Recibido logger actualizado
[2025-10-17 00:31:24] [INFO] [main] Recibido env actualizado
[2025-10-17 00:31:24] [INFO] [preload] Inicializando preload.js
[2025-10-17 00:31:24] [INFO] [setupWatcher] Observando archivo setup_config.json en: C:\Users\User\Documents\Personal\LockeritDesk\configFiles\setup_config.json
[2025-10-17 00:31:24] [INFO] [setupWatcher] Archivo setup_config.json cargado correctamente
[2025-10-17 00:31:24] [INFO] [preload] Watcher iniciado: setup_config.json
[2025-10-17 00:31:24] [INFO] [authWatcher] Observando archivo auth_key.json en: C:\Users\User\Documents\Personal\LockeritDesk\configFiles\auth_key.json
[2025-10-17 00:31:24] [INFO] [authWatcher] auth_key.json actualizado correctamente
[2025-10-17 00:31:24] [INFO] [preload] Watcher iniciado: auth_key.json
[2025-10-17 00:31:24] [INFO] [loggerWatcher] Observando archivo logger_config.json en: C:\Users\User\Documents\Personal\LockeritDesk\configFiles\logger_config.json
[2025-10-17 00:31:24] [INFO] [loggerWatcher] Archivo logger_config.json cargado correctamente
[2025-10-17 00:31:24] [INFO] [preload] Watcher iniciado: logger_config.json
[2025-10-17 00:31:24] [INFO] [envWatcher] Observando archivo .env en: C:\Users\User\Documents\Personal\LockeritDesk\configFiles\.env
[2025-10-17 00:31:24] [INFO] [envWatcher] Archivo .env cargado correctamente
[2025-10-17 00:31:24] [INFO] [preload] Watcher iniciado: .env
[2025-10-17 00:31:24] [INFO] [preload] API expuesta en window.electronAPI
[2025-10-17 00:31:24] [INFO] [main] [axiosConfig] API BaseURL Inicial: http://localhost:8080
[2025-10-17 00:31:24] [INFO] [main] [axiosConfig] API BaseTimeout Inicial: 30
[2025-10-17 00:31:24] [INFO] [main] [configStore] Configuración actualizada
[2025-10-17 00:31:24] [INFO] [main] [configStore] config_key.json inicial cargado exitosamente
[2025-10-17 00:31:24] [INFO] [main] [envStore] ENV inicial cargado correctamente
[2025-10-17 00:31:24] [INFO] [main] [envStore] ENV actualizado
[2025-10-17 00:31:24] [INFO] [main] [axiosConfig] API BaseTimeout actualizada dinámicamente: 30
[2025-10-17 00:31:24] [INFO] [main] [assignLocker] API BaseTimeout actualizada dinámicamente: 30
[2025-10-17 00:31:24] [INFO] [main] [authStore] Auth actualizado
[2025-10-17 00:31:24] [INFO] [main] [authStore] auth_key.json inicial cargado exitosamente
[2025-10-17 00:31:25] [INFO] [main] get-screen-data-once -> 1920x1032 factor=0.96
[2025-10-17 00:31:25] [INFO] [main] [app] Scheduler diario habilitado: false | usuario config: undefined | usuario actual: operador
[2025-10-17 00:31:25] [INFO] [main] [app] Scheduler semanal habilitado: false | usuario config: undefined | usuario actual: operador
[2025-10-17 00:31:25] [INFO] [main] [app] Scheduler mensual habilitado: false | usuario config: undefined | usuario actual: operador
[2025-10-17 00:31:25] [INFO] [main] [app] Scheduler diario habilitado: false | usuario config: undefined | usuario actual: operador
[2025-10-17 00:31:25] [INFO] [main] [app] Scheduler semanal habilitado: false | usuario config: undefined | usuario actual: operador
[2025-10-17 00:31:25] [INFO] [main] [app] Scheduler mensual habilitado: false | usuario config: undefined | usuario actual: operador
[2025-10-17 00:31:25] [INFO] [main] [login] Usuario autenticado en sesión principal, redirigiendo a /ppal
[2025-10-17 00:31:25] [INFO] [main] [copyright] Versión cargada: 1.1.0
[2025-10-17 00:31:25] [INFO] [main] [app] Componente App montado
[2025-10-17 00:31:25] [INFO] [main] [app] Versión cargada: 1.1.0
[2025-10-17 00:31:25] [INFO] [main] [copyright] Versión cargada: 1.1.0
[2025-10-17 00:31:25] [INFO] [main] [app] Componente App montado
[2025-10-17 00:31:25] [INFO] [main] [app] Versión cargada: 1.1.0
[2025-10-17 00:31:25] [INFO] [main] [app] Scheduler diario habilitado: false | usuario config: undefined | usuario actual: operador
[2025-10-17 00:31:25] [INFO] [main] [app] Scheduler semanal habilitado: false | usuario config: undefined | usuario actual: operador
[2025-10-17 00:31:25] [INFO] [main] [app] Scheduler mensual habilitado: false | usuario config: undefined | usuario actual: operador
[2025-10-17 00:31:25] [INFO] [main] [app] Scheduler diario habilitado: false | usuario config: undefined | usuario actual: operador
[2025-10-17 00:31:25] [INFO] [main] [app] Scheduler semanal habilitado: false | usuario config: undefined | usuario actual: operador
[2025-10-17 00:31:25] [INFO] [main] [app] Scheduler mensual habilitado: false | usuario config: undefined | usuario actual: operador
[2025-10-17 00:31:25] [INFO] [main] [useConfig] Configuración inicial obtenida
[2025-10-17 00:31:25] [INFO] [main] [useConfig] Configuración inicial obtenida
[2025-10-17 00:31:25] [INFO] [main] [useConfig] Configuración inicial obtenida
[2025-10-17 00:31:25] [INFO] [main] [useConfig] Configuración inicial obtenida
[2025-10-17 00:31:25] [INFO] [main] [useConfig] Configuración inicial obtenida
[2025-10-17 00:31:25] [INFO] [main] [useConfig] Configuración inicial obtenida
[2025-10-17 00:31:25] [INFO] [main] [app] Scheduler diario habilitado: true | usuario config: operador | usuario actual: operador
[2025-10-17 00:31:25] [INFO] [main] [app] Scheduler semanal habilitado: true | usuario config: operador | usuario actual: operador
[2025-10-17 00:31:25] [INFO] [main] [app] Scheduler mensual habilitado: true | usuario config: operador | usuario actual: operador
[2025-10-17 00:31:25] [INFO] [main] [app] Scheduler diario habilitado: true | usuario config: operador | usuario actual: operador
[2025-10-17 00:31:25] [INFO] [main] [app] Scheduler semanal habilitado: true | usuario config: operador | usuario actual: operador
[2025-10-17 00:31:25] [INFO] [main] [app] Scheduler mensual habilitado: true | usuario config: operador | usuario actual: operador
[2025-10-17 00:31:26] [INFO] [main] [statusLockers] Iniciando petición para obtener casilleros disponibles
[2025-10-17 00:31:26] [INFO] [main] [statusLockers] Timeout efectivo en ejecución: 30000
[2025-10-17 00:31:26] [INFO] [main] [statusLockers] Intento 1: HOST -> http://localhost:8080
[2025-10-17 00:31:26] [INFO] [main] [statusLockers] Intento 1: URL -> /api/lockers/get-all-status
[2025-10-17 00:31:26] [INFO] [main] [statusLockers] Iniciando petición para obtener casilleros disponibles
[2025-10-17 00:31:26] [INFO] [main] [statusLockers] Timeout efectivo en ejecución: 30000
[2025-10-17 00:31:26] [INFO] [main] [statusLockers] Intento 1: HOST -> http://localhost:8080
[2025-10-17 00:31:26] [INFO] [main] [statusLockers] Intento 1: URL -> /api/lockers/get-all-status
[2025-10-17 00:31:26] [INFO] [main] [useConfig] Configuración inicial obtenida
[2025-10-17 00:31:26] [INFO] [main] [useConfig] Configuración inicial obtenida
[2025-10-17 00:31:26] [INFO] [main] [useConfig] Configuración inicial obtenida
[2025-10-17 00:31:26] [INFO] [main] [useConfig] Configuración inicial obtenida
[2025-10-17 00:31:26] [INFO] [main] [statusLockers] Response. Status: 200
[2025-10-17 00:31:26] [INFO] [main] [statusLockers] Response. Data: {"general":[{"status":"deshabilitado","total":0},{"status":"asignado","total":1},{"status":"ocupado","total":4},{"status":"libre","total":51},{"status":"reservado","total":4}],"modules":[{"module":"A","lockers":[{"lockerCode":"A1","status":"libre"},{"lockerCode":"A2","status":"reservado"},{"lockerCode":"A3","status":"reservado"},{"lockerCode":"A4","status":"reservado"},{"lockerCode":"A5","status":"libre"},{"lockerCode":"A6","status":"reservado"},{"lockerCode":"A7","status":"libre"},{"lockerCode":"A8","status":"libre"},{"lockerCode":"A9","status":"libre"},{"lockerCode":"A10","status":"libre"}]},{"module":"B","lockers":[{"lockerCode":"B1","status":"libre"},{"lockerCode":"B2","status":"libre"},{"lockerCode":"B3","status":"libre"},{"lockerCode":"B4","status":"ocupado"},{"lockerCode":"B5","status":"libre"},{"lockerCode":"B6","status":"libre"},{"lockerCode":"B7","status":"libre"},{"lockerCode":"B8","status":"libre"},{"lockerCode":"B9","status":"libre"},{"lockerCode":"B10","status":"ocupado"}]},{"module":"C","lockers":[{"lockerCode":"C1","status":"libre"},{"lockerCode":"C2","status":"libre"},{"lockerCode":"C3","status":"libre"},{"lockerCode":"C4","status":"libre"},{"lockerCode":"C5","status":"libre"},{"lockerCode":"C6","status":"libre"},{"lockerCode":"C7","status":"libre"},{"lockerCode":"C8","status":"libre"},{"lockerCode":"C9","status":"libre"},{"lockerCode":"C10","status":"libre"}]},{"module":"D","lockers":[{"lockerCode":"D1","status":"ocupado"},{"lockerCode":"D2","status":"libre"},{"lockerCode":"D3","status":"libre"},{"lockerCode":"D4","status":"libre"},{"lockerCode":"D5","status":"libre"},{"lockerCode":"D6","status":"libre"},{"lockerCode":"D7","status":"libre"},{"lockerCode":"D8","status":"libre"},{"lockerCode":"D9","status":"libre"},{"lockerCode":"D10","status":"libre"}]},{"module":"E","lockers":[{"lockerCode":"E1","status":"libre"},{"lockerCode":"E2","status":"libre"},{"lockerCode":"E3","status":"libre"},{"lockerCode":"E4","status":"libre"},{"lockerCode":"E5","status":"libre"},{"lockerCode":"E6","status":"libre"},{"lockerCode":"E7","status":"libre"},{"lockerCode":"E8","status":"libre"},{"lockerCode":"E9","status":"libre"},{"lockerCode":"E10","status":"libre"}]},{"module":"F","lockers":[{"lockerCode":"F1","status":"asignado"},{"lockerCode":"F2","status":"libre"},{"lockerCode":"F3","status":"libre"},{"lockerCode":"F4","status":"ocupado"},{"lockerCode":"F5","status":"libre"},{"lockerCode":"F6","status":"libre"},{"lockerCode":"F7","status":"libre"},{"lockerCode":"F8","status":"libre"},{"lockerCode":"F9","status":"libre"},{"lockerCode":"F10","status":"libre"}]}]}
[2025-10-17 00:31:26] [INFO] [main] [statusLockers] Response. Status: 200
[2025-10-17 00:31:26] [INFO] [main] [statusLockers] Response. Data: {"general":[{"status":"ocupado","total":4},{"status":"libre","total":51},{"status":"reservado","total":4},{"status":"deshabilitado","total":0},{"status":"asignado","total":1}],"modules":[{"module":"A","lockers":[{"lockerCode":"A1","status":"libre"},{"lockerCode":"A2","status":"reservado"},{"lockerCode":"A3","status":"reservado"},{"lockerCode":"A4","status":"reservado"},{"lockerCode":"A5","status":"libre"},{"lockerCode":"A6","status":"reservado"},{"lockerCode":"A7","status":"libre"},{"lockerCode":"A8","status":"libre"},{"lockerCode":"A9","status":"libre"},{"lockerCode":"A10","status":"libre"}]},{"module":"B","lockers":[{"lockerCode":"B1","status":"libre"},{"lockerCode":"B2","status":"libre"},{"lockerCode":"B3","status":"libre"},{"lockerCode":"B4","status":"ocupado"},{"lockerCode":"B5","status":"libre"},{"lockerCode":"B6","status":"libre"},{"lockerCode":"B7","status":"libre"},{"lockerCode":"B8","status":"libre"},{"lockerCode":"B9","status":"libre"},{"lockerCode":"B10","status":"ocupado"}]},{"module":"C","lockers":[{"lockerCode":"C1","status":"libre"},{"lockerCode":"C2","status":"libre"},{"lockerCode":"C3","status":"libre"},{"lockerCode":"C4","status":"libre"},{"lockerCode":"C5","status":"libre"},{"lockerCode":"C6","status":"libre"},{"lockerCode":"C7","status":"libre"},{"lockerCode":"C8","status":"libre"},{"lockerCode":"C9","status":"libre"},{"lockerCode":"C10","status":"libre"}]},{"module":"D","lockers":[{"lockerCode":"D1","status":"ocupado"},{"lockerCode":"D2","status":"libre"},{"lockerCode":"D3","status":"libre"},{"lockerCode":"D4","status":"libre"},{"lockerCode":"D5","status":"libre"},{"lockerCode":"D6","status":"libre"},{"lockerCode":"D7","status":"libre"},{"lockerCode":"D8","status":"libre"},{"lockerCode":"D9","status":"libre"},{"lockerCode":"D10","status":"libre"}]},{"module":"E","lockers":[{"lockerCode":"E1","status":"libre"},{"lockerCode":"E2","status":"libre"},{"lockerCode":"E3","status":"libre"},{"lockerCode":"E4","status":"libre"},{"lockerCode":"E5","status":"libre"},{"lockerCode":"E6","status":"libre"},{"lockerCode":"E7","status":"libre"},{"lockerCode":"E8","status":"libre"},{"lockerCode":"E9","status":"libre"},{"lockerCode":"E10","status":"libre"}]},{"module":"F","lockers":[{"lockerCode":"F1","status":"asignado"},{"lockerCode":"F2","status":"libre"},{"lockerCode":"F3","status":"libre"},{"lockerCode":"F4","status":"ocupado"},{"lockerCode":"F5","status":"libre"},{"lockerCode":"F6","status":"libre"},{"lockerCode":"F7","status":"libre"},{"lockerCode":"F8","status":"libre"},{"lockerCode":"F9","status":"libre"},{"lockerCode":"F10","status":"libre"}]}]}
[2025-10-17 00:31:26] [INFO] [main] [app] Scheduler diario habilitado: true | usuario config: operador | usuario actual: operador
[2025-10-17 00:31:26] [INFO] [main] [app] Scheduler semanal habilitado: true | usuario config: operador | usuario actual: operador
[2025-10-17 00:31:26] [INFO] [main] [app] Scheduler mensual habilitado: true | usuario config: operador | usuario actual: operador
[2025-10-17 00:31:26] [INFO] [main] [app] Scheduler diario habilitado: true | usuario config: operador | usuario actual: operador
[2025-10-17 00:31:26] [INFO] [main] [app] Scheduler semanal habilitado: true | usuario config: operador | usuario actual: operador
[2025-10-17 00:31:26] [INFO] [main] [app] Scheduler mensual habilitado: true | usuario config: operador | usuario actual: operador
[2025-10-17 00:31:52] [INFO] [main] [app] Scheduler diario habilitado: false | usuario config: undefined | usuario actual: operador
[2025-10-17 00:31:52] [INFO] [main] [app] Scheduler semanal habilitado: false | usuario config: undefined | usuario actual: operador
[2025-10-17 00:31:52] [INFO] [main] [app] Scheduler mensual habilitado: false | usuario config: undefined | usuario actual: operador
[2025-10-17 00:31:52] [INFO] [main] [app] Scheduler diario habilitado: false | usuario config: undefined | usuario actual: operador
[2025-10-17 00:31:52] [INFO] [main] [app] Scheduler semanal habilitado: false | usuario config: undefined | usuario actual: operador
[2025-10-17 00:31:52] [INFO] [main] [app] Scheduler mensual habilitado: false | usuario config: undefined | usuario actual: operador
[2025-10-17 00:31:52] [INFO] [main] [statusLockers] Iniciando petición para obtener casilleros disponibles
[2025-10-17 00:31:52] [INFO] [main] [statusLockers] Timeout efectivo en ejecución: 30000
[2025-10-17 00:31:52] [INFO] [main] [statusLockers] Intento 1: HOST -> http://localhost:8080
[2025-10-17 00:31:52] [INFO] [main] [statusLockers] Intento 1: URL -> /api/lockers/get-all-status
[2025-10-17 00:31:52] [INFO] [main] [copyright] Versión cargada: 1.1.0
[2025-10-17 00:31:52] [INFO] [main] [app] Componente App montado
[2025-10-17 00:31:52] [INFO] [main] [app] Versión cargada: 1.1.0
[2025-10-17 00:31:52] [INFO] [main] [statusLockers] Iniciando petición para obtener casilleros disponibles
[2025-10-17 00:31:52] [INFO] [main] [statusLockers] Timeout efectivo en ejecución: 30000
[2025-10-17 00:31:52] [INFO] [main] [statusLockers] Intento 1: HOST -> http://localhost:8080
[2025-10-17 00:31:52] [INFO] [main] [statusLockers] Intento 1: URL -> /api/lockers/get-all-status
[2025-10-17 00:31:52] [INFO] [main] [copyright] Versión cargada: 1.1.0
[2025-10-17 00:31:52] [INFO] [main] [app] Componente App montado
[2025-10-17 00:31:52] [INFO] [main] [app] Versión cargada: 1.1.0
[2025-10-17 00:31:52] [INFO] [main] [app] Scheduler diario habilitado: false | usuario config: undefined | usuario actual: operador
[2025-10-17 00:31:52] [INFO] [main] [app] Scheduler semanal habilitado: false | usuario config: undefined | usuario actual: operador
[2025-10-17 00:31:52] [INFO] [main] [app] Scheduler mensual habilitado: false | usuario config: undefined | usuario actual: operador
[2025-10-17 00:31:52] [INFO] [main] [app] Scheduler diario habilitado: false | usuario config: undefined | usuario actual: operador
[2025-10-17 00:31:52] [INFO] [main] [app] Scheduler semanal habilitado: false | usuario config: undefined | usuario actual: operador
[2025-10-17 00:31:52] [INFO] [main] [app] Scheduler mensual habilitado: false | usuario config: undefined | usuario actual: operador
[2025-10-17 00:31:52] [INFO] [main] [useConfig] Configuración inicial obtenida
[2025-10-17 00:31:52] [INFO] [main] [useConfig] Configuración inicial obtenida
[2025-10-17 00:31:52] [INFO] [main] [useConfig] Configuración inicial obtenida
[2025-10-17 00:31:52] [INFO] [main] [useConfig] Configuración inicial obtenida
[2025-10-17 00:31:52] [INFO] [main] [useConfig] Configuración inicial obtenida
[2025-10-17 00:31:52] [INFO] [main] [useConfig] Configuración inicial obtenida
[2025-10-17 00:31:52] [INFO] [main] [useConfig] Configuración inicial obtenida
[2025-10-17 00:31:52] [INFO] [main] [useConfig] Configuración inicial obtenida
[2025-10-17 00:31:52] [INFO] [main] [app] Scheduler diario habilitado: true | usuario config: operador | usuario actual: operador
[2025-10-17 00:31:52] [INFO] [main] [app] Scheduler semanal habilitado: true | usuario config: operador | usuario actual: operador
[2025-10-17 00:31:52] [INFO] [main] [app] Scheduler mensual habilitado: true | usuario config: operador | usuario actual: operador
[2025-10-17 00:31:52] [INFO] [main] [app] Scheduler diario habilitado: true | usuario config: operador | usuario actual: operador
[2025-10-17 00:31:52] [INFO] [main] [app] Scheduler semanal habilitado: true | usuario config: operador | usuario actual: operador
[2025-10-17 00:31:52] [INFO] [main] [app] Scheduler mensual habilitado: true | usuario config: operador | usuario actual: operador
[2025-10-17 00:31:52] [INFO] [main] [statusLockers] Response. Status: 200
[2025-10-17 00:31:52] [INFO] [main] [statusLockers] Response. Data: {"general":[{"status":"ocupado","total":4},{"status":"libre","total":51},{"status":"reservado","total":4},{"status":"deshabilitado","total":0},{"status":"asignado","total":1}],"modules":[{"module":"A","lockers":[{"lockerCode":"A1","status":"libre"},{"lockerCode":"A2","status":"reservado"},{"lockerCode":"A3","status":"reservado"},{"lockerCode":"A4","status":"reservado"},{"lockerCode":"A5","status":"libre"},{"lockerCode":"A6","status":"reservado"},{"lockerCode":"A7","status":"libre"},{"lockerCode":"A8","status":"libre"},{"lockerCode":"A9","status":"libre"},{"lockerCode":"A10","status":"libre"}]},{"module":"B","lockers":[{"lockerCode":"B1","status":"libre"},{"lockerCode":"B2","status":"libre"},{"lockerCode":"B3","status":"libre"},{"lockerCode":"B4","status":"ocupado"},{"lockerCode":"B5","status":"libre"},{"lockerCode":"B6","status":"libre"},{"lockerCode":"B7","status":"libre"},{"lockerCode":"B8","status":"libre"},{"lockerCode":"B9","status":"libre"},{"lockerCode":"B10","status":"ocupado"}]},{"module":"C","lockers":[{"lockerCode":"C1","status":"libre"},{"lockerCode":"C2","status":"libre"},{"lockerCode":"C3","status":"libre"},{"lockerCode":"C4","status":"libre"},{"lockerCode":"C5","status":"libre"},{"lockerCode":"C6","status":"libre"},{"lockerCode":"C7","status":"libre"},{"lockerCode":"C8","status":"libre"},{"lockerCode":"C9","status":"libre"},{"lockerCode":"C10","status":"libre"}]},{"module":"D","lockers":[{"lockerCode":"D1","status":"ocupado"},{"lockerCode":"D2","status":"libre"},{"lockerCode":"D3","status":"libre"},{"lockerCode":"D4","status":"libre"},{"lockerCode":"D5","status":"libre"},{"lockerCode":"D6","status":"libre"},{"lockerCode":"D7","status":"libre"},{"lockerCode":"D8","status":"libre"},{"lockerCode":"D9","status":"libre"},{"lockerCode":"D10","status":"libre"}]},{"module":"E","lockers":[{"lockerCode":"E1","status":"libre"},{"lockerCode":"E2","status":"libre"},{"lockerCode":"E3","status":"libre"},{"lockerCode":"E4","status":"libre"},{"lockerCode":"E5","status":"libre"},{"lockerCode":"E6","status":"libre"},{"lockerCode":"E7","status":"libre"},{"lockerCode":"E8","status":"libre"},{"lockerCode":"E9","status":"libre"},{"lockerCode":"E10","status":"libre"}]},{"module":"F","lockers":[{"lockerCode":"F1","status":"asignado"},{"lockerCode":"F2","status":"libre"},{"lockerCode":"F3","status":"libre"},{"lockerCode":"F4","status":"ocupado"},{"lockerCode":"F5","status":"libre"},{"lockerCode":"F6","status":"libre"},{"lockerCode":"F7","status":"libre"},{"lockerCode":"F8","status":"libre"},{"lockerCode":"F9","status":"libre"},{"lockerCode":"F10","status":"libre"}]}]}
[2025-10-17 00:31:52] [INFO] [main] [statusLockers] Response. Status: 200
[2025-10-17 00:31:52] [INFO] [main] [statusLockers] Response. Data: {"general":[{"status":"ocupado","total":4},{"status":"libre","total":51},{"status":"reservado","total":4},{"status":"deshabilitado","total":0},{"status":"asignado","total":1}],"modules":[{"module":"A","lockers":[{"lockerCode":"A1","status":"libre"},{"lockerCode":"A2","status":"reservado"},{"lockerCode":"A3","status":"reservado"},{"lockerCode":"A4","status":"reservado"},{"lockerCode":"A5","status":"libre"},{"lockerCode":"A6","status":"reservado"},{"lockerCode":"A7","status":"libre"},{"lockerCode":"A8","status":"libre"},{"lockerCode":"A9","status":"libre"},{"lockerCode":"A10","status":"libre"}]},{"module":"B","lockers":[{"lockerCode":"B1","status":"libre"},{"lockerCode":"B2","status":"libre"},{"lockerCode":"B3","status":"libre"},{"lockerCode":"B4","status":"ocupado"},{"lockerCode":"B5","status":"libre"},{"lockerCode":"B6","status":"libre"},{"lockerCode":"B7","status":"libre"},{"lockerCode":"B8","status":"libre"},{"lockerCode":"B9","status":"libre"},{"lockerCode":"B10","status":"ocupado"}]},{"module":"C","lockers":[{"lockerCode":"C1","status":"libre"},{"lockerCode":"C2","status":"libre"},{"lockerCode":"C3","status":"libre"},{"lockerCode":"C4","status":"libre"},{"lockerCode":"C5","status":"libre"},{"lockerCode":"C6","status":"libre"},{"lockerCode":"C7","status":"libre"},{"lockerCode":"C8","status":"libre"},{"lockerCode":"C9","status":"libre"},{"lockerCode":"C10","status":"libre"}]},{"module":"D","lockers":[{"lockerCode":"D1","status":"ocupado"},{"lockerCode":"D2","status":"libre"},{"lockerCode":"D3","status":"libre"},{"lockerCode":"D4","status":"libre"},{"lockerCode":"D5","status":"libre"},{"lockerCode":"D6","status":"libre"},{"lockerCode":"D7","status":"libre"},{"lockerCode":"D8","status":"libre"},{"lockerCode":"D9","status":"libre"},{"lockerCode":"D10","status":"libre"}]},{"module":"E","lockers":[{"lockerCode":"E1","status":"libre"},{"lockerCode":"E2","status":"libre"},{"lockerCode":"E3","status":"libre"},{"lockerCode":"E4","status":"libre"},{"lockerCode":"E5","status":"libre"},{"lockerCode":"E6","status":"libre"},{"lockerCode":"E7","status":"libre"},{"lockerCode":"E8","status":"libre"},{"lockerCode":"E9","status":"libre"},{"lockerCode":"E10","status":"libre"}]},{"module":"F","lockers":[{"lockerCode":"F1","status":"asignado"},{"lockerCode":"F2","status":"libre"},{"lockerCode":"F3","status":"libre"},{"lockerCode":"F4","status":"ocupado"},{"lockerCode":"F5","status":"libre"},{"lockerCode":"F6","status":"libre"},{"lockerCode":"F7","status":"libre"},{"lockerCode":"F8","status":"libre"},{"lockerCode":"F9","status":"libre"},{"lockerCode":"F10","status":"libre"}]}]}
[2025-10-17 00:31:53] [INFO] [main] [app] Scheduler diario habilitado: true | usuario config: operador | usuario actual: operador
[2025-10-17 00:31:53] [INFO] [main] [app] Scheduler semanal habilitado: true | usuario config: operador | usuario actual: operador
[2025-10-17 00:31:53] [INFO] [main] [app] Scheduler mensual habilitado: true | usuario config: operador | usuario actual: operador
[2025-10-17 00:31:53] [INFO] [main] [app] Scheduler diario habilitado: true | usuario config: operador | usuario actual: operador
[2025-10-17 00:31:53] [INFO] [main] [app] Scheduler semanal habilitado: true | usuario config: operador | usuario actual: operador
[2025-10-17 00:31:53] [INFO] [main] [app] Scheduler mensual habilitado: true | usuario config: operador | usuario actual: operador
[2025-10-17 00:48:00] [INFO] [main] [app] Scheduler diario habilitado: true | usuario config: operador | usuario actual: operador
[2025-10-17 00:48:00] [INFO] [main] [app] Scheduler semanal habilitado: true | usuario config: operador | usuario actual: operador
[2025-10-17 00:48:00] [INFO] [main] [app] Scheduler mensual habilitado: true | usuario config: operador | usuario actual: operador
[2025-10-17 00:48:00] [INFO] [main] [app] Scheduler diario habilitado: true | usuario config: operador | usuario actual: operador
[2025-10-17 00:48:00] [INFO] [main] [app] Scheduler semanal habilitado: true | usuario config: operador | usuario actual: operador
[2025-10-17 00:48:00] [INFO] [main] [app] Scheduler mensual habilitado: true | usuario config: operador | usuario actual: operador
[2025-10-17 00:48:16] [INFO] [main] [app] Scheduler diario habilitado: true | usuario config: operador | usuario actual: operador
[2025-10-17 00:48:16] [INFO] [main] [app] Scheduler semanal habilitado: true | usuario config: operador | usuario actual: operador
[2025-10-17 00:48:16] [INFO] [main] [app] Scheduler mensual habilitado: true | usuario config: operador | usuario actual: operador
[2025-10-17 00:48:16] [INFO] [main] [app] Scheduler diario habilitado: true | usuario config: operador | usuario actual: operador
[2025-10-17 00:48:16] [INFO] [main] [app] Scheduler semanal habilitado: true | usuario config: operador | usuario actual: operador
[2025-10-17 00:48:16] [INFO] [main] [app] Scheduler mensual habilitado: true | usuario config: operador | usuario actual: operador
[2025-10-17 00:48:28] [INFO] [main] [app] Scheduler diario habilitado: true | usuario config: operador | usuario actual: operador
[2025-10-17 00:48:28] [INFO] [main] [app] Scheduler semanal habilitado: true | usuario config: operador | usuario actual: operador
[2025-10-17 00:48:28] [INFO] [main] [app] Scheduler mensual habilitado: true | usuario config: operador | usuario actual: operador
[2025-10-17 00:48:28] [INFO] [main] [app] Scheduler diario habilitado: true | usuario config: operador | usuario actual: operador
[2025-10-17 00:48:28] [INFO] [main] [app] Scheduler semanal habilitado: true | usuario config: operador | usuario actual: operador
[2025-10-17 00:48:28] [INFO] [main] [app] Scheduler mensual habilitado: true | usuario config: operador | usuario actual: operador
[2025-10-17 00:48:29] [INFO] [main] [app] Scheduler diario habilitado: true | usuario config: operador | usuario actual: operador
[2025-10-17 00:48:29] [INFO] [main] [app] Scheduler semanal habilitado: true | usuario config: operador | usuario actual: operador
[2025-10-17 00:48:29] [INFO] [main] [app] Scheduler mensual habilitado: true | usuario config: operador | usuario actual: operador
[2025-10-17 00:48:29] [INFO] [main] [app] Scheduler diario habilitado: true | usuario config: operador | usuario actual: operador
[2025-10-17 00:48:29] [INFO] [main] [app] Scheduler semanal habilitado: true | usuario config: operador | usuario actual: operador
[2025-10-17 00:48:29] [INFO] [main] [app] Scheduler mensual habilitado: true | usuario config: operador | usuario actual: operador
[2025-10-17 00:48:37] [INFO] [setupWatcher] Archivo setup_config.json cargado correctamente
[2025-10-17 00:48:37] [INFO] [main] Recibido config actualizado
[2025-10-17 00:48:37] [INFO] [setupWatcher] Archivo setup_config.json cargado correctamente
[2025-10-17 00:48:37] [INFO] [main] Recibido config actualizado
[2025-10-17 00:48:37] [INFO] [main] Recibido config actualizado
[2025-10-17 00:48:37] [INFO] [main] [configStore] Configuración actualizada
[2025-10-17 00:48:37] [INFO] [main] [configStore] Nueva configuración recibida vía IPC
[2025-10-17 00:48:37] [INFO] [main] [useConfig] Configuración actualizada mediante onConfigUpdate
[2025-10-17 00:48:37] [INFO] [main] [useConfig] Configuración actualizada mediante onConfigUpdate
[2025-10-17 00:48:37] [INFO] [main] [useConfig] Configuración actualizada mediante onConfigUpdate
[2025-10-17 00:48:37] [INFO] [main] [useConfig] Configuración actualizada mediante onConfigUpdate
[2025-10-17 00:48:37] [INFO] [main] [useConfig] Configuración actualizada mediante onConfigUpdate
[2025-10-17 00:48:37] [INFO] [main] [useConfig] Configuración actualizada mediante onConfigUpdate
[2025-10-17 00:48:37] [INFO] [main] [useConfig] Configuración actualizada mediante onConfigUpdate
[2025-10-17 00:48:37] [INFO] [main] [useConfig] Configuración actualizada mediante onConfigUpdate
[2025-10-17 00:48:37] [INFO] [main] [useConfig] Configuración actualizada mediante onConfigUpdate
[2025-10-17 00:48:37] [INFO] [main] [useConfig] Configuración actualizada mediante onConfigUpdate
[2025-10-17 00:48:37] [INFO] [main] [useConfig] Configuración actualizada mediante onConfigUpdate
[2025-10-17 00:48:37] [INFO] [main] [useConfig] Configuración actualizada mediante onConfigUpdate
[2025-10-17 00:48:37] [INFO] [main] [useConfig] Configuración actualizada mediante onConfigUpdate
[2025-10-17 00:48:37] [INFO] [main] [useConfig] Configuración actualizada mediante onConfigUpdate
[2025-10-17 00:48:37] [INFO] [main] [useConfig] Configuración actualizada mediante onConfigUpdate
[2025-10-17 00:48:37] [INFO] [main] [useConfig] Configuración actualizada mediante onConfigUpdate
[2025-10-17 00:48:37] [INFO] [main] [useConfig] Configuración actualizada mediante onConfigUpdate
[2025-10-17 00:48:37] [INFO] [main] [useConfig] Configuración actualizada mediante onConfigUpdate
[2025-10-17 00:48:37] [INFO] [main] [app] Scheduler diario habilitado: true | usuario config: operador | usuario actual: operador
[2025-10-17 00:48:37] [INFO] [main] [app] Scheduler semanal habilitado: true | usuario config: operador | usuario actual: operador
[2025-10-17 00:48:37] [INFO] [main] [app] Scheduler mensual habilitado: true | usuario config: operador | usuario actual: operador
[2025-10-17 00:48:37] [INFO] [main] [app] Scheduler diario habilitado: true | usuario config: operador | usuario actual: operador
[2025-10-17 00:48:37] [INFO] [main] [app] Scheduler semanal habilitado: true | usuario config: operador | usuario actual: operador
[2025-10-17 00:48:37] [INFO] [main] [app] Scheduler mensual habilitado: true | usuario config: operador | usuario actual: operador
[2025-10-17 00:48:37] [INFO] [main] [configStore] Configuración actualizada
[2025-10-17 00:48:37] [INFO] [main] [configStore] Nueva configuración recibida vía IPC
[2025-10-17 00:48:37] [INFO] [main] [useConfig] Configuración actualizada mediante onConfigUpdate
[2025-10-17 00:48:37] [INFO] [main] [useConfig] Configuración actualizada mediante onConfigUpdate
[2025-10-17 00:48:37] [INFO] [main] [useConfig] Configuración actualizada mediante onConfigUpdate
[2025-10-17 00:48:37] [INFO] [main] [useConfig] Configuración actualizada mediante onConfigUpdate
[2025-10-17 00:48:37] [INFO] [main] [useConfig] Configuración actualizada mediante onConfigUpdate
[2025-10-17 00:48:37] [INFO] [main] [useConfig] Configuración actualizada mediante onConfigUpdate
[2025-10-17 00:48:37] [INFO] [main] [useConfig] Configuración actualizada mediante onConfigUpdate
[2025-10-17 00:48:37] [INFO] [main] [useConfig] Configuración actualizada mediante onConfigUpdate
[2025-10-17 00:48:37] [INFO] [main] [useConfig] Configuración actualizada mediante onConfigUpdate
[2025-10-17 00:48:37] [INFO] [main] [useConfig] Configuración actualizada mediante onConfigUpdate
[2025-10-17 00:48:37] [INFO] [main] [useConfig] Configuración actualizada mediante onConfigUpdate
[2025-10-17 00:48:37] [INFO] [main] [useConfig] Configuración actualizada mediante onConfigUpdate
[2025-10-17 00:48:37] [INFO] [main] [useConfig] Configuración actualizada mediante onConfigUpdate
[2025-10-17 00:48:37] [INFO] [main] [useConfig] Configuración actualizada mediante onConfigUpdate
[2025-10-17 00:48:37] [INFO] [main] [useConfig] Configuración actualizada mediante onConfigUpdate
[2025-10-17 00:48:37] [INFO] [main] [useConfig] Configuración actualizada mediante onConfigUpdate
[2025-10-17 00:48:37] [INFO] [main] [useConfig] Configuración actualizada mediante onConfigUpdate
[2025-10-17 00:48:37] [INFO] [main] [useConfig] Configuración actualizada mediante onConfigUpdate
[2025-10-17 00:48:37] [INFO] [main] [configStore] Configuración actualizada
[2025-10-17 00:48:37] [INFO] [main] [configStore] Nueva configuración recibida vía IPC
[2025-10-17 00:48:37] [INFO] [main] [useConfig] Configuración actualizada mediante onConfigUpdate
[2025-10-17 00:48:37] [INFO] [main] [useConfig] Configuración actualizada mediante onConfigUpdate
[2025-10-17 00:48:37] [INFO] [main] [useConfig] Configuración actualizada mediante onConfigUpdate
[2025-10-17 00:48:37] [INFO] [main] [useConfig] Configuración actualizada mediante onConfigUpdate
[2025-10-17 00:48:37] [INFO] [main] [useConfig] Configuración actualizada mediante onConfigUpdate
[2025-10-17 00:48:37] [INFO] [main] [useConfig] Configuración actualizada mediante onConfigUpdate
[2025-10-17 00:48:37] [INFO] [main] [useConfig] Configuración actualizada mediante onConfigUpdate
[2025-10-17 00:48:37] [INFO] [main] [useConfig] Configuración actualizada mediante onConfigUpdate
[2025-10-17 00:48:37] [INFO] [main] [useConfig] Configuración actualizada mediante onConfigUpdate
[2025-10-17 00:48:37] [INFO] [main] [useConfig] Configuración actualizada mediante onConfigUpdate
[2025-10-17 00:48:37] [INFO] [main] [useConfig] Configuración actualizada mediante onConfigUpdate
[2025-10-17 00:48:37] [INFO] [main] [useConfig] Configuración actualizada mediante onConfigUpdate
[2025-10-17 00:48:37] [INFO] [main] [useConfig] Configuración actualizada mediante onConfigUpdate
[2025-10-17 00:48:37] [INFO] [main] [useConfig] Configuración actualizada mediante onConfigUpdate
[2025-10-17 00:48:37] [INFO] [main] [useConfig] Configuración actualizada mediante onConfigUpdate
[2025-10-17 00:48:37] [INFO] [main] [useConfig] Configuración actualizada mediante onConfigUpdate
[2025-10-17 00:48:37] [INFO] [main] [useConfig] Configuración actualizada mediante onConfigUpdate
[2025-10-17 00:48:37] [INFO] [main] [useConfig] Configuración actualizada mediante onConfigUpdate
[2025-10-17 00:48:38] [INFO] [main] [app] Scheduler diario habilitado: true | usuario config: operador | usuario actual: operador
[2025-10-17 00:48:38] [INFO] [main] [app] Scheduler semanal habilitado: true | usuario config: operador | usuario actual: operador
[2025-10-17 00:48:38] [INFO] [main] [app] Scheduler mensual habilitado: true | usuario config: operador | usuario actual: operador
[2025-10-17 00:48:38] [INFO] [main] [app] Scheduler diario habilitado: true | usuario config: operador | usuario actual: operador
[2025-10-17 00:48:38] [INFO] [main] [app] Scheduler semanal habilitado: true | usuario config: operador | usuario actual: operador
[2025-10-17 00:48:38] [INFO] [main] [app] Scheduler mensual habilitado: true | usuario config: operador | usuario actual: operador
[2025-10-17 00:48:37] [INFO] [setupWatcher] Archivo setup_config.json cargado correctamente
[2025-10-17 00:48:38] [INFO] [main] [app] Scheduler diario habilitado: true | usuario config: operador | usuario actual: operador
[2025-10-17 00:48:38] [INFO] [main] [app] Scheduler semanal habilitado: true | usuario config: operador | usuario actual: operador
[2025-10-17 00:48:38] [INFO] [main] [app] Scheduler mensual habilitado: true | usuario config: operador | usuario actual: operador
[2025-10-17 00:48:38] [INFO] [main] [app] Scheduler diario habilitado: true | usuario config: operador | usuario actual: operador
[2025-10-17 00:48:38] [INFO] [main] [app] Scheduler semanal habilitado: true | usuario config: operador | usuario actual: operador
[2025-10-17 00:48:38] [INFO] [main] [app] Scheduler mensual habilitado: true | usuario config: operador | usuario actual: operador
[2025-10-17 00:48:38] [INFO] [main] [app] Scheduler diario habilitado: true | usuario config: operador | usuario actual: operador
[2025-10-17 00:48:38] [INFO] [main] [app] Scheduler semanal habilitado: true | usuario config: operador | usuario actual: operador
[2025-10-17 00:48:38] [INFO] [main] [app] Scheduler mensual habilitado: true | usuario config: operador | usuario actual: operador
[2025-10-17 00:48:38] [INFO] [main] [app] Scheduler diario habilitado: true | usuario config: operador | usuario actual: operador
[2025-10-17 00:48:38] [INFO] [main] [app] Scheduler semanal habilitado: true | usuario config: operador | usuario actual: operador
[2025-10-17 00:48:38] [INFO] [main] [app] Scheduler mensual habilitado: true | usuario config: operador | usuario actual: operador
[2025-10-17 00:48:38] [INFO] [setupWatcher] Archivo setup_config.json cargado correctamente
[2025-10-17 00:48:38] [INFO] [main] Recibido config actualizado
[2025-10-17 00:48:38] [INFO] [main] [configStore] Configuración actualizada
[2025-10-17 00:48:38] [INFO] [main] [configStore] Nueva configuración recibida vía IPC
[2025-10-17 00:48:38] [INFO] [main] [useConfig] Configuración actualizada mediante onConfigUpdate
[2025-10-17 00:48:38] [INFO] [main] [useConfig] Configuración actualizada mediante onConfigUpdate
[2025-10-17 00:48:38] [INFO] [main] [useConfig] Configuración actualizada mediante onConfigUpdate
[2025-10-17 00:48:38] [INFO] [main] [useConfig] Configuración actualizada mediante onConfigUpdate
[2025-10-17 00:48:38] [INFO] [main] [useConfig] Configuración actualizada mediante onConfigUpdate
[2025-10-17 00:48:38] [INFO] [main] [useConfig] Configuración actualizada mediante onConfigUpdate
[2025-10-17 00:48:38] [INFO] [main] [useConfig] Configuración actualizada mediante onConfigUpdate
[2025-10-17 00:48:38] [INFO] [main] [useConfig] Configuración actualizada mediante onConfigUpdate
[2025-10-17 00:48:38] [INFO] [main] [useConfig] Configuración actualizada mediante onConfigUpdate
[2025-10-17 00:48:38] [INFO] [main] [useConfig] Configuración actualizada mediante onConfigUpdate
[2025-10-17 00:48:38] [INFO] [main] [useConfig] Configuración actualizada mediante onConfigUpdate
[2025-10-17 00:48:38] [INFO] [main] [useConfig] Configuración actualizada mediante onConfigUpdate
[2025-10-17 00:48:38] [INFO] [main] [useConfig] Configuración actualizada mediante onConfigUpdate
[2025-10-17 00:48:38] [INFO] [main] [useConfig] Configuración actualizada mediante onConfigUpdate
[2025-10-17 00:48:38] [INFO] [main] [useConfig] Configuración actualizada mediante onConfigUpdate
[2025-10-17 00:48:38] [INFO] [main] [useConfig] Configuración actualizada mediante onConfigUpdate
[2025-10-17 00:48:38] [INFO] [main] [useConfig] Configuración actualizada mediante onConfigUpdate
[2025-10-17 00:48:38] [INFO] [main] [useConfig] Configuración actualizada mediante onConfigUpdate
[2025-10-17 00:48:38] [INFO] [main] [app] Scheduler diario habilitado: true | usuario config: operador | usuario actual: operador
[2025-10-17 00:48:38] [INFO] [main] [app] Scheduler semanal habilitado: true | usuario config: operador | usuario actual: operador
[2025-10-17 00:48:38] [INFO] [main] [app] Scheduler mensual habilitado: true | usuario config: operador | usuario actual: operador
[2025-10-17 00:48:38] [INFO] [main] [app] Scheduler diario habilitado: true | usuario config: operador | usuario actual: operador
[2025-10-17 00:48:38] [INFO] [main] [app] Scheduler semanal habilitado: true | usuario config: operador | usuario actual: operador
[2025-10-17 00:48:38] [INFO] [main] [app] Scheduler mensual habilitado: true | usuario config: operador | usuario actual: operador
[2025-10-17 00:48:38] [INFO] [main] [app] Scheduler diario habilitado: true | usuario config: operador | usuario actual: operador
[2025-10-17 00:48:38] [INFO] [main] [app] Scheduler semanal habilitado: true | usuario config: operador | usuario actual: operador
[2025-10-17 00:48:38] [INFO] [main] [app] Scheduler mensual habilitado: true | usuario config: operador | usuario actual: operador
[2025-10-17 00:48:38] [INFO] [main] [app] Scheduler diario habilitado: true | usuario config: operador | usuario actual: operador
[2025-10-17 00:48:38] [INFO] [main] [app] Scheduler semanal habilitado: true | usuario config: operador | usuario actual: operador
[2025-10-17 00:48:38] [INFO] [main] [app] Scheduler mensual habilitado: true | usuario config: operador | usuario actual: operador
[2025-10-17 00:48:39] [INFO] [main] [app] Scheduler diario habilitado: true | usuario config: operador | usuario actual: operador
[2025-10-17 00:48:39] [INFO] [main] [app] Scheduler semanal habilitado: true | usuario config: operador | usuario actual: operador
[2025-10-17 00:48:39] [INFO] [main] [app] Scheduler mensual habilitado: true | usuario config: operador | usuario actual: operador
[2025-10-17 00:48:39] [INFO] [main] [app] Scheduler diario habilitado: true | usuario config: operador | usuario actual: operador
[2025-10-17 00:48:39] [INFO] [main] [app] Scheduler semanal habilitado: true | usuario config: operador | usuario actual: operador
[2025-10-17 00:48:39] [INFO] [main] [app] Scheduler mensual habilitado: true | usuario config: operador | usuario actual: operador
[2025-10-17 00:48:41] [INFO] [main] [app] Scheduler diario habilitado: true | usuario config: operador | usuario actual: operador
[2025-10-17 00:48:41] [INFO] [main] [app] Scheduler semanal habilitado: true | usuario config: operador | usuario actual: operador
[2025-10-17 00:48:41] [INFO] [main] [app] Scheduler mensual habilitado: true | usuario config: operador | usuario actual: operador
[2025-10-17 00:48:41] [INFO] [main] [app] Scheduler diario habilitado: true | usuario config: operador | usuario actual: operador
[2025-10-17 00:48:41] [INFO] [main] [app] Scheduler semanal habilitado: true | usuario config: operador | usuario actual: operador
[2025-10-17 00:48:41] [INFO] [main] [app] Scheduler mensual habilitado: true | usuario config: operador | usuario actual: operador
[2025-10-17 00:48:42] [INFO] [main] [app] Scheduler diario habilitado: true | usuario config: operador | usuario actual: operador
[2025-10-17 00:48:42] [INFO] [main] [app] Scheduler semanal habilitado: true | usuario config: operador | usuario actual: operador
[2025-10-17 00:48:42] [INFO] [main] [app] Scheduler mensual habilitado: true | usuario config: operador | usuario actual: operador
[2025-10-17 00:48:42] [INFO] [main] [app] Scheduler diario habilitado: true | usuario config: operador | usuario actual: operador
[2025-10-17 00:48:42] [INFO] [main] [app] Scheduler semanal habilitado: true | usuario config: operador | usuario actual: operador
[2025-10-17 00:48:42] [INFO] [main] [app] Scheduler mensual habilitado: true | usuario config: operador | usuario actual: operador
[2025-10-17 00:48:43] [INFO] [main] [app] Scheduler diario habilitado: true | usuario config: operador | usuario actual: operador
[2025-10-17 00:48:43] [INFO] [main] [app] Scheduler semanal habilitado: true | usuario config: operador | usuario actual: operador
[2025-10-17 00:48:43] [INFO] [main] [app] Scheduler mensual habilitado: true | usuario config: operador | usuario actual: operador
[2025-10-17 00:48:43] [INFO] [main] [app] Scheduler diario habilitado: true | usuario config: operador | usuario actual: operador
[2025-10-17 00:48:43] [INFO] [main] [app] Scheduler semanal habilitado: true | usuario config: operador | usuario actual: operador
[2025-10-17 00:48:43] [INFO] [main] [app] Scheduler mensual habilitado: true | usuario config: operador | usuario actual: operador
