[2025-10-09 00:11:40] [INFO] [main] Iniciando aplicación Electron
[2025-10-09 00:11:40] [INFO] [main] .env cargado desde C:\Users\User\Documents\Personal\LockeritDesk\configFiles\.env
[2025-10-09 00:11:40] [INFO] [main] App lista, creando ventana...
[2025-10-09 00:11:40] [INFO] [main] Creando ventana principal...
[2025-10-09 00:11:40] [INFO] [main] Cargando URL: http://localhost:5173
[2025-10-09 00:11:41] [INFO] [main] Recibido config actualizado
[2025-10-09 00:11:41] [INFO] [main] Recibido auth actualizado
[2025-10-09 00:11:41] [INFO] [main] Recibido logger actualizado
[2025-10-09 00:11:41] [INFO] [main] Recibido env actualizado
[2025-10-09 00:11:41] [INFO] [preload] Inicializando preload.js
[2025-10-09 00:11:41] [INFO] [setupWatcher] Observando archivo setup_config.json en: C:\Users\User\Documents\Personal\LockeritDesk\configFiles\setup_config.json
[2025-10-09 00:11:41] [INFO] [setupWatcher] Archivo setup_config.json cargado correctamente
[2025-10-09 00:11:41] [INFO] [preload] Watcher iniciado: setup_config.json
[2025-10-09 00:11:41] [INFO] [authWatcher] Observando archivo auth_key.json en: C:\Users\User\Documents\Personal\LockeritDesk\configFiles\auth_key.json
[2025-10-09 00:11:41] [INFO] [authWatcher] auth_key.json actualizado correctamente
[2025-10-09 00:11:41] [INFO] [preload] Watcher iniciado: auth_key.json
[2025-10-09 00:11:41] [INFO] [loggerWatcher] Observando archivo logger_config.json en: C:\Users\User\Documents\Personal\LockeritDesk\configFiles\logger_config.json
[2025-10-09 00:11:41] [INFO] [loggerWatcher] Archivo logger_config.json cargado correctamente
[2025-10-09 00:11:41] [INFO] [preload] Watcher iniciado: logger_config.json
[2025-10-09 00:11:41] [INFO] [envWatcher] Observando archivo .env en: C:\Users\User\Documents\Personal\LockeritDesk\configFiles\.env
[2025-10-09 00:11:41] [INFO] [envWatcher] Archivo .env cargado correctamente
[2025-10-09 00:11:41] [INFO] [preload] Watcher iniciado: .env
[2025-10-09 00:11:41] [INFO] [preload] API expuesta en window.electronAPI
[2025-10-09 00:11:41] [INFO] [main] CSP cambió, enviando al renderer
[2025-10-09 00:13:15] [INFO] [main] Iniciando aplicación Electron
[2025-10-09 00:13:15] [INFO] [main] .env cargado desde C:\Users\User\Documents\Personal\LockeritDesk\configFiles\.env
[2025-10-09 00:13:15] [INFO] [main] App lista, creando ventana...
[2025-10-09 00:13:15] [INFO] [main] Creando ventana principal...
[2025-10-09 00:13:15] [INFO] [main] Cargando URL: http://localhost:5173
[2025-10-09 00:13:15] [INFO] [main] Recibido config actualizado
[2025-10-09 00:13:15] [INFO] [main] Recibido auth actualizado
[2025-10-09 00:13:15] [INFO] [main] Recibido logger actualizado
[2025-10-09 00:13:15] [INFO] [main] Recibido env actualizado
[2025-10-09 00:13:15] [INFO] [preload] Inicializando preload.js
[2025-10-09 00:13:15] [INFO] [setupWatcher] Observando archivo setup_config.json en: C:\Users\User\Documents\Personal\LockeritDesk\configFiles\setup_config.json
[2025-10-09 00:13:15] [INFO] [setupWatcher] Archivo setup_config.json cargado correctamente
[2025-10-09 00:13:15] [INFO] [preload] Watcher iniciado: setup_config.json
[2025-10-09 00:13:15] [INFO] [authWatcher] Observando archivo auth_key.json en: C:\Users\User\Documents\Personal\LockeritDesk\configFiles\auth_key.json
[2025-10-09 00:13:15] [INFO] [authWatcher] auth_key.json actualizado correctamente
[2025-10-09 00:13:15] [INFO] [preload] Watcher iniciado: auth_key.json
[2025-10-09 00:13:15] [INFO] [loggerWatcher] Observando archivo logger_config.json en: C:\Users\User\Documents\Personal\LockeritDesk\configFiles\logger_config.json
[2025-10-09 00:13:15] [INFO] [loggerWatcher] Archivo logger_config.json cargado correctamente
[2025-10-09 00:13:15] [INFO] [preload] Watcher iniciado: logger_config.json
[2025-10-09 00:13:15] [INFO] [envWatcher] Observando archivo .env en: C:\Users\User\Documents\Personal\LockeritDesk\configFiles\.env
[2025-10-09 00:13:15] [INFO] [envWatcher] Archivo .env cargado correctamente
[2025-10-09 00:13:15] [INFO] [preload] Watcher iniciado: .env
[2025-10-09 00:13:15] [INFO] [preload] API expuesta en window.electronAPI
[2025-10-09 00:13:15] [INFO] [main] CSP cambió, enviando al renderer
[2025-10-09 00:18:36] [INFO] [main] Iniciando aplicación Electron
[2025-10-09 00:18:36] [INFO] [main] .env cargado desde C:\Users\User\Documents\Personal\LockeritDesk\configFiles\.env
[2025-10-09 00:18:36] [INFO] [main] App lista, creando ventana...
[2025-10-09 00:18:36] [INFO] [main] Creando ventana principal...
[2025-10-09 00:18:37] [INFO] [main] Cargando URL: http://localhost:5173
[2025-10-09 00:18:37] [INFO] [main] Recibido config actualizado
[2025-10-09 00:18:37] [INFO] [main] Recibido auth actualizado
[2025-10-09 00:18:37] [INFO] [main] Recibido logger actualizado
[2025-10-09 00:18:37] [INFO] [main] Recibido env actualizado
[2025-10-09 00:18:37] [INFO] [preload] Inicializando preload.js
[2025-10-09 00:18:37] [INFO] [setupWatcher] Observando archivo setup_config.json en: C:\Users\User\Documents\Personal\LockeritDesk\configFiles\setup_config.json
[2025-10-09 00:18:37] [INFO] [setupWatcher] Archivo setup_config.json cargado correctamente
[2025-10-09 00:18:37] [INFO] [preload] Watcher iniciado: setup_config.json
[2025-10-09 00:18:37] [INFO] [authWatcher] Observando archivo auth_key.json en: C:\Users\User\Documents\Personal\LockeritDesk\configFiles\auth_key.json
[2025-10-09 00:18:37] [INFO] [authWatcher] auth_key.json actualizado correctamente
[2025-10-09 00:18:37] [INFO] [preload] Watcher iniciado: auth_key.json
[2025-10-09 00:18:37] [INFO] [loggerWatcher] Observando archivo logger_config.json en: C:\Users\User\Documents\Personal\LockeritDesk\configFiles\logger_config.json
[2025-10-09 00:18:37] [INFO] [loggerWatcher] Archivo logger_config.json cargado correctamente
[2025-10-09 00:18:37] [INFO] [preload] Watcher iniciado: logger_config.json
[2025-10-09 00:18:37] [INFO] [envWatcher] Observando archivo .env en: C:\Users\User\Documents\Personal\LockeritDesk\configFiles\.env
[2025-10-09 00:18:37] [INFO] [envWatcher] Archivo .env cargado correctamente
[2025-10-09 00:18:37] [INFO] [preload] Watcher iniciado: .env
[2025-10-09 00:18:37] [INFO] [preload] API expuesta en window.electronAPI
[2025-10-09 00:18:37] [INFO] [main] [axiosConfig] API BaseURL Inicial: http://localhost:8080
[2025-10-09 00:18:37] [INFO] [main] [axiosConfig] API BaseTimeout Inicial: 30
[2025-10-09 00:18:37] [INFO] [main] [configStore] Configuración actualizada
[2025-10-09 00:18:37] [INFO] [main] [configStore] config_key.json inicial cargado exitosamente
[2025-10-09 00:18:37] [INFO] [main] [envStore] ENV inicial cargado correctamente
[2025-10-09 00:18:37] [INFO] [main] [envStore] ENV actualizado
[2025-10-09 00:18:37] [INFO] [main] [axiosConfig] API BaseTimeout actualizada dinámicamente: 30
[2025-10-09 00:18:37] [INFO] [main] [assignLocker] API BaseTimeout actualizada dinámicamente: 30
[2025-10-09 00:18:37] [INFO] [main] [authStore] Auth actualizado
[2025-10-09 00:18:37] [INFO] [main] [authStore] auth_key.json inicial cargado exitosamente
[2025-10-09 00:18:37] [INFO] [main] CSP cambió, enviando al renderer
[2025-10-09 00:18:38] [INFO] [main] get-screen-data-once -> 1920x1048 factor=0.97
[2025-10-09 00:18:38] [INFO] [main] [login] Usuario autenticado en sesión principal, redirigiendo a /adminlockers
[2025-10-09 00:18:38] [INFO] [main] [copyright] Versión cargada: 1.1.0
[2025-10-09 00:18:38] [INFO] [main] [app] Componente App montado
[2025-10-09 00:18:38] [INFO] [main] [app] Versión cargada: 1.1.0
[2025-10-09 00:18:38] [INFO] [main] [copyright] Versión cargada: 1.1.0
[2025-10-09 00:18:38] [INFO] [main] [app] Componente App montado
[2025-10-09 00:18:38] [INFO] [main] [app] Versión cargada: 1.1.0
[2025-10-09 00:18:38] [INFO] [main] [useConfig] Configuración inicial obtenida
[2025-10-09 00:18:38] [INFO] [main] [useConfig] Configuración inicial obtenida
[2025-10-09 00:18:38] [INFO] [main] [useConfig] Configuración inicial obtenida
[2025-10-09 00:18:38] [INFO] [main] [useConfig] Configuración inicial obtenida
[2025-10-09 00:18:38] [INFO] [main] [useConfig] Configuración inicial obtenida
[2025-10-09 00:18:38] [INFO] [main] [useConfig] Configuración inicial obtenida
[2025-10-09 00:18:38] [INFO] [main] [scheduleReport] Ejecutando tarea programada [daily] con rango: 2025-10-08 → 2025-10-08
[2025-10-09 00:18:38] [INFO] [main] [app] Generando payload en modo [local]
[2025-10-09 00:18:38] [INFO] [main] [app] Payload generado: {"startDate":"2025-10-08 05:00:00","endDate":"2025-10-09 04:59:59","sendEmail":true}
[2025-10-09 00:18:38] [INFO] [main] [reportLockers] Iniciando petición para obtener el reporte de casilleros
[2025-10-09 00:18:38] [INFO] [main] [reportLockers] Timeout efectivo en ejecución: 30000
[2025-10-09 00:18:38] [INFO] [main] [reportLockers] Intento 1: HOST -> http://localhost:8080
[2025-10-09 00:18:38] [INFO] [main] [reportLockers] Intento 1: URL -> /api/lockers/report
[2025-10-09 00:18:38] [INFO] [main] [reportLockers] Intento 1: Request -> {"startDate":"2025-10-08 05:00:00","endDate":"2025-10-09 04:59:59","sendEmail":true}
[2025-10-09 00:18:38] [INFO] [main] [statusLockers] Iniciando petición para obtener casilleros disponibles
[2025-10-09 00:18:38] [INFO] [main] [statusLockers] Timeout efectivo en ejecución: 30000
[2025-10-09 00:18:38] [INFO] [main] [statusLockers] Intento 1: HOST -> http://localhost:8080
[2025-10-09 00:18:38] [INFO] [main] [statusLockers] Intento 1: URL -> /api/lockers/get-all-status
[2025-10-09 00:18:38] [INFO] [main] [statusLockers] Iniciando petición para obtener casilleros disponibles
[2025-10-09 00:18:38] [INFO] [main] [statusLockers] Timeout efectivo en ejecución: 30000
[2025-10-09 00:18:38] [INFO] [main] [statusLockers] Intento 1: HOST -> http://localhost:8080
[2025-10-09 00:18:38] [INFO] [main] [statusLockers] Intento 1: URL -> /api/lockers/get-all-status
[2025-10-09 00:18:39] [INFO] [main] [useConfig] Configuración inicial obtenida
[2025-10-09 00:18:39] [INFO] [main] [useConfig] Configuración inicial obtenida
[2025-10-09 00:18:39] [INFO] [main] [useConfig] Configuración inicial obtenida
[2025-10-09 00:18:39] [INFO] [main] [useConfig] Configuración inicial obtenida
[2025-10-09 00:18:39] [INFO] [main] [reportLockers] Response. Status: 200
[2025-10-09 00:18:39] [INFO] [main] [reportLockers] Response. Data: [{"ID":1,"LockerID":"1","LockerCode":"A1","Phone":"3333333333","PIN":"0000","Active":false,"StartTime":"2025-08-15T15:31:15Z","EndTime":"2025-08-15T15:31:15Z","AmountPaid":1500,"OpenBy":""},{"ID":2,"LockerID":"2","LockerCode":"A2","Phone":"3333333333","PIN":"0000","Active":false,"StartTime":"2025-08-15T15:31:16Z","EndTime":"2025-08-15T15:31:17Z","AmountPaid":1500,"OpenBy":""},{"ID":3,"LockerID":"3","LockerCode":"A3","Phone":"3333333333","PIN":"0000","Active":false,"StartTime":"2025-08-15T15:31:18Z","EndTime":"2025-08-15T15:31:18Z","AmountPaid":1500,"OpenBy":""},{"ID":4,"LockerID":"4","LockerCode":"A4","Phone":"3333333333","PIN":"0000","Active":false,"StartTime":"2025-08-15T15:31:19Z","EndTime":"2025-08-15T15:31:20Z","AmountPaid":1500,"OpenBy":""},{"ID":5,"LockerID":"5","LockerCode":"A5","Phone":"3333333333","PIN":"0000","Active":false,"StartTime":"2025-08-15T15:31:21Z","EndTime":"2025-08-15T15:31:22Z","AmountPaid":1500,"OpenBy":""},{"ID":6,"LockerID":"35","LockerCode":"D5","Phone":"3444444444","PIN":"0000","Active":false,"StartTime":"2025-08-15T15:33:43Z","EndTime":"2025-08-15T15:55:28Z","AmountPaid":1500,"OpenBy":"local"},{"ID":7,"LockerID":"25","LockerCode":"C5","Phone":"3555555555","PIN":"0000","Active":false,"StartTime":"2025-08-15T15:35:10Z","EndTime":"2025-08-15T15:35:10Z","AmountPaid":1500,"OpenBy":""},{"ID":8,"LockerID":"17","LockerCode":"B7","Phone":"3555555555","PIN":"0000","Active":false,"StartTime":"2025-08-15T15:35:11Z","EndTime":"2025-08-15T15:35:12Z","AmountPaid":1500,"OpenBy":""},{"ID":9,"LockerID":"36","LockerCode":"D6","Phone":"3555555555","PIN":"0000","Active":false,"StartTime":"2025-08-15T15:35:13Z","EndTime":"2025-08-15T15:55:29Z","AmountPaid":1500,"OpenBy":"local"},{"ID":10,"LockerID":"40","LockerCode":"D10","Phone":"3000000000","PIN":"0000","Active":false,"StartTime":"2025-08-15T15:36:09Z","EndTime":"2025-08-15T15:48:11Z","AmountPaid":1500,"OpenBy":"user"},{"ID":11,"LockerID":"18","LockerCode":"B8","Phone":"3333333333","PIN":"3333","Active":false,"StartTime":"2025-08-15T15:36:50Z","EndTime":"2025-08-15T15:36:50Z","AmountPaid":1500,"OpenBy":""},{"ID":12,"LockerID":"11","LockerCode":"B1","Phone":"3333333333","PIN":"3333","Active":false,"StartTime":"2025-08-15T15:36:52Z","EndTime":"2025-08-15T15:36:54Z","AmountPaid":1500,"OpenBy":""},{"ID":13,"LockerID":"6","LockerCode":"A6","Phone":"3333333333","PIN":"3333","Active":false,"StartTime":"2025-08-15T15:36:55Z","EndTime":"2025-08-15T15:36:55Z","AmountPaid":1500,"OpenBy":""},{"ID":14,"LockerID":"20","LockerCode":"B10","Phone":"3333333333","PIN":"3333","Active":false,"StartTime":"2025-08-15T15:36:56Z","EndTime":"2025-08-15T15:36:57Z","AmountPaid":1500,"OpenBy":""},{"ID":15,"LockerID":"4","LockerCode":"D4","Phone":"3333333333","PIN":"3333","Active":false,"StartTime":"2025-08-15T15:36:58Z","EndTime":"2025-08-15T15:55:28Z","AmountPaid":1500,"OpenBy":"local"},{"ID":16,"LockerID":"26","LockerCode":"C6","Phone":"3666666666","PIN":"0000","Active":false,"StartTime":"2025-08-15T15:38:43Z","EndTime":"2025-08-15T15:38:43Z","AmountPaid":1500,"OpenBy":""},{"ID":17,"LockerID":"14","LockerCode":"B4","Phone":"3666666666","PIN":"0000","Active":false,"StartTime":"2025-08-15T15:38:44Z","EndTime":"2025-08-15T15:38:45Z","AmountPaid":1500,"OpenBy":""},{"ID":18,"LockerID":"7","LockerCode":"A7","Phone":"3666666666","PIN":"0000","Active":false,"StartTime":"2025-08-15T15:38:46Z","EndTime":"2025-08-15T15:38:46Z","AmountPaid":1500,"OpenBy":""},{"ID":19,"LockerID":"23","LockerCode":"C3","Phone":"3666666666","PIN":"0000","Active":false,"StartTime":"2025-08-15T15:39:46Z","EndTime":"2025-08-15T15:39:47Z","AmountPaid":1500,"OpenBy":""},{"ID":20,"LockerID":"30","LockerCode":"C10","Phone":"3666666666","PIN":"0000","Active":false,"StartTime":"2025-08-15T15:39:48Z","EndTime":"2025-08-15T15:39:48Z","AmountPaid":1500,"OpenBy":""},{"ID":21,"LockerID":"12","LockerCode":"B2","Phone":"3666666666","PIN":"0000","Active":false,"StartTime":"2025-08-15T15:39:49Z","EndTime":"2025-08-15T15:39:50Z","AmountPaid":1500,"OpenBy":""},{"ID":22,"LockerID":"39","LockerCode":"D9","Phone":"3666666666","PIN":"0000","Active":false,"StartTime":"2025-08-15T15:39:51Z","EndTime":"2025-08-15T15:55:36Z","AmountPaid":1500,"OpenBy":"local"},{"ID":23,"LockerID":"9","LockerCode":"A9","Phone":"3222222222","PIN":"0000","Active":false,"StartTime":"2025-08-15T15:40:29Z","EndTime":"2025-08-15T15:40:30Z","AmountPaid":1500,"OpenBy":""},{"ID":24,"LockerID":"14","LockerCode":"B4","Phone":"3222222222","PIN":"0000","Active":false,"StartTime":"2025-08-15T15:40:31Z","EndTime":"2025-08-15T15:40:32Z","AmountPaid":1500,"OpenBy":""},{"ID":25,"LockerID":"22","LockerCode":"C2","Phone":"3222222222","PIN":"0000","Active":false,"StartTime":"2025-08-15T15:40:33Z","EndTime":"2025-08-15T15:40:33Z","AmountPaid":1500,"OpenBy":""},{"ID":26,"LockerID":"27","LockerCode":"C7","Phone":"3222222222","PIN":"0000","Active":false,"StartTime":"2025-08-15T15:40:34Z","EndTime":"2025-08-15T15:40:35Z","AmountPaid":1500,"OpenBy":""},{"ID":27,"LockerID":"37","LockerCode":"D7","Phone":"3222222222","PIN":"0000","Active":false,"StartTime":"2025-08-15T15:40:36Z","EndTime":"2025-08-15T15:55:29Z","AmountPaid":1500,"OpenBy":"local"},{"ID":28,"LockerID":"13","LockerCode":"B3","Phone":"3111111111","PIN":"0000","Active":false,"StartTime":"2025-08-15T15:41:34Z","EndTime":"2025-08-15T15:41:35Z","AmountPaid":1500,"OpenBy":""},{"ID":29,"LockerID":"8","LockerCode":"A8","Phone":"3111111111","PIN":"0000","Active":false,"StartTime":"2025-08-15T15:41:36Z","EndTime":"2025-08-15T15:41:36Z","AmountPaid":1500,"OpenBy":""},{"ID":30,"LockerID":"16","LockerCode":"B6","Phone":"3111111111","PIN":"0000","Active":false,"StartTime":"2025-08-15T15:41:37Z","EndTime":"2025-08-15T15:41:38Z","AmountPaid":1500,"OpenBy":""},{"ID":31,"LockerID":"19","LockerCode":"B9","Phone":"3111111111","PIN":"0000","Active":false,"StartTime":"2025-08-15T15:41:39Z","EndTime":"2025-08-15T15:41:39Z","AmountPaid":1500,"OpenBy":""},{"ID":32,"LockerID":"39","LockerCode":"D9","Phone":"3111111111","PIN":"0000","Active":false,"StartTime":"2025-08-15T15:41:40Z","EndTime":"2025-08-15T15:50:49Z","AmountPaid":1500,"OpenBy":"user"},{"ID":33,"LockerID":"29","LockerCode":"C9","Phone":"3888888888","PIN":"0000","Active":false,"StartTime":"2025-08-15T15:44:15Z","EndTime":"2025-08-15T15:44:15Z","AmountPaid":1500,"OpenBy":""},{"ID":34,"LockerID":"21","LockerCode":"C1","Phone":"3888888888","PIN":"0000","Active":false,"StartTime":"2025-08-15T15:44:16Z","EndTime":"2025-08-15T15:44:17Z","AmountPaid":1500,"OpenBy":""},{"ID":35,"LockerID":"10","LockerCode":"A10","Phone":"3888888888","PIN":"0000","Active":false,"StartTime":"2025-08-15T15:44:18Z","EndTime":"2025-08-15T15:44:18Z","AmountPaid":1500,"OpenBy":""},{"ID":36,"LockerID":"15","LockerCode":"B5","Phone":"3888888888","PIN":"0000","Active":false,"StartTime":"2025-08-15T15:44:19Z","EndTime":"2025-08-15T15:44:20Z","AmountPaid":1500,"OpenBy":""},{"ID":37,"LockerID":"38","LockerCode":"D8","Phone":"3888888888","PIN":"0000","Active":false,"StartTime":"2025-08-15T15:44:21Z","EndTime":"2025-08-15T15:44:22Z","AmountPaid":1500,"OpenBy":""},{"ID":38,"LockerID":"28","LockerCode":"C8","Phone":"3888888888","PIN":"0000","Active":false,"StartTime":"2025-08-15T15:44:48Z","EndTime":"2025-08-15T15:44:49Z","AmountPaid":1500,"OpenBy":""},{"ID":39,"LockerID":"40","LockerCode":"D10","Phone":"3888888888","PIN":"0000","Active":false,"StartTime":"2025-08-15T15:50:15Z","EndTime":"2025-08-15T15:55:37Z","AmountPaid":1500,"OpenBy":"local"},{"ID":40,"LockerID":"44","LockerCode":"D4","Phone":"3103192771","PIN":"0000","Active":false,"StartTime":"2025-08-15T20:16:16Z","EndTime":"2025-08-15T20:16:45Z","AmountPaid":1500,"OpenBy":"user"},{"ID":41,"LockerID":"38","LockerCode":"D8","Phone":"3103192771","PIN":"5555","Active":true,"StartTime":"2025-08-15T20:27:55Z","EndTime":null,"AmountPaid":1500,"OpenBy":""},{"ID":42,"LockerID":"37","LockerCode":"D7","Phone":"3103192772","PIN":"0000","Active":true,"StartTime":"2025-08-15T22:18:45Z","EndTime":null,"AmountPaid":1500,"OpenBy":""},{"ID":43,"LockerID":"35","LockerCode":"D5","Phone":"3444444444","PIN":"4444","Active":false,"StartTime":"2025-08-15T23:09:15Z","EndTime":"2025-08-15T23:09:31Z","AmountPaid":1500,"OpenBy":"user"}]
[2025-10-09 00:18:39] [INFO] [main] [app] Datos del reporte obtenidos: [{"ID":1,"LockerID":"1","LockerCode":"A1","Phone":"3333333333","PIN":"0000","Active":false,"StartTime":"2025-08-15T15:31:15Z","EndTime":"2025-08-15T15:31:15Z","AmountPaid":1500,"OpenBy":""},{"ID":2,"LockerID":"2","LockerCode":"A2","Phone":"3333333333","PIN":"0000","Active":false,"StartTime":"2025-08-15T15:31:16Z","EndTime":"2025-08-15T15:31:17Z","AmountPaid":1500,"OpenBy":""},{"ID":3,"LockerID":"3","LockerCode":"A3","Phone":"3333333333","PIN":"0000","Active":false,"StartTime":"2025-08-15T15:31:18Z","EndTime":"2025-08-15T15:31:18Z","AmountPaid":1500,"OpenBy":""},{"ID":4,"LockerID":"4","LockerCode":"A4","Phone":"3333333333","PIN":"0000","Active":false,"StartTime":"2025-08-15T15:31:19Z","EndTime":"2025-08-15T15:31:20Z","AmountPaid":1500,"OpenBy":""},{"ID":5,"LockerID":"5","LockerCode":"A5","Phone":"3333333333","PIN":"0000","Active":false,"StartTime":"2025-08-15T15:31:21Z","EndTime":"2025-08-15T15:31:22Z","AmountPaid":1500,"OpenBy":""},{"ID":6,"LockerID":"35","LockerCode":"D5","Phone":"3444444444","PIN":"0000","Active":false,"StartTime":"2025-08-15T15:33:43Z","EndTime":"2025-08-15T15:55:28Z","AmountPaid":1500,"OpenBy":"local"},{"ID":7,"LockerID":"25","LockerCode":"C5","Phone":"3555555555","PIN":"0000","Active":false,"StartTime":"2025-08-15T15:35:10Z","EndTime":"2025-08-15T15:35:10Z","AmountPaid":1500,"OpenBy":""},{"ID":8,"LockerID":"17","LockerCode":"B7","Phone":"3555555555","PIN":"0000","Active":false,"StartTime":"2025-08-15T15:35:11Z","EndTime":"2025-08-15T15:35:12Z","AmountPaid":1500,"OpenBy":""},{"ID":9,"LockerID":"36","LockerCode":"D6","Phone":"3555555555","PIN":"0000","Active":false,"StartTime":"2025-08-15T15:35:13Z","EndTime":"2025-08-15T15:55:29Z","AmountPaid":1500,"OpenBy":"local"},{"ID":10,"LockerID":"40","LockerCode":"D10","Phone":"3000000000","PIN":"0000","Active":false,"StartTime":"2025-08-15T15:36:09Z","EndTime":"2025-08-15T15:48:11Z","AmountPaid":1500,"OpenBy":"user"},{"ID":11,"LockerID":"18","LockerCode":"B8","Phone":"3333333333","PIN":"3333","Active":false,"StartTime":"2025-08-15T15:36:50Z","EndTime":"2025-08-15T15:36:50Z","AmountPaid":1500,"OpenBy":""},{"ID":12,"LockerID":"11","LockerCode":"B1","Phone":"3333333333","PIN":"3333","Active":false,"StartTime":"2025-08-15T15:36:52Z","EndTime":"2025-08-15T15:36:54Z","AmountPaid":1500,"OpenBy":""},{"ID":13,"LockerID":"6","LockerCode":"A6","Phone":"3333333333","PIN":"3333","Active":false,"StartTime":"2025-08-15T15:36:55Z","EndTime":"2025-08-15T15:36:55Z","AmountPaid":1500,"OpenBy":""},{"ID":14,"LockerID":"20","LockerCode":"B10","Phone":"3333333333","PIN":"3333","Active":false,"StartTime":"2025-08-15T15:36:56Z","EndTime":"2025-08-15T15:36:57Z","AmountPaid":1500,"OpenBy":""},{"ID":15,"LockerID":"4","LockerCode":"D4","Phone":"3333333333","PIN":"3333","Active":false,"StartTime":"2025-08-15T15:36:58Z","EndTime":"2025-08-15T15:55:28Z","AmountPaid":1500,"OpenBy":"local"},{"ID":16,"LockerID":"26","LockerCode":"C6","Phone":"3666666666","PIN":"0000","Active":false,"StartTime":"2025-08-15T15:38:43Z","EndTime":"2025-08-15T15:38:43Z","AmountPaid":1500,"OpenBy":""},{"ID":17,"LockerID":"14","LockerCode":"B4","Phone":"3666666666","PIN":"0000","Active":false,"StartTime":"2025-08-15T15:38:44Z","EndTime":"2025-08-15T15:38:45Z","AmountPaid":1500,"OpenBy":""},{"ID":18,"LockerID":"7","LockerCode":"A7","Phone":"3666666666","PIN":"0000","Active":false,"StartTime":"2025-08-15T15:38:46Z","EndTime":"2025-08-15T15:38:46Z","AmountPaid":1500,"OpenBy":""},{"ID":19,"LockerID":"23","LockerCode":"C3","Phone":"3666666666","PIN":"0000","Active":false,"StartTime":"2025-08-15T15:39:46Z","EndTime":"2025-08-15T15:39:47Z","AmountPaid":1500,"OpenBy":""},{"ID":20,"LockerID":"30","LockerCode":"C10","Phone":"3666666666","PIN":"0000","Active":false,"StartTime":"2025-08-15T15:39:48Z","EndTime":"2025-08-15T15:39:48Z","AmountPaid":1500,"OpenBy":""},{"ID":21,"LockerID":"12","LockerCode":"B2","Phone":"3666666666","PIN":"0000","Active":false,"StartTime":"2025-08-15T15:39:49Z","EndTime":"2025-08-15T15:39:50Z","AmountPaid":1500,"OpenBy":""},{"ID":22,"LockerID":"39","LockerCode":"D9","Phone":"3666666666","PIN":"0000","Active":false,"StartTime":"2025-08-15T15:39:51Z","EndTime":"2025-08-15T15:55:36Z","AmountPaid":1500,"OpenBy":"local"},{"ID":23,"LockerID":"9","LockerCode":"A9","Phone":"3222222222","PIN":"0000","Active":false,"StartTime":"2025-08-15T15:40:29Z","EndTime":"2025-08-15T15:40:30Z","AmountPaid":1500,"OpenBy":""},{"ID":24,"LockerID":"14","LockerCode":"B4","Phone":"3222222222","PIN":"0000","Active":false,"StartTime":"2025-08-15T15:40:31Z","EndTime":"2025-08-15T15:40:32Z","AmountPaid":1500,"OpenBy":""},{"ID":25,"LockerID":"22","LockerCode":"C2","Phone":"3222222222","PIN":"0000","Active":false,"StartTime":"2025-08-15T15:40:33Z","EndTime":"2025-08-15T15:40:33Z","AmountPaid":1500,"OpenBy":""},{"ID":26,"LockerID":"27","LockerCode":"C7","Phone":"3222222222","PIN":"0000","Active":false,"StartTime":"2025-08-15T15:40:34Z","EndTime":"2025-08-15T15:40:35Z","AmountPaid":1500,"OpenBy":""},{"ID":27,"LockerID":"37","LockerCode":"D7","Phone":"3222222222","PIN":"0000","Active":false,"StartTime":"2025-08-15T15:40:36Z","EndTime":"2025-08-15T15:55:29Z","AmountPaid":1500,"OpenBy":"local"},{"ID":28,"LockerID":"13","LockerCode":"B3","Phone":"3111111111","PIN":"0000","Active":false,"StartTime":"2025-08-15T15:41:34Z","EndTime":"2025-08-15T15:41:35Z","AmountPaid":1500,"OpenBy":""},{"ID":29,"LockerID":"8","LockerCode":"A8","Phone":"3111111111","PIN":"0000","Active":false,"StartTime":"2025-08-15T15:41:36Z","EndTime":"2025-08-15T15:41:36Z","AmountPaid":1500,"OpenBy":""},{"ID":30,"LockerID":"16","LockerCode":"B6","Phone":"3111111111","PIN":"0000","Active":false,"StartTime":"2025-08-15T15:41:37Z","EndTime":"2025-08-15T15:41:38Z","AmountPaid":1500,"OpenBy":""},{"ID":31,"LockerID":"19","LockerCode":"B9","Phone":"3111111111","PIN":"0000","Active":false,"StartTime":"2025-08-15T15:41:39Z","EndTime":"2025-08-15T15:41:39Z","AmountPaid":1500,"OpenBy":""},{"ID":32,"LockerID":"39","LockerCode":"D9","Phone":"3111111111","PIN":"0000","Active":false,"StartTime":"2025-08-15T15:41:40Z","EndTime":"2025-08-15T15:50:49Z","AmountPaid":1500,"OpenBy":"user"},{"ID":33,"LockerID":"29","LockerCode":"C9","Phone":"3888888888","PIN":"0000","Active":false,"StartTime":"2025-08-15T15:44:15Z","EndTime":"2025-08-15T15:44:15Z","AmountPaid":1500,"OpenBy":""},{"ID":34,"LockerID":"21","LockerCode":"C1","Phone":"3888888888","PIN":"0000","Active":false,"StartTime":"2025-08-15T15:44:16Z","EndTime":"2025-08-15T15:44:17Z","AmountPaid":1500,"OpenBy":""},{"ID":35,"LockerID":"10","LockerCode":"A10","Phone":"3888888888","PIN":"0000","Active":false,"StartTime":"2025-08-15T15:44:18Z","EndTime":"2025-08-15T15:44:18Z","AmountPaid":1500,"OpenBy":""},{"ID":36,"LockerID":"15","LockerCode":"B5","Phone":"3888888888","PIN":"0000","Active":false,"StartTime":"2025-08-15T15:44:19Z","EndTime":"2025-08-15T15:44:20Z","AmountPaid":1500,"OpenBy":""},{"ID":37,"LockerID":"38","LockerCode":"D8","Phone":"3888888888","PIN":"0000","Active":false,"StartTime":"2025-08-15T15:44:21Z","EndTime":"2025-08-15T15:44:22Z","AmountPaid":1500,"OpenBy":""},{"ID":38,"LockerID":"28","LockerCode":"C8","Phone":"3888888888","PIN":"0000","Active":false,"StartTime":"2025-08-15T15:44:48Z","EndTime":"2025-08-15T15:44:49Z","AmountPaid":1500,"OpenBy":""},{"ID":39,"LockerID":"40","LockerCode":"D10","Phone":"3888888888","PIN":"0000","Active":false,"StartTime":"2025-08-15T15:50:15Z","EndTime":"2025-08-15T15:55:37Z","AmountPaid":1500,"OpenBy":"local"},{"ID":40,"LockerID":"44","LockerCode":"D4","Phone":"3103192771","PIN":"0000","Active":false,"StartTime":"2025-08-15T20:16:16Z","EndTime":"2025-08-15T20:16:45Z","AmountPaid":1500,"OpenBy":"user"},{"ID":41,"LockerID":"38","LockerCode":"D8","Phone":"3103192771","PIN":"5555","Active":true,"StartTime":"2025-08-15T20:27:55Z","EndTime":null,"AmountPaid":1500,"OpenBy":""},{"ID":42,"LockerID":"37","LockerCode":"D7","Phone":"3103192772","PIN":"0000","Active":true,"StartTime":"2025-08-15T22:18:45Z","EndTime":null,"AmountPaid":1500,"OpenBy":""},{"ID":43,"LockerID":"35","LockerCode":"D5","Phone":"3444444444","PIN":"4444","Active":false,"StartTime":"2025-08-15T23:09:15Z","EndTime":"2025-08-15T23:09:31Z","AmountPaid":1500,"OpenBy":"user"}]
[2025-10-09 00:18:39] [INFO] [main] [scheduleReport] Actualizando ejecución → Real: 2025-10-09 00:18:39 | Próximo target: 2025-10-10 00:05:00
[2025-10-09 00:18:39] [INFO] [main] [scheduleReport] Tarea ejecutada correctamente
[2025-10-09 00:18:39] [INFO] [main] [statusLockers] Response. Status: 200
[2025-10-09 00:18:39] [INFO] [main] [statusLockers] Response. Data: {"general":[{"status":"ocupado","total":12},{"status":"libre","total":1},{"status":"reservado","total":12},{"status":"deshabilitado","total":6}],"modules":[{"module":"A","lockers":[{"lockerCode":"A1","status":"reservado"},{"lockerCode":"A2","status":"Libre"},{"lockerCode":"A3","status":"Libre"},{"lockerCode":"A4","status":"ocupado"},{"lockerCode":"A5","status":"reservado"},{"lockerCode":"A6","status":"ocupado"},{"lockerCode":"A7","status":"deshabilitado"},{"lockerCode":"A8","status":"Libre"},{"lockerCode":"A9","status":"Libre"},{"lockerCode":"A10","status":"Libre"},{"lockerCode":"A11","status":"reservado"},{"lockerCode":"A12","status":"Libre"},{"lockerCode":"A13","status":"Libre"},{"lockerCode":"A14","status":"ocupado"},{"lockerCode":"A15","status":"reservado"},{"lockerCode":"A16","status":"ocupado"},{"lockerCode":"A17","status":"deshabilitado"},{"lockerCode":"A18","status":"Libre"},{"lockerCode":"A19","status":"Libre"},{"lockerCode":"A20","status":"Libre"},{"lockerCode":"A21","status":"reservado"},{"lockerCode":"A22","status":"Libre"},{"lockerCode":"A23","status":"Libre"},{"lockerCode":"A24","status":"ocupado"},{"lockerCode":"A25","status":"reservado"},{"lockerCode":"A26","status":"ocupado"},{"lockerCode":"A27","status":"deshabilitado"},{"lockerCode":"A28","status":"Libre"},{"lockerCode":"A29","status":"Libre"},{"lockerCode":"A30","status":"Libre"},{"lockerCode":"A31","status":"reservado"},{"lockerCode":"A32","status":"Libre"},{"lockerCode":"A33","status":"Libre"},{"lockerCode":"A34","status":"ocupado"},{"lockerCode":"A35","status":"reservado"},{"lockerCode":"A36","status":"ocupado"},{"lockerCode":"A37","status":"deshabilitado"},{"lockerCode":"A38","status":"Libre"},{"lockerCode":"A39","status":"Libre"},{"lockerCode":"A40","status":"Libre"},{"lockerCode":"A41","status":"reservado"},{"lockerCode":"A42","status":"Libre"},{"lockerCode":"A43","status":"Libre"},{"lockerCode":"A44","status":"ocupado"},{"lockerCode":"A45","status":"reservado"},{"lockerCode":"A46","status":"ocupado"},{"lockerCode":"A47","status":"deshabilitado"},{"lockerCode":"A48","status":"Libre"},{"lockerCode":"A49","status":"Libre"},{"lockerCode":"A50","status":"Libre"},{"lockerCode":"A51","status":"reservado"},{"lockerCode":"A52","status":"Libre"},{"lockerCode":"A53","status":"Libre"},{"lockerCode":"A54","status":"ocupado"},{"lockerCode":"A55","status":"reservado"},{"lockerCode":"A56","status":"ocupado"},{"lockerCode":"A57","status":"deshabilitado"},{"lockerCode":"A58","status":"Libre"},{"lockerCode":"A59","status":"Libre"},{"lockerCode":"A60","status":"Libre"},{"lockerCode":"A61","status":"reservado"},{"lockerCode":"A62","status":"Libre"},{"lockerCode":"A63","status":"Libre"},{"lockerCode":"A64","status":"ocupado"},{"lockerCode":"A65","status":"reservado"},{"lockerCode":"A66","status":"ocupado"},{"lockerCode":"A67","status":"deshabilitado"},{"lockerCode":"A68","status":"Libre"},{"lockerCode":"A69","status":"Libre"},{"lockerCode":"A70","status":"Libre"},{"lockerCode":"A71","status":"reservado"},{"lockerCode":"A72","status":"Libre"},{"lockerCode":"A73","status":"Libre"},{"lockerCode":"A74","status":"ocupado"},{"lockerCode":"A75","status":"reservado"},{"lockerCode":"A76","status":"ocupado"},{"lockerCode":"A77","status":"deshabilitado"},{"lockerCode":"A78","status":"Libre"},{"lockerCode":"A79","status":"Libre"},{"lockerCode":"A80","status":"Libre"}]},{"module":"B","lockers":[{"lockerCode":"B1","status":"reservado"},{"lockerCode":"B2","status":"Libre"},{"lockerCode":"B3","status":"Libre"},{"lockerCode":"B4","status":"ocupado"},{"lockerCode":"B5","status":"reservado"}]},{"module":"C","lockers":[{"lockerCode":"C1","status":"reservado"},{"lockerCode":"C2","status":"Libre"},{"lockerCode":"C3","status":"Libre"},{"lockerCode":"C4","status":"ocupado"},{"lockerCode":"C5","status":"reservado"},{"lockerCode":"C6","status":"ocupado"},{"lockerCode":"C7","status":"deshabilitado"},{"lockerCode":"C8","status":"Libre"},{"lockerCode":"C9","status":"Libre"},{"lockerCode":"C10","status":"Libre"},{"lockerCode":"C11","status":"reservado"},{"lockerCode":"C12","status":"ocupado"},{"lockerCode":"C13","status":"deshabilitado"},{"lockerCode":"C14","status":"Libre"},{"lockerCode":"C15","status":"Libre"},{"lockerCode":"C16","status":"Libre"}]},{"module":"D","lockers":[{"lockerCode":"D1","status":"reservado"}]},{"module":"E","lockers":[{"lockerCode":"E1","status":"reservado"},{"lockerCode":"E2","status":"Libre"},{"lockerCode":"E3","status":"Libre"},{"lockerCode":"E4","status":"ocupado"},{"lockerCode":"E5","status":"reservado"},{"lockerCode":"E6","status":"ocupado"},{"lockerCode":"E7","status":"deshabilitado"},{"lockerCode":"E8","status":"Libre"},{"lockerCode":"E9","status":"Libre"},{"lockerCode":"E10","status":"Libre"}]},{"module":"F","lockers":[{"lockerCode":"F1","status":"reservado"},{"lockerCode":"F2","status":"Libre"},{"lockerCode":"F3","status":"Libre"},{"lockerCode":"F4","status":"ocupado"},{"lockerCode":"F5","status":"reservado"},{"lockerCode":"F6","status":"ocupado"},{"lockerCode":"F7","status":"deshabilitado"},{"lockerCode":"F8","status":"Libre"},{"lockerCode":"F9","status":"Libre"},{"lockerCode":"F10","status":"Libre"}]}]}
[2025-10-09 00:18:40] [INFO] [main] [statusLockers] Response. Status: 200
[2025-10-09 00:18:40] [INFO] [main] [statusLockers] Response. Data: {"general":[{"status":"ocupado","total":12},{"status":"libre","total":1},{"status":"reservado","total":12},{"status":"deshabilitado","total":6}],"modules":[{"module":"A","lockers":[{"lockerCode":"A1","status":"reservado"},{"lockerCode":"A2","status":"Libre"},{"lockerCode":"A3","status":"Libre"},{"lockerCode":"A4","status":"ocupado"},{"lockerCode":"A5","status":"reservado"},{"lockerCode":"A6","status":"ocupado"},{"lockerCode":"A7","status":"deshabilitado"},{"lockerCode":"A8","status":"Libre"},{"lockerCode":"A9","status":"Libre"},{"lockerCode":"A10","status":"Libre"},{"lockerCode":"A11","status":"reservado"},{"lockerCode":"A12","status":"Libre"},{"lockerCode":"A13","status":"Libre"},{"lockerCode":"A14","status":"ocupado"},{"lockerCode":"A15","status":"reservado"},{"lockerCode":"A16","status":"ocupado"},{"lockerCode":"A17","status":"deshabilitado"},{"lockerCode":"A18","status":"Libre"},{"lockerCode":"A19","status":"Libre"},{"lockerCode":"A20","status":"Libre"},{"lockerCode":"A21","status":"reservado"},{"lockerCode":"A22","status":"Libre"},{"lockerCode":"A23","status":"Libre"},{"lockerCode":"A24","status":"ocupado"},{"lockerCode":"A25","status":"reservado"},{"lockerCode":"A26","status":"ocupado"},{"lockerCode":"A27","status":"deshabilitado"},{"lockerCode":"A28","status":"Libre"},{"lockerCode":"A29","status":"Libre"},{"lockerCode":"A30","status":"Libre"},{"lockerCode":"A31","status":"reservado"},{"lockerCode":"A32","status":"Libre"},{"lockerCode":"A33","status":"Libre"},{"lockerCode":"A34","status":"ocupado"},{"lockerCode":"A35","status":"reservado"},{"lockerCode":"A36","status":"ocupado"},{"lockerCode":"A37","status":"deshabilitado"},{"lockerCode":"A38","status":"Libre"},{"lockerCode":"A39","status":"Libre"},{"lockerCode":"A40","status":"Libre"},{"lockerCode":"A41","status":"reservado"},{"lockerCode":"A42","status":"Libre"},{"lockerCode":"A43","status":"Libre"},{"lockerCode":"A44","status":"ocupado"},{"lockerCode":"A45","status":"reservado"},{"lockerCode":"A46","status":"ocupado"},{"lockerCode":"A47","status":"deshabilitado"},{"lockerCode":"A48","status":"Libre"},{"lockerCode":"A49","status":"Libre"},{"lockerCode":"A50","status":"Libre"},{"lockerCode":"A51","status":"reservado"},{"lockerCode":"A52","status":"Libre"},{"lockerCode":"A53","status":"Libre"},{"lockerCode":"A54","status":"ocupado"},{"lockerCode":"A55","status":"reservado"},{"lockerCode":"A56","status":"ocupado"},{"lockerCode":"A57","status":"deshabilitado"},{"lockerCode":"A58","status":"Libre"},{"lockerCode":"A59","status":"Libre"},{"lockerCode":"A60","status":"Libre"},{"lockerCode":"A61","status":"reservado"},{"lockerCode":"A62","status":"Libre"},{"lockerCode":"A63","status":"Libre"},{"lockerCode":"A64","status":"ocupado"},{"lockerCode":"A65","status":"reservado"},{"lockerCode":"A66","status":"ocupado"},{"lockerCode":"A67","status":"deshabilitado"},{"lockerCode":"A68","status":"Libre"},{"lockerCode":"A69","status":"Libre"},{"lockerCode":"A70","status":"Libre"},{"lockerCode":"A71","status":"reservado"},{"lockerCode":"A72","status":"Libre"},{"lockerCode":"A73","status":"Libre"},{"lockerCode":"A74","status":"ocupado"},{"lockerCode":"A75","status":"reservado"},{"lockerCode":"A76","status":"ocupado"},{"lockerCode":"A77","status":"deshabilitado"},{"lockerCode":"A78","status":"Libre"},{"lockerCode":"A79","status":"Libre"},{"lockerCode":"A80","status":"Libre"}]},{"module":"B","lockers":[{"lockerCode":"B1","status":"reservado"},{"lockerCode":"B2","status":"Libre"},{"lockerCode":"B3","status":"Libre"},{"lockerCode":"B4","status":"ocupado"},{"lockerCode":"B5","status":"reservado"}]},{"module":"C","lockers":[{"lockerCode":"C1","status":"reservado"},{"lockerCode":"C2","status":"Libre"},{"lockerCode":"C3","status":"Libre"},{"lockerCode":"C4","status":"ocupado"},{"lockerCode":"C5","status":"reservado"},{"lockerCode":"C6","status":"ocupado"},{"lockerCode":"C7","status":"deshabilitado"},{"lockerCode":"C8","status":"Libre"},{"lockerCode":"C9","status":"Libre"},{"lockerCode":"C10","status":"Libre"},{"lockerCode":"C11","status":"reservado"},{"lockerCode":"C12","status":"ocupado"},{"lockerCode":"C13","status":"deshabilitado"},{"lockerCode":"C14","status":"Libre"},{"lockerCode":"C15","status":"Libre"},{"lockerCode":"C16","status":"Libre"}]},{"module":"D","lockers":[{"lockerCode":"D1","status":"reservado"}]},{"module":"E","lockers":[{"lockerCode":"E1","status":"reservado"},{"lockerCode":"E2","status":"Libre"},{"lockerCode":"E3","status":"Libre"},{"lockerCode":"E4","status":"ocupado"},{"lockerCode":"E5","status":"reservado"},{"lockerCode":"E6","status":"ocupado"},{"lockerCode":"E7","status":"deshabilitado"},{"lockerCode":"E8","status":"Libre"},{"lockerCode":"E9","status":"Libre"},{"lockerCode":"E10","status":"Libre"}]},{"module":"F","lockers":[{"lockerCode":"F1","status":"reservado"},{"lockerCode":"F2","status":"Libre"},{"lockerCode":"F3","status":"Libre"},{"lockerCode":"F4","status":"ocupado"},{"lockerCode":"F5","status":"reservado"},{"lockerCode":"F6","status":"ocupado"},{"lockerCode":"F7","status":"deshabilitado"},{"lockerCode":"F8","status":"Libre"},{"lockerCode":"F9","status":"Libre"},{"lockerCode":"F10","status":"Libre"}]}]}
[2025-10-09 00:18:41] [INFO] [main] [statusLockers] Iniciando petición para obtener casilleros disponibles
[2025-10-09 00:18:41] [INFO] [main] [statusLockers] Timeout efectivo en ejecución: 30000
[2025-10-09 00:18:41] [INFO] [main] [statusLockers] Intento 1: HOST -> http://localhost:8080
[2025-10-09 00:18:41] [INFO] [main] [statusLockers] Intento 1: URL -> /api/lockers/get-all-status
[2025-10-09 00:18:41] [INFO] [main] [copyright] Versión cargada: 1.1.0
[2025-10-09 00:18:41] [INFO] [main] [app] Componente App montado
[2025-10-09 00:18:41] [INFO] [main] [app] Versión cargada: 1.1.0
[2025-10-09 00:18:41] [INFO] [main] [statusLockers] Iniciando petición para obtener casilleros disponibles
[2025-10-09 00:18:41] [INFO] [main] [statusLockers] Timeout efectivo en ejecución: 30000
[2025-10-09 00:18:41] [INFO] [main] [statusLockers] Intento 1: HOST -> http://localhost:8080
[2025-10-09 00:18:41] [INFO] [main] [statusLockers] Intento 1: URL -> /api/lockers/get-all-status
[2025-10-09 00:18:41] [INFO] [main] [copyright] Versión cargada: 1.1.0
[2025-10-09 00:18:41] [INFO] [main] [app] Componente App montado
[2025-10-09 00:18:41] [INFO] [main] [app] Versión cargada: 1.1.0
[2025-10-09 00:18:42] [INFO] [main] [useConfig] Configuración inicial obtenida
[2025-10-09 00:18:42] [INFO] [main] [useConfig] Configuración inicial obtenida
[2025-10-09 00:18:42] [INFO] [main] [useConfig] Configuración inicial obtenida
[2025-10-09 00:18:42] [INFO] [main] [useConfig] Configuración inicial obtenida
[2025-10-09 00:18:42] [INFO] [main] [useConfig] Configuración inicial obtenida
[2025-10-09 00:18:42] [INFO] [main] [useConfig] Configuración inicial obtenida
[2025-10-09 00:18:42] [INFO] [main] [useConfig] Configuración inicial obtenida
[2025-10-09 00:18:42] [INFO] [main] [useConfig] Configuración inicial obtenida
[2025-10-09 00:18:42] [INFO] [main] [statusLockers] Iniciando petición para obtener casilleros disponibles
[2025-10-09 00:18:42] [INFO] [main] [statusLockers] Timeout efectivo en ejecución: 30000
[2025-10-09 00:18:42] [INFO] [main] [statusLockers] Intento 1: HOST -> http://localhost:8080
[2025-10-09 00:18:42] [INFO] [main] [statusLockers] Intento 1: URL -> /api/lockers/get-all-status
[2025-10-09 00:18:42] [INFO] [main] [copyright] Versión cargada: 1.1.0
[2025-10-09 00:18:42] [INFO] [main] [app] Componente App montado
[2025-10-09 00:18:42] [INFO] [main] [app] Versión cargada: 1.1.0
[2025-10-09 00:18:42] [INFO] [main] [statusLockers] Iniciando petición para obtener casilleros disponibles
[2025-10-09 00:18:42] [INFO] [main] [statusLockers] Timeout efectivo en ejecución: 30000
[2025-10-09 00:18:42] [INFO] [main] [statusLockers] Intento 1: HOST -> http://localhost:8080
[2025-10-09 00:18:42] [INFO] [main] [statusLockers] Intento 1: URL -> /api/lockers/get-all-status
[2025-10-09 00:18:42] [INFO] [main] [copyright] Versión cargada: 1.1.0
[2025-10-09 00:18:42] [INFO] [main] [app] Componente App montado
[2025-10-09 00:18:42] [INFO] [main] [app] Versión cargada: 1.1.0
[2025-10-09 00:18:43] [INFO] [main] [statusLockers] Response. Status: 200
[2025-10-09 00:18:43] [INFO] [main] [statusLockers] Response. Data: {"general":[{"status":"ocupado","total":12},{"status":"libre","total":1},{"status":"reservado","total":12},{"status":"deshabilitado","total":6}],"modules":[{"module":"A","lockers":[{"lockerCode":"A1","status":"reservado"},{"lockerCode":"A2","status":"Libre"},{"lockerCode":"A3","status":"Libre"},{"lockerCode":"A4","status":"ocupado"},{"lockerCode":"A5","status":"reservado"},{"lockerCode":"A6","status":"ocupado"},{"lockerCode":"A7","status":"deshabilitado"},{"lockerCode":"A8","status":"Libre"},{"lockerCode":"A9","status":"Libre"},{"lockerCode":"A10","status":"Libre"},{"lockerCode":"A11","status":"reservado"},{"lockerCode":"A12","status":"Libre"},{"lockerCode":"A13","status":"Libre"},{"lockerCode":"A14","status":"ocupado"},{"lockerCode":"A15","status":"reservado"},{"lockerCode":"A16","status":"ocupado"},{"lockerCode":"A17","status":"deshabilitado"},{"lockerCode":"A18","status":"Libre"},{"lockerCode":"A19","status":"Libre"},{"lockerCode":"A20","status":"Libre"},{"lockerCode":"A21","status":"reservado"},{"lockerCode":"A22","status":"Libre"},{"lockerCode":"A23","status":"Libre"},{"lockerCode":"A24","status":"ocupado"},{"lockerCode":"A25","status":"reservado"},{"lockerCode":"A26","status":"ocupado"},{"lockerCode":"A27","status":"deshabilitado"},{"lockerCode":"A28","status":"Libre"},{"lockerCode":"A29","status":"Libre"},{"lockerCode":"A30","status":"Libre"},{"lockerCode":"A31","status":"reservado"},{"lockerCode":"A32","status":"Libre"},{"lockerCode":"A33","status":"Libre"},{"lockerCode":"A34","status":"ocupado"},{"lockerCode":"A35","status":"reservado"},{"lockerCode":"A36","status":"ocupado"},{"lockerCode":"A37","status":"deshabilitado"},{"lockerCode":"A38","status":"Libre"},{"lockerCode":"A39","status":"Libre"},{"lockerCode":"A40","status":"Libre"},{"lockerCode":"A41","status":"reservado"},{"lockerCode":"A42","status":"Libre"},{"lockerCode":"A43","status":"Libre"},{"lockerCode":"A44","status":"ocupado"},{"lockerCode":"A45","status":"reservado"},{"lockerCode":"A46","status":"ocupado"},{"lockerCode":"A47","status":"deshabilitado"},{"lockerCode":"A48","status":"Libre"},{"lockerCode":"A49","status":"Libre"},{"lockerCode":"A50","status":"Libre"},{"lockerCode":"A51","status":"reservado"},{"lockerCode":"A52","status":"Libre"},{"lockerCode":"A53","status":"Libre"},{"lockerCode":"A54","status":"ocupado"},{"lockerCode":"A55","status":"reservado"},{"lockerCode":"A56","status":"ocupado"},{"lockerCode":"A57","status":"deshabilitado"},{"lockerCode":"A58","status":"Libre"},{"lockerCode":"A59","status":"Libre"},{"lockerCode":"A60","status":"Libre"},{"lockerCode":"A61","status":"reservado"},{"lockerCode":"A62","status":"Libre"},{"lockerCode":"A63","status":"Libre"},{"lockerCode":"A64","status":"ocupado"},{"lockerCode":"A65","status":"reservado"},{"lockerCode":"A66","status":"ocupado"},{"lockerCode":"A67","status":"deshabilitado"},{"lockerCode":"A68","status":"Libre"},{"lockerCode":"A69","status":"Libre"},{"lockerCode":"A70","status":"Libre"},{"lockerCode":"A71","status":"reservado"},{"lockerCode":"A72","status":"Libre"},{"lockerCode":"A73","status":"Libre"},{"lockerCode":"A74","status":"ocupado"},{"lockerCode":"A75","status":"reservado"},{"lockerCode":"A76","status":"ocupado"},{"lockerCode":"A77","status":"deshabilitado"},{"lockerCode":"A78","status":"Libre"},{"lockerCode":"A79","status":"Libre"},{"lockerCode":"A80","status":"Libre"}]},{"module":"B","lockers":[{"lockerCode":"B1","status":"reservado"},{"lockerCode":"B2","status":"Libre"},{"lockerCode":"B3","status":"Libre"},{"lockerCode":"B4","status":"ocupado"},{"lockerCode":"B5","status":"reservado"}]},{"module":"C","lockers":[{"lockerCode":"C1","status":"reservado"},{"lockerCode":"C2","status":"Libre"},{"lockerCode":"C3","status":"Libre"},{"lockerCode":"C4","status":"ocupado"},{"lockerCode":"C5","status":"reservado"},{"lockerCode":"C6","status":"ocupado"},{"lockerCode":"C7","status":"deshabilitado"},{"lockerCode":"C8","status":"Libre"},{"lockerCode":"C9","status":"Libre"},{"lockerCode":"C10","status":"Libre"},{"lockerCode":"C11","status":"reservado"},{"lockerCode":"C12","status":"ocupado"},{"lockerCode":"C13","status":"deshabilitado"},{"lockerCode":"C14","status":"Libre"},{"lockerCode":"C15","status":"Libre"},{"lockerCode":"C16","status":"Libre"}]},{"module":"D","lockers":[{"lockerCode":"D1","status":"reservado"}]},{"module":"E","lockers":[{"lockerCode":"E1","status":"reservado"},{"lockerCode":"E2","status":"Libre"},{"lockerCode":"E3","status":"Libre"},{"lockerCode":"E4","status":"ocupado"},{"lockerCode":"E5","status":"reservado"},{"lockerCode":"E6","status":"ocupado"},{"lockerCode":"E7","status":"deshabilitado"},{"lockerCode":"E8","status":"Libre"},{"lockerCode":"E9","status":"Libre"},{"lockerCode":"E10","status":"Libre"}]},{"module":"F","lockers":[{"lockerCode":"F1","status":"reservado"},{"lockerCode":"F2","status":"Libre"},{"lockerCode":"F3","status":"Libre"},{"lockerCode":"F4","status":"ocupado"},{"lockerCode":"F5","status":"reservado"},{"lockerCode":"F6","status":"ocupado"},{"lockerCode":"F7","status":"deshabilitado"},{"lockerCode":"F8","status":"Libre"},{"lockerCode":"F9","status":"Libre"},{"lockerCode":"F10","status":"Libre"}]}]}
[2025-10-09 00:18:43] [INFO] [main] [useConfig] Configuración inicial obtenida
[2025-10-09 00:18:43] [INFO] [main] [useConfig] Configuración inicial obtenida
[2025-10-09 00:18:43] [INFO] [main] [useConfig] Configuración inicial obtenida
[2025-10-09 00:18:43] [INFO] [main] [useConfig] Configuración inicial obtenida
[2025-10-09 00:18:43] [INFO] [main] [useConfig] Configuración inicial obtenida
[2025-10-09 00:18:43] [INFO] [main] [useConfig] Configuración inicial obtenida
[2025-10-09 00:18:43] [INFO] [main] [useConfig] Configuración inicial obtenida
[2025-10-09 00:18:43] [INFO] [main] [useConfig] Configuración inicial obtenida
[2025-10-09 00:18:43] [INFO] [main] [statusLockers] Response. Status: 200
[2025-10-09 00:18:43] [INFO] [main] [statusLockers] Response. Data: {"general":[{"status":"ocupado","total":12},{"status":"libre","total":1},{"status":"reservado","total":12},{"status":"deshabilitado","total":6}],"modules":[{"module":"A","lockers":[{"lockerCode":"A1","status":"reservado"},{"lockerCode":"A2","status":"Libre"},{"lockerCode":"A3","status":"Libre"},{"lockerCode":"A4","status":"ocupado"},{"lockerCode":"A5","status":"reservado"},{"lockerCode":"A6","status":"ocupado"},{"lockerCode":"A7","status":"deshabilitado"},{"lockerCode":"A8","status":"Libre"},{"lockerCode":"A9","status":"Libre"},{"lockerCode":"A10","status":"Libre"},{"lockerCode":"A11","status":"reservado"},{"lockerCode":"A12","status":"Libre"},{"lockerCode":"A13","status":"Libre"},{"lockerCode":"A14","status":"ocupado"},{"lockerCode":"A15","status":"reservado"},{"lockerCode":"A16","status":"ocupado"},{"lockerCode":"A17","status":"deshabilitado"},{"lockerCode":"A18","status":"Libre"},{"lockerCode":"A19","status":"Libre"},{"lockerCode":"A20","status":"Libre"},{"lockerCode":"A21","status":"reservado"},{"lockerCode":"A22","status":"Libre"},{"lockerCode":"A23","status":"Libre"},{"lockerCode":"A24","status":"ocupado"},{"lockerCode":"A25","status":"reservado"},{"lockerCode":"A26","status":"ocupado"},{"lockerCode":"A27","status":"deshabilitado"},{"lockerCode":"A28","status":"Libre"},{"lockerCode":"A29","status":"Libre"},{"lockerCode":"A30","status":"Libre"},{"lockerCode":"A31","status":"reservado"},{"lockerCode":"A32","status":"Libre"},{"lockerCode":"A33","status":"Libre"},{"lockerCode":"A34","status":"ocupado"},{"lockerCode":"A35","status":"reservado"},{"lockerCode":"A36","status":"ocupado"},{"lockerCode":"A37","status":"deshabilitado"},{"lockerCode":"A38","status":"Libre"},{"lockerCode":"A39","status":"Libre"},{"lockerCode":"A40","status":"Libre"},{"lockerCode":"A41","status":"reservado"},{"lockerCode":"A42","status":"Libre"},{"lockerCode":"A43","status":"Libre"},{"lockerCode":"A44","status":"ocupado"},{"lockerCode":"A45","status":"reservado"},{"lockerCode":"A46","status":"ocupado"},{"lockerCode":"A47","status":"deshabilitado"},{"lockerCode":"A48","status":"Libre"},{"lockerCode":"A49","status":"Libre"},{"lockerCode":"A50","status":"Libre"},{"lockerCode":"A51","status":"reservado"},{"lockerCode":"A52","status":"Libre"},{"lockerCode":"A53","status":"Libre"},{"lockerCode":"A54","status":"ocupado"},{"lockerCode":"A55","status":"reservado"},{"lockerCode":"A56","status":"ocupado"},{"lockerCode":"A57","status":"deshabilitado"},{"lockerCode":"A58","status":"Libre"},{"lockerCode":"A59","status":"Libre"},{"lockerCode":"A60","status":"Libre"},{"lockerCode":"A61","status":"reservado"},{"lockerCode":"A62","status":"Libre"},{"lockerCode":"A63","status":"Libre"},{"lockerCode":"A64","status":"ocupado"},{"lockerCode":"A65","status":"reservado"},{"lockerCode":"A66","status":"ocupado"},{"lockerCode":"A67","status":"deshabilitado"},{"lockerCode":"A68","status":"Libre"},{"lockerCode":"A69","status":"Libre"},{"lockerCode":"A70","status":"Libre"},{"lockerCode":"A71","status":"reservado"},{"lockerCode":"A72","status":"Libre"},{"lockerCode":"A73","status":"Libre"},{"lockerCode":"A74","status":"ocupado"},{"lockerCode":"A75","status":"reservado"},{"lockerCode":"A76","status":"ocupado"},{"lockerCode":"A77","status":"deshabilitado"},{"lockerCode":"A78","status":"Libre"},{"lockerCode":"A79","status":"Libre"},{"lockerCode":"A80","status":"Libre"}]},{"module":"B","lockers":[{"lockerCode":"B1","status":"reservado"},{"lockerCode":"B2","status":"Libre"},{"lockerCode":"B3","status":"Libre"},{"lockerCode":"B4","status":"ocupado"},{"lockerCode":"B5","status":"reservado"}]},{"module":"C","lockers":[{"lockerCode":"C1","status":"reservado"},{"lockerCode":"C2","status":"Libre"},{"lockerCode":"C3","status":"Libre"},{"lockerCode":"C4","status":"ocupado"},{"lockerCode":"C5","status":"reservado"},{"lockerCode":"C6","status":"ocupado"},{"lockerCode":"C7","status":"deshabilitado"},{"lockerCode":"C8","status":"Libre"},{"lockerCode":"C9","status":"Libre"},{"lockerCode":"C10","status":"Libre"},{"lockerCode":"C11","status":"reservado"},{"lockerCode":"C12","status":"ocupado"},{"lockerCode":"C13","status":"deshabilitado"},{"lockerCode":"C14","status":"Libre"},{"lockerCode":"C15","status":"Libre"},{"lockerCode":"C16","status":"Libre"}]},{"module":"D","lockers":[{"lockerCode":"D1","status":"reservado"}]},{"module":"E","lockers":[{"lockerCode":"E1","status":"reservado"},{"lockerCode":"E2","status":"Libre"},{"lockerCode":"E3","status":"Libre"},{"lockerCode":"E4","status":"ocupado"},{"lockerCode":"E5","status":"reservado"},{"lockerCode":"E6","status":"ocupado"},{"lockerCode":"E7","status":"deshabilitado"},{"lockerCode":"E8","status":"Libre"},{"lockerCode":"E9","status":"Libre"},{"lockerCode":"E10","status":"Libre"}]},{"module":"F","lockers":[{"lockerCode":"F1","status":"reservado"},{"lockerCode":"F2","status":"Libre"},{"lockerCode":"F3","status":"Libre"},{"lockerCode":"F4","status":"ocupado"},{"lockerCode":"F5","status":"reservado"},{"lockerCode":"F6","status":"ocupado"},{"lockerCode":"F7","status":"deshabilitado"},{"lockerCode":"F8","status":"Libre"},{"lockerCode":"F9","status":"Libre"},{"lockerCode":"F10","status":"Libre"}]}]}
[2025-10-09 00:18:43] [INFO] [main] [statusLockers] Response. Status: 200
[2025-10-09 00:18:43] [INFO] [main] [statusLockers] Response. Data: {"general":[{"status":"ocupado","total":12},{"status":"libre","total":1},{"status":"reservado","total":12},{"status":"deshabilitado","total":6}],"modules":[{"module":"A","lockers":[{"lockerCode":"A1","status":"reservado"},{"lockerCode":"A2","status":"Libre"},{"lockerCode":"A3","status":"Libre"},{"lockerCode":"A4","status":"ocupado"},{"lockerCode":"A5","status":"reservado"},{"lockerCode":"A6","status":"ocupado"},{"lockerCode":"A7","status":"deshabilitado"},{"lockerCode":"A8","status":"Libre"},{"lockerCode":"A9","status":"Libre"},{"lockerCode":"A10","status":"Libre"},{"lockerCode":"A11","status":"reservado"},{"lockerCode":"A12","status":"Libre"},{"lockerCode":"A13","status":"Libre"},{"lockerCode":"A14","status":"ocupado"},{"lockerCode":"A15","status":"reservado"},{"lockerCode":"A16","status":"ocupado"},{"lockerCode":"A17","status":"deshabilitado"},{"lockerCode":"A18","status":"Libre"},{"lockerCode":"A19","status":"Libre"},{"lockerCode":"A20","status":"Libre"},{"lockerCode":"A21","status":"reservado"},{"lockerCode":"A22","status":"Libre"},{"lockerCode":"A23","status":"Libre"},{"lockerCode":"A24","status":"ocupado"},{"lockerCode":"A25","status":"reservado"},{"lockerCode":"A26","status":"ocupado"},{"lockerCode":"A27","status":"deshabilitado"},{"lockerCode":"A28","status":"Libre"},{"lockerCode":"A29","status":"Libre"},{"lockerCode":"A30","status":"Libre"},{"lockerCode":"A31","status":"reservado"},{"lockerCode":"A32","status":"Libre"},{"lockerCode":"A33","status":"Libre"},{"lockerCode":"A34","status":"ocupado"},{"lockerCode":"A35","status":"reservado"},{"lockerCode":"A36","status":"ocupado"},{"lockerCode":"A37","status":"deshabilitado"},{"lockerCode":"A38","status":"Libre"},{"lockerCode":"A39","status":"Libre"},{"lockerCode":"A40","status":"Libre"},{"lockerCode":"A41","status":"reservado"},{"lockerCode":"A42","status":"Libre"},{"lockerCode":"A43","status":"Libre"},{"lockerCode":"A44","status":"ocupado"},{"lockerCode":"A45","status":"reservado"},{"lockerCode":"A46","status":"ocupado"},{"lockerCode":"A47","status":"deshabilitado"},{"lockerCode":"A48","status":"Libre"},{"lockerCode":"A49","status":"Libre"},{"lockerCode":"A50","status":"Libre"},{"lockerCode":"A51","status":"reservado"},{"lockerCode":"A52","status":"Libre"},{"lockerCode":"A53","status":"Libre"},{"lockerCode":"A54","status":"ocupado"},{"lockerCode":"A55","status":"reservado"},{"lockerCode":"A56","status":"ocupado"},{"lockerCode":"A57","status":"deshabilitado"},{"lockerCode":"A58","status":"Libre"},{"lockerCode":"A59","status":"Libre"},{"lockerCode":"A60","status":"Libre"},{"lockerCode":"A61","status":"reservado"},{"lockerCode":"A62","status":"Libre"},{"lockerCode":"A63","status":"Libre"},{"lockerCode":"A64","status":"ocupado"},{"lockerCode":"A65","status":"reservado"},{"lockerCode":"A66","status":"ocupado"},{"lockerCode":"A67","status":"deshabilitado"},{"lockerCode":"A68","status":"Libre"},{"lockerCode":"A69","status":"Libre"},{"lockerCode":"A70","status":"Libre"},{"lockerCode":"A71","status":"reservado"},{"lockerCode":"A72","status":"Libre"},{"lockerCode":"A73","status":"Libre"},{"lockerCode":"A74","status":"ocupado"},{"lockerCode":"A75","status":"reservado"},{"lockerCode":"A76","status":"ocupado"},{"lockerCode":"A77","status":"deshabilitado"},{"lockerCode":"A78","status":"Libre"},{"lockerCode":"A79","status":"Libre"},{"lockerCode":"A80","status":"Libre"}]},{"module":"B","lockers":[{"lockerCode":"B1","status":"reservado"},{"lockerCode":"B2","status":"Libre"},{"lockerCode":"B3","status":"Libre"},{"lockerCode":"B4","status":"ocupado"},{"lockerCode":"B5","status":"reservado"}]},{"module":"C","lockers":[{"lockerCode":"C1","status":"reservado"},{"lockerCode":"C2","status":"Libre"},{"lockerCode":"C3","status":"Libre"},{"lockerCode":"C4","status":"ocupado"},{"lockerCode":"C5","status":"reservado"},{"lockerCode":"C6","status":"ocupado"},{"lockerCode":"C7","status":"deshabilitado"},{"lockerCode":"C8","status":"Libre"},{"lockerCode":"C9","status":"Libre"},{"lockerCode":"C10","status":"Libre"},{"lockerCode":"C11","status":"reservado"},{"lockerCode":"C12","status":"ocupado"},{"lockerCode":"C13","status":"deshabilitado"},{"lockerCode":"C14","status":"Libre"},{"lockerCode":"C15","status":"Libre"},{"lockerCode":"C16","status":"Libre"}]},{"module":"D","lockers":[{"lockerCode":"D1","status":"reservado"}]},{"module":"E","lockers":[{"lockerCode":"E1","status":"reservado"},{"lockerCode":"E2","status":"Libre"},{"lockerCode":"E3","status":"Libre"},{"lockerCode":"E4","status":"ocupado"},{"lockerCode":"E5","status":"reservado"},{"lockerCode":"E6","status":"ocupado"},{"lockerCode":"E7","status":"deshabilitado"},{"lockerCode":"E8","status":"Libre"},{"lockerCode":"E9","status":"Libre"},{"lockerCode":"E10","status":"Libre"}]},{"module":"F","lockers":[{"lockerCode":"F1","status":"reservado"},{"lockerCode":"F2","status":"Libre"},{"lockerCode":"F3","status":"Libre"},{"lockerCode":"F4","status":"ocupado"},{"lockerCode":"F5","status":"reservado"},{"lockerCode":"F6","status":"ocupado"},{"lockerCode":"F7","status":"deshabilitado"},{"lockerCode":"F8","status":"Libre"},{"lockerCode":"F9","status":"Libre"},{"lockerCode":"F10","status":"Libre"}]}]}
[2025-10-09 00:18:44] [INFO] [main] [statusLockers] Response. Status: 200
[2025-10-09 00:18:44] [INFO] [main] [statusLockers] Response. Data: {"general":[{"status":"ocupado","total":12},{"status":"libre","total":1},{"status":"reservado","total":12},{"status":"deshabilitado","total":6}],"modules":[{"module":"A","lockers":[{"lockerCode":"A1","status":"reservado"},{"lockerCode":"A2","status":"Libre"},{"lockerCode":"A3","status":"Libre"},{"lockerCode":"A4","status":"ocupado"},{"lockerCode":"A5","status":"reservado"},{"lockerCode":"A6","status":"ocupado"},{"lockerCode":"A7","status":"deshabilitado"},{"lockerCode":"A8","status":"Libre"},{"lockerCode":"A9","status":"Libre"},{"lockerCode":"A10","status":"Libre"},{"lockerCode":"A11","status":"reservado"},{"lockerCode":"A12","status":"Libre"},{"lockerCode":"A13","status":"Libre"},{"lockerCode":"A14","status":"ocupado"},{"lockerCode":"A15","status":"reservado"},{"lockerCode":"A16","status":"ocupado"},{"lockerCode":"A17","status":"deshabilitado"},{"lockerCode":"A18","status":"Libre"},{"lockerCode":"A19","status":"Libre"},{"lockerCode":"A20","status":"Libre"},{"lockerCode":"A21","status":"reservado"},{"lockerCode":"A22","status":"Libre"},{"lockerCode":"A23","status":"Libre"},{"lockerCode":"A24","status":"ocupado"},{"lockerCode":"A25","status":"reservado"},{"lockerCode":"A26","status":"ocupado"},{"lockerCode":"A27","status":"deshabilitado"},{"lockerCode":"A28","status":"Libre"},{"lockerCode":"A29","status":"Libre"},{"lockerCode":"A30","status":"Libre"},{"lockerCode":"A31","status":"reservado"},{"lockerCode":"A32","status":"Libre"},{"lockerCode":"A33","status":"Libre"},{"lockerCode":"A34","status":"ocupado"},{"lockerCode":"A35","status":"reservado"},{"lockerCode":"A36","status":"ocupado"},{"lockerCode":"A37","status":"deshabilitado"},{"lockerCode":"A38","status":"Libre"},{"lockerCode":"A39","status":"Libre"},{"lockerCode":"A40","status":"Libre"},{"lockerCode":"A41","status":"reservado"},{"lockerCode":"A42","status":"Libre"},{"lockerCode":"A43","status":"Libre"},{"lockerCode":"A44","status":"ocupado"},{"lockerCode":"A45","status":"reservado"},{"lockerCode":"A46","status":"ocupado"},{"lockerCode":"A47","status":"deshabilitado"},{"lockerCode":"A48","status":"Libre"},{"lockerCode":"A49","status":"Libre"},{"lockerCode":"A50","status":"Libre"},{"lockerCode":"A51","status":"reservado"},{"lockerCode":"A52","status":"Libre"},{"lockerCode":"A53","status":"Libre"},{"lockerCode":"A54","status":"ocupado"},{"lockerCode":"A55","status":"reservado"},{"lockerCode":"A56","status":"ocupado"},{"lockerCode":"A57","status":"deshabilitado"},{"lockerCode":"A58","status":"Libre"},{"lockerCode":"A59","status":"Libre"},{"lockerCode":"A60","status":"Libre"},{"lockerCode":"A61","status":"reservado"},{"lockerCode":"A62","status":"Libre"},{"lockerCode":"A63","status":"Libre"},{"lockerCode":"A64","status":"ocupado"},{"lockerCode":"A65","status":"reservado"},{"lockerCode":"A66","status":"ocupado"},{"lockerCode":"A67","status":"deshabilitado"},{"lockerCode":"A68","status":"Libre"},{"lockerCode":"A69","status":"Libre"},{"lockerCode":"A70","status":"Libre"},{"lockerCode":"A71","status":"reservado"},{"lockerCode":"A72","status":"Libre"},{"lockerCode":"A73","status":"Libre"},{"lockerCode":"A74","status":"ocupado"},{"lockerCode":"A75","status":"reservado"},{"lockerCode":"A76","status":"ocupado"},{"lockerCode":"A77","status":"deshabilitado"},{"lockerCode":"A78","status":"Libre"},{"lockerCode":"A79","status":"Libre"},{"lockerCode":"A80","status":"Libre"}]},{"module":"B","lockers":[{"lockerCode":"B1","status":"reservado"},{"lockerCode":"B2","status":"Libre"},{"lockerCode":"B3","status":"Libre"},{"lockerCode":"B4","status":"ocupado"},{"lockerCode":"B5","status":"reservado"}]},{"module":"C","lockers":[{"lockerCode":"C1","status":"reservado"},{"lockerCode":"C2","status":"Libre"},{"lockerCode":"C3","status":"Libre"},{"lockerCode":"C4","status":"ocupado"},{"lockerCode":"C5","status":"reservado"},{"lockerCode":"C6","status":"ocupado"},{"lockerCode":"C7","status":"deshabilitado"},{"lockerCode":"C8","status":"Libre"},{"lockerCode":"C9","status":"Libre"},{"lockerCode":"C10","status":"Libre"},{"lockerCode":"C11","status":"reservado"},{"lockerCode":"C12","status":"ocupado"},{"lockerCode":"C13","status":"deshabilitado"},{"lockerCode":"C14","status":"Libre"},{"lockerCode":"C15","status":"Libre"},{"lockerCode":"C16","status":"Libre"}]},{"module":"D","lockers":[{"lockerCode":"D1","status":"reservado"}]},{"module":"E","lockers":[{"lockerCode":"E1","status":"reservado"},{"lockerCode":"E2","status":"Libre"},{"lockerCode":"E3","status":"Libre"},{"lockerCode":"E4","status":"ocupado"},{"lockerCode":"E5","status":"reservado"},{"lockerCode":"E6","status":"ocupado"},{"lockerCode":"E7","status":"deshabilitado"},{"lockerCode":"E8","status":"Libre"},{"lockerCode":"E9","status":"Libre"},{"lockerCode":"E10","status":"Libre"}]},{"module":"F","lockers":[{"lockerCode":"F1","status":"reservado"},{"lockerCode":"F2","status":"Libre"},{"lockerCode":"F3","status":"Libre"},{"lockerCode":"F4","status":"ocupado"},{"lockerCode":"F5","status":"reservado"},{"lockerCode":"F6","status":"ocupado"},{"lockerCode":"F7","status":"deshabilitado"},{"lockerCode":"F8","status":"Libre"},{"lockerCode":"F9","status":"Libre"},{"lockerCode":"F10","status":"Libre"}]}]}
[2025-10-09 00:20:00] [INFO] [main] get-screen-data-once -> 1920x1048 factor=0.97
[2025-10-09 00:20:00] [INFO] [main] [statusLockers] Iniciando petición para obtener casilleros disponibles
[2025-10-09 00:20:00] [INFO] [main] [statusLockers] Timeout efectivo en ejecución: 30000
[2025-10-09 00:20:00] [INFO] [main] [statusLockers] Intento 1: HOST -> http://localhost:8080
[2025-10-09 00:20:00] [INFO] [main] [statusLockers] Intento 1: URL -> /api/lockers/get-all-status
[2025-10-09 00:20:00] [INFO] [main] [copyright] Versión cargada: 1.1.0
[2025-10-09 00:20:00] [INFO] [main] [app] Componente App montado
[2025-10-09 00:20:00] [INFO] [main] [app] Versión cargada: 1.1.0
[2025-10-09 00:20:00] [INFO] [main] [statusLockers] Iniciando petición para obtener casilleros disponibles
[2025-10-09 00:20:00] [INFO] [main] [statusLockers] Timeout efectivo en ejecución: 30000
[2025-10-09 00:20:00] [INFO] [main] [statusLockers] Intento 1: HOST -> http://localhost:8080
[2025-10-09 00:20:00] [INFO] [main] [statusLockers] Intento 1: URL -> /api/lockers/get-all-status
[2025-10-09 00:20:00] [INFO] [main] [copyright] Versión cargada: 1.1.0
[2025-10-09 00:20:00] [INFO] [main] [app] Componente App montado
[2025-10-09 00:20:00] [INFO] [main] [app] Versión cargada: 1.1.0
[2025-10-09 00:20:01] [INFO] [main] [useConfig] Configuración inicial obtenida
[2025-10-09 00:20:01] [INFO] [main] [useConfig] Configuración inicial obtenida
[2025-10-09 00:20:01] [INFO] [main] [useConfig] Configuración inicial obtenida
[2025-10-09 00:20:01] [INFO] [main] [useConfig] Configuración inicial obtenida
[2025-10-09 00:20:01] [INFO] [main] [useConfig] Configuración inicial obtenida
[2025-10-09 00:20:01] [INFO] [main] [useConfig] Configuración inicial obtenida
[2025-10-09 00:20:01] [INFO] [main] [useConfig] Configuración inicial obtenida
[2025-10-09 00:20:01] [INFO] [main] [useConfig] Configuración inicial obtenida
[2025-10-09 00:20:01] [INFO] [main] [statusLockers] Iniciando petición para obtener casilleros disponibles
[2025-10-09 00:20:01] [INFO] [main] [statusLockers] Timeout efectivo en ejecución: 30000
[2025-10-09 00:20:01] [INFO] [main] [statusLockers] Intento 1: HOST -> http://localhost:8080
[2025-10-09 00:20:01] [INFO] [main] [statusLockers] Intento 1: URL -> /api/lockers/get-all-status
[2025-10-09 00:20:01] [INFO] [main] [copyright] Versión cargada: 1.1.0
[2025-10-09 00:20:01] [INFO] [main] [app] Componente App montado
[2025-10-09 00:20:01] [INFO] [main] [app] Versión cargada: 1.1.0
[2025-10-09 00:20:01] [INFO] [main] [statusLockers] Iniciando petición para obtener casilleros disponibles
[2025-10-09 00:20:01] [INFO] [main] [statusLockers] Timeout efectivo en ejecución: 30000
[2025-10-09 00:20:01] [INFO] [main] [statusLockers] Intento 1: HOST -> http://localhost:8080
[2025-10-09 00:20:01] [INFO] [main] [statusLockers] Intento 1: URL -> /api/lockers/get-all-status
[2025-10-09 00:20:01] [INFO] [main] [copyright] Versión cargada: 1.1.0
[2025-10-09 00:20:01] [INFO] [main] [app] Componente App montado
[2025-10-09 00:20:01] [INFO] [main] [app] Versión cargada: 1.1.0
[2025-10-09 00:20:02] [INFO] [main] [statusLockers] Response. Status: 200
[2025-10-09 00:20:02] [INFO] [main] [statusLockers] Response. Data: {"general":[{"status":"ocupado","total":12},{"status":"libre","total":1},{"status":"reservado","total":12},{"status":"deshabilitado","total":6}],"modules":[{"module":"A","lockers":[{"lockerCode":"A1","status":"reservado"},{"lockerCode":"A2","status":"Libre"},{"lockerCode":"A3","status":"Libre"},{"lockerCode":"A4","status":"ocupado"},{"lockerCode":"A5","status":"reservado"},{"lockerCode":"A6","status":"ocupado"},{"lockerCode":"A7","status":"deshabilitado"},{"lockerCode":"A8","status":"Libre"},{"lockerCode":"A9","status":"Libre"},{"lockerCode":"A10","status":"Libre"},{"lockerCode":"A11","status":"reservado"},{"lockerCode":"A12","status":"Libre"},{"lockerCode":"A13","status":"Libre"},{"lockerCode":"A14","status":"ocupado"},{"lockerCode":"A15","status":"reservado"},{"lockerCode":"A16","status":"ocupado"},{"lockerCode":"A17","status":"deshabilitado"},{"lockerCode":"A18","status":"Libre"},{"lockerCode":"A19","status":"Libre"},{"lockerCode":"A20","status":"Libre"},{"lockerCode":"A21","status":"reservado"},{"lockerCode":"A22","status":"Libre"},{"lockerCode":"A23","status":"Libre"},{"lockerCode":"A24","status":"ocupado"},{"lockerCode":"A25","status":"reservado"},{"lockerCode":"A26","status":"ocupado"},{"lockerCode":"A27","status":"deshabilitado"},{"lockerCode":"A28","status":"Libre"},{"lockerCode":"A29","status":"Libre"},{"lockerCode":"A30","status":"Libre"},{"lockerCode":"A31","status":"reservado"},{"lockerCode":"A32","status":"Libre"},{"lockerCode":"A33","status":"Libre"},{"lockerCode":"A34","status":"ocupado"},{"lockerCode":"A35","status":"reservado"},{"lockerCode":"A36","status":"ocupado"},{"lockerCode":"A37","status":"deshabilitado"},{"lockerCode":"A38","status":"Libre"},{"lockerCode":"A39","status":"Libre"},{"lockerCode":"A40","status":"Libre"},{"lockerCode":"A41","status":"reservado"},{"lockerCode":"A42","status":"Libre"},{"lockerCode":"A43","status":"Libre"},{"lockerCode":"A44","status":"ocupado"},{"lockerCode":"A45","status":"reservado"},{"lockerCode":"A46","status":"ocupado"},{"lockerCode":"A47","status":"deshabilitado"},{"lockerCode":"A48","status":"Libre"},{"lockerCode":"A49","status":"Libre"},{"lockerCode":"A50","status":"Libre"},{"lockerCode":"A51","status":"reservado"},{"lockerCode":"A52","status":"Libre"},{"lockerCode":"A53","status":"Libre"},{"lockerCode":"A54","status":"ocupado"},{"lockerCode":"A55","status":"reservado"},{"lockerCode":"A56","status":"ocupado"},{"lockerCode":"A57","status":"deshabilitado"},{"lockerCode":"A58","status":"Libre"},{"lockerCode":"A59","status":"Libre"},{"lockerCode":"A60","status":"Libre"},{"lockerCode":"A61","status":"reservado"},{"lockerCode":"A62","status":"Libre"},{"lockerCode":"A63","status":"Libre"},{"lockerCode":"A64","status":"ocupado"},{"lockerCode":"A65","status":"reservado"},{"lockerCode":"A66","status":"ocupado"},{"lockerCode":"A67","status":"deshabilitado"},{"lockerCode":"A68","status":"Libre"},{"lockerCode":"A69","status":"Libre"},{"lockerCode":"A70","status":"Libre"},{"lockerCode":"A71","status":"reservado"},{"lockerCode":"A72","status":"Libre"},{"lockerCode":"A73","status":"Libre"},{"lockerCode":"A74","status":"ocupado"},{"lockerCode":"A75","status":"reservado"},{"lockerCode":"A76","status":"ocupado"},{"lockerCode":"A77","status":"deshabilitado"},{"lockerCode":"A78","status":"Libre"},{"lockerCode":"A79","status":"Libre"},{"lockerCode":"A80","status":"Libre"}]},{"module":"B","lockers":[{"lockerCode":"B1","status":"reservado"},{"lockerCode":"B2","status":"Libre"},{"lockerCode":"B3","status":"Libre"},{"lockerCode":"B4","status":"ocupado"},{"lockerCode":"B5","status":"reservado"}]},{"module":"C","lockers":[{"lockerCode":"C1","status":"reservado"},{"lockerCode":"C2","status":"Libre"},{"lockerCode":"C3","status":"Libre"},{"lockerCode":"C4","status":"ocupado"},{"lockerCode":"C5","status":"reservado"},{"lockerCode":"C6","status":"ocupado"},{"lockerCode":"C7","status":"deshabilitado"},{"lockerCode":"C8","status":"Libre"},{"lockerCode":"C9","status":"Libre"},{"lockerCode":"C10","status":"Libre"},{"lockerCode":"C11","status":"reservado"},{"lockerCode":"C12","status":"ocupado"},{"lockerCode":"C13","status":"deshabilitado"},{"lockerCode":"C14","status":"Libre"},{"lockerCode":"C15","status":"Libre"},{"lockerCode":"C16","status":"Libre"}]},{"module":"D","lockers":[{"lockerCode":"D1","status":"reservado"}]},{"module":"E","lockers":[{"lockerCode":"E1","status":"reservado"},{"lockerCode":"E2","status":"Libre"},{"lockerCode":"E3","status":"Libre"},{"lockerCode":"E4","status":"ocupado"},{"lockerCode":"E5","status":"reservado"},{"lockerCode":"E6","status":"ocupado"},{"lockerCode":"E7","status":"deshabilitado"},{"lockerCode":"E8","status":"Libre"},{"lockerCode":"E9","status":"Libre"},{"lockerCode":"E10","status":"Libre"}]},{"module":"F","lockers":[{"lockerCode":"F1","status":"reservado"},{"lockerCode":"F2","status":"Libre"},{"lockerCode":"F3","status":"Libre"},{"lockerCode":"F4","status":"ocupado"},{"lockerCode":"F5","status":"reservado"},{"lockerCode":"F6","status":"ocupado"},{"lockerCode":"F7","status":"deshabilitado"},{"lockerCode":"F8","status":"Libre"},{"lockerCode":"F9","status":"Libre"},{"lockerCode":"F10","status":"Libre"}]}]}
[2025-10-09 00:20:02] [INFO] [main] [useConfig] Configuración inicial obtenida
[2025-10-09 00:20:02] [INFO] [main] [useConfig] Configuración inicial obtenida
[2025-10-09 00:20:02] [INFO] [main] [useConfig] Configuración inicial obtenida
[2025-10-09 00:20:02] [INFO] [main] [useConfig] Configuración inicial obtenida
[2025-10-09 00:20:02] [INFO] [main] [useConfig] Configuración inicial obtenida
[2025-10-09 00:20:02] [INFO] [main] [useConfig] Configuración inicial obtenida
[2025-10-09 00:20:02] [INFO] [main] [useConfig] Configuración inicial obtenida
[2025-10-09 00:20:02] [INFO] [main] [useConfig] Configuración inicial obtenida
[2025-10-09 00:20:02] [INFO] [main] Recibido config actualizado
[2025-10-09 00:20:02] [INFO] [main] Recibido auth actualizado
[2025-10-09 00:20:02] [INFO] [main] Recibido logger actualizado
[2025-10-09 00:20:02] [INFO] [main] Recibido env actualizado
[2025-10-09 00:20:02] [INFO] [preload] Inicializando preload.js
[2025-10-09 00:20:02] [INFO] [setupWatcher] Observando archivo setup_config.json en: C:\Users\User\Documents\Personal\LockeritDesk\configFiles\setup_config.json
[2025-10-09 00:20:02] [INFO] [setupWatcher] Archivo setup_config.json cargado correctamente
[2025-10-09 00:20:02] [INFO] [preload] Watcher iniciado: setup_config.json
[2025-10-09 00:20:02] [INFO] [authWatcher] Observando archivo auth_key.json en: C:\Users\User\Documents\Personal\LockeritDesk\configFiles\auth_key.json
[2025-10-09 00:20:02] [INFO] [authWatcher] auth_key.json actualizado correctamente
[2025-10-09 00:20:02] [INFO] [preload] Watcher iniciado: auth_key.json
[2025-10-09 00:20:02] [INFO] [loggerWatcher] Observando archivo logger_config.json en: C:\Users\User\Documents\Personal\LockeritDesk\configFiles\logger_config.json
[2025-10-09 00:20:02] [INFO] [loggerWatcher] Archivo logger_config.json cargado correctamente
[2025-10-09 00:20:02] [INFO] [preload] Watcher iniciado: logger_config.json
[2025-10-09 00:20:02] [INFO] [envWatcher] Observando archivo .env en: C:\Users\User\Documents\Personal\LockeritDesk\configFiles\.env
[2025-10-09 00:20:02] [INFO] [envWatcher] Archivo .env cargado correctamente
[2025-10-09 00:20:02] [INFO] [preload] Watcher iniciado: .env
[2025-10-09 00:20:02] [INFO] [preload] API expuesta en window.electronAPI
[2025-10-09 00:20:07] [INFO] [main] [axiosConfig] API BaseURL Inicial: http://localhost:8080
[2025-10-09 00:20:07] [INFO] [main] [axiosConfig] API BaseTimeout Inicial: 30
[2025-10-09 00:20:07] [INFO] [main] get-screen-data-once -> 1920x1048 factor=0.97
[2025-10-09 00:20:07] [INFO] [main] [configStore] Configuración actualizada
[2025-10-09 00:20:07] [INFO] [main] [configStore] config_key.json inicial cargado exitosamente
[2025-10-09 00:20:07] [INFO] [main] [envStore] ENV inicial cargado correctamente
[2025-10-09 00:20:07] [INFO] [main] [envStore] ENV actualizado
[2025-10-09 00:20:07] [INFO] [main] [axiosConfig] API BaseTimeout actualizada dinámicamente: 30
[2025-10-09 00:20:07] [INFO] [main] [assignLocker] API BaseTimeout actualizada dinámicamente: 30
[2025-10-09 00:20:07] [INFO] [main] [authStore] Auth actualizado
[2025-10-09 00:20:07] [INFO] [main] [authStore] auth_key.json inicial cargado exitosamente
[2025-10-09 00:20:07] [INFO] [main] [statusLockers] Iniciando petición para obtener casilleros disponibles
[2025-10-09 00:20:07] [INFO] [main] [statusLockers] Timeout efectivo en ejecución: 30000
[2025-10-09 00:20:07] [INFO] [main] [statusLockers] Intento 1: HOST -> http://localhost:8080
[2025-10-09 00:20:07] [INFO] [main] [statusLockers] Intento 1: URL -> /api/lockers/get-all-status
[2025-10-09 00:20:07] [INFO] [main] [copyright] Versión cargada: 1.1.0
[2025-10-09 00:20:07] [INFO] [main] [app] Componente App montado
[2025-10-09 00:20:07] [INFO] [main] [app] Versión cargada: 1.1.0
[2025-10-09 00:20:07] [INFO] [main] [statusLockers] Iniciando petición para obtener casilleros disponibles
[2025-10-09 00:20:07] [INFO] [main] [statusLockers] Timeout efectivo en ejecución: 30000
[2025-10-09 00:20:07] [INFO] [main] [statusLockers] Intento 1: HOST -> http://localhost:8080
[2025-10-09 00:20:07] [INFO] [main] [statusLockers] Intento 1: URL -> /api/lockers/get-all-status
[2025-10-09 00:20:07] [INFO] [main] [copyright] Versión cargada: 1.1.0
[2025-10-09 00:20:07] [INFO] [main] [app] Componente App montado
[2025-10-09 00:20:07] [INFO] [main] [app] Versión cargada: 1.1.0
[2025-10-09 00:20:08] [INFO] [main] [useConfig] Configuración inicial obtenida
[2025-10-09 00:20:08] [INFO] [main] [useConfig] Configuración inicial obtenida
[2025-10-09 00:20:08] [INFO] [main] [useConfig] Configuración inicial obtenida
[2025-10-09 00:20:08] [INFO] [main] [useConfig] Configuración inicial obtenida
[2025-10-09 00:20:08] [INFO] [main] [useConfig] Configuración inicial obtenida
[2025-10-09 00:20:08] [INFO] [main] [useConfig] Configuración inicial obtenida
[2025-10-09 00:20:08] [INFO] [main] [useConfig] Configuración inicial obtenida
[2025-10-09 00:20:08] [INFO] [main] [useConfig] Configuración inicial obtenida
[2025-10-09 00:20:08] [INFO] [main] [statusLockers] Response. Status: 200
[2025-10-09 00:20:08] [INFO] [main] [statusLockers] Response. Data: {"general":[{"status":"ocupado","total":12},{"status":"libre","total":1},{"status":"reservado","total":12},{"status":"deshabilitado","total":6}],"modules":[{"module":"A","lockers":[{"lockerCode":"A1","status":"reservado"},{"lockerCode":"A2","status":"Libre"},{"lockerCode":"A3","status":"Libre"},{"lockerCode":"A4","status":"ocupado"},{"lockerCode":"A5","status":"reservado"},{"lockerCode":"A6","status":"ocupado"},{"lockerCode":"A7","status":"deshabilitado"},{"lockerCode":"A8","status":"Libre"},{"lockerCode":"A9","status":"Libre"},{"lockerCode":"A10","status":"Libre"},{"lockerCode":"A11","status":"reservado"},{"lockerCode":"A12","status":"Libre"},{"lockerCode":"A13","status":"Libre"},{"lockerCode":"A14","status":"ocupado"},{"lockerCode":"A15","status":"reservado"},{"lockerCode":"A16","status":"ocupado"},{"lockerCode":"A17","status":"deshabilitado"},{"lockerCode":"A18","status":"Libre"},{"lockerCode":"A19","status":"Libre"},{"lockerCode":"A20","status":"Libre"},{"lockerCode":"A21","status":"reservado"},{"lockerCode":"A22","status":"Libre"},{"lockerCode":"A23","status":"Libre"},{"lockerCode":"A24","status":"ocupado"},{"lockerCode":"A25","status":"reservado"},{"lockerCode":"A26","status":"ocupado"},{"lockerCode":"A27","status":"deshabilitado"},{"lockerCode":"A28","status":"Libre"},{"lockerCode":"A29","status":"Libre"},{"lockerCode":"A30","status":"Libre"},{"lockerCode":"A31","status":"reservado"},{"lockerCode":"A32","status":"Libre"},{"lockerCode":"A33","status":"Libre"},{"lockerCode":"A34","status":"ocupado"},{"lockerCode":"A35","status":"reservado"},{"lockerCode":"A36","status":"ocupado"},{"lockerCode":"A37","status":"deshabilitado"},{"lockerCode":"A38","status":"Libre"},{"lockerCode":"A39","status":"Libre"},{"lockerCode":"A40","status":"Libre"},{"lockerCode":"A41","status":"reservado"},{"lockerCode":"A42","status":"Libre"},{"lockerCode":"A43","status":"Libre"},{"lockerCode":"A44","status":"ocupado"},{"lockerCode":"A45","status":"reservado"},{"lockerCode":"A46","status":"ocupado"},{"lockerCode":"A47","status":"deshabilitado"},{"lockerCode":"A48","status":"Libre"},{"lockerCode":"A49","status":"Libre"},{"lockerCode":"A50","status":"Libre"},{"lockerCode":"A51","status":"reservado"},{"lockerCode":"A52","status":"Libre"},{"lockerCode":"A53","status":"Libre"},{"lockerCode":"A54","status":"ocupado"},{"lockerCode":"A55","status":"reservado"},{"lockerCode":"A56","status":"ocupado"},{"lockerCode":"A57","status":"deshabilitado"},{"lockerCode":"A58","status":"Libre"},{"lockerCode":"A59","status":"Libre"},{"lockerCode":"A60","status":"Libre"},{"lockerCode":"A61","status":"reservado"},{"lockerCode":"A62","status":"Libre"},{"lockerCode":"A63","status":"Libre"},{"lockerCode":"A64","status":"ocupado"},{"lockerCode":"A65","status":"reservado"},{"lockerCode":"A66","status":"ocupado"},{"lockerCode":"A67","status":"deshabilitado"},{"lockerCode":"A68","status":"Libre"},{"lockerCode":"A69","status":"Libre"},{"lockerCode":"A70","status":"Libre"},{"lockerCode":"A71","status":"reservado"},{"lockerCode":"A72","status":"Libre"},{"lockerCode":"A73","status":"Libre"},{"lockerCode":"A74","status":"ocupado"},{"lockerCode":"A75","status":"reservado"},{"lockerCode":"A76","status":"ocupado"},{"lockerCode":"A77","status":"deshabilitado"},{"lockerCode":"A78","status":"Libre"},{"lockerCode":"A79","status":"Libre"},{"lockerCode":"A80","status":"Libre"}]},{"module":"B","lockers":[{"lockerCode":"B1","status":"reservado"},{"lockerCode":"B2","status":"Libre"},{"lockerCode":"B3","status":"Libre"},{"lockerCode":"B4","status":"ocupado"},{"lockerCode":"B5","status":"reservado"}]},{"module":"C","lockers":[{"lockerCode":"C1","status":"reservado"},{"lockerCode":"C2","status":"Libre"},{"lockerCode":"C3","status":"Libre"},{"lockerCode":"C4","status":"ocupado"},{"lockerCode":"C5","status":"reservado"},{"lockerCode":"C6","status":"ocupado"},{"lockerCode":"C7","status":"deshabilitado"},{"lockerCode":"C8","status":"Libre"},{"lockerCode":"C9","status":"Libre"},{"lockerCode":"C10","status":"Libre"},{"lockerCode":"C11","status":"reservado"},{"lockerCode":"C12","status":"ocupado"},{"lockerCode":"C13","status":"deshabilitado"},{"lockerCode":"C14","status":"Libre"},{"lockerCode":"C15","status":"Libre"},{"lockerCode":"C16","status":"Libre"}]},{"module":"D","lockers":[{"lockerCode":"D1","status":"reservado"}]},{"module":"E","lockers":[{"lockerCode":"E1","status":"reservado"},{"lockerCode":"E2","status":"Libre"},{"lockerCode":"E3","status":"Libre"},{"lockerCode":"E4","status":"ocupado"},{"lockerCode":"E5","status":"reservado"},{"lockerCode":"E6","status":"ocupado"},{"lockerCode":"E7","status":"deshabilitado"},{"lockerCode":"E8","status":"Libre"},{"lockerCode":"E9","status":"Libre"},{"lockerCode":"E10","status":"Libre"}]},{"module":"F","lockers":[{"lockerCode":"F1","status":"reservado"},{"lockerCode":"F2","status":"Libre"},{"lockerCode":"F3","status":"Libre"},{"lockerCode":"F4","status":"ocupado"},{"lockerCode":"F5","status":"reservado"},{"lockerCode":"F6","status":"ocupado"},{"lockerCode":"F7","status":"deshabilitado"},{"lockerCode":"F8","status":"Libre"},{"lockerCode":"F9","status":"Libre"},{"lockerCode":"F10","status":"Libre"}]}]}
[2025-10-09 00:20:09] [INFO] [main] [statusLockers] Response. Status: 200
[2025-10-09 00:20:09] [INFO] [main] [statusLockers] Response. Data: {"general":[{"status":"ocupado","total":12},{"status":"libre","total":1},{"status":"reservado","total":12},{"status":"deshabilitado","total":6}],"modules":[{"module":"A","lockers":[{"lockerCode":"A1","status":"reservado"},{"lockerCode":"A2","status":"Libre"},{"lockerCode":"A3","status":"Libre"},{"lockerCode":"A4","status":"ocupado"},{"lockerCode":"A5","status":"reservado"},{"lockerCode":"A6","status":"ocupado"},{"lockerCode":"A7","status":"deshabilitado"},{"lockerCode":"A8","status":"Libre"},{"lockerCode":"A9","status":"Libre"},{"lockerCode":"A10","status":"Libre"},{"lockerCode":"A11","status":"reservado"},{"lockerCode":"A12","status":"Libre"},{"lockerCode":"A13","status":"Libre"},{"lockerCode":"A14","status":"ocupado"},{"lockerCode":"A15","status":"reservado"},{"lockerCode":"A16","status":"ocupado"},{"lockerCode":"A17","status":"deshabilitado"},{"lockerCode":"A18","status":"Libre"},{"lockerCode":"A19","status":"Libre"},{"lockerCode":"A20","status":"Libre"},{"lockerCode":"A21","status":"reservado"},{"lockerCode":"A22","status":"Libre"},{"lockerCode":"A23","status":"Libre"},{"lockerCode":"A24","status":"ocupado"},{"lockerCode":"A25","status":"reservado"},{"lockerCode":"A26","status":"ocupado"},{"lockerCode":"A27","status":"deshabilitado"},{"lockerCode":"A28","status":"Libre"},{"lockerCode":"A29","status":"Libre"},{"lockerCode":"A30","status":"Libre"},{"lockerCode":"A31","status":"reservado"},{"lockerCode":"A32","status":"Libre"},{"lockerCode":"A33","status":"Libre"},{"lockerCode":"A34","status":"ocupado"},{"lockerCode":"A35","status":"reservado"},{"lockerCode":"A36","status":"ocupado"},{"lockerCode":"A37","status":"deshabilitado"},{"lockerCode":"A38","status":"Libre"},{"lockerCode":"A39","status":"Libre"},{"lockerCode":"A40","status":"Libre"},{"lockerCode":"A41","status":"reservado"},{"lockerCode":"A42","status":"Libre"},{"lockerCode":"A43","status":"Libre"},{"lockerCode":"A44","status":"ocupado"},{"lockerCode":"A45","status":"reservado"},{"lockerCode":"A46","status":"ocupado"},{"lockerCode":"A47","status":"deshabilitado"},{"lockerCode":"A48","status":"Libre"},{"lockerCode":"A49","status":"Libre"},{"lockerCode":"A50","status":"Libre"},{"lockerCode":"A51","status":"reservado"},{"lockerCode":"A52","status":"Libre"},{"lockerCode":"A53","status":"Libre"},{"lockerCode":"A54","status":"ocupado"},{"lockerCode":"A55","status":"reservado"},{"lockerCode":"A56","status":"ocupado"},{"lockerCode":"A57","status":"deshabilitado"},{"lockerCode":"A58","status":"Libre"},{"lockerCode":"A59","status":"Libre"},{"lockerCode":"A60","status":"Libre"},{"lockerCode":"A61","status":"reservado"},{"lockerCode":"A62","status":"Libre"},{"lockerCode":"A63","status":"Libre"},{"lockerCode":"A64","status":"ocupado"},{"lockerCode":"A65","status":"reservado"},{"lockerCode":"A66","status":"ocupado"},{"lockerCode":"A67","status":"deshabilitado"},{"lockerCode":"A68","status":"Libre"},{"lockerCode":"A69","status":"Libre"},{"lockerCode":"A70","status":"Libre"},{"lockerCode":"A71","status":"reservado"},{"lockerCode":"A72","status":"Libre"},{"lockerCode":"A73","status":"Libre"},{"lockerCode":"A74","status":"ocupado"},{"lockerCode":"A75","status":"reservado"},{"lockerCode":"A76","status":"ocupado"},{"lockerCode":"A77","status":"deshabilitado"},{"lockerCode":"A78","status":"Libre"},{"lockerCode":"A79","status":"Libre"},{"lockerCode":"A80","status":"Libre"}]},{"module":"B","lockers":[{"lockerCode":"B1","status":"reservado"},{"lockerCode":"B2","status":"Libre"},{"lockerCode":"B3","status":"Libre"},{"lockerCode":"B4","status":"ocupado"},{"lockerCode":"B5","status":"reservado"}]},{"module":"C","lockers":[{"lockerCode":"C1","status":"reservado"},{"lockerCode":"C2","status":"Libre"},{"lockerCode":"C3","status":"Libre"},{"lockerCode":"C4","status":"ocupado"},{"lockerCode":"C5","status":"reservado"},{"lockerCode":"C6","status":"ocupado"},{"lockerCode":"C7","status":"deshabilitado"},{"lockerCode":"C8","status":"Libre"},{"lockerCode":"C9","status":"Libre"},{"lockerCode":"C10","status":"Libre"},{"lockerCode":"C11","status":"reservado"},{"lockerCode":"C12","status":"ocupado"},{"lockerCode":"C13","status":"deshabilitado"},{"lockerCode":"C14","status":"Libre"},{"lockerCode":"C15","status":"Libre"},{"lockerCode":"C16","status":"Libre"}]},{"module":"D","lockers":[{"lockerCode":"D1","status":"reservado"}]},{"module":"E","lockers":[{"lockerCode":"E1","status":"reservado"},{"lockerCode":"E2","status":"Libre"},{"lockerCode":"E3","status":"Libre"},{"lockerCode":"E4","status":"ocupado"},{"lockerCode":"E5","status":"reservado"},{"lockerCode":"E6","status":"ocupado"},{"lockerCode":"E7","status":"deshabilitado"},{"lockerCode":"E8","status":"Libre"},{"lockerCode":"E9","status":"Libre"},{"lockerCode":"E10","status":"Libre"}]},{"module":"F","lockers":[{"lockerCode":"F1","status":"reservado"},{"lockerCode":"F2","status":"Libre"},{"lockerCode":"F3","status":"Libre"},{"lockerCode":"F4","status":"ocupado"},{"lockerCode":"F5","status":"reservado"},{"lockerCode":"F6","status":"ocupado"},{"lockerCode":"F7","status":"deshabilitado"},{"lockerCode":"F8","status":"Libre"},{"lockerCode":"F9","status":"Libre"},{"lockerCode":"F10","status":"Libre"}]}]}
[2025-10-09 00:22:56] [INFO] [main] get-screen-data-once -> 1920x1048 factor=0.97
[2025-10-09 00:22:56] [INFO] [main] [statusLockers] Iniciando petición para obtener casilleros disponibles
[2025-10-09 00:22:56] [INFO] [main] [statusLockers] Timeout efectivo en ejecución: 30000
[2025-10-09 00:22:56] [INFO] [main] [statusLockers] Intento 1: HOST -> http://localhost:8080
[2025-10-09 00:22:56] [INFO] [main] [statusLockers] Intento 1: URL -> /api/lockers/get-all-status
[2025-10-09 00:22:56] [INFO] [main] [copyright] Versión cargada: 1.1.0
[2025-10-09 00:22:56] [INFO] [main] [app] Componente App montado
[2025-10-09 00:22:56] [INFO] [main] [app] Versión cargada: 1.1.0
[2025-10-09 00:22:56] [INFO] [main] [statusLockers] Iniciando petición para obtener casilleros disponibles
[2025-10-09 00:22:56] [INFO] [main] [statusLockers] Timeout efectivo en ejecución: 30000
[2025-10-09 00:22:56] [INFO] [main] [statusLockers] Intento 1: HOST -> http://localhost:8080
[2025-10-09 00:22:56] [INFO] [main] [statusLockers] Intento 1: URL -> /api/lockers/get-all-status
[2025-10-09 00:22:56] [INFO] [main] [copyright] Versión cargada: 1.1.0
[2025-10-09 00:22:56] [INFO] [main] [app] Componente App montado
[2025-10-09 00:22:56] [INFO] [main] [app] Versión cargada: 1.1.0
[2025-10-09 00:22:56] [INFO] [main] [useConfig] Configuración inicial obtenida
[2025-10-09 00:22:56] [INFO] [main] [useConfig] Configuración inicial obtenida
[2025-10-09 00:22:56] [INFO] [main] [useConfig] Configuración inicial obtenida
[2025-10-09 00:22:56] [INFO] [main] [useConfig] Configuración inicial obtenida
[2025-10-09 00:22:56] [INFO] [main] [useConfig] Configuración inicial obtenida
[2025-10-09 00:22:56] [INFO] [main] [useConfig] Configuración inicial obtenida
[2025-10-09 00:22:56] [INFO] [main] [useConfig] Configuración inicial obtenida
[2025-10-09 00:22:56] [INFO] [main] [useConfig] Configuración inicial obtenida
[2025-10-09 00:22:57] [INFO] [main] [statusLockers] Iniciando petición para obtener casilleros disponibles
[2025-10-09 00:22:57] [INFO] [main] [statusLockers] Timeout efectivo en ejecución: 30000
[2025-10-09 00:22:57] [INFO] [main] [statusLockers] Intento 1: HOST -> http://localhost:8080
[2025-10-09 00:22:57] [INFO] [main] [statusLockers] Intento 1: URL -> /api/lockers/get-all-status
[2025-10-09 00:22:57] [INFO] [main] [copyright] Versión cargada: 1.1.0
[2025-10-09 00:22:57] [INFO] [main] [app] Componente App montado
[2025-10-09 00:22:57] [INFO] [main] [app] Versión cargada: 1.1.0
[2025-10-09 00:22:57] [INFO] [main] [statusLockers] Iniciando petición para obtener casilleros disponibles
[2025-10-09 00:22:57] [INFO] [main] [statusLockers] Timeout efectivo en ejecución: 30000
[2025-10-09 00:22:57] [INFO] [main] [statusLockers] Intento 1: HOST -> http://localhost:8080
[2025-10-09 00:22:57] [INFO] [main] [statusLockers] Intento 1: URL -> /api/lockers/get-all-status
[2025-10-09 00:22:57] [INFO] [main] [copyright] Versión cargada: 1.1.0
[2025-10-09 00:22:57] [INFO] [main] [app] Componente App montado
[2025-10-09 00:22:57] [INFO] [main] [app] Versión cargada: 1.1.0
[2025-10-09 00:22:57] [INFO] [main] [statusLockers] Response. Status: 200
[2025-10-09 00:22:57] [INFO] [main] [statusLockers] Response. Data: {"general":[{"status":"ocupado","total":12},{"status":"libre","total":1},{"status":"reservado","total":12},{"status":"deshabilitado","total":6}],"modules":[{"module":"A","lockers":[{"lockerCode":"A1","status":"reservado"},{"lockerCode":"A2","status":"Libre"},{"lockerCode":"A3","status":"Libre"},{"lockerCode":"A4","status":"ocupado"},{"lockerCode":"A5","status":"reservado"},{"lockerCode":"A6","status":"ocupado"},{"lockerCode":"A7","status":"deshabilitado"},{"lockerCode":"A8","status":"Libre"},{"lockerCode":"A9","status":"Libre"},{"lockerCode":"A10","status":"Libre"},{"lockerCode":"A11","status":"reservado"},{"lockerCode":"A12","status":"Libre"},{"lockerCode":"A13","status":"Libre"},{"lockerCode":"A14","status":"ocupado"},{"lockerCode":"A15","status":"reservado"},{"lockerCode":"A16","status":"ocupado"},{"lockerCode":"A17","status":"deshabilitado"},{"lockerCode":"A18","status":"Libre"},{"lockerCode":"A19","status":"Libre"},{"lockerCode":"A20","status":"Libre"},{"lockerCode":"A21","status":"reservado"},{"lockerCode":"A22","status":"Libre"},{"lockerCode":"A23","status":"Libre"},{"lockerCode":"A24","status":"ocupado"},{"lockerCode":"A25","status":"reservado"},{"lockerCode":"A26","status":"ocupado"},{"lockerCode":"A27","status":"deshabilitado"},{"lockerCode":"A28","status":"Libre"},{"lockerCode":"A29","status":"Libre"},{"lockerCode":"A30","status":"Libre"},{"lockerCode":"A31","status":"reservado"},{"lockerCode":"A32","status":"Libre"},{"lockerCode":"A33","status":"Libre"},{"lockerCode":"A34","status":"ocupado"},{"lockerCode":"A35","status":"reservado"},{"lockerCode":"A36","status":"ocupado"},{"lockerCode":"A37","status":"deshabilitado"},{"lockerCode":"A38","status":"Libre"},{"lockerCode":"A39","status":"Libre"},{"lockerCode":"A40","status":"Libre"},{"lockerCode":"A41","status":"reservado"},{"lockerCode":"A42","status":"Libre"},{"lockerCode":"A43","status":"Libre"},{"lockerCode":"A44","status":"ocupado"},{"lockerCode":"A45","status":"reservado"},{"lockerCode":"A46","status":"ocupado"},{"lockerCode":"A47","status":"deshabilitado"},{"lockerCode":"A48","status":"Libre"},{"lockerCode":"A49","status":"Libre"},{"lockerCode":"A50","status":"Libre"},{"lockerCode":"A51","status":"reservado"},{"lockerCode":"A52","status":"Libre"},{"lockerCode":"A53","status":"Libre"},{"lockerCode":"A54","status":"ocupado"},{"lockerCode":"A55","status":"reservado"},{"lockerCode":"A56","status":"ocupado"},{"lockerCode":"A57","status":"deshabilitado"},{"lockerCode":"A58","status":"Libre"},{"lockerCode":"A59","status":"Libre"},{"lockerCode":"A60","status":"Libre"},{"lockerCode":"A61","status":"reservado"},{"lockerCode":"A62","status":"Libre"},{"lockerCode":"A63","status":"Libre"},{"lockerCode":"A64","status":"ocupado"},{"lockerCode":"A65","status":"reservado"},{"lockerCode":"A66","status":"ocupado"},{"lockerCode":"A67","status":"deshabilitado"},{"lockerCode":"A68","status":"Libre"},{"lockerCode":"A69","status":"Libre"},{"lockerCode":"A70","status":"Libre"},{"lockerCode":"A71","status":"reservado"},{"lockerCode":"A72","status":"Libre"},{"lockerCode":"A73","status":"Libre"},{"lockerCode":"A74","status":"ocupado"},{"lockerCode":"A75","status":"reservado"},{"lockerCode":"A76","status":"ocupado"},{"lockerCode":"A77","status":"deshabilitado"},{"lockerCode":"A78","status":"Libre"},{"lockerCode":"A79","status":"Libre"},{"lockerCode":"A80","status":"Libre"}]},{"module":"B","lockers":[{"lockerCode":"B1","status":"reservado"},{"lockerCode":"B2","status":"Libre"},{"lockerCode":"B3","status":"Libre"},{"lockerCode":"B4","status":"ocupado"},{"lockerCode":"B5","status":"reservado"}]},{"module":"C","lockers":[{"lockerCode":"C1","status":"reservado"},{"lockerCode":"C2","status":"Libre"},{"lockerCode":"C3","status":"Libre"},{"lockerCode":"C4","status":"ocupado"},{"lockerCode":"C5","status":"reservado"},{"lockerCode":"C6","status":"ocupado"},{"lockerCode":"C7","status":"deshabilitado"},{"lockerCode":"C8","status":"Libre"},{"lockerCode":"C9","status":"Libre"},{"lockerCode":"C10","status":"Libre"},{"lockerCode":"C11","status":"reservado"},{"lockerCode":"C12","status":"ocupado"},{"lockerCode":"C13","status":"deshabilitado"},{"lockerCode":"C14","status":"Libre"},{"lockerCode":"C15","status":"Libre"},{"lockerCode":"C16","status":"Libre"}]},{"module":"D","lockers":[{"lockerCode":"D1","status":"reservado"}]},{"module":"E","lockers":[{"lockerCode":"E1","status":"reservado"},{"lockerCode":"E2","status":"Libre"},{"lockerCode":"E3","status":"Libre"},{"lockerCode":"E4","status":"ocupado"},{"lockerCode":"E5","status":"reservado"},{"lockerCode":"E6","status":"ocupado"},{"lockerCode":"E7","status":"deshabilitado"},{"lockerCode":"E8","status":"Libre"},{"lockerCode":"E9","status":"Libre"},{"lockerCode":"E10","status":"Libre"}]},{"module":"F","lockers":[{"lockerCode":"F1","status":"reservado"},{"lockerCode":"F2","status":"Libre"},{"lockerCode":"F3","status":"Libre"},{"lockerCode":"F4","status":"ocupado"},{"lockerCode":"F5","status":"reservado"},{"lockerCode":"F6","status":"ocupado"},{"lockerCode":"F7","status":"deshabilitado"},{"lockerCode":"F8","status":"Libre"},{"lockerCode":"F9","status":"Libre"},{"lockerCode":"F10","status":"Libre"}]}]}
[2025-10-09 00:22:57] [INFO] [main] [useConfig] Configuración inicial obtenida
[2025-10-09 00:22:57] [INFO] [main] [useConfig] Configuración inicial obtenida
[2025-10-09 00:22:57] [INFO] [main] [useConfig] Configuración inicial obtenida
[2025-10-09 00:22:57] [INFO] [main] [useConfig] Configuración inicial obtenida
[2025-10-09 00:22:57] [INFO] [main] [useConfig] Configuración inicial obtenida
[2025-10-09 00:22:57] [INFO] [main] [useConfig] Configuración inicial obtenida
[2025-10-09 00:22:57] [INFO] [main] [useConfig] Configuración inicial obtenida
[2025-10-09 00:22:57] [INFO] [main] [useConfig] Configuración inicial obtenida
[2025-10-09 00:22:57] [INFO] [main] Recibido config actualizado
[2025-10-09 00:22:57] [INFO] [main] Recibido auth actualizado
[2025-10-09 00:22:57] [INFO] [main] Recibido logger actualizado
[2025-10-09 00:22:57] [INFO] [main] Recibido env actualizado
[2025-10-09 00:22:57] [INFO] [preload] Inicializando preload.js
[2025-10-09 00:22:57] [INFO] [setupWatcher] Observando archivo setup_config.json en: C:\Users\User\Documents\Personal\LockeritDesk\configFiles\setup_config.json
[2025-10-09 00:22:57] [INFO] [setupWatcher] Archivo setup_config.json cargado correctamente
[2025-10-09 00:22:57] [INFO] [preload] Watcher iniciado: setup_config.json
[2025-10-09 00:22:57] [INFO] [authWatcher] Observando archivo auth_key.json en: C:\Users\User\Documents\Personal\LockeritDesk\configFiles\auth_key.json
[2025-10-09 00:22:57] [INFO] [authWatcher] auth_key.json actualizado correctamente
[2025-10-09 00:22:57] [INFO] [preload] Watcher iniciado: auth_key.json
[2025-10-09 00:22:57] [INFO] [loggerWatcher] Observando archivo logger_config.json en: C:\Users\User\Documents\Personal\LockeritDesk\configFiles\logger_config.json
[2025-10-09 00:22:57] [INFO] [loggerWatcher] Archivo logger_config.json cargado correctamente
[2025-10-09 00:22:57] [INFO] [preload] Watcher iniciado: logger_config.json
[2025-10-09 00:22:57] [INFO] [envWatcher] Observando archivo .env en: C:\Users\User\Documents\Personal\LockeritDesk\configFiles\.env
[2025-10-09 00:22:57] [INFO] [envWatcher] Archivo .env cargado correctamente
[2025-10-09 00:22:57] [INFO] [preload] Watcher iniciado: .env
[2025-10-09 00:22:57] [INFO] [preload] API expuesta en window.electronAPI
[2025-10-09 00:23:02] [INFO] [main] [axiosConfig] API BaseURL Inicial: http://localhost:8080
[2025-10-09 00:23:02] [INFO] [main] [axiosConfig] API BaseTimeout Inicial: 30
[2025-10-09 00:23:02] [INFO] [main] get-screen-data-once -> 1920x1048 factor=0.97
[2025-10-09 00:23:02] [INFO] [main] [configStore] Configuración actualizada
[2025-10-09 00:23:02] [INFO] [main] [configStore] config_key.json inicial cargado exitosamente
[2025-10-09 00:23:02] [INFO] [main] [envStore] ENV inicial cargado correctamente
[2025-10-09 00:23:02] [INFO] [main] [envStore] ENV actualizado
[2025-10-09 00:23:02] [INFO] [main] [axiosConfig] API BaseTimeout actualizada dinámicamente: 30
[2025-10-09 00:23:02] [INFO] [main] [assignLocker] API BaseTimeout actualizada dinámicamente: 30
[2025-10-09 00:23:02] [INFO] [main] [authStore] Auth actualizado
[2025-10-09 00:23:02] [INFO] [main] [authStore] auth_key.json inicial cargado exitosamente
[2025-10-09 00:23:03] [INFO] [main] [statusLockers] Iniciando petición para obtener casilleros disponibles
[2025-10-09 00:23:03] [INFO] [main] [statusLockers] Timeout efectivo en ejecución: 30000
[2025-10-09 00:23:03] [INFO] [main] [statusLockers] Intento 1: HOST -> http://localhost:8080
[2025-10-09 00:23:03] [INFO] [main] [statusLockers] Intento 1: URL -> /api/lockers/get-all-status
[2025-10-09 00:23:03] [INFO] [main] [copyright] Versión cargada: 1.1.0
[2025-10-09 00:23:03] [INFO] [main] [app] Componente App montado
[2025-10-09 00:23:03] [INFO] [main] [app] Versión cargada: 1.1.0
[2025-10-09 00:23:03] [INFO] [main] [statusLockers] Iniciando petición para obtener casilleros disponibles
[2025-10-09 00:23:03] [INFO] [main] [statusLockers] Timeout efectivo en ejecución: 30000
[2025-10-09 00:23:03] [INFO] [main] [statusLockers] Intento 1: HOST -> http://localhost:8080
[2025-10-09 00:23:03] [INFO] [main] [statusLockers] Intento 1: URL -> /api/lockers/get-all-status
[2025-10-09 00:23:03] [INFO] [main] [copyright] Versión cargada: 1.1.0
[2025-10-09 00:23:03] [INFO] [main] [app] Componente App montado
[2025-10-09 00:23:03] [INFO] [main] [app] Versión cargada: 1.1.0
[2025-10-09 00:23:03] [INFO] [main] [useConfig] Configuración inicial obtenida
[2025-10-09 00:23:03] [INFO] [main] [useConfig] Configuración inicial obtenida
[2025-10-09 00:23:03] [INFO] [main] [useConfig] Configuración inicial obtenida
[2025-10-09 00:23:03] [INFO] [main] [useConfig] Configuración inicial obtenida
[2025-10-09 00:23:03] [INFO] [main] [useConfig] Configuración inicial obtenida
[2025-10-09 00:23:03] [INFO] [main] [useConfig] Configuración inicial obtenida
[2025-10-09 00:23:03] [INFO] [main] [useConfig] Configuración inicial obtenida
[2025-10-09 00:23:03] [INFO] [main] [useConfig] Configuración inicial obtenida
[2025-10-09 00:23:04] [INFO] [main] [statusLockers] Response. Status: 200
[2025-10-09 00:23:04] [INFO] [main] [statusLockers] Response. Data: {"general":[{"status":"ocupado","total":12},{"status":"libre","total":1},{"status":"reservado","total":12},{"status":"deshabilitado","total":6}],"modules":[{"module":"A","lockers":[{"lockerCode":"A1","status":"reservado"},{"lockerCode":"A2","status":"Libre"},{"lockerCode":"A3","status":"Libre"},{"lockerCode":"A4","status":"ocupado"},{"lockerCode":"A5","status":"reservado"},{"lockerCode":"A6","status":"ocupado"},{"lockerCode":"A7","status":"deshabilitado"},{"lockerCode":"A8","status":"Libre"},{"lockerCode":"A9","status":"Libre"},{"lockerCode":"A10","status":"Libre"},{"lockerCode":"A11","status":"reservado"},{"lockerCode":"A12","status":"Libre"},{"lockerCode":"A13","status":"Libre"},{"lockerCode":"A14","status":"ocupado"},{"lockerCode":"A15","status":"reservado"},{"lockerCode":"A16","status":"ocupado"},{"lockerCode":"A17","status":"deshabilitado"},{"lockerCode":"A18","status":"Libre"},{"lockerCode":"A19","status":"Libre"},{"lockerCode":"A20","status":"Libre"},{"lockerCode":"A21","status":"reservado"},{"lockerCode":"A22","status":"Libre"},{"lockerCode":"A23","status":"Libre"},{"lockerCode":"A24","status":"ocupado"},{"lockerCode":"A25","status":"reservado"},{"lockerCode":"A26","status":"ocupado"},{"lockerCode":"A27","status":"deshabilitado"},{"lockerCode":"A28","status":"Libre"},{"lockerCode":"A29","status":"Libre"},{"lockerCode":"A30","status":"Libre"},{"lockerCode":"A31","status":"reservado"},{"lockerCode":"A32","status":"Libre"},{"lockerCode":"A33","status":"Libre"},{"lockerCode":"A34","status":"ocupado"},{"lockerCode":"A35","status":"reservado"},{"lockerCode":"A36","status":"ocupado"},{"lockerCode":"A37","status":"deshabilitado"},{"lockerCode":"A38","status":"Libre"},{"lockerCode":"A39","status":"Libre"},{"lockerCode":"A40","status":"Libre"},{"lockerCode":"A41","status":"reservado"},{"lockerCode":"A42","status":"Libre"},{"lockerCode":"A43","status":"Libre"},{"lockerCode":"A44","status":"ocupado"},{"lockerCode":"A45","status":"reservado"},{"lockerCode":"A46","status":"ocupado"},{"lockerCode":"A47","status":"deshabilitado"},{"lockerCode":"A48","status":"Libre"},{"lockerCode":"A49","status":"Libre"},{"lockerCode":"A50","status":"Libre"},{"lockerCode":"A51","status":"reservado"},{"lockerCode":"A52","status":"Libre"},{"lockerCode":"A53","status":"Libre"},{"lockerCode":"A54","status":"ocupado"},{"lockerCode":"A55","status":"reservado"},{"lockerCode":"A56","status":"ocupado"},{"lockerCode":"A57","status":"deshabilitado"},{"lockerCode":"A58","status":"Libre"},{"lockerCode":"A59","status":"Libre"},{"lockerCode":"A60","status":"Libre"},{"lockerCode":"A61","status":"reservado"},{"lockerCode":"A62","status":"Libre"},{"lockerCode":"A63","status":"Libre"},{"lockerCode":"A64","status":"ocupado"},{"lockerCode":"A65","status":"reservado"},{"lockerCode":"A66","status":"ocupado"},{"lockerCode":"A67","status":"deshabilitado"},{"lockerCode":"A68","status":"Libre"},{"lockerCode":"A69","status":"Libre"},{"lockerCode":"A70","status":"Libre"},{"lockerCode":"A71","status":"reservado"},{"lockerCode":"A72","status":"Libre"},{"lockerCode":"A73","status":"Libre"},{"lockerCode":"A74","status":"ocupado"},{"lockerCode":"A75","status":"reservado"},{"lockerCode":"A76","status":"ocupado"},{"lockerCode":"A77","status":"deshabilitado"},{"lockerCode":"A78","status":"Libre"},{"lockerCode":"A79","status":"Libre"},{"lockerCode":"A80","status":"Libre"}]},{"module":"B","lockers":[{"lockerCode":"B1","status":"reservado"},{"lockerCode":"B2","status":"Libre"},{"lockerCode":"B3","status":"Libre"},{"lockerCode":"B4","status":"ocupado"},{"lockerCode":"B5","status":"reservado"}]},{"module":"C","lockers":[{"lockerCode":"C1","status":"reservado"},{"lockerCode":"C2","status":"Libre"},{"lockerCode":"C3","status":"Libre"},{"lockerCode":"C4","status":"ocupado"},{"lockerCode":"C5","status":"reservado"},{"lockerCode":"C6","status":"ocupado"},{"lockerCode":"C7","status":"deshabilitado"},{"lockerCode":"C8","status":"Libre"},{"lockerCode":"C9","status":"Libre"},{"lockerCode":"C10","status":"Libre"},{"lockerCode":"C11","status":"reservado"},{"lockerCode":"C12","status":"ocupado"},{"lockerCode":"C13","status":"deshabilitado"},{"lockerCode":"C14","status":"Libre"},{"lockerCode":"C15","status":"Libre"},{"lockerCode":"C16","status":"Libre"}]},{"module":"D","lockers":[{"lockerCode":"D1","status":"reservado"}]},{"module":"E","lockers":[{"lockerCode":"E1","status":"reservado"},{"lockerCode":"E2","status":"Libre"},{"lockerCode":"E3","status":"Libre"},{"lockerCode":"E4","status":"ocupado"},{"lockerCode":"E5","status":"reservado"},{"lockerCode":"E6","status":"ocupado"},{"lockerCode":"E7","status":"deshabilitado"},{"lockerCode":"E8","status":"Libre"},{"lockerCode":"E9","status":"Libre"},{"lockerCode":"E10","status":"Libre"}]},{"module":"F","lockers":[{"lockerCode":"F1","status":"reservado"},{"lockerCode":"F2","status":"Libre"},{"lockerCode":"F3","status":"Libre"},{"lockerCode":"F4","status":"ocupado"},{"lockerCode":"F5","status":"reservado"},{"lockerCode":"F6","status":"ocupado"},{"lockerCode":"F7","status":"deshabilitado"},{"lockerCode":"F8","status":"Libre"},{"lockerCode":"F9","status":"Libre"},{"lockerCode":"F10","status":"Libre"}]}]}
[2025-10-09 00:23:04] [INFO] [main] [statusLockers] Response. Status: 200
[2025-10-09 00:23:04] [INFO] [main] [statusLockers] Response. Data: {"general":[{"status":"ocupado","total":12},{"status":"libre","total":1},{"status":"reservado","total":12},{"status":"deshabilitado","total":6}],"modules":[{"module":"A","lockers":[{"lockerCode":"A1","status":"reservado"},{"lockerCode":"A2","status":"Libre"},{"lockerCode":"A3","status":"Libre"},{"lockerCode":"A4","status":"ocupado"},{"lockerCode":"A5","status":"reservado"},{"lockerCode":"A6","status":"ocupado"},{"lockerCode":"A7","status":"deshabilitado"},{"lockerCode":"A8","status":"Libre"},{"lockerCode":"A9","status":"Libre"},{"lockerCode":"A10","status":"Libre"},{"lockerCode":"A11","status":"reservado"},{"lockerCode":"A12","status":"Libre"},{"lockerCode":"A13","status":"Libre"},{"lockerCode":"A14","status":"ocupado"},{"lockerCode":"A15","status":"reservado"},{"lockerCode":"A16","status":"ocupado"},{"lockerCode":"A17","status":"deshabilitado"},{"lockerCode":"A18","status":"Libre"},{"lockerCode":"A19","status":"Libre"},{"lockerCode":"A20","status":"Libre"},{"lockerCode":"A21","status":"reservado"},{"lockerCode":"A22","status":"Libre"},{"lockerCode":"A23","status":"Libre"},{"lockerCode":"A24","status":"ocupado"},{"lockerCode":"A25","status":"reservado"},{"lockerCode":"A26","status":"ocupado"},{"lockerCode":"A27","status":"deshabilitado"},{"lockerCode":"A28","status":"Libre"},{"lockerCode":"A29","status":"Libre"},{"lockerCode":"A30","status":"Libre"},{"lockerCode":"A31","status":"reservado"},{"lockerCode":"A32","status":"Libre"},{"lockerCode":"A33","status":"Libre"},{"lockerCode":"A34","status":"ocupado"},{"lockerCode":"A35","status":"reservado"},{"lockerCode":"A36","status":"ocupado"},{"lockerCode":"A37","status":"deshabilitado"},{"lockerCode":"A38","status":"Libre"},{"lockerCode":"A39","status":"Libre"},{"lockerCode":"A40","status":"Libre"},{"lockerCode":"A41","status":"reservado"},{"lockerCode":"A42","status":"Libre"},{"lockerCode":"A43","status":"Libre"},{"lockerCode":"A44","status":"ocupado"},{"lockerCode":"A45","status":"reservado"},{"lockerCode":"A46","status":"ocupado"},{"lockerCode":"A47","status":"deshabilitado"},{"lockerCode":"A48","status":"Libre"},{"lockerCode":"A49","status":"Libre"},{"lockerCode":"A50","status":"Libre"},{"lockerCode":"A51","status":"reservado"},{"lockerCode":"A52","status":"Libre"},{"lockerCode":"A53","status":"Libre"},{"lockerCode":"A54","status":"ocupado"},{"lockerCode":"A55","status":"reservado"},{"lockerCode":"A56","status":"ocupado"},{"lockerCode":"A57","status":"deshabilitado"},{"lockerCode":"A58","status":"Libre"},{"lockerCode":"A59","status":"Libre"},{"lockerCode":"A60","status":"Libre"},{"lockerCode":"A61","status":"reservado"},{"lockerCode":"A62","status":"Libre"},{"lockerCode":"A63","status":"Libre"},{"lockerCode":"A64","status":"ocupado"},{"lockerCode":"A65","status":"reservado"},{"lockerCode":"A66","status":"ocupado"},{"lockerCode":"A67","status":"deshabilitado"},{"lockerCode":"A68","status":"Libre"},{"lockerCode":"A69","status":"Libre"},{"lockerCode":"A70","status":"Libre"},{"lockerCode":"A71","status":"reservado"},{"lockerCode":"A72","status":"Libre"},{"lockerCode":"A73","status":"Libre"},{"lockerCode":"A74","status":"ocupado"},{"lockerCode":"A75","status":"reservado"},{"lockerCode":"A76","status":"ocupado"},{"lockerCode":"A77","status":"deshabilitado"},{"lockerCode":"A78","status":"Libre"},{"lockerCode":"A79","status":"Libre"},{"lockerCode":"A80","status":"Libre"}]},{"module":"B","lockers":[{"lockerCode":"B1","status":"reservado"},{"lockerCode":"B2","status":"Libre"},{"lockerCode":"B3","status":"Libre"},{"lockerCode":"B4","status":"ocupado"},{"lockerCode":"B5","status":"reservado"}]},{"module":"C","lockers":[{"lockerCode":"C1","status":"reservado"},{"lockerCode":"C2","status":"Libre"},{"lockerCode":"C3","status":"Libre"},{"lockerCode":"C4","status":"ocupado"},{"lockerCode":"C5","status":"reservado"},{"lockerCode":"C6","status":"ocupado"},{"lockerCode":"C7","status":"deshabilitado"},{"lockerCode":"C8","status":"Libre"},{"lockerCode":"C9","status":"Libre"},{"lockerCode":"C10","status":"Libre"},{"lockerCode":"C11","status":"reservado"},{"lockerCode":"C12","status":"ocupado"},{"lockerCode":"C13","status":"deshabilitado"},{"lockerCode":"C14","status":"Libre"},{"lockerCode":"C15","status":"Libre"},{"lockerCode":"C16","status":"Libre"}]},{"module":"D","lockers":[{"lockerCode":"D1","status":"reservado"}]},{"module":"E","lockers":[{"lockerCode":"E1","status":"reservado"},{"lockerCode":"E2","status":"Libre"},{"lockerCode":"E3","status":"Libre"},{"lockerCode":"E4","status":"ocupado"},{"lockerCode":"E5","status":"reservado"},{"lockerCode":"E6","status":"ocupado"},{"lockerCode":"E7","status":"deshabilitado"},{"lockerCode":"E8","status":"Libre"},{"lockerCode":"E9","status":"Libre"},{"lockerCode":"E10","status":"Libre"}]},{"module":"F","lockers":[{"lockerCode":"F1","status":"reservado"},{"lockerCode":"F2","status":"Libre"},{"lockerCode":"F3","status":"Libre"},{"lockerCode":"F4","status":"ocupado"},{"lockerCode":"F5","status":"reservado"},{"lockerCode":"F6","status":"ocupado"},{"lockerCode":"F7","status":"deshabilitado"},{"lockerCode":"F8","status":"Libre"},{"lockerCode":"F9","status":"Libre"},{"lockerCode":"F10","status":"Libre"}]}]}
[2025-10-09 00:46:05] [INFO] [main] Iniciando aplicación Electron
[2025-10-09 00:46:05] [INFO] [main] .env cargado desde C:\Users\User\Documents\Personal\LockeritDesk\configFiles\.env
[2025-10-09 00:46:06] [INFO] [main] App lista, creando ventana...
[2025-10-09 00:46:06] [INFO] [main] Creando ventana principal...
[2025-10-09 00:46:06] [INFO] [main] Cargando URL: http://localhost:5173
[2025-10-09 00:46:06] [INFO] [main] Recibido config actualizado
[2025-10-09 00:46:06] [INFO] [preload] Inicializando preload.js
[2025-10-09 00:46:06] [INFO] [setupWatcher] Observando archivo setup_config.json en: C:\Users\User\Documents\Personal\LockeritDesk\configFiles\setup_config.json
[2025-10-09 00:46:06] [INFO] [setupWatcher] Archivo setup_config.json cargado correctamente
[2025-10-09 00:46:06] [INFO] [preload] Watcher iniciado: setup_config.json
[2025-10-09 00:46:06] [INFO] [authWatcher] Observando archivo auth_key.json en: C:\Users\User\Documents\Personal\LockeritDesk\configFiles\auth_key.json
[2025-10-09 00:46:06] [INFO] [authWatcher] auth_key.json actualizado correctamente
[2025-10-09 00:46:06] [INFO] [preload] Watcher iniciado: auth_key.json
[2025-10-09 00:46:06] [INFO] [loggerWatcher] Observando archivo logger_config.json en: C:\Users\User\Documents\Personal\LockeritDesk\configFiles\logger_config.json
[2025-10-09 00:46:06] [INFO] [loggerWatcher] Archivo logger_config.json cargado correctamente
[2025-10-09 00:46:06] [INFO] [preload] Watcher iniciado: logger_config.json
[2025-10-09 00:46:06] [INFO] [envWatcher] Observando archivo .env en: C:\Users\User\Documents\Personal\LockeritDesk\configFiles\.env
[2025-10-09 00:46:06] [INFO] [envWatcher] Archivo .env cargado correctamente
[2025-10-09 00:46:06] [INFO] [preload] Watcher iniciado: .env
[2025-10-09 00:46:06] [INFO] [preload] API expuesta en window.electronAPI
[2025-10-09 00:46:06] [INFO] [main] Recibido auth actualizado
[2025-10-09 00:46:06] [INFO] [main] Recibido logger actualizado
[2025-10-09 00:46:06] [INFO] [main] Recibido env actualizado
[2025-10-09 00:46:33] [INFO] [setupWatcher] Archivo setup_config.json cargado correctamente
[2025-10-09 00:46:33] [INFO] [main] Recibido config actualizado
[2025-10-09 00:46:33] [INFO] [setupWatcher] Archivo setup_config.json cargado correctamente
[2025-10-09 00:46:33] [INFO] [main] Recibido config actualizado
[2025-10-09 00:46:33] [INFO] [main] Recibido config actualizado
[2025-10-09 00:46:33] [INFO] [setupWatcher] Archivo setup_config.json cargado correctamente
[2025-10-09 00:46:33] [INFO] [setupWatcher] Archivo setup_config.json cargado correctamente
[2025-10-09 00:46:33] [INFO] [main] Recibido config actualizado
[2025-10-09 00:46:36] [INFO] [main] [axiosConfig] API BaseURL Inicial: http://localhost:8080
[2025-10-09 00:46:36] [INFO] [main] [axiosConfig] API BaseTimeout Inicial: 30
[2025-10-09 00:46:36] [INFO] [main] [configStore] Configuración actualizada
[2025-10-09 00:46:36] [INFO] [main] [configStore] config_key.json inicial cargado exitosamente
[2025-10-09 00:46:36] [INFO] [main] [envStore] ENV inicial cargado correctamente
[2025-10-09 00:46:36] [INFO] [main] [envStore] ENV actualizado
[2025-10-09 00:46:36] [INFO] [main] [axiosConfig] API BaseTimeout actualizada dinámicamente: 30
[2025-10-09 00:46:36] [INFO] [main] [assignLocker] API BaseTimeout actualizada dinámicamente: 30
[2025-10-09 00:46:36] [INFO] [main] [authStore] Auth actualizado
[2025-10-09 00:46:36] [INFO] [main] [authStore] auth_key.json inicial cargado exitosamente
[2025-10-09 00:46:36] [INFO] [main] CSP cambió, enviando al renderer
[2025-10-09 00:46:36] [INFO] [main] Recibido config actualizado
[2025-10-09 00:46:36] [INFO] [main] Recibido auth actualizado
[2025-10-09 00:46:36] [INFO] [main] Recibido logger actualizado
[2025-10-09 00:46:36] [INFO] [main] Recibido env actualizado
[2025-10-09 00:46:36] [INFO] [preload] Inicializando preload.js
[2025-10-09 00:46:36] [INFO] [setupWatcher] Observando archivo setup_config.json en: C:\Users\User\Documents\Personal\LockeritDesk\configFiles\setup_config.json
[2025-10-09 00:46:36] [INFO] [setupWatcher] Archivo setup_config.json cargado correctamente
[2025-10-09 00:46:36] [INFO] [preload] Watcher iniciado: setup_config.json
[2025-10-09 00:46:36] [INFO] [authWatcher] Observando archivo auth_key.json en: C:\Users\User\Documents\Personal\LockeritDesk\configFiles\auth_key.json
[2025-10-09 00:46:36] [INFO] [authWatcher] auth_key.json actualizado correctamente
[2025-10-09 00:46:36] [INFO] [preload] Watcher iniciado: auth_key.json
[2025-10-09 00:46:36] [INFO] [loggerWatcher] Observando archivo logger_config.json en: C:\Users\User\Documents\Personal\LockeritDesk\configFiles\logger_config.json
[2025-10-09 00:46:36] [INFO] [loggerWatcher] Archivo logger_config.json cargado correctamente
[2025-10-09 00:46:36] [INFO] [preload] Watcher iniciado: logger_config.json
[2025-10-09 00:46:36] [INFO] [envWatcher] Observando archivo .env en: C:\Users\User\Documents\Personal\LockeritDesk\configFiles\.env
[2025-10-09 00:46:36] [INFO] [envWatcher] Archivo .env cargado correctamente
[2025-10-09 00:46:36] [INFO] [preload] Watcher iniciado: .env
[2025-10-09 00:46:36] [INFO] [preload] API expuesta en window.electronAPI
[2025-10-09 00:46:37] [INFO] [main] [axiosConfig] API BaseURL Inicial: http://localhost:8080
[2025-10-09 00:46:37] [INFO] [main] [axiosConfig] API BaseTimeout Inicial: 30
[2025-10-09 00:46:37] [INFO] [main] get-screen-data-once -> 1920x1048 factor=0.97
[2025-10-09 00:46:37] [INFO] [main] get-screen-data-once -> 1920x1048 factor=0.97
[2025-10-09 00:46:37] [INFO] [main] [configStore] Configuración actualizada
[2025-10-09 00:46:37] [INFO] [main] [configStore] config_key.json inicial cargado exitosamente
[2025-10-09 00:46:37] [INFO] [main] [envStore] ENV inicial cargado correctamente
[2025-10-09 00:46:37] [INFO] [main] [envStore] ENV actualizado
[2025-10-09 00:46:37] [INFO] [main] [axiosConfig] API BaseTimeout actualizada dinámicamente: 30
[2025-10-09 00:46:37] [INFO] [main] [assignLocker] API BaseTimeout actualizada dinámicamente: 30
[2025-10-09 00:46:37] [INFO] [main] [authStore] Auth actualizado
[2025-10-09 00:46:37] [INFO] [main] [authStore] auth_key.json inicial cargado exitosamente
[2025-10-09 00:46:37] [INFO] [main] [login] Usuario autenticado en sesión principal, redirigiendo a /adminlockers
[2025-10-09 00:46:37] [INFO] [main] [copyright] Versión cargada: 1.1.0
[2025-10-09 00:46:37] [INFO] [main] [app] Componente App montado
[2025-10-09 00:46:37] [INFO] [main] [app] Versión cargada: 1.1.0
[2025-10-09 00:46:37] [INFO] [main] [copyright] Versión cargada: 1.1.0
[2025-10-09 00:46:37] [INFO] [main] [app] Componente App montado
[2025-10-09 00:46:37] [INFO] [main] [app] Versión cargada: 1.1.0
[2025-10-09 00:46:37] [INFO] [main] [useConfig] Configuración inicial obtenida
[2025-10-09 00:46:37] [INFO] [main] [useConfig] Configuración inicial obtenida
[2025-10-09 00:46:37] [INFO] [main] [useConfig] Configuración inicial obtenida
[2025-10-09 00:46:37] [INFO] [main] [useConfig] Configuración inicial obtenida
[2025-10-09 00:46:37] [INFO] [main] [useConfig] Configuración inicial obtenida
[2025-10-09 00:46:37] [INFO] [main] [useConfig] Configuración inicial obtenida
[2025-10-09 00:46:37] [INFO] [main] [app] [Scheduler] Config cambió → reseteando localStorage
[2025-10-09 00:46:37] [INFO] [main] [scheduleReport] [daily] Primera inicialización — se calcula próximo target: 2025-10-09 00:48:00
[2025-10-09 00:46:38] [INFO] [main] [statusLockers] Iniciando petición para obtener casilleros disponibles
[2025-10-09 00:46:38] [INFO] [main] [statusLockers] Timeout efectivo en ejecución: 30000
[2025-10-09 00:46:38] [INFO] [main] [statusLockers] Intento 1: HOST -> http://localhost:8080
[2025-10-09 00:46:38] [INFO] [main] [statusLockers] Intento 1: URL -> /api/lockers/get-all-status
[2025-10-09 00:46:38] [INFO] [main] [statusLockers] Iniciando petición para obtener casilleros disponibles
[2025-10-09 00:46:38] [INFO] [main] [statusLockers] Timeout efectivo en ejecución: 30000
[2025-10-09 00:46:38] [INFO] [main] [statusLockers] Intento 1: HOST -> http://localhost:8080
[2025-10-09 00:46:38] [INFO] [main] [statusLockers] Intento 1: URL -> /api/lockers/get-all-status
[2025-10-09 00:46:38] [INFO] [main] [useConfig] Configuración inicial obtenida
[2025-10-09 00:46:38] [INFO] [main] [useConfig] Configuración inicial obtenida
[2025-10-09 00:46:38] [INFO] [main] [useConfig] Configuración inicial obtenida
[2025-10-09 00:46:38] [INFO] [main] [useConfig] Configuración inicial obtenida
[2025-10-09 00:46:39] [INFO] [main] [statusLockers] Response. Status: 200
[2025-10-09 00:46:39] [INFO] [main] [statusLockers] Response. Data: {"general":[{"status":"ocupado","total":12},{"status":"libre","total":1},{"status":"reservado","total":12},{"status":"deshabilitado","total":6}],"modules":[{"module":"A","lockers":[{"lockerCode":"A1","status":"reservado"},{"lockerCode":"A2","status":"Libre"},{"lockerCode":"A3","status":"Libre"},{"lockerCode":"A4","status":"ocupado"},{"lockerCode":"A5","status":"reservado"},{"lockerCode":"A6","status":"ocupado"},{"lockerCode":"A7","status":"deshabilitado"},{"lockerCode":"A8","status":"Libre"},{"lockerCode":"A9","status":"Libre"},{"lockerCode":"A10","status":"Libre"},{"lockerCode":"A11","status":"reservado"},{"lockerCode":"A12","status":"Libre"},{"lockerCode":"A13","status":"Libre"},{"lockerCode":"A14","status":"ocupado"},{"lockerCode":"A15","status":"reservado"},{"lockerCode":"A16","status":"ocupado"},{"lockerCode":"A17","status":"deshabilitado"},{"lockerCode":"A18","status":"Libre"},{"lockerCode":"A19","status":"Libre"},{"lockerCode":"A20","status":"Libre"},{"lockerCode":"A21","status":"reservado"},{"lockerCode":"A22","status":"Libre"},{"lockerCode":"A23","status":"Libre"},{"lockerCode":"A24","status":"ocupado"},{"lockerCode":"A25","status":"reservado"},{"lockerCode":"A26","status":"ocupado"},{"lockerCode":"A27","status":"deshabilitado"},{"lockerCode":"A28","status":"Libre"},{"lockerCode":"A29","status":"Libre"},{"lockerCode":"A30","status":"Libre"},{"lockerCode":"A31","status":"reservado"},{"lockerCode":"A32","status":"Libre"},{"lockerCode":"A33","status":"Libre"},{"lockerCode":"A34","status":"ocupado"},{"lockerCode":"A35","status":"reservado"},{"lockerCode":"A36","status":"ocupado"},{"lockerCode":"A37","status":"deshabilitado"},{"lockerCode":"A38","status":"Libre"},{"lockerCode":"A39","status":"Libre"},{"lockerCode":"A40","status":"Libre"},{"lockerCode":"A41","status":"reservado"},{"lockerCode":"A42","status":"Libre"},{"lockerCode":"A43","status":"Libre"},{"lockerCode":"A44","status":"ocupado"},{"lockerCode":"A45","status":"reservado"},{"lockerCode":"A46","status":"ocupado"},{"lockerCode":"A47","status":"deshabilitado"},{"lockerCode":"A48","status":"Libre"},{"lockerCode":"A49","status":"Libre"},{"lockerCode":"A50","status":"Libre"},{"lockerCode":"A51","status":"reservado"},{"lockerCode":"A52","status":"Libre"},{"lockerCode":"A53","status":"Libre"},{"lockerCode":"A54","status":"ocupado"},{"lockerCode":"A55","status":"reservado"},{"lockerCode":"A56","status":"ocupado"},{"lockerCode":"A57","status":"deshabilitado"},{"lockerCode":"A58","status":"Libre"},{"lockerCode":"A59","status":"Libre"},{"lockerCode":"A60","status":"Libre"},{"lockerCode":"A61","status":"reservado"},{"lockerCode":"A62","status":"Libre"},{"lockerCode":"A63","status":"Libre"},{"lockerCode":"A64","status":"ocupado"},{"lockerCode":"A65","status":"reservado"},{"lockerCode":"A66","status":"ocupado"},{"lockerCode":"A67","status":"deshabilitado"},{"lockerCode":"A68","status":"Libre"},{"lockerCode":"A69","status":"Libre"},{"lockerCode":"A70","status":"Libre"},{"lockerCode":"A71","status":"reservado"},{"lockerCode":"A72","status":"Libre"},{"lockerCode":"A73","status":"Libre"},{"lockerCode":"A74","status":"ocupado"},{"lockerCode":"A75","status":"reservado"},{"lockerCode":"A76","status":"ocupado"},{"lockerCode":"A77","status":"deshabilitado"},{"lockerCode":"A78","status":"Libre"},{"lockerCode":"A79","status":"Libre"},{"lockerCode":"A80","status":"Libre"}]},{"module":"B","lockers":[{"lockerCode":"B1","status":"reservado"},{"lockerCode":"B2","status":"Libre"},{"lockerCode":"B3","status":"Libre"},{"lockerCode":"B4","status":"ocupado"},{"lockerCode":"B5","status":"reservado"}]},{"module":"C","lockers":[{"lockerCode":"C1","status":"reservado"},{"lockerCode":"C2","status":"Libre"},{"lockerCode":"C3","status":"Libre"},{"lockerCode":"C4","status":"ocupado"},{"lockerCode":"C5","status":"reservado"},{"lockerCode":"C6","status":"ocupado"},{"lockerCode":"C7","status":"deshabilitado"},{"lockerCode":"C8","status":"Libre"},{"lockerCode":"C9","status":"Libre"},{"lockerCode":"C10","status":"Libre"},{"lockerCode":"C11","status":"reservado"},{"lockerCode":"C12","status":"ocupado"},{"lockerCode":"C13","status":"deshabilitado"},{"lockerCode":"C14","status":"Libre"},{"lockerCode":"C15","status":"Libre"},{"lockerCode":"C16","status":"Libre"}]},{"module":"D","lockers":[{"lockerCode":"D1","status":"reservado"}]},{"module":"E","lockers":[{"lockerCode":"E1","status":"reservado"},{"lockerCode":"E2","status":"Libre"},{"lockerCode":"E3","status":"Libre"},{"lockerCode":"E4","status":"ocupado"},{"lockerCode":"E5","status":"reservado"},{"lockerCode":"E6","status":"ocupado"},{"lockerCode":"E7","status":"deshabilitado"},{"lockerCode":"E8","status":"Libre"},{"lockerCode":"E9","status":"Libre"},{"lockerCode":"E10","status":"Libre"}]},{"module":"F","lockers":[{"lockerCode":"F1","status":"reservado"},{"lockerCode":"F2","status":"Libre"},{"lockerCode":"F3","status":"Libre"},{"lockerCode":"F4","status":"ocupado"},{"lockerCode":"F5","status":"reservado"},{"lockerCode":"F6","status":"ocupado"},{"lockerCode":"F7","status":"deshabilitado"},{"lockerCode":"F8","status":"Libre"},{"lockerCode":"F9","status":"Libre"},{"lockerCode":"F10","status":"Libre"}]}]}
[2025-10-09 00:46:39] [INFO] [main] [scheduleReport] [daily] Primera inicialización — se calcula próximo target: 2025-10-09 00:48:00
[2025-10-09 00:46:39] [INFO] [main] [statusLockers] Response. Status: 200
[2025-10-09 00:46:39] [INFO] [main] [statusLockers] Response. Data: {"general":[{"status":"ocupado","total":12},{"status":"libre","total":1},{"status":"reservado","total":12},{"status":"deshabilitado","total":6}],"modules":[{"module":"A","lockers":[{"lockerCode":"A1","status":"reservado"},{"lockerCode":"A2","status":"Libre"},{"lockerCode":"A3","status":"Libre"},{"lockerCode":"A4","status":"ocupado"},{"lockerCode":"A5","status":"reservado"},{"lockerCode":"A6","status":"ocupado"},{"lockerCode":"A7","status":"deshabilitado"},{"lockerCode":"A8","status":"Libre"},{"lockerCode":"A9","status":"Libre"},{"lockerCode":"A10","status":"Libre"},{"lockerCode":"A11","status":"reservado"},{"lockerCode":"A12","status":"Libre"},{"lockerCode":"A13","status":"Libre"},{"lockerCode":"A14","status":"ocupado"},{"lockerCode":"A15","status":"reservado"},{"lockerCode":"A16","status":"ocupado"},{"lockerCode":"A17","status":"deshabilitado"},{"lockerCode":"A18","status":"Libre"},{"lockerCode":"A19","status":"Libre"},{"lockerCode":"A20","status":"Libre"},{"lockerCode":"A21","status":"reservado"},{"lockerCode":"A22","status":"Libre"},{"lockerCode":"A23","status":"Libre"},{"lockerCode":"A24","status":"ocupado"},{"lockerCode":"A25","status":"reservado"},{"lockerCode":"A26","status":"ocupado"},{"lockerCode":"A27","status":"deshabilitado"},{"lockerCode":"A28","status":"Libre"},{"lockerCode":"A29","status":"Libre"},{"lockerCode":"A30","status":"Libre"},{"lockerCode":"A31","status":"reservado"},{"lockerCode":"A32","status":"Libre"},{"lockerCode":"A33","status":"Libre"},{"lockerCode":"A34","status":"ocupado"},{"lockerCode":"A35","status":"reservado"},{"lockerCode":"A36","status":"ocupado"},{"lockerCode":"A37","status":"deshabilitado"},{"lockerCode":"A38","status":"Libre"},{"lockerCode":"A39","status":"Libre"},{"lockerCode":"A40","status":"Libre"},{"lockerCode":"A41","status":"reservado"},{"lockerCode":"A42","status":"Libre"},{"lockerCode":"A43","status":"Libre"},{"lockerCode":"A44","status":"ocupado"},{"lockerCode":"A45","status":"reservado"},{"lockerCode":"A46","status":"ocupado"},{"lockerCode":"A47","status":"deshabilitado"},{"lockerCode":"A48","status":"Libre"},{"lockerCode":"A49","status":"Libre"},{"lockerCode":"A50","status":"Libre"},{"lockerCode":"A51","status":"reservado"},{"lockerCode":"A52","status":"Libre"},{"lockerCode":"A53","status":"Libre"},{"lockerCode":"A54","status":"ocupado"},{"lockerCode":"A55","status":"reservado"},{"lockerCode":"A56","status":"ocupado"},{"lockerCode":"A57","status":"deshabilitado"},{"lockerCode":"A58","status":"Libre"},{"lockerCode":"A59","status":"Libre"},{"lockerCode":"A60","status":"Libre"},{"lockerCode":"A61","status":"reservado"},{"lockerCode":"A62","status":"Libre"},{"lockerCode":"A63","status":"Libre"},{"lockerCode":"A64","status":"ocupado"},{"lockerCode":"A65","status":"reservado"},{"lockerCode":"A66","status":"ocupado"},{"lockerCode":"A67","status":"deshabilitado"},{"lockerCode":"A68","status":"Libre"},{"lockerCode":"A69","status":"Libre"},{"lockerCode":"A70","status":"Libre"},{"lockerCode":"A71","status":"reservado"},{"lockerCode":"A72","status":"Libre"},{"lockerCode":"A73","status":"Libre"},{"lockerCode":"A74","status":"ocupado"},{"lockerCode":"A75","status":"reservado"},{"lockerCode":"A76","status":"ocupado"},{"lockerCode":"A77","status":"deshabilitado"},{"lockerCode":"A78","status":"Libre"},{"lockerCode":"A79","status":"Libre"},{"lockerCode":"A80","status":"Libre"}]},{"module":"B","lockers":[{"lockerCode":"B1","status":"reservado"},{"lockerCode":"B2","status":"Libre"},{"lockerCode":"B3","status":"Libre"},{"lockerCode":"B4","status":"ocupado"},{"lockerCode":"B5","status":"reservado"}]},{"module":"C","lockers":[{"lockerCode":"C1","status":"reservado"},{"lockerCode":"C2","status":"Libre"},{"lockerCode":"C3","status":"Libre"},{"lockerCode":"C4","status":"ocupado"},{"lockerCode":"C5","status":"reservado"},{"lockerCode":"C6","status":"ocupado"},{"lockerCode":"C7","status":"deshabilitado"},{"lockerCode":"C8","status":"Libre"},{"lockerCode":"C9","status":"Libre"},{"lockerCode":"C10","status":"Libre"},{"lockerCode":"C11","status":"reservado"},{"lockerCode":"C12","status":"ocupado"},{"lockerCode":"C13","status":"deshabilitado"},{"lockerCode":"C14","status":"Libre"},{"lockerCode":"C15","status":"Libre"},{"lockerCode":"C16","status":"Libre"}]},{"module":"D","lockers":[{"lockerCode":"D1","status":"reservado"}]},{"module":"E","lockers":[{"lockerCode":"E1","status":"reservado"},{"lockerCode":"E2","status":"Libre"},{"lockerCode":"E3","status":"Libre"},{"lockerCode":"E4","status":"ocupado"},{"lockerCode":"E5","status":"reservado"},{"lockerCode":"E6","status":"ocupado"},{"lockerCode":"E7","status":"deshabilitado"},{"lockerCode":"E8","status":"Libre"},{"lockerCode":"E9","status":"Libre"},{"lockerCode":"E10","status":"Libre"}]},{"module":"F","lockers":[{"lockerCode":"F1","status":"reservado"},{"lockerCode":"F2","status":"Libre"},{"lockerCode":"F3","status":"Libre"},{"lockerCode":"F4","status":"ocupado"},{"lockerCode":"F5","status":"reservado"},{"lockerCode":"F6","status":"ocupado"},{"lockerCode":"F7","status":"deshabilitado"},{"lockerCode":"F8","status":"Libre"},{"lockerCode":"F9","status":"Libre"},{"lockerCode":"F10","status":"Libre"}]}]}
[2025-10-09 00:46:45] [INFO] [main] [app] Componente App montado
[2025-10-09 00:46:45] [INFO] [main] [app] Versión cargada: 1.1.0
[2025-10-09 00:46:45] [INFO] [main] [scheduleReport] [daily] Primera inicialización — se calcula próximo target: 2025-10-09 00:48:00
[2025-10-09 00:46:45] [INFO] [main] [useConfig] Configuración inicial obtenida
[2025-10-09 00:46:45] [INFO] [main] [useConfig] Configuración inicial obtenida
[2025-10-09 00:46:50] [INFO] [main] [login] Cierre de sesión para usuario: administrador
[2025-10-09 00:46:50] [INFO] [main] [app] Componente App montado
[2025-10-09 00:46:50] [INFO] [main] [app] Versión cargada: 1.1.0
[2025-10-09 00:46:50] [INFO] [main] [scheduleReport] [daily] Primera inicialización — se calcula próximo target: 2025-10-09 00:48:00
[2025-10-09 00:46:56] [INFO] [main] [login] Inicio de sesión exitoso para usuario: operador
[2025-10-09 00:46:56] [INFO] [main] set-fullscreen: true
[2025-10-09 00:46:56] [INFO] [main] Ventana cerrándose, deteniendo TTS...
[2025-10-09 00:46:56] [INFO] [main] Creando ventana principal...
[2025-10-09 00:46:56] [INFO] [main] Cargando URL: http://localhost:5173
[2025-10-09 00:46:56] [INFO] [main] set-frame: false
[2025-10-09 00:46:56] [INFO] [main] [login] Usuario autenticado en sesión principal, redirigiendo a /ppal
[2025-10-09 00:46:56] [INFO] [main] [app] Componente App montado
[2025-10-09 00:46:56] [INFO] [main] [app] Versión cargada: 1.1.0
[2025-10-09 00:46:56] [INFO] [main] [scheduleReport] [daily] Primera inicialización — se calcula próximo target: 2025-10-09 00:48:00
[2025-10-09 00:46:56] [INFO] [main] Recibido config actualizado
[2025-10-09 00:46:56] [INFO] [main] Recibido auth actualizado
[2025-10-09 00:46:56] [INFO] [main] Recibido logger actualizado
[2025-10-09 00:46:56] [INFO] [main] Recibido env actualizado
[2025-10-09 00:46:56] [INFO] [preload] Inicializando preload.js
[2025-10-09 00:46:56] [INFO] [setupWatcher] Observando archivo setup_config.json en: C:\Users\User\Documents\Personal\LockeritDesk\configFiles\setup_config.json
[2025-10-09 00:46:56] [INFO] [setupWatcher] Archivo setup_config.json cargado correctamente
[2025-10-09 00:46:56] [INFO] [preload] Watcher iniciado: setup_config.json
[2025-10-09 00:46:56] [INFO] [authWatcher] Observando archivo auth_key.json en: C:\Users\User\Documents\Personal\LockeritDesk\configFiles\auth_key.json
[2025-10-09 00:46:56] [INFO] [authWatcher] auth_key.json actualizado correctamente
[2025-10-09 00:46:56] [INFO] [preload] Watcher iniciado: auth_key.json
[2025-10-09 00:46:56] [INFO] [loggerWatcher] Observando archivo logger_config.json en: C:\Users\User\Documents\Personal\LockeritDesk\configFiles\logger_config.json
[2025-10-09 00:46:56] [INFO] [loggerWatcher] Archivo logger_config.json cargado correctamente
[2025-10-09 00:46:56] [INFO] [preload] Watcher iniciado: logger_config.json
[2025-10-09 00:46:56] [INFO] [envWatcher] Observando archivo .env en: C:\Users\User\Documents\Personal\LockeritDesk\configFiles\.env
[2025-10-09 00:46:56] [INFO] [envWatcher] Archivo .env cargado correctamente
[2025-10-09 00:46:56] [INFO] [preload] Watcher iniciado: .env
[2025-10-09 00:46:56] [INFO] [preload] API expuesta en window.electronAPI
[2025-10-09 00:46:57] [INFO] [main] [axiosConfig] API BaseURL Inicial: http://localhost:8080
[2025-10-09 00:46:57] [INFO] [main] [axiosConfig] API BaseTimeout Inicial: 30
[2025-10-09 00:46:57] [INFO] [main] [configStore] Configuración actualizada
[2025-10-09 00:46:57] [INFO] [main] [configStore] config_key.json inicial cargado exitosamente
[2025-10-09 00:46:57] [INFO] [main] [envStore] ENV inicial cargado correctamente
[2025-10-09 00:46:57] [INFO] [main] [envStore] ENV actualizado
[2025-10-09 00:46:57] [INFO] [main] [axiosConfig] API BaseTimeout actualizada dinámicamente: 30
[2025-10-09 00:46:57] [INFO] [main] [assignLocker] API BaseTimeout actualizada dinámicamente: 30
[2025-10-09 00:46:57] [INFO] [main] [authStore] Auth actualizado
[2025-10-09 00:46:57] [INFO] [main] [authStore] auth_key.json inicial cargado exitosamente
[2025-10-09 00:46:57] [INFO] [main] get-screen-data-once -> 1920x1048 factor=0.97
[2025-10-09 00:46:57] [INFO] [main] [login] Usuario autenticado en sesión principal, redirigiendo a /ppal
[2025-10-09 00:46:57] [INFO] [main] [copyright] Versión cargada: 1.1.0
[2025-10-09 00:46:57] [INFO] [main] [app] Componente App montado
[2025-10-09 00:46:57] [INFO] [main] [app] Versión cargada: 1.1.0
[2025-10-09 00:46:57] [INFO] [main] [copyright] Versión cargada: 1.1.0
[2025-10-09 00:46:57] [INFO] [main] [app] Componente App montado
[2025-10-09 00:46:57] [INFO] [main] [app] Versión cargada: 1.1.0
[2025-10-09 00:46:57] [INFO] [main] [useConfig] Configuración inicial obtenida
[2025-10-09 00:46:57] [INFO] [main] [useConfig] Configuración inicial obtenida
[2025-10-09 00:46:57] [INFO] [main] [useConfig] Configuración inicial obtenida
[2025-10-09 00:46:57] [INFO] [main] [useConfig] Configuración inicial obtenida
[2025-10-09 00:46:57] [INFO] [main] [useConfig] Configuración inicial obtenida
[2025-10-09 00:46:57] [INFO] [main] [useConfig] Configuración inicial obtenida
[2025-10-09 00:46:57] [INFO] [main] [scheduleReport] [daily] Primera inicialización — se calcula próximo target: 2025-10-09 00:48:00
[2025-10-09 00:46:58] [INFO] [main] [statusLockers] Iniciando petición para obtener casilleros disponibles
[2025-10-09 00:46:58] [INFO] [main] [statusLockers] Timeout efectivo en ejecución: 30000
[2025-10-09 00:46:58] [INFO] [main] [statusLockers] Intento 1: HOST -> http://localhost:8080
[2025-10-09 00:46:58] [INFO] [main] [statusLockers] Intento 1: URL -> /api/lockers/get-all-status
[2025-10-09 00:46:58] [INFO] [main] [statusLockers] Iniciando petición para obtener casilleros disponibles
[2025-10-09 00:46:58] [INFO] [main] [statusLockers] Timeout efectivo en ejecución: 30000
[2025-10-09 00:46:58] [INFO] [main] [statusLockers] Intento 1: HOST -> http://localhost:8080
[2025-10-09 00:46:58] [INFO] [main] [statusLockers] Intento 1: URL -> /api/lockers/get-all-status
[2025-10-09 00:46:58] [INFO] [main] [useConfig] Configuración inicial obtenida
[2025-10-09 00:46:58] [INFO] [main] [useConfig] Configuración inicial obtenida
[2025-10-09 00:46:58] [INFO] [main] [useConfig] Configuración inicial obtenida
[2025-10-09 00:46:58] [INFO] [main] [useConfig] Configuración inicial obtenida
[2025-10-09 00:46:58] [INFO] [main] [scheduleReport] [daily] Primera inicialización — se calcula próximo target: 2025-10-09 00:48:00
[2025-10-09 00:46:58] [INFO] [main] [statusLockers] Response. Status: 200
[2025-10-09 00:46:58] [INFO] [main] [statusLockers] Response. Data: {"general":[{"status":"ocupado","total":12},{"status":"libre","total":1},{"status":"reservado","total":12},{"status":"deshabilitado","total":6}],"modules":[{"module":"A","lockers":[{"lockerCode":"A1","status":"reservado"},{"lockerCode":"A2","status":"Libre"},{"lockerCode":"A3","status":"Libre"},{"lockerCode":"A4","status":"ocupado"},{"lockerCode":"A5","status":"reservado"},{"lockerCode":"A6","status":"ocupado"},{"lockerCode":"A7","status":"deshabilitado"},{"lockerCode":"A8","status":"Libre"},{"lockerCode":"A9","status":"Libre"},{"lockerCode":"A10","status":"Libre"},{"lockerCode":"A11","status":"reservado"},{"lockerCode":"A12","status":"Libre"},{"lockerCode":"A13","status":"Libre"},{"lockerCode":"A14","status":"ocupado"},{"lockerCode":"A15","status":"reservado"},{"lockerCode":"A16","status":"ocupado"},{"lockerCode":"A17","status":"deshabilitado"},{"lockerCode":"A18","status":"Libre"},{"lockerCode":"A19","status":"Libre"},{"lockerCode":"A20","status":"Libre"},{"lockerCode":"A21","status":"reservado"},{"lockerCode":"A22","status":"Libre"},{"lockerCode":"A23","status":"Libre"},{"lockerCode":"A24","status":"ocupado"},{"lockerCode":"A25","status":"reservado"},{"lockerCode":"A26","status":"ocupado"},{"lockerCode":"A27","status":"deshabilitado"},{"lockerCode":"A28","status":"Libre"},{"lockerCode":"A29","status":"Libre"},{"lockerCode":"A30","status":"Libre"},{"lockerCode":"A31","status":"reservado"},{"lockerCode":"A32","status":"Libre"},{"lockerCode":"A33","status":"Libre"},{"lockerCode":"A34","status":"ocupado"},{"lockerCode":"A35","status":"reservado"},{"lockerCode":"A36","status":"ocupado"},{"lockerCode":"A37","status":"deshabilitado"},{"lockerCode":"A38","status":"Libre"},{"lockerCode":"A39","status":"Libre"},{"lockerCode":"A40","status":"Libre"},{"lockerCode":"A41","status":"reservado"},{"lockerCode":"A42","status":"Libre"},{"lockerCode":"A43","status":"Libre"},{"lockerCode":"A44","status":"ocupado"},{"lockerCode":"A45","status":"reservado"},{"lockerCode":"A46","status":"ocupado"},{"lockerCode":"A47","status":"deshabilitado"},{"lockerCode":"A48","status":"Libre"},{"lockerCode":"A49","status":"Libre"},{"lockerCode":"A50","status":"Libre"},{"lockerCode":"A51","status":"reservado"},{"lockerCode":"A52","status":"Libre"},{"lockerCode":"A53","status":"Libre"},{"lockerCode":"A54","status":"ocupado"},{"lockerCode":"A55","status":"reservado"},{"lockerCode":"A56","status":"ocupado"},{"lockerCode":"A57","status":"deshabilitado"},{"lockerCode":"A58","status":"Libre"},{"lockerCode":"A59","status":"Libre"},{"lockerCode":"A60","status":"Libre"},{"lockerCode":"A61","status":"reservado"},{"lockerCode":"A62","status":"Libre"},{"lockerCode":"A63","status":"Libre"},{"lockerCode":"A64","status":"ocupado"},{"lockerCode":"A65","status":"reservado"},{"lockerCode":"A66","status":"ocupado"},{"lockerCode":"A67","status":"deshabilitado"},{"lockerCode":"A68","status":"Libre"},{"lockerCode":"A69","status":"Libre"},{"lockerCode":"A70","status":"Libre"},{"lockerCode":"A71","status":"reservado"},{"lockerCode":"A72","status":"Libre"},{"lockerCode":"A73","status":"Libre"},{"lockerCode":"A74","status":"ocupado"},{"lockerCode":"A75","status":"reservado"},{"lockerCode":"A76","status":"ocupado"},{"lockerCode":"A77","status":"deshabilitado"},{"lockerCode":"A78","status":"Libre"},{"lockerCode":"A79","status":"Libre"},{"lockerCode":"A80","status":"Libre"}]},{"module":"B","lockers":[{"lockerCode":"B1","status":"reservado"},{"lockerCode":"B2","status":"Libre"},{"lockerCode":"B3","status":"Libre"},{"lockerCode":"B4","status":"ocupado"},{"lockerCode":"B5","status":"reservado"}]},{"module":"C","lockers":[{"lockerCode":"C1","status":"reservado"},{"lockerCode":"C2","status":"Libre"},{"lockerCode":"C3","status":"Libre"},{"lockerCode":"C4","status":"ocupado"},{"lockerCode":"C5","status":"reservado"},{"lockerCode":"C6","status":"ocupado"},{"lockerCode":"C7","status":"deshabilitado"},{"lockerCode":"C8","status":"Libre"},{"lockerCode":"C9","status":"Libre"},{"lockerCode":"C10","status":"Libre"},{"lockerCode":"C11","status":"reservado"},{"lockerCode":"C12","status":"ocupado"},{"lockerCode":"C13","status":"deshabilitado"},{"lockerCode":"C14","status":"Libre"},{"lockerCode":"C15","status":"Libre"},{"lockerCode":"C16","status":"Libre"}]},{"module":"D","lockers":[{"lockerCode":"D1","status":"reservado"}]},{"module":"E","lockers":[{"lockerCode":"E1","status":"reservado"},{"lockerCode":"E2","status":"Libre"},{"lockerCode":"E3","status":"Libre"},{"lockerCode":"E4","status":"ocupado"},{"lockerCode":"E5","status":"reservado"},{"lockerCode":"E6","status":"ocupado"},{"lockerCode":"E7","status":"deshabilitado"},{"lockerCode":"E8","status":"Libre"},{"lockerCode":"E9","status":"Libre"},{"lockerCode":"E10","status":"Libre"}]},{"module":"F","lockers":[{"lockerCode":"F1","status":"reservado"},{"lockerCode":"F2","status":"Libre"},{"lockerCode":"F3","status":"Libre"},{"lockerCode":"F4","status":"ocupado"},{"lockerCode":"F5","status":"reservado"},{"lockerCode":"F6","status":"ocupado"},{"lockerCode":"F7","status":"deshabilitado"},{"lockerCode":"F8","status":"Libre"},{"lockerCode":"F9","status":"Libre"},{"lockerCode":"F10","status":"Libre"}]}]}
[2025-10-09 00:46:59] [INFO] [main] [statusLockers] Response. Status: 200
[2025-10-09 00:46:59] [INFO] [main] [statusLockers] Response. Data: {"general":[{"status":"ocupado","total":12},{"status":"libre","total":1},{"status":"reservado","total":12},{"status":"deshabilitado","total":6}],"modules":[{"module":"A","lockers":[{"lockerCode":"A1","status":"reservado"},{"lockerCode":"A2","status":"Libre"},{"lockerCode":"A3","status":"Libre"},{"lockerCode":"A4","status":"ocupado"},{"lockerCode":"A5","status":"reservado"},{"lockerCode":"A6","status":"ocupado"},{"lockerCode":"A7","status":"deshabilitado"},{"lockerCode":"A8","status":"Libre"},{"lockerCode":"A9","status":"Libre"},{"lockerCode":"A10","status":"Libre"},{"lockerCode":"A11","status":"reservado"},{"lockerCode":"A12","status":"Libre"},{"lockerCode":"A13","status":"Libre"},{"lockerCode":"A14","status":"ocupado"},{"lockerCode":"A15","status":"reservado"},{"lockerCode":"A16","status":"ocupado"},{"lockerCode":"A17","status":"deshabilitado"},{"lockerCode":"A18","status":"Libre"},{"lockerCode":"A19","status":"Libre"},{"lockerCode":"A20","status":"Libre"},{"lockerCode":"A21","status":"reservado"},{"lockerCode":"A22","status":"Libre"},{"lockerCode":"A23","status":"Libre"},{"lockerCode":"A24","status":"ocupado"},{"lockerCode":"A25","status":"reservado"},{"lockerCode":"A26","status":"ocupado"},{"lockerCode":"A27","status":"deshabilitado"},{"lockerCode":"A28","status":"Libre"},{"lockerCode":"A29","status":"Libre"},{"lockerCode":"A30","status":"Libre"},{"lockerCode":"A31","status":"reservado"},{"lockerCode":"A32","status":"Libre"},{"lockerCode":"A33","status":"Libre"},{"lockerCode":"A34","status":"ocupado"},{"lockerCode":"A35","status":"reservado"},{"lockerCode":"A36","status":"ocupado"},{"lockerCode":"A37","status":"deshabilitado"},{"lockerCode":"A38","status":"Libre"},{"lockerCode":"A39","status":"Libre"},{"lockerCode":"A40","status":"Libre"},{"lockerCode":"A41","status":"reservado"},{"lockerCode":"A42","status":"Libre"},{"lockerCode":"A43","status":"Libre"},{"lockerCode":"A44","status":"ocupado"},{"lockerCode":"A45","status":"reservado"},{"lockerCode":"A46","status":"ocupado"},{"lockerCode":"A47","status":"deshabilitado"},{"lockerCode":"A48","status":"Libre"},{"lockerCode":"A49","status":"Libre"},{"lockerCode":"A50","status":"Libre"},{"lockerCode":"A51","status":"reservado"},{"lockerCode":"A52","status":"Libre"},{"lockerCode":"A53","status":"Libre"},{"lockerCode":"A54","status":"ocupado"},{"lockerCode":"A55","status":"reservado"},{"lockerCode":"A56","status":"ocupado"},{"lockerCode":"A57","status":"deshabilitado"},{"lockerCode":"A58","status":"Libre"},{"lockerCode":"A59","status":"Libre"},{"lockerCode":"A60","status":"Libre"},{"lockerCode":"A61","status":"reservado"},{"lockerCode":"A62","status":"Libre"},{"lockerCode":"A63","status":"Libre"},{"lockerCode":"A64","status":"ocupado"},{"lockerCode":"A65","status":"reservado"},{"lockerCode":"A66","status":"ocupado"},{"lockerCode":"A67","status":"deshabilitado"},{"lockerCode":"A68","status":"Libre"},{"lockerCode":"A69","status":"Libre"},{"lockerCode":"A70","status":"Libre"},{"lockerCode":"A71","status":"reservado"},{"lockerCode":"A72","status":"Libre"},{"lockerCode":"A73","status":"Libre"},{"lockerCode":"A74","status":"ocupado"},{"lockerCode":"A75","status":"reservado"},{"lockerCode":"A76","status":"ocupado"},{"lockerCode":"A77","status":"deshabilitado"},{"lockerCode":"A78","status":"Libre"},{"lockerCode":"A79","status":"Libre"},{"lockerCode":"A80","status":"Libre"}]},{"module":"B","lockers":[{"lockerCode":"B1","status":"reservado"},{"lockerCode":"B2","status":"Libre"},{"lockerCode":"B3","status":"Libre"},{"lockerCode":"B4","status":"ocupado"},{"lockerCode":"B5","status":"reservado"}]},{"module":"C","lockers":[{"lockerCode":"C1","status":"reservado"},{"lockerCode":"C2","status":"Libre"},{"lockerCode":"C3","status":"Libre"},{"lockerCode":"C4","status":"ocupado"},{"lockerCode":"C5","status":"reservado"},{"lockerCode":"C6","status":"ocupado"},{"lockerCode":"C7","status":"deshabilitado"},{"lockerCode":"C8","status":"Libre"},{"lockerCode":"C9","status":"Libre"},{"lockerCode":"C10","status":"Libre"},{"lockerCode":"C11","status":"reservado"},{"lockerCode":"C12","status":"ocupado"},{"lockerCode":"C13","status":"deshabilitado"},{"lockerCode":"C14","status":"Libre"},{"lockerCode":"C15","status":"Libre"},{"lockerCode":"C16","status":"Libre"}]},{"module":"D","lockers":[{"lockerCode":"D1","status":"reservado"}]},{"module":"E","lockers":[{"lockerCode":"E1","status":"reservado"},{"lockerCode":"E2","status":"Libre"},{"lockerCode":"E3","status":"Libre"},{"lockerCode":"E4","status":"ocupado"},{"lockerCode":"E5","status":"reservado"},{"lockerCode":"E6","status":"ocupado"},{"lockerCode":"E7","status":"deshabilitado"},{"lockerCode":"E8","status":"Libre"},{"lockerCode":"E9","status":"Libre"},{"lockerCode":"E10","status":"Libre"}]},{"module":"F","lockers":[{"lockerCode":"F1","status":"reservado"},{"lockerCode":"F2","status":"Libre"},{"lockerCode":"F3","status":"Libre"},{"lockerCode":"F4","status":"ocupado"},{"lockerCode":"F5","status":"reservado"},{"lockerCode":"F6","status":"ocupado"},{"lockerCode":"F7","status":"deshabilitado"},{"lockerCode":"F8","status":"Libre"},{"lockerCode":"F9","status":"Libre"},{"lockerCode":"F10","status":"Libre"}]}]}
[2025-10-09 00:47:00] [INFO] [main] [statusLockers] Iniciando petición para obtener casilleros disponibles
[2025-10-09 00:47:00] [INFO] [main] [statusLockers] Timeout efectivo en ejecución: 30000
[2025-10-09 00:47:00] [INFO] [main] [statusLockers] Intento 1: HOST -> http://localhost:8080
[2025-10-09 00:47:00] [INFO] [main] [statusLockers] Intento 1: URL -> /api/lockers/get-all-status
[2025-10-09 00:47:00] [INFO] [main] [copyright] Versión cargada: 1.1.0
[2025-10-09 00:47:00] [INFO] [main] [app] Componente App montado
[2025-10-09 00:47:00] [INFO] [main] [app] Versión cargada: 1.1.0
[2025-10-09 00:47:00] [INFO] [main] [statusLockers] Iniciando petición para obtener casilleros disponibles
[2025-10-09 00:47:00] [INFO] [main] [statusLockers] Timeout efectivo en ejecución: 30000
[2025-10-09 00:47:00] [INFO] [main] [statusLockers] Intento 1: HOST -> http://localhost:8080
[2025-10-09 00:47:00] [INFO] [main] [statusLockers] Intento 1: URL -> /api/lockers/get-all-status
[2025-10-09 00:47:00] [INFO] [main] [copyright] Versión cargada: 1.1.0
[2025-10-09 00:47:00] [INFO] [main] [app] Componente App montado
[2025-10-09 00:47:00] [INFO] [main] [app] Versión cargada: 1.1.0
[2025-10-09 00:47:00] [INFO] [main] [useConfig] Configuración inicial obtenida
[2025-10-09 00:47:00] [INFO] [main] [useConfig] Configuración inicial obtenida
[2025-10-09 00:47:00] [INFO] [main] [useConfig] Configuración inicial obtenida
[2025-10-09 00:47:00] [INFO] [main] [useConfig] Configuración inicial obtenida
[2025-10-09 00:47:00] [INFO] [main] [useConfig] Configuración inicial obtenida
[2025-10-09 00:47:00] [INFO] [main] [useConfig] Configuración inicial obtenida
[2025-10-09 00:47:00] [INFO] [main] [useConfig] Configuración inicial obtenida
[2025-10-09 00:47:00] [INFO] [main] [useConfig] Configuración inicial obtenida
[2025-10-09 00:47:00] [INFO] [main] [scheduleReport] [daily] Primera inicialización — se calcula próximo target: 2025-10-09 00:48:00
[2025-10-09 00:47:00] [INFO] [main] [statusLockers] Iniciando petición para obtener casilleros disponibles
[2025-10-09 00:47:00] [INFO] [main] [statusLockers] Timeout efectivo en ejecución: 30000
[2025-10-09 00:47:00] [INFO] [main] [statusLockers] Intento 1: HOST -> http://localhost:8080
[2025-10-09 00:47:00] [INFO] [main] [statusLockers] Intento 1: URL -> /api/lockers/get-all-status
[2025-10-09 00:47:00] [INFO] [main] [copyright] Versión cargada: 1.1.0
[2025-10-09 00:47:00] [INFO] [main] [app] Componente App montado
[2025-10-09 00:47:00] [INFO] [main] [app] Versión cargada: 1.1.0
[2025-10-09 00:47:00] [INFO] [main] [statusLockers] Iniciando petición para obtener casilleros disponibles
[2025-10-09 00:47:00] [INFO] [main] [statusLockers] Timeout efectivo en ejecución: 30000
[2025-10-09 00:47:00] [INFO] [main] [statusLockers] Intento 1: HOST -> http://localhost:8080
[2025-10-09 00:47:00] [INFO] [main] [statusLockers] Intento 1: URL -> /api/lockers/get-all-status
[2025-10-09 00:47:00] [INFO] [main] [copyright] Versión cargada: 1.1.0
[2025-10-09 00:47:00] [INFO] [main] [app] Componente App montado
[2025-10-09 00:47:00] [INFO] [main] [app] Versión cargada: 1.1.0
[2025-10-09 00:47:00] [INFO] [main] [statusLockers] Response. Status: 200
[2025-10-09 00:47:00] [INFO] [main] [statusLockers] Response. Data: {"general":[{"status":"ocupado","total":12},{"status":"libre","total":1},{"status":"reservado","total":12},{"status":"deshabilitado","total":6}],"modules":[{"module":"A","lockers":[{"lockerCode":"A1","status":"reservado"},{"lockerCode":"A2","status":"Libre"},{"lockerCode":"A3","status":"Libre"},{"lockerCode":"A4","status":"ocupado"},{"lockerCode":"A5","status":"reservado"},{"lockerCode":"A6","status":"ocupado"},{"lockerCode":"A7","status":"deshabilitado"},{"lockerCode":"A8","status":"Libre"},{"lockerCode":"A9","status":"Libre"},{"lockerCode":"A10","status":"Libre"},{"lockerCode":"A11","status":"reservado"},{"lockerCode":"A12","status":"Libre"},{"lockerCode":"A13","status":"Libre"},{"lockerCode":"A14","status":"ocupado"},{"lockerCode":"A15","status":"reservado"},{"lockerCode":"A16","status":"ocupado"},{"lockerCode":"A17","status":"deshabilitado"},{"lockerCode":"A18","status":"Libre"},{"lockerCode":"A19","status":"Libre"},{"lockerCode":"A20","status":"Libre"},{"lockerCode":"A21","status":"reservado"},{"lockerCode":"A22","status":"Libre"},{"lockerCode":"A23","status":"Libre"},{"lockerCode":"A24","status":"ocupado"},{"lockerCode":"A25","status":"reservado"},{"lockerCode":"A26","status":"ocupado"},{"lockerCode":"A27","status":"deshabilitado"},{"lockerCode":"A28","status":"Libre"},{"lockerCode":"A29","status":"Libre"},{"lockerCode":"A30","status":"Libre"},{"lockerCode":"A31","status":"reservado"},{"lockerCode":"A32","status":"Libre"},{"lockerCode":"A33","status":"Libre"},{"lockerCode":"A34","status":"ocupado"},{"lockerCode":"A35","status":"reservado"},{"lockerCode":"A36","status":"ocupado"},{"lockerCode":"A37","status":"deshabilitado"},{"lockerCode":"A38","status":"Libre"},{"lockerCode":"A39","status":"Libre"},{"lockerCode":"A40","status":"Libre"},{"lockerCode":"A41","status":"reservado"},{"lockerCode":"A42","status":"Libre"},{"lockerCode":"A43","status":"Libre"},{"lockerCode":"A44","status":"ocupado"},{"lockerCode":"A45","status":"reservado"},{"lockerCode":"A46","status":"ocupado"},{"lockerCode":"A47","status":"deshabilitado"},{"lockerCode":"A48","status":"Libre"},{"lockerCode":"A49","status":"Libre"},{"lockerCode":"A50","status":"Libre"},{"lockerCode":"A51","status":"reservado"},{"lockerCode":"A52","status":"Libre"},{"lockerCode":"A53","status":"Libre"},{"lockerCode":"A54","status":"ocupado"},{"lockerCode":"A55","status":"reservado"},{"lockerCode":"A56","status":"ocupado"},{"lockerCode":"A57","status":"deshabilitado"},{"lockerCode":"A58","status":"Libre"},{"lockerCode":"A59","status":"Libre"},{"lockerCode":"A60","status":"Libre"},{"lockerCode":"A61","status":"reservado"},{"lockerCode":"A62","status":"Libre"},{"lockerCode":"A63","status":"Libre"},{"lockerCode":"A64","status":"ocupado"},{"lockerCode":"A65","status":"reservado"},{"lockerCode":"A66","status":"ocupado"},{"lockerCode":"A67","status":"deshabilitado"},{"lockerCode":"A68","status":"Libre"},{"lockerCode":"A69","status":"Libre"},{"lockerCode":"A70","status":"Libre"},{"lockerCode":"A71","status":"reservado"},{"lockerCode":"A72","status":"Libre"},{"lockerCode":"A73","status":"Libre"},{"lockerCode":"A74","status":"ocupado"},{"lockerCode":"A75","status":"reservado"},{"lockerCode":"A76","status":"ocupado"},{"lockerCode":"A77","status":"deshabilitado"},{"lockerCode":"A78","status":"Libre"},{"lockerCode":"A79","status":"Libre"},{"lockerCode":"A80","status":"Libre"}]},{"module":"B","lockers":[{"lockerCode":"B1","status":"reservado"},{"lockerCode":"B2","status":"Libre"},{"lockerCode":"B3","status":"Libre"},{"lockerCode":"B4","status":"ocupado"},{"lockerCode":"B5","status":"reservado"}]},{"module":"C","lockers":[{"lockerCode":"C1","status":"reservado"},{"lockerCode":"C2","status":"Libre"},{"lockerCode":"C3","status":"Libre"},{"lockerCode":"C4","status":"ocupado"},{"lockerCode":"C5","status":"reservado"},{"lockerCode":"C6","status":"ocupado"},{"lockerCode":"C7","status":"deshabilitado"},{"lockerCode":"C8","status":"Libre"},{"lockerCode":"C9","status":"Libre"},{"lockerCode":"C10","status":"Libre"},{"lockerCode":"C11","status":"reservado"},{"lockerCode":"C12","status":"ocupado"},{"lockerCode":"C13","status":"deshabilitado"},{"lockerCode":"C14","status":"Libre"},{"lockerCode":"C15","status":"Libre"},{"lockerCode":"C16","status":"Libre"}]},{"module":"D","lockers":[{"lockerCode":"D1","status":"reservado"}]},{"module":"E","lockers":[{"lockerCode":"E1","status":"reservado"},{"lockerCode":"E2","status":"Libre"},{"lockerCode":"E3","status":"Libre"},{"lockerCode":"E4","status":"ocupado"},{"lockerCode":"E5","status":"reservado"},{"lockerCode":"E6","status":"ocupado"},{"lockerCode":"E7","status":"deshabilitado"},{"lockerCode":"E8","status":"Libre"},{"lockerCode":"E9","status":"Libre"},{"lockerCode":"E10","status":"Libre"}]},{"module":"F","lockers":[{"lockerCode":"F1","status":"reservado"},{"lockerCode":"F2","status":"Libre"},{"lockerCode":"F3","status":"Libre"},{"lockerCode":"F4","status":"ocupado"},{"lockerCode":"F5","status":"reservado"},{"lockerCode":"F6","status":"ocupado"},{"lockerCode":"F7","status":"deshabilitado"},{"lockerCode":"F8","status":"Libre"},{"lockerCode":"F9","status":"Libre"},{"lockerCode":"F10","status":"Libre"}]}]}
[2025-10-09 00:47:00] [INFO] [main] [useConfig] Configuración inicial obtenida
[2025-10-09 00:47:00] [INFO] [main] [useConfig] Configuración inicial obtenida
[2025-10-09 00:47:00] [INFO] [main] [useConfig] Configuración inicial obtenida
[2025-10-09 00:47:00] [INFO] [main] [useConfig] Configuración inicial obtenida
[2025-10-09 00:47:00] [INFO] [main] [useConfig] Configuración inicial obtenida
[2025-10-09 00:47:00] [INFO] [main] [useConfig] Configuración inicial obtenida
[2025-10-09 00:47:00] [INFO] [main] [useConfig] Configuración inicial obtenida
[2025-10-09 00:47:00] [INFO] [main] [useConfig] Configuración inicial obtenida
[2025-10-09 00:47:00] [INFO] [main] [scheduleReport] [daily] Primera inicialización — se calcula próximo target: 2025-10-09 00:48:00
[2025-10-09 00:47:00] [INFO] [main] [scheduleReport] [daily] Primera inicialización — se calcula próximo target: 2025-10-09 00:48:00
[2025-10-09 00:47:01] [INFO] [main] [statusLockers] Response. Status: 200
[2025-10-09 00:47:01] [INFO] [main] [statusLockers] Response. Data: {"general":[{"status":"ocupado","total":12},{"status":"libre","total":1},{"status":"reservado","total":12},{"status":"deshabilitado","total":6}],"modules":[{"module":"A","lockers":[{"lockerCode":"A1","status":"reservado"},{"lockerCode":"A2","status":"Libre"},{"lockerCode":"A3","status":"Libre"},{"lockerCode":"A4","status":"ocupado"},{"lockerCode":"A5","status":"reservado"},{"lockerCode":"A6","status":"ocupado"},{"lockerCode":"A7","status":"deshabilitado"},{"lockerCode":"A8","status":"Libre"},{"lockerCode":"A9","status":"Libre"},{"lockerCode":"A10","status":"Libre"},{"lockerCode":"A11","status":"reservado"},{"lockerCode":"A12","status":"Libre"},{"lockerCode":"A13","status":"Libre"},{"lockerCode":"A14","status":"ocupado"},{"lockerCode":"A15","status":"reservado"},{"lockerCode":"A16","status":"ocupado"},{"lockerCode":"A17","status":"deshabilitado"},{"lockerCode":"A18","status":"Libre"},{"lockerCode":"A19","status":"Libre"},{"lockerCode":"A20","status":"Libre"},{"lockerCode":"A21","status":"reservado"},{"lockerCode":"A22","status":"Libre"},{"lockerCode":"A23","status":"Libre"},{"lockerCode":"A24","status":"ocupado"},{"lockerCode":"A25","status":"reservado"},{"lockerCode":"A26","status":"ocupado"},{"lockerCode":"A27","status":"deshabilitado"},{"lockerCode":"A28","status":"Libre"},{"lockerCode":"A29","status":"Libre"},{"lockerCode":"A30","status":"Libre"},{"lockerCode":"A31","status":"reservado"},{"lockerCode":"A32","status":"Libre"},{"lockerCode":"A33","status":"Libre"},{"lockerCode":"A34","status":"ocupado"},{"lockerCode":"A35","status":"reservado"},{"lockerCode":"A36","status":"ocupado"},{"lockerCode":"A37","status":"deshabilitado"},{"lockerCode":"A38","status":"Libre"},{"lockerCode":"A39","status":"Libre"},{"lockerCode":"A40","status":"Libre"},{"lockerCode":"A41","status":"reservado"},{"lockerCode":"A42","status":"Libre"},{"lockerCode":"A43","status":"Libre"},{"lockerCode":"A44","status":"ocupado"},{"lockerCode":"A45","status":"reservado"},{"lockerCode":"A46","status":"ocupado"},{"lockerCode":"A47","status":"deshabilitado"},{"lockerCode":"A48","status":"Libre"},{"lockerCode":"A49","status":"Libre"},{"lockerCode":"A50","status":"Libre"},{"lockerCode":"A51","status":"reservado"},{"lockerCode":"A52","status":"Libre"},{"lockerCode":"A53","status":"Libre"},{"lockerCode":"A54","status":"ocupado"},{"lockerCode":"A55","status":"reservado"},{"lockerCode":"A56","status":"ocupado"},{"lockerCode":"A57","status":"deshabilitado"},{"lockerCode":"A58","status":"Libre"},{"lockerCode":"A59","status":"Libre"},{"lockerCode":"A60","status":"Libre"},{"lockerCode":"A61","status":"reservado"},{"lockerCode":"A62","status":"Libre"},{"lockerCode":"A63","status":"Libre"},{"lockerCode":"A64","status":"ocupado"},{"lockerCode":"A65","status":"reservado"},{"lockerCode":"A66","status":"ocupado"},{"lockerCode":"A67","status":"deshabilitado"},{"lockerCode":"A68","status":"Libre"},{"lockerCode":"A69","status":"Libre"},{"lockerCode":"A70","status":"Libre"},{"lockerCode":"A71","status":"reservado"},{"lockerCode":"A72","status":"Libre"},{"lockerCode":"A73","status":"Libre"},{"lockerCode":"A74","status":"ocupado"},{"lockerCode":"A75","status":"reservado"},{"lockerCode":"A76","status":"ocupado"},{"lockerCode":"A77","status":"deshabilitado"},{"lockerCode":"A78","status":"Libre"},{"lockerCode":"A79","status":"Libre"},{"lockerCode":"A80","status":"Libre"}]},{"module":"B","lockers":[{"lockerCode":"B1","status":"reservado"},{"lockerCode":"B2","status":"Libre"},{"lockerCode":"B3","status":"Libre"},{"lockerCode":"B4","status":"ocupado"},{"lockerCode":"B5","status":"reservado"}]},{"module":"C","lockers":[{"lockerCode":"C1","status":"reservado"},{"lockerCode":"C2","status":"Libre"},{"lockerCode":"C3","status":"Libre"},{"lockerCode":"C4","status":"ocupado"},{"lockerCode":"C5","status":"reservado"},{"lockerCode":"C6","status":"ocupado"},{"lockerCode":"C7","status":"deshabilitado"},{"lockerCode":"C8","status":"Libre"},{"lockerCode":"C9","status":"Libre"},{"lockerCode":"C10","status":"Libre"},{"lockerCode":"C11","status":"reservado"},{"lockerCode":"C12","status":"ocupado"},{"lockerCode":"C13","status":"deshabilitado"},{"lockerCode":"C14","status":"Libre"},{"lockerCode":"C15","status":"Libre"},{"lockerCode":"C16","status":"Libre"}]},{"module":"D","lockers":[{"lockerCode":"D1","status":"reservado"}]},{"module":"E","lockers":[{"lockerCode":"E1","status":"reservado"},{"lockerCode":"E2","status":"Libre"},{"lockerCode":"E3","status":"Libre"},{"lockerCode":"E4","status":"ocupado"},{"lockerCode":"E5","status":"reservado"},{"lockerCode":"E6","status":"ocupado"},{"lockerCode":"E7","status":"deshabilitado"},{"lockerCode":"E8","status":"Libre"},{"lockerCode":"E9","status":"Libre"},{"lockerCode":"E10","status":"Libre"}]},{"module":"F","lockers":[{"lockerCode":"F1","status":"reservado"},{"lockerCode":"F2","status":"Libre"},{"lockerCode":"F3","status":"Libre"},{"lockerCode":"F4","status":"ocupado"},{"lockerCode":"F5","status":"reservado"},{"lockerCode":"F6","status":"ocupado"},{"lockerCode":"F7","status":"deshabilitado"},{"lockerCode":"F8","status":"Libre"},{"lockerCode":"F9","status":"Libre"},{"lockerCode":"F10","status":"Libre"}]}]}
[2025-10-09 00:47:01] [INFO] [main] [statusLockers] Response. Status: 200
[2025-10-09 00:47:01] [INFO] [main] [statusLockers] Response. Data: {"general":[{"status":"ocupado","total":12},{"status":"libre","total":1},{"status":"reservado","total":12},{"status":"deshabilitado","total":6}],"modules":[{"module":"A","lockers":[{"lockerCode":"A1","status":"reservado"},{"lockerCode":"A2","status":"Libre"},{"lockerCode":"A3","status":"Libre"},{"lockerCode":"A4","status":"ocupado"},{"lockerCode":"A5","status":"reservado"},{"lockerCode":"A6","status":"ocupado"},{"lockerCode":"A7","status":"deshabilitado"},{"lockerCode":"A8","status":"Libre"},{"lockerCode":"A9","status":"Libre"},{"lockerCode":"A10","status":"Libre"},{"lockerCode":"A11","status":"reservado"},{"lockerCode":"A12","status":"Libre"},{"lockerCode":"A13","status":"Libre"},{"lockerCode":"A14","status":"ocupado"},{"lockerCode":"A15","status":"reservado"},{"lockerCode":"A16","status":"ocupado"},{"lockerCode":"A17","status":"deshabilitado"},{"lockerCode":"A18","status":"Libre"},{"lockerCode":"A19","status":"Libre"},{"lockerCode":"A20","status":"Libre"},{"lockerCode":"A21","status":"reservado"},{"lockerCode":"A22","status":"Libre"},{"lockerCode":"A23","status":"Libre"},{"lockerCode":"A24","status":"ocupado"},{"lockerCode":"A25","status":"reservado"},{"lockerCode":"A26","status":"ocupado"},{"lockerCode":"A27","status":"deshabilitado"},{"lockerCode":"A28","status":"Libre"},{"lockerCode":"A29","status":"Libre"},{"lockerCode":"A30","status":"Libre"},{"lockerCode":"A31","status":"reservado"},{"lockerCode":"A32","status":"Libre"},{"lockerCode":"A33","status":"Libre"},{"lockerCode":"A34","status":"ocupado"},{"lockerCode":"A35","status":"reservado"},{"lockerCode":"A36","status":"ocupado"},{"lockerCode":"A37","status":"deshabilitado"},{"lockerCode":"A38","status":"Libre"},{"lockerCode":"A39","status":"Libre"},{"lockerCode":"A40","status":"Libre"},{"lockerCode":"A41","status":"reservado"},{"lockerCode":"A42","status":"Libre"},{"lockerCode":"A43","status":"Libre"},{"lockerCode":"A44","status":"ocupado"},{"lockerCode":"A45","status":"reservado"},{"lockerCode":"A46","status":"ocupado"},{"lockerCode":"A47","status":"deshabilitado"},{"lockerCode":"A48","status":"Libre"},{"lockerCode":"A49","status":"Libre"},{"lockerCode":"A50","status":"Libre"},{"lockerCode":"A51","status":"reservado"},{"lockerCode":"A52","status":"Libre"},{"lockerCode":"A53","status":"Libre"},{"lockerCode":"A54","status":"ocupado"},{"lockerCode":"A55","status":"reservado"},{"lockerCode":"A56","status":"ocupado"},{"lockerCode":"A57","status":"deshabilitado"},{"lockerCode":"A58","status":"Libre"},{"lockerCode":"A59","status":"Libre"},{"lockerCode":"A60","status":"Libre"},{"lockerCode":"A61","status":"reservado"},{"lockerCode":"A62","status":"Libre"},{"lockerCode":"A63","status":"Libre"},{"lockerCode":"A64","status":"ocupado"},{"lockerCode":"A65","status":"reservado"},{"lockerCode":"A66","status":"ocupado"},{"lockerCode":"A67","status":"deshabilitado"},{"lockerCode":"A68","status":"Libre"},{"lockerCode":"A69","status":"Libre"},{"lockerCode":"A70","status":"Libre"},{"lockerCode":"A71","status":"reservado"},{"lockerCode":"A72","status":"Libre"},{"lockerCode":"A73","status":"Libre"},{"lockerCode":"A74","status":"ocupado"},{"lockerCode":"A75","status":"reservado"},{"lockerCode":"A76","status":"ocupado"},{"lockerCode":"A77","status":"deshabilitado"},{"lockerCode":"A78","status":"Libre"},{"lockerCode":"A79","status":"Libre"},{"lockerCode":"A80","status":"Libre"}]},{"module":"B","lockers":[{"lockerCode":"B1","status":"reservado"},{"lockerCode":"B2","status":"Libre"},{"lockerCode":"B3","status":"Libre"},{"lockerCode":"B4","status":"ocupado"},{"lockerCode":"B5","status":"reservado"}]},{"module":"C","lockers":[{"lockerCode":"C1","status":"reservado"},{"lockerCode":"C2","status":"Libre"},{"lockerCode":"C3","status":"Libre"},{"lockerCode":"C4","status":"ocupado"},{"lockerCode":"C5","status":"reservado"},{"lockerCode":"C6","status":"ocupado"},{"lockerCode":"C7","status":"deshabilitado"},{"lockerCode":"C8","status":"Libre"},{"lockerCode":"C9","status":"Libre"},{"lockerCode":"C10","status":"Libre"},{"lockerCode":"C11","status":"reservado"},{"lockerCode":"C12","status":"ocupado"},{"lockerCode":"C13","status":"deshabilitado"},{"lockerCode":"C14","status":"Libre"},{"lockerCode":"C15","status":"Libre"},{"lockerCode":"C16","status":"Libre"}]},{"module":"D","lockers":[{"lockerCode":"D1","status":"reservado"}]},{"module":"E","lockers":[{"lockerCode":"E1","status":"reservado"},{"lockerCode":"E2","status":"Libre"},{"lockerCode":"E3","status":"Libre"},{"lockerCode":"E4","status":"ocupado"},{"lockerCode":"E5","status":"reservado"},{"lockerCode":"E6","status":"ocupado"},{"lockerCode":"E7","status":"deshabilitado"},{"lockerCode":"E8","status":"Libre"},{"lockerCode":"E9","status":"Libre"},{"lockerCode":"E10","status":"Libre"}]},{"module":"F","lockers":[{"lockerCode":"F1","status":"reservado"},{"lockerCode":"F2","status":"Libre"},{"lockerCode":"F3","status":"Libre"},{"lockerCode":"F4","status":"ocupado"},{"lockerCode":"F5","status":"reservado"},{"lockerCode":"F6","status":"ocupado"},{"lockerCode":"F7","status":"deshabilitado"},{"lockerCode":"F8","status":"Libre"},{"lockerCode":"F9","status":"Libre"},{"lockerCode":"F10","status":"Libre"}]}]}
[2025-10-09 00:47:02] [INFO] [main] [statusLockers] Response. Status: 200
[2025-10-09 00:47:02] [INFO] [main] [statusLockers] Response. Data: {"general":[{"status":"ocupado","total":12},{"status":"libre","total":1},{"status":"reservado","total":12},{"status":"deshabilitado","total":6}],"modules":[{"module":"A","lockers":[{"lockerCode":"A1","status":"reservado"},{"lockerCode":"A2","status":"Libre"},{"lockerCode":"A3","status":"Libre"},{"lockerCode":"A4","status":"ocupado"},{"lockerCode":"A5","status":"reservado"},{"lockerCode":"A6","status":"ocupado"},{"lockerCode":"A7","status":"deshabilitado"},{"lockerCode":"A8","status":"Libre"},{"lockerCode":"A9","status":"Libre"},{"lockerCode":"A10","status":"Libre"},{"lockerCode":"A11","status":"reservado"},{"lockerCode":"A12","status":"Libre"},{"lockerCode":"A13","status":"Libre"},{"lockerCode":"A14","status":"ocupado"},{"lockerCode":"A15","status":"reservado"},{"lockerCode":"A16","status":"ocupado"},{"lockerCode":"A17","status":"deshabilitado"},{"lockerCode":"A18","status":"Libre"},{"lockerCode":"A19","status":"Libre"},{"lockerCode":"A20","status":"Libre"},{"lockerCode":"A21","status":"reservado"},{"lockerCode":"A22","status":"Libre"},{"lockerCode":"A23","status":"Libre"},{"lockerCode":"A24","status":"ocupado"},{"lockerCode":"A25","status":"reservado"},{"lockerCode":"A26","status":"ocupado"},{"lockerCode":"A27","status":"deshabilitado"},{"lockerCode":"A28","status":"Libre"},{"lockerCode":"A29","status":"Libre"},{"lockerCode":"A30","status":"Libre"},{"lockerCode":"A31","status":"reservado"},{"lockerCode":"A32","status":"Libre"},{"lockerCode":"A33","status":"Libre"},{"lockerCode":"A34","status":"ocupado"},{"lockerCode":"A35","status":"reservado"},{"lockerCode":"A36","status":"ocupado"},{"lockerCode":"A37","status":"deshabilitado"},{"lockerCode":"A38","status":"Libre"},{"lockerCode":"A39","status":"Libre"},{"lockerCode":"A40","status":"Libre"},{"lockerCode":"A41","status":"reservado"},{"lockerCode":"A42","status":"Libre"},{"lockerCode":"A43","status":"Libre"},{"lockerCode":"A44","status":"ocupado"},{"lockerCode":"A45","status":"reservado"},{"lockerCode":"A46","status":"ocupado"},{"lockerCode":"A47","status":"deshabilitado"},{"lockerCode":"A48","status":"Libre"},{"lockerCode":"A49","status":"Libre"},{"lockerCode":"A50","status":"Libre"},{"lockerCode":"A51","status":"reservado"},{"lockerCode":"A52","status":"Libre"},{"lockerCode":"A53","status":"Libre"},{"lockerCode":"A54","status":"ocupado"},{"lockerCode":"A55","status":"reservado"},{"lockerCode":"A56","status":"ocupado"},{"lockerCode":"A57","status":"deshabilitado"},{"lockerCode":"A58","status":"Libre"},{"lockerCode":"A59","status":"Libre"},{"lockerCode":"A60","status":"Libre"},{"lockerCode":"A61","status":"reservado"},{"lockerCode":"A62","status":"Libre"},{"lockerCode":"A63","status":"Libre"},{"lockerCode":"A64","status":"ocupado"},{"lockerCode":"A65","status":"reservado"},{"lockerCode":"A66","status":"ocupado"},{"lockerCode":"A67","status":"deshabilitado"},{"lockerCode":"A68","status":"Libre"},{"lockerCode":"A69","status":"Libre"},{"lockerCode":"A70","status":"Libre"},{"lockerCode":"A71","status":"reservado"},{"lockerCode":"A72","status":"Libre"},{"lockerCode":"A73","status":"Libre"},{"lockerCode":"A74","status":"ocupado"},{"lockerCode":"A75","status":"reservado"},{"lockerCode":"A76","status":"ocupado"},{"lockerCode":"A77","status":"deshabilitado"},{"lockerCode":"A78","status":"Libre"},{"lockerCode":"A79","status":"Libre"},{"lockerCode":"A80","status":"Libre"}]},{"module":"B","lockers":[{"lockerCode":"B1","status":"reservado"},{"lockerCode":"B2","status":"Libre"},{"lockerCode":"B3","status":"Libre"},{"lockerCode":"B4","status":"ocupado"},{"lockerCode":"B5","status":"reservado"}]},{"module":"C","lockers":[{"lockerCode":"C1","status":"reservado"},{"lockerCode":"C2","status":"Libre"},{"lockerCode":"C3","status":"Libre"},{"lockerCode":"C4","status":"ocupado"},{"lockerCode":"C5","status":"reservado"},{"lockerCode":"C6","status":"ocupado"},{"lockerCode":"C7","status":"deshabilitado"},{"lockerCode":"C8","status":"Libre"},{"lockerCode":"C9","status":"Libre"},{"lockerCode":"C10","status":"Libre"},{"lockerCode":"C11","status":"reservado"},{"lockerCode":"C12","status":"ocupado"},{"lockerCode":"C13","status":"deshabilitado"},{"lockerCode":"C14","status":"Libre"},{"lockerCode":"C15","status":"Libre"},{"lockerCode":"C16","status":"Libre"}]},{"module":"D","lockers":[{"lockerCode":"D1","status":"reservado"}]},{"module":"E","lockers":[{"lockerCode":"E1","status":"reservado"},{"lockerCode":"E2","status":"Libre"},{"lockerCode":"E3","status":"Libre"},{"lockerCode":"E4","status":"ocupado"},{"lockerCode":"E5","status":"reservado"},{"lockerCode":"E6","status":"ocupado"},{"lockerCode":"E7","status":"deshabilitado"},{"lockerCode":"E8","status":"Libre"},{"lockerCode":"E9","status":"Libre"},{"lockerCode":"E10","status":"Libre"}]},{"module":"F","lockers":[{"lockerCode":"F1","status":"reservado"},{"lockerCode":"F2","status":"Libre"},{"lockerCode":"F3","status":"Libre"},{"lockerCode":"F4","status":"ocupado"},{"lockerCode":"F5","status":"reservado"},{"lockerCode":"F6","status":"ocupado"},{"lockerCode":"F7","status":"deshabilitado"},{"lockerCode":"F8","status":"Libre"},{"lockerCode":"F9","status":"Libre"},{"lockerCode":"F10","status":"Libre"}]}]}
[2025-10-09 00:47:05] [INFO] [main] [statusLockers] Iniciando petición para obtener casilleros disponibles
[2025-10-09 00:47:05] [INFO] [main] [statusLockers] Timeout efectivo en ejecución: 30000
[2025-10-09 00:47:05] [INFO] [main] [statusLockers] Intento 1: HOST -> http://localhost:8080
[2025-10-09 00:47:05] [INFO] [main] [statusLockers] Intento 1: URL -> /api/lockers/get-all-status
[2025-10-09 00:47:05] [INFO] [main] [copyright] Versión cargada: 1.1.0
[2025-10-09 00:47:05] [INFO] [main] [app] Componente App montado
[2025-10-09 00:47:05] [INFO] [main] [app] Versión cargada: 1.1.0
[2025-10-09 00:47:05] [INFO] [main] [statusLockers] Iniciando petición para obtener casilleros disponibles
[2025-10-09 00:47:05] [INFO] [main] [statusLockers] Timeout efectivo en ejecución: 30000
[2025-10-09 00:47:05] [INFO] [main] [statusLockers] Intento 1: HOST -> http://localhost:8080
[2025-10-09 00:47:05] [INFO] [main] [statusLockers] Intento 1: URL -> /api/lockers/get-all-status
[2025-10-09 00:47:05] [INFO] [main] [copyright] Versión cargada: 1.1.0
[2025-10-09 00:47:05] [INFO] [main] [app] Componente App montado
[2025-10-09 00:47:05] [INFO] [main] [app] Versión cargada: 1.1.0
[2025-10-09 00:47:05] [INFO] [main] [useConfig] Configuración inicial obtenida
[2025-10-09 00:47:05] [INFO] [main] [useConfig] Configuración inicial obtenida
[2025-10-09 00:47:05] [INFO] [main] [useConfig] Configuración inicial obtenida
[2025-10-09 00:47:05] [INFO] [main] [useConfig] Configuración inicial obtenida
[2025-10-09 00:47:05] [INFO] [main] [useConfig] Configuración inicial obtenida
[2025-10-09 00:47:05] [INFO] [main] [useConfig] Configuración inicial obtenida
[2025-10-09 00:47:05] [INFO] [main] [useConfig] Configuración inicial obtenida
[2025-10-09 00:47:05] [INFO] [main] [useConfig] Configuración inicial obtenida
[2025-10-09 00:47:06] [INFO] [main] [statusLockers] Iniciando petición para obtener casilleros disponibles
[2025-10-09 00:47:06] [INFO] [main] [statusLockers] Timeout efectivo en ejecución: 30000
[2025-10-09 00:47:06] [INFO] [main] [statusLockers] Intento 1: HOST -> http://localhost:8080
[2025-10-09 00:47:06] [INFO] [main] [statusLockers] Intento 1: URL -> /api/lockers/get-all-status
[2025-10-09 00:47:06] [INFO] [main] [copyright] Versión cargada: 1.1.0
[2025-10-09 00:47:06] [INFO] [main] [app] Componente App montado
[2025-10-09 00:47:06] [INFO] [main] [app] Versión cargada: 1.1.0
[2025-10-09 00:47:06] [INFO] [main] [statusLockers] Iniciando petición para obtener casilleros disponibles
[2025-10-09 00:47:06] [INFO] [main] [statusLockers] Timeout efectivo en ejecución: 30000
[2025-10-09 00:47:06] [INFO] [main] [statusLockers] Intento 1: HOST -> http://localhost:8080
[2025-10-09 00:47:06] [INFO] [main] [statusLockers] Intento 1: URL -> /api/lockers/get-all-status
[2025-10-09 00:47:06] [INFO] [main] [copyright] Versión cargada: 1.1.0
[2025-10-09 00:47:06] [INFO] [main] [app] Componente App montado
[2025-10-09 00:47:06] [INFO] [main] [app] Versión cargada: 1.1.0
[2025-10-09 00:47:06] [INFO] [main] [useConfig] Configuración inicial obtenida
[2025-10-09 00:47:06] [INFO] [main] [useConfig] Configuración inicial obtenida
[2025-10-09 00:47:06] [INFO] [main] [useConfig] Configuración inicial obtenida
[2025-10-09 00:47:06] [INFO] [main] [useConfig] Configuración inicial obtenida
[2025-10-09 00:47:06] [INFO] [main] [useConfig] Configuración inicial obtenida
[2025-10-09 00:47:06] [INFO] [main] [useConfig] Configuración inicial obtenida
[2025-10-09 00:47:06] [INFO] [main] [useConfig] Configuración inicial obtenida
[2025-10-09 00:47:06] [INFO] [main] [useConfig] Configuración inicial obtenida
[2025-10-09 00:47:06] [INFO] [main] [scheduleReport] [daily] Primera inicialización — se calcula próximo target: 2025-10-09 00:48:00
[2025-10-09 00:47:06] [INFO] [main] [statusLockers] Response. Status: 200
[2025-10-09 00:47:06] [INFO] [main] [statusLockers] Response. Data: {"general":[{"status":"ocupado","total":12},{"status":"libre","total":1},{"status":"reservado","total":12},{"status":"deshabilitado","total":6}],"modules":[{"module":"A","lockers":[{"lockerCode":"A1","status":"reservado"},{"lockerCode":"A2","status":"Libre"},{"lockerCode":"A3","status":"Libre"},{"lockerCode":"A4","status":"ocupado"},{"lockerCode":"A5","status":"reservado"},{"lockerCode":"A6","status":"ocupado"},{"lockerCode":"A7","status":"deshabilitado"},{"lockerCode":"A8","status":"Libre"},{"lockerCode":"A9","status":"Libre"},{"lockerCode":"A10","status":"Libre"},{"lockerCode":"A11","status":"reservado"},{"lockerCode":"A12","status":"Libre"},{"lockerCode":"A13","status":"Libre"},{"lockerCode":"A14","status":"ocupado"},{"lockerCode":"A15","status":"reservado"},{"lockerCode":"A16","status":"ocupado"},{"lockerCode":"A17","status":"deshabilitado"},{"lockerCode":"A18","status":"Libre"},{"lockerCode":"A19","status":"Libre"},{"lockerCode":"A20","status":"Libre"},{"lockerCode":"A21","status":"reservado"},{"lockerCode":"A22","status":"Libre"},{"lockerCode":"A23","status":"Libre"},{"lockerCode":"A24","status":"ocupado"},{"lockerCode":"A25","status":"reservado"},{"lockerCode":"A26","status":"ocupado"},{"lockerCode":"A27","status":"deshabilitado"},{"lockerCode":"A28","status":"Libre"},{"lockerCode":"A29","status":"Libre"},{"lockerCode":"A30","status":"Libre"},{"lockerCode":"A31","status":"reservado"},{"lockerCode":"A32","status":"Libre"},{"lockerCode":"A33","status":"Libre"},{"lockerCode":"A34","status":"ocupado"},{"lockerCode":"A35","status":"reservado"},{"lockerCode":"A36","status":"ocupado"},{"lockerCode":"A37","status":"deshabilitado"},{"lockerCode":"A38","status":"Libre"},{"lockerCode":"A39","status":"Libre"},{"lockerCode":"A40","status":"Libre"},{"lockerCode":"A41","status":"reservado"},{"lockerCode":"A42","status":"Libre"},{"lockerCode":"A43","status":"Libre"},{"lockerCode":"A44","status":"ocupado"},{"lockerCode":"A45","status":"reservado"},{"lockerCode":"A46","status":"ocupado"},{"lockerCode":"A47","status":"deshabilitado"},{"lockerCode":"A48","status":"Libre"},{"lockerCode":"A49","status":"Libre"},{"lockerCode":"A50","status":"Libre"},{"lockerCode":"A51","status":"reservado"},{"lockerCode":"A52","status":"Libre"},{"lockerCode":"A53","status":"Libre"},{"lockerCode":"A54","status":"ocupado"},{"lockerCode":"A55","status":"reservado"},{"lockerCode":"A56","status":"ocupado"},{"lockerCode":"A57","status":"deshabilitado"},{"lockerCode":"A58","status":"Libre"},{"lockerCode":"A59","status":"Libre"},{"lockerCode":"A60","status":"Libre"},{"lockerCode":"A61","status":"reservado"},{"lockerCode":"A62","status":"Libre"},{"lockerCode":"A63","status":"Libre"},{"lockerCode":"A64","status":"ocupado"},{"lockerCode":"A65","status":"reservado"},{"lockerCode":"A66","status":"ocupado"},{"lockerCode":"A67","status":"deshabilitado"},{"lockerCode":"A68","status":"Libre"},{"lockerCode":"A69","status":"Libre"},{"lockerCode":"A70","status":"Libre"},{"lockerCode":"A71","status":"reservado"},{"lockerCode":"A72","status":"Libre"},{"lockerCode":"A73","status":"Libre"},{"lockerCode":"A74","status":"ocupado"},{"lockerCode":"A75","status":"reservado"},{"lockerCode":"A76","status":"ocupado"},{"lockerCode":"A77","status":"deshabilitado"},{"lockerCode":"A78","status":"Libre"},{"lockerCode":"A79","status":"Libre"},{"lockerCode":"A80","status":"Libre"}]},{"module":"B","lockers":[{"lockerCode":"B1","status":"reservado"},{"lockerCode":"B2","status":"Libre"},{"lockerCode":"B3","status":"Libre"},{"lockerCode":"B4","status":"ocupado"},{"lockerCode":"B5","status":"reservado"}]},{"module":"C","lockers":[{"lockerCode":"C1","status":"reservado"},{"lockerCode":"C2","status":"Libre"},{"lockerCode":"C3","status":"Libre"},{"lockerCode":"C4","status":"ocupado"},{"lockerCode":"C5","status":"reservado"},{"lockerCode":"C6","status":"ocupado"},{"lockerCode":"C7","status":"deshabilitado"},{"lockerCode":"C8","status":"Libre"},{"lockerCode":"C9","status":"Libre"},{"lockerCode":"C10","status":"Libre"},{"lockerCode":"C11","status":"reservado"},{"lockerCode":"C12","status":"ocupado"},{"lockerCode":"C13","status":"deshabilitado"},{"lockerCode":"C14","status":"Libre"},{"lockerCode":"C15","status":"Libre"},{"lockerCode":"C16","status":"Libre"}]},{"module":"D","lockers":[{"lockerCode":"D1","status":"reservado"}]},{"module":"E","lockers":[{"lockerCode":"E1","status":"reservado"},{"lockerCode":"E2","status":"Libre"},{"lockerCode":"E3","status":"Libre"},{"lockerCode":"E4","status":"ocupado"},{"lockerCode":"E5","status":"reservado"},{"lockerCode":"E6","status":"ocupado"},{"lockerCode":"E7","status":"deshabilitado"},{"lockerCode":"E8","status":"Libre"},{"lockerCode":"E9","status":"Libre"},{"lockerCode":"E10","status":"Libre"}]},{"module":"F","lockers":[{"lockerCode":"F1","status":"reservado"},{"lockerCode":"F2","status":"Libre"},{"lockerCode":"F3","status":"Libre"},{"lockerCode":"F4","status":"ocupado"},{"lockerCode":"F5","status":"reservado"},{"lockerCode":"F6","status":"ocupado"},{"lockerCode":"F7","status":"deshabilitado"},{"lockerCode":"F8","status":"Libre"},{"lockerCode":"F9","status":"Libre"},{"lockerCode":"F10","status":"Libre"}]}]}
[2025-10-09 00:47:06] [INFO] [main] [scheduleReport] [daily] Primera inicialización — se calcula próximo target: 2025-10-09 00:48:00
[2025-10-09 00:47:06] [INFO] [main] [statusLockers] Response. Status: 200
[2025-10-09 00:47:06] [INFO] [main] [statusLockers] Response. Data: {"general":[{"status":"ocupado","total":12},{"status":"libre","total":1},{"status":"reservado","total":12},{"status":"deshabilitado","total":6}],"modules":[{"module":"A","lockers":[{"lockerCode":"A1","status":"reservado"},{"lockerCode":"A2","status":"Libre"},{"lockerCode":"A3","status":"Libre"},{"lockerCode":"A4","status":"ocupado"},{"lockerCode":"A5","status":"reservado"},{"lockerCode":"A6","status":"ocupado"},{"lockerCode":"A7","status":"deshabilitado"},{"lockerCode":"A8","status":"Libre"},{"lockerCode":"A9","status":"Libre"},{"lockerCode":"A10","status":"Libre"},{"lockerCode":"A11","status":"reservado"},{"lockerCode":"A12","status":"Libre"},{"lockerCode":"A13","status":"Libre"},{"lockerCode":"A14","status":"ocupado"},{"lockerCode":"A15","status":"reservado"},{"lockerCode":"A16","status":"ocupado"},{"lockerCode":"A17","status":"deshabilitado"},{"lockerCode":"A18","status":"Libre"},{"lockerCode":"A19","status":"Libre"},{"lockerCode":"A20","status":"Libre"},{"lockerCode":"A21","status":"reservado"},{"lockerCode":"A22","status":"Libre"},{"lockerCode":"A23","status":"Libre"},{"lockerCode":"A24","status":"ocupado"},{"lockerCode":"A25","status":"reservado"},{"lockerCode":"A26","status":"ocupado"},{"lockerCode":"A27","status":"deshabilitado"},{"lockerCode":"A28","status":"Libre"},{"lockerCode":"A29","status":"Libre"},{"lockerCode":"A30","status":"Libre"},{"lockerCode":"A31","status":"reservado"},{"lockerCode":"A32","status":"Libre"},{"lockerCode":"A33","status":"Libre"},{"lockerCode":"A34","status":"ocupado"},{"lockerCode":"A35","status":"reservado"},{"lockerCode":"A36","status":"ocupado"},{"lockerCode":"A37","status":"deshabilitado"},{"lockerCode":"A38","status":"Libre"},{"lockerCode":"A39","status":"Libre"},{"lockerCode":"A40","status":"Libre"},{"lockerCode":"A41","status":"reservado"},{"lockerCode":"A42","status":"Libre"},{"lockerCode":"A43","status":"Libre"},{"lockerCode":"A44","status":"ocupado"},{"lockerCode":"A45","status":"reservado"},{"lockerCode":"A46","status":"ocupado"},{"lockerCode":"A47","status":"deshabilitado"},{"lockerCode":"A48","status":"Libre"},{"lockerCode":"A49","status":"Libre"},{"lockerCode":"A50","status":"Libre"},{"lockerCode":"A51","status":"reservado"},{"lockerCode":"A52","status":"Libre"},{"lockerCode":"A53","status":"Libre"},{"lockerCode":"A54","status":"ocupado"},{"lockerCode":"A55","status":"reservado"},{"lockerCode":"A56","status":"ocupado"},{"lockerCode":"A57","status":"deshabilitado"},{"lockerCode":"A58","status":"Libre"},{"lockerCode":"A59","status":"Libre"},{"lockerCode":"A60","status":"Libre"},{"lockerCode":"A61","status":"reservado"},{"lockerCode":"A62","status":"Libre"},{"lockerCode":"A63","status":"Libre"},{"lockerCode":"A64","status":"ocupado"},{"lockerCode":"A65","status":"reservado"},{"lockerCode":"A66","status":"ocupado"},{"lockerCode":"A67","status":"deshabilitado"},{"lockerCode":"A68","status":"Libre"},{"lockerCode":"A69","status":"Libre"},{"lockerCode":"A70","status":"Libre"},{"lockerCode":"A71","status":"reservado"},{"lockerCode":"A72","status":"Libre"},{"lockerCode":"A73","status":"Libre"},{"lockerCode":"A74","status":"ocupado"},{"lockerCode":"A75","status":"reservado"},{"lockerCode":"A76","status":"ocupado"},{"lockerCode":"A77","status":"deshabilitado"},{"lockerCode":"A78","status":"Libre"},{"lockerCode":"A79","status":"Libre"},{"lockerCode":"A80","status":"Libre"}]},{"module":"B","lockers":[{"lockerCode":"B1","status":"reservado"},{"lockerCode":"B2","status":"Libre"},{"lockerCode":"B3","status":"Libre"},{"lockerCode":"B4","status":"ocupado"},{"lockerCode":"B5","status":"reservado"}]},{"module":"C","lockers":[{"lockerCode":"C1","status":"reservado"},{"lockerCode":"C2","status":"Libre"},{"lockerCode":"C3","status":"Libre"},{"lockerCode":"C4","status":"ocupado"},{"lockerCode":"C5","status":"reservado"},{"lockerCode":"C6","status":"ocupado"},{"lockerCode":"C7","status":"deshabilitado"},{"lockerCode":"C8","status":"Libre"},{"lockerCode":"C9","status":"Libre"},{"lockerCode":"C10","status":"Libre"},{"lockerCode":"C11","status":"reservado"},{"lockerCode":"C12","status":"ocupado"},{"lockerCode":"C13","status":"deshabilitado"},{"lockerCode":"C14","status":"Libre"},{"lockerCode":"C15","status":"Libre"},{"lockerCode":"C16","status":"Libre"}]},{"module":"D","lockers":[{"lockerCode":"D1","status":"reservado"}]},{"module":"E","lockers":[{"lockerCode":"E1","status":"reservado"},{"lockerCode":"E2","status":"Libre"},{"lockerCode":"E3","status":"Libre"},{"lockerCode":"E4","status":"ocupado"},{"lockerCode":"E5","status":"reservado"},{"lockerCode":"E6","status":"ocupado"},{"lockerCode":"E7","status":"deshabilitado"},{"lockerCode":"E8","status":"Libre"},{"lockerCode":"E9","status":"Libre"},{"lockerCode":"E10","status":"Libre"}]},{"module":"F","lockers":[{"lockerCode":"F1","status":"reservado"},{"lockerCode":"F2","status":"Libre"},{"lockerCode":"F3","status":"Libre"},{"lockerCode":"F4","status":"ocupado"},{"lockerCode":"F5","status":"reservado"},{"lockerCode":"F6","status":"ocupado"},{"lockerCode":"F7","status":"deshabilitado"},{"lockerCode":"F8","status":"Libre"},{"lockerCode":"F9","status":"Libre"},{"lockerCode":"F10","status":"Libre"}]}]}
[2025-10-09 00:47:07] [INFO] [main] [statusLockers] Response. Status: 200
[2025-10-09 00:47:07] [INFO] [main] [statusLockers] Response. Data: {"general":[{"status":"ocupado","total":12},{"status":"libre","total":1},{"status":"reservado","total":12},{"status":"deshabilitado","total":6}],"modules":[{"module":"A","lockers":[{"lockerCode":"A1","status":"reservado"},{"lockerCode":"A2","status":"Libre"},{"lockerCode":"A3","status":"Libre"},{"lockerCode":"A4","status":"ocupado"},{"lockerCode":"A5","status":"reservado"},{"lockerCode":"A6","status":"ocupado"},{"lockerCode":"A7","status":"deshabilitado"},{"lockerCode":"A8","status":"Libre"},{"lockerCode":"A9","status":"Libre"},{"lockerCode":"A10","status":"Libre"},{"lockerCode":"A11","status":"reservado"},{"lockerCode":"A12","status":"Libre"},{"lockerCode":"A13","status":"Libre"},{"lockerCode":"A14","status":"ocupado"},{"lockerCode":"A15","status":"reservado"},{"lockerCode":"A16","status":"ocupado"},{"lockerCode":"A17","status":"deshabilitado"},{"lockerCode":"A18","status":"Libre"},{"lockerCode":"A19","status":"Libre"},{"lockerCode":"A20","status":"Libre"},{"lockerCode":"A21","status":"reservado"},{"lockerCode":"A22","status":"Libre"},{"lockerCode":"A23","status":"Libre"},{"lockerCode":"A24","status":"ocupado"},{"lockerCode":"A25","status":"reservado"},{"lockerCode":"A26","status":"ocupado"},{"lockerCode":"A27","status":"deshabilitado"},{"lockerCode":"A28","status":"Libre"},{"lockerCode":"A29","status":"Libre"},{"lockerCode":"A30","status":"Libre"},{"lockerCode":"A31","status":"reservado"},{"lockerCode":"A32","status":"Libre"},{"lockerCode":"A33","status":"Libre"},{"lockerCode":"A34","status":"ocupado"},{"lockerCode":"A35","status":"reservado"},{"lockerCode":"A36","status":"ocupado"},{"lockerCode":"A37","status":"deshabilitado"},{"lockerCode":"A38","status":"Libre"},{"lockerCode":"A39","status":"Libre"},{"lockerCode":"A40","status":"Libre"},{"lockerCode":"A41","status":"reservado"},{"lockerCode":"A42","status":"Libre"},{"lockerCode":"A43","status":"Libre"},{"lockerCode":"A44","status":"ocupado"},{"lockerCode":"A45","status":"reservado"},{"lockerCode":"A46","status":"ocupado"},{"lockerCode":"A47","status":"deshabilitado"},{"lockerCode":"A48","status":"Libre"},{"lockerCode":"A49","status":"Libre"},{"lockerCode":"A50","status":"Libre"},{"lockerCode":"A51","status":"reservado"},{"lockerCode":"A52","status":"Libre"},{"lockerCode":"A53","status":"Libre"},{"lockerCode":"A54","status":"ocupado"},{"lockerCode":"A55","status":"reservado"},{"lockerCode":"A56","status":"ocupado"},{"lockerCode":"A57","status":"deshabilitado"},{"lockerCode":"A58","status":"Libre"},{"lockerCode":"A59","status":"Libre"},{"lockerCode":"A60","status":"Libre"},{"lockerCode":"A61","status":"reservado"},{"lockerCode":"A62","status":"Libre"},{"lockerCode":"A63","status":"Libre"},{"lockerCode":"A64","status":"ocupado"},{"lockerCode":"A65","status":"reservado"},{"lockerCode":"A66","status":"ocupado"},{"lockerCode":"A67","status":"deshabilitado"},{"lockerCode":"A68","status":"Libre"},{"lockerCode":"A69","status":"Libre"},{"lockerCode":"A70","status":"Libre"},{"lockerCode":"A71","status":"reservado"},{"lockerCode":"A72","status":"Libre"},{"lockerCode":"A73","status":"Libre"},{"lockerCode":"A74","status":"ocupado"},{"lockerCode":"A75","status":"reservado"},{"lockerCode":"A76","status":"ocupado"},{"lockerCode":"A77","status":"deshabilitado"},{"lockerCode":"A78","status":"Libre"},{"lockerCode":"A79","status":"Libre"},{"lockerCode":"A80","status":"Libre"}]},{"module":"B","lockers":[{"lockerCode":"B1","status":"reservado"},{"lockerCode":"B2","status":"Libre"},{"lockerCode":"B3","status":"Libre"},{"lockerCode":"B4","status":"ocupado"},{"lockerCode":"B5","status":"reservado"}]},{"module":"C","lockers":[{"lockerCode":"C1","status":"reservado"},{"lockerCode":"C2","status":"Libre"},{"lockerCode":"C3","status":"Libre"},{"lockerCode":"C4","status":"ocupado"},{"lockerCode":"C5","status":"reservado"},{"lockerCode":"C6","status":"ocupado"},{"lockerCode":"C7","status":"deshabilitado"},{"lockerCode":"C8","status":"Libre"},{"lockerCode":"C9","status":"Libre"},{"lockerCode":"C10","status":"Libre"},{"lockerCode":"C11","status":"reservado"},{"lockerCode":"C12","status":"ocupado"},{"lockerCode":"C13","status":"deshabilitado"},{"lockerCode":"C14","status":"Libre"},{"lockerCode":"C15","status":"Libre"},{"lockerCode":"C16","status":"Libre"}]},{"module":"D","lockers":[{"lockerCode":"D1","status":"reservado"}]},{"module":"E","lockers":[{"lockerCode":"E1","status":"reservado"},{"lockerCode":"E2","status":"Libre"},{"lockerCode":"E3","status":"Libre"},{"lockerCode":"E4","status":"ocupado"},{"lockerCode":"E5","status":"reservado"},{"lockerCode":"E6","status":"ocupado"},{"lockerCode":"E7","status":"deshabilitado"},{"lockerCode":"E8","status":"Libre"},{"lockerCode":"E9","status":"Libre"},{"lockerCode":"E10","status":"Libre"}]},{"module":"F","lockers":[{"lockerCode":"F1","status":"reservado"},{"lockerCode":"F2","status":"Libre"},{"lockerCode":"F3","status":"Libre"},{"lockerCode":"F4","status":"ocupado"},{"lockerCode":"F5","status":"reservado"},{"lockerCode":"F6","status":"ocupado"},{"lockerCode":"F7","status":"deshabilitado"},{"lockerCode":"F8","status":"Libre"},{"lockerCode":"F9","status":"Libre"},{"lockerCode":"F10","status":"Libre"}]}]}
[2025-10-09 00:47:08] [INFO] [main] [statusLockers] Response. Status: 200
[2025-10-09 00:47:08] [INFO] [main] [statusLockers] Response. Data: {"general":[{"status":"ocupado","total":12},{"status":"libre","total":1},{"status":"reservado","total":12},{"status":"deshabilitado","total":6}],"modules":[{"module":"A","lockers":[{"lockerCode":"A1","status":"reservado"},{"lockerCode":"A2","status":"Libre"},{"lockerCode":"A3","status":"Libre"},{"lockerCode":"A4","status":"ocupado"},{"lockerCode":"A5","status":"reservado"},{"lockerCode":"A6","status":"ocupado"},{"lockerCode":"A7","status":"deshabilitado"},{"lockerCode":"A8","status":"Libre"},{"lockerCode":"A9","status":"Libre"},{"lockerCode":"A10","status":"Libre"},{"lockerCode":"A11","status":"reservado"},{"lockerCode":"A12","status":"Libre"},{"lockerCode":"A13","status":"Libre"},{"lockerCode":"A14","status":"ocupado"},{"lockerCode":"A15","status":"reservado"},{"lockerCode":"A16","status":"ocupado"},{"lockerCode":"A17","status":"deshabilitado"},{"lockerCode":"A18","status":"Libre"},{"lockerCode":"A19","status":"Libre"},{"lockerCode":"A20","status":"Libre"},{"lockerCode":"A21","status":"reservado"},{"lockerCode":"A22","status":"Libre"},{"lockerCode":"A23","status":"Libre"},{"lockerCode":"A24","status":"ocupado"},{"lockerCode":"A25","status":"reservado"},{"lockerCode":"A26","status":"ocupado"},{"lockerCode":"A27","status":"deshabilitado"},{"lockerCode":"A28","status":"Libre"},{"lockerCode":"A29","status":"Libre"},{"lockerCode":"A30","status":"Libre"},{"lockerCode":"A31","status":"reservado"},{"lockerCode":"A32","status":"Libre"},{"lockerCode":"A33","status":"Libre"},{"lockerCode":"A34","status":"ocupado"},{"lockerCode":"A35","status":"reservado"},{"lockerCode":"A36","status":"ocupado"},{"lockerCode":"A37","status":"deshabilitado"},{"lockerCode":"A38","status":"Libre"},{"lockerCode":"A39","status":"Libre"},{"lockerCode":"A40","status":"Libre"},{"lockerCode":"A41","status":"reservado"},{"lockerCode":"A42","status":"Libre"},{"lockerCode":"A43","status":"Libre"},{"lockerCode":"A44","status":"ocupado"},{"lockerCode":"A45","status":"reservado"},{"lockerCode":"A46","status":"ocupado"},{"lockerCode":"A47","status":"deshabilitado"},{"lockerCode":"A48","status":"Libre"},{"lockerCode":"A49","status":"Libre"},{"lockerCode":"A50","status":"Libre"},{"lockerCode":"A51","status":"reservado"},{"lockerCode":"A52","status":"Libre"},{"lockerCode":"A53","status":"Libre"},{"lockerCode":"A54","status":"ocupado"},{"lockerCode":"A55","status":"reservado"},{"lockerCode":"A56","status":"ocupado"},{"lockerCode":"A57","status":"deshabilitado"},{"lockerCode":"A58","status":"Libre"},{"lockerCode":"A59","status":"Libre"},{"lockerCode":"A60","status":"Libre"},{"lockerCode":"A61","status":"reservado"},{"lockerCode":"A62","status":"Libre"},{"lockerCode":"A63","status":"Libre"},{"lockerCode":"A64","status":"ocupado"},{"lockerCode":"A65","status":"reservado"},{"lockerCode":"A66","status":"ocupado"},{"lockerCode":"A67","status":"deshabilitado"},{"lockerCode":"A68","status":"Libre"},{"lockerCode":"A69","status":"Libre"},{"lockerCode":"A70","status":"Libre"},{"lockerCode":"A71","status":"reservado"},{"lockerCode":"A72","status":"Libre"},{"lockerCode":"A73","status":"Libre"},{"lockerCode":"A74","status":"ocupado"},{"lockerCode":"A75","status":"reservado"},{"lockerCode":"A76","status":"ocupado"},{"lockerCode":"A77","status":"deshabilitado"},{"lockerCode":"A78","status":"Libre"},{"lockerCode":"A79","status":"Libre"},{"lockerCode":"A80","status":"Libre"}]},{"module":"B","lockers":[{"lockerCode":"B1","status":"reservado"},{"lockerCode":"B2","status":"Libre"},{"lockerCode":"B3","status":"Libre"},{"lockerCode":"B4","status":"ocupado"},{"lockerCode":"B5","status":"reservado"}]},{"module":"C","lockers":[{"lockerCode":"C1","status":"reservado"},{"lockerCode":"C2","status":"Libre"},{"lockerCode":"C3","status":"Libre"},{"lockerCode":"C4","status":"ocupado"},{"lockerCode":"C5","status":"reservado"},{"lockerCode":"C6","status":"ocupado"},{"lockerCode":"C7","status":"deshabilitado"},{"lockerCode":"C8","status":"Libre"},{"lockerCode":"C9","status":"Libre"},{"lockerCode":"C10","status":"Libre"},{"lockerCode":"C11","status":"reservado"},{"lockerCode":"C12","status":"ocupado"},{"lockerCode":"C13","status":"deshabilitado"},{"lockerCode":"C14","status":"Libre"},{"lockerCode":"C15","status":"Libre"},{"lockerCode":"C16","status":"Libre"}]},{"module":"D","lockers":[{"lockerCode":"D1","status":"reservado"}]},{"module":"E","lockers":[{"lockerCode":"E1","status":"reservado"},{"lockerCode":"E2","status":"Libre"},{"lockerCode":"E3","status":"Libre"},{"lockerCode":"E4","status":"ocupado"},{"lockerCode":"E5","status":"reservado"},{"lockerCode":"E6","status":"ocupado"},{"lockerCode":"E7","status":"deshabilitado"},{"lockerCode":"E8","status":"Libre"},{"lockerCode":"E9","status":"Libre"},{"lockerCode":"E10","status":"Libre"}]},{"module":"F","lockers":[{"lockerCode":"F1","status":"reservado"},{"lockerCode":"F2","status":"Libre"},{"lockerCode":"F3","status":"Libre"},{"lockerCode":"F4","status":"ocupado"},{"lockerCode":"F5","status":"reservado"},{"lockerCode":"F6","status":"ocupado"},{"lockerCode":"F7","status":"deshabilitado"},{"lockerCode":"F8","status":"Libre"},{"lockerCode":"F9","status":"Libre"},{"lockerCode":"F10","status":"Libre"}]}]}
[2025-10-09 00:47:26] [INFO] Voz cacheada por defecto: Microsoft Sabina Desktop
[2025-10-09 00:47:31] [INFO] [main] [scheduleReport] [daily] Primera inicialización — se calcula próximo target: 2025-10-09 00:48:00
[2025-10-09 00:47:31] [INFO] [main] [scheduleReport] [weekly] Primera inicialización — se calcula próximo target: 2025-10-13 00:10:00
[2025-10-09 00:47:31] [INFO] [main] [scheduleReport] [monthly] Primera inicialización — se calcula próximo target: 2025-11-01 00:15:00
[2025-10-09 00:47:32] [INFO] [main] [scheduleReport] [daily] Primera inicialización — se calcula próximo target: 2025-10-09 00:48:00
[2025-10-09 00:47:32] [INFO] [main] [scheduleReport] [weekly] Primera inicialización — se calcula próximo target: 2025-10-13 00:10:00
[2025-10-09 00:47:32] [INFO] [main] [scheduleReport] [monthly] Primera inicialización — se calcula próximo target: 2025-11-01 00:15:00
[2025-10-09 00:47:38] [INFO] [main] [scheduleReport] [daily] Primera inicialización — se calcula próximo target: 2025-10-09 00:48:00
[2025-10-09 00:47:38] [INFO] [main] [scheduleReport] [weekly] Primera inicialización — se calcula próximo target: 2025-10-13 00:10:00
[2025-10-09 00:47:38] [INFO] [main] [scheduleReport] [monthly] Primera inicialización — se calcula próximo target: 2025-11-01 00:15:00
[2025-10-09 00:47:39] [INFO] [main] [scheduleReport] [daily] Primera inicialización — se calcula próximo target: 2025-10-09 00:48:00
[2025-10-09 00:47:39] [INFO] [main] [scheduleReport] [weekly] Primera inicialización — se calcula próximo target: 2025-10-13 00:10:00
[2025-10-09 00:47:39] [INFO] [main] [scheduleReport] [monthly] Primera inicialización — se calcula próximo target: 2025-11-01 00:15:00
[2025-10-09 00:48:19] [INFO] [main] [scheduleReport] [daily] Primera inicialización — se calcula próximo target: 2025-10-10 00:48:00
[2025-10-09 00:48:19] [INFO] [main] [scheduleReport] [weekly] Primera inicialización — se calcula próximo target: 2025-10-13 00:10:00
[2025-10-09 00:48:19] [INFO] [main] [scheduleReport] [monthly] Primera inicialización — se calcula próximo target: 2025-11-01 00:15:00
[2025-10-09 00:48:20] [INFO] [main] [scheduleReport] [daily] Primera inicialización — se calcula próximo target: 2025-10-10 00:48:00
[2025-10-09 00:48:20] [INFO] [main] [scheduleReport] [weekly] Primera inicialización — se calcula próximo target: 2025-10-13 00:10:00
[2025-10-09 00:48:20] [INFO] [main] [scheduleReport] [monthly] Primera inicialización — se calcula próximo target: 2025-11-01 00:15:00
[2025-10-09 00:48:33] [INFO] [main] [scheduleReport] [daily] Primera inicialización — se calcula próximo target: 2025-10-10 00:48:00
[2025-10-09 00:48:33] [INFO] [main] [scheduleReport] [weekly] Primera inicialización — se calcula próximo target: 2025-10-13 00:10:00
[2025-10-09 00:48:33] [INFO] [main] [scheduleReport] [monthly] Primera inicialización — se calcula próximo target: 2025-11-01 00:15:00
[2025-10-09 00:49:41] [INFO] [main] [scheduleReport] [daily] Primera inicialización — se calcula próximo target: 2025-10-10 00:48:00
[2025-10-09 00:49:41] [INFO] [main] [scheduleReport] [weekly] Primera inicialización — se calcula próximo target: 2025-10-13 00:10:00
[2025-10-09 00:49:41] [INFO] [main] [scheduleReport] [monthly] Primera inicialización — se calcula próximo target: 2025-11-01 00:15:00
[2025-10-09 00:49:41] [INFO] [main] [scheduleReport] [daily] Primera inicialización — se calcula próximo target: 2025-10-10 00:48:00
[2025-10-09 00:49:41] [INFO] [main] [scheduleReport] [weekly] Primera inicialización — se calcula próximo target: 2025-10-13 00:10:00
[2025-10-09 00:49:41] [INFO] [main] [scheduleReport] [monthly] Primera inicialización — se calcula próximo target: 2025-11-01 00:15:00
[2025-10-09 00:54:41] [INFO] [main] [scheduleReport] [daily] Primera inicialización — se calcula próximo target: 2025-10-10 00:48:00
[2025-10-09 00:54:41] [INFO] [main] [scheduleReport] [weekly] Primera inicialización — se calcula próximo target: 2025-10-13 00:10:00
[2025-10-09 00:54:41] [INFO] [main] [scheduleReport] [monthly] Primera inicialización — se calcula próximo target: 2025-11-01 00:15:00
[2025-10-09 00:54:42] [INFO] [main] [scheduleReport] [daily] Inicialización — próximo target: 2025-10-10 00:48:00
[2025-10-09 00:54:42] [INFO] [main] [scheduleReport] [weekly] Inicialización — próximo target: 2025-10-13 00:10:00
[2025-10-09 00:54:42] [INFO] [main] [scheduleReport] [monthly] Inicialización — próximo target: 2025-11-01 00:15:00
[2025-10-09 00:55:44] [INFO] [main] [scheduleReport] [daily] Inicialización — próximo target: 2025-10-10 00:48:00
[2025-10-09 00:55:44] [INFO] [main] [scheduleReport] [weekly] Inicialización — próximo target: 2025-10-13 00:10:00
[2025-10-09 00:55:44] [INFO] [main] [scheduleReport] [monthly] Inicialización — próximo target: 2025-11-01 00:15:00
[2025-10-09 00:55:47] [INFO] [main] [scheduleReport] [daily] Inicialización — próximo target: 2025-10-10 00:48:00
[2025-10-09 00:55:47] [INFO] [main] [scheduleReport] [weekly] Inicialización — próximo target: 2025-10-13 00:10:00
[2025-10-09 00:55:47] [INFO] [main] [scheduleReport] [monthly] Inicialización — próximo target: 2025-11-01 00:15:00
[2025-10-09 00:56:02] [INFO] [main] [scheduleReport] [daily] Inicialización — próximo target: 2025-10-10 00:48:00
[2025-10-09 00:56:02] [INFO] [main] [scheduleReport] [weekly] Inicialización — próximo target: 2025-10-13 00:10:00
[2025-10-09 00:56:02] [INFO] [main] [scheduleReport] [monthly] Inicialización — próximo target: 2025-11-01 00:15:00
[2025-10-09 00:56:12] [INFO] [main] [scheduleReport] [daily] Inicialización — próximo target: 2025-10-10 00:48:00
[2025-10-09 00:56:12] [INFO] [main] [scheduleReport] [weekly] Inicialización — próximo target: 2025-10-13 00:10:00
[2025-10-09 00:56:12] [INFO] [main] [scheduleReport] [monthly] Inicialización — próximo target: 2025-11-01 00:15:00
[2025-10-09 00:56:23] [INFO] [main] [scheduleReport] [daily] Inicialización — próximo target: 2025-10-10 00:48:00
[2025-10-09 00:56:23] [INFO] [main] [scheduleReport] [weekly] Inicialización — próximo target: 2025-10-13 00:10:00
[2025-10-09 00:56:23] [INFO] [main] [scheduleReport] [monthly] Inicialización — próximo target: 2025-11-01 00:15:00
[2025-10-09 00:56:24] [INFO] [main] [scheduleReport] [daily] Inicialización — próximo target: 2025-10-10 00:48:00
[2025-10-09 00:56:24] [INFO] [main] [scheduleReport] [weekly] Inicialización — próximo target: 2025-10-13 00:10:00
[2025-10-09 00:56:24] [INFO] [main] [scheduleReport] [monthly] Inicialización — próximo target: 2025-11-01 00:15:00
[2025-10-09 00:56:28] [INFO] [main] [scheduleReport] [daily] Inicialización — próximo target: 2025-10-10 00:48:00
[2025-10-09 00:56:28] [INFO] [main] [scheduleReport] [weekly] Inicialización — próximo target: 2025-10-13 00:10:00
[2025-10-09 00:56:28] [INFO] [main] [scheduleReport] [monthly] Inicialización — próximo target: 2025-11-01 00:15:00
[2025-10-09 00:56:38] [INFO] [main] Recibido config actualizado
[2025-10-09 00:56:38] [INFO] [setupWatcher] Archivo setup_config.json cargado correctamente
[2025-10-09 00:56:38] [INFO] [main] [configStore] Configuración actualizada
[2025-10-09 00:56:38] [INFO] [main] [configStore] Nueva configuración recibida vía IPC
[2025-10-09 00:56:38] [INFO] [main] [useConfig] Configuración actualizada mediante onConfigUpdate
[2025-10-09 00:56:38] [INFO] [main] [useConfig] Configuración actualizada mediante onConfigUpdate
[2025-10-09 00:56:38] [INFO] [main] [useConfig] Configuración actualizada mediante onConfigUpdate
[2025-10-09 00:56:38] [INFO] [main] [useConfig] Configuración actualizada mediante onConfigUpdate
[2025-10-09 00:56:38] [INFO] [main] [useConfig] Configuración actualizada mediante onConfigUpdate
[2025-10-09 00:56:38] [INFO] [main] [useConfig] Configuración actualizada mediante onConfigUpdate
[2025-10-09 00:56:38] [INFO] [main] [useConfig] Configuración actualizada mediante onConfigUpdate
[2025-10-09 00:56:38] [INFO] [main] [useConfig] Configuración actualizada mediante onConfigUpdate
[2025-10-09 00:56:38] [INFO] [main] [useConfig] Configuración actualizada mediante onConfigUpdate
[2025-10-09 00:56:38] [INFO] [main] [useConfig] Configuración actualizada mediante onConfigUpdate
[2025-10-09 00:56:38] [INFO] [main] [useConfig] Configuración actualizada mediante onConfigUpdate
[2025-10-09 00:56:38] [INFO] [main] [useConfig] Configuración actualizada mediante onConfigUpdate
[2025-10-09 00:56:38] [INFO] [main] [useConfig] Configuración actualizada mediante onConfigUpdate
[2025-10-09 00:56:38] [INFO] [main] [useConfig] Configuración actualizada mediante onConfigUpdate
[2025-10-09 00:56:38] [INFO] [main] [useConfig] Configuración actualizada mediante onConfigUpdate
[2025-10-09 00:56:38] [INFO] [main] [useConfig] Configuración actualizada mediante onConfigUpdate
[2025-10-09 00:56:38] [INFO] [main] [useConfig] Configuración actualizada mediante onConfigUpdate
[2025-10-09 00:56:38] [INFO] [main] [useConfig] Configuración actualizada mediante onConfigUpdate
[2025-10-09 00:56:38] [INFO] [main] [useConfig] Configuración actualizada mediante onConfigUpdate
[2025-10-09 00:56:38] [INFO] [main] [useConfig] Configuración actualizada mediante onConfigUpdate
[2025-10-09 00:56:38] [INFO] [main] [useConfig] Configuración actualizada mediante onConfigUpdate
[2025-10-09 00:56:38] [INFO] [main] [useConfig] Configuración actualizada mediante onConfigUpdate
[2025-10-09 00:56:38] [INFO] [main] [useConfig] Configuración actualizada mediante onConfigUpdate
[2025-10-09 00:56:38] [INFO] [main] [useConfig] Configuración actualizada mediante onConfigUpdate
[2025-10-09 00:56:38] [INFO] [main] [useConfig] Configuración actualizada mediante onConfigUpdate
[2025-10-09 00:56:38] [INFO] [main] [useConfig] Configuración actualizada mediante onConfigUpdate
[2025-10-09 00:56:38] [INFO] [main] [useConfig] Configuración actualizada mediante onConfigUpdate
[2025-10-09 00:56:38] [INFO] [main] [useConfig] Configuración actualizada mediante onConfigUpdate
[2025-10-09 00:56:38] [INFO] [main] [useConfig] Configuración actualizada mediante onConfigUpdate
[2025-10-09 00:56:38] [INFO] [main] [useConfig] Configuración actualizada mediante onConfigUpdate
[2025-10-09 00:56:38] [INFO] [main] [useConfig] Configuración actualizada mediante onConfigUpdate
[2025-10-09 00:56:38] [INFO] [main] [useConfig] Configuración actualizada mediante onConfigUpdate
[2025-10-09 00:56:38] [INFO] [main] [useConfig] Configuración actualizada mediante onConfigUpdate
[2025-10-09 00:56:38] [INFO] [main] [useConfig] Configuración actualizada mediante onConfigUpdate
[2025-10-09 00:56:38] [INFO] [main] [useConfig] Configuración actualizada mediante onConfigUpdate
[2025-10-09 00:56:38] [INFO] [main] [useConfig] Configuración actualizada mediante onConfigUpdate
[2025-10-09 00:56:38] [INFO] [main] [useConfig] Configuración actualizada mediante onConfigUpdate
[2025-10-09 00:56:38] [INFO] [main] [useConfig] Configuración actualizada mediante onConfigUpdate
[2025-10-09 00:56:38] [INFO] [main] [useConfig] Configuración actualizada mediante onConfigUpdate
[2025-10-09 00:56:38] [INFO] [main] [useConfig] Configuración actualizada mediante onConfigUpdate
[2025-10-09 00:56:38] [INFO] [main] [useConfig] Configuración actualizada mediante onConfigUpdate
[2025-10-09 00:56:38] [INFO] [main] [useConfig] Configuración actualizada mediante onConfigUpdate
[2025-10-09 00:56:38] [INFO] [main] Recibido config actualizado
[2025-10-09 00:56:38] [INFO] [setupWatcher] Archivo setup_config.json cargado correctamente
[2025-10-09 00:56:38] [INFO] [main] [app] [Scheduler] Config cambió → reseteando localStorage
[2025-10-09 00:56:38] [INFO] [main] [scheduleReport] [daily] Inicialización — próximo target: 2025-10-09 00:57:00
[2025-10-09 00:56:38] [INFO] [main] [scheduleReport] [weekly] Inicialización — próximo target: 2025-10-13 00:10:00
[2025-10-09 00:56:38] [INFO] [main] [scheduleReport] [monthly] Inicialización — próximo target: 2025-11-01 00:15:00
[2025-10-09 00:56:38] [INFO] [main] [configStore] Configuración actualizada
[2025-10-09 00:56:38] [INFO] [main] [configStore] Nueva configuración recibida vía IPC
[2025-10-09 00:56:38] [INFO] [main] [useConfig] Configuración actualizada mediante onConfigUpdate
[2025-10-09 00:56:38] [INFO] [main] [useConfig] Configuración actualizada mediante onConfigUpdate
[2025-10-09 00:56:38] [INFO] [main] [useConfig] Configuración actualizada mediante onConfigUpdate
[2025-10-09 00:56:38] [INFO] [main] [useConfig] Configuración actualizada mediante onConfigUpdate
[2025-10-09 00:56:38] [INFO] [main] [useConfig] Configuración actualizada mediante onConfigUpdate
[2025-10-09 00:56:38] [INFO] [main] [useConfig] Configuración actualizada mediante onConfigUpdate
[2025-10-09 00:56:38] [INFO] [main] [useConfig] Configuración actualizada mediante onConfigUpdate
[2025-10-09 00:56:38] [INFO] [main] [useConfig] Configuración actualizada mediante onConfigUpdate
[2025-10-09 00:56:38] [INFO] [main] [useConfig] Configuración actualizada mediante onConfigUpdate
[2025-10-09 00:56:38] [INFO] [main] [useConfig] Configuración actualizada mediante onConfigUpdate
[2025-10-09 00:56:38] [INFO] [main] [useConfig] Configuración actualizada mediante onConfigUpdate
[2025-10-09 00:56:38] [INFO] [main] [useConfig] Configuración actualizada mediante onConfigUpdate
[2025-10-09 00:56:38] [INFO] [main] [useConfig] Configuración actualizada mediante onConfigUpdate
[2025-10-09 00:56:38] [INFO] [main] [useConfig] Configuración actualizada mediante onConfigUpdate
[2025-10-09 00:56:38] [INFO] [main] [useConfig] Configuración actualizada mediante onConfigUpdate
[2025-10-09 00:56:38] [INFO] [main] [useConfig] Configuración actualizada mediante onConfigUpdate
[2025-10-09 00:56:38] [INFO] [main] [useConfig] Configuración actualizada mediante onConfigUpdate
[2025-10-09 00:56:38] [INFO] [main] [useConfig] Configuración actualizada mediante onConfigUpdate
[2025-10-09 00:56:38] [INFO] [main] [useConfig] Configuración actualizada mediante onConfigUpdate
[2025-10-09 00:56:38] [INFO] [main] [useConfig] Configuración actualizada mediante onConfigUpdate
[2025-10-09 00:56:38] [INFO] [main] [useConfig] Configuración actualizada mediante onConfigUpdate
[2025-10-09 00:56:38] [INFO] [main] [useConfig] Configuración actualizada mediante onConfigUpdate
[2025-10-09 00:56:38] [INFO] [main] [useConfig] Configuración actualizada mediante onConfigUpdate
[2025-10-09 00:56:38] [INFO] [main] [useConfig] Configuración actualizada mediante onConfigUpdate
[2025-10-09 00:56:38] [INFO] [main] [useConfig] Configuración actualizada mediante onConfigUpdate
[2025-10-09 00:56:38] [INFO] [main] [useConfig] Configuración actualizada mediante onConfigUpdate
[2025-10-09 00:56:38] [INFO] [main] [useConfig] Configuración actualizada mediante onConfigUpdate
[2025-10-09 00:56:38] [INFO] [main] [useConfig] Configuración actualizada mediante onConfigUpdate
[2025-10-09 00:56:38] [INFO] [main] [useConfig] Configuración actualizada mediante onConfigUpdate
[2025-10-09 00:56:38] [INFO] [main] [useConfig] Configuración actualizada mediante onConfigUpdate
[2025-10-09 00:56:38] [INFO] [main] [useConfig] Configuración actualizada mediante onConfigUpdate
[2025-10-09 00:56:38] [INFO] [main] [useConfig] Configuración actualizada mediante onConfigUpdate
[2025-10-09 00:56:38] [INFO] [main] [useConfig] Configuración actualizada mediante onConfigUpdate
[2025-10-09 00:56:38] [INFO] [main] [useConfig] Configuración actualizada mediante onConfigUpdate
[2025-10-09 00:56:38] [INFO] [main] [useConfig] Configuración actualizada mediante onConfigUpdate
[2025-10-09 00:56:38] [INFO] [main] [useConfig] Configuración actualizada mediante onConfigUpdate
[2025-10-09 00:56:38] [INFO] [main] [useConfig] Configuración actualizada mediante onConfigUpdate
[2025-10-09 00:56:38] [INFO] [main] [useConfig] Configuración actualizada mediante onConfigUpdate
[2025-10-09 00:56:38] [INFO] [main] [useConfig] Configuración actualizada mediante onConfigUpdate
[2025-10-09 00:56:38] [INFO] [main] [useConfig] Configuración actualizada mediante onConfigUpdate
[2025-10-09 00:56:38] [INFO] [main] [useConfig] Configuración actualizada mediante onConfigUpdate
[2025-10-09 00:56:38] [INFO] [main] [useConfig] Configuración actualizada mediante onConfigUpdate
[2025-10-09 00:56:39] [INFO] [main] [scheduleReport] [daily] Inicialización — próximo target: 2025-10-09 00:57:00
[2025-10-09 00:56:39] [INFO] [main] [scheduleReport] [weekly] Inicialización — próximo target: 2025-10-13 00:10:00
[2025-10-09 00:56:39] [INFO] [main] [scheduleReport] [monthly] Inicialización — próximo target: 2025-11-01 00:15:00
[2025-10-09 00:56:39] [INFO] [setupWatcher] Archivo setup_config.json cargado correctamente
[2025-10-09 00:56:39] [INFO] [main] Recibido config actualizado
[2025-10-09 00:56:39] [INFO] [main] [configStore] Configuración actualizada
[2025-10-09 00:56:39] [INFO] [main] [configStore] Nueva configuración recibida vía IPC
[2025-10-09 00:56:39] [INFO] [main] [useConfig] Configuración actualizada mediante onConfigUpdate
[2025-10-09 00:56:39] [INFO] [main] [useConfig] Configuración actualizada mediante onConfigUpdate
[2025-10-09 00:56:39] [INFO] [main] [useConfig] Configuración actualizada mediante onConfigUpdate
[2025-10-09 00:56:39] [INFO] [main] [useConfig] Configuración actualizada mediante onConfigUpdate
[2025-10-09 00:56:39] [INFO] [main] [useConfig] Configuración actualizada mediante onConfigUpdate
[2025-10-09 00:56:39] [INFO] [main] [useConfig] Configuración actualizada mediante onConfigUpdate
[2025-10-09 00:56:39] [INFO] [main] [useConfig] Configuración actualizada mediante onConfigUpdate
[2025-10-09 00:56:39] [INFO] [main] [useConfig] Configuración actualizada mediante onConfigUpdate
[2025-10-09 00:56:39] [INFO] [main] [useConfig] Configuración actualizada mediante onConfigUpdate
[2025-10-09 00:56:39] [INFO] [main] [useConfig] Configuración actualizada mediante onConfigUpdate
[2025-10-09 00:56:39] [INFO] [main] [useConfig] Configuración actualizada mediante onConfigUpdate
[2025-10-09 00:56:39] [INFO] [main] [useConfig] Configuración actualizada mediante onConfigUpdate
[2025-10-09 00:56:39] [INFO] [main] [useConfig] Configuración actualizada mediante onConfigUpdate
[2025-10-09 00:56:39] [INFO] [main] [useConfig] Configuración actualizada mediante onConfigUpdate
[2025-10-09 00:56:39] [INFO] [main] [useConfig] Configuración actualizada mediante onConfigUpdate
[2025-10-09 00:56:39] [INFO] [main] [useConfig] Configuración actualizada mediante onConfigUpdate
[2025-10-09 00:56:39] [INFO] [main] [useConfig] Configuración actualizada mediante onConfigUpdate
[2025-10-09 00:56:39] [INFO] [main] [useConfig] Configuración actualizada mediante onConfigUpdate
[2025-10-09 00:56:39] [INFO] [main] [useConfig] Configuración actualizada mediante onConfigUpdate
[2025-10-09 00:56:39] [INFO] [main] [useConfig] Configuración actualizada mediante onConfigUpdate
[2025-10-09 00:56:39] [INFO] [main] [useConfig] Configuración actualizada mediante onConfigUpdate
[2025-10-09 00:56:39] [INFO] [main] [useConfig] Configuración actualizada mediante onConfigUpdate
[2025-10-09 00:56:39] [INFO] [main] [useConfig] Configuración actualizada mediante onConfigUpdate
[2025-10-09 00:56:39] [INFO] [main] [useConfig] Configuración actualizada mediante onConfigUpdate
[2025-10-09 00:56:39] [INFO] [main] [useConfig] Configuración actualizada mediante onConfigUpdate
[2025-10-09 00:56:39] [INFO] [main] [useConfig] Configuración actualizada mediante onConfigUpdate
[2025-10-09 00:56:39] [INFO] [main] [useConfig] Configuración actualizada mediante onConfigUpdate
[2025-10-09 00:56:39] [INFO] [main] [useConfig] Configuración actualizada mediante onConfigUpdate
[2025-10-09 00:56:39] [INFO] [main] [useConfig] Configuración actualizada mediante onConfigUpdate
[2025-10-09 00:56:39] [INFO] [main] [useConfig] Configuración actualizada mediante onConfigUpdate
[2025-10-09 00:56:39] [INFO] [main] [useConfig] Configuración actualizada mediante onConfigUpdate
[2025-10-09 00:56:39] [INFO] [main] [useConfig] Configuración actualizada mediante onConfigUpdate
[2025-10-09 00:56:39] [INFO] [main] [useConfig] Configuración actualizada mediante onConfigUpdate
[2025-10-09 00:56:39] [INFO] [main] [useConfig] Configuración actualizada mediante onConfigUpdate
[2025-10-09 00:56:39] [INFO] [main] [useConfig] Configuración actualizada mediante onConfigUpdate
[2025-10-09 00:56:39] [INFO] [main] [useConfig] Configuración actualizada mediante onConfigUpdate
[2025-10-09 00:56:39] [INFO] [main] [useConfig] Configuración actualizada mediante onConfigUpdate
[2025-10-09 00:56:39] [INFO] [main] [useConfig] Configuración actualizada mediante onConfigUpdate
[2025-10-09 00:56:39] [INFO] [main] [useConfig] Configuración actualizada mediante onConfigUpdate
[2025-10-09 00:56:39] [INFO] [main] [useConfig] Configuración actualizada mediante onConfigUpdate
[2025-10-09 00:56:39] [INFO] [main] [useConfig] Configuración actualizada mediante onConfigUpdate
[2025-10-09 00:56:39] [INFO] [main] [useConfig] Configuración actualizada mediante onConfigUpdate
[2025-10-09 00:56:39] [INFO] [main] [scheduleReport] [daily] Inicialización — próximo target: 2025-10-09 00:57:00
[2025-10-09 00:56:39] [INFO] [main] [scheduleReport] [weekly] Inicialización — próximo target: 2025-10-13 00:10:00
[2025-10-09 00:56:39] [INFO] [main] [scheduleReport] [monthly] Inicialización — próximo target: 2025-11-01 00:15:00
[2025-10-09 00:56:39] [INFO] [main] [scheduleReport] [daily] Inicialización — próximo target: 2025-10-09 00:57:00
[2025-10-09 00:56:39] [INFO] [main] [scheduleReport] [weekly] Inicialización — próximo target: 2025-10-13 00:10:00
[2025-10-09 00:56:39] [INFO] [main] [scheduleReport] [monthly] Inicialización — próximo target: 2025-11-01 00:15:00
[2025-10-09 00:56:40] [INFO] [main] [scheduleReport] [daily] Inicialización — próximo target: 2025-10-09 00:57:00
[2025-10-09 00:56:40] [INFO] [main] [scheduleReport] [weekly] Inicialización — próximo target: 2025-10-13 00:10:00
[2025-10-09 00:56:40] [INFO] [main] [scheduleReport] [monthly] Inicialización — próximo target: 2025-11-01 00:15:00
[2025-10-09 00:56:42] [INFO] [main] [scheduleReport] [daily] Inicialización — próximo target: 2025-10-09 00:57:00
[2025-10-09 00:56:42] [INFO] [main] [scheduleReport] [weekly] Inicialización — próximo target: 2025-10-13 00:10:00
[2025-10-09 00:56:42] [INFO] [main] [scheduleReport] [monthly] Inicialización — próximo target: 2025-11-01 00:15:00
[2025-10-09 00:56:46] [INFO] Voz seleccionada por usuario: Microsoft Sabina Desktop
[2025-10-09 00:57:06] [INFO] Voz seleccionada por usuario: Microsoft Sabina Desktop
[2025-10-09 00:57:26] [INFO] Voz seleccionada por usuario: Microsoft Sabina Desktop
[2025-10-09 00:57:34] [INFO] [main] [scheduleReport] [daily] Inicialización — próximo target: 2025-10-10 00:57:00
[2025-10-09 00:57:34] [INFO] [main] [scheduleReport] [weekly] Inicialización — próximo target: 2025-10-13 00:10:00
[2025-10-09 00:57:34] [INFO] [main] [scheduleReport] [monthly] Inicialización — próximo target: 2025-11-01 00:15:00
[2025-10-09 00:57:41] [INFO] [main] [scheduleReport] [daily] Inicialización — próximo target: 2025-10-10 00:57:00
[2025-10-09 00:57:41] [INFO] [main] [scheduleReport] [weekly] Inicialización — próximo target: 2025-10-13 00:10:00
[2025-10-09 00:57:41] [INFO] [main] [scheduleReport] [monthly] Inicialización — próximo target: 2025-11-01 00:15:00
[2025-10-09 00:57:46] [INFO] Voz seleccionada por usuario: Microsoft Sabina Desktop
[2025-10-09 00:58:02] [INFO] [main] [scheduleReport] [daily] Inicialización — próximo target: 2025-10-10 00:57:00
[2025-10-09 00:58:02] [INFO] [main] [scheduleReport] [weekly] Inicialización — próximo target: 2025-10-13 00:10:00
[2025-10-09 00:58:02] [INFO] [main] [scheduleReport] [monthly] Inicialización — próximo target: 2025-11-01 00:15:00
[2025-10-09 00:58:06] [INFO] Voz seleccionada por usuario: Microsoft Sabina Desktop
[2025-10-09 00:58:08] [INFO] [setupWatcher] Archivo setup_config.json cargado correctamente
[2025-10-09 00:58:08] [INFO] [main] Recibido config actualizado
[2025-10-09 00:58:08] [INFO] [setupWatcher] Archivo setup_config.json cargado correctamente
[2025-10-09 00:58:08] [INFO] [main] Recibido config actualizado
[2025-10-09 00:58:08] [INFO] [main] Recibido config actualizado
[2025-10-09 00:58:08] [INFO] [main] [configStore] Configuración actualizada
[2025-10-09 00:58:08] [INFO] [main] [configStore] Nueva configuración recibida vía IPC
[2025-10-09 00:58:08] [INFO] [main] [useConfig] Configuración actualizada mediante onConfigUpdate
[2025-10-09 00:58:08] [INFO] [main] [useConfig] Configuración actualizada mediante onConfigUpdate
[2025-10-09 00:58:08] [INFO] [main] [useConfig] Configuración actualizada mediante onConfigUpdate
[2025-10-09 00:58:08] [INFO] [main] [useConfig] Configuración actualizada mediante onConfigUpdate
[2025-10-09 00:58:08] [INFO] [main] [useConfig] Configuración actualizada mediante onConfigUpdate
[2025-10-09 00:58:08] [INFO] [main] [useConfig] Configuración actualizada mediante onConfigUpdate
[2025-10-09 00:58:08] [INFO] [main] [useConfig] Configuración actualizada mediante onConfigUpdate
[2025-10-09 00:58:08] [INFO] [main] [useConfig] Configuración actualizada mediante onConfigUpdate
[2025-10-09 00:58:08] [INFO] [main] [useConfig] Configuración actualizada mediante onConfigUpdate
[2025-10-09 00:58:08] [INFO] [main] [useConfig] Configuración actualizada mediante onConfigUpdate
[2025-10-09 00:58:08] [INFO] [main] [useConfig] Configuración actualizada mediante onConfigUpdate
[2025-10-09 00:58:08] [INFO] [main] [useConfig] Configuración actualizada mediante onConfigUpdate
[2025-10-09 00:58:08] [INFO] [main] [useConfig] Configuración actualizada mediante onConfigUpdate
[2025-10-09 00:58:08] [INFO] [main] [useConfig] Configuración actualizada mediante onConfigUpdate
[2025-10-09 00:58:08] [INFO] [main] [useConfig] Configuración actualizada mediante onConfigUpdate
[2025-10-09 00:58:08] [INFO] [main] [useConfig] Configuración actualizada mediante onConfigUpdate
[2025-10-09 00:58:08] [INFO] [main] [useConfig] Configuración actualizada mediante onConfigUpdate
[2025-10-09 00:58:08] [INFO] [main] [useConfig] Configuración actualizada mediante onConfigUpdate
[2025-10-09 00:58:08] [INFO] [main] [useConfig] Configuración actualizada mediante onConfigUpdate
[2025-10-09 00:58:08] [INFO] [main] [useConfig] Configuración actualizada mediante onConfigUpdate
[2025-10-09 00:58:08] [INFO] [main] [useConfig] Configuración actualizada mediante onConfigUpdate
[2025-10-09 00:58:08] [INFO] [main] [useConfig] Configuración actualizada mediante onConfigUpdate
[2025-10-09 00:58:08] [INFO] [main] [useConfig] Configuración actualizada mediante onConfigUpdate
[2025-10-09 00:58:08] [INFO] [main] [useConfig] Configuración actualizada mediante onConfigUpdate
[2025-10-09 00:58:08] [INFO] [main] [useConfig] Configuración actualizada mediante onConfigUpdate
[2025-10-09 00:58:08] [INFO] [main] [useConfig] Configuración actualizada mediante onConfigUpdate
[2025-10-09 00:58:08] [INFO] [main] [useConfig] Configuración actualizada mediante onConfigUpdate
[2025-10-09 00:58:08] [INFO] [main] [useConfig] Configuración actualizada mediante onConfigUpdate
[2025-10-09 00:58:08] [INFO] [main] [useConfig] Configuración actualizada mediante onConfigUpdate
[2025-10-09 00:58:08] [INFO] [main] [useConfig] Configuración actualizada mediante onConfigUpdate
[2025-10-09 00:58:08] [INFO] [main] [useConfig] Configuración actualizada mediante onConfigUpdate
[2025-10-09 00:58:08] [INFO] [main] [useConfig] Configuración actualizada mediante onConfigUpdate
[2025-10-09 00:58:08] [INFO] [main] [useConfig] Configuración actualizada mediante onConfigUpdate
[2025-10-09 00:58:08] [INFO] [main] [useConfig] Configuración actualizada mediante onConfigUpdate
[2025-10-09 00:58:08] [INFO] [main] [useConfig] Configuración actualizada mediante onConfigUpdate
[2025-10-09 00:58:08] [INFO] [main] [useConfig] Configuración actualizada mediante onConfigUpdate
[2025-10-09 00:58:08] [INFO] [main] [useConfig] Configuración actualizada mediante onConfigUpdate
[2025-10-09 00:58:08] [INFO] [main] [useConfig] Configuración actualizada mediante onConfigUpdate
[2025-10-09 00:58:08] [INFO] [main] [useConfig] Configuración actualizada mediante onConfigUpdate
[2025-10-09 00:58:08] [INFO] [main] [useConfig] Configuración actualizada mediante onConfigUpdate
[2025-10-09 00:58:08] [INFO] [main] [useConfig] Configuración actualizada mediante onConfigUpdate
[2025-10-09 00:58:08] [INFO] [main] [useConfig] Configuración actualizada mediante onConfigUpdate
[2025-10-09 00:58:08] [INFO] [main] [configStore] Configuración actualizada
[2025-10-09 00:58:08] [INFO] [main] [configStore] Nueva configuración recibida vía IPC
[2025-10-09 00:58:08] [INFO] [main] [useConfig] Configuración actualizada mediante onConfigUpdate
[2025-10-09 00:58:08] [INFO] [main] [useConfig] Configuración actualizada mediante onConfigUpdate
[2025-10-09 00:58:08] [INFO] [main] [useConfig] Configuración actualizada mediante onConfigUpdate
[2025-10-09 00:58:08] [INFO] [main] [useConfig] Configuración actualizada mediante onConfigUpdate
[2025-10-09 00:58:08] [INFO] [main] [useConfig] Configuración actualizada mediante onConfigUpdate
[2025-10-09 00:58:08] [INFO] [main] [useConfig] Configuración actualizada mediante onConfigUpdate
[2025-10-09 00:58:08] [INFO] [main] [useConfig] Configuración actualizada mediante onConfigUpdate
[2025-10-09 00:58:08] [INFO] [main] [useConfig] Configuración actualizada mediante onConfigUpdate
[2025-10-09 00:58:08] [INFO] [main] [useConfig] Configuración actualizada mediante onConfigUpdate
[2025-10-09 00:58:08] [INFO] [main] [useConfig] Configuración actualizada mediante onConfigUpdate
[2025-10-09 00:58:08] [INFO] [setupWatcher] Archivo setup_config.json cargado correctamente
[2025-10-09 00:58:08] [INFO] [main] [useConfig] Configuración actualizada mediante onConfigUpdate
[2025-10-09 00:58:08] [INFO] [main] [useConfig] Configuración actualizada mediante onConfigUpdate
[2025-10-09 00:58:08] [INFO] [main] [useConfig] Configuración actualizada mediante onConfigUpdate
[2025-10-09 00:58:08] [INFO] [main] [useConfig] Configuración actualizada mediante onConfigUpdate
[2025-10-09 00:58:08] [INFO] [main] [useConfig] Configuración actualizada mediante onConfigUpdate
[2025-10-09 00:58:08] [INFO] [main] [useConfig] Configuración actualizada mediante onConfigUpdate
[2025-10-09 00:58:08] [INFO] [main] [useConfig] Configuración actualizada mediante onConfigUpdate
[2025-10-09 00:58:08] [INFO] [main] [useConfig] Configuración actualizada mediante onConfigUpdate
[2025-10-09 00:58:08] [INFO] [main] [useConfig] Configuración actualizada mediante onConfigUpdate
[2025-10-09 00:58:08] [INFO] [main] [useConfig] Configuración actualizada mediante onConfigUpdate
[2025-10-09 00:58:08] [INFO] [main] [useConfig] Configuración actualizada mediante onConfigUpdate
[2025-10-09 00:58:08] [INFO] [main] [useConfig] Configuración actualizada mediante onConfigUpdate
[2025-10-09 00:58:08] [INFO] [main] [useConfig] Configuración actualizada mediante onConfigUpdate
[2025-10-09 00:58:08] [INFO] [main] [useConfig] Configuración actualizada mediante onConfigUpdate
[2025-10-09 00:58:08] [INFO] [main] [useConfig] Configuración actualizada mediante onConfigUpdate
[2025-10-09 00:58:08] [INFO] [main] [useConfig] Configuración actualizada mediante onConfigUpdate
[2025-10-09 00:58:08] [INFO] [main] [useConfig] Configuración actualizada mediante onConfigUpdate
[2025-10-09 00:58:08] [INFO] [main] [useConfig] Configuración actualizada mediante onConfigUpdate
[2025-10-09 00:58:08] [INFO] [main] [useConfig] Configuración actualizada mediante onConfigUpdate
[2025-10-09 00:58:08] [INFO] [main] [useConfig] Configuración actualizada mediante onConfigUpdate
[2025-10-09 00:58:08] [INFO] [main] [useConfig] Configuración actualizada mediante onConfigUpdate
[2025-10-09 00:58:08] [INFO] [main] [useConfig] Configuración actualizada mediante onConfigUpdate
[2025-10-09 00:58:08] [INFO] [main] [useConfig] Configuración actualizada mediante onConfigUpdate
[2025-10-09 00:58:08] [INFO] [main] [useConfig] Configuración actualizada mediante onConfigUpdate
[2025-10-09 00:58:08] [INFO] [main] [useConfig] Configuración actualizada mediante onConfigUpdate
[2025-10-09 00:58:08] [INFO] [main] [useConfig] Configuración actualizada mediante onConfigUpdate
[2025-10-09 00:58:08] [INFO] [main] [useConfig] Configuración actualizada mediante onConfigUpdate
[2025-10-09 00:58:08] [INFO] [main] [useConfig] Configuración actualizada mediante onConfigUpdate
[2025-10-09 00:58:08] [INFO] [main] [useConfig] Configuración actualizada mediante onConfigUpdate
[2025-10-09 00:58:08] [INFO] [main] [useConfig] Configuración actualizada mediante onConfigUpdate
[2025-10-09 00:58:08] [INFO] [main] [useConfig] Configuración actualizada mediante onConfigUpdate
[2025-10-09 00:58:08] [INFO] [main] [useConfig] Configuración actualizada mediante onConfigUpdate
[2025-10-09 00:58:08] [INFO] [main] [configStore] Configuración actualizada
[2025-10-09 00:58:08] [INFO] [main] [configStore] Nueva configuración recibida vía IPC
[2025-10-09 00:58:08] [INFO] [main] [useConfig] Configuración actualizada mediante onConfigUpdate
[2025-10-09 00:58:08] [INFO] [main] [useConfig] Configuración actualizada mediante onConfigUpdate
[2025-10-09 00:58:08] [INFO] [main] [useConfig] Configuración actualizada mediante onConfigUpdate
[2025-10-09 00:58:08] [INFO] [main] [useConfig] Configuración actualizada mediante onConfigUpdate
[2025-10-09 00:58:08] [INFO] [main] [useConfig] Configuración actualizada mediante onConfigUpdate
[2025-10-09 00:58:08] [INFO] [main] [useConfig] Configuración actualizada mediante onConfigUpdate
[2025-10-09 00:58:08] [INFO] [main] [useConfig] Configuración actualizada mediante onConfigUpdate
[2025-10-09 00:58:08] [INFO] [main] [useConfig] Configuración actualizada mediante onConfigUpdate
[2025-10-09 00:58:08] [INFO] [main] [useConfig] Configuración actualizada mediante onConfigUpdate
[2025-10-09 00:58:08] [INFO] [main] [useConfig] Configuración actualizada mediante onConfigUpdate
[2025-10-09 00:58:08] [INFO] [main] [useConfig] Configuración actualizada mediante onConfigUpdate
[2025-10-09 00:58:08] [INFO] [main] [useConfig] Configuración actualizada mediante onConfigUpdate
[2025-10-09 00:58:08] [INFO] [main] [useConfig] Configuración actualizada mediante onConfigUpdate
[2025-10-09 00:58:08] [INFO] [main] [useConfig] Configuración actualizada mediante onConfigUpdate
[2025-10-09 00:58:08] [INFO] [main] [useConfig] Configuración actualizada mediante onConfigUpdate
[2025-10-09 00:58:08] [INFO] [main] [useConfig] Configuración actualizada mediante onConfigUpdate
[2025-10-09 00:58:08] [INFO] [main] [useConfig] Configuración actualizada mediante onConfigUpdate
[2025-10-09 00:58:08] [INFO] [main] [useConfig] Configuración actualizada mediante onConfigUpdate
[2025-10-09 00:58:08] [INFO] [main] [useConfig] Configuración actualizada mediante onConfigUpdate
[2025-10-09 00:58:08] [INFO] [main] [useConfig] Configuración actualizada mediante onConfigUpdate
[2025-10-09 00:58:08] [INFO] [main] [useConfig] Configuración actualizada mediante onConfigUpdate
[2025-10-09 00:58:08] [INFO] [main] [useConfig] Configuración actualizada mediante onConfigUpdate
[2025-10-09 00:58:08] [INFO] [main] [useConfig] Configuración actualizada mediante onConfigUpdate
[2025-10-09 00:58:08] [INFO] [main] [useConfig] Configuración actualizada mediante onConfigUpdate
[2025-10-09 00:58:08] [INFO] [main] [useConfig] Configuración actualizada mediante onConfigUpdate
[2025-10-09 00:58:08] [INFO] [main] [useConfig] Configuración actualizada mediante onConfigUpdate
[2025-10-09 00:58:08] [INFO] [main] [useConfig] Configuración actualizada mediante onConfigUpdate
[2025-10-09 00:58:08] [INFO] [main] [useConfig] Configuración actualizada mediante onConfigUpdate
[2025-10-09 00:58:08] [INFO] [main] [useConfig] Configuración actualizada mediante onConfigUpdate
[2025-10-09 00:58:08] [INFO] [main] [useConfig] Configuración actualizada mediante onConfigUpdate
[2025-10-09 00:58:08] [INFO] [main] [useConfig] Configuración actualizada mediante onConfigUpdate
[2025-10-09 00:58:08] [INFO] [main] [useConfig] Configuración actualizada mediante onConfigUpdate
[2025-10-09 00:58:08] [INFO] [main] [useConfig] Configuración actualizada mediante onConfigUpdate
[2025-10-09 00:58:08] [INFO] [main] [useConfig] Configuración actualizada mediante onConfigUpdate
[2025-10-09 00:58:08] [INFO] [main] [useConfig] Configuración actualizada mediante onConfigUpdate
[2025-10-09 00:58:08] [INFO] [main] [useConfig] Configuración actualizada mediante onConfigUpdate
[2025-10-09 00:58:08] [INFO] [main] [useConfig] Configuración actualizada mediante onConfigUpdate
[2025-10-09 00:58:08] [INFO] [main] [useConfig] Configuración actualizada mediante onConfigUpdate
[2025-10-09 00:58:08] [INFO] [main] [useConfig] Configuración actualizada mediante onConfigUpdate
[2025-10-09 00:58:08] [INFO] [main] [useConfig] Configuración actualizada mediante onConfigUpdate
[2025-10-09 00:58:08] [INFO] [main] [useConfig] Configuración actualizada mediante onConfigUpdate
[2025-10-09 00:58:08] [INFO] [main] [useConfig] Configuración actualizada mediante onConfigUpdate
[2025-10-09 00:58:08] [INFO] [main] [app] [Scheduler] Config cambió → reseteando localStorage
[2025-10-09 00:58:08] [INFO] [main] [scheduleReport] [daily] Inicialización — próximo target: 2025-10-10 00:57:00
[2025-10-09 00:58:08] [INFO] [main] [scheduleReport] [weekly] Inicialización — próximo target: 2025-10-13 00:10:00
[2025-10-09 00:58:08] [INFO] [main] [scheduleReport] [monthly] Inicialización — próximo target: 2025-11-01 00:15:00
[2025-10-09 00:58:08] [INFO] [main] [scheduleReport] [daily] Inicialización — próximo target: 2025-10-10 00:57:00
[2025-10-09 00:58:08] [INFO] [main] [scheduleReport] [weekly] Inicialización — próximo target: 2025-10-13 00:10:00
[2025-10-09 00:58:08] [INFO] [main] [scheduleReport] [monthly] Inicialización — próximo target: 2025-11-01 00:15:00
[2025-10-09 00:58:09] [INFO] [main] [scheduleReport] [daily] Inicialización — próximo target: 2025-10-10 00:57:00
[2025-10-09 00:58:09] [INFO] [main] [scheduleReport] [weekly] Inicialización — próximo target: 2025-10-13 00:10:00
[2025-10-09 00:58:09] [INFO] [main] [scheduleReport] [monthly] Inicialización — próximo target: 2025-11-01 00:15:00
[2025-10-09 00:58:09] [INFO] [main] [scheduleReport] [daily] Inicialización — próximo target: 2025-10-10 00:57:00
[2025-10-09 00:58:09] [INFO] [main] [scheduleReport] [weekly] Inicialización — próximo target: 2025-10-13 00:10:00
[2025-10-09 00:58:09] [INFO] [main] [scheduleReport] [monthly] Inicialización — próximo target: 2025-11-01 00:15:00
[2025-10-09 00:58:09] [INFO] [setupWatcher] Archivo setup_config.json cargado correctamente
[2025-10-09 00:58:09] [INFO] [main] Recibido config actualizado
[2025-10-09 00:58:09] [INFO] [main] [configStore] Configuración actualizada
[2025-10-09 00:58:09] [INFO] [main] [configStore] Nueva configuración recibida vía IPC
[2025-10-09 00:58:09] [INFO] [main] [useConfig] Configuración actualizada mediante onConfigUpdate
[2025-10-09 00:58:09] [INFO] [main] [useConfig] Configuración actualizada mediante onConfigUpdate
[2025-10-09 00:58:09] [INFO] [main] [useConfig] Configuración actualizada mediante onConfigUpdate
[2025-10-09 00:58:09] [INFO] [main] [useConfig] Configuración actualizada mediante onConfigUpdate
[2025-10-09 00:58:09] [INFO] [main] [useConfig] Configuración actualizada mediante onConfigUpdate
[2025-10-09 00:58:09] [INFO] [main] [useConfig] Configuración actualizada mediante onConfigUpdate
[2025-10-09 00:58:09] [INFO] [main] [useConfig] Configuración actualizada mediante onConfigUpdate
[2025-10-09 00:58:09] [INFO] [main] [useConfig] Configuración actualizada mediante onConfigUpdate
[2025-10-09 00:58:09] [INFO] [main] [useConfig] Configuración actualizada mediante onConfigUpdate
[2025-10-09 00:58:09] [INFO] [main] [useConfig] Configuración actualizada mediante onConfigUpdate
[2025-10-09 00:58:09] [INFO] [main] [useConfig] Configuración actualizada mediante onConfigUpdate
[2025-10-09 00:58:09] [INFO] [main] [useConfig] Configuración actualizada mediante onConfigUpdate
[2025-10-09 00:58:09] [INFO] [main] [useConfig] Configuración actualizada mediante onConfigUpdate
[2025-10-09 00:58:09] [INFO] [main] [useConfig] Configuración actualizada mediante onConfigUpdate
[2025-10-09 00:58:09] [INFO] [main] [useConfig] Configuración actualizada mediante onConfigUpdate
[2025-10-09 00:58:09] [INFO] [main] [useConfig] Configuración actualizada mediante onConfigUpdate
[2025-10-09 00:58:09] [INFO] [main] [useConfig] Configuración actualizada mediante onConfigUpdate
[2025-10-09 00:58:09] [INFO] [main] [useConfig] Configuración actualizada mediante onConfigUpdate
[2025-10-09 00:58:09] [INFO] [main] [useConfig] Configuración actualizada mediante onConfigUpdate
[2025-10-09 00:58:09] [INFO] [main] [useConfig] Configuración actualizada mediante onConfigUpdate
[2025-10-09 00:58:09] [INFO] [main] [useConfig] Configuración actualizada mediante onConfigUpdate
[2025-10-09 00:58:09] [INFO] [main] [useConfig] Configuración actualizada mediante onConfigUpdate
[2025-10-09 00:58:09] [INFO] [main] [useConfig] Configuración actualizada mediante onConfigUpdate
[2025-10-09 00:58:09] [INFO] [main] [useConfig] Configuración actualizada mediante onConfigUpdate
[2025-10-09 00:58:09] [INFO] [main] [useConfig] Configuración actualizada mediante onConfigUpdate
[2025-10-09 00:58:09] [INFO] [main] [useConfig] Configuración actualizada mediante onConfigUpdate
[2025-10-09 00:58:09] [INFO] [main] [useConfig] Configuración actualizada mediante onConfigUpdate
[2025-10-09 00:58:09] [INFO] [main] [useConfig] Configuración actualizada mediante onConfigUpdate
[2025-10-09 00:58:09] [INFO] [main] [useConfig] Configuración actualizada mediante onConfigUpdate
[2025-10-09 00:58:09] [INFO] [main] [useConfig] Configuración actualizada mediante onConfigUpdate
[2025-10-09 00:58:09] [INFO] [main] [useConfig] Configuración actualizada mediante onConfigUpdate
[2025-10-09 00:58:09] [INFO] [main] [useConfig] Configuración actualizada mediante onConfigUpdate
[2025-10-09 00:58:09] [INFO] [main] [useConfig] Configuración actualizada mediante onConfigUpdate
[2025-10-09 00:58:09] [INFO] [main] [useConfig] Configuración actualizada mediante onConfigUpdate
[2025-10-09 00:58:09] [INFO] [main] [useConfig] Configuración actualizada mediante onConfigUpdate
[2025-10-09 00:58:09] [INFO] [main] [useConfig] Configuración actualizada mediante onConfigUpdate
[2025-10-09 00:58:09] [INFO] [main] [useConfig] Configuración actualizada mediante onConfigUpdate
[2025-10-09 00:58:09] [INFO] [main] [useConfig] Configuración actualizada mediante onConfigUpdate
[2025-10-09 00:58:09] [INFO] [main] [useConfig] Configuración actualizada mediante onConfigUpdate
[2025-10-09 00:58:09] [INFO] [main] [useConfig] Configuración actualizada mediante onConfigUpdate
[2025-10-09 00:58:09] [INFO] [main] [useConfig] Configuración actualizada mediante onConfigUpdate
[2025-10-09 00:58:09] [INFO] [main] [useConfig] Configuración actualizada mediante onConfigUpdate
[2025-10-09 00:58:09] [INFO] [main] [scheduleReport] [daily] Inicialización — próximo target: 2025-10-10 00:57:00
[2025-10-09 00:58:09] [INFO] [main] [scheduleReport] [weekly] Inicialización — próximo target: 2025-10-13 00:10:00
[2025-10-09 00:58:09] [INFO] [main] [scheduleReport] [monthly] Inicialización — próximo target: 2025-11-01 00:15:00
[2025-10-09 00:58:09] [INFO] [main] [scheduleReport] [daily] Inicialización — próximo target: 2025-10-10 00:57:00
[2025-10-09 00:58:09] [INFO] [main] [scheduleReport] [weekly] Inicialización — próximo target: 2025-10-13 00:10:00
[2025-10-09 00:58:09] [INFO] [main] [scheduleReport] [monthly] Inicialización — próximo target: 2025-11-01 00:15:00
[2025-10-09 00:58:10] [INFO] [main] [scheduleReport] [daily] Inicialización — próximo target: 2025-10-10 00:57:00
[2025-10-09 00:58:10] [INFO] [main] [scheduleReport] [weekly] Inicialización — próximo target: 2025-10-13 00:10:00
[2025-10-09 00:58:10] [INFO] [main] [scheduleReport] [monthly] Inicialización — próximo target: 2025-11-01 00:15:00
[2025-10-09 00:58:26] [INFO] Voz seleccionada por usuario: Microsoft Sabina Desktop
[2025-10-09 00:58:46] [INFO] Voz seleccionada por usuario: Microsoft Sabina Desktop
[2025-10-09 00:59:06] [INFO] Voz seleccionada por usuario: Microsoft Sabina Desktop
[2025-10-09 00:59:10] [INFO] [main] [scheduleReport] [daily] Inicialización — próximo target: 2025-10-10 00:57:00
[2025-10-09 00:59:10] [INFO] [main] [scheduleReport] [weekly] Inicialización — próximo target: 2025-10-13 00:10:00
[2025-10-09 00:59:10] [INFO] [main] [scheduleReport] [monthly] Inicialización — próximo target: 2025-11-01 00:15:00
[2025-10-09 00:59:26] [INFO] Voz seleccionada por usuario: Microsoft Sabina Desktop
[2025-10-09 00:59:46] [INFO] Voz seleccionada por usuario: Microsoft Sabina Desktop
[2025-10-09 00:59:48] [INFO] [main] [scheduleReport] [daily] Inicialización — próximo target: 2025-10-10 00:57:00
[2025-10-09 00:59:48] [INFO] [main] [scheduleReport] [weekly] Inicialización — próximo target: 2025-10-13 00:10:00
[2025-10-09 00:59:48] [INFO] [main] [scheduleReport] [monthly] Inicialización — próximo target: 2025-11-01 00:15:00
[2025-10-09 01:00:06] [INFO] Voz seleccionada por usuario: Microsoft Sabina Desktop
[2025-10-09 01:00:26] [INFO] Voz seleccionada por usuario: Microsoft Sabina Desktop
[2025-10-09 01:00:46] [INFO] Voz seleccionada por usuario: Microsoft Sabina Desktop
[2025-10-09 01:00:48] [INFO] [main] [scheduleReport] [daily] Inicialización — próximo target: 2025-10-10 00:57:00
[2025-10-09 01:00:48] [INFO] [main] [scheduleReport] [weekly] Inicialización — próximo target: 2025-10-13 00:10:00
[2025-10-09 01:00:48] [INFO] [main] [scheduleReport] [monthly] Inicialización — próximo target: 2025-11-01 00:15:00
[2025-10-09 01:01:05] [INFO] [main] [scheduleReport] [daily] Inicialización — próximo target: 2025-10-10 00:57:00
[2025-10-09 01:01:05] [INFO] [main] [scheduleReport] [weekly] Inicialización — próximo target: 2025-10-13 00:10:00
[2025-10-09 01:01:05] [INFO] [main] [scheduleReport] [monthly] Inicialización — próximo target: 2025-11-01 00:15:00
[2025-10-09 01:01:06] [INFO] Voz seleccionada por usuario: Microsoft Sabina Desktop
[2025-10-09 01:01:26] [INFO] Voz seleccionada por usuario: Microsoft Sabina Desktop
[2025-10-09 01:01:28] [INFO] [main] [scheduleReport] [daily] Inicialización — próximo target: 2025-10-10 00:57:00
[2025-10-09 01:01:28] [INFO] [main] [scheduleReport] [weekly] Inicialización — próximo target: 2025-10-13 00:10:00
[2025-10-09 01:01:28] [INFO] [main] [scheduleReport] [monthly] Inicialización — próximo target: 2025-11-01 00:15:00
[2025-10-09 01:01:46] [INFO] Voz seleccionada por usuario: Microsoft Sabina Desktop
[2025-10-09 01:01:50] [ERROR] [setupWatcher] Error al cargar setup_config.json: Unexpected end of JSON input
[2025-10-09 01:01:50] [ERROR] [setupWatcher] Error al cargar setup_config.json: Unexpected number in JSON at position 968 (line 34 column 24)
[2025-10-09 01:01:50] [ERROR] [setupWatcher] Error al cargar setup_config.json: Unexpected number in JSON at position 968 (line 34 column 24)
[2025-10-09 01:01:51] [ERROR] [setupWatcher] Error al cargar setup_config.json: Unexpected number in JSON at position 968 (line 34 column 24)
[2025-10-09 01:01:53] [INFO] [main] [scheduleReport] [daily] Inicialización — próximo target: 2025-10-10 00:57:00
[2025-10-09 01:01:53] [INFO] [main] [scheduleReport] [weekly] Inicialización — próximo target: 2025-10-13 00:10:00
[2025-10-09 01:01:53] [INFO] [main] [scheduleReport] [monthly] Inicialización — próximo target: 2025-11-01 00:15:00
[2025-10-09 01:01:58] [INFO] [main] [scheduleReport] [daily] Inicialización — próximo target: 2025-10-10 00:57:00
[2025-10-09 01:01:58] [INFO] [main] [scheduleReport] [weekly] Inicialización — próximo target: 2025-10-13 00:10:00
[2025-10-09 01:01:58] [INFO] [main] [scheduleReport] [monthly] Inicialización — próximo target: 2025-11-01 00:15:00
[2025-10-09 01:02:06] [INFO] Voz seleccionada por usuario: Microsoft Sabina Desktop
[2025-10-09 01:02:12] [ERROR] [setupWatcher] Error al cargar setup_config.json: Unexpected number in JSON at position 968 (line 34 column 24)
[2025-10-09 01:02:12] [ERROR] [setupWatcher] Error al cargar setup_config.json: Unexpected number in JSON at position 968 (line 34 column 24)
[2025-10-09 01:02:12] [ERROR] [setupWatcher] Error al cargar setup_config.json: Unexpected number in JSON at position 968 (line 34 column 24)
[2025-10-09 01:02:12] [ERROR] [setupWatcher] Error al cargar setup_config.json: Unexpected number in JSON at position 968 (line 34 column 24)
[2025-10-09 01:02:17] [INFO] [main] [scheduleReport] [daily] Inicialización — próximo target: 2025-10-10 00:57:00
[2025-10-09 01:02:17] [INFO] [main] [scheduleReport] [weekly] Inicialización — próximo target: 2025-10-13 00:10:00
[2025-10-09 01:02:17] [INFO] [main] [scheduleReport] [monthly] Inicialización — próximo target: 2025-11-01 00:15:00
[2025-10-09 01:02:26] [INFO] Voz seleccionada por usuario: Microsoft Sabina Desktop
[2025-10-09 01:02:28] [INFO] [main] [scheduleReport] [daily] Inicialización — próximo target: 2025-10-10 00:57:00
[2025-10-09 01:02:28] [INFO] [main] [scheduleReport] [weekly] Inicialización — próximo target: 2025-10-13 00:10:00
[2025-10-09 01:02:28] [INFO] [main] [scheduleReport] [monthly] Inicialización — próximo target: 2025-11-01 00:15:00
[2025-10-09 01:02:29] [INFO] [main] [scheduleReport] [daily] Inicialización — próximo target: 2025-10-10 00:57:00
[2025-10-09 01:02:29] [INFO] [main] [scheduleReport] [weekly] Inicialización — próximo target: 2025-10-13 00:10:00
[2025-10-09 01:02:29] [INFO] [main] [scheduleReport] [monthly] Inicialización — próximo target: 2025-11-01 00:15:00
[2025-10-09 01:02:32] [INFO] [main] [scheduleReport] [daily] Inicialización — próximo target: 2025-10-10 00:57:00
[2025-10-09 01:02:32] [INFO] [main] [scheduleReport] [weekly] Inicialización — próximo target: 2025-10-13 00:10:00
[2025-10-09 01:02:32] [INFO] [main] [scheduleReport] [monthly] Inicialización — próximo target: 2025-11-01 00:15:00
[2025-10-09 01:02:34] [INFO] [main] [scheduleReport] [daily] Inicialización — próximo target: 2025-10-10 00:57:00
[2025-10-09 01:02:34] [INFO] [main] [scheduleReport] [weekly] Inicialización — próximo target: 2025-10-13 00:10:00
[2025-10-09 01:02:34] [INFO] [main] [scheduleReport] [monthly] Inicialización — próximo target: 2025-11-01 00:15:00
[2025-10-09 01:02:35] [INFO] [main] [scheduleReport] [daily] Inicialización — próximo target: 2025-10-10 00:57:00
[2025-10-09 01:02:35] [INFO] [main] [scheduleReport] [weekly] Inicialización — próximo target: 2025-10-13 00:10:00
[2025-10-09 01:02:35] [INFO] [main] [scheduleReport] [monthly] Inicialización — próximo target: 2025-11-01 00:15:00
[2025-10-09 01:02:45] [INFO] [setupWatcher] Archivo setup_config.json cargado correctamente
[2025-10-09 01:02:45] [INFO] [main] Recibido config actualizado
[2025-10-09 01:02:45] [INFO] [setupWatcher] Archivo setup_config.json cargado correctamente
[2025-10-09 01:02:45] [INFO] [main] Recibido config actualizado
[2025-10-09 01:02:45] [INFO] [main] Recibido config actualizado
[2025-10-09 01:02:45] [INFO] [main] [configStore] Configuración actualizada
[2025-10-09 01:02:45] [INFO] [main] [configStore] Nueva configuración recibida vía IPC
[2025-10-09 01:02:45] [INFO] [main] [useConfig] Configuración actualizada mediante onConfigUpdate
[2025-10-09 01:02:45] [INFO] [main] [useConfig] Configuración actualizada mediante onConfigUpdate
[2025-10-09 01:02:45] [INFO] [main] [useConfig] Configuración actualizada mediante onConfigUpdate
[2025-10-09 01:02:45] [INFO] [main] [useConfig] Configuración actualizada mediante onConfigUpdate
[2025-10-09 01:02:45] [INFO] [main] [useConfig] Configuración actualizada mediante onConfigUpdate
[2025-10-09 01:02:45] [INFO] [main] [useConfig] Configuración actualizada mediante onConfigUpdate
[2025-10-09 01:02:45] [INFO] [main] [useConfig] Configuración actualizada mediante onConfigUpdate
[2025-10-09 01:02:45] [INFO] [main] [useConfig] Configuración actualizada mediante onConfigUpdate
[2025-10-09 01:02:45] [INFO] [main] [useConfig] Configuración actualizada mediante onConfigUpdate
[2025-10-09 01:02:45] [INFO] [main] [useConfig] Configuración actualizada mediante onConfigUpdate
[2025-10-09 01:02:45] [INFO] [main] [useConfig] Configuración actualizada mediante onConfigUpdate
[2025-10-09 01:02:45] [INFO] [main] [useConfig] Configuración actualizada mediante onConfigUpdate
[2025-10-09 01:02:45] [INFO] [main] [useConfig] Configuración actualizada mediante onConfigUpdate
[2025-10-09 01:02:45] [INFO] [main] [useConfig] Configuración actualizada mediante onConfigUpdate
[2025-10-09 01:02:45] [INFO] [main] [useConfig] Configuración actualizada mediante onConfigUpdate
[2025-10-09 01:02:45] [INFO] [main] [useConfig] Configuración actualizada mediante onConfigUpdate
[2025-10-09 01:02:45] [INFO] [main] [useConfig] Configuración actualizada mediante onConfigUpdate
[2025-10-09 01:02:45] [INFO] [main] [useConfig] Configuración actualizada mediante onConfigUpdate
[2025-10-09 01:02:45] [INFO] [main] [useConfig] Configuración actualizada mediante onConfigUpdate
[2025-10-09 01:02:45] [INFO] [main] [useConfig] Configuración actualizada mediante onConfigUpdate
[2025-10-09 01:02:45] [INFO] [main] [useConfig] Configuración actualizada mediante onConfigUpdate
[2025-10-09 01:02:45] [INFO] [main] [useConfig] Configuración actualizada mediante onConfigUpdate
[2025-10-09 01:02:45] [INFO] [main] [useConfig] Configuración actualizada mediante onConfigUpdate
[2025-10-09 01:02:45] [INFO] [main] [useConfig] Configuración actualizada mediante onConfigUpdate
[2025-10-09 01:02:45] [INFO] [main] [useConfig] Configuración actualizada mediante onConfigUpdate
[2025-10-09 01:02:45] [INFO] [main] [useConfig] Configuración actualizada mediante onConfigUpdate
[2025-10-09 01:02:45] [INFO] [main] [useConfig] Configuración actualizada mediante onConfigUpdate
[2025-10-09 01:02:45] [INFO] [main] [useConfig] Configuración actualizada mediante onConfigUpdate
[2025-10-09 01:02:45] [INFO] [main] [useConfig] Configuración actualizada mediante onConfigUpdate
[2025-10-09 01:02:45] [INFO] [main] [useConfig] Configuración actualizada mediante onConfigUpdate
[2025-10-09 01:02:45] [INFO] [main] [useConfig] Configuración actualizada mediante onConfigUpdate
[2025-10-09 01:02:45] [INFO] [main] [useConfig] Configuración actualizada mediante onConfigUpdate
[2025-10-09 01:02:45] [INFO] [main] [useConfig] Configuración actualizada mediante onConfigUpdate
[2025-10-09 01:02:45] [INFO] [main] [useConfig] Configuración actualizada mediante onConfigUpdate
[2025-10-09 01:02:45] [INFO] [main] [useConfig] Configuración actualizada mediante onConfigUpdate
[2025-10-09 01:02:45] [INFO] [main] [useConfig] Configuración actualizada mediante onConfigUpdate
[2025-10-09 01:02:45] [INFO] [main] [useConfig] Configuración actualizada mediante onConfigUpdate
[2025-10-09 01:02:45] [INFO] [main] [useConfig] Configuración actualizada mediante onConfigUpdate
[2025-10-09 01:02:45] [INFO] [main] [useConfig] Configuración actualizada mediante onConfigUpdate
[2025-10-09 01:02:45] [INFO] [main] [useConfig] Configuración actualizada mediante onConfigUpdate
[2025-10-09 01:02:45] [INFO] [main] [useConfig] Configuración actualizada mediante onConfigUpdate
[2025-10-09 01:02:45] [INFO] [main] [useConfig] Configuración actualizada mediante onConfigUpdate
[2025-10-09 01:02:45] [INFO] [main] [configStore] Configuración actualizada
[2025-10-09 01:02:45] [INFO] [main] [configStore] Nueva configuración recibida vía IPC
[2025-10-09 01:02:45] [INFO] [main] [useConfig] Configuración actualizada mediante onConfigUpdate
[2025-10-09 01:02:45] [INFO] [main] [useConfig] Configuración actualizada mediante onConfigUpdate
[2025-10-09 01:02:45] [INFO] [main] [useConfig] Configuración actualizada mediante onConfigUpdate
[2025-10-09 01:02:45] [INFO] [main] [useConfig] Configuración actualizada mediante onConfigUpdate
[2025-10-09 01:02:45] [INFO] [main] [useConfig] Configuración actualizada mediante onConfigUpdate
[2025-10-09 01:02:45] [INFO] [main] [useConfig] Configuración actualizada mediante onConfigUpdate
[2025-10-09 01:02:45] [INFO] [main] [useConfig] Configuración actualizada mediante onConfigUpdate
[2025-10-09 01:02:45] [INFO] [main] [useConfig] Configuración actualizada mediante onConfigUpdate
[2025-10-09 01:02:45] [INFO] [main] [useConfig] Configuración actualizada mediante onConfigUpdate
[2025-10-09 01:02:45] [INFO] [main] [useConfig] Configuración actualizada mediante onConfigUpdate
[2025-10-09 01:02:45] [INFO] [main] [useConfig] Configuración actualizada mediante onConfigUpdate
[2025-10-09 01:02:45] [INFO] [main] [useConfig] Configuración actualizada mediante onConfigUpdate
[2025-10-09 01:02:45] [INFO] [main] [useConfig] Configuración actualizada mediante onConfigUpdate
[2025-10-09 01:02:45] [INFO] [main] [useConfig] Configuración actualizada mediante onConfigUpdate
[2025-10-09 01:02:45] [INFO] [main] [useConfig] Configuración actualizada mediante onConfigUpdate
[2025-10-09 01:02:45] [INFO] [main] [useConfig] Configuración actualizada mediante onConfigUpdate
[2025-10-09 01:02:45] [INFO] [main] [useConfig] Configuración actualizada mediante onConfigUpdate
[2025-10-09 01:02:45] [INFO] [main] [useConfig] Configuración actualizada mediante onConfigUpdate
[2025-10-09 01:02:45] [INFO] [main] [useConfig] Configuración actualizada mediante onConfigUpdate
[2025-10-09 01:02:45] [INFO] [main] [useConfig] Configuración actualizada mediante onConfigUpdate
[2025-10-09 01:02:45] [INFO] [main] [useConfig] Configuración actualizada mediante onConfigUpdate
[2025-10-09 01:02:45] [INFO] [main] [useConfig] Configuración actualizada mediante onConfigUpdate
[2025-10-09 01:02:45] [INFO] [main] [useConfig] Configuración actualizada mediante onConfigUpdate
[2025-10-09 01:02:45] [INFO] [main] [useConfig] Configuración actualizada mediante onConfigUpdate
[2025-10-09 01:02:45] [INFO] [main] [useConfig] Configuración actualizada mediante onConfigUpdate
[2025-10-09 01:02:45] [INFO] [main] [useConfig] Configuración actualizada mediante onConfigUpdate
[2025-10-09 01:02:45] [INFO] [main] [useConfig] Configuración actualizada mediante onConfigUpdate
[2025-10-09 01:02:45] [INFO] [main] [useConfig] Configuración actualizada mediante onConfigUpdate
[2025-10-09 01:02:45] [INFO] [main] [useConfig] Configuración actualizada mediante onConfigUpdate
[2025-10-09 01:02:45] [INFO] [main] [useConfig] Configuración actualizada mediante onConfigUpdate
[2025-10-09 01:02:45] [INFO] [main] [useConfig] Configuración actualizada mediante onConfigUpdate
[2025-10-09 01:02:45] [INFO] [main] [useConfig] Configuración actualizada mediante onConfigUpdate
[2025-10-09 01:02:45] [INFO] [main] [useConfig] Configuración actualizada mediante onConfigUpdate
[2025-10-09 01:02:45] [INFO] [main] [useConfig] Configuración actualizada mediante onConfigUpdate
[2025-10-09 01:02:45] [INFO] [main] [useConfig] Configuración actualizada mediante onConfigUpdate
[2025-10-09 01:02:45] [INFO] [main] [useConfig] Configuración actualizada mediante onConfigUpdate
[2025-10-09 01:02:45] [INFO] [main] [useConfig] Configuración actualizada mediante onConfigUpdate
[2025-10-09 01:02:45] [INFO] [main] [useConfig] Configuración actualizada mediante onConfigUpdate
[2025-10-09 01:02:45] [INFO] [main] [useConfig] Configuración actualizada mediante onConfigUpdate
[2025-10-09 01:02:45] [INFO] [main] [useConfig] Configuración actualizada mediante onConfigUpdate
[2025-10-09 01:02:45] [INFO] [main] [useConfig] Configuración actualizada mediante onConfigUpdate
[2025-10-09 01:02:45] [INFO] [main] [useConfig] Configuración actualizada mediante onConfigUpdate
[2025-10-09 01:02:45] [INFO] [main] [configStore] Configuración actualizada
[2025-10-09 01:02:45] [INFO] [main] [configStore] Nueva configuración recibida vía IPC
[2025-10-09 01:02:45] [INFO] [main] [useConfig] Configuración actualizada mediante onConfigUpdate
[2025-10-09 01:02:45] [INFO] [main] [useConfig] Configuración actualizada mediante onConfigUpdate
[2025-10-09 01:02:45] [INFO] [main] [useConfig] Configuración actualizada mediante onConfigUpdate
[2025-10-09 01:02:45] [INFO] [main] [useConfig] Configuración actualizada mediante onConfigUpdate
[2025-10-09 01:02:45] [INFO] [main] [useConfig] Configuración actualizada mediante onConfigUpdate
[2025-10-09 01:02:45] [INFO] [main] [useConfig] Configuración actualizada mediante onConfigUpdate
[2025-10-09 01:02:45] [INFO] [main] [useConfig] Configuración actualizada mediante onConfigUpdate
[2025-10-09 01:02:45] [INFO] [main] [useConfig] Configuración actualizada mediante onConfigUpdate
[2025-10-09 01:02:45] [INFO] [main] [useConfig] Configuración actualizada mediante onConfigUpdate
[2025-10-09 01:02:45] [INFO] [main] [useConfig] Configuración actualizada mediante onConfigUpdate
[2025-10-09 01:02:45] [INFO] [main] [useConfig] Configuración actualizada mediante onConfigUpdate
[2025-10-09 01:02:45] [INFO] [main] [useConfig] Configuración actualizada mediante onConfigUpdate
[2025-10-09 01:02:45] [INFO] [main] [useConfig] Configuración actualizada mediante onConfigUpdate
[2025-10-09 01:02:45] [INFO] [main] [useConfig] Configuración actualizada mediante onConfigUpdate
[2025-10-09 01:02:45] [INFO] [main] [useConfig] Configuración actualizada mediante onConfigUpdate
[2025-10-09 01:02:45] [INFO] [main] [useConfig] Configuración actualizada mediante onConfigUpdate
[2025-10-09 01:02:45] [INFO] [main] [useConfig] Configuración actualizada mediante onConfigUpdate
[2025-10-09 01:02:45] [INFO] [main] [useConfig] Configuración actualizada mediante onConfigUpdate
[2025-10-09 01:02:45] [INFO] [main] [useConfig] Configuración actualizada mediante onConfigUpdate
[2025-10-09 01:02:45] [INFO] [setupWatcher] Archivo setup_config.json cargado correctamente
[2025-10-09 01:02:45] [INFO] [main] [useConfig] Configuración actualizada mediante onConfigUpdate
[2025-10-09 01:02:45] [INFO] [main] [useConfig] Configuración actualizada mediante onConfigUpdate
[2025-10-09 01:02:45] [INFO] [main] [useConfig] Configuración actualizada mediante onConfigUpdate
[2025-10-09 01:02:45] [INFO] [main] [useConfig] Configuración actualizada mediante onConfigUpdate
[2025-10-09 01:02:45] [INFO] [main] [useConfig] Configuración actualizada mediante onConfigUpdate
[2025-10-09 01:02:45] [INFO] [main] [useConfig] Configuración actualizada mediante onConfigUpdate
[2025-10-09 01:02:45] [INFO] [main] [useConfig] Configuración actualizada mediante onConfigUpdate
[2025-10-09 01:02:45] [INFO] [main] [useConfig] Configuración actualizada mediante onConfigUpdate
[2025-10-09 01:02:45] [INFO] [main] [useConfig] Configuración actualizada mediante onConfigUpdate
[2025-10-09 01:02:45] [INFO] [main] [useConfig] Configuración actualizada mediante onConfigUpdate
[2025-10-09 01:02:45] [INFO] [main] [useConfig] Configuración actualizada mediante onConfigUpdate
[2025-10-09 01:02:45] [INFO] [main] [useConfig] Configuración actualizada mediante onConfigUpdate
[2025-10-09 01:02:45] [INFO] [main] [useConfig] Configuración actualizada mediante onConfigUpdate
[2025-10-09 01:02:45] [INFO] [main] [useConfig] Configuración actualizada mediante onConfigUpdate
[2025-10-09 01:02:45] [INFO] [main] [useConfig] Configuración actualizada mediante onConfigUpdate
[2025-10-09 01:02:45] [INFO] [main] [useConfig] Configuración actualizada mediante onConfigUpdate
[2025-10-09 01:02:45] [INFO] [main] [useConfig] Configuración actualizada mediante onConfigUpdate
[2025-10-09 01:02:45] [INFO] [main] [useConfig] Configuración actualizada mediante onConfigUpdate
[2025-10-09 01:02:45] [INFO] [main] [useConfig] Configuración actualizada mediante onConfigUpdate
[2025-10-09 01:02:45] [INFO] [main] [useConfig] Configuración actualizada mediante onConfigUpdate
[2025-10-09 01:02:45] [INFO] [main] [useConfig] Configuración actualizada mediante onConfigUpdate
[2025-10-09 01:02:45] [INFO] [main] [useConfig] Configuración actualizada mediante onConfigUpdate
[2025-10-09 01:02:45] [INFO] [main] [useConfig] Configuración actualizada mediante onConfigUpdate
[2025-10-09 01:02:45] [INFO] [main] [app] [Scheduler] Config cambió → reseteando localStorage
[2025-10-09 01:02:45] [INFO] [main] [scheduleReport] [daily] Inicialización — próximo target: 2025-10-10 01:02:00
[2025-10-09 01:02:45] [INFO] [main] [scheduleReport] [weekly] Inicialización — próximo target: 2025-10-13 00:10:00
[2025-10-09 01:02:45] [INFO] [main] [scheduleReport] [monthly] Inicialización — próximo target: 2025-11-01 00:15:00
[2025-10-09 01:02:45] [INFO] [main] [scheduleReport] [daily] Inicialización — próximo target: 2025-10-10 01:02:00
[2025-10-09 01:02:45] [INFO] [main] [scheduleReport] [weekly] Inicialización — próximo target: 2025-10-13 00:10:00
[2025-10-09 01:02:45] [INFO] [main] [scheduleReport] [monthly] Inicialización — próximo target: 2025-11-01 00:15:00
[2025-10-09 01:02:45] [INFO] [setupWatcher] Archivo setup_config.json cargado correctamente
[2025-10-09 01:02:45] [INFO] [main] Recibido config actualizado
[2025-10-09 01:02:45] [INFO] [main] [configStore] Configuración actualizada
[2025-10-09 01:02:45] [INFO] [main] [configStore] Nueva configuración recibida vía IPC
[2025-10-09 01:02:45] [INFO] [main] [useConfig] Configuración actualizada mediante onConfigUpdate
[2025-10-09 01:02:45] [INFO] [main] [useConfig] Configuración actualizada mediante onConfigUpdate
[2025-10-09 01:02:45] [INFO] [main] [useConfig] Configuración actualizada mediante onConfigUpdate
[2025-10-09 01:02:45] [INFO] [main] [useConfig] Configuración actualizada mediante onConfigUpdate
[2025-10-09 01:02:45] [INFO] [main] [useConfig] Configuración actualizada mediante onConfigUpdate
[2025-10-09 01:02:45] [INFO] [main] [useConfig] Configuración actualizada mediante onConfigUpdate
[2025-10-09 01:02:45] [INFO] [main] [useConfig] Configuración actualizada mediante onConfigUpdate
[2025-10-09 01:02:45] [INFO] [main] [useConfig] Configuración actualizada mediante onConfigUpdate
[2025-10-09 01:02:45] [INFO] [main] [useConfig] Configuración actualizada mediante onConfigUpdate
[2025-10-09 01:02:45] [INFO] [main] [useConfig] Configuración actualizada mediante onConfigUpdate
[2025-10-09 01:02:45] [INFO] [main] [useConfig] Configuración actualizada mediante onConfigUpdate
[2025-10-09 01:02:45] [INFO] [main] [useConfig] Configuración actualizada mediante onConfigUpdate
[2025-10-09 01:02:45] [INFO] [main] [useConfig] Configuración actualizada mediante onConfigUpdate
[2025-10-09 01:02:45] [INFO] [main] [useConfig] Configuración actualizada mediante onConfigUpdate
[2025-10-09 01:02:45] [INFO] [main] [useConfig] Configuración actualizada mediante onConfigUpdate
[2025-10-09 01:02:45] [INFO] [main] [useConfig] Configuración actualizada mediante onConfigUpdate
[2025-10-09 01:02:45] [INFO] [main] [useConfig] Configuración actualizada mediante onConfigUpdate
[2025-10-09 01:02:45] [INFO] [main] [useConfig] Configuración actualizada mediante onConfigUpdate
[2025-10-09 01:02:45] [INFO] [main] [useConfig] Configuración actualizada mediante onConfigUpdate
[2025-10-09 01:02:45] [INFO] [main] [useConfig] Configuración actualizada mediante onConfigUpdate
[2025-10-09 01:02:45] [INFO] [main] [useConfig] Configuración actualizada mediante onConfigUpdate
[2025-10-09 01:02:45] [INFO] [main] [useConfig] Configuración actualizada mediante onConfigUpdate
[2025-10-09 01:02:45] [INFO] [main] [useConfig] Configuración actualizada mediante onConfigUpdate
[2025-10-09 01:02:45] [INFO] [main] [useConfig] Configuración actualizada mediante onConfigUpdate
[2025-10-09 01:02:45] [INFO] [main] [useConfig] Configuración actualizada mediante onConfigUpdate
[2025-10-09 01:02:45] [INFO] [main] [useConfig] Configuración actualizada mediante onConfigUpdate
[2025-10-09 01:02:45] [INFO] [main] [useConfig] Configuración actualizada mediante onConfigUpdate
[2025-10-09 01:02:45] [INFO] [main] [useConfig] Configuración actualizada mediante onConfigUpdate
[2025-10-09 01:02:45] [INFO] [main] [useConfig] Configuración actualizada mediante onConfigUpdate
[2025-10-09 01:02:45] [INFO] [main] [useConfig] Configuración actualizada mediante onConfigUpdate
[2025-10-09 01:02:45] [INFO] [main] [useConfig] Configuración actualizada mediante onConfigUpdate
[2025-10-09 01:02:45] [INFO] [main] [useConfig] Configuración actualizada mediante onConfigUpdate
[2025-10-09 01:02:45] [INFO] [main] [useConfig] Configuración actualizada mediante onConfigUpdate
[2025-10-09 01:02:45] [INFO] [main] [useConfig] Configuración actualizada mediante onConfigUpdate
[2025-10-09 01:02:45] [INFO] [main] [useConfig] Configuración actualizada mediante onConfigUpdate
[2025-10-09 01:02:45] [INFO] [main] [useConfig] Configuración actualizada mediante onConfigUpdate
[2025-10-09 01:02:45] [INFO] [main] [useConfig] Configuración actualizada mediante onConfigUpdate
[2025-10-09 01:02:45] [INFO] [main] [useConfig] Configuración actualizada mediante onConfigUpdate
[2025-10-09 01:02:45] [INFO] [main] [useConfig] Configuración actualizada mediante onConfigUpdate
[2025-10-09 01:02:45] [INFO] [main] [useConfig] Configuración actualizada mediante onConfigUpdate
[2025-10-09 01:02:45] [INFO] [main] [useConfig] Configuración actualizada mediante onConfigUpdate
[2025-10-09 01:02:45] [INFO] [main] [useConfig] Configuración actualizada mediante onConfigUpdate
[2025-10-09 01:02:45] [INFO] [main] [scheduleReport] [daily] Inicialización — próximo target: 2025-10-10 01:02:00
[2025-10-09 01:02:45] [INFO] [main] [scheduleReport] [weekly] Inicialización — próximo target: 2025-10-13 00:10:00
[2025-10-09 01:02:45] [INFO] [main] [scheduleReport] [monthly] Inicialización — próximo target: 2025-11-01 00:15:00
[2025-10-09 01:02:46] [INFO] [main] [scheduleReport] [daily] Inicialización — próximo target: 2025-10-10 01:02:00
[2025-10-09 01:02:46] [INFO] [main] [scheduleReport] [weekly] Inicialización — próximo target: 2025-10-13 00:10:00
[2025-10-09 01:02:46] [INFO] [main] [scheduleReport] [monthly] Inicialización — próximo target: 2025-11-01 00:15:00
[2025-10-09 01:02:46] [INFO] [main] [scheduleReport] [daily] Inicialización — próximo target: 2025-10-10 01:02:00
[2025-10-09 01:02:46] [INFO] [main] [scheduleReport] [weekly] Inicialización — próximo target: 2025-10-13 00:10:00
[2025-10-09 01:02:46] [INFO] [main] [scheduleReport] [monthly] Inicialización — próximo target: 2025-11-01 00:15:00
[2025-10-09 01:02:46] [INFO] Voz seleccionada por usuario: Microsoft Sabina Desktop
[2025-10-09 01:02:46] [INFO] [main] [scheduleReport] [daily] Inicialización — próximo target: 2025-10-10 01:02:00
[2025-10-09 01:02:46] [INFO] [main] [scheduleReport] [weekly] Inicialización — próximo target: 2025-10-13 00:10:00
[2025-10-09 01:02:46] [INFO] [main] [scheduleReport] [monthly] Inicialización — próximo target: 2025-11-01 00:15:00
[2025-10-09 01:03:06] [INFO] Voz seleccionada por usuario: Microsoft Sabina Desktop
[2025-10-09 01:03:26] [INFO] Voz seleccionada por usuario: Microsoft Sabina Desktop
[2025-10-09 01:08:05] [INFO] Voz seleccionada por usuario: Microsoft Sabina Desktop
[2025-10-09 01:08:25] [INFO] Voz seleccionada por usuario: Microsoft Sabina Desktop
[2025-10-09 01:08:45] [INFO] Voz seleccionada por usuario: Microsoft Sabina Desktop
[2025-10-09 01:08:57] [INFO] [main] [scheduleReport] [daily] Inicialización — próximo target: 2025-10-12 01:02:00
[2025-10-09 01:08:57] [INFO] [main] [scheduleReport] [weekly] Inicialización — próximo target: 2025-10-13 00:10:00
[2025-10-09 01:08:57] [INFO] [main] [scheduleReport] [monthly] Inicialización — próximo target: 2025-11-01 00:15:00
[2025-10-09 01:09:05] [INFO] Voz seleccionada por usuario: Microsoft Sabina Desktop
[2025-10-09 01:09:25] [INFO] Voz seleccionada por usuario: Microsoft Sabina Desktop
[2025-10-09 01:09:45] [INFO] Voz seleccionada por usuario: Microsoft Sabina Desktop
[2025-10-09 01:09:57] [INFO] [main] [scheduleReport] [daily] Inicialización — próximo target: 2025-10-10 01:02:00
[2025-10-09 01:09:57] [INFO] [main] [scheduleReport] [weekly] Inicialización — próximo target: 2025-10-13 00:10:00
[2025-10-09 01:09:57] [INFO] [main] [scheduleReport] [monthly] Inicialización — próximo target: 2025-11-01 00:15:00
[2025-10-09 01:10:05] [INFO] Voz seleccionada por usuario: Microsoft Sabina Desktop
[2025-10-09 01:10:25] [INFO] Voz seleccionada por usuario: Microsoft Sabina Desktop
[2025-10-09 01:10:45] [INFO] Voz seleccionada por usuario: Microsoft Sabina Desktop
[2025-10-09 01:10:57] [INFO] [main] [scheduleReport] [daily] Inicialización — próximo target: 2025-10-10 01:02:00
[2025-10-09 01:10:57] [INFO] [main] [scheduleReport] [weekly] Inicialización — próximo target: 2025-10-13 00:10:00
[2025-10-09 01:10:57] [INFO] [main] [scheduleReport] [monthly] Inicialización — próximo target: 2025-11-01 00:15:00
[2025-10-09 01:11:05] [INFO] Voz seleccionada por usuario: Microsoft Sabina Desktop
[2025-10-09 01:11:25] [INFO] Voz seleccionada por usuario: Microsoft Sabina Desktop
[2025-10-09 01:11:45] [INFO] Voz seleccionada por usuario: Microsoft Sabina Desktop
[2025-10-09 01:11:49] [INFO] [main] Recibido config actualizado
[2025-10-09 01:11:49] [INFO] [main] Recibido auth actualizado
[2025-10-09 01:11:49] [INFO] [main] Recibido logger actualizado
[2025-10-09 01:11:49] [INFO] [main] Recibido env actualizado
[2025-10-09 01:11:49] [INFO] [preload] Inicializando preload.js
[2025-10-09 01:11:49] [INFO] [setupWatcher] Observando archivo setup_config.json en: C:\Users\User\Documents\Personal\LockeritDesk\configFiles\setup_config.json
[2025-10-09 01:11:49] [INFO] [setupWatcher] Archivo setup_config.json cargado correctamente
[2025-10-09 01:11:49] [INFO] [preload] Watcher iniciado: setup_config.json
[2025-10-09 01:11:49] [INFO] [authWatcher] Observando archivo auth_key.json en: C:\Users\User\Documents\Personal\LockeritDesk\configFiles\auth_key.json
[2025-10-09 01:11:49] [INFO] [authWatcher] auth_key.json actualizado correctamente
[2025-10-09 01:11:49] [INFO] [preload] Watcher iniciado: auth_key.json
[2025-10-09 01:11:49] [INFO] [loggerWatcher] Observando archivo logger_config.json en: C:\Users\User\Documents\Personal\LockeritDesk\configFiles\logger_config.json
[2025-10-09 01:11:49] [INFO] [loggerWatcher] Archivo logger_config.json cargado correctamente
[2025-10-09 01:11:49] [INFO] [preload] Watcher iniciado: logger_config.json
[2025-10-09 01:11:49] [INFO] [envWatcher] Observando archivo .env en: C:\Users\User\Documents\Personal\LockeritDesk\configFiles\.env
[2025-10-09 01:11:49] [INFO] [envWatcher] Archivo .env cargado correctamente
[2025-10-09 01:11:49] [INFO] [preload] Watcher iniciado: .env
[2025-10-09 01:11:49] [INFO] [preload] API expuesta en window.electronAPI
[2025-10-09 01:15:04] [INFO] [main] Iniciando aplicación Electron
[2025-10-09 01:15:04] [INFO] [main] .env cargado desde C:\Users\User\Documents\Personal\LockeritDesk\configFiles\.env
[2025-10-09 01:15:04] [INFO] [main] App lista, creando ventana...
[2025-10-09 01:15:04] [INFO] [main] Creando ventana principal...
[2025-10-09 01:15:04] [INFO] [main] Cargando URL: http://localhost:5173
[2025-10-09 01:15:04] [INFO] [main] Recibido config actualizado
[2025-10-09 01:15:04] [INFO] [main] Recibido auth actualizado
[2025-10-09 01:15:04] [INFO] [main] Recibido logger actualizado
[2025-10-09 01:15:05] [INFO] [main] Recibido env actualizado
[2025-10-09 01:15:04] [INFO] [preload] Inicializando preload.js
[2025-10-09 01:15:04] [INFO] [setupWatcher] Observando archivo setup_config.json en: C:\Users\User\Documents\Personal\LockeritDesk\configFiles\setup_config.json
[2025-10-09 01:15:04] [INFO] [setupWatcher] Archivo setup_config.json cargado correctamente
[2025-10-09 01:15:04] [INFO] [preload] Watcher iniciado: setup_config.json
[2025-10-09 01:15:04] [INFO] [authWatcher] Observando archivo auth_key.json en: C:\Users\User\Documents\Personal\LockeritDesk\configFiles\auth_key.json
[2025-10-09 01:15:04] [INFO] [authWatcher] auth_key.json actualizado correctamente
[2025-10-09 01:15:04] [INFO] [preload] Watcher iniciado: auth_key.json
[2025-10-09 01:15:04] [INFO] [loggerWatcher] Observando archivo logger_config.json en: C:\Users\User\Documents\Personal\LockeritDesk\configFiles\logger_config.json
[2025-10-09 01:15:04] [INFO] [loggerWatcher] Archivo logger_config.json cargado correctamente
[2025-10-09 01:15:05] [INFO] [preload] Watcher iniciado: logger_config.json
[2025-10-09 01:15:05] [INFO] [envWatcher] Observando archivo .env en: C:\Users\User\Documents\Personal\LockeritDesk\configFiles\.env
[2025-10-09 01:15:05] [INFO] [envWatcher] Archivo .env cargado correctamente
[2025-10-09 01:15:05] [INFO] [preload] Watcher iniciado: .env
[2025-10-09 01:15:05] [INFO] [preload] API expuesta en window.electronAPI
[2025-10-09 01:15:05] [INFO] [main] [axiosConfig] API BaseURL Inicial: http://localhost:8080
[2025-10-09 01:15:05] [INFO] [main] [axiosConfig] API BaseTimeout Inicial: 30
[2025-10-09 01:15:05] [INFO] [main] [configStore] Configuración actualizada
[2025-10-09 01:15:05] [INFO] [main] [configStore] config_key.json inicial cargado exitosamente
[2025-10-09 01:15:05] [INFO] [main] [envStore] ENV inicial cargado correctamente
[2025-10-09 01:15:05] [INFO] [main] [envStore] ENV actualizado
[2025-10-09 01:15:05] [INFO] [main] [axiosConfig] API BaseTimeout actualizada dinámicamente: 30
[2025-10-09 01:15:05] [INFO] [main] [assignLocker] API BaseTimeout actualizada dinámicamente: 30
[2025-10-09 01:15:05] [INFO] [main] [authStore] Auth actualizado
[2025-10-09 01:15:05] [INFO] [main] [authStore] auth_key.json inicial cargado exitosamente
[2025-10-09 01:15:05] [INFO] [main] CSP cambió, enviando al renderer
[2025-10-09 01:15:06] [INFO] [main] get-screen-data-once -> 1920x1048 factor=0.97
[2025-10-09 01:15:06] [INFO] [main] [login] Usuario autenticado en sesión principal, redirigiendo a /ppal
[2025-10-09 01:15:06] [INFO] [main] [copyright] Versión cargada: 1.1.0
[2025-10-09 01:15:06] [INFO] [main] [app] Componente App montado
[2025-10-09 01:15:06] [INFO] [main] [app] Versión cargada: 1.1.0
[2025-10-09 01:15:06] [INFO] [main] [copyright] Versión cargada: 1.1.0
[2025-10-09 01:15:06] [INFO] [main] [app] Componente App montado
[2025-10-09 01:15:06] [INFO] [main] [app] Versión cargada: 1.1.0
[2025-10-09 01:15:06] [INFO] [main] [useConfig] Configuración inicial obtenida
[2025-10-09 01:15:06] [INFO] [main] [useConfig] Configuración inicial obtenida
[2025-10-09 01:15:06] [INFO] [main] [useConfig] Configuración inicial obtenida
[2025-10-09 01:15:06] [INFO] [main] [useConfig] Configuración inicial obtenida
[2025-10-09 01:15:06] [INFO] [main] [useConfig] Configuración inicial obtenida
[2025-10-09 01:15:06] [INFO] [main] [useConfig] Configuración inicial obtenida
[2025-10-09 01:15:06] [INFO] [main] [app] [Scheduler] Config cambió → reseteando localStorage
[2025-10-09 01:15:06] [INFO] [main] [scheduleReport] [daily] Primera inicialización — próximo target: 2025-10-10 01:15:00
[2025-10-09 01:15:06] [INFO] [main] [scheduleReport] [weekly] Primera inicialización — próximo target: 2025-10-16 00:10:00
[2025-10-09 01:15:06] [INFO] [main] [scheduleReport] [monthly] Primera inicialización — próximo target: 2025-11-01 00:15:00
[2025-10-09 01:15:06] [INFO] [main] [statusLockers] Iniciando petición para obtener casilleros disponibles
[2025-10-09 01:15:06] [INFO] [main] [statusLockers] Timeout efectivo en ejecución: 30000
[2025-10-09 01:15:06] [INFO] [main] [statusLockers] Intento 1: HOST -> http://localhost:8080
[2025-10-09 01:15:06] [INFO] [main] [statusLockers] Intento 1: URL -> /api/lockers/get-all-status
[2025-10-09 01:15:06] [INFO] [main] [statusLockers] Iniciando petición para obtener casilleros disponibles
[2025-10-09 01:15:06] [INFO] [main] [statusLockers] Timeout efectivo en ejecución: 30000
[2025-10-09 01:15:06] [INFO] [main] [statusLockers] Intento 1: HOST -> http://localhost:8080
[2025-10-09 01:15:06] [INFO] [main] [statusLockers] Intento 1: URL -> /api/lockers/get-all-status
[2025-10-09 01:15:06] [INFO] [main] [useConfig] Configuración inicial obtenida
[2025-10-09 01:15:06] [INFO] [main] [useConfig] Configuración inicial obtenida
[2025-10-09 01:15:06] [INFO] [main] [useConfig] Configuración inicial obtenida
[2025-10-09 01:15:06] [INFO] [main] [useConfig] Configuración inicial obtenida
[2025-10-09 01:15:07] [INFO] [main] [scheduleReport] [daily] Primera inicialización — próximo target: 2025-10-10 01:15:00
[2025-10-09 01:15:07] [INFO] [main] [scheduleReport] [weekly] Primera inicialización — próximo target: 2025-10-16 00:10:00
[2025-10-09 01:15:07] [INFO] [main] [scheduleReport] [monthly] Primera inicialización — próximo target: 2025-11-01 00:15:00
[2025-10-09 01:15:07] [INFO] [main] [statusLockers] Response. Status: 200
[2025-10-09 01:15:07] [INFO] [main] [statusLockers] Response. Data: {"general":[{"status":"ocupado","total":12},{"status":"libre","total":1},{"status":"reservado","total":12},{"status":"deshabilitado","total":6}],"modules":[{"module":"A","lockers":[{"lockerCode":"A1","status":"reservado"},{"lockerCode":"A2","status":"Libre"},{"lockerCode":"A3","status":"Libre"},{"lockerCode":"A4","status":"ocupado"},{"lockerCode":"A5","status":"reservado"},{"lockerCode":"A6","status":"ocupado"},{"lockerCode":"A7","status":"deshabilitado"},{"lockerCode":"A8","status":"Libre"},{"lockerCode":"A9","status":"Libre"},{"lockerCode":"A10","status":"Libre"},{"lockerCode":"A11","status":"reservado"},{"lockerCode":"A12","status":"Libre"},{"lockerCode":"A13","status":"Libre"},{"lockerCode":"A14","status":"ocupado"},{"lockerCode":"A15","status":"reservado"},{"lockerCode":"A16","status":"ocupado"},{"lockerCode":"A17","status":"deshabilitado"},{"lockerCode":"A18","status":"Libre"},{"lockerCode":"A19","status":"Libre"},{"lockerCode":"A20","status":"Libre"},{"lockerCode":"A21","status":"reservado"},{"lockerCode":"A22","status":"Libre"},{"lockerCode":"A23","status":"Libre"},{"lockerCode":"A24","status":"ocupado"},{"lockerCode":"A25","status":"reservado"},{"lockerCode":"A26","status":"ocupado"},{"lockerCode":"A27","status":"deshabilitado"},{"lockerCode":"A28","status":"Libre"},{"lockerCode":"A29","status":"Libre"},{"lockerCode":"A30","status":"Libre"},{"lockerCode":"A31","status":"reservado"},{"lockerCode":"A32","status":"Libre"},{"lockerCode":"A33","status":"Libre"},{"lockerCode":"A34","status":"ocupado"},{"lockerCode":"A35","status":"reservado"},{"lockerCode":"A36","status":"ocupado"},{"lockerCode":"A37","status":"deshabilitado"},{"lockerCode":"A38","status":"Libre"},{"lockerCode":"A39","status":"Libre"},{"lockerCode":"A40","status":"Libre"},{"lockerCode":"A41","status":"reservado"},{"lockerCode":"A42","status":"Libre"},{"lockerCode":"A43","status":"Libre"},{"lockerCode":"A44","status":"ocupado"},{"lockerCode":"A45","status":"reservado"},{"lockerCode":"A46","status":"ocupado"},{"lockerCode":"A47","status":"deshabilitado"},{"lockerCode":"A48","status":"Libre"},{"lockerCode":"A49","status":"Libre"},{"lockerCode":"A50","status":"Libre"},{"lockerCode":"A51","status":"reservado"},{"lockerCode":"A52","status":"Libre"},{"lockerCode":"A53","status":"Libre"},{"lockerCode":"A54","status":"ocupado"},{"lockerCode":"A55","status":"reservado"},{"lockerCode":"A56","status":"ocupado"},{"lockerCode":"A57","status":"deshabilitado"},{"lockerCode":"A58","status":"Libre"},{"lockerCode":"A59","status":"Libre"},{"lockerCode":"A60","status":"Libre"},{"lockerCode":"A61","status":"reservado"},{"lockerCode":"A62","status":"Libre"},{"lockerCode":"A63","status":"Libre"},{"lockerCode":"A64","status":"ocupado"},{"lockerCode":"A65","status":"reservado"},{"lockerCode":"A66","status":"ocupado"},{"lockerCode":"A67","status":"deshabilitado"},{"lockerCode":"A68","status":"Libre"},{"lockerCode":"A69","status":"Libre"},{"lockerCode":"A70","status":"Libre"},{"lockerCode":"A71","status":"reservado"},{"lockerCode":"A72","status":"Libre"},{"lockerCode":"A73","status":"Libre"},{"lockerCode":"A74","status":"ocupado"},{"lockerCode":"A75","status":"reservado"},{"lockerCode":"A76","status":"ocupado"},{"lockerCode":"A77","status":"deshabilitado"},{"lockerCode":"A78","status":"Libre"},{"lockerCode":"A79","status":"Libre"},{"lockerCode":"A80","status":"Libre"}]},{"module":"B","lockers":[{"lockerCode":"B1","status":"reservado"},{"lockerCode":"B2","status":"Libre"},{"lockerCode":"B3","status":"Libre"},{"lockerCode":"B4","status":"ocupado"},{"lockerCode":"B5","status":"reservado"}]},{"module":"C","lockers":[{"lockerCode":"C1","status":"reservado"},{"lockerCode":"C2","status":"Libre"},{"lockerCode":"C3","status":"Libre"},{"lockerCode":"C4","status":"ocupado"},{"lockerCode":"C5","status":"reservado"},{"lockerCode":"C6","status":"ocupado"},{"lockerCode":"C7","status":"deshabilitado"},{"lockerCode":"C8","status":"Libre"},{"lockerCode":"C9","status":"Libre"},{"lockerCode":"C10","status":"Libre"},{"lockerCode":"C11","status":"reservado"},{"lockerCode":"C12","status":"ocupado"},{"lockerCode":"C13","status":"deshabilitado"},{"lockerCode":"C14","status":"Libre"},{"lockerCode":"C15","status":"Libre"},{"lockerCode":"C16","status":"Libre"}]},{"module":"D","lockers":[{"lockerCode":"D1","status":"reservado"}]},{"module":"E","lockers":[{"lockerCode":"E1","status":"reservado"},{"lockerCode":"E2","status":"Libre"},{"lockerCode":"E3","status":"Libre"},{"lockerCode":"E4","status":"ocupado"},{"lockerCode":"E5","status":"reservado"},{"lockerCode":"E6","status":"ocupado"},{"lockerCode":"E7","status":"deshabilitado"},{"lockerCode":"E8","status":"Libre"},{"lockerCode":"E9","status":"Libre"},{"lockerCode":"E10","status":"Libre"}]},{"module":"F","lockers":[{"lockerCode":"F1","status":"reservado"},{"lockerCode":"F2","status":"Libre"},{"lockerCode":"F3","status":"Libre"},{"lockerCode":"F4","status":"ocupado"},{"lockerCode":"F5","status":"reservado"},{"lockerCode":"F6","status":"ocupado"},{"lockerCode":"F7","status":"deshabilitado"},{"lockerCode":"F8","status":"Libre"},{"lockerCode":"F9","status":"Libre"},{"lockerCode":"F10","status":"Libre"}]}]}
[2025-10-09 01:15:07] [INFO] [main] [statusLockers] Response. Status: 200
[2025-10-09 01:15:07] [INFO] [main] [statusLockers] Response. Data: {"general":[{"status":"ocupado","total":12},{"status":"libre","total":1},{"status":"reservado","total":12},{"status":"deshabilitado","total":6}],"modules":[{"module":"A","lockers":[{"lockerCode":"A1","status":"reservado"},{"lockerCode":"A2","status":"Libre"},{"lockerCode":"A3","status":"Libre"},{"lockerCode":"A4","status":"ocupado"},{"lockerCode":"A5","status":"reservado"},{"lockerCode":"A6","status":"ocupado"},{"lockerCode":"A7","status":"deshabilitado"},{"lockerCode":"A8","status":"Libre"},{"lockerCode":"A9","status":"Libre"},{"lockerCode":"A10","status":"Libre"},{"lockerCode":"A11","status":"reservado"},{"lockerCode":"A12","status":"Libre"},{"lockerCode":"A13","status":"Libre"},{"lockerCode":"A14","status":"ocupado"},{"lockerCode":"A15","status":"reservado"},{"lockerCode":"A16","status":"ocupado"},{"lockerCode":"A17","status":"deshabilitado"},{"lockerCode":"A18","status":"Libre"},{"lockerCode":"A19","status":"Libre"},{"lockerCode":"A20","status":"Libre"},{"lockerCode":"A21","status":"reservado"},{"lockerCode":"A22","status":"Libre"},{"lockerCode":"A23","status":"Libre"},{"lockerCode":"A24","status":"ocupado"},{"lockerCode":"A25","status":"reservado"},{"lockerCode":"A26","status":"ocupado"},{"lockerCode":"A27","status":"deshabilitado"},{"lockerCode":"A28","status":"Libre"},{"lockerCode":"A29","status":"Libre"},{"lockerCode":"A30","status":"Libre"},{"lockerCode":"A31","status":"reservado"},{"lockerCode":"A32","status":"Libre"},{"lockerCode":"A33","status":"Libre"},{"lockerCode":"A34","status":"ocupado"},{"lockerCode":"A35","status":"reservado"},{"lockerCode":"A36","status":"ocupado"},{"lockerCode":"A37","status":"deshabilitado"},{"lockerCode":"A38","status":"Libre"},{"lockerCode":"A39","status":"Libre"},{"lockerCode":"A40","status":"Libre"},{"lockerCode":"A41","status":"reservado"},{"lockerCode":"A42","status":"Libre"},{"lockerCode":"A43","status":"Libre"},{"lockerCode":"A44","status":"ocupado"},{"lockerCode":"A45","status":"reservado"},{"lockerCode":"A46","status":"ocupado"},{"lockerCode":"A47","status":"deshabilitado"},{"lockerCode":"A48","status":"Libre"},{"lockerCode":"A49","status":"Libre"},{"lockerCode":"A50","status":"Libre"},{"lockerCode":"A51","status":"reservado"},{"lockerCode":"A52","status":"Libre"},{"lockerCode":"A53","status":"Libre"},{"lockerCode":"A54","status":"ocupado"},{"lockerCode":"A55","status":"reservado"},{"lockerCode":"A56","status":"ocupado"},{"lockerCode":"A57","status":"deshabilitado"},{"lockerCode":"A58","status":"Libre"},{"lockerCode":"A59","status":"Libre"},{"lockerCode":"A60","status":"Libre"},{"lockerCode":"A61","status":"reservado"},{"lockerCode":"A62","status":"Libre"},{"lockerCode":"A63","status":"Libre"},{"lockerCode":"A64","status":"ocupado"},{"lockerCode":"A65","status":"reservado"},{"lockerCode":"A66","status":"ocupado"},{"lockerCode":"A67","status":"deshabilitado"},{"lockerCode":"A68","status":"Libre"},{"lockerCode":"A69","status":"Libre"},{"lockerCode":"A70","status":"Libre"},{"lockerCode":"A71","status":"reservado"},{"lockerCode":"A72","status":"Libre"},{"lockerCode":"A73","status":"Libre"},{"lockerCode":"A74","status":"ocupado"},{"lockerCode":"A75","status":"reservado"},{"lockerCode":"A76","status":"ocupado"},{"lockerCode":"A77","status":"deshabilitado"},{"lockerCode":"A78","status":"Libre"},{"lockerCode":"A79","status":"Libre"},{"lockerCode":"A80","status":"Libre"}]},{"module":"B","lockers":[{"lockerCode":"B1","status":"reservado"},{"lockerCode":"B2","status":"Libre"},{"lockerCode":"B3","status":"Libre"},{"lockerCode":"B4","status":"ocupado"},{"lockerCode":"B5","status":"reservado"}]},{"module":"C","lockers":[{"lockerCode":"C1","status":"reservado"},{"lockerCode":"C2","status":"Libre"},{"lockerCode":"C3","status":"Libre"},{"lockerCode":"C4","status":"ocupado"},{"lockerCode":"C5","status":"reservado"},{"lockerCode":"C6","status":"ocupado"},{"lockerCode":"C7","status":"deshabilitado"},{"lockerCode":"C8","status":"Libre"},{"lockerCode":"C9","status":"Libre"},{"lockerCode":"C10","status":"Libre"},{"lockerCode":"C11","status":"reservado"},{"lockerCode":"C12","status":"ocupado"},{"lockerCode":"C13","status":"deshabilitado"},{"lockerCode":"C14","status":"Libre"},{"lockerCode":"C15","status":"Libre"},{"lockerCode":"C16","status":"Libre"}]},{"module":"D","lockers":[{"lockerCode":"D1","status":"reservado"}]},{"module":"E","lockers":[{"lockerCode":"E1","status":"reservado"},{"lockerCode":"E2","status":"Libre"},{"lockerCode":"E3","status":"Libre"},{"lockerCode":"E4","status":"ocupado"},{"lockerCode":"E5","status":"reservado"},{"lockerCode":"E6","status":"ocupado"},{"lockerCode":"E7","status":"deshabilitado"},{"lockerCode":"E8","status":"Libre"},{"lockerCode":"E9","status":"Libre"},{"lockerCode":"E10","status":"Libre"}]},{"module":"F","lockers":[{"lockerCode":"F1","status":"reservado"},{"lockerCode":"F2","status":"Libre"},{"lockerCode":"F3","status":"Libre"},{"lockerCode":"F4","status":"ocupado"},{"lockerCode":"F5","status":"reservado"},{"lockerCode":"F6","status":"ocupado"},{"lockerCode":"F7","status":"deshabilitado"},{"lockerCode":"F8","status":"Libre"},{"lockerCode":"F9","status":"Libre"},{"lockerCode":"F10","status":"Libre"}]}]}
[2025-10-09 01:15:08] [INFO] [main] [statusLockers] Iniciando petición para obtener casilleros disponibles
[2025-10-09 01:15:08] [INFO] [main] [statusLockers] Timeout efectivo en ejecución: 30000
[2025-10-09 01:15:08] [INFO] [main] [statusLockers] Intento 1: HOST -> http://localhost:8080
[2025-10-09 01:15:08] [INFO] [main] [statusLockers] Intento 1: URL -> /api/lockers/get-all-status
[2025-10-09 01:15:08] [INFO] [main] [copyright] Versión cargada: 1.1.0
[2025-10-09 01:15:08] [INFO] [main] [app] Componente App montado
[2025-10-09 01:15:08] [INFO] [main] [app] Versión cargada: 1.1.0
[2025-10-09 01:15:08] [INFO] [main] [statusLockers] Iniciando petición para obtener casilleros disponibles
[2025-10-09 01:15:08] [INFO] [main] [statusLockers] Timeout efectivo en ejecución: 30000
[2025-10-09 01:15:08] [INFO] [main] [statusLockers] Intento 1: HOST -> http://localhost:8080
[2025-10-09 01:15:08] [INFO] [main] [statusLockers] Intento 1: URL -> /api/lockers/get-all-status
[2025-10-09 01:15:08] [INFO] [main] [copyright] Versión cargada: 1.1.0
[2025-10-09 01:15:08] [INFO] [main] [app] Componente App montado
[2025-10-09 01:15:08] [INFO] [main] [app] Versión cargada: 1.1.0
[2025-10-09 01:15:08] [INFO] [main] [useConfig] Configuración inicial obtenida
[2025-10-09 01:15:08] [INFO] [main] [useConfig] Configuración inicial obtenida
[2025-10-09 01:15:08] [INFO] [main] [useConfig] Configuración inicial obtenida
[2025-10-09 01:15:08] [INFO] [main] [useConfig] Configuración inicial obtenida
[2025-10-09 01:15:08] [INFO] [main] [useConfig] Configuración inicial obtenida
[2025-10-09 01:15:08] [INFO] [main] [useConfig] Configuración inicial obtenida
[2025-10-09 01:15:08] [INFO] [main] [useConfig] Configuración inicial obtenida
[2025-10-09 01:15:08] [INFO] [main] [useConfig] Configuración inicial obtenida
[2025-10-09 01:15:08] [INFO] [main] [scheduleReport] [daily] Primera inicialización — próximo target: 2025-10-10 01:15:00
[2025-10-09 01:15:08] [INFO] [main] [scheduleReport] [weekly] Primera inicialización — próximo target: 2025-10-16 00:10:00
[2025-10-09 01:15:08] [INFO] [main] [scheduleReport] [monthly] Primera inicialización — próximo target: 2025-11-01 00:15:00
[2025-10-09 01:15:08] [INFO] [main] [statusLockers] Response. Status: 200
[2025-10-09 01:15:08] [INFO] [main] [statusLockers] Response. Data: {"general":[{"status":"ocupado","total":12},{"status":"libre","total":1},{"status":"reservado","total":12},{"status":"deshabilitado","total":6}],"modules":[{"module":"A","lockers":[{"lockerCode":"A1","status":"reservado"},{"lockerCode":"A2","status":"Libre"},{"lockerCode":"A3","status":"Libre"},{"lockerCode":"A4","status":"ocupado"},{"lockerCode":"A5","status":"reservado"},{"lockerCode":"A6","status":"ocupado"},{"lockerCode":"A7","status":"deshabilitado"},{"lockerCode":"A8","status":"Libre"},{"lockerCode":"A9","status":"Libre"},{"lockerCode":"A10","status":"Libre"},{"lockerCode":"A11","status":"reservado"},{"lockerCode":"A12","status":"Libre"},{"lockerCode":"A13","status":"Libre"},{"lockerCode":"A14","status":"ocupado"},{"lockerCode":"A15","status":"reservado"},{"lockerCode":"A16","status":"ocupado"},{"lockerCode":"A17","status":"deshabilitado"},{"lockerCode":"A18","status":"Libre"},{"lockerCode":"A19","status":"Libre"},{"lockerCode":"A20","status":"Libre"},{"lockerCode":"A21","status":"reservado"},{"lockerCode":"A22","status":"Libre"},{"lockerCode":"A23","status":"Libre"},{"lockerCode":"A24","status":"ocupado"},{"lockerCode":"A25","status":"reservado"},{"lockerCode":"A26","status":"ocupado"},{"lockerCode":"A27","status":"deshabilitado"},{"lockerCode":"A28","status":"Libre"},{"lockerCode":"A29","status":"Libre"},{"lockerCode":"A30","status":"Libre"},{"lockerCode":"A31","status":"reservado"},{"lockerCode":"A32","status":"Libre"},{"lockerCode":"A33","status":"Libre"},{"lockerCode":"A34","status":"ocupado"},{"lockerCode":"A35","status":"reservado"},{"lockerCode":"A36","status":"ocupado"},{"lockerCode":"A37","status":"deshabilitado"},{"lockerCode":"A38","status":"Libre"},{"lockerCode":"A39","status":"Libre"},{"lockerCode":"A40","status":"Libre"},{"lockerCode":"A41","status":"reservado"},{"lockerCode":"A42","status":"Libre"},{"lockerCode":"A43","status":"Libre"},{"lockerCode":"A44","status":"ocupado"},{"lockerCode":"A45","status":"reservado"},{"lockerCode":"A46","status":"ocupado"},{"lockerCode":"A47","status":"deshabilitado"},{"lockerCode":"A48","status":"Libre"},{"lockerCode":"A49","status":"Libre"},{"lockerCode":"A50","status":"Libre"},{"lockerCode":"A51","status":"reservado"},{"lockerCode":"A52","status":"Libre"},{"lockerCode":"A53","status":"Libre"},{"lockerCode":"A54","status":"ocupado"},{"lockerCode":"A55","status":"reservado"},{"lockerCode":"A56","status":"ocupado"},{"lockerCode":"A57","status":"deshabilitado"},{"lockerCode":"A58","status":"Libre"},{"lockerCode":"A59","status":"Libre"},{"lockerCode":"A60","status":"Libre"},{"lockerCode":"A61","status":"reservado"},{"lockerCode":"A62","status":"Libre"},{"lockerCode":"A63","status":"Libre"},{"lockerCode":"A64","status":"ocupado"},{"lockerCode":"A65","status":"reservado"},{"lockerCode":"A66","status":"ocupado"},{"lockerCode":"A67","status":"deshabilitado"},{"lockerCode":"A68","status":"Libre"},{"lockerCode":"A69","status":"Libre"},{"lockerCode":"A70","status":"Libre"},{"lockerCode":"A71","status":"reservado"},{"lockerCode":"A72","status":"Libre"},{"lockerCode":"A73","status":"Libre"},{"lockerCode":"A74","status":"ocupado"},{"lockerCode":"A75","status":"reservado"},{"lockerCode":"A76","status":"ocupado"},{"lockerCode":"A77","status":"deshabilitado"},{"lockerCode":"A78","status":"Libre"},{"lockerCode":"A79","status":"Libre"},{"lockerCode":"A80","status":"Libre"}]},{"module":"B","lockers":[{"lockerCode":"B1","status":"reservado"},{"lockerCode":"B2","status":"Libre"},{"lockerCode":"B3","status":"Libre"},{"lockerCode":"B4","status":"ocupado"},{"lockerCode":"B5","status":"reservado"}]},{"module":"C","lockers":[{"lockerCode":"C1","status":"reservado"},{"lockerCode":"C2","status":"Libre"},{"lockerCode":"C3","status":"Libre"},{"lockerCode":"C4","status":"ocupado"},{"lockerCode":"C5","status":"reservado"},{"lockerCode":"C6","status":"ocupado"},{"lockerCode":"C7","status":"deshabilitado"},{"lockerCode":"C8","status":"Libre"},{"lockerCode":"C9","status":"Libre"},{"lockerCode":"C10","status":"Libre"},{"lockerCode":"C11","status":"reservado"},{"lockerCode":"C12","status":"ocupado"},{"lockerCode":"C13","status":"deshabilitado"},{"lockerCode":"C14","status":"Libre"},{"lockerCode":"C15","status":"Libre"},{"lockerCode":"C16","status":"Libre"}]},{"module":"D","lockers":[{"lockerCode":"D1","status":"reservado"}]},{"module":"E","lockers":[{"lockerCode":"E1","status":"reservado"},{"lockerCode":"E2","status":"Libre"},{"lockerCode":"E3","status":"Libre"},{"lockerCode":"E4","status":"ocupado"},{"lockerCode":"E5","status":"reservado"},{"lockerCode":"E6","status":"ocupado"},{"lockerCode":"E7","status":"deshabilitado"},{"lockerCode":"E8","status":"Libre"},{"lockerCode":"E9","status":"Libre"},{"lockerCode":"E10","status":"Libre"}]},{"module":"F","lockers":[{"lockerCode":"F1","status":"reservado"},{"lockerCode":"F2","status":"Libre"},{"lockerCode":"F3","status":"Libre"},{"lockerCode":"F4","status":"ocupado"},{"lockerCode":"F5","status":"reservado"},{"lockerCode":"F6","status":"ocupado"},{"lockerCode":"F7","status":"deshabilitado"},{"lockerCode":"F8","status":"Libre"},{"lockerCode":"F9","status":"Libre"},{"lockerCode":"F10","status":"Libre"}]}]}
[2025-10-09 01:15:09] [INFO] [main] [scheduleReport] [daily] Primera inicialización — próximo target: 2025-10-10 01:15:00
[2025-10-09 01:15:09] [INFO] [main] [scheduleReport] [weekly] Primera inicialización — próximo target: 2025-10-16 00:10:00
[2025-10-09 01:15:09] [INFO] [main] [scheduleReport] [monthly] Primera inicialización — próximo target: 2025-11-01 00:15:00
[2025-10-09 01:15:09] [INFO] [main] [statusLockers] Response. Status: 200
[2025-10-09 01:15:09] [INFO] [main] [statusLockers] Response. Data: {"general":[{"status":"ocupado","total":12},{"status":"libre","total":1},{"status":"reservado","total":12},{"status":"deshabilitado","total":6}],"modules":[{"module":"A","lockers":[{"lockerCode":"A1","status":"reservado"},{"lockerCode":"A2","status":"Libre"},{"lockerCode":"A3","status":"Libre"},{"lockerCode":"A4","status":"ocupado"},{"lockerCode":"A5","status":"reservado"},{"lockerCode":"A6","status":"ocupado"},{"lockerCode":"A7","status":"deshabilitado"},{"lockerCode":"A8","status":"Libre"},{"lockerCode":"A9","status":"Libre"},{"lockerCode":"A10","status":"Libre"},{"lockerCode":"A11","status":"reservado"},{"lockerCode":"A12","status":"Libre"},{"lockerCode":"A13","status":"Libre"},{"lockerCode":"A14","status":"ocupado"},{"lockerCode":"A15","status":"reservado"},{"lockerCode":"A16","status":"ocupado"},{"lockerCode":"A17","status":"deshabilitado"},{"lockerCode":"A18","status":"Libre"},{"lockerCode":"A19","status":"Libre"},{"lockerCode":"A20","status":"Libre"},{"lockerCode":"A21","status":"reservado"},{"lockerCode":"A22","status":"Libre"},{"lockerCode":"A23","status":"Libre"},{"lockerCode":"A24","status":"ocupado"},{"lockerCode":"A25","status":"reservado"},{"lockerCode":"A26","status":"ocupado"},{"lockerCode":"A27","status":"deshabilitado"},{"lockerCode":"A28","status":"Libre"},{"lockerCode":"A29","status":"Libre"},{"lockerCode":"A30","status":"Libre"},{"lockerCode":"A31","status":"reservado"},{"lockerCode":"A32","status":"Libre"},{"lockerCode":"A33","status":"Libre"},{"lockerCode":"A34","status":"ocupado"},{"lockerCode":"A35","status":"reservado"},{"lockerCode":"A36","status":"ocupado"},{"lockerCode":"A37","status":"deshabilitado"},{"lockerCode":"A38","status":"Libre"},{"lockerCode":"A39","status":"Libre"},{"lockerCode":"A40","status":"Libre"},{"lockerCode":"A41","status":"reservado"},{"lockerCode":"A42","status":"Libre"},{"lockerCode":"A43","status":"Libre"},{"lockerCode":"A44","status":"ocupado"},{"lockerCode":"A45","status":"reservado"},{"lockerCode":"A46","status":"ocupado"},{"lockerCode":"A47","status":"deshabilitado"},{"lockerCode":"A48","status":"Libre"},{"lockerCode":"A49","status":"Libre"},{"lockerCode":"A50","status":"Libre"},{"lockerCode":"A51","status":"reservado"},{"lockerCode":"A52","status":"Libre"},{"lockerCode":"A53","status":"Libre"},{"lockerCode":"A54","status":"ocupado"},{"lockerCode":"A55","status":"reservado"},{"lockerCode":"A56","status":"ocupado"},{"lockerCode":"A57","status":"deshabilitado"},{"lockerCode":"A58","status":"Libre"},{"lockerCode":"A59","status":"Libre"},{"lockerCode":"A60","status":"Libre"},{"lockerCode":"A61","status":"reservado"},{"lockerCode":"A62","status":"Libre"},{"lockerCode":"A63","status":"Libre"},{"lockerCode":"A64","status":"ocupado"},{"lockerCode":"A65","status":"reservado"},{"lockerCode":"A66","status":"ocupado"},{"lockerCode":"A67","status":"deshabilitado"},{"lockerCode":"A68","status":"Libre"},{"lockerCode":"A69","status":"Libre"},{"lockerCode":"A70","status":"Libre"},{"lockerCode":"A71","status":"reservado"},{"lockerCode":"A72","status":"Libre"},{"lockerCode":"A73","status":"Libre"},{"lockerCode":"A74","status":"ocupado"},{"lockerCode":"A75","status":"reservado"},{"lockerCode":"A76","status":"ocupado"},{"lockerCode":"A77","status":"deshabilitado"},{"lockerCode":"A78","status":"Libre"},{"lockerCode":"A79","status":"Libre"},{"lockerCode":"A80","status":"Libre"}]},{"module":"B","lockers":[{"lockerCode":"B1","status":"reservado"},{"lockerCode":"B2","status":"Libre"},{"lockerCode":"B3","status":"Libre"},{"lockerCode":"B4","status":"ocupado"},{"lockerCode":"B5","status":"reservado"}]},{"module":"C","lockers":[{"lockerCode":"C1","status":"reservado"},{"lockerCode":"C2","status":"Libre"},{"lockerCode":"C3","status":"Libre"},{"lockerCode":"C4","status":"ocupado"},{"lockerCode":"C5","status":"reservado"},{"lockerCode":"C6","status":"ocupado"},{"lockerCode":"C7","status":"deshabilitado"},{"lockerCode":"C8","status":"Libre"},{"lockerCode":"C9","status":"Libre"},{"lockerCode":"C10","status":"Libre"},{"lockerCode":"C11","status":"reservado"},{"lockerCode":"C12","status":"ocupado"},{"lockerCode":"C13","status":"deshabilitado"},{"lockerCode":"C14","status":"Libre"},{"lockerCode":"C15","status":"Libre"},{"lockerCode":"C16","status":"Libre"}]},{"module":"D","lockers":[{"lockerCode":"D1","status":"reservado"}]},{"module":"E","lockers":[{"lockerCode":"E1","status":"reservado"},{"lockerCode":"E2","status":"Libre"},{"lockerCode":"E3","status":"Libre"},{"lockerCode":"E4","status":"ocupado"},{"lockerCode":"E5","status":"reservado"},{"lockerCode":"E6","status":"ocupado"},{"lockerCode":"E7","status":"deshabilitado"},{"lockerCode":"E8","status":"Libre"},{"lockerCode":"E9","status":"Libre"},{"lockerCode":"E10","status":"Libre"}]},{"module":"F","lockers":[{"lockerCode":"F1","status":"reservado"},{"lockerCode":"F2","status":"Libre"},{"lockerCode":"F3","status":"Libre"},{"lockerCode":"F4","status":"ocupado"},{"lockerCode":"F5","status":"reservado"},{"lockerCode":"F6","status":"ocupado"},{"lockerCode":"F7","status":"deshabilitado"},{"lockerCode":"F8","status":"Libre"},{"lockerCode":"F9","status":"Libre"},{"lockerCode":"F10","status":"Libre"}]}]}
[2025-10-09 01:15:28] [INFO] [main] [scheduleReport] [daily] Primera inicialización — próximo target: 2025-10-10 01:15:00
[2025-10-09 01:15:28] [INFO] [main] [scheduleReport] [weekly] Primera inicialización — próximo target: 2025-10-16 00:10:00
[2025-10-09 01:15:28] [INFO] [main] [scheduleReport] [monthly] Primera inicialización — próximo target: 2025-11-01 00:15:00
[2025-10-09 01:15:28] [INFO] Voz cacheada por defecto: Microsoft Sabina Desktop
[2025-10-09 01:15:35] [INFO] [setupWatcher] Archivo setup_config.json cargado correctamente
[2025-10-09 01:15:35] [INFO] [main] Recibido config actualizado
[2025-10-09 01:15:35] [INFO] [setupWatcher] Archivo setup_config.json cargado correctamente
[2025-10-09 01:15:35] [INFO] [main] Recibido config actualizado
[2025-10-09 01:15:35] [INFO] [main] Recibido config actualizado
[2025-10-09 01:15:35] [INFO] [main] [configStore] Configuración actualizada
[2025-10-09 01:15:35] [INFO] [main] [configStore] Nueva configuración recibida vía IPC
[2025-10-09 01:15:35] [INFO] [main] [useConfig] Configuración actualizada mediante onConfigUpdate
[2025-10-09 01:15:35] [INFO] [main] [useConfig] Configuración actualizada mediante onConfigUpdate
[2025-10-09 01:15:35] [INFO] [main] [useConfig] Configuración actualizada mediante onConfigUpdate
[2025-10-09 01:15:35] [INFO] [main] [useConfig] Configuración actualizada mediante onConfigUpdate
[2025-10-09 01:15:35] [INFO] [main] [useConfig] Configuración actualizada mediante onConfigUpdate
[2025-10-09 01:15:35] [INFO] [main] [useConfig] Configuración actualizada mediante onConfigUpdate
[2025-10-09 01:15:35] [INFO] [main] [useConfig] Configuración actualizada mediante onConfigUpdate
[2025-10-09 01:15:35] [INFO] [main] [useConfig] Configuración actualizada mediante onConfigUpdate
[2025-10-09 01:15:35] [INFO] [main] [useConfig] Configuración actualizada mediante onConfigUpdate
[2025-10-09 01:15:35] [INFO] [main] [useConfig] Configuración actualizada mediante onConfigUpdate
[2025-10-09 01:15:35] [INFO] [main] [useConfig] Configuración actualizada mediante onConfigUpdate
[2025-10-09 01:15:35] [INFO] [main] [useConfig] Configuración actualizada mediante onConfigUpdate
[2025-10-09 01:15:35] [INFO] [main] [useConfig] Configuración actualizada mediante onConfigUpdate
[2025-10-09 01:15:35] [INFO] [main] [useConfig] Configuración actualizada mediante onConfigUpdate
[2025-10-09 01:15:35] [INFO] [main] [useConfig] Configuración actualizada mediante onConfigUpdate
[2025-10-09 01:15:35] [INFO] [main] [useConfig] Configuración actualizada mediante onConfigUpdate
[2025-10-09 01:15:35] [INFO] [main] [useConfig] Configuración actualizada mediante onConfigUpdate
[2025-10-09 01:15:35] [INFO] [main] [useConfig] Configuración actualizada mediante onConfigUpdate
[2025-10-09 01:15:35] [INFO] [main] [configStore] Configuración actualizada
[2025-10-09 01:15:35] [INFO] [main] [configStore] Nueva configuración recibida vía IPC
[2025-10-09 01:15:35] [INFO] [main] [useConfig] Configuración actualizada mediante onConfigUpdate
[2025-10-09 01:15:35] [INFO] [main] [useConfig] Configuración actualizada mediante onConfigUpdate
[2025-10-09 01:15:35] [INFO] [main] [useConfig] Configuración actualizada mediante onConfigUpdate
[2025-10-09 01:15:35] [INFO] [main] [useConfig] Configuración actualizada mediante onConfigUpdate
[2025-10-09 01:15:35] [INFO] [main] [useConfig] Configuración actualizada mediante onConfigUpdate
[2025-10-09 01:15:35] [INFO] [main] [useConfig] Configuración actualizada mediante onConfigUpdate
[2025-10-09 01:15:35] [INFO] [main] [useConfig] Configuración actualizada mediante onConfigUpdate
[2025-10-09 01:15:35] [INFO] [main] [useConfig] Configuración actualizada mediante onConfigUpdate
[2025-10-09 01:15:35] [INFO] [main] [useConfig] Configuración actualizada mediante onConfigUpdate
[2025-10-09 01:15:35] [INFO] [main] [useConfig] Configuración actualizada mediante onConfigUpdate
[2025-10-09 01:15:35] [INFO] [main] [useConfig] Configuración actualizada mediante onConfigUpdate
[2025-10-09 01:15:35] [INFO] [main] [useConfig] Configuración actualizada mediante onConfigUpdate
[2025-10-09 01:15:35] [INFO] [main] [useConfig] Configuración actualizada mediante onConfigUpdate
[2025-10-09 01:15:35] [INFO] [setupWatcher] Archivo setup_config.json cargado correctamente
[2025-10-09 01:15:35] [INFO] [main] [useConfig] Configuración actualizada mediante onConfigUpdate
[2025-10-09 01:15:35] [INFO] [main] [useConfig] Configuración actualizada mediante onConfigUpdate
[2025-10-09 01:15:35] [INFO] [main] [useConfig] Configuración actualizada mediante onConfigUpdate
[2025-10-09 01:15:35] [INFO] [main] [useConfig] Configuración actualizada mediante onConfigUpdate
[2025-10-09 01:15:35] [INFO] [main] [useConfig] Configuración actualizada mediante onConfigUpdate
[2025-10-09 01:15:35] [INFO] [main] [configStore] Configuración actualizada
[2025-10-09 01:15:35] [INFO] [main] [configStore] Nueva configuración recibida vía IPC
[2025-10-09 01:15:35] [INFO] [main] [useConfig] Configuración actualizada mediante onConfigUpdate
[2025-10-09 01:15:35] [INFO] [main] [useConfig] Configuración actualizada mediante onConfigUpdate
[2025-10-09 01:15:35] [INFO] [main] [useConfig] Configuración actualizada mediante onConfigUpdate
[2025-10-09 01:15:35] [INFO] [main] [useConfig] Configuración actualizada mediante onConfigUpdate
[2025-10-09 01:15:35] [INFO] [main] [useConfig] Configuración actualizada mediante onConfigUpdate
[2025-10-09 01:15:35] [INFO] [main] [useConfig] Configuración actualizada mediante onConfigUpdate
[2025-10-09 01:15:35] [INFO] [main] [useConfig] Configuración actualizada mediante onConfigUpdate
[2025-10-09 01:15:35] [INFO] [main] [useConfig] Configuración actualizada mediante onConfigUpdate
[2025-10-09 01:15:35] [INFO] [main] [useConfig] Configuración actualizada mediante onConfigUpdate
[2025-10-09 01:15:35] [INFO] [main] [useConfig] Configuración actualizada mediante onConfigUpdate
[2025-10-09 01:15:35] [INFO] [main] [useConfig] Configuración actualizada mediante onConfigUpdate
[2025-10-09 01:15:35] [INFO] [main] [useConfig] Configuración actualizada mediante onConfigUpdate
[2025-10-09 01:15:35] [INFO] [main] [useConfig] Configuración actualizada mediante onConfigUpdate
[2025-10-09 01:15:35] [INFO] [main] [useConfig] Configuración actualizada mediante onConfigUpdate
[2025-10-09 01:15:35] [INFO] [main] [useConfig] Configuración actualizada mediante onConfigUpdate
[2025-10-09 01:15:35] [INFO] [main] [useConfig] Configuración actualizada mediante onConfigUpdate
[2025-10-09 01:15:35] [INFO] [main] [useConfig] Configuración actualizada mediante onConfigUpdate
[2025-10-09 01:15:35] [INFO] [main] [useConfig] Configuración actualizada mediante onConfigUpdate
[2025-10-09 01:15:35] [INFO] [main] [app] [Scheduler] Config cambió → reseteando localStorage
[2025-10-09 01:15:35] [INFO] [main] [scheduleReport] [daily] Primera inicialización — próximo target: 2025-10-09 01:16:00
[2025-10-09 01:15:35] [INFO] [main] [scheduleReport] [weekly] Primera inicialización — próximo target: 2025-10-16 00:10:00
[2025-10-09 01:15:35] [INFO] [main] [scheduleReport] [monthly] Primera inicialización — próximo target: 2025-11-01 00:15:00
[2025-10-09 01:15:35] [INFO] [setupWatcher] Archivo setup_config.json cargado correctamente
[2025-10-09 01:15:35] [INFO] [main] Recibido config actualizado
[2025-10-09 01:15:35] [INFO] [main] [scheduleReport] [daily] Primera inicialización — próximo target: 2025-10-09 01:16:00
[2025-10-09 01:15:35] [INFO] [main] [scheduleReport] [weekly] Primera inicialización — próximo target: 2025-10-16 00:10:00
[2025-10-09 01:15:35] [INFO] [main] [scheduleReport] [monthly] Primera inicialización — próximo target: 2025-11-01 00:15:00
[2025-10-09 01:15:35] [INFO] [main] [configStore] Configuración actualizada
[2025-10-09 01:15:35] [INFO] [main] [configStore] Nueva configuración recibida vía IPC
[2025-10-09 01:15:35] [INFO] [main] [useConfig] Configuración actualizada mediante onConfigUpdate
[2025-10-09 01:15:35] [INFO] [main] [useConfig] Configuración actualizada mediante onConfigUpdate
[2025-10-09 01:15:35] [INFO] [main] [useConfig] Configuración actualizada mediante onConfigUpdate
[2025-10-09 01:15:35] [INFO] [main] [useConfig] Configuración actualizada mediante onConfigUpdate
[2025-10-09 01:15:35] [INFO] [main] [useConfig] Configuración actualizada mediante onConfigUpdate
[2025-10-09 01:15:35] [INFO] [main] [useConfig] Configuración actualizada mediante onConfigUpdate
[2025-10-09 01:15:35] [INFO] [main] [useConfig] Configuración actualizada mediante onConfigUpdate
[2025-10-09 01:15:35] [INFO] [main] [useConfig] Configuración actualizada mediante onConfigUpdate
[2025-10-09 01:15:35] [INFO] [main] [useConfig] Configuración actualizada mediante onConfigUpdate
[2025-10-09 01:15:35] [INFO] [main] [useConfig] Configuración actualizada mediante onConfigUpdate
[2025-10-09 01:15:35] [INFO] [main] [useConfig] Configuración actualizada mediante onConfigUpdate
[2025-10-09 01:15:35] [INFO] [main] [useConfig] Configuración actualizada mediante onConfigUpdate
[2025-10-09 01:15:35] [INFO] [main] [useConfig] Configuración actualizada mediante onConfigUpdate
[2025-10-09 01:15:35] [INFO] [main] [useConfig] Configuración actualizada mediante onConfigUpdate
[2025-10-09 01:15:35] [INFO] [main] [useConfig] Configuración actualizada mediante onConfigUpdate
[2025-10-09 01:15:35] [INFO] [main] [useConfig] Configuración actualizada mediante onConfigUpdate
[2025-10-09 01:15:35] [INFO] [main] [useConfig] Configuración actualizada mediante onConfigUpdate
[2025-10-09 01:15:35] [INFO] [main] [useConfig] Configuración actualizada mediante onConfigUpdate
[2025-10-09 01:15:35] [INFO] [main] [scheduleReport] [daily] Primera inicialización — próximo target: 2025-10-09 01:16:00
[2025-10-09 01:15:35] [INFO] [main] [scheduleReport] [weekly] Primera inicialización — próximo target: 2025-10-16 00:10:00
[2025-10-09 01:15:35] [INFO] [main] [scheduleReport] [monthly] Primera inicialización — próximo target: 2025-11-01 00:15:00
[2025-10-09 01:15:36] [INFO] [main] [scheduleReport] [daily] Primera inicialización — próximo target: 2025-10-09 01:16:00
[2025-10-09 01:15:36] [INFO] [main] [scheduleReport] [weekly] Primera inicialización — próximo target: 2025-10-16 00:10:00
[2025-10-09 01:15:36] [INFO] [main] [scheduleReport] [monthly] Primera inicialización — próximo target: 2025-11-01 00:15:00
[2025-10-09 01:15:36] [INFO] [main] [scheduleReport] [daily] Primera inicialización — próximo target: 2025-10-09 01:16:00
[2025-10-09 01:15:36] [INFO] [main] [scheduleReport] [weekly] Primera inicialización — próximo target: 2025-10-16 00:10:00
[2025-10-09 01:15:36] [INFO] [main] [scheduleReport] [monthly] Primera inicialización — próximo target: 2025-11-01 00:15:00
[2025-10-09 01:15:36] [INFO] [main] [scheduleReport] [daily] Primera inicialización — próximo target: 2025-10-09 01:16:00
[2025-10-09 01:15:36] [INFO] [main] [scheduleReport] [weekly] Primera inicialización — próximo target: 2025-10-16 00:10:00
[2025-10-09 01:15:36] [INFO] [main] [scheduleReport] [monthly] Primera inicialización — próximo target: 2025-11-01 00:15:00
[2025-10-09 01:15:36] [INFO] [main] [scheduleReport] [daily] Primera inicialización — próximo target: 2025-10-09 01:16:00
[2025-10-09 01:15:36] [INFO] [main] [scheduleReport] [weekly] Primera inicialización — próximo target: 2025-10-16 00:10:00
[2025-10-09 01:15:36] [INFO] [main] [scheduleReport] [monthly] Primera inicialización — próximo target: 2025-11-01 00:15:00
[2025-10-09 01:15:48] [INFO] Voz seleccionada por usuario: Microsoft Sabina Desktop
[2025-10-09 01:16:08] [INFO] Voz seleccionada por usuario: Microsoft Sabina Desktop
[2025-10-09 01:16:28] [INFO] Voz seleccionada por usuario: Microsoft Sabina Desktop
[2025-10-09 01:16:36] [INFO] [main] [scheduleReport] [daily] Primera inicialización — próximo target: 2025-10-10 01:16:00
[2025-10-09 01:16:36] [INFO] [main] [scheduleReport] [weekly] Primera inicialización — próximo target: 2025-10-16 00:10:00
[2025-10-09 01:16:36] [INFO] [main] [scheduleReport] [monthly] Primera inicialización — próximo target: 2025-11-01 00:15:00
[2025-10-09 01:16:48] [INFO] Voz seleccionada por usuario: Microsoft Sabina Desktop
[2025-10-09 01:17:08] [INFO] Voz seleccionada por usuario: Microsoft Sabina Desktop
[2025-10-09 01:17:28] [INFO] Voz seleccionada por usuario: Microsoft Sabina Desktop
[2025-10-09 01:17:36] [INFO] [main] [scheduleReport] [daily] Primera inicialización — próximo target: 2025-10-10 01:16:00
[2025-10-09 01:17:36] [INFO] [main] [scheduleReport] [weekly] Primera inicialización — próximo target: 2025-10-16 00:10:00
[2025-10-09 01:17:36] [INFO] [main] [scheduleReport] [monthly] Primera inicialización — próximo target: 2025-11-01 00:15:00
[2025-10-09 01:17:48] [INFO] Voz seleccionada por usuario: Microsoft Sabina Desktop
[2025-10-09 01:18:08] [INFO] Voz seleccionada por usuario: Microsoft Sabina Desktop
[2025-10-09 01:18:28] [INFO] Voz seleccionada por usuario: Microsoft Sabina Desktop
[2025-10-09 01:18:36] [INFO] [main] [scheduleReport] [daily] Primera inicialización — próximo target: 2025-10-10 01:16:00
[2025-10-09 01:18:36] [INFO] [main] [scheduleReport] [weekly] Primera inicialización — próximo target: 2025-10-16 00:10:00
[2025-10-09 01:18:36] [INFO] [main] [scheduleReport] [monthly] Primera inicialización — próximo target: 2025-11-01 00:15:00
[2025-10-09 01:18:48] [INFO] Voz seleccionada por usuario: Microsoft Sabina Desktop
[2025-10-09 01:19:08] [INFO] Voz seleccionada por usuario: Microsoft Sabina Desktop
[2025-10-09 01:19:28] [INFO] Voz seleccionada por usuario: Microsoft Sabina Desktop
[2025-10-09 01:19:36] [INFO] [main] [scheduleReport] [daily] Primera inicialización — próximo target: 2025-10-10 01:16:00
[2025-10-09 01:19:36] [INFO] [main] [scheduleReport] [weekly] Primera inicialización — próximo target: 2025-10-16 00:10:00
[2025-10-09 01:19:36] [INFO] [main] [scheduleReport] [monthly] Primera inicialización — próximo target: 2025-11-01 00:15:00
[2025-10-09 01:19:48] [INFO] Voz seleccionada por usuario: Microsoft Sabina Desktop
[2025-10-09 01:20:08] [INFO] Voz seleccionada por usuario: Microsoft Sabina Desktop
[2025-10-09 01:20:28] [INFO] Voz seleccionada por usuario: Microsoft Sabina Desktop
[2025-10-09 01:20:36] [INFO] [main] [scheduleReport] [daily] Primera inicialización — próximo target: 2025-10-10 01:16:00
[2025-10-09 01:20:36] [INFO] [main] [scheduleReport] [weekly] Primera inicialización — próximo target: 2025-10-16 00:10:00
[2025-10-09 01:20:36] [INFO] [main] [scheduleReport] [monthly] Primera inicialización — próximo target: 2025-11-01 00:15:00
[2025-10-09 01:20:48] [INFO] Voz seleccionada por usuario: Microsoft Sabina Desktop
[2025-10-09 01:21:08] [INFO] Voz seleccionada por usuario: Microsoft Sabina Desktop
[2025-10-09 01:21:28] [INFO] Voz seleccionada por usuario: Microsoft Sabina Desktop
[2025-10-09 01:21:36] [INFO] [main] [scheduleReport] [daily] Primera inicialización — próximo target: 2025-10-10 01:16:00
[2025-10-09 01:21:36] [INFO] [main] [scheduleReport] [weekly] Primera inicialización — próximo target: 2025-10-16 00:10:00
[2025-10-09 01:21:36] [INFO] [main] [scheduleReport] [monthly] Primera inicialización — próximo target: 2025-11-01 00:15:00
[2025-10-09 01:21:48] [INFO] Voz seleccionada por usuario: Microsoft Sabina Desktop
[2025-10-09 01:22:08] [INFO] Voz seleccionada por usuario: Microsoft Sabina Desktop
[2025-10-09 01:22:28] [INFO] Voz seleccionada por usuario: Microsoft Sabina Desktop
[2025-10-09 01:22:36] [INFO] [main] [scheduleReport] [daily] Primera inicialización — próximo target: 2025-10-10 01:16:00
[2025-10-09 01:22:36] [INFO] [main] [scheduleReport] [weekly] Primera inicialización — próximo target: 2025-10-16 00:10:00
[2025-10-09 01:22:36] [INFO] [main] [scheduleReport] [monthly] Primera inicialización — próximo target: 2025-11-01 00:15:00
[2025-10-09 01:22:48] [INFO] Voz seleccionada por usuario: Microsoft Sabina Desktop
[2025-10-09 01:23:08] [INFO] Voz seleccionada por usuario: Microsoft Sabina Desktop
[2025-10-09 01:23:28] [INFO] Voz seleccionada por usuario: Microsoft Sabina Desktop
[2025-10-09 01:23:36] [INFO] [main] [scheduleReport] [daily] Primera inicialización — próximo target: 2025-10-10 01:16:00
[2025-10-09 01:23:36] [INFO] [main] [scheduleReport] [weekly] Primera inicialización — próximo target: 2025-10-16 00:10:00
[2025-10-09 01:23:36] [INFO] [main] [scheduleReport] [monthly] Primera inicialización — próximo target: 2025-11-01 00:15:00
[2025-10-09 01:23:48] [INFO] Voz seleccionada por usuario: Microsoft Sabina Desktop
[2025-10-09 01:24:08] [INFO] Voz seleccionada por usuario: Microsoft Sabina Desktop
[2025-10-09 01:24:28] [INFO] Voz seleccionada por usuario: Microsoft Sabina Desktop
[2025-10-09 01:24:36] [INFO] [main] [scheduleReport] [daily] Primera inicialización — próximo target: 2025-10-10 01:16:00
[2025-10-09 01:24:36] [INFO] [main] [scheduleReport] [weekly] Primera inicialización — próximo target: 2025-10-16 00:10:00
[2025-10-09 01:24:36] [INFO] [main] [scheduleReport] [monthly] Primera inicialización — próximo target: 2025-11-01 00:15:00
[2025-10-09 01:24:48] [INFO] Voz seleccionada por usuario: Microsoft Sabina Desktop
[2025-10-09 01:25:08] [INFO] Voz seleccionada por usuario: Microsoft Sabina Desktop
[2025-10-09 01:25:28] [INFO] Voz seleccionada por usuario: Microsoft Sabina Desktop
[2025-10-09 01:25:36] [INFO] [main] [scheduleReport] [daily] Primera inicialización — próximo target: 2025-10-10 01:16:00
[2025-10-09 01:25:36] [INFO] [main] [scheduleReport] [weekly] Primera inicialización — próximo target: 2025-10-16 00:10:00
[2025-10-09 01:25:36] [INFO] [main] [scheduleReport] [monthly] Primera inicialización — próximo target: 2025-11-01 00:15:00
[2025-10-09 01:25:48] [INFO] Voz seleccionada por usuario: Microsoft Sabina Desktop
[2025-10-09 01:26:08] [INFO] Voz seleccionada por usuario: Microsoft Sabina Desktop
[2025-10-09 01:26:28] [INFO] Voz seleccionada por usuario: Microsoft Sabina Desktop
[2025-10-09 01:26:36] [INFO] [main] [scheduleReport] [daily] Primera inicialización — próximo target: 2025-10-10 01:16:00
[2025-10-09 01:26:36] [INFO] [main] [scheduleReport] [weekly] Primera inicialización — próximo target: 2025-10-16 00:10:00
[2025-10-09 01:26:36] [INFO] [main] [scheduleReport] [monthly] Primera inicialización — próximo target: 2025-11-01 00:15:00
[2025-10-09 01:26:48] [INFO] Voz seleccionada por usuario: Microsoft Sabina Desktop
[2025-10-09 01:27:08] [INFO] Voz seleccionada por usuario: Microsoft Sabina Desktop
[2025-10-09 01:27:28] [INFO] Voz seleccionada por usuario: Microsoft Sabina Desktop
[2025-10-09 01:27:36] [INFO] [main] [scheduleReport] [daily] Primera inicialización — próximo target: 2025-10-10 01:16:00
[2025-10-09 01:27:36] [INFO] [main] [scheduleReport] [weekly] Primera inicialización — próximo target: 2025-10-16 00:10:00
[2025-10-09 01:27:36] [INFO] [main] [scheduleReport] [monthly] Primera inicialización — próximo target: 2025-11-01 00:15:00
[2025-10-09 01:27:48] [INFO] Voz seleccionada por usuario: Microsoft Sabina Desktop
[2025-10-09 01:28:08] [INFO] Voz seleccionada por usuario: Microsoft Sabina Desktop
[2025-10-09 01:28:28] [INFO] Voz seleccionada por usuario: Microsoft Sabina Desktop
[2025-10-09 01:28:36] [INFO] [main] [scheduleReport] [daily] Primera inicialización — próximo target: 2025-10-10 01:16:00
[2025-10-09 01:28:36] [INFO] [main] [scheduleReport] [weekly] Primera inicialización — próximo target: 2025-10-16 00:10:00
[2025-10-09 01:28:36] [INFO] [main] [scheduleReport] [monthly] Primera inicialización — próximo target: 2025-11-01 00:15:00
[2025-10-09 01:28:48] [INFO] Voz seleccionada por usuario: Microsoft Sabina Desktop
[2025-10-09 01:29:08] [INFO] Voz seleccionada por usuario: Microsoft Sabina Desktop
[2025-10-09 01:29:28] [INFO] Voz seleccionada por usuario: Microsoft Sabina Desktop
[2025-10-09 01:29:36] [INFO] [main] [scheduleReport] [daily] Primera inicialización — próximo target: 2025-10-10 01:16:00
[2025-10-09 01:29:36] [INFO] [main] [scheduleReport] [weekly] Primera inicialización — próximo target: 2025-10-16 00:10:00
[2025-10-09 01:29:36] [INFO] [main] [scheduleReport] [monthly] Primera inicialización — próximo target: 2025-11-01 00:15:00
[2025-10-09 01:29:48] [INFO] Voz seleccionada por usuario: Microsoft Sabina Desktop
[2025-10-09 01:30:08] [INFO] Voz seleccionada por usuario: Microsoft Sabina Desktop
[2025-10-09 01:30:28] [INFO] Voz seleccionada por usuario: Microsoft Sabina Desktop
[2025-10-09 01:30:36] [INFO] [main] [scheduleReport] [daily] Primera inicialización — próximo target: 2025-10-10 01:16:00
[2025-10-09 01:30:36] [INFO] [main] [scheduleReport] [weekly] Primera inicialización — próximo target: 2025-10-16 00:10:00
[2025-10-09 01:30:36] [INFO] [main] [scheduleReport] [monthly] Primera inicialización — próximo target: 2025-11-01 00:15:00
[2025-10-09 01:30:48] [INFO] Voz seleccionada por usuario: Microsoft Sabina Desktop
[2025-10-09 01:31:08] [INFO] Voz seleccionada por usuario: Microsoft Sabina Desktop
[2025-10-09 01:31:28] [INFO] Voz seleccionada por usuario: Microsoft Sabina Desktop
[2025-10-09 01:31:36] [INFO] [main] [scheduleReport] [daily] Primera inicialización — próximo target: 2025-10-10 01:16:00
[2025-10-09 01:31:36] [INFO] [main] [scheduleReport] [weekly] Primera inicialización — próximo target: 2025-10-16 00:10:00
[2025-10-09 01:31:36] [INFO] [main] [scheduleReport] [monthly] Primera inicialización — próximo target: 2025-11-01 00:15:00
[2025-10-09 01:31:48] [INFO] Voz seleccionada por usuario: Microsoft Sabina Desktop
[2025-10-09 01:32:08] [INFO] Voz seleccionada por usuario: Microsoft Sabina Desktop
[2025-10-09 01:32:28] [INFO] Voz seleccionada por usuario: Microsoft Sabina Desktop
[2025-10-09 01:32:36] [INFO] [main] [scheduleReport] [daily] Primera inicialización — próximo target: 2025-10-10 01:16:00
[2025-10-09 01:32:36] [INFO] [main] [scheduleReport] [weekly] Primera inicialización — próximo target: 2025-10-16 00:10:00
[2025-10-09 01:32:36] [INFO] [main] [scheduleReport] [monthly] Primera inicialización — próximo target: 2025-11-01 00:15:00
[2025-10-09 01:32:48] [INFO] Voz seleccionada por usuario: Microsoft Sabina Desktop
[2025-10-09 01:33:08] [INFO] Voz seleccionada por usuario: Microsoft Sabina Desktop
[2025-10-09 01:33:28] [INFO] Voz seleccionada por usuario: Microsoft Sabina Desktop
[2025-10-09 01:33:36] [INFO] [main] [scheduleReport] [daily] Primera inicialización — próximo target: 2025-10-10 01:16:00
[2025-10-09 01:33:36] [INFO] [main] [scheduleReport] [weekly] Primera inicialización — próximo target: 2025-10-16 00:10:00
[2025-10-09 01:33:36] [INFO] [main] [scheduleReport] [monthly] Primera inicialización — próximo target: 2025-11-01 00:15:00
[2025-10-09 01:33:48] [INFO] Voz seleccionada por usuario: Microsoft Sabina Desktop
[2025-10-09 01:34:08] [INFO] Voz seleccionada por usuario: Microsoft Sabina Desktop
[2025-10-09 01:34:28] [INFO] Voz seleccionada por usuario: Microsoft Sabina Desktop
[2025-10-09 01:34:36] [INFO] [main] [scheduleReport] [daily] Primera inicialización — próximo target: 2025-10-10 01:16:00
[2025-10-09 01:34:36] [INFO] [main] [scheduleReport] [weekly] Primera inicialización — próximo target: 2025-10-16 00:10:00
[2025-10-09 01:34:36] [INFO] [main] [scheduleReport] [monthly] Primera inicialización — próximo target: 2025-11-01 00:15:00
[2025-10-09 01:34:48] [INFO] Voz seleccionada por usuario: Microsoft Sabina Desktop
[2025-10-09 01:35:08] [INFO] Voz seleccionada por usuario: Microsoft Sabina Desktop
[2025-10-09 01:35:28] [INFO] Voz seleccionada por usuario: Microsoft Sabina Desktop
[2025-10-09 01:35:36] [INFO] [main] [scheduleReport] [daily] Primera inicialización — próximo target: 2025-10-10 01:16:00
[2025-10-09 01:35:36] [INFO] [main] [scheduleReport] [weekly] Primera inicialización — próximo target: 2025-10-16 00:10:00
[2025-10-09 01:35:36] [INFO] [main] [scheduleReport] [monthly] Primera inicialización — próximo target: 2025-11-01 00:15:00
[2025-10-09 01:35:48] [INFO] Voz seleccionada por usuario: Microsoft Sabina Desktop
[2025-10-09 01:36:08] [INFO] Voz seleccionada por usuario: Microsoft Sabina Desktop
[2025-10-09 01:36:28] [INFO] Voz seleccionada por usuario: Microsoft Sabina Desktop
[2025-10-09 01:36:36] [INFO] [main] [scheduleReport] [daily] Primera inicialización — próximo target: 2025-10-10 01:16:00
[2025-10-09 01:36:36] [INFO] [main] [scheduleReport] [weekly] Primera inicialización — próximo target: 2025-10-16 00:10:00
[2025-10-09 01:36:36] [INFO] [main] [scheduleReport] [monthly] Primera inicialización — próximo target: 2025-11-01 00:15:00
[2025-10-09 01:36:48] [INFO] Voz seleccionada por usuario: Microsoft Sabina Desktop
[2025-10-09 01:37:08] [INFO] Voz seleccionada por usuario: Microsoft Sabina Desktop
[2025-10-09 01:37:28] [INFO] Voz seleccionada por usuario: Microsoft Sabina Desktop
[2025-10-09 01:37:36] [INFO] [main] [scheduleReport] [daily] Primera inicialización — próximo target: 2025-10-10 01:16:00
[2025-10-09 01:37:36] [INFO] [main] [scheduleReport] [weekly] Primera inicialización — próximo target: 2025-10-16 00:10:00
[2025-10-09 01:37:36] [INFO] [main] [scheduleReport] [monthly] Primera inicialización — próximo target: 2025-11-01 00:15:00
[2025-10-09 01:37:48] [INFO] Voz seleccionada por usuario: Microsoft Sabina Desktop
[2025-10-09 01:38:08] [INFO] Voz seleccionada por usuario: Microsoft Sabina Desktop
[2025-10-09 01:38:28] [INFO] Voz seleccionada por usuario: Microsoft Sabina Desktop
[2025-10-09 01:38:36] [INFO] [main] [scheduleReport] [daily] Primera inicialización — próximo target: 2025-10-10 01:16:00
[2025-10-09 01:38:36] [INFO] [main] [scheduleReport] [weekly] Primera inicialización — próximo target: 2025-10-16 00:10:00
[2025-10-09 01:38:36] [INFO] [main] [scheduleReport] [monthly] Primera inicialización — próximo target: 2025-11-01 00:15:00
[2025-10-09 01:38:48] [INFO] Voz seleccionada por usuario: Microsoft Sabina Desktop
[2025-10-09 01:39:08] [INFO] Voz seleccionada por usuario: Microsoft Sabina Desktop
[2025-10-09 01:39:28] [INFO] Voz seleccionada por usuario: Microsoft Sabina Desktop
[2025-10-09 01:39:36] [INFO] [main] [scheduleReport] [daily] Primera inicialización — próximo target: 2025-10-10 01:16:00
[2025-10-09 01:39:36] [INFO] [main] [scheduleReport] [weekly] Primera inicialización — próximo target: 2025-10-16 00:10:00
[2025-10-09 01:39:36] [INFO] [main] [scheduleReport] [monthly] Primera inicialización — próximo target: 2025-11-01 00:15:00
[2025-10-09 01:39:48] [INFO] Voz seleccionada por usuario: Microsoft Sabina Desktop
[2025-10-09 01:40:08] [INFO] Voz seleccionada por usuario: Microsoft Sabina Desktop
[2025-10-09 01:40:28] [INFO] Voz seleccionada por usuario: Microsoft Sabina Desktop
[2025-10-09 01:40:36] [INFO] [main] [scheduleReport] [daily] Primera inicialización — próximo target: 2025-10-10 01:16:00
[2025-10-09 01:40:36] [INFO] [main] [scheduleReport] [weekly] Primera inicialización — próximo target: 2025-10-16 00:10:00
[2025-10-09 01:40:36] [INFO] [main] [scheduleReport] [monthly] Primera inicialización — próximo target: 2025-11-01 00:15:00
[2025-10-09 01:40:48] [INFO] Voz seleccionada por usuario: Microsoft Sabina Desktop
[2025-10-09 01:41:08] [INFO] Voz seleccionada por usuario: Microsoft Sabina Desktop
[2025-10-09 01:41:28] [INFO] Voz seleccionada por usuario: Microsoft Sabina Desktop
[2025-10-09 01:41:36] [INFO] [main] [scheduleReport] [daily] Primera inicialización — próximo target: 2025-10-10 01:16:00
[2025-10-09 01:41:36] [INFO] [main] [scheduleReport] [weekly] Primera inicialización — próximo target: 2025-10-16 00:10:00
[2025-10-09 01:41:36] [INFO] [main] [scheduleReport] [monthly] Primera inicialización — próximo target: 2025-11-01 00:15:00
[2025-10-09 01:41:48] [INFO] Voz seleccionada por usuario: Microsoft Sabina Desktop
[2025-10-09 01:42:08] [INFO] Voz seleccionada por usuario: Microsoft Sabina Desktop
[2025-10-09 01:42:28] [INFO] Voz seleccionada por usuario: Microsoft Sabina Desktop
[2025-10-09 01:42:36] [INFO] [main] [scheduleReport] [daily] Primera inicialización — próximo target: 2025-10-10 01:16:00
[2025-10-09 01:42:36] [INFO] [main] [scheduleReport] [weekly] Primera inicialización — próximo target: 2025-10-16 00:10:00
[2025-10-09 01:42:36] [INFO] [main] [scheduleReport] [monthly] Primera inicialización — próximo target: 2025-11-01 00:15:00
[2025-10-09 01:42:48] [INFO] Voz seleccionada por usuario: Microsoft Sabina Desktop
[2025-10-09 01:43:08] [INFO] Voz seleccionada por usuario: Microsoft Sabina Desktop
[2025-10-09 01:43:28] [INFO] Voz seleccionada por usuario: Microsoft Sabina Desktop
[2025-10-09 01:43:36] [INFO] [main] [scheduleReport] [daily] Primera inicialización — próximo target: 2025-10-10 01:16:00
[2025-10-09 01:43:36] [INFO] [main] [scheduleReport] [weekly] Primera inicialización — próximo target: 2025-10-16 00:10:00
[2025-10-09 01:43:36] [INFO] [main] [scheduleReport] [monthly] Primera inicialización — próximo target: 2025-11-01 00:15:00
[2025-10-09 01:43:48] [INFO] Voz seleccionada por usuario: Microsoft Sabina Desktop
[2025-10-09 01:44:08] [INFO] Voz seleccionada por usuario: Microsoft Sabina Desktop
[2025-10-09 01:44:28] [INFO] Voz seleccionada por usuario: Microsoft Sabina Desktop
[2025-10-09 01:44:36] [INFO] [main] [scheduleReport] [daily] Primera inicialización — próximo target: 2025-10-10 01:16:00
[2025-10-09 01:44:36] [INFO] [main] [scheduleReport] [weekly] Primera inicialización — próximo target: 2025-10-16 00:10:00
[2025-10-09 01:44:36] [INFO] [main] [scheduleReport] [monthly] Primera inicialización — próximo target: 2025-11-01 00:15:00
[2025-10-09 01:44:48] [INFO] Voz seleccionada por usuario: Microsoft Sabina Desktop
[2025-10-09 01:45:08] [INFO] Voz seleccionada por usuario: Microsoft Sabina Desktop
[2025-10-09 01:45:28] [INFO] Voz seleccionada por usuario: Microsoft Sabina Desktop
[2025-10-09 01:45:36] [INFO] [main] [scheduleReport] [daily] Primera inicialización — próximo target: 2025-10-10 01:16:00
[2025-10-09 01:45:36] [INFO] [main] [scheduleReport] [weekly] Primera inicialización — próximo target: 2025-10-16 00:10:00
[2025-10-09 01:45:36] [INFO] [main] [scheduleReport] [monthly] Primera inicialización — próximo target: 2025-11-01 00:15:00
[2025-10-09 01:45:48] [INFO] Voz seleccionada por usuario: Microsoft Sabina Desktop
[2025-10-09 01:46:08] [INFO] Voz seleccionada por usuario: Microsoft Sabina Desktop
[2025-10-09 01:46:28] [INFO] Voz seleccionada por usuario: Microsoft Sabina Desktop
[2025-10-09 01:46:36] [INFO] [main] [scheduleReport] [daily] Primera inicialización — próximo target: 2025-10-10 01:16:00
[2025-10-09 01:46:36] [INFO] [main] [scheduleReport] [weekly] Primera inicialización — próximo target: 2025-10-16 00:10:00
[2025-10-09 01:46:36] [INFO] [main] [scheduleReport] [monthly] Primera inicialización — próximo target: 2025-11-01 00:15:00
[2025-10-09 01:46:48] [INFO] Voz seleccionada por usuario: Microsoft Sabina Desktop
[2025-10-09 01:47:08] [INFO] Voz seleccionada por usuario: Microsoft Sabina Desktop
[2025-10-09 01:47:28] [INFO] Voz seleccionada por usuario: Microsoft Sabina Desktop
[2025-10-09 01:47:36] [INFO] [main] [scheduleReport] [daily] Primera inicialización — próximo target: 2025-10-10 01:16:00
[2025-10-09 01:47:36] [INFO] [main] [scheduleReport] [weekly] Primera inicialización — próximo target: 2025-10-16 00:10:00
[2025-10-09 01:47:36] [INFO] [main] [scheduleReport] [monthly] Primera inicialización — próximo target: 2025-11-01 00:15:00
[2025-10-09 01:47:48] [INFO] Voz seleccionada por usuario: Microsoft Sabina Desktop
[2025-10-09 01:48:08] [INFO] Voz seleccionada por usuario: Microsoft Sabina Desktop
[2025-10-09 01:48:28] [INFO] Voz seleccionada por usuario: Microsoft Sabina Desktop
[2025-10-09 01:48:36] [INFO] [main] [scheduleReport] [daily] Primera inicialización — próximo target: 2025-10-10 01:16:00
[2025-10-09 01:48:36] [INFO] [main] [scheduleReport] [weekly] Primera inicialización — próximo target: 2025-10-16 00:10:00
[2025-10-09 01:48:36] [INFO] [main] [scheduleReport] [monthly] Primera inicialización — próximo target: 2025-11-01 00:15:00
[2025-10-09 01:48:48] [INFO] Voz seleccionada por usuario: Microsoft Sabina Desktop
[2025-10-09 01:49:08] [INFO] Voz seleccionada por usuario: Microsoft Sabina Desktop
[2025-10-09 01:49:28] [INFO] Voz seleccionada por usuario: Microsoft Sabina Desktop
[2025-10-09 01:49:36] [INFO] [main] [scheduleReport] [daily] Primera inicialización — próximo target: 2025-10-10 01:16:00
[2025-10-09 01:49:36] [INFO] [main] [scheduleReport] [weekly] Primera inicialización — próximo target: 2025-10-16 00:10:00
[2025-10-09 01:49:36] [INFO] [main] [scheduleReport] [monthly] Primera inicialización — próximo target: 2025-11-01 00:15:00
[2025-10-09 01:49:48] [INFO] Voz seleccionada por usuario: Microsoft Sabina Desktop
[2025-10-09 01:50:08] [INFO] Voz seleccionada por usuario: Microsoft Sabina Desktop
[2025-10-09 01:50:28] [INFO] Voz seleccionada por usuario: Microsoft Sabina Desktop
[2025-10-09 01:50:36] [INFO] [main] [scheduleReport] [daily] Primera inicialización — próximo target: 2025-10-10 01:16:00
[2025-10-09 01:50:36] [INFO] [main] [scheduleReport] [weekly] Primera inicialización — próximo target: 2025-10-16 00:10:00
[2025-10-09 01:50:36] [INFO] [main] [scheduleReport] [monthly] Primera inicialización — próximo target: 2025-11-01 00:15:00
[2025-10-09 01:50:48] [INFO] Voz seleccionada por usuario: Microsoft Sabina Desktop
[2025-10-09 01:51:08] [INFO] Voz seleccionada por usuario: Microsoft Sabina Desktop
[2025-10-09 01:51:28] [INFO] Voz seleccionada por usuario: Microsoft Sabina Desktop
[2025-10-09 01:51:36] [INFO] [main] [scheduleReport] [daily] Primera inicialización — próximo target: 2025-10-10 01:16:00
[2025-10-09 01:51:36] [INFO] [main] [scheduleReport] [weekly] Primera inicialización — próximo target: 2025-10-16 00:10:00
[2025-10-09 01:51:36] [INFO] [main] [scheduleReport] [monthly] Primera inicialización — próximo target: 2025-11-01 00:15:00
[2025-10-09 01:51:48] [INFO] Voz seleccionada por usuario: Microsoft Sabina Desktop
[2025-10-09 01:52:08] [INFO] Voz seleccionada por usuario: Microsoft Sabina Desktop
[2025-10-09 01:52:28] [INFO] Voz seleccionada por usuario: Microsoft Sabina Desktop
[2025-10-09 01:52:36] [INFO] [main] [scheduleReport] [daily] Primera inicialización — próximo target: 2025-10-10 01:16:00
[2025-10-09 01:52:36] [INFO] [main] [scheduleReport] [weekly] Primera inicialización — próximo target: 2025-10-16 00:10:00
[2025-10-09 01:52:36] [INFO] [main] [scheduleReport] [monthly] Primera inicialización — próximo target: 2025-11-01 00:15:00
[2025-10-09 01:52:48] [INFO] Voz seleccionada por usuario: Microsoft Sabina Desktop
[2025-10-09 01:53:08] [INFO] Voz seleccionada por usuario: Microsoft Sabina Desktop
[2025-10-09 01:53:28] [INFO] Voz seleccionada por usuario: Microsoft Sabina Desktop
[2025-10-09 01:53:36] [INFO] [main] [scheduleReport] [daily] Primera inicialización — próximo target: 2025-10-10 01:16:00
[2025-10-09 01:53:36] [INFO] [main] [scheduleReport] [weekly] Primera inicialización — próximo target: 2025-10-16 00:10:00
[2025-10-09 01:53:36] [INFO] [main] [scheduleReport] [monthly] Primera inicialización — próximo target: 2025-11-01 00:15:00
[2025-10-09 01:53:48] [INFO] Voz seleccionada por usuario: Microsoft Sabina Desktop
[2025-10-09 01:54:08] [INFO] Voz seleccionada por usuario: Microsoft Sabina Desktop
[2025-10-09 01:54:28] [INFO] Voz seleccionada por usuario: Microsoft Sabina Desktop
[2025-10-09 01:54:36] [INFO] [main] [scheduleReport] [daily] Primera inicialización — próximo target: 2025-10-10 01:16:00
[2025-10-09 01:54:36] [INFO] [main] [scheduleReport] [weekly] Primera inicialización — próximo target: 2025-10-16 00:10:00
[2025-10-09 01:54:36] [INFO] [main] [scheduleReport] [monthly] Primera inicialización — próximo target: 2025-11-01 00:15:00
[2025-10-09 01:54:48] [INFO] Voz seleccionada por usuario: Microsoft Sabina Desktop
[2025-10-09 01:55:08] [INFO] Voz seleccionada por usuario: Microsoft Sabina Desktop
[2025-10-09 01:55:28] [INFO] Voz seleccionada por usuario: Microsoft Sabina Desktop
[2025-10-09 01:55:36] [INFO] [main] [scheduleReport] [daily] Primera inicialización — próximo target: 2025-10-10 01:16:00
[2025-10-09 01:55:36] [INFO] [main] [scheduleReport] [weekly] Primera inicialización — próximo target: 2025-10-16 00:10:00
[2025-10-09 01:55:36] [INFO] [main] [scheduleReport] [monthly] Primera inicialización — próximo target: 2025-11-01 00:15:00
[2025-10-09 01:55:48] [INFO] Voz seleccionada por usuario: Microsoft Sabina Desktop
[2025-10-09 01:56:08] [INFO] Voz seleccionada por usuario: Microsoft Sabina Desktop
[2025-10-09 01:56:28] [INFO] Voz seleccionada por usuario: Microsoft Sabina Desktop
[2025-10-09 01:56:36] [INFO] [main] [scheduleReport] [daily] Primera inicialización — próximo target: 2025-10-10 01:16:00
[2025-10-09 01:56:36] [INFO] [main] [scheduleReport] [weekly] Primera inicialización — próximo target: 2025-10-16 00:10:00
[2025-10-09 01:56:36] [INFO] [main] [scheduleReport] [monthly] Primera inicialización — próximo target: 2025-11-01 00:15:00
[2025-10-09 01:56:48] [INFO] Voz seleccionada por usuario: Microsoft Sabina Desktop
[2025-10-09 01:57:08] [INFO] Voz seleccionada por usuario: Microsoft Sabina Desktop
[2025-10-09 01:57:28] [INFO] Voz seleccionada por usuario: Microsoft Sabina Desktop
[2025-10-09 01:57:36] [INFO] [main] [scheduleReport] [daily] Primera inicialización — próximo target: 2025-10-10 01:16:00
[2025-10-09 01:57:36] [INFO] [main] [scheduleReport] [weekly] Primera inicialización — próximo target: 2025-10-16 00:10:00
[2025-10-09 01:57:36] [INFO] [main] [scheduleReport] [monthly] Primera inicialización — próximo target: 2025-11-01 00:15:00
[2025-10-09 01:57:48] [INFO] Voz seleccionada por usuario: Microsoft Sabina Desktop
[2025-10-09 01:58:08] [INFO] Voz seleccionada por usuario: Microsoft Sabina Desktop
[2025-10-09 01:58:28] [INFO] Voz seleccionada por usuario: Microsoft Sabina Desktop
[2025-10-09 01:58:36] [INFO] [main] [scheduleReport] [daily] Primera inicialización — próximo target: 2025-10-10 01:16:00
[2025-10-09 01:58:36] [INFO] [main] [scheduleReport] [weekly] Primera inicialización — próximo target: 2025-10-16 00:10:00
[2025-10-09 01:58:36] [INFO] [main] [scheduleReport] [monthly] Primera inicialización — próximo target: 2025-11-01 00:15:00
[2025-10-09 01:58:48] [INFO] Voz seleccionada por usuario: Microsoft Sabina Desktop
[2025-10-09 01:59:08] [INFO] Voz seleccionada por usuario: Microsoft Sabina Desktop
[2025-10-09 01:59:28] [INFO] Voz seleccionada por usuario: Microsoft Sabina Desktop
[2025-10-09 01:59:36] [INFO] [main] [scheduleReport] [daily] Primera inicialización — próximo target: 2025-10-10 01:16:00
[2025-10-09 01:59:36] [INFO] [main] [scheduleReport] [weekly] Primera inicialización — próximo target: 2025-10-16 00:10:00
[2025-10-09 01:59:36] [INFO] [main] [scheduleReport] [monthly] Primera inicialización — próximo target: 2025-11-01 00:15:00
[2025-10-09 01:59:48] [INFO] Voz seleccionada por usuario: Microsoft Sabina Desktop
[2025-10-09 02:00:08] [INFO] Voz seleccionada por usuario: Microsoft Sabina Desktop
[2025-10-09 02:00:28] [INFO] Voz seleccionada por usuario: Microsoft Sabina Desktop
[2025-10-09 02:00:36] [INFO] [main] [scheduleReport] [daily] Primera inicialización — próximo target: 2025-10-10 01:16:00
[2025-10-09 02:00:36] [INFO] [main] [scheduleReport] [weekly] Primera inicialización — próximo target: 2025-10-16 00:10:00
[2025-10-09 02:00:36] [INFO] [main] [scheduleReport] [monthly] Primera inicialización — próximo target: 2025-11-01 00:15:00
[2025-10-09 02:00:48] [INFO] Voz seleccionada por usuario: Microsoft Sabina Desktop
[2025-10-09 02:01:08] [INFO] Voz seleccionada por usuario: Microsoft Sabina Desktop
[2025-10-09 02:01:28] [INFO] Voz seleccionada por usuario: Microsoft Sabina Desktop
[2025-10-09 02:01:36] [INFO] [main] [scheduleReport] [daily] Primera inicialización — próximo target: 2025-10-10 01:16:00
[2025-10-09 02:01:36] [INFO] [main] [scheduleReport] [weekly] Primera inicialización — próximo target: 2025-10-16 00:10:00
[2025-10-09 02:01:36] [INFO] [main] [scheduleReport] [monthly] Primera inicialización — próximo target: 2025-11-01 00:15:00
[2025-10-09 02:01:48] [INFO] Voz seleccionada por usuario: Microsoft Sabina Desktop
[2025-10-09 02:02:08] [INFO] Voz seleccionada por usuario: Microsoft Sabina Desktop
[2025-10-09 02:02:28] [INFO] Voz seleccionada por usuario: Microsoft Sabina Desktop
[2025-10-09 02:02:36] [INFO] [main] [scheduleReport] [daily] Primera inicialización — próximo target: 2025-10-10 01:16:00
[2025-10-09 02:02:36] [INFO] [main] [scheduleReport] [weekly] Primera inicialización — próximo target: 2025-10-16 00:10:00
[2025-10-09 02:02:36] [INFO] [main] [scheduleReport] [monthly] Primera inicialización — próximo target: 2025-11-01 00:15:00
[2025-10-09 02:02:48] [INFO] Voz seleccionada por usuario: Microsoft Sabina Desktop
[2025-10-09 02:03:08] [INFO] Voz seleccionada por usuario: Microsoft Sabina Desktop
[2025-10-09 02:03:28] [INFO] Voz seleccionada por usuario: Microsoft Sabina Desktop
[2025-10-09 02:03:36] [INFO] [main] [scheduleReport] [daily] Primera inicialización — próximo target: 2025-10-10 01:16:00
[2025-10-09 02:03:36] [INFO] [main] [scheduleReport] [weekly] Primera inicialización — próximo target: 2025-10-16 00:10:00
[2025-10-09 02:03:36] [INFO] [main] [scheduleReport] [monthly] Primera inicialización — próximo target: 2025-11-01 00:15:00
[2025-10-09 02:03:48] [INFO] Voz seleccionada por usuario: Microsoft Sabina Desktop
[2025-10-09 02:04:08] [INFO] Voz seleccionada por usuario: Microsoft Sabina Desktop
[2025-10-09 02:04:28] [INFO] Voz seleccionada por usuario: Microsoft Sabina Desktop
[2025-10-09 02:04:36] [INFO] [main] [scheduleReport] [daily] Primera inicialización — próximo target: 2025-10-10 01:16:00
[2025-10-09 02:04:36] [INFO] [main] [scheduleReport] [weekly] Primera inicialización — próximo target: 2025-10-16 00:10:00
[2025-10-09 02:04:36] [INFO] [main] [scheduleReport] [monthly] Primera inicialización — próximo target: 2025-11-01 00:15:00
[2025-10-09 02:04:48] [INFO] Voz seleccionada por usuario: Microsoft Sabina Desktop
[2025-10-09 02:05:08] [INFO] Voz seleccionada por usuario: Microsoft Sabina Desktop
[2025-10-09 02:05:28] [INFO] Voz seleccionada por usuario: Microsoft Sabina Desktop
[2025-10-09 02:05:36] [INFO] [main] [scheduleReport] [daily] Primera inicialización — próximo target: 2025-10-10 01:16:00
[2025-10-09 02:05:36] [INFO] [main] [scheduleReport] [weekly] Primera inicialización — próximo target: 2025-10-16 00:10:00
[2025-10-09 02:05:36] [INFO] [main] [scheduleReport] [monthly] Primera inicialización — próximo target: 2025-11-01 00:15:00
[2025-10-09 02:05:48] [INFO] Voz seleccionada por usuario: Microsoft Sabina Desktop
[2025-10-09 02:06:08] [INFO] Voz seleccionada por usuario: Microsoft Sabina Desktop
[2025-10-09 02:06:28] [INFO] Voz seleccionada por usuario: Microsoft Sabina Desktop
[2025-10-09 02:06:36] [INFO] [main] [scheduleReport] [daily] Primera inicialización — próximo target: 2025-10-10 01:16:00
[2025-10-09 02:06:36] [INFO] [main] [scheduleReport] [weekly] Primera inicialización — próximo target: 2025-10-16 00:10:00
[2025-10-09 02:06:36] [INFO] [main] [scheduleReport] [monthly] Primera inicialización — próximo target: 2025-11-01 00:15:00
[2025-10-09 02:06:48] [INFO] Voz seleccionada por usuario: Microsoft Sabina Desktop
[2025-10-09 02:07:08] [INFO] Voz seleccionada por usuario: Microsoft Sabina Desktop
[2025-10-09 02:07:28] [INFO] Voz seleccionada por usuario: Microsoft Sabina Desktop
[2025-10-09 02:07:36] [INFO] [main] [scheduleReport] [daily] Primera inicialización — próximo target: 2025-10-10 01:16:00
[2025-10-09 02:07:36] [INFO] [main] [scheduleReport] [weekly] Primera inicialización — próximo target: 2025-10-16 00:10:00
[2025-10-09 02:07:36] [INFO] [main] [scheduleReport] [monthly] Primera inicialización — próximo target: 2025-11-01 00:15:00
[2025-10-09 02:07:48] [INFO] Voz seleccionada por usuario: Microsoft Sabina Desktop
[2025-10-09 02:08:08] [INFO] Voz seleccionada por usuario: Microsoft Sabina Desktop
[2025-10-09 02:08:28] [INFO] Voz seleccionada por usuario: Microsoft Sabina Desktop
[2025-10-09 02:08:36] [INFO] [main] [scheduleReport] [daily] Primera inicialización — próximo target: 2025-10-10 01:16:00
[2025-10-09 02:08:36] [INFO] [main] [scheduleReport] [weekly] Primera inicialización — próximo target: 2025-10-16 00:10:00
[2025-10-09 02:08:36] [INFO] [main] [scheduleReport] [monthly] Primera inicialización — próximo target: 2025-11-01 00:15:00
[2025-10-09 02:08:48] [INFO] Voz seleccionada por usuario: Microsoft Sabina Desktop
[2025-10-09 02:09:08] [INFO] Voz seleccionada por usuario: Microsoft Sabina Desktop
[2025-10-09 02:09:28] [INFO] Voz seleccionada por usuario: Microsoft Sabina Desktop
[2025-10-09 02:09:36] [INFO] [main] [scheduleReport] [daily] Primera inicialización — próximo target: 2025-10-10 01:16:00
[2025-10-09 02:09:36] [INFO] [main] [scheduleReport] [weekly] Primera inicialización — próximo target: 2025-10-16 00:10:00
[2025-10-09 02:09:36] [INFO] [main] [scheduleReport] [monthly] Primera inicialización — próximo target: 2025-11-01 00:15:00
[2025-10-09 02:09:48] [INFO] Voz seleccionada por usuario: Microsoft Sabina Desktop
[2025-10-09 02:10:08] [INFO] Voz seleccionada por usuario: Microsoft Sabina Desktop
[2025-10-09 02:10:28] [INFO] Voz seleccionada por usuario: Microsoft Sabina Desktop
[2025-10-09 02:10:36] [INFO] [main] [scheduleReport] [daily] Primera inicialización — próximo target: 2025-10-10 01:16:00
[2025-10-09 02:10:36] [INFO] [main] [scheduleReport] [weekly] Primera inicialización — próximo target: 2025-10-16 00:10:00
[2025-10-09 02:10:36] [INFO] [main] [scheduleReport] [monthly] Primera inicialización — próximo target: 2025-11-01 00:15:00
[2025-10-09 02:10:48] [INFO] Voz seleccionada por usuario: Microsoft Sabina Desktop
[2025-10-09 02:11:08] [INFO] Voz seleccionada por usuario: Microsoft Sabina Desktop
[2025-10-09 02:11:28] [INFO] Voz seleccionada por usuario: Microsoft Sabina Desktop
[2025-10-09 02:11:36] [INFO] [main] [scheduleReport] [daily] Primera inicialización — próximo target: 2025-10-10 01:16:00
[2025-10-09 02:11:36] [INFO] [main] [scheduleReport] [weekly] Primera inicialización — próximo target: 2025-10-16 00:10:00
[2025-10-09 02:11:36] [INFO] [main] [scheduleReport] [monthly] Primera inicialización — próximo target: 2025-11-01 00:15:00
[2025-10-09 02:11:48] [INFO] Voz seleccionada por usuario: Microsoft Sabina Desktop
[2025-10-09 02:12:08] [INFO] Voz seleccionada por usuario: Microsoft Sabina Desktop
[2025-10-09 02:12:28] [INFO] Voz seleccionada por usuario: Microsoft Sabina Desktop
[2025-10-09 02:12:36] [INFO] [main] [scheduleReport] [daily] Primera inicialización — próximo target: 2025-10-10 01:16:00
[2025-10-09 02:12:36] [INFO] [main] [scheduleReport] [weekly] Primera inicialización — próximo target: 2025-10-16 00:10:00
[2025-10-09 02:12:36] [INFO] [main] [scheduleReport] [monthly] Primera inicialización — próximo target: 2025-11-01 00:15:00
[2025-10-09 02:12:48] [INFO] Voz seleccionada por usuario: Microsoft Sabina Desktop
[2025-10-09 02:13:08] [INFO] Voz seleccionada por usuario: Microsoft Sabina Desktop
[2025-10-09 02:13:28] [INFO] Voz seleccionada por usuario: Microsoft Sabina Desktop
[2025-10-09 02:13:36] [INFO] [main] [scheduleReport] [daily] Primera inicialización — próximo target: 2025-10-10 01:16:00
[2025-10-09 02:13:36] [INFO] [main] [scheduleReport] [weekly] Primera inicialización — próximo target: 2025-10-16 00:10:00
[2025-10-09 02:13:36] [INFO] [main] [scheduleReport] [monthly] Primera inicialización — próximo target: 2025-11-01 00:15:00
[2025-10-09 02:13:48] [INFO] Voz seleccionada por usuario: Microsoft Sabina Desktop
[2025-10-09 02:14:08] [INFO] Voz seleccionada por usuario: Microsoft Sabina Desktop
[2025-10-09 02:14:28] [INFO] Voz seleccionada por usuario: Microsoft Sabina Desktop
[2025-10-09 02:14:36] [INFO] [main] [scheduleReport] [daily] Primera inicialización — próximo target: 2025-10-10 01:16:00
[2025-10-09 02:14:36] [INFO] [main] [scheduleReport] [weekly] Primera inicialización — próximo target: 2025-10-16 00:10:00
[2025-10-09 02:14:36] [INFO] [main] [scheduleReport] [monthly] Primera inicialización — próximo target: 2025-11-01 00:15:00
[2025-10-09 02:14:48] [INFO] Voz seleccionada por usuario: Microsoft Sabina Desktop
[2025-10-09 02:15:08] [INFO] Voz seleccionada por usuario: Microsoft Sabina Desktop
[2025-10-09 02:15:28] [INFO] Voz seleccionada por usuario: Microsoft Sabina Desktop
[2025-10-09 02:15:36] [INFO] [main] [scheduleReport] [daily] Primera inicialización — próximo target: 2025-10-10 01:16:00
[2025-10-09 02:15:36] [INFO] [main] [scheduleReport] [weekly] Primera inicialización — próximo target: 2025-10-16 00:10:00
[2025-10-09 02:15:36] [INFO] [main] [scheduleReport] [monthly] Primera inicialización — próximo target: 2025-11-01 00:15:00
[2025-10-09 02:15:48] [INFO] Voz seleccionada por usuario: Microsoft Sabina Desktop
[2025-10-09 02:16:08] [INFO] Voz seleccionada por usuario: Microsoft Sabina Desktop
[2025-10-09 02:16:28] [INFO] Voz seleccionada por usuario: Microsoft Sabina Desktop
[2025-10-09 02:16:36] [INFO] [main] [scheduleReport] [daily] Primera inicialización — próximo target: 2025-10-10 01:16:00
[2025-10-09 02:16:36] [INFO] [main] [scheduleReport] [weekly] Primera inicialización — próximo target: 2025-10-16 00:10:00
[2025-10-09 02:16:36] [INFO] [main] [scheduleReport] [monthly] Primera inicialización — próximo target: 2025-11-01 00:15:00
[2025-10-09 02:16:48] [INFO] Voz seleccionada por usuario: Microsoft Sabina Desktop
[2025-10-09 02:17:08] [INFO] Voz seleccionada por usuario: Microsoft Sabina Desktop
[2025-10-09 02:17:28] [INFO] Voz seleccionada por usuario: Microsoft Sabina Desktop
[2025-10-09 02:17:36] [INFO] [main] [scheduleReport] [daily] Primera inicialización — próximo target: 2025-10-10 01:16:00
[2025-10-09 02:17:36] [INFO] [main] [scheduleReport] [weekly] Primera inicialización — próximo target: 2025-10-16 00:10:00
[2025-10-09 02:17:36] [INFO] [main] [scheduleReport] [monthly] Primera inicialización — próximo target: 2025-11-01 00:15:00
[2025-10-09 02:17:48] [INFO] Voz seleccionada por usuario: Microsoft Sabina Desktop
[2025-10-09 02:18:08] [INFO] Voz seleccionada por usuario: Microsoft Sabina Desktop
[2025-10-09 02:18:28] [INFO] Voz seleccionada por usuario: Microsoft Sabina Desktop
[2025-10-09 02:18:36] [INFO] [main] [scheduleReport] [daily] Primera inicialización — próximo target: 2025-10-10 01:16:00
[2025-10-09 02:18:36] [INFO] [main] [scheduleReport] [weekly] Primera inicialización — próximo target: 2025-10-16 00:10:00
[2025-10-09 02:18:36] [INFO] [main] [scheduleReport] [monthly] Primera inicialización — próximo target: 2025-11-01 00:15:00
[2025-10-09 02:18:48] [INFO] Voz seleccionada por usuario: Microsoft Sabina Desktop
[2025-10-09 02:19:08] [INFO] Voz seleccionada por usuario: Microsoft Sabina Desktop
[2025-10-09 02:19:28] [INFO] Voz seleccionada por usuario: Microsoft Sabina Desktop
[2025-10-09 02:19:36] [INFO] [main] [scheduleReport] [daily] Primera inicialización — próximo target: 2025-10-10 01:16:00
[2025-10-09 02:19:36] [INFO] [main] [scheduleReport] [weekly] Primera inicialización — próximo target: 2025-10-16 00:10:00
[2025-10-09 02:19:36] [INFO] [main] [scheduleReport] [monthly] Primera inicialización — próximo target: 2025-11-01 00:15:00
[2025-10-09 02:19:48] [INFO] Voz seleccionada por usuario: Microsoft Sabina Desktop
[2025-10-09 02:20:08] [INFO] Voz seleccionada por usuario: Microsoft Sabina Desktop
[2025-10-09 02:20:28] [INFO] Voz seleccionada por usuario: Microsoft Sabina Desktop
[2025-10-09 02:20:36] [INFO] [main] [scheduleReport] [daily] Primera inicialización — próximo target: 2025-10-10 01:16:00
[2025-10-09 02:20:36] [INFO] [main] [scheduleReport] [weekly] Primera inicialización — próximo target: 2025-10-16 00:10:00
[2025-10-09 02:20:36] [INFO] [main] [scheduleReport] [monthly] Primera inicialización — próximo target: 2025-11-01 00:15:00
[2025-10-09 02:20:48] [INFO] Voz seleccionada por usuario: Microsoft Sabina Desktop
[2025-10-09 02:21:08] [INFO] Voz seleccionada por usuario: Microsoft Sabina Desktop
[2025-10-09 02:21:28] [INFO] Voz seleccionada por usuario: Microsoft Sabina Desktop
[2025-10-09 02:21:36] [INFO] [main] [scheduleReport] [daily] Primera inicialización — próximo target: 2025-10-10 01:16:00
[2025-10-09 02:21:36] [INFO] [main] [scheduleReport] [weekly] Primera inicialización — próximo target: 2025-10-16 00:10:00
[2025-10-09 02:21:36] [INFO] [main] [scheduleReport] [monthly] Primera inicialización — próximo target: 2025-11-01 00:15:00
[2025-10-09 02:21:48] [INFO] Voz seleccionada por usuario: Microsoft Sabina Desktop
[2025-10-09 02:22:08] [INFO] Voz seleccionada por usuario: Microsoft Sabina Desktop
[2025-10-09 02:22:28] [INFO] Voz seleccionada por usuario: Microsoft Sabina Desktop
[2025-10-09 02:22:36] [INFO] [main] [scheduleReport] [daily] Primera inicialización — próximo target: 2025-10-10 01:16:00
[2025-10-09 02:22:36] [INFO] [main] [scheduleReport] [weekly] Primera inicialización — próximo target: 2025-10-16 00:10:00
[2025-10-09 02:22:36] [INFO] [main] [scheduleReport] [monthly] Primera inicialización — próximo target: 2025-11-01 00:15:00
[2025-10-09 02:22:48] [INFO] Voz seleccionada por usuario: Microsoft Sabina Desktop
[2025-10-09 02:23:08] [INFO] Voz seleccionada por usuario: Microsoft Sabina Desktop
[2025-10-09 02:23:28] [INFO] Voz seleccionada por usuario: Microsoft Sabina Desktop
[2025-10-09 02:23:36] [INFO] [main] [scheduleReport] [daily] Primera inicialización — próximo target: 2025-10-10 01:16:00
[2025-10-09 02:23:36] [INFO] [main] [scheduleReport] [weekly] Primera inicialización — próximo target: 2025-10-16 00:10:00
[2025-10-09 02:23:36] [INFO] [main] [scheduleReport] [monthly] Primera inicialización — próximo target: 2025-11-01 00:15:00
[2025-10-09 02:23:48] [INFO] Voz seleccionada por usuario: Microsoft Sabina Desktop
[2025-10-09 02:24:08] [INFO] Voz seleccionada por usuario: Microsoft Sabina Desktop
[2025-10-09 02:24:28] [INFO] Voz seleccionada por usuario: Microsoft Sabina Desktop
[2025-10-09 02:24:36] [INFO] [main] [scheduleReport] [daily] Primera inicialización — próximo target: 2025-10-10 01:16:00
[2025-10-09 02:24:36] [INFO] [main] [scheduleReport] [weekly] Primera inicialización — próximo target: 2025-10-16 00:10:00
[2025-10-09 02:24:36] [INFO] [main] [scheduleReport] [monthly] Primera inicialización — próximo target: 2025-11-01 00:15:00
[2025-10-09 02:24:48] [INFO] Voz seleccionada por usuario: Microsoft Sabina Desktop
[2025-10-09 02:25:08] [INFO] Voz seleccionada por usuario: Microsoft Sabina Desktop
[2025-10-09 02:25:28] [INFO] Voz seleccionada por usuario: Microsoft Sabina Desktop
[2025-10-09 02:25:36] [INFO] [main] [scheduleReport] [daily] Primera inicialización — próximo target: 2025-10-10 01:16:00
[2025-10-09 02:25:36] [INFO] [main] [scheduleReport] [weekly] Primera inicialización — próximo target: 2025-10-16 00:10:00
[2025-10-09 02:25:36] [INFO] [main] [scheduleReport] [monthly] Primera inicialización — próximo target: 2025-11-01 00:15:00
[2025-10-09 02:25:48] [INFO] Voz seleccionada por usuario: Microsoft Sabina Desktop
[2025-10-09 02:26:08] [INFO] Voz seleccionada por usuario: Microsoft Sabina Desktop
[2025-10-09 02:26:28] [INFO] Voz seleccionada por usuario: Microsoft Sabina Desktop
[2025-10-09 02:26:36] [INFO] [main] [scheduleReport] [daily] Primera inicialización — próximo target: 2025-10-10 01:16:00
[2025-10-09 02:26:36] [INFO] [main] [scheduleReport] [weekly] Primera inicialización — próximo target: 2025-10-16 00:10:00
[2025-10-09 02:26:36] [INFO] [main] [scheduleReport] [monthly] Primera inicialización — próximo target: 2025-11-01 00:15:00
[2025-10-09 02:26:48] [INFO] Voz seleccionada por usuario: Microsoft Sabina Desktop
[2025-10-09 02:27:08] [INFO] Voz seleccionada por usuario: Microsoft Sabina Desktop
[2025-10-09 02:27:28] [INFO] Voz seleccionada por usuario: Microsoft Sabina Desktop
[2025-10-09 02:27:36] [INFO] [main] [scheduleReport] [daily] Primera inicialización — próximo target: 2025-10-10 01:16:00
[2025-10-09 02:27:36] [INFO] [main] [scheduleReport] [weekly] Primera inicialización — próximo target: 2025-10-16 00:10:00
[2025-10-09 02:27:36] [INFO] [main] [scheduleReport] [monthly] Primera inicialización — próximo target: 2025-11-01 00:15:00
[2025-10-09 02:27:48] [INFO] Voz seleccionada por usuario: Microsoft Sabina Desktop
[2025-10-09 02:28:08] [INFO] Voz seleccionada por usuario: Microsoft Sabina Desktop
[2025-10-09 02:28:28] [INFO] Voz seleccionada por usuario: Microsoft Sabina Desktop
[2025-10-09 02:28:36] [INFO] [main] [scheduleReport] [daily] Primera inicialización — próximo target: 2025-10-10 01:16:00
[2025-10-09 02:28:36] [INFO] [main] [scheduleReport] [weekly] Primera inicialización — próximo target: 2025-10-16 00:10:00
[2025-10-09 02:28:36] [INFO] [main] [scheduleReport] [monthly] Primera inicialización — próximo target: 2025-11-01 00:15:00
[2025-10-09 02:28:48] [INFO] Voz seleccionada por usuario: Microsoft Sabina Desktop
[2025-10-09 02:29:08] [INFO] Voz seleccionada por usuario: Microsoft Sabina Desktop
[2025-10-09 02:29:28] [INFO] Voz seleccionada por usuario: Microsoft Sabina Desktop
[2025-10-09 02:29:36] [INFO] [main] [scheduleReport] [daily] Primera inicialización — próximo target: 2025-10-10 01:16:00
[2025-10-09 02:29:36] [INFO] [main] [scheduleReport] [weekly] Primera inicialización — próximo target: 2025-10-16 00:10:00
[2025-10-09 02:29:36] [INFO] [main] [scheduleReport] [monthly] Primera inicialización — próximo target: 2025-11-01 00:15:00
[2025-10-09 02:29:48] [INFO] Voz seleccionada por usuario: Microsoft Sabina Desktop
[2025-10-09 02:30:08] [INFO] Voz seleccionada por usuario: Microsoft Sabina Desktop
[2025-10-09 02:30:28] [INFO] Voz seleccionada por usuario: Microsoft Sabina Desktop
[2025-10-09 02:30:36] [INFO] [main] [scheduleReport] [daily] Primera inicialización — próximo target: 2025-10-10 01:16:00
[2025-10-09 02:30:36] [INFO] [main] [scheduleReport] [weekly] Primera inicialización — próximo target: 2025-10-16 00:10:00
[2025-10-09 02:30:36] [INFO] [main] [scheduleReport] [monthly] Primera inicialización — próximo target: 2025-11-01 00:15:00
[2025-10-09 02:30:48] [INFO] Voz seleccionada por usuario: Microsoft Sabina Desktop
[2025-10-09 02:31:08] [INFO] Voz seleccionada por usuario: Microsoft Sabina Desktop
[2025-10-09 02:31:28] [INFO] Voz seleccionada por usuario: Microsoft Sabina Desktop
[2025-10-09 02:31:36] [INFO] [main] [scheduleReport] [daily] Primera inicialización — próximo target: 2025-10-10 01:16:00
[2025-10-09 02:31:36] [INFO] [main] [scheduleReport] [weekly] Primera inicialización — próximo target: 2025-10-16 00:10:00
[2025-10-09 02:31:36] [INFO] [main] [scheduleReport] [monthly] Primera inicialización — próximo target: 2025-11-01 00:15:00
[2025-10-09 02:31:48] [INFO] Voz seleccionada por usuario: Microsoft Sabina Desktop
[2025-10-09 02:32:08] [INFO] Voz seleccionada por usuario: Microsoft Sabina Desktop
[2025-10-09 02:32:28] [INFO] Voz seleccionada por usuario: Microsoft Sabina Desktop
[2025-10-09 02:32:36] [INFO] [main] [scheduleReport] [daily] Primera inicialización — próximo target: 2025-10-10 01:16:00
[2025-10-09 02:32:36] [INFO] [main] [scheduleReport] [weekly] Primera inicialización — próximo target: 2025-10-16 00:10:00
[2025-10-09 02:32:36] [INFO] [main] [scheduleReport] [monthly] Primera inicialización — próximo target: 2025-11-01 00:15:00
[2025-10-09 02:32:48] [INFO] Voz seleccionada por usuario: Microsoft Sabina Desktop
[2025-10-09 02:33:08] [INFO] Voz seleccionada por usuario: Microsoft Sabina Desktop
[2025-10-09 02:33:28] [INFO] Voz seleccionada por usuario: Microsoft Sabina Desktop
[2025-10-09 02:33:36] [INFO] [main] [scheduleReport] [daily] Primera inicialización — próximo target: 2025-10-10 01:16:00
[2025-10-09 02:33:36] [INFO] [main] [scheduleReport] [weekly] Primera inicialización — próximo target: 2025-10-16 00:10:00
[2025-10-09 02:33:36] [INFO] [main] [scheduleReport] [monthly] Primera inicialización — próximo target: 2025-11-01 00:15:00
[2025-10-09 02:33:48] [INFO] Voz seleccionada por usuario: Microsoft Sabina Desktop
[2025-10-09 02:34:08] [INFO] Voz seleccionada por usuario: Microsoft Sabina Desktop
[2025-10-09 02:34:28] [INFO] Voz seleccionada por usuario: Microsoft Sabina Desktop
[2025-10-09 02:34:36] [INFO] [main] [scheduleReport] [daily] Primera inicialización — próximo target: 2025-10-10 01:16:00
[2025-10-09 02:34:36] [INFO] [main] [scheduleReport] [weekly] Primera inicialización — próximo target: 2025-10-16 00:10:00
[2025-10-09 02:34:36] [INFO] [main] [scheduleReport] [monthly] Primera inicialización — próximo target: 2025-11-01 00:15:00
[2025-10-09 02:34:48] [INFO] Voz seleccionada por usuario: Microsoft Sabina Desktop
[2025-10-09 02:35:08] [INFO] Voz seleccionada por usuario: Microsoft Sabina Desktop
[2025-10-09 02:35:28] [INFO] Voz seleccionada por usuario: Microsoft Sabina Desktop
[2025-10-09 02:35:36] [INFO] [main] [scheduleReport] [daily] Primera inicialización — próximo target: 2025-10-10 01:16:00
[2025-10-09 02:35:36] [INFO] [main] [scheduleReport] [weekly] Primera inicialización — próximo target: 2025-10-16 00:10:00
[2025-10-09 02:35:36] [INFO] [main] [scheduleReport] [monthly] Primera inicialización — próximo target: 2025-11-01 00:15:00
[2025-10-09 02:35:48] [INFO] Voz seleccionada por usuario: Microsoft Sabina Desktop
[2025-10-09 02:36:08] [INFO] Voz seleccionada por usuario: Microsoft Sabina Desktop
[2025-10-09 02:36:28] [INFO] Voz seleccionada por usuario: Microsoft Sabina Desktop
[2025-10-09 02:36:36] [INFO] [main] [scheduleReport] [daily] Primera inicialización — próximo target: 2025-10-10 01:16:00
[2025-10-09 02:36:36] [INFO] [main] [scheduleReport] [weekly] Primera inicialización — próximo target: 2025-10-16 00:10:00
[2025-10-09 02:36:36] [INFO] [main] [scheduleReport] [monthly] Primera inicialización — próximo target: 2025-11-01 00:15:00
[2025-10-09 02:36:48] [INFO] Voz seleccionada por usuario: Microsoft Sabina Desktop
[2025-10-09 02:37:08] [INFO] Voz seleccionada por usuario: Microsoft Sabina Desktop
[2025-10-09 02:37:28] [INFO] Voz seleccionada por usuario: Microsoft Sabina Desktop
[2025-10-09 02:37:36] [INFO] [main] [scheduleReport] [daily] Primera inicialización — próximo target: 2025-10-10 01:16:00
[2025-10-09 02:37:36] [INFO] [main] [scheduleReport] [weekly] Primera inicialización — próximo target: 2025-10-16 00:10:00
[2025-10-09 02:37:36] [INFO] [main] [scheduleReport] [monthly] Primera inicialización — próximo target: 2025-11-01 00:15:00
[2025-10-09 02:37:48] [INFO] Voz seleccionada por usuario: Microsoft Sabina Desktop
[2025-10-09 02:38:08] [INFO] Voz seleccionada por usuario: Microsoft Sabina Desktop
[2025-10-09 02:38:28] [INFO] Voz seleccionada por usuario: Microsoft Sabina Desktop
[2025-10-09 02:38:36] [INFO] [main] [scheduleReport] [daily] Primera inicialización — próximo target: 2025-10-10 01:16:00
[2025-10-09 02:38:36] [INFO] [main] [scheduleReport] [weekly] Primera inicialización — próximo target: 2025-10-16 00:10:00
[2025-10-09 02:38:36] [INFO] [main] [scheduleReport] [monthly] Primera inicialización — próximo target: 2025-11-01 00:15:00
[2025-10-09 02:38:48] [INFO] Voz seleccionada por usuario: Microsoft Sabina Desktop
[2025-10-09 02:39:08] [INFO] Voz seleccionada por usuario: Microsoft Sabina Desktop
[2025-10-09 02:39:28] [INFO] Voz seleccionada por usuario: Microsoft Sabina Desktop
[2025-10-09 02:39:36] [INFO] [main] [scheduleReport] [daily] Primera inicialización — próximo target: 2025-10-10 01:16:00
[2025-10-09 02:39:36] [INFO] [main] [scheduleReport] [weekly] Primera inicialización — próximo target: 2025-10-16 00:10:00
[2025-10-09 02:39:36] [INFO] [main] [scheduleReport] [monthly] Primera inicialización — próximo target: 2025-11-01 00:15:00
[2025-10-09 02:39:48] [INFO] Voz seleccionada por usuario: Microsoft Sabina Desktop
[2025-10-09 02:40:08] [INFO] Voz seleccionada por usuario: Microsoft Sabina Desktop
[2025-10-09 02:40:28] [INFO] Voz seleccionada por usuario: Microsoft Sabina Desktop
[2025-10-09 02:40:36] [INFO] [main] [scheduleReport] [daily] Primera inicialización — próximo target: 2025-10-10 01:16:00
[2025-10-09 02:40:36] [INFO] [main] [scheduleReport] [weekly] Primera inicialización — próximo target: 2025-10-16 00:10:00
[2025-10-09 02:40:36] [INFO] [main] [scheduleReport] [monthly] Primera inicialización — próximo target: 2025-11-01 00:15:00
[2025-10-09 02:40:48] [INFO] Voz seleccionada por usuario: Microsoft Sabina Desktop
[2025-10-09 02:41:08] [INFO] Voz seleccionada por usuario: Microsoft Sabina Desktop
[2025-10-09 02:41:28] [INFO] Voz seleccionada por usuario: Microsoft Sabina Desktop
[2025-10-09 02:41:36] [INFO] [main] [scheduleReport] [daily] Primera inicialización — próximo target: 2025-10-10 01:16:00
[2025-10-09 02:41:36] [INFO] [main] [scheduleReport] [weekly] Primera inicialización — próximo target: 2025-10-16 00:10:00
[2025-10-09 02:41:36] [INFO] [main] [scheduleReport] [monthly] Primera inicialización — próximo target: 2025-11-01 00:15:00
[2025-10-09 02:41:48] [INFO] Voz seleccionada por usuario: Microsoft Sabina Desktop
[2025-10-09 02:42:08] [INFO] Voz seleccionada por usuario: Microsoft Sabina Desktop
[2025-10-09 02:42:28] [INFO] Voz seleccionada por usuario: Microsoft Sabina Desktop
[2025-10-09 02:42:36] [INFO] [main] [scheduleReport] [daily] Primera inicialización — próximo target: 2025-10-10 01:16:00
[2025-10-09 02:42:36] [INFO] [main] [scheduleReport] [weekly] Primera inicialización — próximo target: 2025-10-16 00:10:00
[2025-10-09 02:42:36] [INFO] [main] [scheduleReport] [monthly] Primera inicialización — próximo target: 2025-11-01 00:15:00
[2025-10-09 02:42:48] [INFO] Voz seleccionada por usuario: Microsoft Sabina Desktop
[2025-10-09 02:43:08] [INFO] Voz seleccionada por usuario: Microsoft Sabina Desktop
[2025-10-09 02:43:28] [INFO] Voz seleccionada por usuario: Microsoft Sabina Desktop
[2025-10-09 02:43:36] [INFO] [main] [scheduleReport] [daily] Primera inicialización — próximo target: 2025-10-10 01:16:00
[2025-10-09 02:43:36] [INFO] [main] [scheduleReport] [weekly] Primera inicialización — próximo target: 2025-10-16 00:10:00
[2025-10-09 02:43:36] [INFO] [main] [scheduleReport] [monthly] Primera inicialización — próximo target: 2025-11-01 00:15:00
[2025-10-09 02:43:48] [INFO] Voz seleccionada por usuario: Microsoft Sabina Desktop
[2025-10-09 02:44:08] [INFO] Voz seleccionada por usuario: Microsoft Sabina Desktop
[2025-10-09 02:44:28] [INFO] Voz seleccionada por usuario: Microsoft Sabina Desktop
[2025-10-09 02:44:36] [INFO] [main] [scheduleReport] [daily] Primera inicialización — próximo target: 2025-10-10 01:16:00
[2025-10-09 02:44:36] [INFO] [main] [scheduleReport] [weekly] Primera inicialización — próximo target: 2025-10-16 00:10:00
[2025-10-09 02:44:36] [INFO] [main] [scheduleReport] [monthly] Primera inicialización — próximo target: 2025-11-01 00:15:00
[2025-10-09 02:44:48] [INFO] Voz seleccionada por usuario: Microsoft Sabina Desktop
[2025-10-09 02:45:08] [INFO] Voz seleccionada por usuario: Microsoft Sabina Desktop
[2025-10-09 02:45:28] [INFO] Voz seleccionada por usuario: Microsoft Sabina Desktop
[2025-10-09 02:45:36] [INFO] [main] [scheduleReport] [daily] Primera inicialización — próximo target: 2025-10-10 01:16:00
[2025-10-09 02:45:36] [INFO] [main] [scheduleReport] [weekly] Primera inicialización — próximo target: 2025-10-16 00:10:00
[2025-10-09 02:45:36] [INFO] [main] [scheduleReport] [monthly] Primera inicialización — próximo target: 2025-11-01 00:15:00
[2025-10-09 02:45:48] [INFO] Voz seleccionada por usuario: Microsoft Sabina Desktop
[2025-10-09 02:46:08] [INFO] Voz seleccionada por usuario: Microsoft Sabina Desktop
[2025-10-09 02:46:28] [INFO] Voz seleccionada por usuario: Microsoft Sabina Desktop
[2025-10-09 02:46:36] [INFO] [main] [scheduleReport] [daily] Primera inicialización — próximo target: 2025-10-10 01:16:00
[2025-10-09 02:46:36] [INFO] [main] [scheduleReport] [weekly] Primera inicialización — próximo target: 2025-10-16 00:10:00
[2025-10-09 02:46:36] [INFO] [main] [scheduleReport] [monthly] Primera inicialización — próximo target: 2025-11-01 00:15:00
[2025-10-09 02:46:48] [INFO] Voz seleccionada por usuario: Microsoft Sabina Desktop
[2025-10-09 02:47:08] [INFO] Voz seleccionada por usuario: Microsoft Sabina Desktop
[2025-10-09 02:47:28] [INFO] Voz seleccionada por usuario: Microsoft Sabina Desktop
[2025-10-09 02:47:36] [INFO] [main] [scheduleReport] [daily] Primera inicialización — próximo target: 2025-10-10 01:16:00
[2025-10-09 02:47:36] [INFO] [main] [scheduleReport] [weekly] Primera inicialización — próximo target: 2025-10-16 00:10:00
[2025-10-09 02:47:36] [INFO] [main] [scheduleReport] [monthly] Primera inicialización — próximo target: 2025-11-01 00:15:00
[2025-10-09 02:47:48] [INFO] Voz seleccionada por usuario: Microsoft Sabina Desktop
[2025-10-09 02:48:08] [INFO] Voz seleccionada por usuario: Microsoft Sabina Desktop
[2025-10-09 02:48:28] [INFO] Voz seleccionada por usuario: Microsoft Sabina Desktop
[2025-10-09 02:48:36] [INFO] [main] [scheduleReport] [daily] Primera inicialización — próximo target: 2025-10-10 01:16:00
[2025-10-09 02:48:36] [INFO] [main] [scheduleReport] [weekly] Primera inicialización — próximo target: 2025-10-16 00:10:00
[2025-10-09 02:48:36] [INFO] [main] [scheduleReport] [monthly] Primera inicialización — próximo target: 2025-11-01 00:15:00
[2025-10-09 02:48:48] [INFO] Voz seleccionada por usuario: Microsoft Sabina Desktop
[2025-10-09 02:49:08] [INFO] Voz seleccionada por usuario: Microsoft Sabina Desktop
[2025-10-09 02:49:28] [INFO] Voz seleccionada por usuario: Microsoft Sabina Desktop
[2025-10-09 02:49:36] [INFO] [main] [scheduleReport] [daily] Primera inicialización — próximo target: 2025-10-10 01:16:00
[2025-10-09 02:49:36] [INFO] [main] [scheduleReport] [weekly] Primera inicialización — próximo target: 2025-10-16 00:10:00
[2025-10-09 02:49:36] [INFO] [main] [scheduleReport] [monthly] Primera inicialización — próximo target: 2025-11-01 00:15:00
[2025-10-09 02:49:48] [INFO] Voz seleccionada por usuario: Microsoft Sabina Desktop
[2025-10-09 02:50:08] [INFO] Voz seleccionada por usuario: Microsoft Sabina Desktop
[2025-10-09 02:50:28] [INFO] Voz seleccionada por usuario: Microsoft Sabina Desktop
[2025-10-09 02:50:36] [INFO] [main] [scheduleReport] [daily] Primera inicialización — próximo target: 2025-10-10 01:16:00
[2025-10-09 02:50:36] [INFO] [main] [scheduleReport] [weekly] Primera inicialización — próximo target: 2025-10-16 00:10:00
[2025-10-09 02:50:36] [INFO] [main] [scheduleReport] [monthly] Primera inicialización — próximo target: 2025-11-01 00:15:00
[2025-10-09 02:50:48] [INFO] Voz seleccionada por usuario: Microsoft Sabina Desktop
[2025-10-09 02:51:08] [INFO] Voz seleccionada por usuario: Microsoft Sabina Desktop
[2025-10-09 02:51:28] [INFO] Voz seleccionada por usuario: Microsoft Sabina Desktop
[2025-10-09 02:51:36] [INFO] [main] [scheduleReport] [daily] Primera inicialización — próximo target: 2025-10-10 01:16:00
[2025-10-09 02:51:36] [INFO] [main] [scheduleReport] [weekly] Primera inicialización — próximo target: 2025-10-16 00:10:00
[2025-10-09 02:51:36] [INFO] [main] [scheduleReport] [monthly] Primera inicialización — próximo target: 2025-11-01 00:15:00
[2025-10-09 02:51:48] [INFO] Voz seleccionada por usuario: Microsoft Sabina Desktop
[2025-10-09 02:52:08] [INFO] Voz seleccionada por usuario: Microsoft Sabina Desktop
[2025-10-09 09:59:19] [INFO] Voz seleccionada por usuario: Microsoft Sabina Desktop
[2025-10-09 09:59:20] [INFO] [main] [scheduleReport] [daily] Primera inicialización — próximo target: 2025-10-10 01:16:00
[2025-10-09 09:59:20] [INFO] [main] [scheduleReport] [weekly] Primera inicialización — próximo target: 2025-10-16 00:10:00
[2025-10-09 09:59:20] [INFO] [main] [scheduleReport] [monthly] Primera inicialización — próximo target: 2025-11-01 00:15:00
[2025-10-09 09:59:25] [INFO] [main] [statusLockers] Iniciando petición para obtener casilleros disponibles
[2025-10-09 09:59:25] [INFO] [main] [statusLockers] Timeout efectivo en ejecución: 30000
[2025-10-09 09:59:25] [INFO] [main] [statusLockers] Intento 1: HOST -> http://localhost:8080
[2025-10-09 09:59:25] [INFO] [main] [statusLockers] Intento 1: URL -> /api/lockers/get-all-status
[2025-10-09 09:59:25] [INFO] [main] [copyright] Versión cargada: 1.1.0
[2025-10-09 09:59:25] [INFO] [main] [app] Componente App montado
[2025-10-09 09:59:25] [INFO] [main] [app] Versión cargada: 1.1.0
[2025-10-09 09:59:25] [INFO] [main] [statusLockers] Iniciando petición para obtener casilleros disponibles
[2025-10-09 09:59:25] [INFO] [main] [statusLockers] Timeout efectivo en ejecución: 30000
[2025-10-09 09:59:25] [INFO] [main] [statusLockers] Intento 1: HOST -> http://localhost:8080
[2025-10-09 09:59:25] [INFO] [main] [statusLockers] Intento 1: URL -> /api/lockers/get-all-status
[2025-10-09 09:59:25] [INFO] [main] [copyright] Versión cargada: 1.1.0
[2025-10-09 09:59:25] [INFO] [main] [app] Componente App montado
[2025-10-09 09:59:25] [INFO] [main] [app] Versión cargada: 1.1.0
[2025-10-09 09:59:25] [INFO] [main] [useConfig] Configuración inicial obtenida
[2025-10-09 09:59:25] [INFO] [setupWatcher] Archivo setup_config.json cargado correctamente
[2025-10-09 09:59:25] [INFO] [main] [useConfig] Configuración inicial obtenida
[2025-10-09 09:59:25] [INFO] [main] [useConfig] Configuración inicial obtenida
[2025-10-09 09:59:25] [INFO] [main] [useConfig] Configuración inicial obtenida
[2025-10-09 09:59:25] [INFO] [main] [useConfig] Configuración inicial obtenida
[2025-10-09 09:59:25] [INFO] [main] [useConfig] Configuración inicial obtenida
[2025-10-09 09:59:25] [INFO] [main] [useConfig] Configuración inicial obtenida
[2025-10-09 09:59:25] [INFO] [main] [useConfig] Configuración inicial obtenida
[2025-10-09 09:59:25] [INFO] [main] Recibido config actualizado
[2025-10-09 09:59:25] [INFO] [main] [configStore] Configuración actualizada
[2025-10-09 09:59:25] [INFO] [main] [configStore] Nueva configuración recibida vía IPC
[2025-10-09 09:59:25] [INFO] [main] [useConfig] Configuración actualizada mediante onConfigUpdate
[2025-10-09 09:59:25] [INFO] [main] [useConfig] Configuración actualizada mediante onConfigUpdate
[2025-10-09 09:59:25] [INFO] [main] [useConfig] Configuración actualizada mediante onConfigUpdate
[2025-10-09 09:59:25] [INFO] [main] [useConfig] Configuración actualizada mediante onConfigUpdate
[2025-10-09 09:59:25] [INFO] [main] [useConfig] Configuración actualizada mediante onConfigUpdate
[2025-10-09 09:59:25] [INFO] [main] [useConfig] Configuración actualizada mediante onConfigUpdate
[2025-10-09 09:59:25] [INFO] [main] [useConfig] Configuración actualizada mediante onConfigUpdate
[2025-10-09 09:59:25] [INFO] [main] [useConfig] Configuración actualizada mediante onConfigUpdate
[2025-10-09 09:59:25] [INFO] [main] [useConfig] Configuración actualizada mediante onConfigUpdate
[2025-10-09 09:59:25] [INFO] [main] [useConfig] Configuración actualizada mediante onConfigUpdate
[2025-10-09 09:59:25] [INFO] [main] [useConfig] Configuración actualizada mediante onConfigUpdate
[2025-10-09 09:59:25] [INFO] [main] [useConfig] Configuración actualizada mediante onConfigUpdate
[2025-10-09 09:59:25] [INFO] [main] [useConfig] Configuración actualizada mediante onConfigUpdate
[2025-10-09 09:59:25] [INFO] [main] [useConfig] Configuración actualizada mediante onConfigUpdate
[2025-10-09 09:59:25] [INFO] [main] [useConfig] Configuración actualizada mediante onConfigUpdate
[2025-10-09 09:59:25] [INFO] [main] [useConfig] Configuración actualizada mediante onConfigUpdate
[2025-10-09 09:59:25] [INFO] [main] [useConfig] Configuración actualizada mediante onConfigUpdate
[2025-10-09 09:59:25] [INFO] [main] [useConfig] Configuración actualizada mediante onConfigUpdate
[2025-10-09 09:59:25] [INFO] [main] [useConfig] Configuración actualizada mediante onConfigUpdate
[2025-10-09 09:59:25] [INFO] [main] [useConfig] Configuración actualizada mediante onConfigUpdate
[2025-10-09 09:59:25] [INFO] [main] [useConfig] Configuración actualizada mediante onConfigUpdate
[2025-10-09 09:59:25] [INFO] [main] [useConfig] Configuración actualizada mediante onConfigUpdate
[2025-10-09 09:59:25] [INFO] [main] [useConfig] Configuración actualizada mediante onConfigUpdate
[2025-10-09 09:59:25] [INFO] [main] [useConfig] Configuración actualizada mediante onConfigUpdate
[2025-10-09 09:59:25] [INFO] [main] [useConfig] Configuración actualizada mediante onConfigUpdate
[2025-10-09 09:59:25] [INFO] [main] [useConfig] Configuración actualizada mediante onConfigUpdate
[2025-10-09 09:59:25] [INFO] [main] [scheduleReport] [daily] Primera inicialización — próximo target: 2025-10-10 01:16:00
[2025-10-09 09:59:25] [INFO] [main] [scheduleReport] [weekly] Primera inicialización — próximo target: 2025-10-16 00:10:00
[2025-10-09 09:59:25] [INFO] [main] [scheduleReport] [monthly] Primera inicialización — próximo target: 2025-11-01 00:15:00
[2025-10-09 09:59:25] [INFO] [main] [scheduleReport] [daily] Primera inicialización — próximo target: 2025-10-10 01:16:00
[2025-10-09 09:59:25] [INFO] [main] [scheduleReport] [weekly] Primera inicialización — próximo target: 2025-10-16 00:10:00
[2025-10-09 09:59:25] [INFO] [main] [scheduleReport] [monthly] Primera inicialización — próximo target: 2025-11-01 00:15:00
[2025-10-09 09:59:28] [INFO] [main] Recibido config actualizado
[2025-10-09 09:59:28] [INFO] [preload] Inicializando preload.js
[2025-10-09 09:59:28] [INFO] [setupWatcher] Observando archivo setup_config.json en: C:\Users\User\Documents\Personal\LockeritDesk\configFiles\setup_config.json
[2025-10-09 09:59:28] [INFO] [setupWatcher] Archivo setup_config.json cargado correctamente
[2025-10-09 09:59:28] [INFO] [preload] Watcher iniciado: setup_config.json
[2025-10-09 09:59:28] [INFO] [authWatcher] Observando archivo auth_key.json en: C:\Users\User\Documents\Personal\LockeritDesk\configFiles\auth_key.json
[2025-10-09 09:59:28] [INFO] [authWatcher] auth_key.json actualizado correctamente
[2025-10-09 09:59:28] [INFO] [preload] Watcher iniciado: auth_key.json
[2025-10-09 09:59:28] [INFO] [loggerWatcher] Observando archivo logger_config.json en: C:\Users\User\Documents\Personal\LockeritDesk\configFiles\logger_config.json
[2025-10-09 09:59:28] [INFO] [loggerWatcher] Archivo logger_config.json cargado correctamente
[2025-10-09 09:59:28] [INFO] [preload] Watcher iniciado: logger_config.json
[2025-10-09 09:59:28] [INFO] [envWatcher] Observando archivo .env en: C:\Users\User\Documents\Personal\LockeritDesk\configFiles\.env
[2025-10-09 09:59:28] [INFO] [envWatcher] Archivo .env cargado correctamente
[2025-10-09 09:59:28] [INFO] [preload] Watcher iniciado: .env
[2025-10-09 09:59:28] [INFO] [preload] API expuesta en window.electronAPI
[2025-10-09 09:59:28] [INFO] [main] Recibido auth actualizado
[2025-10-09 09:59:28] [INFO] [main] Recibido logger actualizado
[2025-10-09 09:59:28] [INFO] [main] Recibido env actualizado
[2025-10-09 10:02:39] [INFO] [main] Ventana cerrándose, deteniendo TTS...
[2025-10-09 10:02:40] [INFO] [main] Cerrando aplicación (todas las ventanas cerradas)
[2025-10-09 20:13:21] [INFO] [main] Iniciando aplicación Electron
[2025-10-09 20:13:21] [INFO] [main] .env cargado desde C:\Users\User\Documents\Personal\LockeritDesk\configFiles\.env
[2025-10-09 20:13:21] [INFO] [main] App lista, creando ventana...
[2025-10-09 20:13:21] [INFO] [main] Creando ventana principal...
[2025-10-09 20:13:21] [INFO] [main] Cargando URL: http://localhost:5173
[2025-10-09 20:13:22] [INFO] [main] Recibido config actualizado
[2025-10-09 20:13:22] [INFO] [main] Recibido auth actualizado
[2025-10-09 20:13:22] [INFO] [main] Recibido logger actualizado
[2025-10-09 20:13:22] [INFO] [main] Recibido env actualizado
[2025-10-09 20:13:22] [INFO] [preload] Inicializando preload.js
[2025-10-09 20:13:22] [INFO] [setupWatcher] Observando archivo setup_config.json en: C:\Users\User\Documents\Personal\LockeritDesk\configFiles\setup_config.json
[2025-10-09 20:13:22] [INFO] [setupWatcher] Archivo setup_config.json cargado correctamente
[2025-10-09 20:13:22] [INFO] [preload] Watcher iniciado: setup_config.json
[2025-10-09 20:13:22] [INFO] [authWatcher] Observando archivo auth_key.json en: C:\Users\User\Documents\Personal\LockeritDesk\configFiles\auth_key.json
[2025-10-09 20:13:22] [INFO] [authWatcher] auth_key.json actualizado correctamente
[2025-10-09 20:13:22] [INFO] [preload] Watcher iniciado: auth_key.json
[2025-10-09 20:13:22] [INFO] [loggerWatcher] Observando archivo logger_config.json en: C:\Users\User\Documents\Personal\LockeritDesk\configFiles\logger_config.json
[2025-10-09 20:13:22] [INFO] [loggerWatcher] Archivo logger_config.json cargado correctamente
[2025-10-09 20:13:22] [INFO] [preload] Watcher iniciado: logger_config.json
[2025-10-09 20:13:22] [INFO] [envWatcher] Observando archivo .env en: C:\Users\User\Documents\Personal\LockeritDesk\configFiles\.env
[2025-10-09 20:13:22] [INFO] [envWatcher] Archivo .env cargado correctamente
[2025-10-09 20:13:22] [INFO] [preload] Watcher iniciado: .env
[2025-10-09 20:13:22] [INFO] [preload] API expuesta en window.electronAPI
[2025-10-09 20:13:26] [INFO] [main] [axiosConfig] API BaseURL Inicial: http://localhost:8080
[2025-10-09 20:13:26] [INFO] [main] [axiosConfig] API BaseTimeout Inicial: 30
[2025-10-09 20:13:26] [INFO] [main] [configStore] Configuración actualizada
[2025-10-09 20:13:26] [INFO] [main] [configStore] config_key.json inicial cargado exitosamente
[2025-10-09 20:13:26] [INFO] [main] [envStore] ENV inicial cargado correctamente
[2025-10-09 20:13:26] [INFO] [main] [envStore] ENV actualizado
[2025-10-09 20:13:26] [INFO] [main] [axiosConfig] API BaseTimeout actualizada dinámicamente: 30
[2025-10-09 20:13:26] [INFO] [main] [assignLocker] API BaseTimeout actualizada dinámicamente: 30
[2025-10-09 20:13:26] [INFO] [main] [authStore] Auth actualizado
[2025-10-09 20:13:26] [INFO] [main] [authStore] auth_key.json inicial cargado exitosamente
[2025-10-09 20:13:26] [INFO] [main] CSP cambió, enviando al renderer
[2025-10-09 20:13:26] [INFO] [main] get-screen-data-once -> 1920x1048 factor=0.97
[2025-10-09 20:13:26] [INFO] [main] [login] Usuario autenticado en sesión principal, redirigiendo a /ppal
[2025-10-09 20:13:26] [INFO] [main] [copyright] Versión cargada: 1.1.0
[2025-10-09 20:13:26] [INFO] [main] [app] Componente App montado
[2025-10-09 20:13:26] [INFO] [main] [app] Versión cargada: 1.1.0
[2025-10-09 20:13:26] [INFO] [main] [copyright] Versión cargada: 1.1.0
[2025-10-09 20:13:26] [INFO] [main] [app] Componente App montado
[2025-10-09 20:13:26] [INFO] [main] [app] Versión cargada: 1.1.0
[2025-10-09 20:13:26] [INFO] [main] [useConfig] Configuración inicial obtenida
[2025-10-09 20:13:26] [INFO] [main] [useConfig] Configuración inicial obtenida
[2025-10-09 20:13:26] [INFO] [main] [useConfig] Configuración inicial obtenida
[2025-10-09 20:13:26] [INFO] [main] [useConfig] Configuración inicial obtenida
[2025-10-09 20:13:26] [INFO] [main] [useConfig] Configuración inicial obtenida
[2025-10-09 20:13:26] [INFO] [main] [useConfig] Configuración inicial obtenida
[2025-10-09 20:13:26] [INFO] [main] [app] [Scheduler] Config cambió → reseteando localStorage
[2025-10-09 20:13:26] [INFO] [main] [scheduleReport] Ejecutando tarea programada [daily] con rango: 2025-10-08 → 2025-10-08
[2025-10-09 20:13:26] [INFO] [main] [app] Generando payload en modo [local]
[2025-10-09 20:13:26] [INFO] [main] [app] Payload generado: {"startDate":"2025-10-08 05:00:00","endDate":"2025-10-09 04:59:59","sendEmail":true}
[2025-10-09 20:13:26] [INFO] [main] [reportLockers] Iniciando petición para obtener el reporte de casilleros
[2025-10-09 20:13:26] [INFO] [main] [reportLockers] Timeout efectivo en ejecución: 30000
[2025-10-09 20:13:26] [INFO] [main] [reportLockers] Intento 1: HOST -> http://localhost:8080
[2025-10-09 20:13:26] [INFO] [main] [reportLockers] Intento 1: URL -> /api/lockers/report
[2025-10-09 20:13:26] [INFO] [main] [reportLockers] Intento 1: Request -> {"startDate":"2025-10-08 05:00:00","endDate":"2025-10-09 04:59:59","sendEmail":true}
[2025-10-09 20:13:26] [INFO] [main] [scheduleReport] Ejecutando tarea programada [weekly] con rango: 2025-09-29 → 2025-10-05
[2025-10-09 20:13:26] [INFO] [main] [app] Generando payload en modo [local]
[2025-10-09 20:13:26] [INFO] [main] [app] Payload generado: {"startDate":"2025-09-29 05:00:00","endDate":"2025-10-06 04:59:59","sendEmail":true}
[2025-10-09 20:13:26] [INFO] [main] [reportLockers] Iniciando petición para obtener el reporte de casilleros
[2025-10-09 20:13:26] [INFO] [main] [reportLockers] Timeout efectivo en ejecución: 30000
[2025-10-09 20:13:26] [INFO] [main] [reportLockers] Intento 1: HOST -> http://localhost:8080
[2025-10-09 20:13:26] [INFO] [main] [reportLockers] Intento 1: URL -> /api/lockers/report
[2025-10-09 20:13:26] [INFO] [main] [reportLockers] Intento 1: Request -> {"startDate":"2025-09-29 05:00:00","endDate":"2025-10-06 04:59:59","sendEmail":true}
[2025-10-09 20:13:26] [INFO] [main] [scheduleReport] Ejecutando tarea programada [monthly] con rango: 2025-09-01 → 2025-09-30
[2025-10-09 20:13:26] [INFO] [main] [app] Generando payload en modo [local]
[2025-10-09 20:13:26] [INFO] [main] [app] Payload generado: {"startDate":"2025-09-01 05:00:00","endDate":"2025-10-01 04:59:59","sendEmail":true}
[2025-10-09 20:13:26] [INFO] [main] [reportLockers] Iniciando petición para obtener el reporte de casilleros
[2025-10-09 20:13:26] [INFO] [main] [reportLockers] Timeout efectivo en ejecución: 30000
[2025-10-09 20:13:26] [INFO] [main] [reportLockers] Intento 1: HOST -> http://localhost:8080
[2025-10-09 20:13:26] [INFO] [main] [reportLockers] Intento 1: URL -> /api/lockers/report
[2025-10-09 20:13:26] [INFO] [main] [reportLockers] Intento 1: Request -> {"startDate":"2025-09-01 05:00:00","endDate":"2025-10-01 04:59:59","sendEmail":true}
[2025-10-09 20:13:26] [INFO] [main] [statusLockers] Iniciando petición para obtener casilleros disponibles
[2025-10-09 20:13:26] [INFO] [main] [statusLockers] Timeout efectivo en ejecución: 30000
[2025-10-09 20:13:26] [INFO] [main] [statusLockers] Intento 1: HOST -> http://localhost:8080
[2025-10-09 20:13:26] [INFO] [main] [statusLockers] Intento 1: URL -> /api/lockers/get-all-status
[2025-10-09 20:13:26] [INFO] [main] [statusLockers] Iniciando petición para obtener casilleros disponibles
[2025-10-09 20:13:26] [INFO] [main] [statusLockers] Timeout efectivo en ejecución: 30000
[2025-10-09 20:13:26] [INFO] [main] [statusLockers] Intento 1: HOST -> http://localhost:8080
[2025-10-09 20:13:26] [INFO] [main] [statusLockers] Intento 1: URL -> /api/lockers/get-all-status
[2025-10-09 20:13:26] [INFO] [main] [useConfig] Configuración inicial obtenida
[2025-10-09 20:13:26] [INFO] [main] [useConfig] Configuración inicial obtenida
[2025-10-09 20:13:26] [INFO] [main] [useConfig] Configuración inicial obtenida
[2025-10-09 20:13:26] [INFO] [main] [useConfig] Configuración inicial obtenida
[2025-10-09 20:13:27] [INFO] [main] [reportLockers] Response. Status: 200
[2025-10-09 20:13:27] [INFO] [main] [reportLockers] Response. Data: [{"ID":1,"LockerID":"1","LockerCode":"A1","Phone":"3333333333","PIN":"0000","Active":false,"StartTime":"2025-08-15T15:31:15Z","EndTime":"2025-08-15T15:31:15Z","AmountPaid":1500,"OpenBy":""},{"ID":2,"LockerID":"2","LockerCode":"A2","Phone":"3333333333","PIN":"0000","Active":false,"StartTime":"2025-08-15T15:31:16Z","EndTime":"2025-08-15T15:31:17Z","AmountPaid":1500,"OpenBy":""},{"ID":3,"LockerID":"3","LockerCode":"A3","Phone":"3333333333","PIN":"0000","Active":false,"StartTime":"2025-08-15T15:31:18Z","EndTime":"2025-08-15T15:31:18Z","AmountPaid":1500,"OpenBy":""},{"ID":4,"LockerID":"4","LockerCode":"A4","Phone":"3333333333","PIN":"0000","Active":false,"StartTime":"2025-08-15T15:31:19Z","EndTime":"2025-08-15T15:31:20Z","AmountPaid":1500,"OpenBy":""},{"ID":5,"LockerID":"5","LockerCode":"A5","Phone":"3333333333","PIN":"0000","Active":false,"StartTime":"2025-08-15T15:31:21Z","EndTime":"2025-08-15T15:31:22Z","AmountPaid":1500,"OpenBy":""},{"ID":6,"LockerID":"35","LockerCode":"D5","Phone":"3444444444","PIN":"0000","Active":false,"StartTime":"2025-08-15T15:33:43Z","EndTime":"2025-08-15T15:55:28Z","AmountPaid":1500,"OpenBy":"local"},{"ID":7,"LockerID":"25","LockerCode":"C5","Phone":"3555555555","PIN":"0000","Active":false,"StartTime":"2025-08-15T15:35:10Z","EndTime":"2025-08-15T15:35:10Z","AmountPaid":1500,"OpenBy":""},{"ID":8,"LockerID":"17","LockerCode":"B7","Phone":"3555555555","PIN":"0000","Active":false,"StartTime":"2025-08-15T15:35:11Z","EndTime":"2025-08-15T15:35:12Z","AmountPaid":1500,"OpenBy":""},{"ID":9,"LockerID":"36","LockerCode":"D6","Phone":"3555555555","PIN":"0000","Active":false,"StartTime":"2025-08-15T15:35:13Z","EndTime":"2025-08-15T15:55:29Z","AmountPaid":1500,"OpenBy":"local"},{"ID":10,"LockerID":"40","LockerCode":"D10","Phone":"3000000000","PIN":"0000","Active":false,"StartTime":"2025-08-15T15:36:09Z","EndTime":"2025-08-15T15:48:11Z","AmountPaid":1500,"OpenBy":"user"},{"ID":11,"LockerID":"18","LockerCode":"B8","Phone":"3333333333","PIN":"3333","Active":false,"StartTime":"2025-08-15T15:36:50Z","EndTime":"2025-08-15T15:36:50Z","AmountPaid":1500,"OpenBy":""},{"ID":12,"LockerID":"11","LockerCode":"B1","Phone":"3333333333","PIN":"3333","Active":false,"StartTime":"2025-08-15T15:36:52Z","EndTime":"2025-08-15T15:36:54Z","AmountPaid":1500,"OpenBy":""},{"ID":13,"LockerID":"6","LockerCode":"A6","Phone":"3333333333","PIN":"3333","Active":false,"StartTime":"2025-08-15T15:36:55Z","EndTime":"2025-08-15T15:36:55Z","AmountPaid":1500,"OpenBy":""},{"ID":14,"LockerID":"20","LockerCode":"B10","Phone":"3333333333","PIN":"3333","Active":false,"StartTime":"2025-08-15T15:36:56Z","EndTime":"2025-08-15T15:36:57Z","AmountPaid":1500,"OpenBy":""},{"ID":15,"LockerID":"4","LockerCode":"D4","Phone":"3333333333","PIN":"3333","Active":false,"StartTime":"2025-08-15T15:36:58Z","EndTime":"2025-08-15T15:55:28Z","AmountPaid":1500,"OpenBy":"local"},{"ID":16,"LockerID":"26","LockerCode":"C6","Phone":"3666666666","PIN":"0000","Active":false,"StartTime":"2025-08-15T15:38:43Z","EndTime":"2025-08-15T15:38:43Z","AmountPaid":1500,"OpenBy":""},{"ID":17,"LockerID":"14","LockerCode":"B4","Phone":"3666666666","PIN":"0000","Active":false,"StartTime":"2025-08-15T15:38:44Z","EndTime":"2025-08-15T15:38:45Z","AmountPaid":1500,"OpenBy":""},{"ID":18,"LockerID":"7","LockerCode":"A7","Phone":"3666666666","PIN":"0000","Active":false,"StartTime":"2025-08-15T15:38:46Z","EndTime":"2025-08-15T15:38:46Z","AmountPaid":1500,"OpenBy":""},{"ID":19,"LockerID":"23","LockerCode":"C3","Phone":"3666666666","PIN":"0000","Active":false,"StartTime":"2025-08-15T15:39:46Z","EndTime":"2025-08-15T15:39:47Z","AmountPaid":1500,"OpenBy":""},{"ID":20,"LockerID":"30","LockerCode":"C10","Phone":"3666666666","PIN":"0000","Active":false,"StartTime":"2025-08-15T15:39:48Z","EndTime":"2025-08-15T15:39:48Z","AmountPaid":1500,"OpenBy":""},{"ID":21,"LockerID":"12","LockerCode":"B2","Phone":"3666666666","PIN":"0000","Active":false,"StartTime":"2025-08-15T15:39:49Z","EndTime":"2025-08-15T15:39:50Z","AmountPaid":1500,"OpenBy":""},{"ID":22,"LockerID":"39","LockerCode":"D9","Phone":"3666666666","PIN":"0000","Active":false,"StartTime":"2025-08-15T15:39:51Z","EndTime":"2025-08-15T15:55:36Z","AmountPaid":1500,"OpenBy":"local"},{"ID":23,"LockerID":"9","LockerCode":"A9","Phone":"3222222222","PIN":"0000","Active":false,"StartTime":"2025-08-15T15:40:29Z","EndTime":"2025-08-15T15:40:30Z","AmountPaid":1500,"OpenBy":""},{"ID":24,"LockerID":"14","LockerCode":"B4","Phone":"3222222222","PIN":"0000","Active":false,"StartTime":"2025-08-15T15:40:31Z","EndTime":"2025-08-15T15:40:32Z","AmountPaid":1500,"OpenBy":""},{"ID":25,"LockerID":"22","LockerCode":"C2","Phone":"3222222222","PIN":"0000","Active":false,"StartTime":"2025-08-15T15:40:33Z","EndTime":"2025-08-15T15:40:33Z","AmountPaid":1500,"OpenBy":""},{"ID":26,"LockerID":"27","LockerCode":"C7","Phone":"3222222222","PIN":"0000","Active":false,"StartTime":"2025-08-15T15:40:34Z","EndTime":"2025-08-15T15:40:35Z","AmountPaid":1500,"OpenBy":""},{"ID":27,"LockerID":"37","LockerCode":"D7","Phone":"3222222222","PIN":"0000","Active":false,"StartTime":"2025-08-15T15:40:36Z","EndTime":"2025-08-15T15:55:29Z","AmountPaid":1500,"OpenBy":"local"},{"ID":28,"LockerID":"13","LockerCode":"B3","Phone":"3111111111","PIN":"0000","Active":false,"StartTime":"2025-08-15T15:41:34Z","EndTime":"2025-08-15T15:41:35Z","AmountPaid":1500,"OpenBy":""},{"ID":29,"LockerID":"8","LockerCode":"A8","Phone":"3111111111","PIN":"0000","Active":false,"StartTime":"2025-08-15T15:41:36Z","EndTime":"2025-08-15T15:41:36Z","AmountPaid":1500,"OpenBy":""},{"ID":30,"LockerID":"16","LockerCode":"B6","Phone":"3111111111","PIN":"0000","Active":false,"StartTime":"2025-08-15T15:41:37Z","EndTime":"2025-08-15T15:41:38Z","AmountPaid":1500,"OpenBy":""},{"ID":31,"LockerID":"19","LockerCode":"B9","Phone":"3111111111","PIN":"0000","Active":false,"StartTime":"2025-08-15T15:41:39Z","EndTime":"2025-08-15T15:41:39Z","AmountPaid":1500,"OpenBy":""},{"ID":32,"LockerID":"39","LockerCode":"D9","Phone":"3111111111","PIN":"0000","Active":false,"StartTime":"2025-08-15T15:41:40Z","EndTime":"2025-08-15T15:50:49Z","AmountPaid":1500,"OpenBy":"user"},{"ID":33,"LockerID":"29","LockerCode":"C9","Phone":"3888888888","PIN":"0000","Active":false,"StartTime":"2025-08-15T15:44:15Z","EndTime":"2025-08-15T15:44:15Z","AmountPaid":1500,"OpenBy":""},{"ID":34,"LockerID":"21","LockerCode":"C1","Phone":"3888888888","PIN":"0000","Active":false,"StartTime":"2025-08-15T15:44:16Z","EndTime":"2025-08-15T15:44:17Z","AmountPaid":1500,"OpenBy":""},{"ID":35,"LockerID":"10","LockerCode":"A10","Phone":"3888888888","PIN":"0000","Active":false,"StartTime":"2025-08-15T15:44:18Z","EndTime":"2025-08-15T15:44:18Z","AmountPaid":1500,"OpenBy":""},{"ID":36,"LockerID":"15","LockerCode":"B5","Phone":"3888888888","PIN":"0000","Active":false,"StartTime":"2025-08-15T15:44:19Z","EndTime":"2025-08-15T15:44:20Z","AmountPaid":1500,"OpenBy":""},{"ID":37,"LockerID":"38","LockerCode":"D8","Phone":"3888888888","PIN":"0000","Active":false,"StartTime":"2025-08-15T15:44:21Z","EndTime":"2025-08-15T15:44:22Z","AmountPaid":1500,"OpenBy":""},{"ID":38,"LockerID":"28","LockerCode":"C8","Phone":"3888888888","PIN":"0000","Active":false,"StartTime":"2025-08-15T15:44:48Z","EndTime":"2025-08-15T15:44:49Z","AmountPaid":1500,"OpenBy":""},{"ID":39,"LockerID":"40","LockerCode":"D10","Phone":"3888888888","PIN":"0000","Active":false,"StartTime":"2025-08-15T15:50:15Z","EndTime":"2025-08-15T15:55:37Z","AmountPaid":1500,"OpenBy":"local"},{"ID":40,"LockerID":"44","LockerCode":"D4","Phone":"3103192771","PIN":"0000","Active":false,"StartTime":"2025-08-15T20:16:16Z","EndTime":"2025-08-15T20:16:45Z","AmountPaid":1500,"OpenBy":"user"},{"ID":41,"LockerID":"38","LockerCode":"D8","Phone":"3103192771","PIN":"5555","Active":true,"StartTime":"2025-08-15T20:27:55Z","EndTime":null,"AmountPaid":1500,"OpenBy":""},{"ID":42,"LockerID":"37","LockerCode":"D7","Phone":"3103192772","PIN":"0000","Active":true,"StartTime":"2025-08-15T22:18:45Z","EndTime":null,"AmountPaid":1500,"OpenBy":""},{"ID":43,"LockerID":"35","LockerCode":"D5","Phone":"3444444444","PIN":"4444","Active":false,"StartTime":"2025-08-15T23:09:15Z","EndTime":"2025-08-15T23:09:31Z","AmountPaid":1500,"OpenBy":"user"}]
[2025-10-09 20:13:27] [INFO] [main] [app] Datos del reporte obtenidos: [{"ID":1,"LockerID":"1","LockerCode":"A1","Phone":"3333333333","PIN":"0000","Active":false,"StartTime":"2025-08-15T15:31:15Z","EndTime":"2025-08-15T15:31:15Z","AmountPaid":1500,"OpenBy":""},{"ID":2,"LockerID":"2","LockerCode":"A2","Phone":"3333333333","PIN":"0000","Active":false,"StartTime":"2025-08-15T15:31:16Z","EndTime":"2025-08-15T15:31:17Z","AmountPaid":1500,"OpenBy":""},{"ID":3,"LockerID":"3","LockerCode":"A3","Phone":"3333333333","PIN":"0000","Active":false,"StartTime":"2025-08-15T15:31:18Z","EndTime":"2025-08-15T15:31:18Z","AmountPaid":1500,"OpenBy":""},{"ID":4,"LockerID":"4","LockerCode":"A4","Phone":"3333333333","PIN":"0000","Active":false,"StartTime":"2025-08-15T15:31:19Z","EndTime":"2025-08-15T15:31:20Z","AmountPaid":1500,"OpenBy":""},{"ID":5,"LockerID":"5","LockerCode":"A5","Phone":"3333333333","PIN":"0000","Active":false,"StartTime":"2025-08-15T15:31:21Z","EndTime":"2025-08-15T15:31:22Z","AmountPaid":1500,"OpenBy":""},{"ID":6,"LockerID":"35","LockerCode":"D5","Phone":"3444444444","PIN":"0000","Active":false,"StartTime":"2025-08-15T15:33:43Z","EndTime":"2025-08-15T15:55:28Z","AmountPaid":1500,"OpenBy":"local"},{"ID":7,"LockerID":"25","LockerCode":"C5","Phone":"3555555555","PIN":"0000","Active":false,"StartTime":"2025-08-15T15:35:10Z","EndTime":"2025-08-15T15:35:10Z","AmountPaid":1500,"OpenBy":""},{"ID":8,"LockerID":"17","LockerCode":"B7","Phone":"3555555555","PIN":"0000","Active":false,"StartTime":"2025-08-15T15:35:11Z","EndTime":"2025-08-15T15:35:12Z","AmountPaid":1500,"OpenBy":""},{"ID":9,"LockerID":"36","LockerCode":"D6","Phone":"3555555555","PIN":"0000","Active":false,"StartTime":"2025-08-15T15:35:13Z","EndTime":"2025-08-15T15:55:29Z","AmountPaid":1500,"OpenBy":"local"},{"ID":10,"LockerID":"40","LockerCode":"D10","Phone":"3000000000","PIN":"0000","Active":false,"StartTime":"2025-08-15T15:36:09Z","EndTime":"2025-08-15T15:48:11Z","AmountPaid":1500,"OpenBy":"user"},{"ID":11,"LockerID":"18","LockerCode":"B8","Phone":"3333333333","PIN":"3333","Active":false,"StartTime":"2025-08-15T15:36:50Z","EndTime":"2025-08-15T15:36:50Z","AmountPaid":1500,"OpenBy":""},{"ID":12,"LockerID":"11","LockerCode":"B1","Phone":"3333333333","PIN":"3333","Active":false,"StartTime":"2025-08-15T15:36:52Z","EndTime":"2025-08-15T15:36:54Z","AmountPaid":1500,"OpenBy":""},{"ID":13,"LockerID":"6","LockerCode":"A6","Phone":"3333333333","PIN":"3333","Active":false,"StartTime":"2025-08-15T15:36:55Z","EndTime":"2025-08-15T15:36:55Z","AmountPaid":1500,"OpenBy":""},{"ID":14,"LockerID":"20","LockerCode":"B10","Phone":"3333333333","PIN":"3333","Active":false,"StartTime":"2025-08-15T15:36:56Z","EndTime":"2025-08-15T15:36:57Z","AmountPaid":1500,"OpenBy":""},{"ID":15,"LockerID":"4","LockerCode":"D4","Phone":"3333333333","PIN":"3333","Active":false,"StartTime":"2025-08-15T15:36:58Z","EndTime":"2025-08-15T15:55:28Z","AmountPaid":1500,"OpenBy":"local"},{"ID":16,"LockerID":"26","LockerCode":"C6","Phone":"3666666666","PIN":"0000","Active":false,"StartTime":"2025-08-15T15:38:43Z","EndTime":"2025-08-15T15:38:43Z","AmountPaid":1500,"OpenBy":""},{"ID":17,"LockerID":"14","LockerCode":"B4","Phone":"3666666666","PIN":"0000","Active":false,"StartTime":"2025-08-15T15:38:44Z","EndTime":"2025-08-15T15:38:45Z","AmountPaid":1500,"OpenBy":""},{"ID":18,"LockerID":"7","LockerCode":"A7","Phone":"3666666666","PIN":"0000","Active":false,"StartTime":"2025-08-15T15:38:46Z","EndTime":"2025-08-15T15:38:46Z","AmountPaid":1500,"OpenBy":""},{"ID":19,"LockerID":"23","LockerCode":"C3","Phone":"3666666666","PIN":"0000","Active":false,"StartTime":"2025-08-15T15:39:46Z","EndTime":"2025-08-15T15:39:47Z","AmountPaid":1500,"OpenBy":""},{"ID":20,"LockerID":"30","LockerCode":"C10","Phone":"3666666666","PIN":"0000","Active":false,"StartTime":"2025-08-15T15:39:48Z","EndTime":"2025-08-15T15:39:48Z","AmountPaid":1500,"OpenBy":""},{"ID":21,"LockerID":"12","LockerCode":"B2","Phone":"3666666666","PIN":"0000","Active":false,"StartTime":"2025-08-15T15:39:49Z","EndTime":"2025-08-15T15:39:50Z","AmountPaid":1500,"OpenBy":""},{"ID":22,"LockerID":"39","LockerCode":"D9","Phone":"3666666666","PIN":"0000","Active":false,"StartTime":"2025-08-15T15:39:51Z","EndTime":"2025-08-15T15:55:36Z","AmountPaid":1500,"OpenBy":"local"},{"ID":23,"LockerID":"9","LockerCode":"A9","Phone":"3222222222","PIN":"0000","Active":false,"StartTime":"2025-08-15T15:40:29Z","EndTime":"2025-08-15T15:40:30Z","AmountPaid":1500,"OpenBy":""},{"ID":24,"LockerID":"14","LockerCode":"B4","Phone":"3222222222","PIN":"0000","Active":false,"StartTime":"2025-08-15T15:40:31Z","EndTime":"2025-08-15T15:40:32Z","AmountPaid":1500,"OpenBy":""},{"ID":25,"LockerID":"22","LockerCode":"C2","Phone":"3222222222","PIN":"0000","Active":false,"StartTime":"2025-08-15T15:40:33Z","EndTime":"2025-08-15T15:40:33Z","AmountPaid":1500,"OpenBy":""},{"ID":26,"LockerID":"27","LockerCode":"C7","Phone":"3222222222","PIN":"0000","Active":false,"StartTime":"2025-08-15T15:40:34Z","EndTime":"2025-08-15T15:40:35Z","AmountPaid":1500,"OpenBy":""},{"ID":27,"LockerID":"37","LockerCode":"D7","Phone":"3222222222","PIN":"0000","Active":false,"StartTime":"2025-08-15T15:40:36Z","EndTime":"2025-08-15T15:55:29Z","AmountPaid":1500,"OpenBy":"local"},{"ID":28,"LockerID":"13","LockerCode":"B3","Phone":"3111111111","PIN":"0000","Active":false,"StartTime":"2025-08-15T15:41:34Z","EndTime":"2025-08-15T15:41:35Z","AmountPaid":1500,"OpenBy":""},{"ID":29,"LockerID":"8","LockerCode":"A8","Phone":"3111111111","PIN":"0000","Active":false,"StartTime":"2025-08-15T15:41:36Z","EndTime":"2025-08-15T15:41:36Z","AmountPaid":1500,"OpenBy":""},{"ID":30,"LockerID":"16","LockerCode":"B6","Phone":"3111111111","PIN":"0000","Active":false,"StartTime":"2025-08-15T15:41:37Z","EndTime":"2025-08-15T15:41:38Z","AmountPaid":1500,"OpenBy":""},{"ID":31,"LockerID":"19","LockerCode":"B9","Phone":"3111111111","PIN":"0000","Active":false,"StartTime":"2025-08-15T15:41:39Z","EndTime":"2025-08-15T15:41:39Z","AmountPaid":1500,"OpenBy":""},{"ID":32,"LockerID":"39","LockerCode":"D9","Phone":"3111111111","PIN":"0000","Active":false,"StartTime":"2025-08-15T15:41:40Z","EndTime":"2025-08-15T15:50:49Z","AmountPaid":1500,"OpenBy":"user"},{"ID":33,"LockerID":"29","LockerCode":"C9","Phone":"3888888888","PIN":"0000","Active":false,"StartTime":"2025-08-15T15:44:15Z","EndTime":"2025-08-15T15:44:15Z","AmountPaid":1500,"OpenBy":""},{"ID":34,"LockerID":"21","LockerCode":"C1","Phone":"3888888888","PIN":"0000","Active":false,"StartTime":"2025-08-15T15:44:16Z","EndTime":"2025-08-15T15:44:17Z","AmountPaid":1500,"OpenBy":""},{"ID":35,"LockerID":"10","LockerCode":"A10","Phone":"3888888888","PIN":"0000","Active":false,"StartTime":"2025-08-15T15:44:18Z","EndTime":"2025-08-15T15:44:18Z","AmountPaid":1500,"OpenBy":""},{"ID":36,"LockerID":"15","LockerCode":"B5","Phone":"3888888888","PIN":"0000","Active":false,"StartTime":"2025-08-15T15:44:19Z","EndTime":"2025-08-15T15:44:20Z","AmountPaid":1500,"OpenBy":""},{"ID":37,"LockerID":"38","LockerCode":"D8","Phone":"3888888888","PIN":"0000","Active":false,"StartTime":"2025-08-15T15:44:21Z","EndTime":"2025-08-15T15:44:22Z","AmountPaid":1500,"OpenBy":""},{"ID":38,"LockerID":"28","LockerCode":"C8","Phone":"3888888888","PIN":"0000","Active":false,"StartTime":"2025-08-15T15:44:48Z","EndTime":"2025-08-15T15:44:49Z","AmountPaid":1500,"OpenBy":""},{"ID":39,"LockerID":"40","LockerCode":"D10","Phone":"3888888888","PIN":"0000","Active":false,"StartTime":"2025-08-15T15:50:15Z","EndTime":"2025-08-15T15:55:37Z","AmountPaid":1500,"OpenBy":"local"},{"ID":40,"LockerID":"44","LockerCode":"D4","Phone":"3103192771","PIN":"0000","Active":false,"StartTime":"2025-08-15T20:16:16Z","EndTime":"2025-08-15T20:16:45Z","AmountPaid":1500,"OpenBy":"user"},{"ID":41,"LockerID":"38","LockerCode":"D8","Phone":"3103192771","PIN":"5555","Active":true,"StartTime":"2025-08-15T20:27:55Z","EndTime":null,"AmountPaid":1500,"OpenBy":""},{"ID":42,"LockerID":"37","LockerCode":"D7","Phone":"3103192772","PIN":"0000","Active":true,"StartTime":"2025-08-15T22:18:45Z","EndTime":null,"AmountPaid":1500,"OpenBy":""},{"ID":43,"LockerID":"35","LockerCode":"D5","Phone":"3444444444","PIN":"4444","Active":false,"StartTime":"2025-08-15T23:09:15Z","EndTime":"2025-08-15T23:09:31Z","AmountPaid":1500,"OpenBy":"user"}]
[2025-10-09 20:13:27] [INFO] [main] [scheduleReport] Actualizando ejecución → Real: 2025-10-09 20:13:27 | Próximo target: 2025-10-13 00:10:00
[2025-10-09 20:13:27] [INFO] [main] [scheduleReport] Tarea ejecutada correctamente
[2025-10-09 20:13:27] [INFO] [main] [reportLockers] Response. Status: 200
[2025-10-09 20:13:27] [INFO] [main] [reportLockers] Response. Data: [{"ID":1,"LockerID":"1","LockerCode":"A1","Phone":"3333333333","PIN":"0000","Active":false,"StartTime":"2025-08-15T15:31:15Z","EndTime":"2025-08-15T15:31:15Z","AmountPaid":1500,"OpenBy":""},{"ID":2,"LockerID":"2","LockerCode":"A2","Phone":"3333333333","PIN":"0000","Active":false,"StartTime":"2025-08-15T15:31:16Z","EndTime":"2025-08-15T15:31:17Z","AmountPaid":1500,"OpenBy":""},{"ID":3,"LockerID":"3","LockerCode":"A3","Phone":"3333333333","PIN":"0000","Active":false,"StartTime":"2025-08-15T15:31:18Z","EndTime":"2025-08-15T15:31:18Z","AmountPaid":1500,"OpenBy":""},{"ID":4,"LockerID":"4","LockerCode":"A4","Phone":"3333333333","PIN":"0000","Active":false,"StartTime":"2025-08-15T15:31:19Z","EndTime":"2025-08-15T15:31:20Z","AmountPaid":1500,"OpenBy":""},{"ID":5,"LockerID":"5","LockerCode":"A5","Phone":"3333333333","PIN":"0000","Active":false,"StartTime":"2025-08-15T15:31:21Z","EndTime":"2025-08-15T15:31:22Z","AmountPaid":1500,"OpenBy":""},{"ID":6,"LockerID":"35","LockerCode":"D5","Phone":"3444444444","PIN":"0000","Active":false,"StartTime":"2025-08-15T15:33:43Z","EndTime":"2025-08-15T15:55:28Z","AmountPaid":1500,"OpenBy":"local"},{"ID":7,"LockerID":"25","LockerCode":"C5","Phone":"3555555555","PIN":"0000","Active":false,"StartTime":"2025-08-15T15:35:10Z","EndTime":"2025-08-15T15:35:10Z","AmountPaid":1500,"OpenBy":""},{"ID":8,"LockerID":"17","LockerCode":"B7","Phone":"3555555555","PIN":"0000","Active":false,"StartTime":"2025-08-15T15:35:11Z","EndTime":"2025-08-15T15:35:12Z","AmountPaid":1500,"OpenBy":""},{"ID":9,"LockerID":"36","LockerCode":"D6","Phone":"3555555555","PIN":"0000","Active":false,"StartTime":"2025-08-15T15:35:13Z","EndTime":"2025-08-15T15:55:29Z","AmountPaid":1500,"OpenBy":"local"},{"ID":10,"LockerID":"40","LockerCode":"D10","Phone":"3000000000","PIN":"0000","Active":false,"StartTime":"2025-08-15T15:36:09Z","EndTime":"2025-08-15T15:48:11Z","AmountPaid":1500,"OpenBy":"user"},{"ID":11,"LockerID":"18","LockerCode":"B8","Phone":"3333333333","PIN":"3333","Active":false,"StartTime":"2025-08-15T15:36:50Z","EndTime":"2025-08-15T15:36:50Z","AmountPaid":1500,"OpenBy":""},{"ID":12,"LockerID":"11","LockerCode":"B1","Phone":"3333333333","PIN":"3333","Active":false,"StartTime":"2025-08-15T15:36:52Z","EndTime":"2025-08-15T15:36:54Z","AmountPaid":1500,"OpenBy":""},{"ID":13,"LockerID":"6","LockerCode":"A6","Phone":"3333333333","PIN":"3333","Active":false,"StartTime":"2025-08-15T15:36:55Z","EndTime":"2025-08-15T15:36:55Z","AmountPaid":1500,"OpenBy":""},{"ID":14,"LockerID":"20","LockerCode":"B10","Phone":"3333333333","PIN":"3333","Active":false,"StartTime":"2025-08-15T15:36:56Z","EndTime":"2025-08-15T15:36:57Z","AmountPaid":1500,"OpenBy":""},{"ID":15,"LockerID":"4","LockerCode":"D4","Phone":"3333333333","PIN":"3333","Active":false,"StartTime":"2025-08-15T15:36:58Z","EndTime":"2025-08-15T15:55:28Z","AmountPaid":1500,"OpenBy":"local"},{"ID":16,"LockerID":"26","LockerCode":"C6","Phone":"3666666666","PIN":"0000","Active":false,"StartTime":"2025-08-15T15:38:43Z","EndTime":"2025-08-15T15:38:43Z","AmountPaid":1500,"OpenBy":""},{"ID":17,"LockerID":"14","LockerCode":"B4","Phone":"3666666666","PIN":"0000","Active":false,"StartTime":"2025-08-15T15:38:44Z","EndTime":"2025-08-15T15:38:45Z","AmountPaid":1500,"OpenBy":""},{"ID":18,"LockerID":"7","LockerCode":"A7","Phone":"3666666666","PIN":"0000","Active":false,"StartTime":"2025-08-15T15:38:46Z","EndTime":"2025-08-15T15:38:46Z","AmountPaid":1500,"OpenBy":""},{"ID":19,"LockerID":"23","LockerCode":"C3","Phone":"3666666666","PIN":"0000","Active":false,"StartTime":"2025-08-15T15:39:46Z","EndTime":"2025-08-15T15:39:47Z","AmountPaid":1500,"OpenBy":""},{"ID":20,"LockerID":"30","LockerCode":"C10","Phone":"3666666666","PIN":"0000","Active":false,"StartTime":"2025-08-15T15:39:48Z","EndTime":"2025-08-15T15:39:48Z","AmountPaid":1500,"OpenBy":""},{"ID":21,"LockerID":"12","LockerCode":"B2","Phone":"3666666666","PIN":"0000","Active":false,"StartTime":"2025-08-15T15:39:49Z","EndTime":"2025-08-15T15:39:50Z","AmountPaid":1500,"OpenBy":""},{"ID":22,"LockerID":"39","LockerCode":"D9","Phone":"3666666666","PIN":"0000","Active":false,"StartTime":"2025-08-15T15:39:51Z","EndTime":"2025-08-15T15:55:36Z","AmountPaid":1500,"OpenBy":"local"},{"ID":23,"LockerID":"9","LockerCode":"A9","Phone":"3222222222","PIN":"0000","Active":false,"StartTime":"2025-08-15T15:40:29Z","EndTime":"2025-08-15T15:40:30Z","AmountPaid":1500,"OpenBy":""},{"ID":24,"LockerID":"14","LockerCode":"B4","Phone":"3222222222","PIN":"0000","Active":false,"StartTime":"2025-08-15T15:40:31Z","EndTime":"2025-08-15T15:40:32Z","AmountPaid":1500,"OpenBy":""},{"ID":25,"LockerID":"22","LockerCode":"C2","Phone":"3222222222","PIN":"0000","Active":false,"StartTime":"2025-08-15T15:40:33Z","EndTime":"2025-08-15T15:40:33Z","AmountPaid":1500,"OpenBy":""},{"ID":26,"LockerID":"27","LockerCode":"C7","Phone":"3222222222","PIN":"0000","Active":false,"StartTime":"2025-08-15T15:40:34Z","EndTime":"2025-08-15T15:40:35Z","AmountPaid":1500,"OpenBy":""},{"ID":27,"LockerID":"37","LockerCode":"D7","Phone":"3222222222","PIN":"0000","Active":false,"StartTime":"2025-08-15T15:40:36Z","EndTime":"2025-08-15T15:55:29Z","AmountPaid":1500,"OpenBy":"local"},{"ID":28,"LockerID":"13","LockerCode":"B3","Phone":"3111111111","PIN":"0000","Active":false,"StartTime":"2025-08-15T15:41:34Z","EndTime":"2025-08-15T15:41:35Z","AmountPaid":1500,"OpenBy":""},{"ID":29,"LockerID":"8","LockerCode":"A8","Phone":"3111111111","PIN":"0000","Active":false,"StartTime":"2025-08-15T15:41:36Z","EndTime":"2025-08-15T15:41:36Z","AmountPaid":1500,"OpenBy":""},{"ID":30,"LockerID":"16","LockerCode":"B6","Phone":"3111111111","PIN":"0000","Active":false,"StartTime":"2025-08-15T15:41:37Z","EndTime":"2025-08-15T15:41:38Z","AmountPaid":1500,"OpenBy":""},{"ID":31,"LockerID":"19","LockerCode":"B9","Phone":"3111111111","PIN":"0000","Active":false,"StartTime":"2025-08-15T15:41:39Z","EndTime":"2025-08-15T15:41:39Z","AmountPaid":1500,"OpenBy":""},{"ID":32,"LockerID":"39","LockerCode":"D9","Phone":"3111111111","PIN":"0000","Active":false,"StartTime":"2025-08-15T15:41:40Z","EndTime":"2025-08-15T15:50:49Z","AmountPaid":1500,"OpenBy":"user"},{"ID":33,"LockerID":"29","LockerCode":"C9","Phone":"3888888888","PIN":"0000","Active":false,"StartTime":"2025-08-15T15:44:15Z","EndTime":"2025-08-15T15:44:15Z","AmountPaid":1500,"OpenBy":""},{"ID":34,"LockerID":"21","LockerCode":"C1","Phone":"3888888888","PIN":"0000","Active":false,"StartTime":"2025-08-15T15:44:16Z","EndTime":"2025-08-15T15:44:17Z","AmountPaid":1500,"OpenBy":""},{"ID":35,"LockerID":"10","LockerCode":"A10","Phone":"3888888888","PIN":"0000","Active":false,"StartTime":"2025-08-15T15:44:18Z","EndTime":"2025-08-15T15:44:18Z","AmountPaid":1500,"OpenBy":""},{"ID":36,"LockerID":"15","LockerCode":"B5","Phone":"3888888888","PIN":"0000","Active":false,"StartTime":"2025-08-15T15:44:19Z","EndTime":"2025-08-15T15:44:20Z","AmountPaid":1500,"OpenBy":""},{"ID":37,"LockerID":"38","LockerCode":"D8","Phone":"3888888888","PIN":"0000","Active":false,"StartTime":"2025-08-15T15:44:21Z","EndTime":"2025-08-15T15:44:22Z","AmountPaid":1500,"OpenBy":""},{"ID":38,"LockerID":"28","LockerCode":"C8","Phone":"3888888888","PIN":"0000","Active":false,"StartTime":"2025-08-15T15:44:48Z","EndTime":"2025-08-15T15:44:49Z","AmountPaid":1500,"OpenBy":""},{"ID":39,"LockerID":"40","LockerCode":"D10","Phone":"3888888888","PIN":"0000","Active":false,"StartTime":"2025-08-15T15:50:15Z","EndTime":"2025-08-15T15:55:37Z","AmountPaid":1500,"OpenBy":"local"},{"ID":40,"LockerID":"44","LockerCode":"D4","Phone":"3103192771","PIN":"0000","Active":false,"StartTime":"2025-08-15T20:16:16Z","EndTime":"2025-08-15T20:16:45Z","AmountPaid":1500,"OpenBy":"user"},{"ID":41,"LockerID":"38","LockerCode":"D8","Phone":"3103192771","PIN":"5555","Active":true,"StartTime":"2025-08-15T20:27:55Z","EndTime":null,"AmountPaid":1500,"OpenBy":""},{"ID":42,"LockerID":"37","LockerCode":"D7","Phone":"3103192772","PIN":"0000","Active":true,"StartTime":"2025-08-15T22:18:45Z","EndTime":null,"AmountPaid":1500,"OpenBy":""},{"ID":43,"LockerID":"35","LockerCode":"D5","Phone":"3444444444","PIN":"4444","Active":false,"StartTime":"2025-08-15T23:09:15Z","EndTime":"2025-08-15T23:09:31Z","AmountPaid":1500,"OpenBy":"user"}]
[2025-10-09 20:13:27] [INFO] [main] [app] Datos del reporte obtenidos: [{"ID":1,"LockerID":"1","LockerCode":"A1","Phone":"3333333333","PIN":"0000","Active":false,"StartTime":"2025-08-15T15:31:15Z","EndTime":"2025-08-15T15:31:15Z","AmountPaid":1500,"OpenBy":""},{"ID":2,"LockerID":"2","LockerCode":"A2","Phone":"3333333333","PIN":"0000","Active":false,"StartTime":"2025-08-15T15:31:16Z","EndTime":"2025-08-15T15:31:17Z","AmountPaid":1500,"OpenBy":""},{"ID":3,"LockerID":"3","LockerCode":"A3","Phone":"3333333333","PIN":"0000","Active":false,"StartTime":"2025-08-15T15:31:18Z","EndTime":"2025-08-15T15:31:18Z","AmountPaid":1500,"OpenBy":""},{"ID":4,"LockerID":"4","LockerCode":"A4","Phone":"3333333333","PIN":"0000","Active":false,"StartTime":"2025-08-15T15:31:19Z","EndTime":"2025-08-15T15:31:20Z","AmountPaid":1500,"OpenBy":""},{"ID":5,"LockerID":"5","LockerCode":"A5","Phone":"3333333333","PIN":"0000","Active":false,"StartTime":"2025-08-15T15:31:21Z","EndTime":"2025-08-15T15:31:22Z","AmountPaid":1500,"OpenBy":""},{"ID":6,"LockerID":"35","LockerCode":"D5","Phone":"3444444444","PIN":"0000","Active":false,"StartTime":"2025-08-15T15:33:43Z","EndTime":"2025-08-15T15:55:28Z","AmountPaid":1500,"OpenBy":"local"},{"ID":7,"LockerID":"25","LockerCode":"C5","Phone":"3555555555","PIN":"0000","Active":false,"StartTime":"2025-08-15T15:35:10Z","EndTime":"2025-08-15T15:35:10Z","AmountPaid":1500,"OpenBy":""},{"ID":8,"LockerID":"17","LockerCode":"B7","Phone":"3555555555","PIN":"0000","Active":false,"StartTime":"2025-08-15T15:35:11Z","EndTime":"2025-08-15T15:35:12Z","AmountPaid":1500,"OpenBy":""},{"ID":9,"LockerID":"36","LockerCode":"D6","Phone":"3555555555","PIN":"0000","Active":false,"StartTime":"2025-08-15T15:35:13Z","EndTime":"2025-08-15T15:55:29Z","AmountPaid":1500,"OpenBy":"local"},{"ID":10,"LockerID":"40","LockerCode":"D10","Phone":"3000000000","PIN":"0000","Active":false,"StartTime":"2025-08-15T15:36:09Z","EndTime":"2025-08-15T15:48:11Z","AmountPaid":1500,"OpenBy":"user"},{"ID":11,"LockerID":"18","LockerCode":"B8","Phone":"3333333333","PIN":"3333","Active":false,"StartTime":"2025-08-15T15:36:50Z","EndTime":"2025-08-15T15:36:50Z","AmountPaid":1500,"OpenBy":""},{"ID":12,"LockerID":"11","LockerCode":"B1","Phone":"3333333333","PIN":"3333","Active":false,"StartTime":"2025-08-15T15:36:52Z","EndTime":"2025-08-15T15:36:54Z","AmountPaid":1500,"OpenBy":""},{"ID":13,"LockerID":"6","LockerCode":"A6","Phone":"3333333333","PIN":"3333","Active":false,"StartTime":"2025-08-15T15:36:55Z","EndTime":"2025-08-15T15:36:55Z","AmountPaid":1500,"OpenBy":""},{"ID":14,"LockerID":"20","LockerCode":"B10","Phone":"3333333333","PIN":"3333","Active":false,"StartTime":"2025-08-15T15:36:56Z","EndTime":"2025-08-15T15:36:57Z","AmountPaid":1500,"OpenBy":""},{"ID":15,"LockerID":"4","LockerCode":"D4","Phone":"3333333333","PIN":"3333","Active":false,"StartTime":"2025-08-15T15:36:58Z","EndTime":"2025-08-15T15:55:28Z","AmountPaid":1500,"OpenBy":"local"},{"ID":16,"LockerID":"26","LockerCode":"C6","Phone":"3666666666","PIN":"0000","Active":false,"StartTime":"2025-08-15T15:38:43Z","EndTime":"2025-08-15T15:38:43Z","AmountPaid":1500,"OpenBy":""},{"ID":17,"LockerID":"14","LockerCode":"B4","Phone":"3666666666","PIN":"0000","Active":false,"StartTime":"2025-08-15T15:38:44Z","EndTime":"2025-08-15T15:38:45Z","AmountPaid":1500,"OpenBy":""},{"ID":18,"LockerID":"7","LockerCode":"A7","Phone":"3666666666","PIN":"0000","Active":false,"StartTime":"2025-08-15T15:38:46Z","EndTime":"2025-08-15T15:38:46Z","AmountPaid":1500,"OpenBy":""},{"ID":19,"LockerID":"23","LockerCode":"C3","Phone":"3666666666","PIN":"0000","Active":false,"StartTime":"2025-08-15T15:39:46Z","EndTime":"2025-08-15T15:39:47Z","AmountPaid":1500,"OpenBy":""},{"ID":20,"LockerID":"30","LockerCode":"C10","Phone":"3666666666","PIN":"0000","Active":false,"StartTime":"2025-08-15T15:39:48Z","EndTime":"2025-08-15T15:39:48Z","AmountPaid":1500,"OpenBy":""},{"ID":21,"LockerID":"12","LockerCode":"B2","Phone":"3666666666","PIN":"0000","Active":false,"StartTime":"2025-08-15T15:39:49Z","EndTime":"2025-08-15T15:39:50Z","AmountPaid":1500,"OpenBy":""},{"ID":22,"LockerID":"39","LockerCode":"D9","Phone":"3666666666","PIN":"0000","Active":false,"StartTime":"2025-08-15T15:39:51Z","EndTime":"2025-08-15T15:55:36Z","AmountPaid":1500,"OpenBy":"local"},{"ID":23,"LockerID":"9","LockerCode":"A9","Phone":"3222222222","PIN":"0000","Active":false,"StartTime":"2025-08-15T15:40:29Z","EndTime":"2025-08-15T15:40:30Z","AmountPaid":1500,"OpenBy":""},{"ID":24,"LockerID":"14","LockerCode":"B4","Phone":"3222222222","PIN":"0000","Active":false,"StartTime":"2025-08-15T15:40:31Z","EndTime":"2025-08-15T15:40:32Z","AmountPaid":1500,"OpenBy":""},{"ID":25,"LockerID":"22","LockerCode":"C2","Phone":"3222222222","PIN":"0000","Active":false,"StartTime":"2025-08-15T15:40:33Z","EndTime":"2025-08-15T15:40:33Z","AmountPaid":1500,"OpenBy":""},{"ID":26,"LockerID":"27","LockerCode":"C7","Phone":"3222222222","PIN":"0000","Active":false,"StartTime":"2025-08-15T15:40:34Z","EndTime":"2025-08-15T15:40:35Z","AmountPaid":1500,"OpenBy":""},{"ID":27,"LockerID":"37","LockerCode":"D7","Phone":"3222222222","PIN":"0000","Active":false,"StartTime":"2025-08-15T15:40:36Z","EndTime":"2025-08-15T15:55:29Z","AmountPaid":1500,"OpenBy":"local"},{"ID":28,"LockerID":"13","LockerCode":"B3","Phone":"3111111111","PIN":"0000","Active":false,"StartTime":"2025-08-15T15:41:34Z","EndTime":"2025-08-15T15:41:35Z","AmountPaid":1500,"OpenBy":""},{"ID":29,"LockerID":"8","LockerCode":"A8","Phone":"3111111111","PIN":"0000","Active":false,"StartTime":"2025-08-15T15:41:36Z","EndTime":"2025-08-15T15:41:36Z","AmountPaid":1500,"OpenBy":""},{"ID":30,"LockerID":"16","LockerCode":"B6","Phone":"3111111111","PIN":"0000","Active":false,"StartTime":"2025-08-15T15:41:37Z","EndTime":"2025-08-15T15:41:38Z","AmountPaid":1500,"OpenBy":""},{"ID":31,"LockerID":"19","LockerCode":"B9","Phone":"3111111111","PIN":"0000","Active":false,"StartTime":"2025-08-15T15:41:39Z","EndTime":"2025-08-15T15:41:39Z","AmountPaid":1500,"OpenBy":""},{"ID":32,"LockerID":"39","LockerCode":"D9","Phone":"3111111111","PIN":"0000","Active":false,"StartTime":"2025-08-15T15:41:40Z","EndTime":"2025-08-15T15:50:49Z","AmountPaid":1500,"OpenBy":"user"},{"ID":33,"LockerID":"29","LockerCode":"C9","Phone":"3888888888","PIN":"0000","Active":false,"StartTime":"2025-08-15T15:44:15Z","EndTime":"2025-08-15T15:44:15Z","AmountPaid":1500,"OpenBy":""},{"ID":34,"LockerID":"21","LockerCode":"C1","Phone":"3888888888","PIN":"0000","Active":false,"StartTime":"2025-08-15T15:44:16Z","EndTime":"2025-08-15T15:44:17Z","AmountPaid":1500,"OpenBy":""},{"ID":35,"LockerID":"10","LockerCode":"A10","Phone":"3888888888","PIN":"0000","Active":false,"StartTime":"2025-08-15T15:44:18Z","EndTime":"2025-08-15T15:44:18Z","AmountPaid":1500,"OpenBy":""},{"ID":36,"LockerID":"15","LockerCode":"B5","Phone":"3888888888","PIN":"0000","Active":false,"StartTime":"2025-08-15T15:44:19Z","EndTime":"2025-08-15T15:44:20Z","AmountPaid":1500,"OpenBy":""},{"ID":37,"LockerID":"38","LockerCode":"D8","Phone":"3888888888","PIN":"0000","Active":false,"StartTime":"2025-08-15T15:44:21Z","EndTime":"2025-08-15T15:44:22Z","AmountPaid":1500,"OpenBy":""},{"ID":38,"LockerID":"28","LockerCode":"C8","Phone":"3888888888","PIN":"0000","Active":false,"StartTime":"2025-08-15T15:44:48Z","EndTime":"2025-08-15T15:44:49Z","AmountPaid":1500,"OpenBy":""},{"ID":39,"LockerID":"40","LockerCode":"D10","Phone":"3888888888","PIN":"0000","Active":false,"StartTime":"2025-08-15T15:50:15Z","EndTime":"2025-08-15T15:55:37Z","AmountPaid":1500,"OpenBy":"local"},{"ID":40,"LockerID":"44","LockerCode":"D4","Phone":"3103192771","PIN":"0000","Active":false,"StartTime":"2025-08-15T20:16:16Z","EndTime":"2025-08-15T20:16:45Z","AmountPaid":1500,"OpenBy":"user"},{"ID":41,"LockerID":"38","LockerCode":"D8","Phone":"3103192771","PIN":"5555","Active":true,"StartTime":"2025-08-15T20:27:55Z","EndTime":null,"AmountPaid":1500,"OpenBy":""},{"ID":42,"LockerID":"37","LockerCode":"D7","Phone":"3103192772","PIN":"0000","Active":true,"StartTime":"2025-08-15T22:18:45Z","EndTime":null,"AmountPaid":1500,"OpenBy":""},{"ID":43,"LockerID":"35","LockerCode":"D5","Phone":"3444444444","PIN":"4444","Active":false,"StartTime":"2025-08-15T23:09:15Z","EndTime":"2025-08-15T23:09:31Z","AmountPaid":1500,"OpenBy":"user"}]
[2025-10-09 20:13:27] [INFO] [main] [scheduleReport] Actualizando ejecución → Real: 2025-10-09 20:13:27 | Próximo target: 2025-10-10 08:14:00
[2025-10-09 20:13:27] [INFO] [main] [scheduleReport] Tarea ejecutada correctamente
[2025-10-09 20:13:27] [INFO] [main] [reportLockers] Response. Status: 200
[2025-10-09 20:13:27] [INFO] [main] [reportLockers] Response. Data: [{"ID":1,"LockerID":"1","LockerCode":"A1","Phone":"3333333333","PIN":"0000","Active":false,"StartTime":"2025-08-15T15:31:15Z","EndTime":"2025-08-15T15:31:15Z","AmountPaid":1500,"OpenBy":""},{"ID":2,"LockerID":"2","LockerCode":"A2","Phone":"3333333333","PIN":"0000","Active":false,"StartTime":"2025-08-15T15:31:16Z","EndTime":"2025-08-15T15:31:17Z","AmountPaid":1500,"OpenBy":""},{"ID":3,"LockerID":"3","LockerCode":"A3","Phone":"3333333333","PIN":"0000","Active":false,"StartTime":"2025-08-15T15:31:18Z","EndTime":"2025-08-15T15:31:18Z","AmountPaid":1500,"OpenBy":""},{"ID":4,"LockerID":"4","LockerCode":"A4","Phone":"3333333333","PIN":"0000","Active":false,"StartTime":"2025-08-15T15:31:19Z","EndTime":"2025-08-15T15:31:20Z","AmountPaid":1500,"OpenBy":""},{"ID":5,"LockerID":"5","LockerCode":"A5","Phone":"3333333333","PIN":"0000","Active":false,"StartTime":"2025-08-15T15:31:21Z","EndTime":"2025-08-15T15:31:22Z","AmountPaid":1500,"OpenBy":""},{"ID":6,"LockerID":"35","LockerCode":"D5","Phone":"3444444444","PIN":"0000","Active":false,"StartTime":"2025-08-15T15:33:43Z","EndTime":"2025-08-15T15:55:28Z","AmountPaid":1500,"OpenBy":"local"},{"ID":7,"LockerID":"25","LockerCode":"C5","Phone":"3555555555","PIN":"0000","Active":false,"StartTime":"2025-08-15T15:35:10Z","EndTime":"2025-08-15T15:35:10Z","AmountPaid":1500,"OpenBy":""},{"ID":8,"LockerID":"17","LockerCode":"B7","Phone":"3555555555","PIN":"0000","Active":false,"StartTime":"2025-08-15T15:35:11Z","EndTime":"2025-08-15T15:35:12Z","AmountPaid":1500,"OpenBy":""},{"ID":9,"LockerID":"36","LockerCode":"D6","Phone":"3555555555","PIN":"0000","Active":false,"StartTime":"2025-08-15T15:35:13Z","EndTime":"2025-08-15T15:55:29Z","AmountPaid":1500,"OpenBy":"local"},{"ID":10,"LockerID":"40","LockerCode":"D10","Phone":"3000000000","PIN":"0000","Active":false,"StartTime":"2025-08-15T15:36:09Z","EndTime":"2025-08-15T15:48:11Z","AmountPaid":1500,"OpenBy":"user"},{"ID":11,"LockerID":"18","LockerCode":"B8","Phone":"3333333333","PIN":"3333","Active":false,"StartTime":"2025-08-15T15:36:50Z","EndTime":"2025-08-15T15:36:50Z","AmountPaid":1500,"OpenBy":""},{"ID":12,"LockerID":"11","LockerCode":"B1","Phone":"3333333333","PIN":"3333","Active":false,"StartTime":"2025-08-15T15:36:52Z","EndTime":"2025-08-15T15:36:54Z","AmountPaid":1500,"OpenBy":""},{"ID":13,"LockerID":"6","LockerCode":"A6","Phone":"3333333333","PIN":"3333","Active":false,"StartTime":"2025-08-15T15:36:55Z","EndTime":"2025-08-15T15:36:55Z","AmountPaid":1500,"OpenBy":""},{"ID":14,"LockerID":"20","LockerCode":"B10","Phone":"3333333333","PIN":"3333","Active":false,"StartTime":"2025-08-15T15:36:56Z","EndTime":"2025-08-15T15:36:57Z","AmountPaid":1500,"OpenBy":""},{"ID":15,"LockerID":"4","LockerCode":"D4","Phone":"3333333333","PIN":"3333","Active":false,"StartTime":"2025-08-15T15:36:58Z","EndTime":"2025-08-15T15:55:28Z","AmountPaid":1500,"OpenBy":"local"},{"ID":16,"LockerID":"26","LockerCode":"C6","Phone":"3666666666","PIN":"0000","Active":false,"StartTime":"2025-08-15T15:38:43Z","EndTime":"2025-08-15T15:38:43Z","AmountPaid":1500,"OpenBy":""},{"ID":17,"LockerID":"14","LockerCode":"B4","Phone":"3666666666","PIN":"0000","Active":false,"StartTime":"2025-08-15T15:38:44Z","EndTime":"2025-08-15T15:38:45Z","AmountPaid":1500,"OpenBy":""},{"ID":18,"LockerID":"7","LockerCode":"A7","Phone":"3666666666","PIN":"0000","Active":false,"StartTime":"2025-08-15T15:38:46Z","EndTime":"2025-08-15T15:38:46Z","AmountPaid":1500,"OpenBy":""},{"ID":19,"LockerID":"23","LockerCode":"C3","Phone":"3666666666","PIN":"0000","Active":false,"StartTime":"2025-08-15T15:39:46Z","EndTime":"2025-08-15T15:39:47Z","AmountPaid":1500,"OpenBy":""},{"ID":20,"LockerID":"30","LockerCode":"C10","Phone":"3666666666","PIN":"0000","Active":false,"StartTime":"2025-08-15T15:39:48Z","EndTime":"2025-08-15T15:39:48Z","AmountPaid":1500,"OpenBy":""},{"ID":21,"LockerID":"12","LockerCode":"B2","Phone":"3666666666","PIN":"0000","Active":false,"StartTime":"2025-08-15T15:39:49Z","EndTime":"2025-08-15T15:39:50Z","AmountPaid":1500,"OpenBy":""},{"ID":22,"LockerID":"39","LockerCode":"D9","Phone":"3666666666","PIN":"0000","Active":false,"StartTime":"2025-08-15T15:39:51Z","EndTime":"2025-08-15T15:55:36Z","AmountPaid":1500,"OpenBy":"local"},{"ID":23,"LockerID":"9","LockerCode":"A9","Phone":"3222222222","PIN":"0000","Active":false,"StartTime":"2025-08-15T15:40:29Z","EndTime":"2025-08-15T15:40:30Z","AmountPaid":1500,"OpenBy":""},{"ID":24,"LockerID":"14","LockerCode":"B4","Phone":"3222222222","PIN":"0000","Active":false,"StartTime":"2025-08-15T15:40:31Z","EndTime":"2025-08-15T15:40:32Z","AmountPaid":1500,"OpenBy":""},{"ID":25,"LockerID":"22","LockerCode":"C2","Phone":"3222222222","PIN":"0000","Active":false,"StartTime":"2025-08-15T15:40:33Z","EndTime":"2025-08-15T15:40:33Z","AmountPaid":1500,"OpenBy":""},{"ID":26,"LockerID":"27","LockerCode":"C7","Phone":"3222222222","PIN":"0000","Active":false,"StartTime":"2025-08-15T15:40:34Z","EndTime":"2025-08-15T15:40:35Z","AmountPaid":1500,"OpenBy":""},{"ID":27,"LockerID":"37","LockerCode":"D7","Phone":"3222222222","PIN":"0000","Active":false,"StartTime":"2025-08-15T15:40:36Z","EndTime":"2025-08-15T15:55:29Z","AmountPaid":1500,"OpenBy":"local"},{"ID":28,"LockerID":"13","LockerCode":"B3","Phone":"3111111111","PIN":"0000","Active":false,"StartTime":"2025-08-15T15:41:34Z","EndTime":"2025-08-15T15:41:35Z","AmountPaid":1500,"OpenBy":""},{"ID":29,"LockerID":"8","LockerCode":"A8","Phone":"3111111111","PIN":"0000","Active":false,"StartTime":"2025-08-15T15:41:36Z","EndTime":"2025-08-15T15:41:36Z","AmountPaid":1500,"OpenBy":""},{"ID":30,"LockerID":"16","LockerCode":"B6","Phone":"3111111111","PIN":"0000","Active":false,"StartTime":"2025-08-15T15:41:37Z","EndTime":"2025-08-15T15:41:38Z","AmountPaid":1500,"OpenBy":""},{"ID":31,"LockerID":"19","LockerCode":"B9","Phone":"3111111111","PIN":"0000","Active":false,"StartTime":"2025-08-15T15:41:39Z","EndTime":"2025-08-15T15:41:39Z","AmountPaid":1500,"OpenBy":""},{"ID":32,"LockerID":"39","LockerCode":"D9","Phone":"3111111111","PIN":"0000","Active":false,"StartTime":"2025-08-15T15:41:40Z","EndTime":"2025-08-15T15:50:49Z","AmountPaid":1500,"OpenBy":"user"},{"ID":33,"LockerID":"29","LockerCode":"C9","Phone":"3888888888","PIN":"0000","Active":false,"StartTime":"2025-08-15T15:44:15Z","EndTime":"2025-08-15T15:44:15Z","AmountPaid":1500,"OpenBy":""},{"ID":34,"LockerID":"21","LockerCode":"C1","Phone":"3888888888","PIN":"0000","Active":false,"StartTime":"2025-08-15T15:44:16Z","EndTime":"2025-08-15T15:44:17Z","AmountPaid":1500,"OpenBy":""},{"ID":35,"LockerID":"10","LockerCode":"A10","Phone":"3888888888","PIN":"0000","Active":false,"StartTime":"2025-08-15T15:44:18Z","EndTime":"2025-08-15T15:44:18Z","AmountPaid":1500,"OpenBy":""},{"ID":36,"LockerID":"15","LockerCode":"B5","Phone":"3888888888","PIN":"0000","Active":false,"StartTime":"2025-08-15T15:44:19Z","EndTime":"2025-08-15T15:44:20Z","AmountPaid":1500,"OpenBy":""},{"ID":37,"LockerID":"38","LockerCode":"D8","Phone":"3888888888","PIN":"0000","Active":false,"StartTime":"2025-08-15T15:44:21Z","EndTime":"2025-08-15T15:44:22Z","AmountPaid":1500,"OpenBy":""},{"ID":38,"LockerID":"28","LockerCode":"C8","Phone":"3888888888","PIN":"0000","Active":false,"StartTime":"2025-08-15T15:44:48Z","EndTime":"2025-08-15T15:44:49Z","AmountPaid":1500,"OpenBy":""},{"ID":39,"LockerID":"40","LockerCode":"D10","Phone":"3888888888","PIN":"0000","Active":false,"StartTime":"2025-08-15T15:50:15Z","EndTime":"2025-08-15T15:55:37Z","AmountPaid":1500,"OpenBy":"local"},{"ID":40,"LockerID":"44","LockerCode":"D4","Phone":"3103192771","PIN":"0000","Active":false,"StartTime":"2025-08-15T20:16:16Z","EndTime":"2025-08-15T20:16:45Z","AmountPaid":1500,"OpenBy":"user"},{"ID":41,"LockerID":"38","LockerCode":"D8","Phone":"3103192771","PIN":"5555","Active":true,"StartTime":"2025-08-15T20:27:55Z","EndTime":null,"AmountPaid":1500,"OpenBy":""},{"ID":42,"LockerID":"37","LockerCode":"D7","Phone":"3103192772","PIN":"0000","Active":true,"StartTime":"2025-08-15T22:18:45Z","EndTime":null,"AmountPaid":1500,"OpenBy":""},{"ID":43,"LockerID":"35","LockerCode":"D5","Phone":"3444444444","PIN":"4444","Active":false,"StartTime":"2025-08-15T23:09:15Z","EndTime":"2025-08-15T23:09:31Z","AmountPaid":1500,"OpenBy":"user"}]
[2025-10-09 20:13:27] [INFO] [main] [app] Datos del reporte obtenidos: [{"ID":1,"LockerID":"1","LockerCode":"A1","Phone":"3333333333","PIN":"0000","Active":false,"StartTime":"2025-08-15T15:31:15Z","EndTime":"2025-08-15T15:31:15Z","AmountPaid":1500,"OpenBy":""},{"ID":2,"LockerID":"2","LockerCode":"A2","Phone":"3333333333","PIN":"0000","Active":false,"StartTime":"2025-08-15T15:31:16Z","EndTime":"2025-08-15T15:31:17Z","AmountPaid":1500,"OpenBy":""},{"ID":3,"LockerID":"3","LockerCode":"A3","Phone":"3333333333","PIN":"0000","Active":false,"StartTime":"2025-08-15T15:31:18Z","EndTime":"2025-08-15T15:31:18Z","AmountPaid":1500,"OpenBy":""},{"ID":4,"LockerID":"4","LockerCode":"A4","Phone":"3333333333","PIN":"0000","Active":false,"StartTime":"2025-08-15T15:31:19Z","EndTime":"2025-08-15T15:31:20Z","AmountPaid":1500,"OpenBy":""},{"ID":5,"LockerID":"5","LockerCode":"A5","Phone":"3333333333","PIN":"0000","Active":false,"StartTime":"2025-08-15T15:31:21Z","EndTime":"2025-08-15T15:31:22Z","AmountPaid":1500,"OpenBy":""},{"ID":6,"LockerID":"35","LockerCode":"D5","Phone":"3444444444","PIN":"0000","Active":false,"StartTime":"2025-08-15T15:33:43Z","EndTime":"2025-08-15T15:55:28Z","AmountPaid":1500,"OpenBy":"local"},{"ID":7,"LockerID":"25","LockerCode":"C5","Phone":"3555555555","PIN":"0000","Active":false,"StartTime":"2025-08-15T15:35:10Z","EndTime":"2025-08-15T15:35:10Z","AmountPaid":1500,"OpenBy":""},{"ID":8,"LockerID":"17","LockerCode":"B7","Phone":"3555555555","PIN":"0000","Active":false,"StartTime":"2025-08-15T15:35:11Z","EndTime":"2025-08-15T15:35:12Z","AmountPaid":1500,"OpenBy":""},{"ID":9,"LockerID":"36","LockerCode":"D6","Phone":"3555555555","PIN":"0000","Active":false,"StartTime":"2025-08-15T15:35:13Z","EndTime":"2025-08-15T15:55:29Z","AmountPaid":1500,"OpenBy":"local"},{"ID":10,"LockerID":"40","LockerCode":"D10","Phone":"3000000000","PIN":"0000","Active":false,"StartTime":"2025-08-15T15:36:09Z","EndTime":"2025-08-15T15:48:11Z","AmountPaid":1500,"OpenBy":"user"},{"ID":11,"LockerID":"18","LockerCode":"B8","Phone":"3333333333","PIN":"3333","Active":false,"StartTime":"2025-08-15T15:36:50Z","EndTime":"2025-08-15T15:36:50Z","AmountPaid":1500,"OpenBy":""},{"ID":12,"LockerID":"11","LockerCode":"B1","Phone":"3333333333","PIN":"3333","Active":false,"StartTime":"2025-08-15T15:36:52Z","EndTime":"2025-08-15T15:36:54Z","AmountPaid":1500,"OpenBy":""},{"ID":13,"LockerID":"6","LockerCode":"A6","Phone":"3333333333","PIN":"3333","Active":false,"StartTime":"2025-08-15T15:36:55Z","EndTime":"2025-08-15T15:36:55Z","AmountPaid":1500,"OpenBy":""},{"ID":14,"LockerID":"20","LockerCode":"B10","Phone":"3333333333","PIN":"3333","Active":false,"StartTime":"2025-08-15T15:36:56Z","EndTime":"2025-08-15T15:36:57Z","AmountPaid":1500,"OpenBy":""},{"ID":15,"LockerID":"4","LockerCode":"D4","Phone":"3333333333","PIN":"3333","Active":false,"StartTime":"2025-08-15T15:36:58Z","EndTime":"2025-08-15T15:55:28Z","AmountPaid":1500,"OpenBy":"local"},{"ID":16,"LockerID":"26","LockerCode":"C6","Phone":"3666666666","PIN":"0000","Active":false,"StartTime":"2025-08-15T15:38:43Z","EndTime":"2025-08-15T15:38:43Z","AmountPaid":1500,"OpenBy":""},{"ID":17,"LockerID":"14","LockerCode":"B4","Phone":"3666666666","PIN":"0000","Active":false,"StartTime":"2025-08-15T15:38:44Z","EndTime":"2025-08-15T15:38:45Z","AmountPaid":1500,"OpenBy":""},{"ID":18,"LockerID":"7","LockerCode":"A7","Phone":"3666666666","PIN":"0000","Active":false,"StartTime":"2025-08-15T15:38:46Z","EndTime":"2025-08-15T15:38:46Z","AmountPaid":1500,"OpenBy":""},{"ID":19,"LockerID":"23","LockerCode":"C3","Phone":"3666666666","PIN":"0000","Active":false,"StartTime":"2025-08-15T15:39:46Z","EndTime":"2025-08-15T15:39:47Z","AmountPaid":1500,"OpenBy":""},{"ID":20,"LockerID":"30","LockerCode":"C10","Phone":"3666666666","PIN":"0000","Active":false,"StartTime":"2025-08-15T15:39:48Z","EndTime":"2025-08-15T15:39:48Z","AmountPaid":1500,"OpenBy":""},{"ID":21,"LockerID":"12","LockerCode":"B2","Phone":"3666666666","PIN":"0000","Active":false,"StartTime":"2025-08-15T15:39:49Z","EndTime":"2025-08-15T15:39:50Z","AmountPaid":1500,"OpenBy":""},{"ID":22,"LockerID":"39","LockerCode":"D9","Phone":"3666666666","PIN":"0000","Active":false,"StartTime":"2025-08-15T15:39:51Z","EndTime":"2025-08-15T15:55:36Z","AmountPaid":1500,"OpenBy":"local"},{"ID":23,"LockerID":"9","LockerCode":"A9","Phone":"3222222222","PIN":"0000","Active":false,"StartTime":"2025-08-15T15:40:29Z","EndTime":"2025-08-15T15:40:30Z","AmountPaid":1500,"OpenBy":""},{"ID":24,"LockerID":"14","LockerCode":"B4","Phone":"3222222222","PIN":"0000","Active":false,"StartTime":"2025-08-15T15:40:31Z","EndTime":"2025-08-15T15:40:32Z","AmountPaid":1500,"OpenBy":""},{"ID":25,"LockerID":"22","LockerCode":"C2","Phone":"3222222222","PIN":"0000","Active":false,"StartTime":"2025-08-15T15:40:33Z","EndTime":"2025-08-15T15:40:33Z","AmountPaid":1500,"OpenBy":""},{"ID":26,"LockerID":"27","LockerCode":"C7","Phone":"3222222222","PIN":"0000","Active":false,"StartTime":"2025-08-15T15:40:34Z","EndTime":"2025-08-15T15:40:35Z","AmountPaid":1500,"OpenBy":""},{"ID":27,"LockerID":"37","LockerCode":"D7","Phone":"3222222222","PIN":"0000","Active":false,"StartTime":"2025-08-15T15:40:36Z","EndTime":"2025-08-15T15:55:29Z","AmountPaid":1500,"OpenBy":"local"},{"ID":28,"LockerID":"13","LockerCode":"B3","Phone":"3111111111","PIN":"0000","Active":false,"StartTime":"2025-08-15T15:41:34Z","EndTime":"2025-08-15T15:41:35Z","AmountPaid":1500,"OpenBy":""},{"ID":29,"LockerID":"8","LockerCode":"A8","Phone":"3111111111","PIN":"0000","Active":false,"StartTime":"2025-08-15T15:41:36Z","EndTime":"2025-08-15T15:41:36Z","AmountPaid":1500,"OpenBy":""},{"ID":30,"LockerID":"16","LockerCode":"B6","Phone":"3111111111","PIN":"0000","Active":false,"StartTime":"2025-08-15T15:41:37Z","EndTime":"2025-08-15T15:41:38Z","AmountPaid":1500,"OpenBy":""},{"ID":31,"LockerID":"19","LockerCode":"B9","Phone":"3111111111","PIN":"0000","Active":false,"StartTime":"2025-08-15T15:41:39Z","EndTime":"2025-08-15T15:41:39Z","AmountPaid":1500,"OpenBy":""},{"ID":32,"LockerID":"39","LockerCode":"D9","Phone":"3111111111","PIN":"0000","Active":false,"StartTime":"2025-08-15T15:41:40Z","EndTime":"2025-08-15T15:50:49Z","AmountPaid":1500,"OpenBy":"user"},{"ID":33,"LockerID":"29","LockerCode":"C9","Phone":"3888888888","PIN":"0000","Active":false,"StartTime":"2025-08-15T15:44:15Z","EndTime":"2025-08-15T15:44:15Z","AmountPaid":1500,"OpenBy":""},{"ID":34,"LockerID":"21","LockerCode":"C1","Phone":"3888888888","PIN":"0000","Active":false,"StartTime":"2025-08-15T15:44:16Z","EndTime":"2025-08-15T15:44:17Z","AmountPaid":1500,"OpenBy":""},{"ID":35,"LockerID":"10","LockerCode":"A10","Phone":"3888888888","PIN":"0000","Active":false,"StartTime":"2025-08-15T15:44:18Z","EndTime":"2025-08-15T15:44:18Z","AmountPaid":1500,"OpenBy":""},{"ID":36,"LockerID":"15","LockerCode":"B5","Phone":"3888888888","PIN":"0000","Active":false,"StartTime":"2025-08-15T15:44:19Z","EndTime":"2025-08-15T15:44:20Z","AmountPaid":1500,"OpenBy":""},{"ID":37,"LockerID":"38","LockerCode":"D8","Phone":"3888888888","PIN":"0000","Active":false,"StartTime":"2025-08-15T15:44:21Z","EndTime":"2025-08-15T15:44:22Z","AmountPaid":1500,"OpenBy":""},{"ID":38,"LockerID":"28","LockerCode":"C8","Phone":"3888888888","PIN":"0000","Active":false,"StartTime":"2025-08-15T15:44:48Z","EndTime":"2025-08-15T15:44:49Z","AmountPaid":1500,"OpenBy":""},{"ID":39,"LockerID":"40","LockerCode":"D10","Phone":"3888888888","PIN":"0000","Active":false,"StartTime":"2025-08-15T15:50:15Z","EndTime":"2025-08-15T15:55:37Z","AmountPaid":1500,"OpenBy":"local"},{"ID":40,"LockerID":"44","LockerCode":"D4","Phone":"3103192771","PIN":"0000","Active":false,"StartTime":"2025-08-15T20:16:16Z","EndTime":"2025-08-15T20:16:45Z","AmountPaid":1500,"OpenBy":"user"},{"ID":41,"LockerID":"38","LockerCode":"D8","Phone":"3103192771","PIN":"5555","Active":true,"StartTime":"2025-08-15T20:27:55Z","EndTime":null,"AmountPaid":1500,"OpenBy":""},{"ID":42,"LockerID":"37","LockerCode":"D7","Phone":"3103192772","PIN":"0000","Active":true,"StartTime":"2025-08-15T22:18:45Z","EndTime":null,"AmountPaid":1500,"OpenBy":""},{"ID":43,"LockerID":"35","LockerCode":"D5","Phone":"3444444444","PIN":"4444","Active":false,"StartTime":"2025-08-15T23:09:15Z","EndTime":"2025-08-15T23:09:31Z","AmountPaid":1500,"OpenBy":"user"}]
[2025-10-09 20:13:27] [INFO] [main] [scheduleReport] Actualizando ejecución → Real: 2025-10-09 20:13:27 | Próximo target: 2025-11-01 00:15:00
[2025-10-09 20:13:27] [INFO] [main] [scheduleReport] Tarea ejecutada correctamente
[2025-10-09 20:13:27] [INFO] [main] [statusLockers] Response. Status: 200
[2025-10-09 20:13:27] [INFO] [main] [statusLockers] Response. Data: {"general":[{"status":"ocupado","total":12},{"status":"libre","total":1},{"status":"reservado","total":12},{"status":"deshabilitado","total":6}],"modules":[{"module":"A","lockers":[{"lockerCode":"A1","status":"reservado"},{"lockerCode":"A2","status":"Libre"},{"lockerCode":"A3","status":"Libre"},{"lockerCode":"A4","status":"ocupado"},{"lockerCode":"A5","status":"reservado"},{"lockerCode":"A6","status":"ocupado"},{"lockerCode":"A7","status":"deshabilitado"},{"lockerCode":"A8","status":"Libre"},{"lockerCode":"A9","status":"Libre"},{"lockerCode":"A10","status":"Libre"},{"lockerCode":"A11","status":"reservado"},{"lockerCode":"A12","status":"Libre"},{"lockerCode":"A13","status":"Libre"},{"lockerCode":"A14","status":"ocupado"},{"lockerCode":"A15","status":"reservado"},{"lockerCode":"A16","status":"ocupado"},{"lockerCode":"A17","status":"deshabilitado"},{"lockerCode":"A18","status":"Libre"},{"lockerCode":"A19","status":"Libre"},{"lockerCode":"A20","status":"Libre"},{"lockerCode":"A21","status":"reservado"},{"lockerCode":"A22","status":"Libre"},{"lockerCode":"A23","status":"Libre"},{"lockerCode":"A24","status":"ocupado"},{"lockerCode":"A25","status":"reservado"},{"lockerCode":"A26","status":"ocupado"},{"lockerCode":"A27","status":"deshabilitado"},{"lockerCode":"A28","status":"Libre"},{"lockerCode":"A29","status":"Libre"},{"lockerCode":"A30","status":"Libre"},{"lockerCode":"A31","status":"reservado"},{"lockerCode":"A32","status":"Libre"},{"lockerCode":"A33","status":"Libre"},{"lockerCode":"A34","status":"ocupado"},{"lockerCode":"A35","status":"reservado"},{"lockerCode":"A36","status":"ocupado"},{"lockerCode":"A37","status":"deshabilitado"},{"lockerCode":"A38","status":"Libre"},{"lockerCode":"A39","status":"Libre"},{"lockerCode":"A40","status":"Libre"},{"lockerCode":"A41","status":"reservado"},{"lockerCode":"A42","status":"Libre"},{"lockerCode":"A43","status":"Libre"},{"lockerCode":"A44","status":"ocupado"},{"lockerCode":"A45","status":"reservado"},{"lockerCode":"A46","status":"ocupado"},{"lockerCode":"A47","status":"deshabilitado"},{"lockerCode":"A48","status":"Libre"},{"lockerCode":"A49","status":"Libre"},{"lockerCode":"A50","status":"Libre"},{"lockerCode":"A51","status":"reservado"},{"lockerCode":"A52","status":"Libre"},{"lockerCode":"A53","status":"Libre"},{"lockerCode":"A54","status":"ocupado"},{"lockerCode":"A55","status":"reservado"},{"lockerCode":"A56","status":"ocupado"},{"lockerCode":"A57","status":"deshabilitado"},{"lockerCode":"A58","status":"Libre"},{"lockerCode":"A59","status":"Libre"},{"lockerCode":"A60","status":"Libre"},{"lockerCode":"A61","status":"reservado"},{"lockerCode":"A62","status":"Libre"},{"lockerCode":"A63","status":"Libre"},{"lockerCode":"A64","status":"ocupado"},{"lockerCode":"A65","status":"reservado"},{"lockerCode":"A66","status":"ocupado"},{"lockerCode":"A67","status":"deshabilitado"},{"lockerCode":"A68","status":"Libre"},{"lockerCode":"A69","status":"Libre"},{"lockerCode":"A70","status":"Libre"},{"lockerCode":"A71","status":"reservado"},{"lockerCode":"A72","status":"Libre"},{"lockerCode":"A73","status":"Libre"},{"lockerCode":"A74","status":"ocupado"},{"lockerCode":"A75","status":"reservado"},{"lockerCode":"A76","status":"ocupado"},{"lockerCode":"A77","status":"deshabilitado"},{"lockerCode":"A78","status":"Libre"},{"lockerCode":"A79","status":"Libre"},{"lockerCode":"A80","status":"Libre"}]},{"module":"B","lockers":[{"lockerCode":"B1","status":"reservado"},{"lockerCode":"B2","status":"Libre"},{"lockerCode":"B3","status":"Libre"},{"lockerCode":"B4","status":"ocupado"},{"lockerCode":"B5","status":"reservado"}]},{"module":"C","lockers":[{"lockerCode":"C1","status":"reservado"},{"lockerCode":"C2","status":"Libre"},{"lockerCode":"C3","status":"Libre"},{"lockerCode":"C4","status":"ocupado"},{"lockerCode":"C5","status":"reservado"},{"lockerCode":"C6","status":"ocupado"},{"lockerCode":"C7","status":"deshabilitado"},{"lockerCode":"C8","status":"Libre"},{"lockerCode":"C9","status":"Libre"},{"lockerCode":"C10","status":"Libre"},{"lockerCode":"C11","status":"reservado"},{"lockerCode":"C12","status":"ocupado"},{"lockerCode":"C13","status":"deshabilitado"},{"lockerCode":"C14","status":"Libre"},{"lockerCode":"C15","status":"Libre"},{"lockerCode":"C16","status":"Libre"}]},{"module":"D","lockers":[{"lockerCode":"D1","status":"reservado"}]},{"module":"E","lockers":[{"lockerCode":"E1","status":"reservado"},{"lockerCode":"E2","status":"Libre"},{"lockerCode":"E3","status":"Libre"},{"lockerCode":"E4","status":"ocupado"},{"lockerCode":"E5","status":"reservado"},{"lockerCode":"E6","status":"ocupado"},{"lockerCode":"E7","status":"deshabilitado"},{"lockerCode":"E8","status":"Libre"},{"lockerCode":"E9","status":"Libre"},{"lockerCode":"E10","status":"Libre"}]},{"module":"F","lockers":[{"lockerCode":"F1","status":"reservado"},{"lockerCode":"F2","status":"Libre"},{"lockerCode":"F3","status":"Libre"},{"lockerCode":"F4","status":"ocupado"},{"lockerCode":"F5","status":"reservado"},{"lockerCode":"F6","status":"ocupado"},{"lockerCode":"F7","status":"deshabilitado"},{"lockerCode":"F8","status":"Libre"},{"lockerCode":"F9","status":"Libre"},{"lockerCode":"F10","status":"Libre"}]}]}
[2025-10-09 20:13:28] [INFO] [main] [statusLockers] Response. Status: 200
[2025-10-09 20:13:28] [INFO] [main] [statusLockers] Response. Data: {"general":[{"status":"ocupado","total":12},{"status":"libre","total":1},{"status":"reservado","total":12},{"status":"deshabilitado","total":6}],"modules":[{"module":"A","lockers":[{"lockerCode":"A1","status":"reservado"},{"lockerCode":"A2","status":"Libre"},{"lockerCode":"A3","status":"Libre"},{"lockerCode":"A4","status":"ocupado"},{"lockerCode":"A5","status":"reservado"},{"lockerCode":"A6","status":"ocupado"},{"lockerCode":"A7","status":"deshabilitado"},{"lockerCode":"A8","status":"Libre"},{"lockerCode":"A9","status":"Libre"},{"lockerCode":"A10","status":"Libre"},{"lockerCode":"A11","status":"reservado"},{"lockerCode":"A12","status":"Libre"},{"lockerCode":"A13","status":"Libre"},{"lockerCode":"A14","status":"ocupado"},{"lockerCode":"A15","status":"reservado"},{"lockerCode":"A16","status":"ocupado"},{"lockerCode":"A17","status":"deshabilitado"},{"lockerCode":"A18","status":"Libre"},{"lockerCode":"A19","status":"Libre"},{"lockerCode":"A20","status":"Libre"},{"lockerCode":"A21","status":"reservado"},{"lockerCode":"A22","status":"Libre"},{"lockerCode":"A23","status":"Libre"},{"lockerCode":"A24","status":"ocupado"},{"lockerCode":"A25","status":"reservado"},{"lockerCode":"A26","status":"ocupado"},{"lockerCode":"A27","status":"deshabilitado"},{"lockerCode":"A28","status":"Libre"},{"lockerCode":"A29","status":"Libre"},{"lockerCode":"A30","status":"Libre"},{"lockerCode":"A31","status":"reservado"},{"lockerCode":"A32","status":"Libre"},{"lockerCode":"A33","status":"Libre"},{"lockerCode":"A34","status":"ocupado"},{"lockerCode":"A35","status":"reservado"},{"lockerCode":"A36","status":"ocupado"},{"lockerCode":"A37","status":"deshabilitado"},{"lockerCode":"A38","status":"Libre"},{"lockerCode":"A39","status":"Libre"},{"lockerCode":"A40","status":"Libre"},{"lockerCode":"A41","status":"reservado"},{"lockerCode":"A42","status":"Libre"},{"lockerCode":"A43","status":"Libre"},{"lockerCode":"A44","status":"ocupado"},{"lockerCode":"A45","status":"reservado"},{"lockerCode":"A46","status":"ocupado"},{"lockerCode":"A47","status":"deshabilitado"},{"lockerCode":"A48","status":"Libre"},{"lockerCode":"A49","status":"Libre"},{"lockerCode":"A50","status":"Libre"},{"lockerCode":"A51","status":"reservado"},{"lockerCode":"A52","status":"Libre"},{"lockerCode":"A53","status":"Libre"},{"lockerCode":"A54","status":"ocupado"},{"lockerCode":"A55","status":"reservado"},{"lockerCode":"A56","status":"ocupado"},{"lockerCode":"A57","status":"deshabilitado"},{"lockerCode":"A58","status":"Libre"},{"lockerCode":"A59","status":"Libre"},{"lockerCode":"A60","status":"Libre"},{"lockerCode":"A61","status":"reservado"},{"lockerCode":"A62","status":"Libre"},{"lockerCode":"A63","status":"Libre"},{"lockerCode":"A64","status":"ocupado"},{"lockerCode":"A65","status":"reservado"},{"lockerCode":"A66","status":"ocupado"},{"lockerCode":"A67","status":"deshabilitado"},{"lockerCode":"A68","status":"Libre"},{"lockerCode":"A69","status":"Libre"},{"lockerCode":"A70","status":"Libre"},{"lockerCode":"A71","status":"reservado"},{"lockerCode":"A72","status":"Libre"},{"lockerCode":"A73","status":"Libre"},{"lockerCode":"A74","status":"ocupado"},{"lockerCode":"A75","status":"reservado"},{"lockerCode":"A76","status":"ocupado"},{"lockerCode":"A77","status":"deshabilitado"},{"lockerCode":"A78","status":"Libre"},{"lockerCode":"A79","status":"Libre"},{"lockerCode":"A80","status":"Libre"}]},{"module":"B","lockers":[{"lockerCode":"B1","status":"reservado"},{"lockerCode":"B2","status":"Libre"},{"lockerCode":"B3","status":"Libre"},{"lockerCode":"B4","status":"ocupado"},{"lockerCode":"B5","status":"reservado"}]},{"module":"C","lockers":[{"lockerCode":"C1","status":"reservado"},{"lockerCode":"C2","status":"Libre"},{"lockerCode":"C3","status":"Libre"},{"lockerCode":"C4","status":"ocupado"},{"lockerCode":"C5","status":"reservado"},{"lockerCode":"C6","status":"ocupado"},{"lockerCode":"C7","status":"deshabilitado"},{"lockerCode":"C8","status":"Libre"},{"lockerCode":"C9","status":"Libre"},{"lockerCode":"C10","status":"Libre"},{"lockerCode":"C11","status":"reservado"},{"lockerCode":"C12","status":"ocupado"},{"lockerCode":"C13","status":"deshabilitado"},{"lockerCode":"C14","status":"Libre"},{"lockerCode":"C15","status":"Libre"},{"lockerCode":"C16","status":"Libre"}]},{"module":"D","lockers":[{"lockerCode":"D1","status":"reservado"}]},{"module":"E","lockers":[{"lockerCode":"E1","status":"reservado"},{"lockerCode":"E2","status":"Libre"},{"lockerCode":"E3","status":"Libre"},{"lockerCode":"E4","status":"ocupado"},{"lockerCode":"E5","status":"reservado"},{"lockerCode":"E6","status":"ocupado"},{"lockerCode":"E7","status":"deshabilitado"},{"lockerCode":"E8","status":"Libre"},{"lockerCode":"E9","status":"Libre"},{"lockerCode":"E10","status":"Libre"}]},{"module":"F","lockers":[{"lockerCode":"F1","status":"reservado"},{"lockerCode":"F2","status":"Libre"},{"lockerCode":"F3","status":"Libre"},{"lockerCode":"F4","status":"ocupado"},{"lockerCode":"F5","status":"reservado"},{"lockerCode":"F6","status":"ocupado"},{"lockerCode":"F7","status":"deshabilitado"},{"lockerCode":"F8","status":"Libre"},{"lockerCode":"F9","status":"Libre"},{"lockerCode":"F10","status":"Libre"}]}]}
[2025-10-09 20:13:29] [INFO] [main] [statusLockers] Iniciando petición para obtener casilleros disponibles
[2025-10-09 20:13:29] [INFO] [main] [statusLockers] Timeout efectivo en ejecución: 30000
[2025-10-09 20:13:29] [INFO] [main] [statusLockers] Intento 1: HOST -> http://localhost:8080
[2025-10-09 20:13:29] [INFO] [main] [statusLockers] Intento 1: URL -> /api/lockers/get-all-status
[2025-10-09 20:13:29] [INFO] [main] [copyright] Versión cargada: 1.1.0
[2025-10-09 20:13:29] [INFO] [main] [app] Componente App montado
[2025-10-09 20:13:29] [INFO] [main] [app] Versión cargada: 1.1.0
[2025-10-09 20:13:29] [INFO] [main] [statusLockers] Iniciando petición para obtener casilleros disponibles
[2025-10-09 20:13:29] [INFO] [main] [statusLockers] Timeout efectivo en ejecución: 30000
[2025-10-09 20:13:29] [INFO] [main] [statusLockers] Intento 1: HOST -> http://localhost:8080
[2025-10-09 20:13:29] [INFO] [main] [statusLockers] Intento 1: URL -> /api/lockers/get-all-status
[2025-10-09 20:13:29] [INFO] [main] [copyright] Versión cargada: 1.1.0
[2025-10-09 20:13:29] [INFO] [main] [app] Componente App montado
[2025-10-09 20:13:29] [INFO] [main] [app] Versión cargada: 1.1.0
[2025-10-09 20:13:29] [INFO] [main] [useConfig] Configuración inicial obtenida
[2025-10-09 20:13:29] [INFO] [main] [useConfig] Configuración inicial obtenida
[2025-10-09 20:13:29] [INFO] [main] [useConfig] Configuración inicial obtenida
[2025-10-09 20:13:29] [INFO] [main] [useConfig] Configuración inicial obtenida
[2025-10-09 20:13:29] [INFO] [main] [useConfig] Configuración inicial obtenida
[2025-10-09 20:13:29] [INFO] [main] [useConfig] Configuración inicial obtenida
[2025-10-09 20:13:29] [INFO] [main] [useConfig] Configuración inicial obtenida
[2025-10-09 20:13:29] [INFO] [main] [useConfig] Configuración inicial obtenida
[2025-10-09 20:13:30] [INFO] [main] [statusLockers] Response. Status: 200
[2025-10-09 20:13:30] [INFO] [main] [statusLockers] Response. Data: {"general":[{"status":"ocupado","total":12},{"status":"libre","total":1},{"status":"reservado","total":12},{"status":"deshabilitado","total":6}],"modules":[{"module":"A","lockers":[{"lockerCode":"A1","status":"reservado"},{"lockerCode":"A2","status":"Libre"},{"lockerCode":"A3","status":"Libre"},{"lockerCode":"A4","status":"ocupado"},{"lockerCode":"A5","status":"reservado"},{"lockerCode":"A6","status":"ocupado"},{"lockerCode":"A7","status":"deshabilitado"},{"lockerCode":"A8","status":"Libre"},{"lockerCode":"A9","status":"Libre"},{"lockerCode":"A10","status":"Libre"},{"lockerCode":"A11","status":"reservado"},{"lockerCode":"A12","status":"Libre"},{"lockerCode":"A13","status":"Libre"},{"lockerCode":"A14","status":"ocupado"},{"lockerCode":"A15","status":"reservado"},{"lockerCode":"A16","status":"ocupado"},{"lockerCode":"A17","status":"deshabilitado"},{"lockerCode":"A18","status":"Libre"},{"lockerCode":"A19","status":"Libre"},{"lockerCode":"A20","status":"Libre"},{"lockerCode":"A21","status":"reservado"},{"lockerCode":"A22","status":"Libre"},{"lockerCode":"A23","status":"Libre"},{"lockerCode":"A24","status":"ocupado"},{"lockerCode":"A25","status":"reservado"},{"lockerCode":"A26","status":"ocupado"},{"lockerCode":"A27","status":"deshabilitado"},{"lockerCode":"A28","status":"Libre"},{"lockerCode":"A29","status":"Libre"},{"lockerCode":"A30","status":"Libre"},{"lockerCode":"A31","status":"reservado"},{"lockerCode":"A32","status":"Libre"},{"lockerCode":"A33","status":"Libre"},{"lockerCode":"A34","status":"ocupado"},{"lockerCode":"A35","status":"reservado"},{"lockerCode":"A36","status":"ocupado"},{"lockerCode":"A37","status":"deshabilitado"},{"lockerCode":"A38","status":"Libre"},{"lockerCode":"A39","status":"Libre"},{"lockerCode":"A40","status":"Libre"},{"lockerCode":"A41","status":"reservado"},{"lockerCode":"A42","status":"Libre"},{"lockerCode":"A43","status":"Libre"},{"lockerCode":"A44","status":"ocupado"},{"lockerCode":"A45","status":"reservado"},{"lockerCode":"A46","status":"ocupado"},{"lockerCode":"A47","status":"deshabilitado"},{"lockerCode":"A48","status":"Libre"},{"lockerCode":"A49","status":"Libre"},{"lockerCode":"A50","status":"Libre"},{"lockerCode":"A51","status":"reservado"},{"lockerCode":"A52","status":"Libre"},{"lockerCode":"A53","status":"Libre"},{"lockerCode":"A54","status":"ocupado"},{"lockerCode":"A55","status":"reservado"},{"lockerCode":"A56","status":"ocupado"},{"lockerCode":"A57","status":"deshabilitado"},{"lockerCode":"A58","status":"Libre"},{"lockerCode":"A59","status":"Libre"},{"lockerCode":"A60","status":"Libre"},{"lockerCode":"A61","status":"reservado"},{"lockerCode":"A62","status":"Libre"},{"lockerCode":"A63","status":"Libre"},{"lockerCode":"A64","status":"ocupado"},{"lockerCode":"A65","status":"reservado"},{"lockerCode":"A66","status":"ocupado"},{"lockerCode":"A67","status":"deshabilitado"},{"lockerCode":"A68","status":"Libre"},{"lockerCode":"A69","status":"Libre"},{"lockerCode":"A70","status":"Libre"},{"lockerCode":"A71","status":"reservado"},{"lockerCode":"A72","status":"Libre"},{"lockerCode":"A73","status":"Libre"},{"lockerCode":"A74","status":"ocupado"},{"lockerCode":"A75","status":"reservado"},{"lockerCode":"A76","status":"ocupado"},{"lockerCode":"A77","status":"deshabilitado"},{"lockerCode":"A78","status":"Libre"},{"lockerCode":"A79","status":"Libre"},{"lockerCode":"A80","status":"Libre"}]},{"module":"B","lockers":[{"lockerCode":"B1","status":"reservado"},{"lockerCode":"B2","status":"Libre"},{"lockerCode":"B3","status":"Libre"},{"lockerCode":"B4","status":"ocupado"},{"lockerCode":"B5","status":"reservado"}]},{"module":"C","lockers":[{"lockerCode":"C1","status":"reservado"},{"lockerCode":"C2","status":"Libre"},{"lockerCode":"C3","status":"Libre"},{"lockerCode":"C4","status":"ocupado"},{"lockerCode":"C5","status":"reservado"},{"lockerCode":"C6","status":"ocupado"},{"lockerCode":"C7","status":"deshabilitado"},{"lockerCode":"C8","status":"Libre"},{"lockerCode":"C9","status":"Libre"},{"lockerCode":"C10","status":"Libre"},{"lockerCode":"C11","status":"reservado"},{"lockerCode":"C12","status":"ocupado"},{"lockerCode":"C13","status":"deshabilitado"},{"lockerCode":"C14","status":"Libre"},{"lockerCode":"C15","status":"Libre"},{"lockerCode":"C16","status":"Libre"}]},{"module":"D","lockers":[{"lockerCode":"D1","status":"reservado"}]},{"module":"E","lockers":[{"lockerCode":"E1","status":"reservado"},{"lockerCode":"E2","status":"Libre"},{"lockerCode":"E3","status":"Libre"},{"lockerCode":"E4","status":"ocupado"},{"lockerCode":"E5","status":"reservado"},{"lockerCode":"E6","status":"ocupado"},{"lockerCode":"E7","status":"deshabilitado"},{"lockerCode":"E8","status":"Libre"},{"lockerCode":"E9","status":"Libre"},{"lockerCode":"E10","status":"Libre"}]},{"module":"F","lockers":[{"lockerCode":"F1","status":"reservado"},{"lockerCode":"F2","status":"Libre"},{"lockerCode":"F3","status":"Libre"},{"lockerCode":"F4","status":"ocupado"},{"lockerCode":"F5","status":"reservado"},{"lockerCode":"F6","status":"ocupado"},{"lockerCode":"F7","status":"deshabilitado"},{"lockerCode":"F8","status":"Libre"},{"lockerCode":"F9","status":"Libre"},{"lockerCode":"F10","status":"Libre"}]}]}
[2025-10-09 20:13:30] [INFO] [main] [statusLockers] Response. Status: 200
[2025-10-09 20:13:30] [INFO] [main] [statusLockers] Response. Data: {"general":[{"status":"ocupado","total":12},{"status":"libre","total":1},{"status":"reservado","total":12},{"status":"deshabilitado","total":6}],"modules":[{"module":"A","lockers":[{"lockerCode":"A1","status":"reservado"},{"lockerCode":"A2","status":"Libre"},{"lockerCode":"A3","status":"Libre"},{"lockerCode":"A4","status":"ocupado"},{"lockerCode":"A5","status":"reservado"},{"lockerCode":"A6","status":"ocupado"},{"lockerCode":"A7","status":"deshabilitado"},{"lockerCode":"A8","status":"Libre"},{"lockerCode":"A9","status":"Libre"},{"lockerCode":"A10","status":"Libre"},{"lockerCode":"A11","status":"reservado"},{"lockerCode":"A12","status":"Libre"},{"lockerCode":"A13","status":"Libre"},{"lockerCode":"A14","status":"ocupado"},{"lockerCode":"A15","status":"reservado"},{"lockerCode":"A16","status":"ocupado"},{"lockerCode":"A17","status":"deshabilitado"},{"lockerCode":"A18","status":"Libre"},{"lockerCode":"A19","status":"Libre"},{"lockerCode":"A20","status":"Libre"},{"lockerCode":"A21","status":"reservado"},{"lockerCode":"A22","status":"Libre"},{"lockerCode":"A23","status":"Libre"},{"lockerCode":"A24","status":"ocupado"},{"lockerCode":"A25","status":"reservado"},{"lockerCode":"A26","status":"ocupado"},{"lockerCode":"A27","status":"deshabilitado"},{"lockerCode":"A28","status":"Libre"},{"lockerCode":"A29","status":"Libre"},{"lockerCode":"A30","status":"Libre"},{"lockerCode":"A31","status":"reservado"},{"lockerCode":"A32","status":"Libre"},{"lockerCode":"A33","status":"Libre"},{"lockerCode":"A34","status":"ocupado"},{"lockerCode":"A35","status":"reservado"},{"lockerCode":"A36","status":"ocupado"},{"lockerCode":"A37","status":"deshabilitado"},{"lockerCode":"A38","status":"Libre"},{"lockerCode":"A39","status":"Libre"},{"lockerCode":"A40","status":"Libre"},{"lockerCode":"A41","status":"reservado"},{"lockerCode":"A42","status":"Libre"},{"lockerCode":"A43","status":"Libre"},{"lockerCode":"A44","status":"ocupado"},{"lockerCode":"A45","status":"reservado"},{"lockerCode":"A46","status":"ocupado"},{"lockerCode":"A47","status":"deshabilitado"},{"lockerCode":"A48","status":"Libre"},{"lockerCode":"A49","status":"Libre"},{"lockerCode":"A50","status":"Libre"},{"lockerCode":"A51","status":"reservado"},{"lockerCode":"A52","status":"Libre"},{"lockerCode":"A53","status":"Libre"},{"lockerCode":"A54","status":"ocupado"},{"lockerCode":"A55","status":"reservado"},{"lockerCode":"A56","status":"ocupado"},{"lockerCode":"A57","status":"deshabilitado"},{"lockerCode":"A58","status":"Libre"},{"lockerCode":"A59","status":"Libre"},{"lockerCode":"A60","status":"Libre"},{"lockerCode":"A61","status":"reservado"},{"lockerCode":"A62","status":"Libre"},{"lockerCode":"A63","status":"Libre"},{"lockerCode":"A64","status":"ocupado"},{"lockerCode":"A65","status":"reservado"},{"lockerCode":"A66","status":"ocupado"},{"lockerCode":"A67","status":"deshabilitado"},{"lockerCode":"A68","status":"Libre"},{"lockerCode":"A69","status":"Libre"},{"lockerCode":"A70","status":"Libre"},{"lockerCode":"A71","status":"reservado"},{"lockerCode":"A72","status":"Libre"},{"lockerCode":"A73","status":"Libre"},{"lockerCode":"A74","status":"ocupado"},{"lockerCode":"A75","status":"reservado"},{"lockerCode":"A76","status":"ocupado"},{"lockerCode":"A77","status":"deshabilitado"},{"lockerCode":"A78","status":"Libre"},{"lockerCode":"A79","status":"Libre"},{"lockerCode":"A80","status":"Libre"}]},{"module":"B","lockers":[{"lockerCode":"B1","status":"reservado"},{"lockerCode":"B2","status":"Libre"},{"lockerCode":"B3","status":"Libre"},{"lockerCode":"B4","status":"ocupado"},{"lockerCode":"B5","status":"reservado"}]},{"module":"C","lockers":[{"lockerCode":"C1","status":"reservado"},{"lockerCode":"C2","status":"Libre"},{"lockerCode":"C3","status":"Libre"},{"lockerCode":"C4","status":"ocupado"},{"lockerCode":"C5","status":"reservado"},{"lockerCode":"C6","status":"ocupado"},{"lockerCode":"C7","status":"deshabilitado"},{"lockerCode":"C8","status":"Libre"},{"lockerCode":"C9","status":"Libre"},{"lockerCode":"C10","status":"Libre"},{"lockerCode":"C11","status":"reservado"},{"lockerCode":"C12","status":"ocupado"},{"lockerCode":"C13","status":"deshabilitado"},{"lockerCode":"C14","status":"Libre"},{"lockerCode":"C15","status":"Libre"},{"lockerCode":"C16","status":"Libre"}]},{"module":"D","lockers":[{"lockerCode":"D1","status":"reservado"}]},{"module":"E","lockers":[{"lockerCode":"E1","status":"reservado"},{"lockerCode":"E2","status":"Libre"},{"lockerCode":"E3","status":"Libre"},{"lockerCode":"E4","status":"ocupado"},{"lockerCode":"E5","status":"reservado"},{"lockerCode":"E6","status":"ocupado"},{"lockerCode":"E7","status":"deshabilitado"},{"lockerCode":"E8","status":"Libre"},{"lockerCode":"E9","status":"Libre"},{"lockerCode":"E10","status":"Libre"}]},{"module":"F","lockers":[{"lockerCode":"F1","status":"reservado"},{"lockerCode":"F2","status":"Libre"},{"lockerCode":"F3","status":"Libre"},{"lockerCode":"F4","status":"ocupado"},{"lockerCode":"F5","status":"reservado"},{"lockerCode":"F6","status":"ocupado"},{"lockerCode":"F7","status":"deshabilitado"},{"lockerCode":"F8","status":"Libre"},{"lockerCode":"F9","status":"Libre"},{"lockerCode":"F10","status":"Libre"}]}]}
[2025-10-09 20:13:49] [INFO] Voz cacheada por defecto: Microsoft Sabina Desktop
[2025-10-09 22:00:03] [INFO] [main] Iniciando aplicación Electron
[2025-10-09 22:00:03] [INFO] [main] .env cargado desde C:\Users\User\Documents\Personal\LockeritDesk\configFiles\.env
[2025-10-09 22:00:03] [INFO] [main] App lista, creando ventana...
[2025-10-09 22:00:03] [INFO] [main] Creando ventana principal...
[2025-10-09 22:00:04] [INFO] [main] Cargando URL: http://localhost:5173
[2025-10-09 22:00:04] [INFO] [main] Recibido config actualizado
[2025-10-09 22:00:04] [INFO] [main] Recibido auth actualizado
[2025-10-09 22:00:04] [INFO] [main] Recibido logger actualizado
[2025-10-09 22:00:04] [INFO] [main] Recibido env actualizado
[2025-10-09 22:00:04] [INFO] [preload] Inicializando preload.js
[2025-10-09 22:00:04] [INFO] [setupWatcher] Observando archivo setup_config.json en: C:\Users\User\Documents\Personal\LockeritDesk\configFiles\setup_config.json
[2025-10-09 22:00:04] [INFO] [setupWatcher] Archivo setup_config.json cargado correctamente
[2025-10-09 22:00:04] [INFO] [preload] Watcher iniciado: setup_config.json
[2025-10-09 22:00:04] [INFO] [authWatcher] Observando archivo auth_key.json en: C:\Users\User\Documents\Personal\LockeritDesk\configFiles\auth_key.json
[2025-10-09 22:00:04] [INFO] [authWatcher] auth_key.json actualizado correctamente
[2025-10-09 22:00:04] [INFO] [preload] Watcher iniciado: auth_key.json
[2025-10-09 22:00:04] [INFO] [loggerWatcher] Observando archivo logger_config.json en: C:\Users\User\Documents\Personal\LockeritDesk\configFiles\logger_config.json
[2025-10-09 22:00:04] [INFO] [loggerWatcher] Archivo logger_config.json cargado correctamente
[2025-10-09 22:00:04] [INFO] [preload] Watcher iniciado: logger_config.json
[2025-10-09 22:00:04] [INFO] [envWatcher] Observando archivo .env en: C:\Users\User\Documents\Personal\LockeritDesk\configFiles\.env
[2025-10-09 22:00:04] [INFO] [envWatcher] Archivo .env cargado correctamente
[2025-10-09 22:00:04] [INFO] [preload] Watcher iniciado: .env
[2025-10-09 22:00:04] [INFO] [preload] API expuesta en window.electronAPI
[2025-10-09 22:00:04] [INFO] [main] [axiosConfig] API BaseURL Inicial: http://localhost:8080
[2025-10-09 22:00:04] [INFO] [main] [axiosConfig] API BaseTimeout Inicial: 30
[2025-10-09 22:00:04] [INFO] [main] [configStore] Configuración actualizada
[2025-10-09 22:00:04] [INFO] [main] [configStore] config_key.json inicial cargado exitosamente
[2025-10-09 22:00:04] [INFO] [main] [envStore] ENV inicial cargado correctamente
[2025-10-09 22:00:04] [INFO] [main] [envStore] ENV actualizado
[2025-10-09 22:00:04] [INFO] [main] [axiosConfig] API BaseTimeout actualizada dinámicamente: 30
[2025-10-09 22:00:04] [INFO] [main] [assignLocker] API BaseTimeout actualizada dinámicamente: 30
[2025-10-09 22:00:04] [INFO] [main] [authStore] Auth actualizado
[2025-10-09 22:00:04] [INFO] [main] [authStore] auth_key.json inicial cargado exitosamente
[2025-10-09 22:00:04] [INFO] [main] CSP cambió, enviando al renderer
[2025-10-09 22:00:05] [INFO] [main] get-screen-data-once -> 1920x1048 factor=0.97
[2025-10-09 22:01:01] [INFO] [main] get-screen-data-once -> 1920x1048 factor=0.97
[2025-10-09 22:01:01] [INFO] [main] [login] Usuario autenticado en sesión principal, redirigiendo a /ppal
[2025-10-09 22:01:01] [INFO] [main] [copyright] Versión cargada: 1.1.0
[2025-10-09 22:01:01] [INFO] [main] [app] Componente App montado
[2025-10-09 22:01:01] [INFO] [main] [app] Versión cargada: 1.1.0
[2025-10-09 22:01:01] [INFO] [main] [copyright] Versión cargada: 1.1.0
[2025-10-09 22:01:01] [INFO] [main] [app] Componente App montado
[2025-10-09 22:01:01] [INFO] [main] [app] Versión cargada: 1.1.0
[2025-10-09 22:01:01] [INFO] [main] [useConfig] Configuración inicial obtenida
[2025-10-09 22:01:01] [INFO] [main] [useConfig] Configuración inicial obtenida
[2025-10-09 22:01:01] [INFO] [main] [useConfig] Configuración inicial obtenida
[2025-10-09 22:01:01] [INFO] [main] [useConfig] Configuración inicial obtenida
[2025-10-09 22:01:01] [INFO] [main] [useConfig] Configuración inicial obtenida
[2025-10-09 22:01:01] [INFO] [main] [useConfig] Configuración inicial obtenida
[2025-10-09 22:01:01] [INFO] [main] [app] [Scheduler] Config cambió → reseteando localStorage
[2025-10-09 22:01:01] [INFO] [main] [scheduleReport] Ejecutando tarea programada [daily] con rango: 2025-10-08 → 2025-10-08
[2025-10-09 22:01:01] [INFO] [main] [app] Generando payload en modo [local]
[2025-10-09 22:01:01] [INFO] [main] [app] Payload generado: {"startDate":"2025-10-08 05:00:00","endDate":"2025-10-09 04:59:59","sendEmail":true}
[2025-10-09 22:01:01] [INFO] [main] [reportLockers] Iniciando petición para obtener el reporte de casilleros
[2025-10-09 22:01:01] [INFO] [main] [reportLockers] Timeout efectivo en ejecución: 30000
[2025-10-09 22:01:01] [INFO] [main] [reportLockers] Intento 1: HOST -> http://localhost:8080
[2025-10-09 22:01:01] [INFO] [main] [reportLockers] Intento 1: URL -> /api/lockers/report
[2025-10-09 22:01:01] [INFO] [main] [reportLockers] Intento 1: Request -> {"startDate":"2025-10-08 05:00:00","endDate":"2025-10-09 04:59:59","sendEmail":true}
[2025-10-09 22:01:01] [INFO] [main] get-screen-data-once -> 1920x1048 factor=0.97
[2025-10-09 22:01:02] [INFO] [main] Recibido config actualizado
[2025-10-09 22:01:02] [INFO] [main] Recibido auth actualizado
[2025-10-09 22:01:02] [INFO] [main] Recibido logger actualizado
[2025-10-09 22:01:02] [INFO] [main] Recibido env actualizado
[2025-10-09 22:01:02] [INFO] [preload] Inicializando preload.js
[2025-10-09 22:01:02] [INFO] [setupWatcher] Observando archivo setup_config.json en: C:\Users\User\Documents\Personal\LockeritDesk\configFiles\setup_config.json
[2025-10-09 22:01:02] [INFO] [setupWatcher] Archivo setup_config.json cargado correctamente
[2025-10-09 22:01:02] [INFO] [preload] Watcher iniciado: setup_config.json
[2025-10-09 22:01:02] [INFO] [authWatcher] Observando archivo auth_key.json en: C:\Users\User\Documents\Personal\LockeritDesk\configFiles\auth_key.json
[2025-10-09 22:01:02] [INFO] [authWatcher] auth_key.json actualizado correctamente
[2025-10-09 22:01:02] [INFO] [preload] Watcher iniciado: auth_key.json
[2025-10-09 22:01:02] [INFO] [loggerWatcher] Observando archivo logger_config.json en: C:\Users\User\Documents\Personal\LockeritDesk\configFiles\logger_config.json
[2025-10-09 22:01:02] [INFO] [loggerWatcher] Archivo logger_config.json cargado correctamente
[2025-10-09 22:01:02] [INFO] [preload] Watcher iniciado: logger_config.json
[2025-10-09 22:01:02] [INFO] [envWatcher] Observando archivo .env en: C:\Users\User\Documents\Personal\LockeritDesk\configFiles\.env
[2025-10-09 22:01:02] [INFO] [envWatcher] Archivo .env cargado correctamente
[2025-10-09 22:01:02] [INFO] [preload] Watcher iniciado: .env
[2025-10-09 22:01:02] [INFO] [preload] API expuesta en window.electronAPI
[2025-10-09 22:01:07] [INFO] [main] [axiosConfig] API BaseURL Inicial: http://localhost:8080
[2025-10-09 22:01:07] [INFO] [main] [axiosConfig] API BaseTimeout Inicial: 30
[2025-10-09 22:01:07] [INFO] [main] get-screen-data-once -> 1920x1048 factor=0.97
[2025-10-09 22:01:07] [INFO] [main] [configStore] Configuración actualizada
[2025-10-09 22:01:07] [INFO] [main] [configStore] config_key.json inicial cargado exitosamente
[2025-10-09 22:01:07] [INFO] [main] [envStore] ENV inicial cargado correctamente
[2025-10-09 22:01:07] [INFO] [main] [envStore] ENV actualizado
[2025-10-09 22:01:07] [INFO] [main] [axiosConfig] API BaseTimeout actualizada dinámicamente: 30
[2025-10-09 22:01:07] [INFO] [main] [assignLocker] API BaseTimeout actualizada dinámicamente: 30
[2025-10-09 22:01:07] [INFO] [main] [authStore] Auth actualizado
[2025-10-09 22:01:07] [INFO] [main] [authStore] auth_key.json inicial cargado exitosamente
[2025-10-09 22:01:08] [INFO] [main] [statusLockers] Iniciando petición para obtener casilleros disponibles
[2025-10-09 22:01:08] [INFO] [main] [statusLockers] Timeout efectivo en ejecución: 30000
[2025-10-09 22:01:08] [INFO] [main] [statusLockers] Intento 1: HOST -> http://localhost:8080
[2025-10-09 22:01:08] [INFO] [main] [statusLockers] Intento 1: URL -> /api/lockers/get-all-status
[2025-10-09 22:01:08] [INFO] [main] [copyright] Versión cargada: 1.1.0
[2025-10-09 22:01:08] [INFO] [main] [app] Componente App montado
[2025-10-09 22:01:08] [INFO] [main] [app] Versión cargada: 1.1.0
[2025-10-09 22:01:08] [INFO] [main] [statusLockers] Iniciando petición para obtener casilleros disponibles
[2025-10-09 22:01:08] [INFO] [main] [statusLockers] Timeout efectivo en ejecución: 30000
[2025-10-09 22:01:08] [INFO] [main] [statusLockers] Intento 1: HOST -> http://localhost:8080
[2025-10-09 22:01:08] [INFO] [main] [statusLockers] Intento 1: URL -> /api/lockers/get-all-status
[2025-10-09 22:01:08] [INFO] [main] [copyright] Versión cargada: 1.1.0
[2025-10-09 22:01:08] [INFO] [main] [app] Componente App montado
[2025-10-09 22:01:08] [INFO] [main] [app] Versión cargada: 1.1.0
[2025-10-09 22:01:08] [INFO] [main] [useConfig] Configuración inicial obtenida
[2025-10-09 22:01:08] [INFO] [main] [useConfig] Configuración inicial obtenida
[2025-10-09 22:01:08] [INFO] [main] [useConfig] Configuración inicial obtenida
[2025-10-09 22:01:08] [INFO] [main] [useConfig] Configuración inicial obtenida
[2025-10-09 22:01:08] [INFO] [main] [useConfig] Configuración inicial obtenida
[2025-10-09 22:01:08] [INFO] [main] [useConfig] Configuración inicial obtenida
[2025-10-09 22:01:08] [INFO] [main] [useConfig] Configuración inicial obtenida
[2025-10-09 22:01:08] [INFO] [main] [useConfig] Configuración inicial obtenida
[2025-10-09 22:01:08] [INFO] [main] [scheduleReport] Ejecutando tarea programada [daily] con rango: 2025-10-08 → 2025-10-08
[2025-10-09 22:01:08] [INFO] [main] [app] Generando payload en modo [local]
[2025-10-09 22:01:08] [INFO] [main] [app] Payload generado: {"startDate":"2025-10-08 05:00:00","endDate":"2025-10-09 04:59:59","sendEmail":true}
[2025-10-09 22:01:08] [INFO] [main] [reportLockers] Iniciando petición para obtener el reporte de casilleros
[2025-10-09 22:01:08] [INFO] [main] [reportLockers] Timeout efectivo en ejecución: 30000
[2025-10-09 22:01:08] [INFO] [main] [reportLockers] Intento 1: HOST -> http://localhost:8080
[2025-10-09 22:01:08] [INFO] [main] [reportLockers] Intento 1: URL -> /api/lockers/report
[2025-10-09 22:01:08] [INFO] [main] [reportLockers] Intento 1: Request -> {"startDate":"2025-10-08 05:00:00","endDate":"2025-10-09 04:59:59","sendEmail":true}
[2025-10-09 22:01:08] [INFO] [main] [statusLockers] Response. Status: 200
[2025-10-09 22:01:08] [INFO] [main] [statusLockers] Response. Data: {"general":[{"status":"ocupado","total":12},{"status":"libre","total":1},{"status":"reservado","total":12},{"status":"deshabilitado","total":6}],"modules":[{"module":"A","lockers":[{"lockerCode":"A1","status":"reservado"},{"lockerCode":"A2","status":"Libre"},{"lockerCode":"A3","status":"Libre"},{"lockerCode":"A4","status":"ocupado"},{"lockerCode":"A5","status":"reservado"},{"lockerCode":"A6","status":"ocupado"},{"lockerCode":"A7","status":"deshabilitado"},{"lockerCode":"A8","status":"Libre"},{"lockerCode":"A9","status":"Libre"},{"lockerCode":"A10","status":"Libre"},{"lockerCode":"A11","status":"reservado"},{"lockerCode":"A12","status":"Libre"},{"lockerCode":"A13","status":"Libre"},{"lockerCode":"A14","status":"ocupado"},{"lockerCode":"A15","status":"reservado"},{"lockerCode":"A16","status":"ocupado"},{"lockerCode":"A17","status":"deshabilitado"},{"lockerCode":"A18","status":"Libre"},{"lockerCode":"A19","status":"Libre"},{"lockerCode":"A20","status":"Libre"},{"lockerCode":"A21","status":"reservado"},{"lockerCode":"A22","status":"Libre"},{"lockerCode":"A23","status":"Libre"},{"lockerCode":"A24","status":"ocupado"},{"lockerCode":"A25","status":"reservado"},{"lockerCode":"A26","status":"ocupado"},{"lockerCode":"A27","status":"deshabilitado"},{"lockerCode":"A28","status":"Libre"},{"lockerCode":"A29","status":"Libre"},{"lockerCode":"A30","status":"Libre"},{"lockerCode":"A31","status":"reservado"},{"lockerCode":"A32","status":"Libre"},{"lockerCode":"A33","status":"Libre"},{"lockerCode":"A34","status":"ocupado"},{"lockerCode":"A35","status":"reservado"},{"lockerCode":"A36","status":"ocupado"},{"lockerCode":"A37","status":"deshabilitado"},{"lockerCode":"A38","status":"Libre"},{"lockerCode":"A39","status":"Libre"},{"lockerCode":"A40","status":"Libre"},{"lockerCode":"A41","status":"reservado"},{"lockerCode":"A42","status":"Libre"},{"lockerCode":"A43","status":"Libre"},{"lockerCode":"A44","status":"ocupado"},{"lockerCode":"A45","status":"reservado"},{"lockerCode":"A46","status":"ocupado"},{"lockerCode":"A47","status":"deshabilitado"},{"lockerCode":"A48","status":"Libre"},{"lockerCode":"A49","status":"Libre"},{"lockerCode":"A50","status":"Libre"},{"lockerCode":"A51","status":"reservado"},{"lockerCode":"A52","status":"Libre"},{"lockerCode":"A53","status":"Libre"},{"lockerCode":"A54","status":"ocupado"},{"lockerCode":"A55","status":"reservado"},{"lockerCode":"A56","status":"ocupado"},{"lockerCode":"A57","status":"deshabilitado"},{"lockerCode":"A58","status":"Libre"},{"lockerCode":"A59","status":"Libre"},{"lockerCode":"A60","status":"Libre"},{"lockerCode":"A61","status":"reservado"},{"lockerCode":"A62","status":"Libre"},{"lockerCode":"A63","status":"Libre"},{"lockerCode":"A64","status":"ocupado"},{"lockerCode":"A65","status":"reservado"},{"lockerCode":"A66","status":"ocupado"},{"lockerCode":"A67","status":"deshabilitado"},{"lockerCode":"A68","status":"Libre"},{"lockerCode":"A69","status":"Libre"},{"lockerCode":"A70","status":"Libre"},{"lockerCode":"A71","status":"reservado"},{"lockerCode":"A72","status":"Libre"},{"lockerCode":"A73","status":"Libre"},{"lockerCode":"A74","status":"ocupado"},{"lockerCode":"A75","status":"reservado"},{"lockerCode":"A76","status":"ocupado"},{"lockerCode":"A77","status":"deshabilitado"},{"lockerCode":"A78","status":"Libre"},{"lockerCode":"A79","status":"Libre"},{"lockerCode":"A80","status":"Libre"}]},{"module":"B","lockers":[{"lockerCode":"B1","status":"reservado"},{"lockerCode":"B2","status":"Libre"},{"lockerCode":"B3","status":"Libre"},{"lockerCode":"B4","status":"ocupado"},{"lockerCode":"B5","status":"reservado"}]},{"module":"C","lockers":[{"lockerCode":"C1","status":"reservado"},{"lockerCode":"C2","status":"Libre"},{"lockerCode":"C3","status":"Libre"},{"lockerCode":"C4","status":"ocupado"},{"lockerCode":"C5","status":"reservado"},{"lockerCode":"C6","status":"ocupado"},{"lockerCode":"C7","status":"deshabilitado"},{"lockerCode":"C8","status":"Libre"},{"lockerCode":"C9","status":"Libre"},{"lockerCode":"C10","status":"Libre"},{"lockerCode":"C11","status":"reservado"},{"lockerCode":"C12","status":"ocupado"},{"lockerCode":"C13","status":"deshabilitado"},{"lockerCode":"C14","status":"Libre"},{"lockerCode":"C15","status":"Libre"},{"lockerCode":"C16","status":"Libre"}]},{"module":"D","lockers":[{"lockerCode":"D1","status":"reservado"}]},{"module":"E","lockers":[{"lockerCode":"E1","status":"reservado"},{"lockerCode":"E2","status":"Libre"},{"lockerCode":"E3","status":"Libre"},{"lockerCode":"E4","status":"ocupado"},{"lockerCode":"E5","status":"reservado"},{"lockerCode":"E6","status":"ocupado"},{"lockerCode":"E7","status":"deshabilitado"},{"lockerCode":"E8","status":"Libre"},{"lockerCode":"E9","status":"Libre"},{"lockerCode":"E10","status":"Libre"}]},{"module":"F","lockers":[{"lockerCode":"F1","status":"reservado"},{"lockerCode":"F2","status":"Libre"},{"lockerCode":"F3","status":"Libre"},{"lockerCode":"F4","status":"ocupado"},{"lockerCode":"F5","status":"reservado"},{"lockerCode":"F6","status":"ocupado"},{"lockerCode":"F7","status":"deshabilitado"},{"lockerCode":"F8","status":"Libre"},{"lockerCode":"F9","status":"Libre"},{"lockerCode":"F10","status":"Libre"}]}]}
[2025-10-09 22:01:08] [INFO] [main] [reportLockers] Response. Status: 200
[2025-10-09 22:01:08] [INFO] [main] [reportLockers] Response. Data: [{"ID":1,"LockerID":"1","LockerCode":"A1","Phone":"3333333333","PIN":"0000","Active":false,"StartTime":"2025-08-15T15:31:15Z","EndTime":"2025-08-15T15:31:15Z","AmountPaid":1500,"OpenBy":""},{"ID":2,"LockerID":"2","LockerCode":"A2","Phone":"3333333333","PIN":"0000","Active":false,"StartTime":"2025-08-15T15:31:16Z","EndTime":"2025-08-15T15:31:17Z","AmountPaid":1500,"OpenBy":""},{"ID":3,"LockerID":"3","LockerCode":"A3","Phone":"3333333333","PIN":"0000","Active":false,"StartTime":"2025-08-15T15:31:18Z","EndTime":"2025-08-15T15:31:18Z","AmountPaid":1500,"OpenBy":""},{"ID":4,"LockerID":"4","LockerCode":"A4","Phone":"3333333333","PIN":"0000","Active":false,"StartTime":"2025-08-15T15:31:19Z","EndTime":"2025-08-15T15:31:20Z","AmountPaid":1500,"OpenBy":""},{"ID":5,"LockerID":"5","LockerCode":"A5","Phone":"3333333333","PIN":"0000","Active":false,"StartTime":"2025-08-15T15:31:21Z","EndTime":"2025-08-15T15:31:22Z","AmountPaid":1500,"OpenBy":""},{"ID":6,"LockerID":"35","LockerCode":"D5","Phone":"3444444444","PIN":"0000","Active":false,"StartTime":"2025-08-15T15:33:43Z","EndTime":"2025-08-15T15:55:28Z","AmountPaid":1500,"OpenBy":"local"},{"ID":7,"LockerID":"25","LockerCode":"C5","Phone":"3555555555","PIN":"0000","Active":false,"StartTime":"2025-08-15T15:35:10Z","EndTime":"2025-08-15T15:35:10Z","AmountPaid":1500,"OpenBy":""},{"ID":8,"LockerID":"17","LockerCode":"B7","Phone":"3555555555","PIN":"0000","Active":false,"StartTime":"2025-08-15T15:35:11Z","EndTime":"2025-08-15T15:35:12Z","AmountPaid":1500,"OpenBy":""},{"ID":9,"LockerID":"36","LockerCode":"D6","Phone":"3555555555","PIN":"0000","Active":false,"StartTime":"2025-08-15T15:35:13Z","EndTime":"2025-08-15T15:55:29Z","AmountPaid":1500,"OpenBy":"local"},{"ID":10,"LockerID":"40","LockerCode":"D10","Phone":"3000000000","PIN":"0000","Active":false,"StartTime":"2025-08-15T15:36:09Z","EndTime":"2025-08-15T15:48:11Z","AmountPaid":1500,"OpenBy":"user"},{"ID":11,"LockerID":"18","LockerCode":"B8","Phone":"3333333333","PIN":"3333","Active":false,"StartTime":"2025-08-15T15:36:50Z","EndTime":"2025-08-15T15:36:50Z","AmountPaid":1500,"OpenBy":""},{"ID":12,"LockerID":"11","LockerCode":"B1","Phone":"3333333333","PIN":"3333","Active":false,"StartTime":"2025-08-15T15:36:52Z","EndTime":"2025-08-15T15:36:54Z","AmountPaid":1500,"OpenBy":""},{"ID":13,"LockerID":"6","LockerCode":"A6","Phone":"3333333333","PIN":"3333","Active":false,"StartTime":"2025-08-15T15:36:55Z","EndTime":"2025-08-15T15:36:55Z","AmountPaid":1500,"OpenBy":""},{"ID":14,"LockerID":"20","LockerCode":"B10","Phone":"3333333333","PIN":"3333","Active":false,"StartTime":"2025-08-15T15:36:56Z","EndTime":"2025-08-15T15:36:57Z","AmountPaid":1500,"OpenBy":""},{"ID":15,"LockerID":"4","LockerCode":"D4","Phone":"3333333333","PIN":"3333","Active":false,"StartTime":"2025-08-15T15:36:58Z","EndTime":"2025-08-15T15:55:28Z","AmountPaid":1500,"OpenBy":"local"},{"ID":16,"LockerID":"26","LockerCode":"C6","Phone":"3666666666","PIN":"0000","Active":false,"StartTime":"2025-08-15T15:38:43Z","EndTime":"2025-08-15T15:38:43Z","AmountPaid":1500,"OpenBy":""},{"ID":17,"LockerID":"14","LockerCode":"B4","Phone":"3666666666","PIN":"0000","Active":false,"StartTime":"2025-08-15T15:38:44Z","EndTime":"2025-08-15T15:38:45Z","AmountPaid":1500,"OpenBy":""},{"ID":18,"LockerID":"7","LockerCode":"A7","Phone":"3666666666","PIN":"0000","Active":false,"StartTime":"2025-08-15T15:38:46Z","EndTime":"2025-08-15T15:38:46Z","AmountPaid":1500,"OpenBy":""},{"ID":19,"LockerID":"23","LockerCode":"C3","Phone":"3666666666","PIN":"0000","Active":false,"StartTime":"2025-08-15T15:39:46Z","EndTime":"2025-08-15T15:39:47Z","AmountPaid":1500,"OpenBy":""},{"ID":20,"LockerID":"30","LockerCode":"C10","Phone":"3666666666","PIN":"0000","Active":false,"StartTime":"2025-08-15T15:39:48Z","EndTime":"2025-08-15T15:39:48Z","AmountPaid":1500,"OpenBy":""},{"ID":21,"LockerID":"12","LockerCode":"B2","Phone":"3666666666","PIN":"0000","Active":false,"StartTime":"2025-08-15T15:39:49Z","EndTime":"2025-08-15T15:39:50Z","AmountPaid":1500,"OpenBy":""},{"ID":22,"LockerID":"39","LockerCode":"D9","Phone":"3666666666","PIN":"0000","Active":false,"StartTime":"2025-08-15T15:39:51Z","EndTime":"2025-08-15T15:55:36Z","AmountPaid":1500,"OpenBy":"local"},{"ID":23,"LockerID":"9","LockerCode":"A9","Phone":"3222222222","PIN":"0000","Active":false,"StartTime":"2025-08-15T15:40:29Z","EndTime":"2025-08-15T15:40:30Z","AmountPaid":1500,"OpenBy":""},{"ID":24,"LockerID":"14","LockerCode":"B4","Phone":"3222222222","PIN":"0000","Active":false,"StartTime":"2025-08-15T15:40:31Z","EndTime":"2025-08-15T15:40:32Z","AmountPaid":1500,"OpenBy":""},{"ID":25,"LockerID":"22","LockerCode":"C2","Phone":"3222222222","PIN":"0000","Active":false,"StartTime":"2025-08-15T15:40:33Z","EndTime":"2025-08-15T15:40:33Z","AmountPaid":1500,"OpenBy":""},{"ID":26,"LockerID":"27","LockerCode":"C7","Phone":"3222222222","PIN":"0000","Active":false,"StartTime":"2025-08-15T15:40:34Z","EndTime":"2025-08-15T15:40:35Z","AmountPaid":1500,"OpenBy":""},{"ID":27,"LockerID":"37","LockerCode":"D7","Phone":"3222222222","PIN":"0000","Active":false,"StartTime":"2025-08-15T15:40:36Z","EndTime":"2025-08-15T15:55:29Z","AmountPaid":1500,"OpenBy":"local"},{"ID":28,"LockerID":"13","LockerCode":"B3","Phone":"3111111111","PIN":"0000","Active":false,"StartTime":"2025-08-15T15:41:34Z","EndTime":"2025-08-15T15:41:35Z","AmountPaid":1500,"OpenBy":""},{"ID":29,"LockerID":"8","LockerCode":"A8","Phone":"3111111111","PIN":"0000","Active":false,"StartTime":"2025-08-15T15:41:36Z","EndTime":"2025-08-15T15:41:36Z","AmountPaid":1500,"OpenBy":""},{"ID":30,"LockerID":"16","LockerCode":"B6","Phone":"3111111111","PIN":"0000","Active":false,"StartTime":"2025-08-15T15:41:37Z","EndTime":"2025-08-15T15:41:38Z","AmountPaid":1500,"OpenBy":""},{"ID":31,"LockerID":"19","LockerCode":"B9","Phone":"3111111111","PIN":"0000","Active":false,"StartTime":"2025-08-15T15:41:39Z","EndTime":"2025-08-15T15:41:39Z","AmountPaid":1500,"OpenBy":""},{"ID":32,"LockerID":"39","LockerCode":"D9","Phone":"3111111111","PIN":"0000","Active":false,"StartTime":"2025-08-15T15:41:40Z","EndTime":"2025-08-15T15:50:49Z","AmountPaid":1500,"OpenBy":"user"},{"ID":33,"LockerID":"29","LockerCode":"C9","Phone":"3888888888","PIN":"0000","Active":false,"StartTime":"2025-08-15T15:44:15Z","EndTime":"2025-08-15T15:44:15Z","AmountPaid":1500,"OpenBy":""},{"ID":34,"LockerID":"21","LockerCode":"C1","Phone":"3888888888","PIN":"0000","Active":false,"StartTime":"2025-08-15T15:44:16Z","EndTime":"2025-08-15T15:44:17Z","AmountPaid":1500,"OpenBy":""},{"ID":35,"LockerID":"10","LockerCode":"A10","Phone":"3888888888","PIN":"0000","Active":false,"StartTime":"2025-08-15T15:44:18Z","EndTime":"2025-08-15T15:44:18Z","AmountPaid":1500,"OpenBy":""},{"ID":36,"LockerID":"15","LockerCode":"B5","Phone":"3888888888","PIN":"0000","Active":false,"StartTime":"2025-08-15T15:44:19Z","EndTime":"2025-08-15T15:44:20Z","AmountPaid":1500,"OpenBy":""},{"ID":37,"LockerID":"38","LockerCode":"D8","Phone":"3888888888","PIN":"0000","Active":false,"StartTime":"2025-08-15T15:44:21Z","EndTime":"2025-08-15T15:44:22Z","AmountPaid":1500,"OpenBy":""},{"ID":38,"LockerID":"28","LockerCode":"C8","Phone":"3888888888","PIN":"0000","Active":false,"StartTime":"2025-08-15T15:44:48Z","EndTime":"2025-08-15T15:44:49Z","AmountPaid":1500,"OpenBy":""},{"ID":39,"LockerID":"40","LockerCode":"D10","Phone":"3888888888","PIN":"0000","Active":false,"StartTime":"2025-08-15T15:50:15Z","EndTime":"2025-08-15T15:55:37Z","AmountPaid":1500,"OpenBy":"local"},{"ID":40,"LockerID":"44","LockerCode":"D4","Phone":"3103192771","PIN":"0000","Active":false,"StartTime":"2025-08-15T20:16:16Z","EndTime":"2025-08-15T20:16:45Z","AmountPaid":1500,"OpenBy":"user"},{"ID":41,"LockerID":"38","LockerCode":"D8","Phone":"3103192771","PIN":"5555","Active":true,"StartTime":"2025-08-15T20:27:55Z","EndTime":null,"AmountPaid":1500,"OpenBy":""},{"ID":42,"LockerID":"37","LockerCode":"D7","Phone":"3103192772","PIN":"0000","Active":true,"StartTime":"2025-08-15T22:18:45Z","EndTime":null,"AmountPaid":1500,"OpenBy":""},{"ID":43,"LockerID":"35","LockerCode":"D5","Phone":"3444444444","PIN":"4444","Active":false,"StartTime":"2025-08-15T23:09:15Z","EndTime":"2025-08-15T23:09:31Z","AmountPaid":1500,"OpenBy":"user"}]
[2025-10-09 22:01:08] [INFO] [main] [app] Datos del reporte obtenidos: [{"ID":1,"LockerID":"1","LockerCode":"A1","Phone":"3333333333","PIN":"0000","Active":false,"StartTime":"2025-08-15T15:31:15Z","EndTime":"2025-08-15T15:31:15Z","AmountPaid":1500,"OpenBy":""},{"ID":2,"LockerID":"2","LockerCode":"A2","Phone":"3333333333","PIN":"0000","Active":false,"StartTime":"2025-08-15T15:31:16Z","EndTime":"2025-08-15T15:31:17Z","AmountPaid":1500,"OpenBy":""},{"ID":3,"LockerID":"3","LockerCode":"A3","Phone":"3333333333","PIN":"0000","Active":false,"StartTime":"2025-08-15T15:31:18Z","EndTime":"2025-08-15T15:31:18Z","AmountPaid":1500,"OpenBy":""},{"ID":4,"LockerID":"4","LockerCode":"A4","Phone":"3333333333","PIN":"0000","Active":false,"StartTime":"2025-08-15T15:31:19Z","EndTime":"2025-08-15T15:31:20Z","AmountPaid":1500,"OpenBy":""},{"ID":5,"LockerID":"5","LockerCode":"A5","Phone":"3333333333","PIN":"0000","Active":false,"StartTime":"2025-08-15T15:31:21Z","EndTime":"2025-08-15T15:31:22Z","AmountPaid":1500,"OpenBy":""},{"ID":6,"LockerID":"35","LockerCode":"D5","Phone":"3444444444","PIN":"0000","Active":false,"StartTime":"2025-08-15T15:33:43Z","EndTime":"2025-08-15T15:55:28Z","AmountPaid":1500,"OpenBy":"local"},{"ID":7,"LockerID":"25","LockerCode":"C5","Phone":"3555555555","PIN":"0000","Active":false,"StartTime":"2025-08-15T15:35:10Z","EndTime":"2025-08-15T15:35:10Z","AmountPaid":1500,"OpenBy":""},{"ID":8,"LockerID":"17","LockerCode":"B7","Phone":"3555555555","PIN":"0000","Active":false,"StartTime":"2025-08-15T15:35:11Z","EndTime":"2025-08-15T15:35:12Z","AmountPaid":1500,"OpenBy":""},{"ID":9,"LockerID":"36","LockerCode":"D6","Phone":"3555555555","PIN":"0000","Active":false,"StartTime":"2025-08-15T15:35:13Z","EndTime":"2025-08-15T15:55:29Z","AmountPaid":1500,"OpenBy":"local"},{"ID":10,"LockerID":"40","LockerCode":"D10","Phone":"3000000000","PIN":"0000","Active":false,"StartTime":"2025-08-15T15:36:09Z","EndTime":"2025-08-15T15:48:11Z","AmountPaid":1500,"OpenBy":"user"},{"ID":11,"LockerID":"18","LockerCode":"B8","Phone":"3333333333","PIN":"3333","Active":false,"StartTime":"2025-08-15T15:36:50Z","EndTime":"2025-08-15T15:36:50Z","AmountPaid":1500,"OpenBy":""},{"ID":12,"LockerID":"11","LockerCode":"B1","Phone":"3333333333","PIN":"3333","Active":false,"StartTime":"2025-08-15T15:36:52Z","EndTime":"2025-08-15T15:36:54Z","AmountPaid":1500,"OpenBy":""},{"ID":13,"LockerID":"6","LockerCode":"A6","Phone":"3333333333","PIN":"3333","Active":false,"StartTime":"2025-08-15T15:36:55Z","EndTime":"2025-08-15T15:36:55Z","AmountPaid":1500,"OpenBy":""},{"ID":14,"LockerID":"20","LockerCode":"B10","Phone":"3333333333","PIN":"3333","Active":false,"StartTime":"2025-08-15T15:36:56Z","EndTime":"2025-08-15T15:36:57Z","AmountPaid":1500,"OpenBy":""},{"ID":15,"LockerID":"4","LockerCode":"D4","Phone":"3333333333","PIN":"3333","Active":false,"StartTime":"2025-08-15T15:36:58Z","EndTime":"2025-08-15T15:55:28Z","AmountPaid":1500,"OpenBy":"local"},{"ID":16,"LockerID":"26","LockerCode":"C6","Phone":"3666666666","PIN":"0000","Active":false,"StartTime":"2025-08-15T15:38:43Z","EndTime":"2025-08-15T15:38:43Z","AmountPaid":1500,"OpenBy":""},{"ID":17,"LockerID":"14","LockerCode":"B4","Phone":"3666666666","PIN":"0000","Active":false,"StartTime":"2025-08-15T15:38:44Z","EndTime":"2025-08-15T15:38:45Z","AmountPaid":1500,"OpenBy":""},{"ID":18,"LockerID":"7","LockerCode":"A7","Phone":"3666666666","PIN":"0000","Active":false,"StartTime":"2025-08-15T15:38:46Z","EndTime":"2025-08-15T15:38:46Z","AmountPaid":1500,"OpenBy":""},{"ID":19,"LockerID":"23","LockerCode":"C3","Phone":"3666666666","PIN":"0000","Active":false,"StartTime":"2025-08-15T15:39:46Z","EndTime":"2025-08-15T15:39:47Z","AmountPaid":1500,"OpenBy":""},{"ID":20,"LockerID":"30","LockerCode":"C10","Phone":"3666666666","PIN":"0000","Active":false,"StartTime":"2025-08-15T15:39:48Z","EndTime":"2025-08-15T15:39:48Z","AmountPaid":1500,"OpenBy":""},{"ID":21,"LockerID":"12","LockerCode":"B2","Phone":"3666666666","PIN":"0000","Active":false,"StartTime":"2025-08-15T15:39:49Z","EndTime":"2025-08-15T15:39:50Z","AmountPaid":1500,"OpenBy":""},{"ID":22,"LockerID":"39","LockerCode":"D9","Phone":"3666666666","PIN":"0000","Active":false,"StartTime":"2025-08-15T15:39:51Z","EndTime":"2025-08-15T15:55:36Z","AmountPaid":1500,"OpenBy":"local"},{"ID":23,"LockerID":"9","LockerCode":"A9","Phone":"3222222222","PIN":"0000","Active":false,"StartTime":"2025-08-15T15:40:29Z","EndTime":"2025-08-15T15:40:30Z","AmountPaid":1500,"OpenBy":""},{"ID":24,"LockerID":"14","LockerCode":"B4","Phone":"3222222222","PIN":"0000","Active":false,"StartTime":"2025-08-15T15:40:31Z","EndTime":"2025-08-15T15:40:32Z","AmountPaid":1500,"OpenBy":""},{"ID":25,"LockerID":"22","LockerCode":"C2","Phone":"3222222222","PIN":"0000","Active":false,"StartTime":"2025-08-15T15:40:33Z","EndTime":"2025-08-15T15:40:33Z","AmountPaid":1500,"OpenBy":""},{"ID":26,"LockerID":"27","LockerCode":"C7","Phone":"3222222222","PIN":"0000","Active":false,"StartTime":"2025-08-15T15:40:34Z","EndTime":"2025-08-15T15:40:35Z","AmountPaid":1500,"OpenBy":""},{"ID":27,"LockerID":"37","LockerCode":"D7","Phone":"3222222222","PIN":"0000","Active":false,"StartTime":"2025-08-15T15:40:36Z","EndTime":"2025-08-15T15:55:29Z","AmountPaid":1500,"OpenBy":"local"},{"ID":28,"LockerID":"13","LockerCode":"B3","Phone":"3111111111","PIN":"0000","Active":false,"StartTime":"2025-08-15T15:41:34Z","EndTime":"2025-08-15T15:41:35Z","AmountPaid":1500,"OpenBy":""},{"ID":29,"LockerID":"8","LockerCode":"A8","Phone":"3111111111","PIN":"0000","Active":false,"StartTime":"2025-08-15T15:41:36Z","EndTime":"2025-08-15T15:41:36Z","AmountPaid":1500,"OpenBy":""},{"ID":30,"LockerID":"16","LockerCode":"B6","Phone":"3111111111","PIN":"0000","Active":false,"StartTime":"2025-08-15T15:41:37Z","EndTime":"2025-08-15T15:41:38Z","AmountPaid":1500,"OpenBy":""},{"ID":31,"LockerID":"19","LockerCode":"B9","Phone":"3111111111","PIN":"0000","Active":false,"StartTime":"2025-08-15T15:41:39Z","EndTime":"2025-08-15T15:41:39Z","AmountPaid":1500,"OpenBy":""},{"ID":32,"LockerID":"39","LockerCode":"D9","Phone":"3111111111","PIN":"0000","Active":false,"StartTime":"2025-08-15T15:41:40Z","EndTime":"2025-08-15T15:50:49Z","AmountPaid":1500,"OpenBy":"user"},{"ID":33,"LockerID":"29","LockerCode":"C9","Phone":"3888888888","PIN":"0000","Active":false,"StartTime":"2025-08-15T15:44:15Z","EndTime":"2025-08-15T15:44:15Z","AmountPaid":1500,"OpenBy":""},{"ID":34,"LockerID":"21","LockerCode":"C1","Phone":"3888888888","PIN":"0000","Active":false,"StartTime":"2025-08-15T15:44:16Z","EndTime":"2025-08-15T15:44:17Z","AmountPaid":1500,"OpenBy":""},{"ID":35,"LockerID":"10","LockerCode":"A10","Phone":"3888888888","PIN":"0000","Active":false,"StartTime":"2025-08-15T15:44:18Z","EndTime":"2025-08-15T15:44:18Z","AmountPaid":1500,"OpenBy":""},{"ID":36,"LockerID":"15","LockerCode":"B5","Phone":"3888888888","PIN":"0000","Active":false,"StartTime":"2025-08-15T15:44:19Z","EndTime":"2025-08-15T15:44:20Z","AmountPaid":1500,"OpenBy":""},{"ID":37,"LockerID":"38","LockerCode":"D8","Phone":"3888888888","PIN":"0000","Active":false,"StartTime":"2025-08-15T15:44:21Z","EndTime":"2025-08-15T15:44:22Z","AmountPaid":1500,"OpenBy":""},{"ID":38,"LockerID":"28","LockerCode":"C8","Phone":"3888888888","PIN":"0000","Active":false,"StartTime":"2025-08-15T15:44:48Z","EndTime":"2025-08-15T15:44:49Z","AmountPaid":1500,"OpenBy":""},{"ID":39,"LockerID":"40","LockerCode":"D10","Phone":"3888888888","PIN":"0000","Active":false,"StartTime":"2025-08-15T15:50:15Z","EndTime":"2025-08-15T15:55:37Z","AmountPaid":1500,"OpenBy":"local"},{"ID":40,"LockerID":"44","LockerCode":"D4","Phone":"3103192771","PIN":"0000","Active":false,"StartTime":"2025-08-15T20:16:16Z","EndTime":"2025-08-15T20:16:45Z","AmountPaid":1500,"OpenBy":"user"},{"ID":41,"LockerID":"38","LockerCode":"D8","Phone":"3103192771","PIN":"5555","Active":true,"StartTime":"2025-08-15T20:27:55Z","EndTime":null,"AmountPaid":1500,"OpenBy":""},{"ID":42,"LockerID":"37","LockerCode":"D7","Phone":"3103192772","PIN":"0000","Active":true,"StartTime":"2025-08-15T22:18:45Z","EndTime":null,"AmountPaid":1500,"OpenBy":""},{"ID":43,"LockerID":"35","LockerCode":"D5","Phone":"3444444444","PIN":"4444","Active":false,"StartTime":"2025-08-15T23:09:15Z","EndTime":"2025-08-15T23:09:31Z","AmountPaid":1500,"OpenBy":"user"}]
[2025-10-09 22:01:08] [INFO] [main] [scheduleReport] Actualizando ejecución → Real: 2025-10-09 22:01:08 | Próximo target: 2025-10-10 00:05:00
[2025-10-09 22:01:08] [INFO] [main] [scheduleReport] Tarea ejecutada correctamente
[2025-10-09 22:01:09] [INFO] [main] [statusLockers] Response. Status: 200
[2025-10-09 22:01:09] [INFO] [main] [statusLockers] Response. Data: {"general":[{"status":"ocupado","total":12},{"status":"libre","total":1},{"status":"reservado","total":12},{"status":"deshabilitado","total":6}],"modules":[{"module":"A","lockers":[{"lockerCode":"A1","status":"reservado"},{"lockerCode":"A2","status":"Libre"},{"lockerCode":"A3","status":"Libre"},{"lockerCode":"A4","status":"ocupado"},{"lockerCode":"A5","status":"reservado"},{"lockerCode":"A6","status":"ocupado"},{"lockerCode":"A7","status":"deshabilitado"},{"lockerCode":"A8","status":"Libre"},{"lockerCode":"A9","status":"Libre"},{"lockerCode":"A10","status":"Libre"},{"lockerCode":"A11","status":"reservado"},{"lockerCode":"A12","status":"Libre"},{"lockerCode":"A13","status":"Libre"},{"lockerCode":"A14","status":"ocupado"},{"lockerCode":"A15","status":"reservado"},{"lockerCode":"A16","status":"ocupado"},{"lockerCode":"A17","status":"deshabilitado"},{"lockerCode":"A18","status":"Libre"},{"lockerCode":"A19","status":"Libre"},{"lockerCode":"A20","status":"Libre"},{"lockerCode":"A21","status":"reservado"},{"lockerCode":"A22","status":"Libre"},{"lockerCode":"A23","status":"Libre"},{"lockerCode":"A24","status":"ocupado"},{"lockerCode":"A25","status":"reservado"},{"lockerCode":"A26","status":"ocupado"},{"lockerCode":"A27","status":"deshabilitado"},{"lockerCode":"A28","status":"Libre"},{"lockerCode":"A29","status":"Libre"},{"lockerCode":"A30","status":"Libre"},{"lockerCode":"A31","status":"reservado"},{"lockerCode":"A32","status":"Libre"},{"lockerCode":"A33","status":"Libre"},{"lockerCode":"A34","status":"ocupado"},{"lockerCode":"A35","status":"reservado"},{"lockerCode":"A36","status":"ocupado"},{"lockerCode":"A37","status":"deshabilitado"},{"lockerCode":"A38","status":"Libre"},{"lockerCode":"A39","status":"Libre"},{"lockerCode":"A40","status":"Libre"},{"lockerCode":"A41","status":"reservado"},{"lockerCode":"A42","status":"Libre"},{"lockerCode":"A43","status":"Libre"},{"lockerCode":"A44","status":"ocupado"},{"lockerCode":"A45","status":"reservado"},{"lockerCode":"A46","status":"ocupado"},{"lockerCode":"A47","status":"deshabilitado"},{"lockerCode":"A48","status":"Libre"},{"lockerCode":"A49","status":"Libre"},{"lockerCode":"A50","status":"Libre"},{"lockerCode":"A51","status":"reservado"},{"lockerCode":"A52","status":"Libre"},{"lockerCode":"A53","status":"Libre"},{"lockerCode":"A54","status":"ocupado"},{"lockerCode":"A55","status":"reservado"},{"lockerCode":"A56","status":"ocupado"},{"lockerCode":"A57","status":"deshabilitado"},{"lockerCode":"A58","status":"Libre"},{"lockerCode":"A59","status":"Libre"},{"lockerCode":"A60","status":"Libre"},{"lockerCode":"A61","status":"reservado"},{"lockerCode":"A62","status":"Libre"},{"lockerCode":"A63","status":"Libre"},{"lockerCode":"A64","status":"ocupado"},{"lockerCode":"A65","status":"reservado"},{"lockerCode":"A66","status":"ocupado"},{"lockerCode":"A67","status":"deshabilitado"},{"lockerCode":"A68","status":"Libre"},{"lockerCode":"A69","status":"Libre"},{"lockerCode":"A70","status":"Libre"},{"lockerCode":"A71","status":"reservado"},{"lockerCode":"A72","status":"Libre"},{"lockerCode":"A73","status":"Libre"},{"lockerCode":"A74","status":"ocupado"},{"lockerCode":"A75","status":"reservado"},{"lockerCode":"A76","status":"ocupado"},{"lockerCode":"A77","status":"deshabilitado"},{"lockerCode":"A78","status":"Libre"},{"lockerCode":"A79","status":"Libre"},{"lockerCode":"A80","status":"Libre"}]},{"module":"B","lockers":[{"lockerCode":"B1","status":"reservado"},{"lockerCode":"B2","status":"Libre"},{"lockerCode":"B3","status":"Libre"},{"lockerCode":"B4","status":"ocupado"},{"lockerCode":"B5","status":"reservado"}]},{"module":"C","lockers":[{"lockerCode":"C1","status":"reservado"},{"lockerCode":"C2","status":"Libre"},{"lockerCode":"C3","status":"Libre"},{"lockerCode":"C4","status":"ocupado"},{"lockerCode":"C5","status":"reservado"},{"lockerCode":"C6","status":"ocupado"},{"lockerCode":"C7","status":"deshabilitado"},{"lockerCode":"C8","status":"Libre"},{"lockerCode":"C9","status":"Libre"},{"lockerCode":"C10","status":"Libre"},{"lockerCode":"C11","status":"reservado"},{"lockerCode":"C12","status":"ocupado"},{"lockerCode":"C13","status":"deshabilitado"},{"lockerCode":"C14","status":"Libre"},{"lockerCode":"C15","status":"Libre"},{"lockerCode":"C16","status":"Libre"}]},{"module":"D","lockers":[{"lockerCode":"D1","status":"reservado"}]},{"module":"E","lockers":[{"lockerCode":"E1","status":"reservado"},{"lockerCode":"E2","status":"Libre"},{"lockerCode":"E3","status":"Libre"},{"lockerCode":"E4","status":"ocupado"},{"lockerCode":"E5","status":"reservado"},{"lockerCode":"E6","status":"ocupado"},{"lockerCode":"E7","status":"deshabilitado"},{"lockerCode":"E8","status":"Libre"},{"lockerCode":"E9","status":"Libre"},{"lockerCode":"E10","status":"Libre"}]},{"module":"F","lockers":[{"lockerCode":"F1","status":"reservado"},{"lockerCode":"F2","status":"Libre"},{"lockerCode":"F3","status":"Libre"},{"lockerCode":"F4","status":"ocupado"},{"lockerCode":"F5","status":"reservado"},{"lockerCode":"F6","status":"ocupado"},{"lockerCode":"F7","status":"deshabilitado"},{"lockerCode":"F8","status":"Libre"},{"lockerCode":"F9","status":"Libre"},{"lockerCode":"F10","status":"Libre"}]}]}
[2025-10-09 22:01:24] [INFO] [main] Recibido config actualizado
[2025-10-09 22:01:24] [INFO] [main] Recibido auth actualizado
[2025-10-09 22:01:24] [INFO] [main] Recibido logger actualizado
[2025-10-09 22:01:24] [INFO] [main] Recibido env actualizado
[2025-10-09 22:01:24] [INFO] [preload] Inicializando preload.js
[2025-10-09 22:01:24] [INFO] [setupWatcher] Observando archivo setup_config.json en: C:\Users\User\Documents\Personal\LockeritDesk\configFiles\setup_config.json
[2025-10-09 22:01:24] [INFO] [setupWatcher] Archivo setup_config.json cargado correctamente
[2025-10-09 22:01:24] [INFO] [preload] Watcher iniciado: setup_config.json
[2025-10-09 22:01:24] [INFO] [authWatcher] Observando archivo auth_key.json en: C:\Users\User\Documents\Personal\LockeritDesk\configFiles\auth_key.json
[2025-10-09 22:01:24] [INFO] [authWatcher] auth_key.json actualizado correctamente
[2025-10-09 22:01:24] [INFO] [preload] Watcher iniciado: auth_key.json
[2025-10-09 22:01:24] [INFO] [loggerWatcher] Observando archivo logger_config.json en: C:\Users\User\Documents\Personal\LockeritDesk\configFiles\logger_config.json
[2025-10-09 22:01:24] [INFO] [loggerWatcher] Archivo logger_config.json cargado correctamente
[2025-10-09 22:01:24] [INFO] [preload] Watcher iniciado: logger_config.json
[2025-10-09 22:01:24] [INFO] [envWatcher] Observando archivo .env en: C:\Users\User\Documents\Personal\LockeritDesk\configFiles\.env
[2025-10-09 22:01:24] [INFO] [envWatcher] Archivo .env cargado correctamente
[2025-10-09 22:01:24] [INFO] [preload] Watcher iniciado: .env
[2025-10-09 22:01:24] [INFO] [preload] API expuesta en window.electronAPI
[2025-10-09 22:01:32] [INFO] [main] [axiosConfig] API BaseURL Inicial: http://localhost:8080
[2025-10-09 22:01:32] [INFO] [main] [axiosConfig] API BaseTimeout Inicial: 30
[2025-10-09 22:01:32] [INFO] [main] get-screen-data-once -> 1920x1048 factor=0.97
[2025-10-09 22:01:32] [INFO] [main] [configStore] Configuración actualizada
[2025-10-09 22:01:32] [INFO] [main] [configStore] config_key.json inicial cargado exitosamente
[2025-10-09 22:01:32] [INFO] [main] [envStore] ENV inicial cargado correctamente
[2025-10-09 22:01:32] [INFO] [main] [envStore] ENV actualizado
[2025-10-09 22:01:32] [INFO] [main] [axiosConfig] API BaseTimeout actualizada dinámicamente: 30
[2025-10-09 22:01:32] [INFO] [main] [assignLocker] API BaseTimeout actualizada dinámicamente: 30
[2025-10-09 22:01:32] [INFO] [main] [authStore] Auth actualizado
[2025-10-09 22:01:32] [INFO] [main] [authStore] auth_key.json inicial cargado exitosamente
[2025-10-09 22:01:32] [INFO] [main] [statusLockers] Iniciando petición para obtener casilleros disponibles
[2025-10-09 22:01:32] [INFO] [main] [statusLockers] Timeout efectivo en ejecución: 30000
[2025-10-09 22:01:32] [INFO] [main] [statusLockers] Intento 1: HOST -> http://localhost:8080
[2025-10-09 22:01:32] [INFO] [main] [statusLockers] Intento 1: URL -> /api/lockers/get-all-status
[2025-10-09 22:01:32] [INFO] [main] [copyright] Versión cargada: 1.1.0
[2025-10-09 22:01:32] [INFO] [main] [app] Componente App montado
[2025-10-09 22:01:32] [INFO] [main] [app] Versión cargada: 1.1.0
[2025-10-09 22:01:32] [INFO] [main] [statusLockers] Iniciando petición para obtener casilleros disponibles
[2025-10-09 22:01:32] [INFO] [main] [statusLockers] Timeout efectivo en ejecución: 30000
[2025-10-09 22:01:32] [INFO] [main] [statusLockers] Intento 1: HOST -> http://localhost:8080
[2025-10-09 22:01:32] [INFO] [main] [statusLockers] Intento 1: URL -> /api/lockers/get-all-status
[2025-10-09 22:01:32] [INFO] [main] [copyright] Versión cargada: 1.1.0
[2025-10-09 22:01:32] [INFO] [main] [app] Componente App montado
[2025-10-09 22:01:32] [INFO] [main] [app] Versión cargada: 1.1.0
[2025-10-09 22:01:32] [INFO] [main] [useConfig] Configuración inicial obtenida
[2025-10-09 22:01:32] [INFO] [main] [useConfig] Configuración inicial obtenida
[2025-10-09 22:01:32] [INFO] [main] [useConfig] Configuración inicial obtenida
[2025-10-09 22:01:32] [INFO] [main] [useConfig] Configuración inicial obtenida
[2025-10-09 22:01:32] [INFO] [main] [useConfig] Configuración inicial obtenida
[2025-10-09 22:01:32] [INFO] [main] [useConfig] Configuración inicial obtenida
[2025-10-09 22:01:32] [INFO] [main] [useConfig] Configuración inicial obtenida
[2025-10-09 22:01:32] [INFO] [main] [useConfig] Configuración inicial obtenida
[2025-10-09 22:01:33] [INFO] [main] [statusLockers] Response. Status: 200
[2025-10-09 22:01:33] [INFO] [main] [statusLockers] Response. Data: {"general":[{"status":"ocupado","total":12},{"status":"libre","total":1},{"status":"reservado","total":12},{"status":"deshabilitado","total":6}],"modules":[{"module":"A","lockers":[{"lockerCode":"A1","status":"reservado"},{"lockerCode":"A2","status":"Libre"},{"lockerCode":"A3","status":"Libre"},{"lockerCode":"A4","status":"ocupado"},{"lockerCode":"A5","status":"reservado"},{"lockerCode":"A6","status":"ocupado"},{"lockerCode":"A7","status":"deshabilitado"},{"lockerCode":"A8","status":"Libre"},{"lockerCode":"A9","status":"Libre"},{"lockerCode":"A10","status":"Libre"},{"lockerCode":"A11","status":"reservado"},{"lockerCode":"A12","status":"Libre"},{"lockerCode":"A13","status":"Libre"},{"lockerCode":"A14","status":"ocupado"},{"lockerCode":"A15","status":"reservado"},{"lockerCode":"A16","status":"ocupado"},{"lockerCode":"A17","status":"deshabilitado"},{"lockerCode":"A18","status":"Libre"},{"lockerCode":"A19","status":"Libre"},{"lockerCode":"A20","status":"Libre"},{"lockerCode":"A21","status":"reservado"},{"lockerCode":"A22","status":"Libre"},{"lockerCode":"A23","status":"Libre"},{"lockerCode":"A24","status":"ocupado"},{"lockerCode":"A25","status":"reservado"},{"lockerCode":"A26","status":"ocupado"},{"lockerCode":"A27","status":"deshabilitado"},{"lockerCode":"A28","status":"Libre"},{"lockerCode":"A29","status":"Libre"},{"lockerCode":"A30","status":"Libre"},{"lockerCode":"A31","status":"reservado"},{"lockerCode":"A32","status":"Libre"},{"lockerCode":"A33","status":"Libre"},{"lockerCode":"A34","status":"ocupado"},{"lockerCode":"A35","status":"reservado"},{"lockerCode":"A36","status":"ocupado"},{"lockerCode":"A37","status":"deshabilitado"},{"lockerCode":"A38","status":"Libre"},{"lockerCode":"A39","status":"Libre"},{"lockerCode":"A40","status":"Libre"},{"lockerCode":"A41","status":"reservado"},{"lockerCode":"A42","status":"Libre"},{"lockerCode":"A43","status":"Libre"},{"lockerCode":"A44","status":"ocupado"},{"lockerCode":"A45","status":"reservado"},{"lockerCode":"A46","status":"ocupado"},{"lockerCode":"A47","status":"deshabilitado"},{"lockerCode":"A48","status":"Libre"},{"lockerCode":"A49","status":"Libre"},{"lockerCode":"A50","status":"Libre"},{"lockerCode":"A51","status":"reservado"},{"lockerCode":"A52","status":"Libre"},{"lockerCode":"A53","status":"Libre"},{"lockerCode":"A54","status":"ocupado"},{"lockerCode":"A55","status":"reservado"},{"lockerCode":"A56","status":"ocupado"},{"lockerCode":"A57","status":"deshabilitado"},{"lockerCode":"A58","status":"Libre"},{"lockerCode":"A59","status":"Libre"},{"lockerCode":"A60","status":"Libre"},{"lockerCode":"A61","status":"reservado"},{"lockerCode":"A62","status":"Libre"},{"lockerCode":"A63","status":"Libre"},{"lockerCode":"A64","status":"ocupado"},{"lockerCode":"A65","status":"reservado"},{"lockerCode":"A66","status":"ocupado"},{"lockerCode":"A67","status":"deshabilitado"},{"lockerCode":"A68","status":"Libre"},{"lockerCode":"A69","status":"Libre"},{"lockerCode":"A70","status":"Libre"},{"lockerCode":"A71","status":"reservado"},{"lockerCode":"A72","status":"Libre"},{"lockerCode":"A73","status":"Libre"},{"lockerCode":"A74","status":"ocupado"},{"lockerCode":"A75","status":"reservado"},{"lockerCode":"A76","status":"ocupado"},{"lockerCode":"A77","status":"deshabilitado"},{"lockerCode":"A78","status":"Libre"},{"lockerCode":"A79","status":"Libre"},{"lockerCode":"A80","status":"Libre"}]},{"module":"B","lockers":[{"lockerCode":"B1","status":"reservado"},{"lockerCode":"B2","status":"Libre"},{"lockerCode":"B3","status":"Libre"},{"lockerCode":"B4","status":"ocupado"},{"lockerCode":"B5","status":"reservado"}]},{"module":"C","lockers":[{"lockerCode":"C1","status":"reservado"},{"lockerCode":"C2","status":"Libre"},{"lockerCode":"C3","status":"Libre"},{"lockerCode":"C4","status":"ocupado"},{"lockerCode":"C5","status":"reservado"},{"lockerCode":"C6","status":"ocupado"},{"lockerCode":"C7","status":"deshabilitado"},{"lockerCode":"C8","status":"Libre"},{"lockerCode":"C9","status":"Libre"},{"lockerCode":"C10","status":"Libre"},{"lockerCode":"C11","status":"reservado"},{"lockerCode":"C12","status":"ocupado"},{"lockerCode":"C13","status":"deshabilitado"},{"lockerCode":"C14","status":"Libre"},{"lockerCode":"C15","status":"Libre"},{"lockerCode":"C16","status":"Libre"}]},{"module":"D","lockers":[{"lockerCode":"D1","status":"reservado"}]},{"module":"E","lockers":[{"lockerCode":"E1","status":"reservado"},{"lockerCode":"E2","status":"Libre"},{"lockerCode":"E3","status":"Libre"},{"lockerCode":"E4","status":"ocupado"},{"lockerCode":"E5","status":"reservado"},{"lockerCode":"E6","status":"ocupado"},{"lockerCode":"E7","status":"deshabilitado"},{"lockerCode":"E8","status":"Libre"},{"lockerCode":"E9","status":"Libre"},{"lockerCode":"E10","status":"Libre"}]},{"module":"F","lockers":[{"lockerCode":"F1","status":"reservado"},{"lockerCode":"F2","status":"Libre"},{"lockerCode":"F3","status":"Libre"},{"lockerCode":"F4","status":"ocupado"},{"lockerCode":"F5","status":"reservado"},{"lockerCode":"F6","status":"ocupado"},{"lockerCode":"F7","status":"deshabilitado"},{"lockerCode":"F8","status":"Libre"},{"lockerCode":"F9","status":"Libre"},{"lockerCode":"F10","status":"Libre"}]}]}
[2025-10-09 22:01:33] [INFO] [main] [statusLockers] Response. Status: 200
[2025-10-09 22:01:33] [INFO] [main] [statusLockers] Response. Data: {"general":[{"status":"ocupado","total":12},{"status":"libre","total":1},{"status":"reservado","total":12},{"status":"deshabilitado","total":6}],"modules":[{"module":"A","lockers":[{"lockerCode":"A1","status":"reservado"},{"lockerCode":"A2","status":"Libre"},{"lockerCode":"A3","status":"Libre"},{"lockerCode":"A4","status":"ocupado"},{"lockerCode":"A5","status":"reservado"},{"lockerCode":"A6","status":"ocupado"},{"lockerCode":"A7","status":"deshabilitado"},{"lockerCode":"A8","status":"Libre"},{"lockerCode":"A9","status":"Libre"},{"lockerCode":"A10","status":"Libre"},{"lockerCode":"A11","status":"reservado"},{"lockerCode":"A12","status":"Libre"},{"lockerCode":"A13","status":"Libre"},{"lockerCode":"A14","status":"ocupado"},{"lockerCode":"A15","status":"reservado"},{"lockerCode":"A16","status":"ocupado"},{"lockerCode":"A17","status":"deshabilitado"},{"lockerCode":"A18","status":"Libre"},{"lockerCode":"A19","status":"Libre"},{"lockerCode":"A20","status":"Libre"},{"lockerCode":"A21","status":"reservado"},{"lockerCode":"A22","status":"Libre"},{"lockerCode":"A23","status":"Libre"},{"lockerCode":"A24","status":"ocupado"},{"lockerCode":"A25","status":"reservado"},{"lockerCode":"A26","status":"ocupado"},{"lockerCode":"A27","status":"deshabilitado"},{"lockerCode":"A28","status":"Libre"},{"lockerCode":"A29","status":"Libre"},{"lockerCode":"A30","status":"Libre"},{"lockerCode":"A31","status":"reservado"},{"lockerCode":"A32","status":"Libre"},{"lockerCode":"A33","status":"Libre"},{"lockerCode":"A34","status":"ocupado"},{"lockerCode":"A35","status":"reservado"},{"lockerCode":"A36","status":"ocupado"},{"lockerCode":"A37","status":"deshabilitado"},{"lockerCode":"A38","status":"Libre"},{"lockerCode":"A39","status":"Libre"},{"lockerCode":"A40","status":"Libre"},{"lockerCode":"A41","status":"reservado"},{"lockerCode":"A42","status":"Libre"},{"lockerCode":"A43","status":"Libre"},{"lockerCode":"A44","status":"ocupado"},{"lockerCode":"A45","status":"reservado"},{"lockerCode":"A46","status":"ocupado"},{"lockerCode":"A47","status":"deshabilitado"},{"lockerCode":"A48","status":"Libre"},{"lockerCode":"A49","status":"Libre"},{"lockerCode":"A50","status":"Libre"},{"lockerCode":"A51","status":"reservado"},{"lockerCode":"A52","status":"Libre"},{"lockerCode":"A53","status":"Libre"},{"lockerCode":"A54","status":"ocupado"},{"lockerCode":"A55","status":"reservado"},{"lockerCode":"A56","status":"ocupado"},{"lockerCode":"A57","status":"deshabilitado"},{"lockerCode":"A58","status":"Libre"},{"lockerCode":"A59","status":"Libre"},{"lockerCode":"A60","status":"Libre"},{"lockerCode":"A61","status":"reservado"},{"lockerCode":"A62","status":"Libre"},{"lockerCode":"A63","status":"Libre"},{"lockerCode":"A64","status":"ocupado"},{"lockerCode":"A65","status":"reservado"},{"lockerCode":"A66","status":"ocupado"},{"lockerCode":"A67","status":"deshabilitado"},{"lockerCode":"A68","status":"Libre"},{"lockerCode":"A69","status":"Libre"},{"lockerCode":"A70","status":"Libre"},{"lockerCode":"A71","status":"reservado"},{"lockerCode":"A72","status":"Libre"},{"lockerCode":"A73","status":"Libre"},{"lockerCode":"A74","status":"ocupado"},{"lockerCode":"A75","status":"reservado"},{"lockerCode":"A76","status":"ocupado"},{"lockerCode":"A77","status":"deshabilitado"},{"lockerCode":"A78","status":"Libre"},{"lockerCode":"A79","status":"Libre"},{"lockerCode":"A80","status":"Libre"}]},{"module":"B","lockers":[{"lockerCode":"B1","status":"reservado"},{"lockerCode":"B2","status":"Libre"},{"lockerCode":"B3","status":"Libre"},{"lockerCode":"B4","status":"ocupado"},{"lockerCode":"B5","status":"reservado"}]},{"module":"C","lockers":[{"lockerCode":"C1","status":"reservado"},{"lockerCode":"C2","status":"Libre"},{"lockerCode":"C3","status":"Libre"},{"lockerCode":"C4","status":"ocupado"},{"lockerCode":"C5","status":"reservado"},{"lockerCode":"C6","status":"ocupado"},{"lockerCode":"C7","status":"deshabilitado"},{"lockerCode":"C8","status":"Libre"},{"lockerCode":"C9","status":"Libre"},{"lockerCode":"C10","status":"Libre"},{"lockerCode":"C11","status":"reservado"},{"lockerCode":"C12","status":"ocupado"},{"lockerCode":"C13","status":"deshabilitado"},{"lockerCode":"C14","status":"Libre"},{"lockerCode":"C15","status":"Libre"},{"lockerCode":"C16","status":"Libre"}]},{"module":"D","lockers":[{"lockerCode":"D1","status":"reservado"}]},{"module":"E","lockers":[{"lockerCode":"E1","status":"reservado"},{"lockerCode":"E2","status":"Libre"},{"lockerCode":"E3","status":"Libre"},{"lockerCode":"E4","status":"ocupado"},{"lockerCode":"E5","status":"reservado"},{"lockerCode":"E6","status":"ocupado"},{"lockerCode":"E7","status":"deshabilitado"},{"lockerCode":"E8","status":"Libre"},{"lockerCode":"E9","status":"Libre"},{"lockerCode":"E10","status":"Libre"}]},{"module":"F","lockers":[{"lockerCode":"F1","status":"reservado"},{"lockerCode":"F2","status":"Libre"},{"lockerCode":"F3","status":"Libre"},{"lockerCode":"F4","status":"ocupado"},{"lockerCode":"F5","status":"reservado"},{"lockerCode":"F6","status":"ocupado"},{"lockerCode":"F7","status":"deshabilitado"},{"lockerCode":"F8","status":"Libre"},{"lockerCode":"F9","status":"Libre"},{"lockerCode":"F10","status":"Libre"}]}]}
[2025-10-09 22:01:38] [INFO] [main] [ppal] Redirigiendo a / — authenticated=true, closeSession=true, closeWindow=false
[2025-10-09 22:01:38] [INFO] [main] [app] Componente App montado
[2025-10-09 22:01:38] [INFO] [main] [app] Versión cargada: 1.1.0
[2025-10-09 22:01:38] [INFO] [main] [useConfig] Configuración inicial obtenida
[2025-10-09 22:01:38] [INFO] [main] [useConfig] Configuración inicial obtenida
[2025-10-09 22:01:52] [INFO] [main] [copyright] Versión cargada: 1.1.0
[2025-10-09 22:01:52] [INFO] [main] [app] Componente App montado
[2025-10-09 22:01:52] [INFO] [main] [app] Versión cargada: 1.1.0
[2025-10-09 22:01:52] [INFO] [main] [copyright] Versión cargada: 1.1.0
[2025-10-09 22:01:52] [INFO] [main] [app] Componente App montado
[2025-10-09 22:01:52] [INFO] [main] [app] Versión cargada: 1.1.0
[2025-10-09 22:01:52] [INFO] [main] [useConfig] Configuración inicial obtenida
[2025-10-09 22:01:52] [INFO] [main] [useConfig] Configuración inicial obtenida
[2025-10-09 22:01:52] [INFO] [main] [useConfig] Configuración inicial obtenida
[2025-10-09 22:01:52] [INFO] [main] [useConfig] Configuración inicial obtenida
[2025-10-09 22:01:52] [INFO] [main] [useConfig] Configuración inicial obtenida
[2025-10-09 22:01:52] [INFO] [main] [useConfig] Configuración inicial obtenida
[2025-10-09 22:03:04] [INFO] [main] get-screen-data-once -> 1920x1048 factor=0.97
[2025-10-09 22:03:04] [INFO] [main] [copyright] Versión cargada: 1.1.0
[2025-10-09 22:03:04] [INFO] [main] [app] Componente App montado
[2025-10-09 22:03:04] [INFO] [main] [app] Versión cargada: 1.1.0
[2025-10-09 22:03:04] [INFO] [main] [copyright] Versión cargada: 1.1.0
[2025-10-09 22:03:04] [INFO] [main] [app] Componente App montado
[2025-10-09 22:03:04] [INFO] [main] [app] Versión cargada: 1.1.0
[2025-10-09 22:03:04] [INFO] [main] [useConfig] Configuración inicial obtenida
[2025-10-09 22:03:04] [INFO] [main] [useConfig] Configuración inicial obtenida
[2025-10-09 22:03:04] [INFO] [main] [useConfig] Configuración inicial obtenida
[2025-10-09 22:03:04] [INFO] [main] [useConfig] Configuración inicial obtenida
[2025-10-09 22:03:04] [INFO] [main] [useConfig] Configuración inicial obtenida
[2025-10-09 22:03:04] [INFO] [main] [useConfig] Configuración inicial obtenida
[2025-10-09 22:03:04] [INFO] [main] [copyright] Versión cargada: 1.1.0
[2025-10-09 22:03:04] [INFO] [main] [app] Componente App montado
[2025-10-09 22:03:04] [INFO] [main] [app] Versión cargada: 1.1.0
[2025-10-09 22:03:04] [INFO] [main] [copyright] Versión cargada: 1.1.0
[2025-10-09 22:03:04] [INFO] [main] [app] Componente App montado
[2025-10-09 22:03:04] [INFO] [main] [app] Versión cargada: 1.1.0
[2025-10-09 22:03:04] [INFO] [main] [useConfig] Configuración inicial obtenida
[2025-10-09 22:03:04] [INFO] [main] [useConfig] Configuración inicial obtenida
[2025-10-09 22:03:04] [INFO] [main] [useConfig] Configuración inicial obtenida
[2025-10-09 22:03:04] [INFO] [main] [useConfig] Configuración inicial obtenida
[2025-10-09 22:03:04] [INFO] [main] [useConfig] Configuración inicial obtenida
[2025-10-09 22:03:04] [INFO] [main] [useConfig] Configuración inicial obtenida
[2025-10-09 22:03:04] [INFO] [main] Recibido config actualizado
[2025-10-09 22:03:04] [INFO] [main] Recibido auth actualizado
[2025-10-09 22:03:04] [INFO] [main] Recibido logger actualizado
[2025-10-09 22:03:04] [INFO] [main] Recibido env actualizado
[2025-10-09 22:03:04] [INFO] [preload] Inicializando preload.js
[2025-10-09 22:03:04] [INFO] [setupWatcher] Observando archivo setup_config.json en: C:\Users\User\Documents\Personal\LockeritDesk\configFiles\setup_config.json
[2025-10-09 22:03:04] [INFO] [setupWatcher] Archivo setup_config.json cargado correctamente
[2025-10-09 22:03:04] [INFO] [preload] Watcher iniciado: setup_config.json
[2025-10-09 22:03:04] [INFO] [authWatcher] Observando archivo auth_key.json en: C:\Users\User\Documents\Personal\LockeritDesk\configFiles\auth_key.json
[2025-10-09 22:03:04] [INFO] [authWatcher] auth_key.json actualizado correctamente
[2025-10-09 22:03:04] [INFO] [preload] Watcher iniciado: auth_key.json
[2025-10-09 22:03:04] [INFO] [loggerWatcher] Observando archivo logger_config.json en: C:\Users\User\Documents\Personal\LockeritDesk\configFiles\logger_config.json
[2025-10-09 22:03:04] [INFO] [loggerWatcher] Archivo logger_config.json cargado correctamente
[2025-10-09 22:03:04] [INFO] [preload] Watcher iniciado: logger_config.json
[2025-10-09 22:03:04] [INFO] [envWatcher] Observando archivo .env en: C:\Users\User\Documents\Personal\LockeritDesk\configFiles\.env
[2025-10-09 22:03:04] [INFO] [envWatcher] Archivo .env cargado correctamente
[2025-10-09 22:03:04] [INFO] [preload] Watcher iniciado: .env
[2025-10-09 22:03:04] [INFO] [preload] API expuesta en window.electronAPI
[2025-10-09 22:03:05] [INFO] [main] [axiosConfig] API BaseURL Inicial: http://localhost:8080
[2025-10-09 22:03:05] [INFO] [main] [axiosConfig] API BaseTimeout Inicial: 30
[2025-10-09 22:03:05] [INFO] [main] get-screen-data-once -> 1920x1048 factor=0.97
[2025-10-09 22:03:05] [INFO] [main] [configStore] Configuración actualizada
[2025-10-09 22:03:05] [INFO] [main] [configStore] config_key.json inicial cargado exitosamente
[2025-10-09 22:03:05] [INFO] [main] [envStore] ENV inicial cargado correctamente
[2025-10-09 22:03:05] [INFO] [main] [envStore] ENV actualizado
[2025-10-09 22:03:05] [INFO] [main] [axiosConfig] API BaseTimeout actualizada dinámicamente: 30
[2025-10-09 22:03:05] [INFO] [main] [assignLocker] API BaseTimeout actualizada dinámicamente: 30
[2025-10-09 22:03:05] [INFO] [main] [authStore] Auth actualizado
[2025-10-09 22:03:05] [INFO] [main] [authStore] auth_key.json inicial cargado exitosamente
[2025-10-09 22:03:05] [INFO] [main] [copyright] Versión cargada: 1.1.0
[2025-10-09 22:03:05] [INFO] [main] [app] Componente App montado
[2025-10-09 22:03:05] [INFO] [main] [app] Versión cargada: 1.1.0
[2025-10-09 22:03:05] [INFO] [main] [copyright] Versión cargada: 1.1.0
[2025-10-09 22:03:05] [INFO] [main] [app] Componente App montado
[2025-10-09 22:03:05] [INFO] [main] [app] Versión cargada: 1.1.0
[2025-10-09 22:03:05] [INFO] [main] [useConfig] Configuración inicial obtenida
[2025-10-09 22:03:05] [INFO] [main] [useConfig] Configuración inicial obtenida
[2025-10-09 22:03:05] [INFO] [main] [useConfig] Configuración inicial obtenida
[2025-10-09 22:03:05] [INFO] [main] [useConfig] Configuración inicial obtenida
[2025-10-09 22:03:05] [INFO] [main] [useConfig] Configuración inicial obtenida
[2025-10-09 22:03:05] [INFO] [main] [useConfig] Configuración inicial obtenida
[2025-10-09 22:03:05] [INFO] [main] [copyright] Versión cargada: 1.1.0
[2025-10-09 22:03:05] [INFO] [main] [app] Componente App montado
[2025-10-09 22:03:05] [INFO] [main] [app] Versión cargada: 1.1.0
[2025-10-09 22:03:05] [INFO] [main] [copyright] Versión cargada: 1.1.0
[2025-10-09 22:03:05] [INFO] [main] [app] Componente App montado
[2025-10-09 22:03:05] [INFO] [main] [app] Versión cargada: 1.1.0
[2025-10-09 22:03:05] [INFO] [main] [useConfig] Configuración inicial obtenida
[2025-10-09 22:03:05] [INFO] [main] [useConfig] Configuración inicial obtenida
[2025-10-09 22:03:05] [INFO] [main] [useConfig] Configuración inicial obtenida
[2025-10-09 22:03:05] [INFO] [main] [useConfig] Configuración inicial obtenida
[2025-10-09 22:03:05] [INFO] [main] [useConfig] Configuración inicial obtenida
[2025-10-09 22:03:05] [INFO] [main] [useConfig] Configuración inicial obtenida
[2025-10-09 22:03:24] [INFO] [main] get-screen-data-once -> 1920x1048 factor=0.97
[2025-10-09 22:03:24] [INFO] [main] [copyright] Versión cargada: 1.1.0
[2025-10-09 22:03:24] [INFO] [main] [app] Componente App montado
[2025-10-09 22:03:24] [INFO] [main] [app] Versión cargada: 1.1.0
[2025-10-09 22:03:24] [INFO] [main] [copyright] Versión cargada: 1.1.0
[2025-10-09 22:03:24] [INFO] [main] [app] Componente App montado
[2025-10-09 22:03:24] [INFO] [main] [app] Versión cargada: 1.1.0
[2025-10-09 22:03:25] [INFO] [main] [useConfig] Configuración inicial obtenida
[2025-10-09 22:03:25] [INFO] [main] [useConfig] Configuración inicial obtenida
[2025-10-09 22:03:25] [INFO] [main] [useConfig] Configuración inicial obtenida
[2025-10-09 22:03:25] [INFO] [main] [useConfig] Configuración inicial obtenida
[2025-10-09 22:03:25] [INFO] [main] [useConfig] Configuración inicial obtenida
[2025-10-09 22:03:25] [INFO] [main] [useConfig] Configuración inicial obtenida
[2025-10-09 22:03:25] [INFO] [main] [copyright] Versión cargada: 1.1.0
[2025-10-09 22:03:25] [INFO] [main] [app] Componente App montado
[2025-10-09 22:03:25] [INFO] [main] [app] Versión cargada: 1.1.0
[2025-10-09 22:03:25] [INFO] [main] [copyright] Versión cargada: 1.1.0
[2025-10-09 22:03:25] [INFO] [main] [app] Componente App montado
[2025-10-09 22:03:25] [INFO] [main] [app] Versión cargada: 1.1.0
[2025-10-09 22:03:25] [INFO] [main] [useConfig] Configuración inicial obtenida
[2025-10-09 22:03:25] [INFO] [main] [useConfig] Configuración inicial obtenida
[2025-10-09 22:03:25] [INFO] [main] [useConfig] Configuración inicial obtenida
[2025-10-09 22:03:25] [INFO] [main] [useConfig] Configuración inicial obtenida
[2025-10-09 22:03:25] [INFO] [main] [useConfig] Configuración inicial obtenida
[2025-10-09 22:03:25] [INFO] [main] [useConfig] Configuración inicial obtenida
[2025-10-09 22:03:25] [INFO] [main] Recibido config actualizado
[2025-10-09 22:03:25] [INFO] [main] Recibido auth actualizado
[2025-10-09 22:03:25] [INFO] [main] Recibido logger actualizado
[2025-10-09 22:03:25] [INFO] [main] Recibido env actualizado
[2025-10-09 22:03:25] [INFO] [preload] Inicializando preload.js
[2025-10-09 22:03:25] [INFO] [setupWatcher] Observando archivo setup_config.json en: C:\Users\User\Documents\Personal\LockeritDesk\configFiles\setup_config.json
[2025-10-09 22:03:25] [INFO] [setupWatcher] Archivo setup_config.json cargado correctamente
[2025-10-09 22:03:25] [INFO] [preload] Watcher iniciado: setup_config.json
[2025-10-09 22:03:25] [INFO] [authWatcher] Observando archivo auth_key.json en: C:\Users\User\Documents\Personal\LockeritDesk\configFiles\auth_key.json
[2025-10-09 22:03:25] [INFO] [authWatcher] auth_key.json actualizado correctamente
[2025-10-09 22:03:25] [INFO] [preload] Watcher iniciado: auth_key.json
[2025-10-09 22:03:25] [INFO] [loggerWatcher] Observando archivo logger_config.json en: C:\Users\User\Documents\Personal\LockeritDesk\configFiles\logger_config.json
[2025-10-09 22:03:25] [INFO] [loggerWatcher] Archivo logger_config.json cargado correctamente
[2025-10-09 22:03:25] [INFO] [preload] Watcher iniciado: logger_config.json
[2025-10-09 22:03:25] [INFO] [envWatcher] Observando archivo .env en: C:\Users\User\Documents\Personal\LockeritDesk\configFiles\.env
[2025-10-09 22:03:25] [INFO] [envWatcher] Archivo .env cargado correctamente
[2025-10-09 22:03:25] [INFO] [preload] Watcher iniciado: .env
[2025-10-09 22:03:25] [INFO] [preload] API expuesta en window.electronAPI
[2025-10-09 22:03:25] [INFO] [main] [axiosConfig] API BaseURL Inicial: http://localhost:8080
[2025-10-09 22:03:25] [INFO] [main] [axiosConfig] API BaseTimeout Inicial: 30
[2025-10-09 22:03:25] [INFO] [main] get-screen-data-once -> 1920x1048 factor=0.97
[2025-10-09 22:03:25] [INFO] [main] [configStore] Configuración actualizada
[2025-10-09 22:03:25] [INFO] [main] [configStore] config_key.json inicial cargado exitosamente
[2025-10-09 22:03:25] [INFO] [main] [envStore] ENV inicial cargado correctamente
[2025-10-09 22:03:25] [INFO] [main] [envStore] ENV actualizado
[2025-10-09 22:03:25] [INFO] [main] [axiosConfig] API BaseTimeout actualizada dinámicamente: 30
[2025-10-09 22:03:25] [INFO] [main] [assignLocker] API BaseTimeout actualizada dinámicamente: 30
[2025-10-09 22:03:25] [INFO] [main] [authStore] Auth actualizado
[2025-10-09 22:03:25] [INFO] [main] [authStore] auth_key.json inicial cargado exitosamente
[2025-10-09 22:03:26] [INFO] [main] [copyright] Versión cargada: 1.1.0
[2025-10-09 22:03:26] [INFO] [main] [app] Componente App montado
[2025-10-09 22:03:26] [INFO] [main] [app] Versión cargada: 1.1.0
[2025-10-09 22:03:26] [INFO] [main] [copyright] Versión cargada: 1.1.0
[2025-10-09 22:03:26] [INFO] [main] [app] Componente App montado
[2025-10-09 22:03:26] [INFO] [main] [app] Versión cargada: 1.1.0
[2025-10-09 22:03:26] [INFO] [main] [useConfig] Configuración inicial obtenida
[2025-10-09 22:03:26] [INFO] [main] [useConfig] Configuración inicial obtenida
[2025-10-09 22:03:26] [INFO] [main] [useConfig] Configuración inicial obtenida
[2025-10-09 22:03:26] [INFO] [main] [useConfig] Configuración inicial obtenida
[2025-10-09 22:03:26] [INFO] [main] [useConfig] Configuración inicial obtenida
[2025-10-09 22:03:26] [INFO] [main] [useConfig] Configuración inicial obtenida
[2025-10-09 22:03:32] [INFO] [main] [copyright] Versión cargada: 1.1.0
[2025-10-09 22:03:32] [INFO] [main] [app] Componente App montado
[2025-10-09 22:03:32] [INFO] [main] [app] Versión cargada: 1.1.0
[2025-10-09 22:03:32] [INFO] [main] [copyright] Versión cargada: 1.1.0
[2025-10-09 22:03:32] [INFO] [main] [app] Componente App montado
[2025-10-09 22:03:32] [INFO] [main] [app] Versión cargada: 1.1.0
[2025-10-09 22:03:32] [INFO] [main] [useConfig] Configuración inicial obtenida
[2025-10-09 22:03:32] [INFO] [main] [useConfig] Configuración inicial obtenida
[2025-10-09 22:03:32] [INFO] [main] [useConfig] Configuración inicial obtenida
[2025-10-09 22:03:32] [INFO] [main] [useConfig] Configuración inicial obtenida
[2025-10-09 22:03:32] [INFO] [main] [useConfig] Configuración inicial obtenida
[2025-10-09 22:03:32] [INFO] [main] [useConfig] Configuración inicial obtenida
[2025-10-09 22:03:47] [INFO] [main] get-screen-data-once -> 1920x1048 factor=0.97
[2025-10-09 22:03:47] [INFO] [main] [copyright] Versión cargada: 1.1.0
[2025-10-09 22:03:47] [INFO] [main] [app] Componente App montado
[2025-10-09 22:03:47] [INFO] [main] [app] Versión cargada: 1.1.0
[2025-10-09 22:03:47] [INFO] [main] [copyright] Versión cargada: 1.1.0
[2025-10-09 22:03:47] [INFO] [main] [app] Componente App montado
[2025-10-09 22:03:47] [INFO] [main] [app] Versión cargada: 1.1.0
[2025-10-09 22:03:47] [INFO] [main] [useConfig] Configuración inicial obtenida
[2025-10-09 22:03:47] [INFO] [main] [useConfig] Configuración inicial obtenida
[2025-10-09 22:03:47] [INFO] [main] [useConfig] Configuración inicial obtenida
[2025-10-09 22:03:47] [INFO] [main] [useConfig] Configuración inicial obtenida
[2025-10-09 22:03:47] [INFO] [main] [useConfig] Configuración inicial obtenida
[2025-10-09 22:03:47] [INFO] [main] [useConfig] Configuración inicial obtenida
[2025-10-09 22:03:47] [INFO] [main] [copyright] Versión cargada: 1.1.0
[2025-10-09 22:03:47] [INFO] [main] [app] Componente App montado
[2025-10-09 22:03:47] [INFO] [main] [app] Versión cargada: 1.1.0
[2025-10-09 22:03:47] [INFO] [main] [copyright] Versión cargada: 1.1.0
[2025-10-09 22:03:47] [INFO] [main] [app] Componente App montado
[2025-10-09 22:03:47] [INFO] [main] [app] Versión cargada: 1.1.0
[2025-10-09 22:03:47] [INFO] [main] [useConfig] Configuración inicial obtenida
[2025-10-09 22:03:47] [INFO] [main] [useConfig] Configuración inicial obtenida
[2025-10-09 22:03:47] [INFO] [main] [useConfig] Configuración inicial obtenida
[2025-10-09 22:03:47] [INFO] [main] [useConfig] Configuración inicial obtenida
[2025-10-09 22:03:47] [INFO] [main] [useConfig] Configuración inicial obtenida
[2025-10-09 22:03:47] [INFO] [main] [useConfig] Configuración inicial obtenida
[2025-10-09 22:03:47] [INFO] [main] Recibido config actualizado
[2025-10-09 22:03:47] [INFO] [main] Recibido auth actualizado
[2025-10-09 22:03:47] [INFO] [main] Recibido logger actualizado
[2025-10-09 22:03:47] [INFO] [main] Recibido env actualizado
[2025-10-09 22:03:47] [INFO] [preload] Inicializando preload.js
[2025-10-09 22:03:47] [INFO] [setupWatcher] Observando archivo setup_config.json en: C:\Users\User\Documents\Personal\LockeritDesk\configFiles\setup_config.json
[2025-10-09 22:03:47] [INFO] [setupWatcher] Archivo setup_config.json cargado correctamente
[2025-10-09 22:03:47] [INFO] [preload] Watcher iniciado: setup_config.json
[2025-10-09 22:03:47] [INFO] [authWatcher] Observando archivo auth_key.json en: C:\Users\User\Documents\Personal\LockeritDesk\configFiles\auth_key.json
[2025-10-09 22:03:47] [INFO] [authWatcher] auth_key.json actualizado correctamente
[2025-10-09 22:03:47] [INFO] [preload] Watcher iniciado: auth_key.json
[2025-10-09 22:03:47] [INFO] [loggerWatcher] Observando archivo logger_config.json en: C:\Users\User\Documents\Personal\LockeritDesk\configFiles\logger_config.json
[2025-10-09 22:03:47] [INFO] [loggerWatcher] Archivo logger_config.json cargado correctamente
[2025-10-09 22:03:47] [INFO] [preload] Watcher iniciado: logger_config.json
[2025-10-09 22:03:47] [INFO] [envWatcher] Observando archivo .env en: C:\Users\User\Documents\Personal\LockeritDesk\configFiles\.env
[2025-10-09 22:03:47] [INFO] [envWatcher] Archivo .env cargado correctamente
[2025-10-09 22:03:47] [INFO] [preload] Watcher iniciado: .env
[2025-10-09 22:03:47] [INFO] [preload] API expuesta en window.electronAPI
[2025-10-09 22:03:48] [INFO] [main] [axiosConfig] API BaseURL Inicial: http://localhost:8080
[2025-10-09 22:03:48] [INFO] [main] [axiosConfig] API BaseTimeout Inicial: 30
[2025-10-09 22:03:48] [INFO] [main] get-screen-data-once -> 1920x1048 factor=0.97
[2025-10-09 22:03:48] [INFO] [main] [configStore] Configuración actualizada
[2025-10-09 22:03:48] [INFO] [main] [configStore] config_key.json inicial cargado exitosamente
[2025-10-09 22:03:48] [INFO] [main] [envStore] ENV inicial cargado correctamente
[2025-10-09 22:03:48] [INFO] [main] [envStore] ENV actualizado
[2025-10-09 22:03:48] [INFO] [main] [axiosConfig] API BaseTimeout actualizada dinámicamente: 30
[2025-10-09 22:03:48] [INFO] [main] [assignLocker] API BaseTimeout actualizada dinámicamente: 30
[2025-10-09 22:03:48] [INFO] [main] [authStore] Auth actualizado
[2025-10-09 22:03:48] [INFO] [main] [authStore] auth_key.json inicial cargado exitosamente
[2025-10-09 22:03:48] [INFO] [main] [copyright] Versión cargada: 1.1.0
[2025-10-09 22:03:48] [INFO] [main] [app] Componente App montado
[2025-10-09 22:03:48] [INFO] [main] [app] Versión cargada: 1.1.0
[2025-10-09 22:03:48] [INFO] [main] [copyright] Versión cargada: 1.1.0
[2025-10-09 22:03:48] [INFO] [main] [app] Componente App montado
[2025-10-09 22:03:48] [INFO] [main] [app] Versión cargada: 1.1.0
[2025-10-09 22:03:48] [INFO] [main] [useConfig] Configuración inicial obtenida
[2025-10-09 22:03:48] [INFO] [main] [useConfig] Configuración inicial obtenida
[2025-10-09 22:03:48] [INFO] [main] [useConfig] Configuración inicial obtenida
[2025-10-09 22:03:48] [INFO] [main] [useConfig] Configuración inicial obtenida
[2025-10-09 22:03:48] [INFO] [main] [useConfig] Configuración inicial obtenida
[2025-10-09 22:03:48] [INFO] [main] [useConfig] Configuración inicial obtenida
[2025-10-09 22:03:57] [INFO] [main] [copyright] Versión cargada: 1.1.0
[2025-10-09 22:03:57] [INFO] [main] [app] Componente App montado
[2025-10-09 22:03:57] [INFO] [main] [app] Versión cargada: 1.1.0
[2025-10-09 22:03:57] [INFO] [main] [copyright] Versión cargada: 1.1.0
[2025-10-09 22:03:57] [INFO] [main] [app] Componente App montado
[2025-10-09 22:03:57] [INFO] [main] [app] Versión cargada: 1.1.0
[2025-10-09 22:03:57] [INFO] [main] [useConfig] Configuración inicial obtenida
[2025-10-09 22:03:57] [INFO] [main] [useConfig] Configuración inicial obtenida
[2025-10-09 22:03:57] [INFO] [main] [useConfig] Configuración inicial obtenida
[2025-10-09 22:03:57] [INFO] [main] [useConfig] Configuración inicial obtenida
[2025-10-09 22:03:57] [INFO] [main] [useConfig] Configuración inicial obtenida
[2025-10-09 22:03:57] [INFO] [main] [useConfig] Configuración inicial obtenida
[2025-10-09 22:04:37] [INFO] [main] get-screen-data-once -> 1920x1048 factor=0.97
[2025-10-09 22:04:37] [INFO] [main] [copyright] Versión cargada: 1.1.0
[2025-10-09 22:04:37] [INFO] [main] [app] Componente App montado
[2025-10-09 22:04:37] [INFO] [main] [app] Versión cargada: 1.1.0
[2025-10-09 22:04:37] [INFO] [main] [copyright] Versión cargada: 1.1.0
[2025-10-09 22:04:37] [INFO] [main] [app] Componente App montado
[2025-10-09 22:04:37] [INFO] [main] [app] Versión cargada: 1.1.0
[2025-10-09 22:04:37] [INFO] [main] [useConfig] Configuración inicial obtenida
[2025-10-09 22:04:37] [INFO] [main] [useConfig] Configuración inicial obtenida
[2025-10-09 22:04:37] [INFO] [main] [useConfig] Configuración inicial obtenida
[2025-10-09 22:04:37] [INFO] [main] [useConfig] Configuración inicial obtenida
[2025-10-09 22:04:37] [INFO] [main] [useConfig] Configuración inicial obtenida
[2025-10-09 22:04:37] [INFO] [main] [useConfig] Configuración inicial obtenida
[2025-10-09 22:04:38] [INFO] [main] [copyright] Versión cargada: 1.1.0
[2025-10-09 22:04:38] [INFO] [main] [app] Componente App montado
[2025-10-09 22:04:38] [INFO] [main] [app] Versión cargada: 1.1.0
[2025-10-09 22:04:38] [INFO] [main] [copyright] Versión cargada: 1.1.0
[2025-10-09 22:04:38] [INFO] [main] [app] Componente App montado
[2025-10-09 22:04:38] [INFO] [main] [app] Versión cargada: 1.1.0
[2025-10-09 22:04:38] [INFO] [main] [useConfig] Configuración inicial obtenida
[2025-10-09 22:04:38] [INFO] [main] [useConfig] Configuración inicial obtenida
[2025-10-09 22:04:38] [INFO] [main] [useConfig] Configuración inicial obtenida
[2025-10-09 22:04:38] [INFO] [main] [useConfig] Configuración inicial obtenida
[2025-10-09 22:04:38] [INFO] [main] [useConfig] Configuración inicial obtenida
[2025-10-09 22:04:38] [INFO] [main] [useConfig] Configuración inicial obtenida
[2025-10-09 22:04:38] [INFO] [main] Recibido config actualizado
[2025-10-09 22:04:38] [INFO] [main] Recibido auth actualizado
[2025-10-09 22:04:38] [INFO] [main] Recibido logger actualizado
[2025-10-09 22:04:38] [INFO] [main] Recibido env actualizado
[2025-10-09 22:04:38] [INFO] [preload] Inicializando preload.js
[2025-10-09 22:04:38] [INFO] [setupWatcher] Observando archivo setup_config.json en: C:\Users\User\Documents\Personal\LockeritDesk\configFiles\setup_config.json
[2025-10-09 22:04:38] [INFO] [setupWatcher] Archivo setup_config.json cargado correctamente
[2025-10-09 22:04:38] [INFO] [preload] Watcher iniciado: setup_config.json
[2025-10-09 22:04:38] [INFO] [authWatcher] Observando archivo auth_key.json en: C:\Users\User\Documents\Personal\LockeritDesk\configFiles\auth_key.json
[2025-10-09 22:04:38] [INFO] [authWatcher] auth_key.json actualizado correctamente
[2025-10-09 22:04:38] [INFO] [preload] Watcher iniciado: auth_key.json
[2025-10-09 22:04:38] [INFO] [loggerWatcher] Observando archivo logger_config.json en: C:\Users\User\Documents\Personal\LockeritDesk\configFiles\logger_config.json
[2025-10-09 22:04:38] [INFO] [loggerWatcher] Archivo logger_config.json cargado correctamente
[2025-10-09 22:04:38] [INFO] [preload] Watcher iniciado: logger_config.json
[2025-10-09 22:04:38] [INFO] [envWatcher] Observando archivo .env en: C:\Users\User\Documents\Personal\LockeritDesk\configFiles\.env
[2025-10-09 22:04:38] [INFO] [envWatcher] Archivo .env cargado correctamente
[2025-10-09 22:04:38] [INFO] [preload] Watcher iniciado: .env
[2025-10-09 22:04:38] [INFO] [preload] API expuesta en window.electronAPI
[2025-10-09 22:04:38] [INFO] [main] [axiosConfig] API BaseURL Inicial: http://localhost:8080
[2025-10-09 22:04:38] [INFO] [main] [axiosConfig] API BaseTimeout Inicial: 30
[2025-10-09 22:04:38] [INFO] [main] get-screen-data-once -> 1920x1048 factor=0.97
[2025-10-09 22:04:38] [INFO] [main] [configStore] Configuración actualizada
[2025-10-09 22:04:38] [INFO] [main] [configStore] config_key.json inicial cargado exitosamente
[2025-10-09 22:04:38] [INFO] [main] [envStore] ENV inicial cargado correctamente
[2025-10-09 22:04:38] [INFO] [main] [envStore] ENV actualizado
[2025-10-09 22:04:38] [INFO] [main] [axiosConfig] API BaseTimeout actualizada dinámicamente: 30
[2025-10-09 22:04:38] [INFO] [main] [assignLocker] API BaseTimeout actualizada dinámicamente: 30
[2025-10-09 22:04:38] [INFO] [main] [authStore] Auth actualizado
[2025-10-09 22:04:38] [INFO] [main] [authStore] auth_key.json inicial cargado exitosamente
[2025-10-09 22:04:38] [INFO] [main] [copyright] Versión cargada: 1.1.0
[2025-10-09 22:04:38] [INFO] [main] [app] Componente App montado
[2025-10-09 22:04:38] [INFO] [main] [app] Versión cargada: 1.1.0
[2025-10-09 22:04:38] [INFO] [main] [copyright] Versión cargada: 1.1.0
[2025-10-09 22:04:38] [INFO] [main] [app] Componente App montado
[2025-10-09 22:04:38] [INFO] [main] [app] Versión cargada: 1.1.0
[2025-10-09 22:04:39] [INFO] [main] [useConfig] Configuración inicial obtenida
[2025-10-09 22:04:39] [INFO] [main] [useConfig] Configuración inicial obtenida
[2025-10-09 22:04:39] [INFO] [main] [useConfig] Configuración inicial obtenida
[2025-10-09 22:04:39] [INFO] [main] [useConfig] Configuración inicial obtenida
[2025-10-09 22:04:39] [INFO] [main] [useConfig] Configuración inicial obtenida
[2025-10-09 22:04:39] [INFO] [main] [useConfig] Configuración inicial obtenida
[2025-10-09 22:04:39] [INFO] [main] [copyright] Versión cargada: 1.1.0
[2025-10-09 22:04:39] [INFO] [main] [app] Componente App montado
[2025-10-09 22:04:39] [INFO] [main] [app] Versión cargada: 1.1.0
[2025-10-09 22:04:39] [INFO] [main] [copyright] Versión cargada: 1.1.0
[2025-10-09 22:04:39] [INFO] [main] [app] Componente App montado
[2025-10-09 22:04:39] [INFO] [main] [app] Versión cargada: 1.1.0
[2025-10-09 22:04:39] [INFO] [main] [useConfig] Configuración inicial obtenida
[2025-10-09 22:04:39] [INFO] [main] [useConfig] Configuración inicial obtenida
[2025-10-09 22:04:39] [INFO] [main] [useConfig] Configuración inicial obtenida
[2025-10-09 22:04:39] [INFO] [main] [useConfig] Configuración inicial obtenida
[2025-10-09 22:04:39] [INFO] [main] [useConfig] Configuración inicial obtenida
[2025-10-09 22:04:39] [INFO] [main] [useConfig] Configuración inicial obtenida
[2025-10-09 22:04:56] [INFO] [main] get-screen-data-once -> 1920x1048 factor=0.97
[2025-10-09 22:04:56] [INFO] [main] [copyright] Versión cargada: 1.1.0
[2025-10-09 22:04:56] [INFO] [main] [app] Componente App montado
[2025-10-09 22:04:56] [INFO] [main] [app] Versión cargada: 1.1.0
[2025-10-09 22:04:56] [INFO] [main] [copyright] Versión cargada: 1.1.0
[2025-10-09 22:04:56] [INFO] [main] [app] Componente App montado
[2025-10-09 22:04:56] [INFO] [main] [app] Versión cargada: 1.1.0
[2025-10-09 22:04:56] [INFO] [main] [useConfig] Configuración inicial obtenida
[2025-10-09 22:04:56] [INFO] [main] [useConfig] Configuración inicial obtenida
[2025-10-09 22:04:56] [INFO] [main] [useConfig] Configuración inicial obtenida
[2025-10-09 22:04:56] [INFO] [main] [useConfig] Configuración inicial obtenida
[2025-10-09 22:04:56] [INFO] [main] [useConfig] Configuración inicial obtenida
[2025-10-09 22:04:56] [INFO] [main] [useConfig] Configuración inicial obtenida
[2025-10-09 22:04:56] [INFO] [main] [copyright] Versión cargada: 1.1.0
[2025-10-09 22:04:56] [INFO] [main] [app] Componente App montado
[2025-10-09 22:04:56] [INFO] [main] [app] Versión cargada: 1.1.0
[2025-10-09 22:04:56] [INFO] [main] [copyright] Versión cargada: 1.1.0
[2025-10-09 22:04:56] [INFO] [main] [app] Componente App montado
[2025-10-09 22:04:56] [INFO] [main] [app] Versión cargada: 1.1.0
[2025-10-09 22:04:56] [INFO] [main] [useConfig] Configuración inicial obtenida
[2025-10-09 22:04:56] [INFO] [main] [useConfig] Configuración inicial obtenida
[2025-10-09 22:04:56] [INFO] [main] [useConfig] Configuración inicial obtenida
[2025-10-09 22:04:56] [INFO] [main] [useConfig] Configuración inicial obtenida
[2025-10-09 22:04:56] [INFO] [main] [useConfig] Configuración inicial obtenida
[2025-10-09 22:04:56] [INFO] [main] [useConfig] Configuración inicial obtenida
[2025-10-09 22:04:57] [INFO] [main] Recibido config actualizado
[2025-10-09 22:04:57] [INFO] [main] Recibido auth actualizado
[2025-10-09 22:04:57] [INFO] [main] Recibido logger actualizado
[2025-10-09 22:04:57] [INFO] [main] Recibido env actualizado
[2025-10-09 22:04:57] [INFO] [preload] Inicializando preload.js
[2025-10-09 22:04:57] [INFO] [setupWatcher] Observando archivo setup_config.json en: C:\Users\User\Documents\Personal\LockeritDesk\configFiles\setup_config.json
[2025-10-09 22:04:57] [INFO] [setupWatcher] Archivo setup_config.json cargado correctamente
[2025-10-09 22:04:57] [INFO] [preload] Watcher iniciado: setup_config.json
[2025-10-09 22:04:57] [INFO] [authWatcher] Observando archivo auth_key.json en: C:\Users\User\Documents\Personal\LockeritDesk\configFiles\auth_key.json
[2025-10-09 22:04:57] [INFO] [authWatcher] auth_key.json actualizado correctamente
[2025-10-09 22:04:57] [INFO] [preload] Watcher iniciado: auth_key.json
[2025-10-09 22:04:57] [INFO] [loggerWatcher] Observando archivo logger_config.json en: C:\Users\User\Documents\Personal\LockeritDesk\configFiles\logger_config.json
[2025-10-09 22:04:57] [INFO] [loggerWatcher] Archivo logger_config.json cargado correctamente
[2025-10-09 22:04:57] [INFO] [preload] Watcher iniciado: logger_config.json
[2025-10-09 22:04:57] [INFO] [envWatcher] Observando archivo .env en: C:\Users\User\Documents\Personal\LockeritDesk\configFiles\.env
[2025-10-09 22:04:57] [INFO] [envWatcher] Archivo .env cargado correctamente
[2025-10-09 22:04:57] [INFO] [preload] Watcher iniciado: .env
[2025-10-09 22:04:57] [INFO] [preload] API expuesta en window.electronAPI
[2025-10-09 22:04:57] [INFO] [main] [axiosConfig] API BaseURL Inicial: http://localhost:8080
[2025-10-09 22:04:57] [INFO] [main] [axiosConfig] API BaseTimeout Inicial: 30
[2025-10-09 22:04:57] [INFO] [main] get-screen-data-once -> 1920x1048 factor=0.97
[2025-10-09 22:04:57] [INFO] [main] [configStore] Configuración actualizada
[2025-10-09 22:04:57] [INFO] [main] [configStore] config_key.json inicial cargado exitosamente
[2025-10-09 22:04:57] [INFO] [main] [envStore] ENV inicial cargado correctamente
[2025-10-09 22:04:57] [INFO] [main] [envStore] ENV actualizado
[2025-10-09 22:04:57] [INFO] [main] [axiosConfig] API BaseTimeout actualizada dinámicamente: 30
[2025-10-09 22:04:57] [INFO] [main] [assignLocker] API BaseTimeout actualizada dinámicamente: 30
[2025-10-09 22:04:57] [INFO] [main] [authStore] Auth actualizado
[2025-10-09 22:04:57] [INFO] [main] [authStore] auth_key.json inicial cargado exitosamente
[2025-10-09 22:04:57] [INFO] [main] [copyright] Versión cargada: 1.1.0
[2025-10-09 22:04:57] [INFO] [main] [app] Componente App montado
[2025-10-09 22:04:57] [INFO] [main] [app] Versión cargada: 1.1.0
[2025-10-09 22:04:57] [INFO] [main] [copyright] Versión cargada: 1.1.0
[2025-10-09 22:04:57] [INFO] [main] [app] Componente App montado
[2025-10-09 22:04:57] [INFO] [main] [app] Versión cargada: 1.1.0
[2025-10-09 22:04:57] [INFO] [main] [useConfig] Configuración inicial obtenida
[2025-10-09 22:04:57] [INFO] [main] [useConfig] Configuración inicial obtenida
[2025-10-09 22:04:57] [INFO] [main] [useConfig] Configuración inicial obtenida
[2025-10-09 22:04:57] [INFO] [main] [useConfig] Configuración inicial obtenida
[2025-10-09 22:04:57] [INFO] [main] [useConfig] Configuración inicial obtenida
[2025-10-09 22:04:57] [INFO] [main] [useConfig] Configuración inicial obtenida
[2025-10-09 22:05:07] [INFO] [main] [copyright] Versión cargada: 1.1.0
[2025-10-09 22:05:07] [INFO] [main] [app] Componente App montado
[2025-10-09 22:05:07] [INFO] [main] [app] Versión cargada: 1.1.0
[2025-10-09 22:05:07] [INFO] [main] [copyright] Versión cargada: 1.1.0
[2025-10-09 22:05:07] [INFO] [main] [app] Componente App montado
[2025-10-09 22:05:07] [INFO] [main] [app] Versión cargada: 1.1.0
[2025-10-09 22:05:07] [INFO] [main] [useConfig] Configuración inicial obtenida
[2025-10-09 22:05:07] [INFO] [main] [useConfig] Configuración inicial obtenida
[2025-10-09 22:05:07] [INFO] [main] [useConfig] Configuración inicial obtenida
[2025-10-09 22:05:07] [INFO] [main] [useConfig] Configuración inicial obtenida
[2025-10-09 22:05:07] [INFO] [main] [useConfig] Configuración inicial obtenida
[2025-10-09 22:05:07] [INFO] [main] [useConfig] Configuración inicial obtenida
[2025-10-09 22:05:33] [INFO] [main] get-screen-data-once -> 1920x1048 factor=0.97
[2025-10-09 22:05:33] [INFO] [main] [copyright] Versión cargada: 1.1.0
[2025-10-09 22:05:33] [INFO] [main] [app] Componente App montado
[2025-10-09 22:05:33] [INFO] [main] [app] Versión cargada: 1.1.0
[2025-10-09 22:05:33] [INFO] [main] [copyright] Versión cargada: 1.1.0
[2025-10-09 22:05:33] [INFO] [main] [app] Componente App montado
[2025-10-09 22:05:33] [INFO] [main] [app] Versión cargada: 1.1.0
[2025-10-09 22:05:33] [INFO] [main] [useConfig] Configuración inicial obtenida
[2025-10-09 22:05:33] [INFO] [main] [useConfig] Configuración inicial obtenida
[2025-10-09 22:05:33] [INFO] [main] [useConfig] Configuración inicial obtenida
[2025-10-09 22:05:33] [INFO] [main] [useConfig] Configuración inicial obtenida
[2025-10-09 22:05:33] [INFO] [main] [useConfig] Configuración inicial obtenida
[2025-10-09 22:05:33] [INFO] [main] [useConfig] Configuración inicial obtenida
[2025-10-09 22:05:33] [INFO] [main] Recibido config actualizado
[2025-10-09 22:05:33] [INFO] [main] Recibido auth actualizado
[2025-10-09 22:05:33] [INFO] [main] Recibido logger actualizado
[2025-10-09 22:05:33] [INFO] [main] Recibido env actualizado
[2025-10-09 22:05:33] [INFO] [preload] Inicializando preload.js
[2025-10-09 22:05:33] [INFO] [setupWatcher] Observando archivo setup_config.json en: C:\Users\User\Documents\Personal\LockeritDesk\configFiles\setup_config.json
[2025-10-09 22:05:33] [INFO] [setupWatcher] Archivo setup_config.json cargado correctamente
[2025-10-09 22:05:33] [INFO] [preload] Watcher iniciado: setup_config.json
[2025-10-09 22:05:33] [INFO] [authWatcher] Observando archivo auth_key.json en: C:\Users\User\Documents\Personal\LockeritDesk\configFiles\auth_key.json
[2025-10-09 22:05:33] [INFO] [authWatcher] auth_key.json actualizado correctamente
[2025-10-09 22:05:33] [INFO] [preload] Watcher iniciado: auth_key.json
[2025-10-09 22:05:33] [INFO] [loggerWatcher] Observando archivo logger_config.json en: C:\Users\User\Documents\Personal\LockeritDesk\configFiles\logger_config.json
[2025-10-09 22:05:33] [INFO] [loggerWatcher] Archivo logger_config.json cargado correctamente
[2025-10-09 22:05:33] [INFO] [preload] Watcher iniciado: logger_config.json
[2025-10-09 22:05:33] [INFO] [envWatcher] Observando archivo .env en: C:\Users\User\Documents\Personal\LockeritDesk\configFiles\.env
[2025-10-09 22:05:33] [INFO] [envWatcher] Archivo .env cargado correctamente
[2025-10-09 22:05:33] [INFO] [preload] Watcher iniciado: .env
[2025-10-09 22:05:33] [INFO] [preload] API expuesta en window.electronAPI
[2025-10-09 22:05:34] [INFO] [main] [axiosConfig] API BaseURL Inicial: http://localhost:8080
[2025-10-09 22:05:34] [INFO] [main] [axiosConfig] API BaseTimeout Inicial: 30
[2025-10-09 22:05:34] [INFO] [main] get-screen-data-once -> 1920x1048 factor=0.97
[2025-10-09 22:05:34] [INFO] [main] [configStore] Configuración actualizada
[2025-10-09 22:05:34] [INFO] [main] [configStore] config_key.json inicial cargado exitosamente
[2025-10-09 22:05:34] [INFO] [main] [envStore] ENV inicial cargado correctamente
[2025-10-09 22:05:34] [INFO] [main] [envStore] ENV actualizado
[2025-10-09 22:05:34] [INFO] [main] [axiosConfig] API BaseTimeout actualizada dinámicamente: 30
[2025-10-09 22:05:34] [INFO] [main] [assignLocker] API BaseTimeout actualizada dinámicamente: 30
[2025-10-09 22:05:34] [INFO] [main] [authStore] Auth actualizado
[2025-10-09 22:05:34] [INFO] [main] [authStore] auth_key.json inicial cargado exitosamente
[2025-10-09 22:05:34] [INFO] [main] [copyright] Versión cargada: 1.1.0
[2025-10-09 22:05:34] [INFO] [main] [app] Componente App montado
[2025-10-09 22:05:34] [INFO] [main] [app] Versión cargada: 1.1.0
[2025-10-09 22:05:34] [INFO] [main] [copyright] Versión cargada: 1.1.0
[2025-10-09 22:05:34] [INFO] [main] [app] Componente App montado
[2025-10-09 22:05:34] [INFO] [main] [app] Versión cargada: 1.1.0
[2025-10-09 22:05:34] [INFO] [main] [useConfig] Configuración inicial obtenida
[2025-10-09 22:05:34] [INFO] [main] [useConfig] Configuración inicial obtenida
[2025-10-09 22:05:34] [INFO] [main] [useConfig] Configuración inicial obtenida
[2025-10-09 22:05:34] [INFO] [main] [useConfig] Configuración inicial obtenida
[2025-10-09 22:05:34] [INFO] [main] [useConfig] Configuración inicial obtenida
[2025-10-09 22:05:34] [INFO] [main] [useConfig] Configuración inicial obtenida
[2025-10-09 22:05:36] [INFO] [main] [copyright] Versión cargada: 1.1.0
[2025-10-09 22:05:36] [INFO] [main] [app] Componente App montado
[2025-10-09 22:05:36] [INFO] [main] [app] Versión cargada: 1.1.0
[2025-10-09 22:05:36] [INFO] [main] [copyright] Versión cargada: 1.1.0
[2025-10-09 22:05:36] [INFO] [main] [app] Componente App montado
[2025-10-09 22:05:36] [INFO] [main] [app] Versión cargada: 1.1.0
[2025-10-09 22:05:36] [INFO] [main] [useConfig] Configuración inicial obtenida
[2025-10-09 22:05:36] [INFO] [main] [useConfig] Configuración inicial obtenida
[2025-10-09 22:05:36] [INFO] [main] [useConfig] Configuración inicial obtenida
[2025-10-09 22:05:36] [INFO] [main] [useConfig] Configuración inicial obtenida
[2025-10-09 22:05:36] [INFO] [main] [useConfig] Configuración inicial obtenida
[2025-10-09 22:05:36] [INFO] [main] [useConfig] Configuración inicial obtenida
[2025-10-09 22:05:46] [INFO] [main] get-screen-data-once -> 1920x1048 factor=0.97
[2025-10-09 22:05:46] [INFO] [main] [copyright] Versión cargada: 1.1.0
[2025-10-09 22:05:46] [INFO] [main] [app] Componente App montado
[2025-10-09 22:05:46] [INFO] [main] [app] Versión cargada: 1.1.0
[2025-10-09 22:05:46] [INFO] [main] [copyright] Versión cargada: 1.1.0
[2025-10-09 22:05:46] [INFO] [main] [app] Componente App montado
[2025-10-09 22:05:46] [INFO] [main] [app] Versión cargada: 1.1.0
[2025-10-09 22:05:47] [INFO] [main] [useConfig] Configuración inicial obtenida
[2025-10-09 22:05:47] [INFO] [main] [useConfig] Configuración inicial obtenida
[2025-10-09 22:05:47] [INFO] [main] [useConfig] Configuración inicial obtenida
[2025-10-09 22:05:47] [INFO] [main] [useConfig] Configuración inicial obtenida
[2025-10-09 22:05:47] [INFO] [main] [useConfig] Configuración inicial obtenida
[2025-10-09 22:05:47] [INFO] [main] [useConfig] Configuración inicial obtenida
[2025-10-09 22:05:47] [INFO] [main] [copyright] Versión cargada: 1.1.0
[2025-10-09 22:05:47] [INFO] [main] [app] Componente App montado
[2025-10-09 22:05:47] [INFO] [main] [app] Versión cargada: 1.1.0
[2025-10-09 22:05:47] [INFO] [main] [copyright] Versión cargada: 1.1.0
[2025-10-09 22:05:47] [INFO] [main] [app] Componente App montado
[2025-10-09 22:05:47] [INFO] [main] [app] Versión cargada: 1.1.0
[2025-10-09 22:05:47] [INFO] [main] [useConfig] Configuración inicial obtenida
[2025-10-09 22:05:47] [INFO] [main] [useConfig] Configuración inicial obtenida
[2025-10-09 22:05:47] [INFO] [main] [useConfig] Configuración inicial obtenida
[2025-10-09 22:05:47] [INFO] [main] [useConfig] Configuración inicial obtenida
[2025-10-09 22:05:47] [INFO] [main] [useConfig] Configuración inicial obtenida
[2025-10-09 22:05:47] [INFO] [main] [useConfig] Configuración inicial obtenida
[2025-10-09 22:05:47] [INFO] [main] Recibido config actualizado
[2025-10-09 22:05:47] [INFO] [main] Recibido auth actualizado
[2025-10-09 22:05:47] [INFO] [main] Recibido logger actualizado
[2025-10-09 22:05:47] [INFO] [main] Recibido env actualizado
[2025-10-09 22:05:47] [INFO] [preload] Inicializando preload.js
[2025-10-09 22:05:47] [INFO] [setupWatcher] Observando archivo setup_config.json en: C:\Users\User\Documents\Personal\LockeritDesk\configFiles\setup_config.json
[2025-10-09 22:05:47] [INFO] [setupWatcher] Archivo setup_config.json cargado correctamente
[2025-10-09 22:05:47] [INFO] [preload] Watcher iniciado: setup_config.json
[2025-10-09 22:05:47] [INFO] [authWatcher] Observando archivo auth_key.json en: C:\Users\User\Documents\Personal\LockeritDesk\configFiles\auth_key.json
[2025-10-09 22:05:47] [INFO] [authWatcher] auth_key.json actualizado correctamente
[2025-10-09 22:05:47] [INFO] [preload] Watcher iniciado: auth_key.json
[2025-10-09 22:05:47] [INFO] [loggerWatcher] Observando archivo logger_config.json en: C:\Users\User\Documents\Personal\LockeritDesk\configFiles\logger_config.json
[2025-10-09 22:05:47] [INFO] [loggerWatcher] Archivo logger_config.json cargado correctamente
[2025-10-09 22:05:47] [INFO] [preload] Watcher iniciado: logger_config.json
[2025-10-09 22:05:47] [INFO] [envWatcher] Observando archivo .env en: C:\Users\User\Documents\Personal\LockeritDesk\configFiles\.env
[2025-10-09 22:05:47] [INFO] [envWatcher] Archivo .env cargado correctamente
[2025-10-09 22:05:47] [INFO] [preload] Watcher iniciado: .env
[2025-10-09 22:05:47] [INFO] [preload] API expuesta en window.electronAPI
[2025-10-09 22:05:52] [INFO] [main] [axiosConfig] API BaseURL Inicial: http://localhost:8080
[2025-10-09 22:05:52] [INFO] [main] [axiosConfig] API BaseTimeout Inicial: 30
[2025-10-09 22:05:52] [INFO] [main] get-screen-data-once -> 1920x1048 factor=0.97
[2025-10-09 22:05:52] [INFO] [main] [configStore] Configuración actualizada
[2025-10-09 22:05:52] [INFO] [main] [configStore] config_key.json inicial cargado exitosamente
[2025-10-09 22:05:52] [INFO] [main] [envStore] ENV inicial cargado correctamente
[2025-10-09 22:05:52] [INFO] [main] [envStore] ENV actualizado
[2025-10-09 22:05:52] [INFO] [main] [axiosConfig] API BaseTimeout actualizada dinámicamente: 30
[2025-10-09 22:05:52] [INFO] [main] [assignLocker] API BaseTimeout actualizada dinámicamente: 30
[2025-10-09 22:05:52] [INFO] [main] [authStore] Auth actualizado
[2025-10-09 22:05:52] [INFO] [main] [authStore] auth_key.json inicial cargado exitosamente
[2025-10-09 22:05:52] [INFO] [main] [copyright] Versión cargada: 1.1.0
[2025-10-09 22:05:52] [INFO] [main] [app] Componente App montado
[2025-10-09 22:05:52] [INFO] [main] [app] Versión cargada: 1.1.0
[2025-10-09 22:05:52] [INFO] [main] [copyright] Versión cargada: 1.1.0
[2025-10-09 22:05:52] [INFO] [main] [app] Componente App montado
[2025-10-09 22:05:52] [INFO] [main] [app] Versión cargada: 1.1.0
[2025-10-09 22:05:52] [INFO] [main] [useConfig] Configuración inicial obtenida
[2025-10-09 22:05:52] [INFO] [main] [useConfig] Configuración inicial obtenida
[2025-10-09 22:05:52] [INFO] [main] [useConfig] Configuración inicial obtenida
[2025-10-09 22:05:52] [INFO] [main] [useConfig] Configuración inicial obtenida
[2025-10-09 22:05:52] [INFO] [main] [useConfig] Configuración inicial obtenida
[2025-10-09 22:05:52] [INFO] [main] [useConfig] Configuración inicial obtenida
[2025-10-09 22:06:01] [INFO] [main] [copyright] Versión cargada: 1.1.0
[2025-10-09 22:06:01] [INFO] [main] [app] Componente App montado
[2025-10-09 22:06:01] [INFO] [main] [app] Versión cargada: 1.1.0
[2025-10-09 22:06:01] [INFO] [main] [copyright] Versión cargada: 1.1.0
[2025-10-09 22:06:01] [INFO] [main] [app] Componente App montado
[2025-10-09 22:06:01] [INFO] [main] [app] Versión cargada: 1.1.0
[2025-10-09 22:06:01] [INFO] [main] [useConfig] Configuración inicial obtenida
[2025-10-09 22:06:01] [INFO] [main] [useConfig] Configuración inicial obtenida
[2025-10-09 22:06:01] [INFO] [main] [useConfig] Configuración inicial obtenida
[2025-10-09 22:06:01] [INFO] [main] [useConfig] Configuración inicial obtenida
[2025-10-09 22:06:01] [INFO] [main] [useConfig] Configuración inicial obtenida
[2025-10-09 22:06:01] [INFO] [main] [useConfig] Configuración inicial obtenida
[2025-10-09 22:06:10] [INFO] [main] get-screen-data-once -> 1920x1048 factor=0.97
[2025-10-09 22:06:10] [INFO] [main] [copyright] Versión cargada: 1.1.0
[2025-10-09 22:06:10] [INFO] [main] [app] Componente App montado
[2025-10-09 22:06:10] [INFO] [main] [app] Versión cargada: 1.1.0
[2025-10-09 22:06:10] [INFO] [main] [copyright] Versión cargada: 1.1.0
[2025-10-09 22:06:10] [INFO] [main] [app] Componente App montado
[2025-10-09 22:06:10] [INFO] [main] [app] Versión cargada: 1.1.0
[2025-10-09 22:06:10] [INFO] [main] [useConfig] Configuración inicial obtenida
[2025-10-09 22:06:10] [INFO] [main] [useConfig] Configuración inicial obtenida
[2025-10-09 22:06:10] [INFO] [main] [useConfig] Configuración inicial obtenida
[2025-10-09 22:06:10] [INFO] [main] [useConfig] Configuración inicial obtenida
[2025-10-09 22:06:10] [INFO] [main] [useConfig] Configuración inicial obtenida
[2025-10-09 22:06:10] [INFO] [main] [useConfig] Configuración inicial obtenida
[2025-10-09 22:06:10] [INFO] [main] [copyright] Versión cargada: 1.1.0
[2025-10-09 22:06:10] [INFO] [main] [app] Componente App montado
[2025-10-09 22:06:10] [INFO] [main] [app] Versión cargada: 1.1.0
[2025-10-09 22:06:10] [INFO] [main] [copyright] Versión cargada: 1.1.0
[2025-10-09 22:06:10] [INFO] [main] [app] Componente App montado
[2025-10-09 22:06:10] [INFO] [main] [app] Versión cargada: 1.1.0
[2025-10-09 22:06:10] [INFO] [main] [useConfig] Configuración inicial obtenida
[2025-10-09 22:06:10] [INFO] [main] [useConfig] Configuración inicial obtenida
[2025-10-09 22:06:10] [INFO] [main] [useConfig] Configuración inicial obtenida
[2025-10-09 22:06:10] [INFO] [main] [useConfig] Configuración inicial obtenida
[2025-10-09 22:06:10] [INFO] [main] [useConfig] Configuración inicial obtenida
[2025-10-09 22:06:10] [INFO] [main] [useConfig] Configuración inicial obtenida
[2025-10-09 22:06:10] [INFO] [main] Recibido config actualizado
[2025-10-09 22:06:10] [INFO] [main] Recibido auth actualizado
[2025-10-09 22:06:10] [INFO] [main] Recibido logger actualizado
[2025-10-09 22:06:10] [INFO] [main] Recibido env actualizado
[2025-10-09 22:06:10] [INFO] [preload] Inicializando preload.js
[2025-10-09 22:06:10] [INFO] [setupWatcher] Observando archivo setup_config.json en: C:\Users\User\Documents\Personal\LockeritDesk\configFiles\setup_config.json
[2025-10-09 22:06:10] [INFO] [setupWatcher] Archivo setup_config.json cargado correctamente
[2025-10-09 22:06:10] [INFO] [preload] Watcher iniciado: setup_config.json
[2025-10-09 22:06:10] [INFO] [authWatcher] Observando archivo auth_key.json en: C:\Users\User\Documents\Personal\LockeritDesk\configFiles\auth_key.json
[2025-10-09 22:06:10] [INFO] [authWatcher] auth_key.json actualizado correctamente
[2025-10-09 22:06:10] [INFO] [preload] Watcher iniciado: auth_key.json
[2025-10-09 22:06:10] [INFO] [loggerWatcher] Observando archivo logger_config.json en: C:\Users\User\Documents\Personal\LockeritDesk\configFiles\logger_config.json
[2025-10-09 22:06:10] [INFO] [loggerWatcher] Archivo logger_config.json cargado correctamente
[2025-10-09 22:06:10] [INFO] [preload] Watcher iniciado: logger_config.json
[2025-10-09 22:06:10] [INFO] [envWatcher] Observando archivo .env en: C:\Users\User\Documents\Personal\LockeritDesk\configFiles\.env
[2025-10-09 22:06:10] [INFO] [envWatcher] Archivo .env cargado correctamente
[2025-10-09 22:06:10] [INFO] [preload] Watcher iniciado: .env
[2025-10-09 22:06:10] [INFO] [preload] API expuesta en window.electronAPI
[2025-10-09 22:06:11] [INFO] [main] [axiosConfig] API BaseURL Inicial: http://localhost:8080
[2025-10-09 22:06:11] [INFO] [main] [axiosConfig] API BaseTimeout Inicial: 30
[2025-10-09 22:06:11] [INFO] [main] get-screen-data-once -> 1920x1048 factor=0.97
[2025-10-09 22:06:11] [INFO] [main] [configStore] Configuración actualizada
[2025-10-09 22:06:11] [INFO] [main] [configStore] config_key.json inicial cargado exitosamente
[2025-10-09 22:06:11] [INFO] [main] [envStore] ENV inicial cargado correctamente
[2025-10-09 22:06:11] [INFO] [main] [envStore] ENV actualizado
[2025-10-09 22:06:11] [INFO] [main] [axiosConfig] API BaseTimeout actualizada dinámicamente: 30
[2025-10-09 22:06:11] [INFO] [main] [assignLocker] API BaseTimeout actualizada dinámicamente: 30
[2025-10-09 22:06:11] [INFO] [main] [authStore] Auth actualizado
[2025-10-09 22:06:11] [INFO] [main] [authStore] auth_key.json inicial cargado exitosamente
[2025-10-09 22:06:11] [INFO] [main] [copyright] Versión cargada: 1.1.0
[2025-10-09 22:06:11] [INFO] [main] [app] Componente App montado
[2025-10-09 22:06:11] [INFO] [main] [app] Versión cargada: 1.1.0
[2025-10-09 22:06:11] [INFO] [main] [copyright] Versión cargada: 1.1.0
[2025-10-09 22:06:11] [INFO] [main] [app] Componente App montado
[2025-10-09 22:06:11] [INFO] [main] [app] Versión cargada: 1.1.0
[2025-10-09 22:06:11] [INFO] [main] [useConfig] Configuración inicial obtenida
[2025-10-09 22:06:11] [INFO] [main] [useConfig] Configuración inicial obtenida
[2025-10-09 22:06:11] [INFO] [main] [useConfig] Configuración inicial obtenida
[2025-10-09 22:06:11] [INFO] [main] [useConfig] Configuración inicial obtenida
[2025-10-09 22:06:11] [INFO] [main] [useConfig] Configuración inicial obtenida
[2025-10-09 22:06:11] [INFO] [main] [useConfig] Configuración inicial obtenida
[2025-10-09 22:06:22] [INFO] [main] [copyright] Versión cargada: 1.1.0
[2025-10-09 22:06:22] [INFO] [main] [app] Componente App montado
[2025-10-09 22:06:22] [INFO] [main] [app] Versión cargada: 1.1.0
[2025-10-09 22:06:22] [INFO] [main] [copyright] Versión cargada: 1.1.0
[2025-10-09 22:06:22] [INFO] [main] [app] Componente App montado
[2025-10-09 22:06:22] [INFO] [main] [app] Versión cargada: 1.1.0
[2025-10-09 22:06:22] [INFO] [main] [useConfig] Configuración inicial obtenida
[2025-10-09 22:06:22] [INFO] [main] [useConfig] Configuración inicial obtenida
[2025-10-09 22:06:22] [INFO] [main] [useConfig] Configuración inicial obtenida
[2025-10-09 22:06:22] [INFO] [main] [useConfig] Configuración inicial obtenida
[2025-10-09 22:06:22] [INFO] [main] [useConfig] Configuración inicial obtenida
[2025-10-09 22:06:22] [INFO] [main] [useConfig] Configuración inicial obtenida
[2025-10-09 23:17:21] [INFO] [main] Iniciando aplicación Electron
[2025-10-09 23:17:21] [INFO] [main] .env cargado desde C:\Users\User\Documents\Personal\LockeritDesk\configFiles\.env
[2025-10-09 23:17:21] [INFO] [main] App lista, creando ventana...
[2025-10-09 23:17:21] [INFO] [main] Creando ventana principal...
[2025-10-09 23:17:21] [INFO] [main] Cargando URL: http://localhost:5173
[2025-10-09 23:17:21] [INFO] [main] Recibido config actualizado
[2025-10-09 23:17:21] [INFO] [main] Recibido auth actualizado
[2025-10-09 23:17:21] [INFO] [main] Recibido logger actualizado
[2025-10-09 23:17:21] [INFO] [main] Recibido env actualizado
[2025-10-09 23:17:21] [INFO] [preload] Inicializando preload.js
[2025-10-09 23:17:21] [INFO] [setupWatcher] Observando archivo setup_config.json en: C:\Users\User\Documents\Personal\LockeritDesk\configFiles\setup_config.json
[2025-10-09 23:17:21] [INFO] [setupWatcher] Archivo setup_config.json cargado correctamente
[2025-10-09 23:17:21] [INFO] [preload] Watcher iniciado: setup_config.json
[2025-10-09 23:17:21] [INFO] [authWatcher] Observando archivo auth_key.json en: C:\Users\User\Documents\Personal\LockeritDesk\configFiles\auth_key.json
[2025-10-09 23:17:21] [INFO] [authWatcher] auth_key.json actualizado correctamente
[2025-10-09 23:17:21] [INFO] [preload] Watcher iniciado: auth_key.json
[2025-10-09 23:17:21] [INFO] [loggerWatcher] Observando archivo logger_config.json en: C:\Users\User\Documents\Personal\LockeritDesk\configFiles\logger_config.json
[2025-10-09 23:17:21] [INFO] [loggerWatcher] Archivo logger_config.json cargado correctamente
[2025-10-09 23:17:21] [INFO] [preload] Watcher iniciado: logger_config.json
[2025-10-09 23:17:21] [INFO] [envWatcher] Observando archivo .env en: C:\Users\User\Documents\Personal\LockeritDesk\configFiles\.env
[2025-10-09 23:17:21] [INFO] [envWatcher] Archivo .env cargado correctamente
[2025-10-09 23:17:21] [INFO] [preload] Watcher iniciado: .env
[2025-10-09 23:17:21] [INFO] [preload] API expuesta en window.electronAPI
[2025-10-09 23:17:22] [INFO] [main] [axiosConfig] API BaseURL Inicial: http://localhost:8080
[2025-10-09 23:17:22] [INFO] [main] [axiosConfig] API BaseTimeout Inicial: 30
[2025-10-09 23:17:22] [INFO] [main] [configStore] Configuración actualizada
[2025-10-09 23:17:22] [INFO] [main] [configStore] config_key.json inicial cargado exitosamente
[2025-10-09 23:17:22] [INFO] [main] [envStore] ENV inicial cargado correctamente
[2025-10-09 23:17:22] [INFO] [main] [envStore] ENV actualizado
[2025-10-09 23:17:22] [INFO] [main] [axiosConfig] API BaseTimeout actualizada dinámicamente: 30
[2025-10-09 23:17:22] [INFO] [main] [assignLocker] API BaseTimeout actualizada dinámicamente: 30
[2025-10-09 23:17:22] [INFO] [main] [authStore] Auth actualizado
[2025-10-09 23:17:22] [INFO] [main] [authStore] auth_key.json inicial cargado exitosamente
[2025-10-09 23:17:22] [INFO] [main] CSP cambió, enviando al renderer
[2025-10-09 23:17:22] [INFO] [main] get-screen-data-once -> 1920x1048 factor=0.97
[2025-10-09 23:17:23] [INFO] [main] [copyright] Versión cargada: 1.1.0
[2025-10-09 23:17:23] [INFO] [main] [app] Componente App montado
[2025-10-09 23:17:23] [INFO] [main] [app] Versión cargada: 1.1.0
[2025-10-09 23:17:23] [INFO] [main] [copyright] Versión cargada: 1.1.0
[2025-10-09 23:17:23] [INFO] [main] [app] Componente App montado
[2025-10-09 23:17:23] [INFO] [main] [app] Versión cargada: 1.1.0
[2025-10-09 23:17:23] [INFO] [main] [useConfig] Configuración inicial obtenida
[2025-10-09 23:17:23] [INFO] [main] [useConfig] Configuración inicial obtenida
[2025-10-09 23:17:23] [INFO] [main] [useConfig] Configuración inicial obtenida
[2025-10-09 23:17:23] [INFO] [main] [useConfig] Configuración inicial obtenida
[2025-10-09 23:17:23] [INFO] [main] [useConfig] Configuración inicial obtenida
[2025-10-09 23:17:23] [INFO] [main] [useConfig] Configuración inicial obtenida
[2025-10-09 23:17:34] [INFO] [main] [login] Redirigiendo a /ppal desde Login
[2025-10-09 23:17:34] [INFO] [main] [login] Usuario autenticado en sesión principal, redirigiendo a /ppal
[2025-10-09 23:17:34] [INFO] [main] [app] Componente App montado
[2025-10-09 23:17:34] [INFO] [main] [app] Versión cargada: 1.1.0
[2025-10-09 23:17:34] [INFO] [main] [statusLockers] Iniciando petición para obtener casilleros disponibles
[2025-10-09 23:17:34] [INFO] [main] [statusLockers] Timeout efectivo en ejecución: 30000
[2025-10-09 23:17:34] [INFO] [main] [statusLockers] Intento 1: HOST -> http://localhost:8080
[2025-10-09 23:17:34] [INFO] [main] [statusLockers] Intento 1: URL -> /api/lockers/get-all-status
[2025-10-09 23:17:34] [INFO] [main] [statusLockers] Iniciando petición para obtener casilleros disponibles
[2025-10-09 23:17:34] [INFO] [main] [statusLockers] Timeout efectivo en ejecución: 30000
[2025-10-09 23:17:34] [INFO] [main] [statusLockers] Intento 1: HOST -> http://localhost:8080
[2025-10-09 23:17:34] [INFO] [main] [statusLockers] Intento 1: URL -> /api/lockers/get-all-status
[2025-10-09 23:17:34] [INFO] [main] [useConfig] Configuración inicial obtenida
[2025-10-09 23:17:34] [INFO] [main] [useConfig] Configuración inicial obtenida
[2025-10-09 23:17:34] [INFO] [main] [useConfig] Configuración inicial obtenida
[2025-10-09 23:17:34] [INFO] [main] [useConfig] Configuración inicial obtenida
[2025-10-09 23:17:35] [INFO] [main] [statusLockers] Response. Status: 200
[2025-10-09 23:17:35] [INFO] [main] [statusLockers] Response. Data: {"general":[{"status":"ocupado","total":12},{"status":"libre","total":1},{"status":"reservado","total":12},{"status":"deshabilitado","total":6}],"modules":[{"module":"A","lockers":[{"lockerCode":"A1","status":"reservado"},{"lockerCode":"A2","status":"Libre"},{"lockerCode":"A3","status":"Libre"},{"lockerCode":"A4","status":"ocupado"},{"lockerCode":"A5","status":"reservado"},{"lockerCode":"A6","status":"ocupado"},{"lockerCode":"A7","status":"deshabilitado"},{"lockerCode":"A8","status":"Libre"},{"lockerCode":"A9","status":"Libre"},{"lockerCode":"A10","status":"Libre"},{"lockerCode":"A11","status":"reservado"},{"lockerCode":"A12","status":"Libre"},{"lockerCode":"A13","status":"Libre"},{"lockerCode":"A14","status":"ocupado"},{"lockerCode":"A15","status":"reservado"},{"lockerCode":"A16","status":"ocupado"},{"lockerCode":"A17","status":"deshabilitado"},{"lockerCode":"A18","status":"Libre"},{"lockerCode":"A19","status":"Libre"},{"lockerCode":"A20","status":"Libre"},{"lockerCode":"A21","status":"reservado"},{"lockerCode":"A22","status":"Libre"},{"lockerCode":"A23","status":"Libre"},{"lockerCode":"A24","status":"ocupado"},{"lockerCode":"A25","status":"reservado"},{"lockerCode":"A26","status":"ocupado"},{"lockerCode":"A27","status":"deshabilitado"},{"lockerCode":"A28","status":"Libre"},{"lockerCode":"A29","status":"Libre"},{"lockerCode":"A30","status":"Libre"},{"lockerCode":"A31","status":"reservado"},{"lockerCode":"A32","status":"Libre"},{"lockerCode":"A33","status":"Libre"},{"lockerCode":"A34","status":"ocupado"},{"lockerCode":"A35","status":"reservado"},{"lockerCode":"A36","status":"ocupado"},{"lockerCode":"A37","status":"deshabilitado"},{"lockerCode":"A38","status":"Libre"},{"lockerCode":"A39","status":"Libre"},{"lockerCode":"A40","status":"Libre"},{"lockerCode":"A41","status":"reservado"},{"lockerCode":"A42","status":"Libre"},{"lockerCode":"A43","status":"Libre"},{"lockerCode":"A44","status":"ocupado"},{"lockerCode":"A45","status":"reservado"},{"lockerCode":"A46","status":"ocupado"},{"lockerCode":"A47","status":"deshabilitado"},{"lockerCode":"A48","status":"Libre"},{"lockerCode":"A49","status":"Libre"},{"lockerCode":"A50","status":"Libre"},{"lockerCode":"A51","status":"reservado"},{"lockerCode":"A52","status":"Libre"},{"lockerCode":"A53","status":"Libre"},{"lockerCode":"A54","status":"ocupado"},{"lockerCode":"A55","status":"reservado"},{"lockerCode":"A56","status":"ocupado"},{"lockerCode":"A57","status":"deshabilitado"},{"lockerCode":"A58","status":"Libre"},{"lockerCode":"A59","status":"Libre"},{"lockerCode":"A60","status":"Libre"},{"lockerCode":"A61","status":"reservado"},{"lockerCode":"A62","status":"Libre"},{"lockerCode":"A63","status":"Libre"},{"lockerCode":"A64","status":"ocupado"},{"lockerCode":"A65","status":"reservado"},{"lockerCode":"A66","status":"ocupado"},{"lockerCode":"A67","status":"deshabilitado"},{"lockerCode":"A68","status":"Libre"},{"lockerCode":"A69","status":"Libre"},{"lockerCode":"A70","status":"Libre"},{"lockerCode":"A71","status":"reservado"},{"lockerCode":"A72","status":"Libre"},{"lockerCode":"A73","status":"Libre"},{"lockerCode":"A74","status":"ocupado"},{"lockerCode":"A75","status":"reservado"},{"lockerCode":"A76","status":"ocupado"},{"lockerCode":"A77","status":"deshabilitado"},{"lockerCode":"A78","status":"Libre"},{"lockerCode":"A79","status":"Libre"},{"lockerCode":"A80","status":"Libre"}]},{"module":"B","lockers":[{"lockerCode":"B1","status":"reservado"},{"lockerCode":"B2","status":"Libre"},{"lockerCode":"B3","status":"Libre"},{"lockerCode":"B4","status":"ocupado"},{"lockerCode":"B5","status":"reservado"}]},{"module":"C","lockers":[{"lockerCode":"C1","status":"reservado"},{"lockerCode":"C2","status":"Libre"},{"lockerCode":"C3","status":"Libre"},{"lockerCode":"C4","status":"ocupado"},{"lockerCode":"C5","status":"reservado"},{"lockerCode":"C6","status":"ocupado"},{"lockerCode":"C7","status":"deshabilitado"},{"lockerCode":"C8","status":"Libre"},{"lockerCode":"C9","status":"Libre"},{"lockerCode":"C10","status":"Libre"},{"lockerCode":"C11","status":"reservado"},{"lockerCode":"C12","status":"ocupado"},{"lockerCode":"C13","status":"deshabilitado"},{"lockerCode":"C14","status":"Libre"},{"lockerCode":"C15","status":"Libre"},{"lockerCode":"C16","status":"Libre"}]},{"module":"D","lockers":[{"lockerCode":"D1","status":"reservado"}]},{"module":"E","lockers":[{"lockerCode":"E1","status":"reservado"},{"lockerCode":"E2","status":"Libre"},{"lockerCode":"E3","status":"Libre"},{"lockerCode":"E4","status":"ocupado"},{"lockerCode":"E5","status":"reservado"},{"lockerCode":"E6","status":"ocupado"},{"lockerCode":"E7","status":"deshabilitado"},{"lockerCode":"E8","status":"Libre"},{"lockerCode":"E9","status":"Libre"},{"lockerCode":"E10","status":"Libre"}]},{"module":"F","lockers":[{"lockerCode":"F1","status":"reservado"},{"lockerCode":"F2","status":"Libre"},{"lockerCode":"F3","status":"Libre"},{"lockerCode":"F4","status":"ocupado"},{"lockerCode":"F5","status":"reservado"},{"lockerCode":"F6","status":"ocupado"},{"lockerCode":"F7","status":"deshabilitado"},{"lockerCode":"F8","status":"Libre"},{"lockerCode":"F9","status":"Libre"},{"lockerCode":"F10","status":"Libre"}]}]}
[2025-10-09 23:17:35] [INFO] [main] [statusLockers] Response. Status: 200
[2025-10-09 23:17:35] [INFO] [main] [statusLockers] Response. Data: {"general":[{"status":"ocupado","total":12},{"status":"libre","total":1},{"status":"reservado","total":12},{"status":"deshabilitado","total":6}],"modules":[{"module":"A","lockers":[{"lockerCode":"A1","status":"reservado"},{"lockerCode":"A2","status":"Libre"},{"lockerCode":"A3","status":"Libre"},{"lockerCode":"A4","status":"ocupado"},{"lockerCode":"A5","status":"reservado"},{"lockerCode":"A6","status":"ocupado"},{"lockerCode":"A7","status":"deshabilitado"},{"lockerCode":"A8","status":"Libre"},{"lockerCode":"A9","status":"Libre"},{"lockerCode":"A10","status":"Libre"},{"lockerCode":"A11","status":"reservado"},{"lockerCode":"A12","status":"Libre"},{"lockerCode":"A13","status":"Libre"},{"lockerCode":"A14","status":"ocupado"},{"lockerCode":"A15","status":"reservado"},{"lockerCode":"A16","status":"ocupado"},{"lockerCode":"A17","status":"deshabilitado"},{"lockerCode":"A18","status":"Libre"},{"lockerCode":"A19","status":"Libre"},{"lockerCode":"A20","status":"Libre"},{"lockerCode":"A21","status":"reservado"},{"lockerCode":"A22","status":"Libre"},{"lockerCode":"A23","status":"Libre"},{"lockerCode":"A24","status":"ocupado"},{"lockerCode":"A25","status":"reservado"},{"lockerCode":"A26","status":"ocupado"},{"lockerCode":"A27","status":"deshabilitado"},{"lockerCode":"A28","status":"Libre"},{"lockerCode":"A29","status":"Libre"},{"lockerCode":"A30","status":"Libre"},{"lockerCode":"A31","status":"reservado"},{"lockerCode":"A32","status":"Libre"},{"lockerCode":"A33","status":"Libre"},{"lockerCode":"A34","status":"ocupado"},{"lockerCode":"A35","status":"reservado"},{"lockerCode":"A36","status":"ocupado"},{"lockerCode":"A37","status":"deshabilitado"},{"lockerCode":"A38","status":"Libre"},{"lockerCode":"A39","status":"Libre"},{"lockerCode":"A40","status":"Libre"},{"lockerCode":"A41","status":"reservado"},{"lockerCode":"A42","status":"Libre"},{"lockerCode":"A43","status":"Libre"},{"lockerCode":"A44","status":"ocupado"},{"lockerCode":"A45","status":"reservado"},{"lockerCode":"A46","status":"ocupado"},{"lockerCode":"A47","status":"deshabilitado"},{"lockerCode":"A48","status":"Libre"},{"lockerCode":"A49","status":"Libre"},{"lockerCode":"A50","status":"Libre"},{"lockerCode":"A51","status":"reservado"},{"lockerCode":"A52","status":"Libre"},{"lockerCode":"A53","status":"Libre"},{"lockerCode":"A54","status":"ocupado"},{"lockerCode":"A55","status":"reservado"},{"lockerCode":"A56","status":"ocupado"},{"lockerCode":"A57","status":"deshabilitado"},{"lockerCode":"A58","status":"Libre"},{"lockerCode":"A59","status":"Libre"},{"lockerCode":"A60","status":"Libre"},{"lockerCode":"A61","status":"reservado"},{"lockerCode":"A62","status":"Libre"},{"lockerCode":"A63","status":"Libre"},{"lockerCode":"A64","status":"ocupado"},{"lockerCode":"A65","status":"reservado"},{"lockerCode":"A66","status":"ocupado"},{"lockerCode":"A67","status":"deshabilitado"},{"lockerCode":"A68","status":"Libre"},{"lockerCode":"A69","status":"Libre"},{"lockerCode":"A70","status":"Libre"},{"lockerCode":"A71","status":"reservado"},{"lockerCode":"A72","status":"Libre"},{"lockerCode":"A73","status":"Libre"},{"lockerCode":"A74","status":"ocupado"},{"lockerCode":"A75","status":"reservado"},{"lockerCode":"A76","status":"ocupado"},{"lockerCode":"A77","status":"deshabilitado"},{"lockerCode":"A78","status":"Libre"},{"lockerCode":"A79","status":"Libre"},{"lockerCode":"A80","status":"Libre"}]},{"module":"B","lockers":[{"lockerCode":"B1","status":"reservado"},{"lockerCode":"B2","status":"Libre"},{"lockerCode":"B3","status":"Libre"},{"lockerCode":"B4","status":"ocupado"},{"lockerCode":"B5","status":"reservado"}]},{"module":"C","lockers":[{"lockerCode":"C1","status":"reservado"},{"lockerCode":"C2","status":"Libre"},{"lockerCode":"C3","status":"Libre"},{"lockerCode":"C4","status":"ocupado"},{"lockerCode":"C5","status":"reservado"},{"lockerCode":"C6","status":"ocupado"},{"lockerCode":"C7","status":"deshabilitado"},{"lockerCode":"C8","status":"Libre"},{"lockerCode":"C9","status":"Libre"},{"lockerCode":"C10","status":"Libre"},{"lockerCode":"C11","status":"reservado"},{"lockerCode":"C12","status":"ocupado"},{"lockerCode":"C13","status":"deshabilitado"},{"lockerCode":"C14","status":"Libre"},{"lockerCode":"C15","status":"Libre"},{"lockerCode":"C16","status":"Libre"}]},{"module":"D","lockers":[{"lockerCode":"D1","status":"reservado"}]},{"module":"E","lockers":[{"lockerCode":"E1","status":"reservado"},{"lockerCode":"E2","status":"Libre"},{"lockerCode":"E3","status":"Libre"},{"lockerCode":"E4","status":"ocupado"},{"lockerCode":"E5","status":"reservado"},{"lockerCode":"E6","status":"ocupado"},{"lockerCode":"E7","status":"deshabilitado"},{"lockerCode":"E8","status":"Libre"},{"lockerCode":"E9","status":"Libre"},{"lockerCode":"E10","status":"Libre"}]},{"module":"F","lockers":[{"lockerCode":"F1","status":"reservado"},{"lockerCode":"F2","status":"Libre"},{"lockerCode":"F3","status":"Libre"},{"lockerCode":"F4","status":"ocupado"},{"lockerCode":"F5","status":"reservado"},{"lockerCode":"F6","status":"ocupado"},{"lockerCode":"F7","status":"deshabilitado"},{"lockerCode":"F8","status":"Libre"},{"lockerCode":"F9","status":"Libre"},{"lockerCode":"F10","status":"Libre"}]}]}
[2025-10-09 23:17:36] [INFO] [main] [ppal] Redirigiendo a / — authenticated=true, closeSession=true, closeWindow=false
[2025-10-09 23:17:36] [INFO] [main] [app] Componente App montado
[2025-10-09 23:17:36] [INFO] [main] [app] Versión cargada: 1.1.0
[2025-10-09 23:17:36] [INFO] [main] [useConfig] Configuración inicial obtenida
[2025-10-09 23:17:36] [INFO] [main] [useConfig] Configuración inicial obtenida
[2025-10-09 23:17:42] [INFO] [main] [login] Cierre de sesión para usuario: operador
[2025-10-09 23:17:42] [INFO] [main] [app] Componente App montado
[2025-10-09 23:17:42] [INFO] [main] [app] Versión cargada: 1.1.0
[2025-10-09 23:17:48] [INFO] [main] [login] Inicio de sesión exitoso para usuario: administrador
[2025-10-09 23:17:48] [INFO] [main] set-fullscreen: true
[2025-10-09 23:17:48] [INFO] [main] Ventana cerrándose, deteniendo TTS...
[2025-10-09 23:17:48] [INFO] [main] Creando ventana principal...
[2025-10-09 23:17:48] [INFO] [main] Cargando URL: http://localhost:5173
[2025-10-09 23:17:48] [INFO] [main] set-frame: false
[2025-10-09 23:17:48] [INFO] [main] [login] Usuario autenticado en sesión principal, redirigiendo a /adminlockers
[2025-10-09 23:17:48] [INFO] [main] [app] Componente App montado
[2025-10-09 23:17:48] [INFO] [main] [app] Versión cargada: 1.1.0
[2025-10-09 23:17:49] [INFO] [main] Recibido config actualizado
[2025-10-09 23:17:49] [INFO] [main] Recibido auth actualizado
[2025-10-09 23:17:49] [INFO] [main] Recibido logger actualizado
[2025-10-09 23:17:49] [INFO] [main] Recibido env actualizado
[2025-10-09 23:17:49] [INFO] [preload] Inicializando preload.js
[2025-10-09 23:17:49] [INFO] [setupWatcher] Observando archivo setup_config.json en: C:\Users\User\Documents\Personal\LockeritDesk\configFiles\setup_config.json
[2025-10-09 23:17:49] [INFO] [setupWatcher] Archivo setup_config.json cargado correctamente
[2025-10-09 23:17:49] [INFO] [preload] Watcher iniciado: setup_config.json
[2025-10-09 23:17:49] [INFO] [authWatcher] Observando archivo auth_key.json en: C:\Users\User\Documents\Personal\LockeritDesk\configFiles\auth_key.json
[2025-10-09 23:17:49] [INFO] [authWatcher] auth_key.json actualizado correctamente
[2025-10-09 23:17:49] [INFO] [preload] Watcher iniciado: auth_key.json
[2025-10-09 23:17:49] [INFO] [loggerWatcher] Observando archivo logger_config.json en: C:\Users\User\Documents\Personal\LockeritDesk\configFiles\logger_config.json
[2025-10-09 23:17:49] [INFO] [loggerWatcher] Archivo logger_config.json cargado correctamente
[2025-10-09 23:17:49] [INFO] [preload] Watcher iniciado: logger_config.json
[2025-10-09 23:17:49] [INFO] [envWatcher] Observando archivo .env en: C:\Users\User\Documents\Personal\LockeritDesk\configFiles\.env
[2025-10-09 23:17:49] [INFO] [envWatcher] Archivo .env cargado correctamente
[2025-10-09 23:17:49] [INFO] [preload] Watcher iniciado: .env
[2025-10-09 23:17:49] [INFO] [preload] API expuesta en window.electronAPI
[2025-10-09 23:17:49] [INFO] [main] [axiosConfig] API BaseURL Inicial: http://localhost:8080
[2025-10-09 23:17:49] [INFO] [main] [axiosConfig] API BaseTimeout Inicial: 30
[2025-10-09 23:17:49] [INFO] [main] [configStore] Configuración actualizada
[2025-10-09 23:17:49] [INFO] [main] [configStore] config_key.json inicial cargado exitosamente
[2025-10-09 23:17:49] [INFO] [main] [envStore] ENV inicial cargado correctamente
[2025-10-09 23:17:49] [INFO] [main] [envStore] ENV actualizado
[2025-10-09 23:17:49] [INFO] [main] [axiosConfig] API BaseTimeout actualizada dinámicamente: 30
[2025-10-09 23:17:49] [INFO] [main] [assignLocker] API BaseTimeout actualizada dinámicamente: 30
[2025-10-09 23:17:49] [INFO] [main] [authStore] Auth actualizado
[2025-10-09 23:17:49] [INFO] [main] [authStore] auth_key.json inicial cargado exitosamente
[2025-10-09 23:17:50] [INFO] [main] get-screen-data-once -> 1920x1048 factor=0.97
[2025-10-09 23:17:50] [INFO] [main] [login] Usuario autenticado en sesión principal, redirigiendo a /adminlockers
[2025-10-09 23:17:50] [INFO] [main] [copyright] Versión cargada: 1.1.0
[2025-10-09 23:17:50] [INFO] [main] [app] Componente App montado
[2025-10-09 23:17:50] [INFO] [main] [app] Versión cargada: 1.1.0
[2025-10-09 23:17:50] [INFO] [main] [copyright] Versión cargada: 1.1.0
[2025-10-09 23:17:50] [INFO] [main] [app] Componente App montado
[2025-10-09 23:17:50] [INFO] [main] [app] Versión cargada: 1.1.0
[2025-10-09 23:17:50] [INFO] [main] [useConfig] Configuración inicial obtenida
[2025-10-09 23:17:50] [INFO] [main] [useConfig] Configuración inicial obtenida
[2025-10-09 23:17:50] [INFO] [main] [useConfig] Configuración inicial obtenida
[2025-10-09 23:17:50] [INFO] [main] [useConfig] Configuración inicial obtenida
[2025-10-09 23:17:50] [INFO] [main] [useConfig] Configuración inicial obtenida
[2025-10-09 23:17:50] [INFO] [main] [useConfig] Configuración inicial obtenida
[2025-10-09 23:17:50] [INFO] [main] [statusLockers] Iniciando petición para obtener casilleros disponibles
[2025-10-09 23:17:50] [INFO] [main] [statusLockers] Timeout efectivo en ejecución: 30000
[2025-10-09 23:17:50] [INFO] [main] [statusLockers] Intento 1: HOST -> http://localhost:8080
[2025-10-09 23:17:50] [INFO] [main] [statusLockers] Intento 1: URL -> /api/lockers/get-all-status
[2025-10-09 23:17:50] [INFO] [main] [statusLockers] Iniciando petición para obtener casilleros disponibles
[2025-10-09 23:17:50] [INFO] [main] [statusLockers] Timeout efectivo en ejecución: 30000
[2025-10-09 23:17:50] [INFO] [main] [statusLockers] Intento 1: HOST -> http://localhost:8080
[2025-10-09 23:17:50] [INFO] [main] [statusLockers] Intento 1: URL -> /api/lockers/get-all-status
[2025-10-09 23:17:50] [INFO] [main] [useConfig] Configuración inicial obtenida
[2025-10-09 23:17:50] [INFO] [main] [useConfig] Configuración inicial obtenida
[2025-10-09 23:17:50] [INFO] [main] [useConfig] Configuración inicial obtenida
[2025-10-09 23:17:50] [INFO] [main] [useConfig] Configuración inicial obtenida
[2025-10-09 23:17:51] [INFO] [main] [statusLockers] Response. Status: 200
[2025-10-09 23:17:51] [INFO] [main] [statusLockers] Response. Data: {"general":[{"status":"ocupado","total":12},{"status":"libre","total":1},{"status":"reservado","total":12},{"status":"deshabilitado","total":6}],"modules":[{"module":"A","lockers":[{"lockerCode":"A1","status":"reservado"},{"lockerCode":"A2","status":"Libre"},{"lockerCode":"A3","status":"Libre"},{"lockerCode":"A4","status":"ocupado"},{"lockerCode":"A5","status":"reservado"},{"lockerCode":"A6","status":"ocupado"},{"lockerCode":"A7","status":"deshabilitado"},{"lockerCode":"A8","status":"Libre"},{"lockerCode":"A9","status":"Libre"},{"lockerCode":"A10","status":"Libre"},{"lockerCode":"A11","status":"reservado"},{"lockerCode":"A12","status":"Libre"},{"lockerCode":"A13","status":"Libre"},{"lockerCode":"A14","status":"ocupado"},{"lockerCode":"A15","status":"reservado"},{"lockerCode":"A16","status":"ocupado"},{"lockerCode":"A17","status":"deshabilitado"},{"lockerCode":"A18","status":"Libre"},{"lockerCode":"A19","status":"Libre"},{"lockerCode":"A20","status":"Libre"},{"lockerCode":"A21","status":"reservado"},{"lockerCode":"A22","status":"Libre"},{"lockerCode":"A23","status":"Libre"},{"lockerCode":"A24","status":"ocupado"},{"lockerCode":"A25","status":"reservado"},{"lockerCode":"A26","status":"ocupado"},{"lockerCode":"A27","status":"deshabilitado"},{"lockerCode":"A28","status":"Libre"},{"lockerCode":"A29","status":"Libre"},{"lockerCode":"A30","status":"Libre"},{"lockerCode":"A31","status":"reservado"},{"lockerCode":"A32","status":"Libre"},{"lockerCode":"A33","status":"Libre"},{"lockerCode":"A34","status":"ocupado"},{"lockerCode":"A35","status":"reservado"},{"lockerCode":"A36","status":"ocupado"},{"lockerCode":"A37","status":"deshabilitado"},{"lockerCode":"A38","status":"Libre"},{"lockerCode":"A39","status":"Libre"},{"lockerCode":"A40","status":"Libre"},{"lockerCode":"A41","status":"reservado"},{"lockerCode":"A42","status":"Libre"},{"lockerCode":"A43","status":"Libre"},{"lockerCode":"A44","status":"ocupado"},{"lockerCode":"A45","status":"reservado"},{"lockerCode":"A46","status":"ocupado"},{"lockerCode":"A47","status":"deshabilitado"},{"lockerCode":"A48","status":"Libre"},{"lockerCode":"A49","status":"Libre"},{"lockerCode":"A50","status":"Libre"},{"lockerCode":"A51","status":"reservado"},{"lockerCode":"A52","status":"Libre"},{"lockerCode":"A53","status":"Libre"},{"lockerCode":"A54","status":"ocupado"},{"lockerCode":"A55","status":"reservado"},{"lockerCode":"A56","status":"ocupado"},{"lockerCode":"A57","status":"deshabilitado"},{"lockerCode":"A58","status":"Libre"},{"lockerCode":"A59","status":"Libre"},{"lockerCode":"A60","status":"Libre"},{"lockerCode":"A61","status":"reservado"},{"lockerCode":"A62","status":"Libre"},{"lockerCode":"A63","status":"Libre"},{"lockerCode":"A64","status":"ocupado"},{"lockerCode":"A65","status":"reservado"},{"lockerCode":"A66","status":"ocupado"},{"lockerCode":"A67","status":"deshabilitado"},{"lockerCode":"A68","status":"Libre"},{"lockerCode":"A69","status":"Libre"},{"lockerCode":"A70","status":"Libre"},{"lockerCode":"A71","status":"reservado"},{"lockerCode":"A72","status":"Libre"},{"lockerCode":"A73","status":"Libre"},{"lockerCode":"A74","status":"ocupado"},{"lockerCode":"A75","status":"reservado"},{"lockerCode":"A76","status":"ocupado"},{"lockerCode":"A77","status":"deshabilitado"},{"lockerCode":"A78","status":"Libre"},{"lockerCode":"A79","status":"Libre"},{"lockerCode":"A80","status":"Libre"}]},{"module":"B","lockers":[{"lockerCode":"B1","status":"reservado"},{"lockerCode":"B2","status":"Libre"},{"lockerCode":"B3","status":"Libre"},{"lockerCode":"B4","status":"ocupado"},{"lockerCode":"B5","status":"reservado"}]},{"module":"C","lockers":[{"lockerCode":"C1","status":"reservado"},{"lockerCode":"C2","status":"Libre"},{"lockerCode":"C3","status":"Libre"},{"lockerCode":"C4","status":"ocupado"},{"lockerCode":"C5","status":"reservado"},{"lockerCode":"C6","status":"ocupado"},{"lockerCode":"C7","status":"deshabilitado"},{"lockerCode":"C8","status":"Libre"},{"lockerCode":"C9","status":"Libre"},{"lockerCode":"C10","status":"Libre"},{"lockerCode":"C11","status":"reservado"},{"lockerCode":"C12","status":"ocupado"},{"lockerCode":"C13","status":"deshabilitado"},{"lockerCode":"C14","status":"Libre"},{"lockerCode":"C15","status":"Libre"},{"lockerCode":"C16","status":"Libre"}]},{"module":"D","lockers":[{"lockerCode":"D1","status":"reservado"}]},{"module":"E","lockers":[{"lockerCode":"E1","status":"reservado"},{"lockerCode":"E2","status":"Libre"},{"lockerCode":"E3","status":"Libre"},{"lockerCode":"E4","status":"ocupado"},{"lockerCode":"E5","status":"reservado"},{"lockerCode":"E6","status":"ocupado"},{"lockerCode":"E7","status":"deshabilitado"},{"lockerCode":"E8","status":"Libre"},{"lockerCode":"E9","status":"Libre"},{"lockerCode":"E10","status":"Libre"}]},{"module":"F","lockers":[{"lockerCode":"F1","status":"reservado"},{"lockerCode":"F2","status":"Libre"},{"lockerCode":"F3","status":"Libre"},{"lockerCode":"F4","status":"ocupado"},{"lockerCode":"F5","status":"reservado"},{"lockerCode":"F6","status":"ocupado"},{"lockerCode":"F7","status":"deshabilitado"},{"lockerCode":"F8","status":"Libre"},{"lockerCode":"F9","status":"Libre"},{"lockerCode":"F10","status":"Libre"}]}]}
[2025-10-09 23:17:51] [INFO] [main] [statusLockers] Response. Status: 200
[2025-10-09 23:17:51] [INFO] [main] [statusLockers] Response. Data: {"general":[{"status":"ocupado","total":12},{"status":"libre","total":1},{"status":"reservado","total":12},{"status":"deshabilitado","total":6}],"modules":[{"module":"A","lockers":[{"lockerCode":"A1","status":"reservado"},{"lockerCode":"A2","status":"Libre"},{"lockerCode":"A3","status":"Libre"},{"lockerCode":"A4","status":"ocupado"},{"lockerCode":"A5","status":"reservado"},{"lockerCode":"A6","status":"ocupado"},{"lockerCode":"A7","status":"deshabilitado"},{"lockerCode":"A8","status":"Libre"},{"lockerCode":"A9","status":"Libre"},{"lockerCode":"A10","status":"Libre"},{"lockerCode":"A11","status":"reservado"},{"lockerCode":"A12","status":"Libre"},{"lockerCode":"A13","status":"Libre"},{"lockerCode":"A14","status":"ocupado"},{"lockerCode":"A15","status":"reservado"},{"lockerCode":"A16","status":"ocupado"},{"lockerCode":"A17","status":"deshabilitado"},{"lockerCode":"A18","status":"Libre"},{"lockerCode":"A19","status":"Libre"},{"lockerCode":"A20","status":"Libre"},{"lockerCode":"A21","status":"reservado"},{"lockerCode":"A22","status":"Libre"},{"lockerCode":"A23","status":"Libre"},{"lockerCode":"A24","status":"ocupado"},{"lockerCode":"A25","status":"reservado"},{"lockerCode":"A26","status":"ocupado"},{"lockerCode":"A27","status":"deshabilitado"},{"lockerCode":"A28","status":"Libre"},{"lockerCode":"A29","status":"Libre"},{"lockerCode":"A30","status":"Libre"},{"lockerCode":"A31","status":"reservado"},{"lockerCode":"A32","status":"Libre"},{"lockerCode":"A33","status":"Libre"},{"lockerCode":"A34","status":"ocupado"},{"lockerCode":"A35","status":"reservado"},{"lockerCode":"A36","status":"ocupado"},{"lockerCode":"A37","status":"deshabilitado"},{"lockerCode":"A38","status":"Libre"},{"lockerCode":"A39","status":"Libre"},{"lockerCode":"A40","status":"Libre"},{"lockerCode":"A41","status":"reservado"},{"lockerCode":"A42","status":"Libre"},{"lockerCode":"A43","status":"Libre"},{"lockerCode":"A44","status":"ocupado"},{"lockerCode":"A45","status":"reservado"},{"lockerCode":"A46","status":"ocupado"},{"lockerCode":"A47","status":"deshabilitado"},{"lockerCode":"A48","status":"Libre"},{"lockerCode":"A49","status":"Libre"},{"lockerCode":"A50","status":"Libre"},{"lockerCode":"A51","status":"reservado"},{"lockerCode":"A52","status":"Libre"},{"lockerCode":"A53","status":"Libre"},{"lockerCode":"A54","status":"ocupado"},{"lockerCode":"A55","status":"reservado"},{"lockerCode":"A56","status":"ocupado"},{"lockerCode":"A57","status":"deshabilitado"},{"lockerCode":"A58","status":"Libre"},{"lockerCode":"A59","status":"Libre"},{"lockerCode":"A60","status":"Libre"},{"lockerCode":"A61","status":"reservado"},{"lockerCode":"A62","status":"Libre"},{"lockerCode":"A63","status":"Libre"},{"lockerCode":"A64","status":"ocupado"},{"lockerCode":"A65","status":"reservado"},{"lockerCode":"A66","status":"ocupado"},{"lockerCode":"A67","status":"deshabilitado"},{"lockerCode":"A68","status":"Libre"},{"lockerCode":"A69","status":"Libre"},{"lockerCode":"A70","status":"Libre"},{"lockerCode":"A71","status":"reservado"},{"lockerCode":"A72","status":"Libre"},{"lockerCode":"A73","status":"Libre"},{"lockerCode":"A74","status":"ocupado"},{"lockerCode":"A75","status":"reservado"},{"lockerCode":"A76","status":"ocupado"},{"lockerCode":"A77","status":"deshabilitado"},{"lockerCode":"A78","status":"Libre"},{"lockerCode":"A79","status":"Libre"},{"lockerCode":"A80","status":"Libre"}]},{"module":"B","lockers":[{"lockerCode":"B1","status":"reservado"},{"lockerCode":"B2","status":"Libre"},{"lockerCode":"B3","status":"Libre"},{"lockerCode":"B4","status":"ocupado"},{"lockerCode":"B5","status":"reservado"}]},{"module":"C","lockers":[{"lockerCode":"C1","status":"reservado"},{"lockerCode":"C2","status":"Libre"},{"lockerCode":"C3","status":"Libre"},{"lockerCode":"C4","status":"ocupado"},{"lockerCode":"C5","status":"reservado"},{"lockerCode":"C6","status":"ocupado"},{"lockerCode":"C7","status":"deshabilitado"},{"lockerCode":"C8","status":"Libre"},{"lockerCode":"C9","status":"Libre"},{"lockerCode":"C10","status":"Libre"},{"lockerCode":"C11","status":"reservado"},{"lockerCode":"C12","status":"ocupado"},{"lockerCode":"C13","status":"deshabilitado"},{"lockerCode":"C14","status":"Libre"},{"lockerCode":"C15","status":"Libre"},{"lockerCode":"C16","status":"Libre"}]},{"module":"D","lockers":[{"lockerCode":"D1","status":"reservado"}]},{"module":"E","lockers":[{"lockerCode":"E1","status":"reservado"},{"lockerCode":"E2","status":"Libre"},{"lockerCode":"E3","status":"Libre"},{"lockerCode":"E4","status":"ocupado"},{"lockerCode":"E5","status":"reservado"},{"lockerCode":"E6","status":"ocupado"},{"lockerCode":"E7","status":"deshabilitado"},{"lockerCode":"E8","status":"Libre"},{"lockerCode":"E9","status":"Libre"},{"lockerCode":"E10","status":"Libre"}]},{"module":"F","lockers":[{"lockerCode":"F1","status":"reservado"},{"lockerCode":"F2","status":"Libre"},{"lockerCode":"F3","status":"Libre"},{"lockerCode":"F4","status":"ocupado"},{"lockerCode":"F5","status":"reservado"},{"lockerCode":"F6","status":"ocupado"},{"lockerCode":"F7","status":"deshabilitado"},{"lockerCode":"F8","status":"Libre"},{"lockerCode":"F9","status":"Libre"},{"lockerCode":"F10","status":"Libre"}]}]}
[2025-10-09 23:18:05] [INFO] [main] [statusLockers] Iniciando petición para obtener casilleros disponibles
[2025-10-09 23:18:05] [INFO] [main] [statusLockers] Timeout efectivo en ejecución: 30000
[2025-10-09 23:18:05] [INFO] [main] [statusLockers] Intento 1: HOST -> http://localhost:8080
[2025-10-09 23:18:05] [INFO] [main] [statusLockers] Intento 1: URL -> /api/lockers/get-all-status
[2025-10-09 23:18:05] [INFO] [main] [copyright] Versión cargada: 1.1.0
[2025-10-09 23:18:05] [INFO] [main] [app] Componente App montado
[2025-10-09 23:18:05] [INFO] [main] [app] Versión cargada: 1.1.0
[2025-10-09 23:18:05] [INFO] [main] [statusLockers] Iniciando petición para obtener casilleros disponibles
[2025-10-09 23:18:05] [INFO] [main] [statusLockers] Timeout efectivo en ejecución: 30000
[2025-10-09 23:18:05] [INFO] [main] [statusLockers] Intento 1: HOST -> http://localhost:8080
[2025-10-09 23:18:05] [INFO] [main] [statusLockers] Intento 1: URL -> /api/lockers/get-all-status
[2025-10-09 23:18:05] [INFO] [main] [copyright] Versión cargada: 1.1.0
[2025-10-09 23:18:05] [INFO] [main] [app] Componente App montado
[2025-10-09 23:18:05] [INFO] [main] [app] Versión cargada: 1.1.0
[2025-10-09 23:18:05] [INFO] [main] [useConfig] Configuración inicial obtenida
[2025-10-09 23:18:05] [INFO] [main] [useConfig] Configuración inicial obtenida
[2025-10-09 23:18:05] [INFO] [main] [useConfig] Configuración inicial obtenida
[2025-10-09 23:18:05] [INFO] [main] [useConfig] Configuración inicial obtenida
[2025-10-09 23:18:05] [INFO] [main] [useConfig] Configuración inicial obtenida
[2025-10-09 23:18:05] [INFO] [main] [useConfig] Configuración inicial obtenida
[2025-10-09 23:18:05] [INFO] [main] [useConfig] Configuración inicial obtenida
[2025-10-09 23:18:05] [INFO] [main] [useConfig] Configuración inicial obtenida
[2025-10-09 23:18:06] [INFO] [main] [statusLockers] Response. Status: 200
[2025-10-09 23:18:06] [INFO] [main] [statusLockers] Response. Data: {"general":[{"status":"ocupado","total":12},{"status":"libre","total":1},{"status":"reservado","total":12},{"status":"deshabilitado","total":6}],"modules":[{"module":"A","lockers":[{"lockerCode":"A1","status":"reservado"},{"lockerCode":"A2","status":"Libre"},{"lockerCode":"A3","status":"Libre"},{"lockerCode":"A4","status":"ocupado"},{"lockerCode":"A5","status":"reservado"},{"lockerCode":"A6","status":"ocupado"},{"lockerCode":"A7","status":"deshabilitado"},{"lockerCode":"A8","status":"Libre"},{"lockerCode":"A9","status":"Libre"},{"lockerCode":"A10","status":"Libre"},{"lockerCode":"A11","status":"reservado"},{"lockerCode":"A12","status":"Libre"},{"lockerCode":"A13","status":"Libre"},{"lockerCode":"A14","status":"ocupado"},{"lockerCode":"A15","status":"reservado"},{"lockerCode":"A16","status":"ocupado"},{"lockerCode":"A17","status":"deshabilitado"},{"lockerCode":"A18","status":"Libre"},{"lockerCode":"A19","status":"Libre"},{"lockerCode":"A20","status":"Libre"},{"lockerCode":"A21","status":"reservado"},{"lockerCode":"A22","status":"Libre"},{"lockerCode":"A23","status":"Libre"},{"lockerCode":"A24","status":"ocupado"},{"lockerCode":"A25","status":"reservado"},{"lockerCode":"A26","status":"ocupado"},{"lockerCode":"A27","status":"deshabilitado"},{"lockerCode":"A28","status":"Libre"},{"lockerCode":"A29","status":"Libre"},{"lockerCode":"A30","status":"Libre"},{"lockerCode":"A31","status":"reservado"},{"lockerCode":"A32","status":"Libre"},{"lockerCode":"A33","status":"Libre"},{"lockerCode":"A34","status":"ocupado"},{"lockerCode":"A35","status":"reservado"},{"lockerCode":"A36","status":"ocupado"},{"lockerCode":"A37","status":"deshabilitado"},{"lockerCode":"A38","status":"Libre"},{"lockerCode":"A39","status":"Libre"},{"lockerCode":"A40","status":"Libre"},{"lockerCode":"A41","status":"reservado"},{"lockerCode":"A42","status":"Libre"},{"lockerCode":"A43","status":"Libre"},{"lockerCode":"A44","status":"ocupado"},{"lockerCode":"A45","status":"reservado"},{"lockerCode":"A46","status":"ocupado"},{"lockerCode":"A47","status":"deshabilitado"},{"lockerCode":"A48","status":"Libre"},{"lockerCode":"A49","status":"Libre"},{"lockerCode":"A50","status":"Libre"},{"lockerCode":"A51","status":"reservado"},{"lockerCode":"A52","status":"Libre"},{"lockerCode":"A53","status":"Libre"},{"lockerCode":"A54","status":"ocupado"},{"lockerCode":"A55","status":"reservado"},{"lockerCode":"A56","status":"ocupado"},{"lockerCode":"A57","status":"deshabilitado"},{"lockerCode":"A58","status":"Libre"},{"lockerCode":"A59","status":"Libre"},{"lockerCode":"A60","status":"Libre"},{"lockerCode":"A61","status":"reservado"},{"lockerCode":"A62","status":"Libre"},{"lockerCode":"A63","status":"Libre"},{"lockerCode":"A64","status":"ocupado"},{"lockerCode":"A65","status":"reservado"},{"lockerCode":"A66","status":"ocupado"},{"lockerCode":"A67","status":"deshabilitado"},{"lockerCode":"A68","status":"Libre"},{"lockerCode":"A69","status":"Libre"},{"lockerCode":"A70","status":"Libre"},{"lockerCode":"A71","status":"reservado"},{"lockerCode":"A72","status":"Libre"},{"lockerCode":"A73","status":"Libre"},{"lockerCode":"A74","status":"ocupado"},{"lockerCode":"A75","status":"reservado"},{"lockerCode":"A76","status":"ocupado"},{"lockerCode":"A77","status":"deshabilitado"},{"lockerCode":"A78","status":"Libre"},{"lockerCode":"A79","status":"Libre"},{"lockerCode":"A80","status":"Libre"}]},{"module":"B","lockers":[{"lockerCode":"B1","status":"reservado"},{"lockerCode":"B2","status":"Libre"},{"lockerCode":"B3","status":"Libre"},{"lockerCode":"B4","status":"ocupado"},{"lockerCode":"B5","status":"reservado"}]},{"module":"C","lockers":[{"lockerCode":"C1","status":"reservado"},{"lockerCode":"C2","status":"Libre"},{"lockerCode":"C3","status":"Libre"},{"lockerCode":"C4","status":"ocupado"},{"lockerCode":"C5","status":"reservado"},{"lockerCode":"C6","status":"ocupado"},{"lockerCode":"C7","status":"deshabilitado"},{"lockerCode":"C8","status":"Libre"},{"lockerCode":"C9","status":"Libre"},{"lockerCode":"C10","status":"Libre"},{"lockerCode":"C11","status":"reservado"},{"lockerCode":"C12","status":"ocupado"},{"lockerCode":"C13","status":"deshabilitado"},{"lockerCode":"C14","status":"Libre"},{"lockerCode":"C15","status":"Libre"},{"lockerCode":"C16","status":"Libre"}]},{"module":"D","lockers":[{"lockerCode":"D1","status":"reservado"}]},{"module":"E","lockers":[{"lockerCode":"E1","status":"reservado"},{"lockerCode":"E2","status":"Libre"},{"lockerCode":"E3","status":"Libre"},{"lockerCode":"E4","status":"ocupado"},{"lockerCode":"E5","status":"reservado"},{"lockerCode":"E6","status":"ocupado"},{"lockerCode":"E7","status":"deshabilitado"},{"lockerCode":"E8","status":"Libre"},{"lockerCode":"E9","status":"Libre"},{"lockerCode":"E10","status":"Libre"}]},{"module":"F","lockers":[{"lockerCode":"F1","status":"reservado"},{"lockerCode":"F2","status":"Libre"},{"lockerCode":"F3","status":"Libre"},{"lockerCode":"F4","status":"ocupado"},{"lockerCode":"F5","status":"reservado"},{"lockerCode":"F6","status":"ocupado"},{"lockerCode":"F7","status":"deshabilitado"},{"lockerCode":"F8","status":"Libre"},{"lockerCode":"F9","status":"Libre"},{"lockerCode":"F10","status":"Libre"}]}]}
[2025-10-09 23:18:06] [INFO] [main] [statusLockers] Response. Status: 200
[2025-10-09 23:18:06] [INFO] [main] [statusLockers] Response. Data: {"general":[{"status":"ocupado","total":12},{"status":"libre","total":1},{"status":"reservado","total":12},{"status":"deshabilitado","total":6}],"modules":[{"module":"A","lockers":[{"lockerCode":"A1","status":"reservado"},{"lockerCode":"A2","status":"Libre"},{"lockerCode":"A3","status":"Libre"},{"lockerCode":"A4","status":"ocupado"},{"lockerCode":"A5","status":"reservado"},{"lockerCode":"A6","status":"ocupado"},{"lockerCode":"A7","status":"deshabilitado"},{"lockerCode":"A8","status":"Libre"},{"lockerCode":"A9","status":"Libre"},{"lockerCode":"A10","status":"Libre"},{"lockerCode":"A11","status":"reservado"},{"lockerCode":"A12","status":"Libre"},{"lockerCode":"A13","status":"Libre"},{"lockerCode":"A14","status":"ocupado"},{"lockerCode":"A15","status":"reservado"},{"lockerCode":"A16","status":"ocupado"},{"lockerCode":"A17","status":"deshabilitado"},{"lockerCode":"A18","status":"Libre"},{"lockerCode":"A19","status":"Libre"},{"lockerCode":"A20","status":"Libre"},{"lockerCode":"A21","status":"reservado"},{"lockerCode":"A22","status":"Libre"},{"lockerCode":"A23","status":"Libre"},{"lockerCode":"A24","status":"ocupado"},{"lockerCode":"A25","status":"reservado"},{"lockerCode":"A26","status":"ocupado"},{"lockerCode":"A27","status":"deshabilitado"},{"lockerCode":"A28","status":"Libre"},{"lockerCode":"A29","status":"Libre"},{"lockerCode":"A30","status":"Libre"},{"lockerCode":"A31","status":"reservado"},{"lockerCode":"A32","status":"Libre"},{"lockerCode":"A33","status":"Libre"},{"lockerCode":"A34","status":"ocupado"},{"lockerCode":"A35","status":"reservado"},{"lockerCode":"A36","status":"ocupado"},{"lockerCode":"A37","status":"deshabilitado"},{"lockerCode":"A38","status":"Libre"},{"lockerCode":"A39","status":"Libre"},{"lockerCode":"A40","status":"Libre"},{"lockerCode":"A41","status":"reservado"},{"lockerCode":"A42","status":"Libre"},{"lockerCode":"A43","status":"Libre"},{"lockerCode":"A44","status":"ocupado"},{"lockerCode":"A45","status":"reservado"},{"lockerCode":"A46","status":"ocupado"},{"lockerCode":"A47","status":"deshabilitado"},{"lockerCode":"A48","status":"Libre"},{"lockerCode":"A49","status":"Libre"},{"lockerCode":"A50","status":"Libre"},{"lockerCode":"A51","status":"reservado"},{"lockerCode":"A52","status":"Libre"},{"lockerCode":"A53","status":"Libre"},{"lockerCode":"A54","status":"ocupado"},{"lockerCode":"A55","status":"reservado"},{"lockerCode":"A56","status":"ocupado"},{"lockerCode":"A57","status":"deshabilitado"},{"lockerCode":"A58","status":"Libre"},{"lockerCode":"A59","status":"Libre"},{"lockerCode":"A60","status":"Libre"},{"lockerCode":"A61","status":"reservado"},{"lockerCode":"A62","status":"Libre"},{"lockerCode":"A63","status":"Libre"},{"lockerCode":"A64","status":"ocupado"},{"lockerCode":"A65","status":"reservado"},{"lockerCode":"A66","status":"ocupado"},{"lockerCode":"A67","status":"deshabilitado"},{"lockerCode":"A68","status":"Libre"},{"lockerCode":"A69","status":"Libre"},{"lockerCode":"A70","status":"Libre"},{"lockerCode":"A71","status":"reservado"},{"lockerCode":"A72","status":"Libre"},{"lockerCode":"A73","status":"Libre"},{"lockerCode":"A74","status":"ocupado"},{"lockerCode":"A75","status":"reservado"},{"lockerCode":"A76","status":"ocupado"},{"lockerCode":"A77","status":"deshabilitado"},{"lockerCode":"A78","status":"Libre"},{"lockerCode":"A79","status":"Libre"},{"lockerCode":"A80","status":"Libre"}]},{"module":"B","lockers":[{"lockerCode":"B1","status":"reservado"},{"lockerCode":"B2","status":"Libre"},{"lockerCode":"B3","status":"Libre"},{"lockerCode":"B4","status":"ocupado"},{"lockerCode":"B5","status":"reservado"}]},{"module":"C","lockers":[{"lockerCode":"C1","status":"reservado"},{"lockerCode":"C2","status":"Libre"},{"lockerCode":"C3","status":"Libre"},{"lockerCode":"C4","status":"ocupado"},{"lockerCode":"C5","status":"reservado"},{"lockerCode":"C6","status":"ocupado"},{"lockerCode":"C7","status":"deshabilitado"},{"lockerCode":"C8","status":"Libre"},{"lockerCode":"C9","status":"Libre"},{"lockerCode":"C10","status":"Libre"},{"lockerCode":"C11","status":"reservado"},{"lockerCode":"C12","status":"ocupado"},{"lockerCode":"C13","status":"deshabilitado"},{"lockerCode":"C14","status":"Libre"},{"lockerCode":"C15","status":"Libre"},{"lockerCode":"C16","status":"Libre"}]},{"module":"D","lockers":[{"lockerCode":"D1","status":"reservado"}]},{"module":"E","lockers":[{"lockerCode":"E1","status":"reservado"},{"lockerCode":"E2","status":"Libre"},{"lockerCode":"E3","status":"Libre"},{"lockerCode":"E4","status":"ocupado"},{"lockerCode":"E5","status":"reservado"},{"lockerCode":"E6","status":"ocupado"},{"lockerCode":"E7","status":"deshabilitado"},{"lockerCode":"E8","status":"Libre"},{"lockerCode":"E9","status":"Libre"},{"lockerCode":"E10","status":"Libre"}]},{"module":"F","lockers":[{"lockerCode":"F1","status":"reservado"},{"lockerCode":"F2","status":"Libre"},{"lockerCode":"F3","status":"Libre"},{"lockerCode":"F4","status":"ocupado"},{"lockerCode":"F5","status":"reservado"},{"lockerCode":"F6","status":"ocupado"},{"lockerCode":"F7","status":"deshabilitado"},{"lockerCode":"F8","status":"Libre"},{"lockerCode":"F9","status":"Libre"},{"lockerCode":"F10","status":"Libre"}]}]}
[2025-10-09 23:19:24] [WARN] [main] [registerUserPeriod] Errores de validación: Los nombres son obligatorios | El número de identificación es obligatorio | El correo electrónico es obligatorio | El número celiular es obligatorio
[2025-10-09 23:19:50] [WARN] [main] [registerUserPeriod] Errores de validación: Los nombres son obligatorios | El número de identificación no debe ser inferior a los 6 caracteres
[2025-10-09 23:19:59] [WARN] [main] [registerUserPeriod] Errores de validación: El número de identificación no debe ser inferior a los 6 caracteres
[2025-10-09 23:58:03] [INFO] [main] [statusLockers] Iniciando petición para obtener casilleros disponibles
[2025-10-09 23:58:03] [INFO] [main] [statusLockers] Timeout efectivo en ejecución: 30000
[2025-10-09 23:58:03] [INFO] [main] [statusLockers] Intento 1: HOST -> http://localhost:8080
[2025-10-09 23:58:03] [INFO] [main] [statusLockers] Intento 1: URL -> /api/lockers/get-all-status
[2025-10-09 23:58:03] [INFO] [main] [copyright] Versión cargada: 1.1.0
[2025-10-09 23:58:03] [INFO] [main] [app] Componente App montado
[2025-10-09 23:58:03] [INFO] [main] [app] Versión cargada: 1.1.0
[2025-10-09 23:58:03] [INFO] [main] [statusLockers] Iniciando petición para obtener casilleros disponibles
[2025-10-09 23:58:03] [INFO] [main] [statusLockers] Timeout efectivo en ejecución: 30000
[2025-10-09 23:58:03] [INFO] [main] [statusLockers] Intento 1: HOST -> http://localhost:8080
[2025-10-09 23:58:03] [INFO] [main] [statusLockers] Intento 1: URL -> /api/lockers/get-all-status
[2025-10-09 23:58:03] [INFO] [main] [copyright] Versión cargada: 1.1.0
[2025-10-09 23:58:03] [INFO] [main] [app] Componente App montado
[2025-10-09 23:58:03] [INFO] [main] [app] Versión cargada: 1.1.0
[2025-10-09 23:58:03] [INFO] [main] [useConfig] Configuración inicial obtenida
[2025-10-09 23:58:03] [INFO] [main] [useConfig] Configuración inicial obtenida
[2025-10-09 23:58:03] [INFO] [main] [useConfig] Configuración inicial obtenida
[2025-10-09 23:58:03] [INFO] [main] [useConfig] Configuración inicial obtenida
[2025-10-09 23:58:03] [INFO] [main] [useConfig] Configuración inicial obtenida
[2025-10-09 23:58:03] [INFO] [main] [useConfig] Configuración inicial obtenida
[2025-10-09 23:58:03] [INFO] [main] [useConfig] Configuración inicial obtenida
[2025-10-09 23:58:03] [INFO] [main] [useConfig] Configuración inicial obtenida
[2025-10-09 23:58:04] [INFO] [main] [statusLockers] Response. Status: 200
[2025-10-09 23:58:04] [INFO] [main] [statusLockers] Response. Data: {"general":[{"status":"ocupado","total":12},{"status":"libre","total":1},{"status":"reservado","total":12},{"status":"deshabilitado","total":6}],"modules":[{"module":"A","lockers":[{"lockerCode":"A1","status":"reservado"},{"lockerCode":"A2","status":"Libre"},{"lockerCode":"A3","status":"Libre"},{"lockerCode":"A4","status":"ocupado"},{"lockerCode":"A5","status":"reservado"},{"lockerCode":"A6","status":"ocupado"},{"lockerCode":"A7","status":"deshabilitado"},{"lockerCode":"A8","status":"Libre"},{"lockerCode":"A9","status":"Libre"},{"lockerCode":"A10","status":"Libre"},{"lockerCode":"A11","status":"reservado"},{"lockerCode":"A12","status":"Libre"},{"lockerCode":"A13","status":"Libre"},{"lockerCode":"A14","status":"ocupado"},{"lockerCode":"A15","status":"reservado"},{"lockerCode":"A16","status":"ocupado"},{"lockerCode":"A17","status":"deshabilitado"},{"lockerCode":"A18","status":"Libre"},{"lockerCode":"A19","status":"Libre"},{"lockerCode":"A20","status":"Libre"},{"lockerCode":"A21","status":"reservado"},{"lockerCode":"A22","status":"Libre"},{"lockerCode":"A23","status":"Libre"},{"lockerCode":"A24","status":"ocupado"},{"lockerCode":"A25","status":"reservado"},{"lockerCode":"A26","status":"ocupado"},{"lockerCode":"A27","status":"deshabilitado"},{"lockerCode":"A28","status":"Libre"},{"lockerCode":"A29","status":"Libre"},{"lockerCode":"A30","status":"Libre"},{"lockerCode":"A31","status":"reservado"},{"lockerCode":"A32","status":"Libre"},{"lockerCode":"A33","status":"Libre"},{"lockerCode":"A34","status":"ocupado"},{"lockerCode":"A35","status":"reservado"},{"lockerCode":"A36","status":"ocupado"},{"lockerCode":"A37","status":"deshabilitado"},{"lockerCode":"A38","status":"Libre"},{"lockerCode":"A39","status":"Libre"},{"lockerCode":"A40","status":"Libre"},{"lockerCode":"A41","status":"reservado"},{"lockerCode":"A42","status":"Libre"},{"lockerCode":"A43","status":"Libre"},{"lockerCode":"A44","status":"ocupado"},{"lockerCode":"A45","status":"reservado"},{"lockerCode":"A46","status":"ocupado"},{"lockerCode":"A47","status":"deshabilitado"},{"lockerCode":"A48","status":"Libre"},{"lockerCode":"A49","status":"Libre"},{"lockerCode":"A50","status":"Libre"},{"lockerCode":"A51","status":"reservado"},{"lockerCode":"A52","status":"Libre"},{"lockerCode":"A53","status":"Libre"},{"lockerCode":"A54","status":"ocupado"},{"lockerCode":"A55","status":"reservado"},{"lockerCode":"A56","status":"ocupado"},{"lockerCode":"A57","status":"deshabilitado"},{"lockerCode":"A58","status":"Libre"},{"lockerCode":"A59","status":"Libre"},{"lockerCode":"A60","status":"Libre"},{"lockerCode":"A61","status":"reservado"},{"lockerCode":"A62","status":"Libre"},{"lockerCode":"A63","status":"Libre"},{"lockerCode":"A64","status":"ocupado"},{"lockerCode":"A65","status":"reservado"},{"lockerCode":"A66","status":"ocupado"},{"lockerCode":"A67","status":"deshabilitado"},{"lockerCode":"A68","status":"Libre"},{"lockerCode":"A69","status":"Libre"},{"lockerCode":"A70","status":"Libre"},{"lockerCode":"A71","status":"reservado"},{"lockerCode":"A72","status":"Libre"},{"lockerCode":"A73","status":"Libre"},{"lockerCode":"A74","status":"ocupado"},{"lockerCode":"A75","status":"reservado"},{"lockerCode":"A76","status":"ocupado"},{"lockerCode":"A77","status":"deshabilitado"},{"lockerCode":"A78","status":"Libre"},{"lockerCode":"A79","status":"Libre"},{"lockerCode":"A80","status":"Libre"}]},{"module":"B","lockers":[{"lockerCode":"B1","status":"reservado"},{"lockerCode":"B2","status":"Libre"},{"lockerCode":"B3","status":"Libre"},{"lockerCode":"B4","status":"ocupado"},{"lockerCode":"B5","status":"reservado"}]},{"module":"C","lockers":[{"lockerCode":"C1","status":"reservado"},{"lockerCode":"C2","status":"Libre"},{"lockerCode":"C3","status":"Libre"},{"lockerCode":"C4","status":"ocupado"},{"lockerCode":"C5","status":"reservado"},{"lockerCode":"C6","status":"ocupado"},{"lockerCode":"C7","status":"deshabilitado"},{"lockerCode":"C8","status":"Libre"},{"lockerCode":"C9","status":"Libre"},{"lockerCode":"C10","status":"Libre"},{"lockerCode":"C11","status":"reservado"},{"lockerCode":"C12","status":"ocupado"},{"lockerCode":"C13","status":"deshabilitado"},{"lockerCode":"C14","status":"Libre"},{"lockerCode":"C15","status":"Libre"},{"lockerCode":"C16","status":"Libre"}]},{"module":"D","lockers":[{"lockerCode":"D1","status":"reservado"}]},{"module":"E","lockers":[{"lockerCode":"E1","status":"reservado"},{"lockerCode":"E2","status":"Libre"},{"lockerCode":"E3","status":"Libre"},{"lockerCode":"E4","status":"ocupado"},{"lockerCode":"E5","status":"reservado"},{"lockerCode":"E6","status":"ocupado"},{"lockerCode":"E7","status":"deshabilitado"},{"lockerCode":"E8","status":"Libre"},{"lockerCode":"E9","status":"Libre"},{"lockerCode":"E10","status":"Libre"}]},{"module":"F","lockers":[{"lockerCode":"F1","status":"reservado"},{"lockerCode":"F2","status":"Libre"},{"lockerCode":"F3","status":"Libre"},{"lockerCode":"F4","status":"ocupado"},{"lockerCode":"F5","status":"reservado"},{"lockerCode":"F6","status":"ocupado"},{"lockerCode":"F7","status":"deshabilitado"},{"lockerCode":"F8","status":"Libre"},{"lockerCode":"F9","status":"Libre"},{"lockerCode":"F10","status":"Libre"}]}]}
[2025-10-09 23:58:04] [INFO] [main] [statusLockers] Response. Status: 200
[2025-10-09 23:58:04] [INFO] [main] [statusLockers] Response. Data: {"general":[{"status":"ocupado","total":12},{"status":"libre","total":1},{"status":"reservado","total":12},{"status":"deshabilitado","total":6}],"modules":[{"module":"A","lockers":[{"lockerCode":"A1","status":"reservado"},{"lockerCode":"A2","status":"Libre"},{"lockerCode":"A3","status":"Libre"},{"lockerCode":"A4","status":"ocupado"},{"lockerCode":"A5","status":"reservado"},{"lockerCode":"A6","status":"ocupado"},{"lockerCode":"A7","status":"deshabilitado"},{"lockerCode":"A8","status":"Libre"},{"lockerCode":"A9","status":"Libre"},{"lockerCode":"A10","status":"Libre"},{"lockerCode":"A11","status":"reservado"},{"lockerCode":"A12","status":"Libre"},{"lockerCode":"A13","status":"Libre"},{"lockerCode":"A14","status":"ocupado"},{"lockerCode":"A15","status":"reservado"},{"lockerCode":"A16","status":"ocupado"},{"lockerCode":"A17","status":"deshabilitado"},{"lockerCode":"A18","status":"Libre"},{"lockerCode":"A19","status":"Libre"},{"lockerCode":"A20","status":"Libre"},{"lockerCode":"A21","status":"reservado"},{"lockerCode":"A22","status":"Libre"},{"lockerCode":"A23","status":"Libre"},{"lockerCode":"A24","status":"ocupado"},{"lockerCode":"A25","status":"reservado"},{"lockerCode":"A26","status":"ocupado"},{"lockerCode":"A27","status":"deshabilitado"},{"lockerCode":"A28","status":"Libre"},{"lockerCode":"A29","status":"Libre"},{"lockerCode":"A30","status":"Libre"},{"lockerCode":"A31","status":"reservado"},{"lockerCode":"A32","status":"Libre"},{"lockerCode":"A33","status":"Libre"},{"lockerCode":"A34","status":"ocupado"},{"lockerCode":"A35","status":"reservado"},{"lockerCode":"A36","status":"ocupado"},{"lockerCode":"A37","status":"deshabilitado"},{"lockerCode":"A38","status":"Libre"},{"lockerCode":"A39","status":"Libre"},{"lockerCode":"A40","status":"Libre"},{"lockerCode":"A41","status":"reservado"},{"lockerCode":"A42","status":"Libre"},{"lockerCode":"A43","status":"Libre"},{"lockerCode":"A44","status":"ocupado"},{"lockerCode":"A45","status":"reservado"},{"lockerCode":"A46","status":"ocupado"},{"lockerCode":"A47","status":"deshabilitado"},{"lockerCode":"A48","status":"Libre"},{"lockerCode":"A49","status":"Libre"},{"lockerCode":"A50","status":"Libre"},{"lockerCode":"A51","status":"reservado"},{"lockerCode":"A52","status":"Libre"},{"lockerCode":"A53","status":"Libre"},{"lockerCode":"A54","status":"ocupado"},{"lockerCode":"A55","status":"reservado"},{"lockerCode":"A56","status":"ocupado"},{"lockerCode":"A57","status":"deshabilitado"},{"lockerCode":"A58","status":"Libre"},{"lockerCode":"A59","status":"Libre"},{"lockerCode":"A60","status":"Libre"},{"lockerCode":"A61","status":"reservado"},{"lockerCode":"A62","status":"Libre"},{"lockerCode":"A63","status":"Libre"},{"lockerCode":"A64","status":"ocupado"},{"lockerCode":"A65","status":"reservado"},{"lockerCode":"A66","status":"ocupado"},{"lockerCode":"A67","status":"deshabilitado"},{"lockerCode":"A68","status":"Libre"},{"lockerCode":"A69","status":"Libre"},{"lockerCode":"A70","status":"Libre"},{"lockerCode":"A71","status":"reservado"},{"lockerCode":"A72","status":"Libre"},{"lockerCode":"A73","status":"Libre"},{"lockerCode":"A74","status":"ocupado"},{"lockerCode":"A75","status":"reservado"},{"lockerCode":"A76","status":"ocupado"},{"lockerCode":"A77","status":"deshabilitado"},{"lockerCode":"A78","status":"Libre"},{"lockerCode":"A79","status":"Libre"},{"lockerCode":"A80","status":"Libre"}]},{"module":"B","lockers":[{"lockerCode":"B1","status":"reservado"},{"lockerCode":"B2","status":"Libre"},{"lockerCode":"B3","status":"Libre"},{"lockerCode":"B4","status":"ocupado"},{"lockerCode":"B5","status":"reservado"}]},{"module":"C","lockers":[{"lockerCode":"C1","status":"reservado"},{"lockerCode":"C2","status":"Libre"},{"lockerCode":"C3","status":"Libre"},{"lockerCode":"C4","status":"ocupado"},{"lockerCode":"C5","status":"reservado"},{"lockerCode":"C6","status":"ocupado"},{"lockerCode":"C7","status":"deshabilitado"},{"lockerCode":"C8","status":"Libre"},{"lockerCode":"C9","status":"Libre"},{"lockerCode":"C10","status":"Libre"},{"lockerCode":"C11","status":"reservado"},{"lockerCode":"C12","status":"ocupado"},{"lockerCode":"C13","status":"deshabilitado"},{"lockerCode":"C14","status":"Libre"},{"lockerCode":"C15","status":"Libre"},{"lockerCode":"C16","status":"Libre"}]},{"module":"D","lockers":[{"lockerCode":"D1","status":"reservado"}]},{"module":"E","lockers":[{"lockerCode":"E1","status":"reservado"},{"lockerCode":"E2","status":"Libre"},{"lockerCode":"E3","status":"Libre"},{"lockerCode":"E4","status":"ocupado"},{"lockerCode":"E5","status":"reservado"},{"lockerCode":"E6","status":"ocupado"},{"lockerCode":"E7","status":"deshabilitado"},{"lockerCode":"E8","status":"Libre"},{"lockerCode":"E9","status":"Libre"},{"lockerCode":"E10","status":"Libre"}]},{"module":"F","lockers":[{"lockerCode":"F1","status":"reservado"},{"lockerCode":"F2","status":"Libre"},{"lockerCode":"F3","status":"Libre"},{"lockerCode":"F4","status":"ocupado"},{"lockerCode":"F5","status":"reservado"},{"lockerCode":"F6","status":"ocupado"},{"lockerCode":"F7","status":"deshabilitado"},{"lockerCode":"F8","status":"Libre"},{"lockerCode":"F9","status":"Libre"},{"lockerCode":"F10","status":"Libre"}]}]}
[2025-10-09 23:58:09] [INFO] [main] [statusLockers] Iniciando petición para obtener casilleros disponibles
[2025-10-09 23:58:09] [INFO] [main] [statusLockers] Timeout efectivo en ejecución: 30000
[2025-10-09 23:58:09] [INFO] [main] [statusLockers] Intento 1: HOST -> http://localhost:8080
[2025-10-09 23:58:09] [INFO] [main] [statusLockers] Intento 1: URL -> /api/lockers/get-all-status
[2025-10-09 23:58:09] [INFO] [main] [copyright] Versión cargada: 1.1.0
[2025-10-09 23:58:09] [INFO] [main] [app] Componente App montado
[2025-10-09 23:58:09] [INFO] [main] [app] Versión cargada: 1.1.0
[2025-10-09 23:58:09] [INFO] [main] [statusLockers] Iniciando petición para obtener casilleros disponibles
[2025-10-09 23:58:09] [INFO] [main] [statusLockers] Timeout efectivo en ejecución: 30000
[2025-10-09 23:58:09] [INFO] [main] [statusLockers] Intento 1: HOST -> http://localhost:8080
[2025-10-09 23:58:09] [INFO] [main] [statusLockers] Intento 1: URL -> /api/lockers/get-all-status
[2025-10-09 23:58:09] [INFO] [main] [copyright] Versión cargada: 1.1.0
[2025-10-09 23:58:09] [INFO] [main] [app] Componente App montado
[2025-10-09 23:58:09] [INFO] [main] [app] Versión cargada: 1.1.0
[2025-10-09 23:58:09] [INFO] [main] [useConfig] Configuración inicial obtenida
[2025-10-09 23:58:09] [INFO] [main] [useConfig] Configuración inicial obtenida
[2025-10-09 23:58:09] [INFO] [main] [useConfig] Configuración inicial obtenida
[2025-10-09 23:58:09] [INFO] [main] [useConfig] Configuración inicial obtenida
[2025-10-09 23:58:09] [INFO] [main] [useConfig] Configuración inicial obtenida
[2025-10-09 23:58:09] [INFO] [main] [useConfig] Configuración inicial obtenida
[2025-10-09 23:58:09] [INFO] [main] [useConfig] Configuración inicial obtenida
[2025-10-09 23:58:09] [INFO] [main] [useConfig] Configuración inicial obtenida
[2025-10-09 23:58:10] [INFO] [main] [statusLockers] Response. Status: 200
[2025-10-09 23:58:10] [INFO] [main] [statusLockers] Response. Data: {"general":[{"status":"ocupado","total":12},{"status":"libre","total":1},{"status":"reservado","total":12},{"status":"deshabilitado","total":6}],"modules":[{"module":"A","lockers":[{"lockerCode":"A1","status":"reservado"},{"lockerCode":"A2","status":"Libre"},{"lockerCode":"A3","status":"Libre"},{"lockerCode":"A4","status":"ocupado"},{"lockerCode":"A5","status":"reservado"},{"lockerCode":"A6","status":"ocupado"},{"lockerCode":"A7","status":"deshabilitado"},{"lockerCode":"A8","status":"Libre"},{"lockerCode":"A9","status":"Libre"},{"lockerCode":"A10","status":"Libre"},{"lockerCode":"A11","status":"reservado"},{"lockerCode":"A12","status":"Libre"},{"lockerCode":"A13","status":"Libre"},{"lockerCode":"A14","status":"ocupado"},{"lockerCode":"A15","status":"reservado"},{"lockerCode":"A16","status":"ocupado"},{"lockerCode":"A17","status":"deshabilitado"},{"lockerCode":"A18","status":"Libre"},{"lockerCode":"A19","status":"Libre"},{"lockerCode":"A20","status":"Libre"},{"lockerCode":"A21","status":"reservado"},{"lockerCode":"A22","status":"Libre"},{"lockerCode":"A23","status":"Libre"},{"lockerCode":"A24","status":"ocupado"},{"lockerCode":"A25","status":"reservado"},{"lockerCode":"A26","status":"ocupado"},{"lockerCode":"A27","status":"deshabilitado"},{"lockerCode":"A28","status":"Libre"},{"lockerCode":"A29","status":"Libre"},{"lockerCode":"A30","status":"Libre"},{"lockerCode":"A31","status":"reservado"},{"lockerCode":"A32","status":"Libre"},{"lockerCode":"A33","status":"Libre"},{"lockerCode":"A34","status":"ocupado"},{"lockerCode":"A35","status":"reservado"},{"lockerCode":"A36","status":"ocupado"},{"lockerCode":"A37","status":"deshabilitado"},{"lockerCode":"A38","status":"Libre"},{"lockerCode":"A39","status":"Libre"},{"lockerCode":"A40","status":"Libre"},{"lockerCode":"A41","status":"reservado"},{"lockerCode":"A42","status":"Libre"},{"lockerCode":"A43","status":"Libre"},{"lockerCode":"A44","status":"ocupado"},{"lockerCode":"A45","status":"reservado"},{"lockerCode":"A46","status":"ocupado"},{"lockerCode":"A47","status":"deshabilitado"},{"lockerCode":"A48","status":"Libre"},{"lockerCode":"A49","status":"Libre"},{"lockerCode":"A50","status":"Libre"},{"lockerCode":"A51","status":"reservado"},{"lockerCode":"A52","status":"Libre"},{"lockerCode":"A53","status":"Libre"},{"lockerCode":"A54","status":"ocupado"},{"lockerCode":"A55","status":"reservado"},{"lockerCode":"A56","status":"ocupado"},{"lockerCode":"A57","status":"deshabilitado"},{"lockerCode":"A58","status":"Libre"},{"lockerCode":"A59","status":"Libre"},{"lockerCode":"A60","status":"Libre"},{"lockerCode":"A61","status":"reservado"},{"lockerCode":"A62","status":"Libre"},{"lockerCode":"A63","status":"Libre"},{"lockerCode":"A64","status":"ocupado"},{"lockerCode":"A65","status":"reservado"},{"lockerCode":"A66","status":"ocupado"},{"lockerCode":"A67","status":"deshabilitado"},{"lockerCode":"A68","status":"Libre"},{"lockerCode":"A69","status":"Libre"},{"lockerCode":"A70","status":"Libre"},{"lockerCode":"A71","status":"reservado"},{"lockerCode":"A72","status":"Libre"},{"lockerCode":"A73","status":"Libre"},{"lockerCode":"A74","status":"ocupado"},{"lockerCode":"A75","status":"reservado"},{"lockerCode":"A76","status":"ocupado"},{"lockerCode":"A77","status":"deshabilitado"},{"lockerCode":"A78","status":"Libre"},{"lockerCode":"A79","status":"Libre"},{"lockerCode":"A80","status":"Libre"}]},{"module":"B","lockers":[{"lockerCode":"B1","status":"reservado"},{"lockerCode":"B2","status":"Libre"},{"lockerCode":"B3","status":"Libre"},{"lockerCode":"B4","status":"ocupado"},{"lockerCode":"B5","status":"reservado"}]},{"module":"C","lockers":[{"lockerCode":"C1","status":"reservado"},{"lockerCode":"C2","status":"Libre"},{"lockerCode":"C3","status":"Libre"},{"lockerCode":"C4","status":"ocupado"},{"lockerCode":"C5","status":"reservado"},{"lockerCode":"C6","status":"ocupado"},{"lockerCode":"C7","status":"deshabilitado"},{"lockerCode":"C8","status":"Libre"},{"lockerCode":"C9","status":"Libre"},{"lockerCode":"C10","status":"Libre"},{"lockerCode":"C11","status":"reservado"},{"lockerCode":"C12","status":"ocupado"},{"lockerCode":"C13","status":"deshabilitado"},{"lockerCode":"C14","status":"Libre"},{"lockerCode":"C15","status":"Libre"},{"lockerCode":"C16","status":"Libre"}]},{"module":"D","lockers":[{"lockerCode":"D1","status":"reservado"}]},{"module":"E","lockers":[{"lockerCode":"E1","status":"reservado"},{"lockerCode":"E2","status":"Libre"},{"lockerCode":"E3","status":"Libre"},{"lockerCode":"E4","status":"ocupado"},{"lockerCode":"E5","status":"reservado"},{"lockerCode":"E6","status":"ocupado"},{"lockerCode":"E7","status":"deshabilitado"},{"lockerCode":"E8","status":"Libre"},{"lockerCode":"E9","status":"Libre"},{"lockerCode":"E10","status":"Libre"}]},{"module":"F","lockers":[{"lockerCode":"F1","status":"reservado"},{"lockerCode":"F2","status":"Libre"},{"lockerCode":"F3","status":"Libre"},{"lockerCode":"F4","status":"ocupado"},{"lockerCode":"F5","status":"reservado"},{"lockerCode":"F6","status":"ocupado"},{"lockerCode":"F7","status":"deshabilitado"},{"lockerCode":"F8","status":"Libre"},{"lockerCode":"F9","status":"Libre"},{"lockerCode":"F10","status":"Libre"}]}]}
[2025-10-09 23:58:10] [INFO] [main] [statusLockers] Response. Status: 200
[2025-10-09 23:58:10] [INFO] [main] [statusLockers] Response. Data: {"general":[{"status":"ocupado","total":12},{"status":"libre","total":1},{"status":"reservado","total":12},{"status":"deshabilitado","total":6}],"modules":[{"module":"A","lockers":[{"lockerCode":"A1","status":"reservado"},{"lockerCode":"A2","status":"Libre"},{"lockerCode":"A3","status":"Libre"},{"lockerCode":"A4","status":"ocupado"},{"lockerCode":"A5","status":"reservado"},{"lockerCode":"A6","status":"ocupado"},{"lockerCode":"A7","status":"deshabilitado"},{"lockerCode":"A8","status":"Libre"},{"lockerCode":"A9","status":"Libre"},{"lockerCode":"A10","status":"Libre"},{"lockerCode":"A11","status":"reservado"},{"lockerCode":"A12","status":"Libre"},{"lockerCode":"A13","status":"Libre"},{"lockerCode":"A14","status":"ocupado"},{"lockerCode":"A15","status":"reservado"},{"lockerCode":"A16","status":"ocupado"},{"lockerCode":"A17","status":"deshabilitado"},{"lockerCode":"A18","status":"Libre"},{"lockerCode":"A19","status":"Libre"},{"lockerCode":"A20","status":"Libre"},{"lockerCode":"A21","status":"reservado"},{"lockerCode":"A22","status":"Libre"},{"lockerCode":"A23","status":"Libre"},{"lockerCode":"A24","status":"ocupado"},{"lockerCode":"A25","status":"reservado"},{"lockerCode":"A26","status":"ocupado"},{"lockerCode":"A27","status":"deshabilitado"},{"lockerCode":"A28","status":"Libre"},{"lockerCode":"A29","status":"Libre"},{"lockerCode":"A30","status":"Libre"},{"lockerCode":"A31","status":"reservado"},{"lockerCode":"A32","status":"Libre"},{"lockerCode":"A33","status":"Libre"},{"lockerCode":"A34","status":"ocupado"},{"lockerCode":"A35","status":"reservado"},{"lockerCode":"A36","status":"ocupado"},{"lockerCode":"A37","status":"deshabilitado"},{"lockerCode":"A38","status":"Libre"},{"lockerCode":"A39","status":"Libre"},{"lockerCode":"A40","status":"Libre"},{"lockerCode":"A41","status":"reservado"},{"lockerCode":"A42","status":"Libre"},{"lockerCode":"A43","status":"Libre"},{"lockerCode":"A44","status":"ocupado"},{"lockerCode":"A45","status":"reservado"},{"lockerCode":"A46","status":"ocupado"},{"lockerCode":"A47","status":"deshabilitado"},{"lockerCode":"A48","status":"Libre"},{"lockerCode":"A49","status":"Libre"},{"lockerCode":"A50","status":"Libre"},{"lockerCode":"A51","status":"reservado"},{"lockerCode":"A52","status":"Libre"},{"lockerCode":"A53","status":"Libre"},{"lockerCode":"A54","status":"ocupado"},{"lockerCode":"A55","status":"reservado"},{"lockerCode":"A56","status":"ocupado"},{"lockerCode":"A57","status":"deshabilitado"},{"lockerCode":"A58","status":"Libre"},{"lockerCode":"A59","status":"Libre"},{"lockerCode":"A60","status":"Libre"},{"lockerCode":"A61","status":"reservado"},{"lockerCode":"A62","status":"Libre"},{"lockerCode":"A63","status":"Libre"},{"lockerCode":"A64","status":"ocupado"},{"lockerCode":"A65","status":"reservado"},{"lockerCode":"A66","status":"ocupado"},{"lockerCode":"A67","status":"deshabilitado"},{"lockerCode":"A68","status":"Libre"},{"lockerCode":"A69","status":"Libre"},{"lockerCode":"A70","status":"Libre"},{"lockerCode":"A71","status":"reservado"},{"lockerCode":"A72","status":"Libre"},{"lockerCode":"A73","status":"Libre"},{"lockerCode":"A74","status":"ocupado"},{"lockerCode":"A75","status":"reservado"},{"lockerCode":"A76","status":"ocupado"},{"lockerCode":"A77","status":"deshabilitado"},{"lockerCode":"A78","status":"Libre"},{"lockerCode":"A79","status":"Libre"},{"lockerCode":"A80","status":"Libre"}]},{"module":"B","lockers":[{"lockerCode":"B1","status":"reservado"},{"lockerCode":"B2","status":"Libre"},{"lockerCode":"B3","status":"Libre"},{"lockerCode":"B4","status":"ocupado"},{"lockerCode":"B5","status":"reservado"}]},{"module":"C","lockers":[{"lockerCode":"C1","status":"reservado"},{"lockerCode":"C2","status":"Libre"},{"lockerCode":"C3","status":"Libre"},{"lockerCode":"C4","status":"ocupado"},{"lockerCode":"C5","status":"reservado"},{"lockerCode":"C6","status":"ocupado"},{"lockerCode":"C7","status":"deshabilitado"},{"lockerCode":"C8","status":"Libre"},{"lockerCode":"C9","status":"Libre"},{"lockerCode":"C10","status":"Libre"},{"lockerCode":"C11","status":"reservado"},{"lockerCode":"C12","status":"ocupado"},{"lockerCode":"C13","status":"deshabilitado"},{"lockerCode":"C14","status":"Libre"},{"lockerCode":"C15","status":"Libre"},{"lockerCode":"C16","status":"Libre"}]},{"module":"D","lockers":[{"lockerCode":"D1","status":"reservado"}]},{"module":"E","lockers":[{"lockerCode":"E1","status":"reservado"},{"lockerCode":"E2","status":"Libre"},{"lockerCode":"E3","status":"Libre"},{"lockerCode":"E4","status":"ocupado"},{"lockerCode":"E5","status":"reservado"},{"lockerCode":"E6","status":"ocupado"},{"lockerCode":"E7","status":"deshabilitado"},{"lockerCode":"E8","status":"Libre"},{"lockerCode":"E9","status":"Libre"},{"lockerCode":"E10","status":"Libre"}]},{"module":"F","lockers":[{"lockerCode":"F1","status":"reservado"},{"lockerCode":"F2","status":"Libre"},{"lockerCode":"F3","status":"Libre"},{"lockerCode":"F4","status":"ocupado"},{"lockerCode":"F5","status":"reservado"},{"lockerCode":"F6","status":"ocupado"},{"lockerCode":"F7","status":"deshabilitado"},{"lockerCode":"F8","status":"Libre"},{"lockerCode":"F9","status":"Libre"},{"lockerCode":"F10","status":"Libre"}]}]}
