[2025-10-15 18:11:19] [INFO] [main] Iniciando aplicación Electron
[2025-10-15 18:11:19] [INFO] [main] .env cargado desde C:\Users\User\Documents\Personal\LockeritDesk\configFiles\.env
[2025-10-15 18:11:20] [INFO] [main] App lista, creando ventana...
[2025-10-15 18:11:20] [INFO] [main] Creando ventana principal...
[2025-10-15 18:11:20] [INFO] [main] Cargando URL: http://localhost:5173
[2025-10-15 18:11:21] [INFO] [main] Recibido config actualizado
[2025-10-15 18:11:21] [INFO] [main] Recibido auth actualizado
[2025-10-15 18:11:21] [INFO] [main] Recibido logger actualizado
[2025-10-15 18:11:21] [INFO] [main] Recibido env actualizado
[2025-10-15 18:11:21] [INFO] [preload] Inicializando preload.js
[2025-10-15 18:11:21] [INFO] [setupWatcher] Observando archivo setup_config.json en: C:\Users\User\Documents\Personal\LockeritDesk\configFiles\setup_config.json
[2025-10-15 18:11:21] [INFO] [setupWatcher] Archivo setup_config.json cargado correctamente
[2025-10-15 18:11:21] [INFO] [preload] Watcher iniciado: setup_config.json
[2025-10-15 18:11:21] [INFO] [authWatcher] Observando archivo auth_key.json en: C:\Users\User\Documents\Personal\LockeritDesk\configFiles\auth_key.json
[2025-10-15 18:11:21] [INFO] [authWatcher] auth_key.json actualizado correctamente
[2025-10-15 18:11:21] [INFO] [preload] Watcher iniciado: auth_key.json
[2025-10-15 18:11:21] [INFO] [loggerWatcher] Observando archivo logger_config.json en: C:\Users\User\Documents\Personal\LockeritDesk\configFiles\logger_config.json
[2025-10-15 18:11:21] [INFO] [loggerWatcher] Archivo logger_config.json cargado correctamente
[2025-10-15 18:11:21] [INFO] [preload] Watcher iniciado: logger_config.json
[2025-10-15 18:11:21] [INFO] [envWatcher] Observando archivo .env en: C:\Users\User\Documents\Personal\LockeritDesk\configFiles\.env
[2025-10-15 18:11:21] [INFO] [envWatcher] Archivo .env cargado correctamente
[2025-10-15 18:11:21] [INFO] [preload] Watcher iniciado: .env
[2025-10-15 18:11:21] [INFO] [preload] API expuesta en window.electronAPI
[2025-10-15 18:11:25] [INFO] [main] [axiosConfig] API BaseURL Inicial: http://localhost:8080
[2025-10-15 18:11:25] [INFO] [main] [axiosConfig] API BaseTimeout Inicial: 30
[2025-10-15 18:11:25] [INFO] [main] [configStore] Configuración actualizada
[2025-10-15 18:11:25] [INFO] [main] [configStore] config_key.json inicial cargado exitosamente
[2025-10-15 18:11:25] [INFO] [main] [envStore] ENV inicial cargado correctamente
[2025-10-15 18:11:25] [INFO] [main] [envStore] ENV actualizado
[2025-10-15 18:11:25] [INFO] [main] [axiosConfig] API BaseTimeout actualizada dinámicamente: 30
[2025-10-15 18:11:25] [INFO] [main] [assignLocker] API BaseTimeout actualizada dinámicamente: 30
[2025-10-15 18:11:25] [INFO] [main] [authStore] Auth actualizado
[2025-10-15 18:11:25] [INFO] [main] [authStore] auth_key.json inicial cargado exitosamente
[2025-10-15 18:11:25] [INFO] [main] CSP cambió, enviando al renderer
[2025-10-15 18:11:25] [INFO] [main] get-screen-data-once -> 1920x1032 factor=0.96
[2025-10-15 18:11:25] [INFO] [main] [login] Usuario autenticado en sesión principal, redirigiendo a /adminlockers
[2025-10-15 18:11:25] [INFO] [main] [copyright] Versión cargada: 1.1.0
[2025-10-15 18:11:25] [INFO] [main] [app] Componente App montado
[2025-10-15 18:11:25] [INFO] [main] [app] Versión cargada: 1.1.0
[2025-10-15 18:11:25] [INFO] [main] [copyright] Versión cargada: 1.1.0
[2025-10-15 18:11:25] [INFO] [main] [app] Componente App montado
[2025-10-15 18:11:25] [INFO] [main] [app] Versión cargada: 1.1.0
[2025-10-15 18:11:25] [INFO] [main] [useConfig] Configuración inicial obtenida
[2025-10-15 18:11:25] [INFO] [main] [useConfig] Configuración inicial obtenida
[2025-10-15 18:11:25] [INFO] [main] [useConfig] Configuración inicial obtenida
[2025-10-15 18:11:25] [INFO] [main] [useConfig] Configuración inicial obtenida
[2025-10-15 18:11:25] [INFO] [main] [useConfig] Configuración inicial obtenida
[2025-10-15 18:11:25] [INFO] [main] [useConfig] Configuración inicial obtenida
[2025-10-15 18:11:26] [INFO] [main] [scheduleReport] Ejecutando tarea programada [daily] con rango: 2025-10-14 → 2025-10-14
[2025-10-15 18:11:26] [INFO] [main] [app] Generando payload en modo [local]
[2025-10-15 18:11:26] [INFO] [main] [app] Payload generado: {"startDate":"2025-10-14 05:00:00","endDate":"2025-10-15 04:59:59","sendEmail":true}
[2025-10-15 18:11:26] [INFO] [main] [reportLockers] Iniciando petición para obtener el reporte de casilleros
[2025-10-15 18:11:26] [INFO] [main] [reportLockers] Timeout efectivo en ejecución: 30000
[2025-10-15 18:11:26] [INFO] [main] [reportLockers] Intento 1: HOST -> http://localhost:8080
[2025-10-15 18:11:26] [INFO] [main] [reportLockers] Intento 1: URL -> /api/lockers/report
[2025-10-15 18:11:26] [INFO] [main] [reportLockers] Intento 1: Request -> {"startDate":"2025-10-14 05:00:00","endDate":"2025-10-15 04:59:59","sendEmail":true}
[2025-10-15 18:11:26] [INFO] [main] [scheduleReport] Ejecutando tarea programada [weekly] con rango: 2025-10-06 → 2025-10-12
[2025-10-15 18:11:26] [INFO] [main] [app] Generando payload en modo [local]
[2025-10-15 18:11:26] [INFO] [main] [app] Payload generado: {"startDate":"2025-10-06 05:00:00","endDate":"2025-10-13 04:59:59","sendEmail":true}
[2025-10-15 18:11:26] [INFO] [main] [reportLockers] Iniciando petición para obtener el reporte de casilleros
[2025-10-15 18:11:26] [INFO] [main] [reportLockers] Timeout efectivo en ejecución: 30000
[2025-10-15 18:11:26] [INFO] [main] [reportLockers] Intento 1: HOST -> http://localhost:8080
[2025-10-15 18:11:26] [INFO] [main] [reportLockers] Intento 1: URL -> /api/lockers/report
[2025-10-15 18:11:26] [INFO] [main] [reportLockers] Intento 1: Request -> {"startDate":"2025-10-06 05:00:00","endDate":"2025-10-13 04:59:59","sendEmail":true}
[2025-10-15 18:11:26] [INFO] [main] [statusLockers] Iniciando petición para obtener casilleros disponibles
[2025-10-15 18:11:26] [INFO] [main] [statusLockers] Timeout efectivo en ejecución: 30000
[2025-10-15 18:11:26] [INFO] [main] [statusLockers] Intento 1: HOST -> http://localhost:8080
[2025-10-15 18:11:26] [INFO] [main] [statusLockers] Intento 1: URL -> /api/lockers/get-all-status
[2025-10-15 18:11:26] [INFO] [main] [statusLockers] Iniciando petición para obtener casilleros disponibles
[2025-10-15 18:11:26] [INFO] [main] [statusLockers] Timeout efectivo en ejecución: 30000
[2025-10-15 18:11:26] [INFO] [main] [statusLockers] Intento 1: HOST -> http://localhost:8080
[2025-10-15 18:11:26] [INFO] [main] [statusLockers] Intento 1: URL -> /api/lockers/get-all-status
[2025-10-15 18:11:26] [INFO] [main] [useConfig] Configuración inicial obtenida
[2025-10-15 18:11:26] [INFO] [main] [useConfig] Configuración inicial obtenida
[2025-10-15 18:11:26] [INFO] [main] [useConfig] Configuración inicial obtenida
[2025-10-15 18:11:26] [INFO] [main] [useConfig] Configuración inicial obtenida
[2025-10-15 18:11:28] [ERROR] [main] [reportLockers] [intento 1] Error HTTP: 500 - Network Error
[2025-10-15 18:11:28] [WARN] [main] [reportLockers] Reintentando en 1000ms...
[2025-10-15 18:11:28] [ERROR] [main] [reportLockers] [intento 1] Error HTTP: 500 - Network Error
[2025-10-15 18:11:28] [WARN] [main] [reportLockers] Reintentando en 1000ms...
[2025-10-15 18:11:28] [ERROR] [main] [statusLockers] [intento 1] Error HTTP: 500 - Network Error
[2025-10-15 18:11:28] [WARN] [main] [statusLockers] Reintentando en 1000ms...
[2025-10-15 18:11:28] [ERROR] [main] [statusLockers] [intento 1] Error HTTP: 500 - Network Error
[2025-10-15 18:11:28] [WARN] [main] [statusLockers] Reintentando en 1000ms...
[2025-10-15 18:11:29] [INFO] [main] [reportLockers] Intento 2: HOST -> http://localhost:8080
[2025-10-15 18:11:29] [INFO] [main] [reportLockers] Intento 2: URL -> /api/lockers/report
[2025-10-15 18:11:29] [INFO] [main] [reportLockers] Intento 2: Request -> {"startDate":"2025-10-14 05:00:00","endDate":"2025-10-15 04:59:59","sendEmail":true}
[2025-10-15 18:11:29] [INFO] [main] [reportLockers] Intento 2: HOST -> http://localhost:8080
[2025-10-15 18:11:29] [INFO] [main] [reportLockers] Intento 2: URL -> /api/lockers/report
[2025-10-15 18:11:29] [INFO] [main] [reportLockers] Intento 2: Request -> {"startDate":"2025-10-06 05:00:00","endDate":"2025-10-13 04:59:59","sendEmail":true}
[2025-10-15 18:11:29] [INFO] [main] [statusLockers] Intento 2: HOST -> http://localhost:8080
[2025-10-15 18:11:29] [INFO] [main] [statusLockers] Intento 2: URL -> /api/lockers/get-all-status
[2025-10-15 18:11:29] [INFO] [main] [statusLockers] Intento 2: HOST -> http://localhost:8080
[2025-10-15 18:11:29] [INFO] [main] [statusLockers] Intento 2: URL -> /api/lockers/get-all-status
[2025-10-15 18:11:30] [INFO] [main] [scheduleReport] Ejecutando tarea programada [daily] con rango: 2025-10-14 → 2025-10-14
[2025-10-15 18:11:30] [INFO] [main] [app] Generando payload en modo [local]
[2025-10-15 18:11:30] [INFO] [main] [app] Payload generado: {"startDate":"2025-10-14 05:00:00","endDate":"2025-10-15 04:59:59","sendEmail":true}
[2025-10-15 18:11:30] [INFO] [main] [reportLockers] Iniciando petición para obtener el reporte de casilleros
[2025-10-15 18:11:30] [INFO] [main] [reportLockers] Timeout efectivo en ejecución: 30000
[2025-10-15 18:11:30] [INFO] [main] [reportLockers] Intento 1: HOST -> http://localhost:8080
[2025-10-15 18:11:30] [INFO] [main] [reportLockers] Intento 1: URL -> /api/lockers/report
[2025-10-15 18:11:30] [INFO] [main] [reportLockers] Intento 1: Request -> {"startDate":"2025-10-14 05:00:00","endDate":"2025-10-15 04:59:59","sendEmail":true}
[2025-10-15 18:11:30] [INFO] [main] [scheduleReport] Ejecutando tarea programada [weekly] con rango: 2025-10-06 → 2025-10-12
[2025-10-15 18:11:30] [INFO] [main] [app] Generando payload en modo [local]
[2025-10-15 18:11:30] [INFO] [main] [app] Payload generado: {"startDate":"2025-10-06 05:00:00","endDate":"2025-10-13 04:59:59","sendEmail":true}
[2025-10-15 18:11:30] [INFO] [main] [reportLockers] Iniciando petición para obtener el reporte de casilleros
[2025-10-15 18:11:30] [INFO] [main] [reportLockers] Timeout efectivo en ejecución: 30000
[2025-10-15 18:11:30] [INFO] [main] [reportLockers] Intento 1: HOST -> http://localhost:8080
[2025-10-15 18:11:30] [INFO] [main] [reportLockers] Intento 1: URL -> /api/lockers/report
[2025-10-15 18:11:30] [INFO] [main] [reportLockers] Intento 1: Request -> {"startDate":"2025-10-06 05:00:00","endDate":"2025-10-13 04:59:59","sendEmail":true}
[2025-10-15 18:11:31] [ERROR] [main] [reportLockers] [intento 2] Error HTTP: 500 - Network Error
[2025-10-15 18:11:31] [WARN] [main] [reportLockers] Reintentando en 1000ms...
[2025-10-15 18:11:31] [ERROR] [main] [reportLockers] [intento 2] Error HTTP: 500 - Network Error
[2025-10-15 18:11:31] [WARN] [main] [reportLockers] Reintentando en 1000ms...
[2025-10-15 18:11:31] [ERROR] [main] [statusLockers] [intento 2] Error HTTP: 500 - Network Error
[2025-10-15 18:11:31] [WARN] [main] [statusLockers] Reintentando en 1000ms...
[2025-10-15 18:11:31] [ERROR] [main] [statusLockers] [intento 2] Error HTTP: 500 - Network Error
[2025-10-15 18:11:31] [WARN] [main] [statusLockers] Reintentando en 1000ms...
[2025-10-15 18:11:31] [ERROR] [main] [reportLockers] [intento 1] Error HTTP: 500 - Network Error
[2025-10-15 18:11:31] [WARN] [main] [reportLockers] Reintentando en 1000ms...
[2025-10-15 18:11:32] [ERROR] [main] [reportLockers] [intento 1] Error HTTP: 500 - Network Error
[2025-10-15 18:11:32] [WARN] [main] [reportLockers] Reintentando en 1000ms...
[2025-10-15 18:11:32] [INFO] [main] [reportLockers] Intento 3: HOST -> http://localhost:8080
[2025-10-15 18:11:32] [INFO] [main] [reportLockers] Intento 3: URL -> /api/lockers/report
[2025-10-15 18:11:32] [INFO] [main] [reportLockers] Intento 3: Request -> {"startDate":"2025-10-14 05:00:00","endDate":"2025-10-15 04:59:59","sendEmail":true}
[2025-10-15 18:11:32] [INFO] [main] [reportLockers] Intento 3: HOST -> http://localhost:8080
[2025-10-15 18:11:32] [INFO] [main] [reportLockers] Intento 3: URL -> /api/lockers/report
[2025-10-15 18:11:32] [INFO] [main] [reportLockers] Intento 3: Request -> {"startDate":"2025-10-06 05:00:00","endDate":"2025-10-13 04:59:59","sendEmail":true}
[2025-10-15 18:11:32] [INFO] [main] [statusLockers] Intento 3: HOST -> http://localhost:8080
[2025-10-15 18:11:32] [INFO] [main] [statusLockers] Intento 3: URL -> /api/lockers/get-all-status
[2025-10-15 18:11:32] [INFO] [main] [statusLockers] Intento 3: HOST -> http://localhost:8080
[2025-10-15 18:11:32] [INFO] [main] [statusLockers] Intento 3: URL -> /api/lockers/get-all-status
[2025-10-15 18:11:32] [INFO] [main] [reportLockers] Intento 2: HOST -> http://localhost:8080
[2025-10-15 18:11:32] [INFO] [main] [reportLockers] Intento 2: URL -> /api/lockers/report
[2025-10-15 18:11:32] [INFO] [main] [reportLockers] Intento 2: Request -> {"startDate":"2025-10-14 05:00:00","endDate":"2025-10-15 04:59:59","sendEmail":true}
[2025-10-15 18:11:33] [INFO] [main] [reportLockers] Intento 2: HOST -> http://localhost:8080
[2025-10-15 18:11:33] [INFO] [main] [reportLockers] Intento 2: URL -> /api/lockers/report
[2025-10-15 18:11:33] [INFO] [main] [reportLockers] Intento 2: Request -> {"startDate":"2025-10-06 05:00:00","endDate":"2025-10-13 04:59:59","sendEmail":true}
[2025-10-15 18:11:35] [ERROR] [main] [reportLockers] [intento 3] Error HTTP: 500 - Network Error
[2025-10-15 18:11:35] [WARN] [main] [reportLockers] Reintentando en 1000ms...
[2025-10-15 18:11:35] [ERROR] [main] [reportLockers] [intento 3] Error HTTP: 500 - Network Error
[2025-10-15 18:11:35] [WARN] [main] [reportLockers] Reintentando en 1000ms...
[2025-10-15 18:11:35] [ERROR] [main] [statusLockers] [intento 3] Error HTTP: 500 - Network Error
[2025-10-15 18:11:35] [WARN] [main] [statusLockers] Reintentando en 1000ms...
[2025-10-15 18:11:35] [ERROR] [main] [statusLockers] [intento 3] Error HTTP: 500 - Network Error
[2025-10-15 18:11:35] [WARN] [main] [statusLockers] Reintentando en 1000ms...
[2025-10-15 18:11:35] [ERROR] [main] [reportLockers] [intento 2] Error HTTP: 500 - Network Error
[2025-10-15 18:11:35] [WARN] [main] [reportLockers] Reintentando en 1000ms...
[2025-10-15 18:11:35] [ERROR] [main] [reportLockers] [intento 2] Error HTTP: 500 - Network Error
[2025-10-15 18:11:35] [WARN] [main] [reportLockers] Reintentando en 1000ms...
[2025-10-15 18:11:36] [INFO] [main] [reportLockers] Intento 4: HOST -> http://localhost:8080
[2025-10-15 18:11:36] [INFO] [main] [reportLockers] Intento 4: URL -> /api/lockers/report
[2025-10-15 18:11:36] [INFO] [main] [reportLockers] Intento 4: Request -> {"startDate":"2025-10-14 05:00:00","endDate":"2025-10-15 04:59:59","sendEmail":true}
[2025-10-15 18:11:36] [INFO] [main] [reportLockers] Intento 4: HOST -> http://localhost:8080
[2025-10-15 18:11:36] [INFO] [main] [reportLockers] Intento 4: URL -> /api/lockers/report
[2025-10-15 18:11:36] [INFO] [main] [reportLockers] Intento 4: Request -> {"startDate":"2025-10-06 05:00:00","endDate":"2025-10-13 04:59:59","sendEmail":true}
[2025-10-15 18:11:36] [INFO] [main] [statusLockers] Intento 4: HOST -> http://localhost:8080
[2025-10-15 18:11:36] [INFO] [main] [statusLockers] Intento 4: URL -> /api/lockers/get-all-status
[2025-10-15 18:11:36] [INFO] [main] [statusLockers] Intento 4: HOST -> http://localhost:8080
[2025-10-15 18:11:36] [INFO] [main] [statusLockers] Intento 4: URL -> /api/lockers/get-all-status
[2025-10-15 18:11:36] [INFO] [main] [reportLockers] Intento 3: HOST -> http://localhost:8080
[2025-10-15 18:11:36] [INFO] [main] [reportLockers] Intento 3: URL -> /api/lockers/report
[2025-10-15 18:11:36] [INFO] [main] [reportLockers] Intento 3: Request -> {"startDate":"2025-10-14 05:00:00","endDate":"2025-10-15 04:59:59","sendEmail":true}
[2025-10-15 18:11:36] [INFO] [main] [reportLockers] Intento 3: HOST -> http://localhost:8080
[2025-10-15 18:11:36] [INFO] [main] [reportLockers] Intento 3: URL -> /api/lockers/report
[2025-10-15 18:11:36] [INFO] [main] [reportLockers] Intento 3: Request -> {"startDate":"2025-10-06 05:00:00","endDate":"2025-10-13 04:59:59","sendEmail":true}
[2025-10-15 18:11:38] [ERROR] [main] [reportLockers] [intento 4] Error HTTP: 500 - Network Error
[2025-10-15 18:11:38] [WARN] [main] [reportLockers] Reintentando en 1000ms...
[2025-10-15 18:11:38] [ERROR] [main] [reportLockers] [intento 4] Error HTTP: 500 - Network Error
[2025-10-15 18:11:38] [WARN] [main] [reportLockers] Reintentando en 1000ms...
[2025-10-15 18:11:38] [ERROR] [main] [statusLockers] [intento 4] Error HTTP: 500 - Network Error
[2025-10-15 18:11:38] [WARN] [main] [statusLockers] Reintentando en 1000ms...
[2025-10-15 18:11:38] [ERROR] [main] [statusLockers] [intento 4] Error HTTP: 500 - Network Error
[2025-10-15 18:11:38] [WARN] [main] [statusLockers] Reintentando en 1000ms...
[2025-10-15 18:11:38] [ERROR] [main] [reportLockers] [intento 3] Error HTTP: 500 - Network Error
[2025-10-15 18:11:38] [WARN] [main] [reportLockers] Reintentando en 1000ms...
[2025-10-15 18:11:38] [ERROR] [main] [reportLockers] [intento 3] Error HTTP: 500 - Network Error
[2025-10-15 18:11:38] [WARN] [main] [reportLockers] Reintentando en 1000ms...
[2025-10-15 18:11:39] [INFO] [main] [reportLockers] Intento 5: HOST -> http://localhost:8080
[2025-10-15 18:11:39] [INFO] [main] [reportLockers] Intento 5: URL -> /api/lockers/report
[2025-10-15 18:11:39] [INFO] [main] [reportLockers] Intento 5: Request -> {"startDate":"2025-10-14 05:00:00","endDate":"2025-10-15 04:59:59","sendEmail":true}
[2025-10-15 18:11:39] [INFO] [main] [reportLockers] Intento 5: HOST -> http://localhost:8080
[2025-10-15 18:11:39] [INFO] [main] [reportLockers] Intento 5: URL -> /api/lockers/report
[2025-10-15 18:11:39] [INFO] [main] [reportLockers] Intento 5: Request -> {"startDate":"2025-10-06 05:00:00","endDate":"2025-10-13 04:59:59","sendEmail":true}
[2025-10-15 18:11:39] [INFO] [main] [statusLockers] Intento 5: HOST -> http://localhost:8080
[2025-10-15 18:11:39] [INFO] [main] [statusLockers] Intento 5: URL -> /api/lockers/get-all-status
[2025-10-15 18:11:39] [INFO] [main] [statusLockers] Intento 5: HOST -> http://localhost:8080
[2025-10-15 18:11:39] [INFO] [main] [statusLockers] Intento 5: URL -> /api/lockers/get-all-status
[2025-10-15 18:11:39] [INFO] [main] [reportLockers] Intento 4: HOST -> http://localhost:8080
[2025-10-15 18:11:39] [INFO] [main] [reportLockers] Intento 4: URL -> /api/lockers/report
[2025-10-15 18:11:39] [INFO] [main] [reportLockers] Intento 4: Request -> {"startDate":"2025-10-14 05:00:00","endDate":"2025-10-15 04:59:59","sendEmail":true}
[2025-10-15 18:11:39] [INFO] [main] [reportLockers] Intento 4: HOST -> http://localhost:8080
[2025-10-15 18:11:39] [INFO] [main] [reportLockers] Intento 4: URL -> /api/lockers/report
[2025-10-15 18:11:39] [INFO] [main] [reportLockers] Intento 4: Request -> {"startDate":"2025-10-06 05:00:00","endDate":"2025-10-13 04:59:59","sendEmail":true}
[2025-10-15 18:11:41] [ERROR] [main] [reportLockers] [intento 5] Error HTTP: 500 - Network Error
[2025-10-15 18:11:41] [ERROR] [main] [app] Error HTTP: 500 - Network Error
[2025-10-15 18:11:41] [INFO] [main] [scheduleReport] Actualizando ejecución → Real: 2025-10-15 18:11:41 | Próximo target: 2025-10-16 00:05:00
[2025-10-15 18:11:41] [INFO] [main] [scheduleReport] Tarea ejecutada correctamente
[2025-10-15 18:11:41] [ERROR] [main] [reportLockers] [intento 5] Error HTTP: 500 - Network Error
[2025-10-15 18:11:41] [ERROR] [main] [app] Error HTTP: 500 - Network Error
[2025-10-15 18:11:41] [INFO] [main] [scheduleReport] Actualizando ejecución → Real: 2025-10-15 18:11:41 | Próximo target: 2025-10-20 00:10:00
[2025-10-15 18:11:41] [INFO] [main] [scheduleReport] Tarea ejecutada correctamente
[2025-10-15 18:11:41] [ERROR] [main] [statusLockers] [intento 5] Error HTTP: 500 - Network Error
[2025-10-15 18:11:41] [ERROR] [main] [statusLockers] [intento 5] Error HTTP: 500 - Network Error
[2025-10-15 18:11:42] [ERROR] [main] [reportLockers] [intento 4] Error HTTP: 500 - Network Error
[2025-10-15 18:11:42] [WARN] [main] [reportLockers] Reintentando en 1000ms...
[2025-10-15 18:11:42] [ERROR] [main] [reportLockers] [intento 4] Error HTTP: 500 - Network Error
[2025-10-15 18:11:42] [WARN] [main] [reportLockers] Reintentando en 1000ms...
[2025-10-15 18:11:43] [INFO] [main] [reportLockers] Intento 5: HOST -> http://localhost:8080
[2025-10-15 18:11:43] [INFO] [main] [reportLockers] Intento 5: URL -> /api/lockers/report
[2025-10-15 18:11:43] [INFO] [main] [reportLockers] Intento 5: Request -> {"startDate":"2025-10-14 05:00:00","endDate":"2025-10-15 04:59:59","sendEmail":true}
[2025-10-15 18:11:43] [INFO] [main] [reportLockers] Intento 5: HOST -> http://localhost:8080
[2025-10-15 18:11:43] [INFO] [main] [reportLockers] Intento 5: URL -> /api/lockers/report
[2025-10-15 18:11:43] [INFO] [main] [reportLockers] Intento 5: Request -> {"startDate":"2025-10-06 05:00:00","endDate":"2025-10-13 04:59:59","sendEmail":true}
[2025-10-15 18:11:45] [ERROR] [main] [reportLockers] [intento 5] Error HTTP: 500 - Network Error
[2025-10-15 18:11:45] [ERROR] [main] [app] Error HTTP: 500 - Network Error
[2025-10-15 18:11:45] [INFO] [main] [scheduleReport] Actualizando ejecución → Real: 2025-10-15 18:11:45 | Próximo target: 2025-10-16 00:05:00
[2025-10-15 18:11:45] [INFO] [main] [scheduleReport] Tarea ejecutada correctamente
[2025-10-15 18:11:45] [ERROR] [main] [reportLockers] [intento 5] Error HTTP: 500 - Network Error
[2025-10-15 18:11:45] [ERROR] [main] [app] Error HTTP: 500 - Network Error
[2025-10-15 18:11:45] [INFO] [main] [scheduleReport] Actualizando ejecución → Real: 2025-10-15 18:11:45 | Próximo target: 2025-10-20 00:10:00
[2025-10-15 18:11:45] [INFO] [main] [scheduleReport] Tarea ejecutada correctamente
[2025-10-15 18:12:01] [INFO] [main] [statusLockers] Iniciando petición para obtener casilleros disponibles
[2025-10-15 18:12:01] [INFO] [main] [statusLockers] Timeout efectivo en ejecución: 30000
[2025-10-15 18:12:01] [INFO] [main] [statusLockers] Intento 1: HOST -> http://localhost:8080
[2025-10-15 18:12:01] [INFO] [main] [statusLockers] Intento 1: URL -> /api/lockers/get-all-status
[2025-10-15 18:12:01] [INFO] [main] [copyright] Versión cargada: 1.1.0
[2025-10-15 18:12:01] [INFO] [main] [app] Componente App montado
[2025-10-15 18:12:01] [INFO] [main] [app] Versión cargada: 1.1.0
[2025-10-15 18:12:01] [INFO] [main] [statusLockers] Iniciando petición para obtener casilleros disponibles
[2025-10-15 18:12:01] [INFO] [main] [statusLockers] Timeout efectivo en ejecución: 30000
[2025-10-15 18:12:01] [INFO] [main] [statusLockers] Intento 1: HOST -> http://localhost:8080
[2025-10-15 18:12:01] [INFO] [main] [statusLockers] Intento 1: URL -> /api/lockers/get-all-status
[2025-10-15 18:12:01] [INFO] [main] [copyright] Versión cargada: 1.1.0
[2025-10-15 18:12:01] [INFO] [main] [app] Componente App montado
[2025-10-15 18:12:01] [INFO] [main] [app] Versión cargada: 1.1.0
[2025-10-15 18:12:01] [INFO] [main] [useConfig] Configuración inicial obtenida
[2025-10-15 18:12:01] [INFO] [main] [useConfig] Configuración inicial obtenida
[2025-10-15 18:12:01] [INFO] [main] [useConfig] Configuración inicial obtenida
[2025-10-15 18:12:01] [INFO] [main] [useConfig] Configuración inicial obtenida
[2025-10-15 18:12:01] [INFO] [main] [useConfig] Configuración inicial obtenida
[2025-10-15 18:12:01] [INFO] [main] [useConfig] Configuración inicial obtenida
[2025-10-15 18:12:01] [INFO] [main] [useConfig] Configuración inicial obtenida
[2025-10-15 18:12:01] [INFO] [main] [useConfig] Configuración inicial obtenida
[2025-10-15 18:12:02] [INFO] [main] [statusLockers] Response. Status: 200
[2025-10-15 18:12:02] [INFO] [main] [statusLockers] Response. Data: {"general":[{"status":"ocupado","total":12},{"status":"libre","total":1},{"status":"reservado","total":12},{"status":"deshabilitado","total":6}],"modules":[{"module":"A","lockers":[{"lockerCode":"A1","status":"reservado"},{"lockerCode":"A2","status":"Libre"},{"lockerCode":"A3","status":"Libre"},{"lockerCode":"A4","status":"ocupado"},{"lockerCode":"A5","status":"reservado"},{"lockerCode":"A6","status":"ocupado"},{"lockerCode":"A7","status":"deshabilitado"},{"lockerCode":"A8","status":"Libre"},{"lockerCode":"A9","status":"Libre"},{"lockerCode":"A10","status":"Libre"},{"lockerCode":"A11","status":"reservado"},{"lockerCode":"A12","status":"Libre"},{"lockerCode":"A13","status":"Libre"},{"lockerCode":"A14","status":"ocupado"},{"lockerCode":"A15","status":"reservado"},{"lockerCode":"A16","status":"ocupado"},{"lockerCode":"A17","status":"deshabilitado"},{"lockerCode":"A18","status":"Libre"},{"lockerCode":"A19","status":"Libre"},{"lockerCode":"A20","status":"Libre"},{"lockerCode":"A21","status":"reservado"},{"lockerCode":"A22","status":"Libre"},{"lockerCode":"A23","status":"Libre"},{"lockerCode":"A24","status":"ocupado"},{"lockerCode":"A25","status":"reservado"},{"lockerCode":"A26","status":"ocupado"},{"lockerCode":"A27","status":"deshabilitado"},{"lockerCode":"A28","status":"Libre"},{"lockerCode":"A29","status":"Libre"},{"lockerCode":"A30","status":"Libre"},{"lockerCode":"A31","status":"reservado"},{"lockerCode":"A32","status":"Libre"},{"lockerCode":"A33","status":"Libre"},{"lockerCode":"A34","status":"ocupado"},{"lockerCode":"A35","status":"reservado"},{"lockerCode":"A36","status":"ocupado"},{"lockerCode":"A37","status":"deshabilitado"},{"lockerCode":"A38","status":"Libre"},{"lockerCode":"A39","status":"Libre"},{"lockerCode":"A40","status":"Libre"},{"lockerCode":"A41","status":"reservado"},{"lockerCode":"A42","status":"Libre"},{"lockerCode":"A43","status":"Libre"},{"lockerCode":"A44","status":"ocupado"},{"lockerCode":"A45","status":"reservado"},{"lockerCode":"A46","status":"ocupado"},{"lockerCode":"A47","status":"deshabilitado"},{"lockerCode":"A48","status":"Libre"},{"lockerCode":"A49","status":"Libre"},{"lockerCode":"A50","status":"Libre"},{"lockerCode":"A51","status":"reservado"},{"lockerCode":"A52","status":"Libre"},{"lockerCode":"A53","status":"Libre"},{"lockerCode":"A54","status":"ocupado"},{"lockerCode":"A55","status":"reservado"},{"lockerCode":"A56","status":"ocupado"},{"lockerCode":"A57","status":"deshabilitado"},{"lockerCode":"A58","status":"Libre"},{"lockerCode":"A59","status":"Libre"},{"lockerCode":"A60","status":"Libre"},{"lockerCode":"A61","status":"reservado"},{"lockerCode":"A62","status":"Libre"},{"lockerCode":"A63","status":"Libre"},{"lockerCode":"A64","status":"ocupado"},{"lockerCode":"A65","status":"reservado"},{"lockerCode":"A66","status":"ocupado"},{"lockerCode":"A67","status":"deshabilitado"},{"lockerCode":"A68","status":"Libre"},{"lockerCode":"A69","status":"Libre"},{"lockerCode":"A70","status":"Libre"},{"lockerCode":"A71","status":"reservado"},{"lockerCode":"A72","status":"Libre"},{"lockerCode":"A73","status":"Libre"},{"lockerCode":"A74","status":"ocupado"},{"lockerCode":"A75","status":"reservado"},{"lockerCode":"A76","status":"ocupado"},{"lockerCode":"A77","status":"deshabilitado"},{"lockerCode":"A78","status":"Libre"},{"lockerCode":"A79","status":"Libre"},{"lockerCode":"A80","status":"Libre"}]},{"module":"B","lockers":[{"lockerCode":"B1","status":"reservado"},{"lockerCode":"B2","status":"Libre"},{"lockerCode":"B3","status":"Libre"},{"lockerCode":"B4","status":"ocupado"},{"lockerCode":"B5","status":"reservado"}]},{"module":"C","lockers":[{"lockerCode":"C1","status":"reservado"},{"lockerCode":"C2","status":"Libre"},{"lockerCode":"C3","status":"Libre"},{"lockerCode":"C4","status":"ocupado"},{"lockerCode":"C5","status":"reservado"},{"lockerCode":"C6","status":"ocupado"},{"lockerCode":"C7","status":"deshabilitado"},{"lockerCode":"C8","status":"Libre"},{"lockerCode":"C9","status":"Libre"},{"lockerCode":"C10","status":"Libre"},{"lockerCode":"C11","status":"reservado"},{"lockerCode":"C12","status":"ocupado"},{"lockerCode":"C13","status":"deshabilitado"},{"lockerCode":"C14","status":"Libre"},{"lockerCode":"C15","status":"Libre"},{"lockerCode":"C16","status":"Libre"}]},{"module":"D","lockers":[{"lockerCode":"D1","status":"reservado"}]},{"module":"E","lockers":[{"lockerCode":"E1","status":"reservado"},{"lockerCode":"E2","status":"Libre"},{"lockerCode":"E3","status":"Libre"},{"lockerCode":"E4","status":"ocupado"},{"lockerCode":"E5","status":"reservado"},{"lockerCode":"E6","status":"ocupado"},{"lockerCode":"E7","status":"deshabilitado"},{"lockerCode":"E8","status":"Libre"},{"lockerCode":"E9","status":"Libre"},{"lockerCode":"E10","status":"Libre"}]},{"module":"F","lockers":[{"lockerCode":"F1","status":"reservado"},{"lockerCode":"F2","status":"Libre"},{"lockerCode":"F3","status":"Libre"},{"lockerCode":"F4","status":"ocupado"},{"lockerCode":"F5","status":"reservado"},{"lockerCode":"F6","status":"ocupado"},{"lockerCode":"F7","status":"deshabilitado"},{"lockerCode":"F8","status":"Libre"},{"lockerCode":"F9","status":"Libre"},{"lockerCode":"F10","status":"Libre"}]}]}
[2025-10-15 18:12:02] [INFO] [main] [statusLockers] Response. Status: 200
[2025-10-15 18:12:02] [INFO] [main] [statusLockers] Response. Data: {"general":[{"status":"ocupado","total":12},{"status":"libre","total":1},{"status":"reservado","total":12},{"status":"deshabilitado","total":6}],"modules":[{"module":"A","lockers":[{"lockerCode":"A1","status":"reservado"},{"lockerCode":"A2","status":"Libre"},{"lockerCode":"A3","status":"Libre"},{"lockerCode":"A4","status":"ocupado"},{"lockerCode":"A5","status":"reservado"},{"lockerCode":"A6","status":"ocupado"},{"lockerCode":"A7","status":"deshabilitado"},{"lockerCode":"A8","status":"Libre"},{"lockerCode":"A9","status":"Libre"},{"lockerCode":"A10","status":"Libre"},{"lockerCode":"A11","status":"reservado"},{"lockerCode":"A12","status":"Libre"},{"lockerCode":"A13","status":"Libre"},{"lockerCode":"A14","status":"ocupado"},{"lockerCode":"A15","status":"reservado"},{"lockerCode":"A16","status":"ocupado"},{"lockerCode":"A17","status":"deshabilitado"},{"lockerCode":"A18","status":"Libre"},{"lockerCode":"A19","status":"Libre"},{"lockerCode":"A20","status":"Libre"},{"lockerCode":"A21","status":"reservado"},{"lockerCode":"A22","status":"Libre"},{"lockerCode":"A23","status":"Libre"},{"lockerCode":"A24","status":"ocupado"},{"lockerCode":"A25","status":"reservado"},{"lockerCode":"A26","status":"ocupado"},{"lockerCode":"A27","status":"deshabilitado"},{"lockerCode":"A28","status":"Libre"},{"lockerCode":"A29","status":"Libre"},{"lockerCode":"A30","status":"Libre"},{"lockerCode":"A31","status":"reservado"},{"lockerCode":"A32","status":"Libre"},{"lockerCode":"A33","status":"Libre"},{"lockerCode":"A34","status":"ocupado"},{"lockerCode":"A35","status":"reservado"},{"lockerCode":"A36","status":"ocupado"},{"lockerCode":"A37","status":"deshabilitado"},{"lockerCode":"A38","status":"Libre"},{"lockerCode":"A39","status":"Libre"},{"lockerCode":"A40","status":"Libre"},{"lockerCode":"A41","status":"reservado"},{"lockerCode":"A42","status":"Libre"},{"lockerCode":"A43","status":"Libre"},{"lockerCode":"A44","status":"ocupado"},{"lockerCode":"A45","status":"reservado"},{"lockerCode":"A46","status":"ocupado"},{"lockerCode":"A47","status":"deshabilitado"},{"lockerCode":"A48","status":"Libre"},{"lockerCode":"A49","status":"Libre"},{"lockerCode":"A50","status":"Libre"},{"lockerCode":"A51","status":"reservado"},{"lockerCode":"A52","status":"Libre"},{"lockerCode":"A53","status":"Libre"},{"lockerCode":"A54","status":"ocupado"},{"lockerCode":"A55","status":"reservado"},{"lockerCode":"A56","status":"ocupado"},{"lockerCode":"A57","status":"deshabilitado"},{"lockerCode":"A58","status":"Libre"},{"lockerCode":"A59","status":"Libre"},{"lockerCode":"A60","status":"Libre"},{"lockerCode":"A61","status":"reservado"},{"lockerCode":"A62","status":"Libre"},{"lockerCode":"A63","status":"Libre"},{"lockerCode":"A64","status":"ocupado"},{"lockerCode":"A65","status":"reservado"},{"lockerCode":"A66","status":"ocupado"},{"lockerCode":"A67","status":"deshabilitado"},{"lockerCode":"A68","status":"Libre"},{"lockerCode":"A69","status":"Libre"},{"lockerCode":"A70","status":"Libre"},{"lockerCode":"A71","status":"reservado"},{"lockerCode":"A72","status":"Libre"},{"lockerCode":"A73","status":"Libre"},{"lockerCode":"A74","status":"ocupado"},{"lockerCode":"A75","status":"reservado"},{"lockerCode":"A76","status":"ocupado"},{"lockerCode":"A77","status":"deshabilitado"},{"lockerCode":"A78","status":"Libre"},{"lockerCode":"A79","status":"Libre"},{"lockerCode":"A80","status":"Libre"}]},{"module":"B","lockers":[{"lockerCode":"B1","status":"reservado"},{"lockerCode":"B2","status":"Libre"},{"lockerCode":"B3","status":"Libre"},{"lockerCode":"B4","status":"ocupado"},{"lockerCode":"B5","status":"reservado"}]},{"module":"C","lockers":[{"lockerCode":"C1","status":"reservado"},{"lockerCode":"C2","status":"Libre"},{"lockerCode":"C3","status":"Libre"},{"lockerCode":"C4","status":"ocupado"},{"lockerCode":"C5","status":"reservado"},{"lockerCode":"C6","status":"ocupado"},{"lockerCode":"C7","status":"deshabilitado"},{"lockerCode":"C8","status":"Libre"},{"lockerCode":"C9","status":"Libre"},{"lockerCode":"C10","status":"Libre"},{"lockerCode":"C11","status":"reservado"},{"lockerCode":"C12","status":"ocupado"},{"lockerCode":"C13","status":"deshabilitado"},{"lockerCode":"C14","status":"Libre"},{"lockerCode":"C15","status":"Libre"},{"lockerCode":"C16","status":"Libre"}]},{"module":"D","lockers":[{"lockerCode":"D1","status":"reservado"}]},{"module":"E","lockers":[{"lockerCode":"E1","status":"reservado"},{"lockerCode":"E2","status":"Libre"},{"lockerCode":"E3","status":"Libre"},{"lockerCode":"E4","status":"ocupado"},{"lockerCode":"E5","status":"reservado"},{"lockerCode":"E6","status":"ocupado"},{"lockerCode":"E7","status":"deshabilitado"},{"lockerCode":"E8","status":"Libre"},{"lockerCode":"E9","status":"Libre"},{"lockerCode":"E10","status":"Libre"}]},{"module":"F","lockers":[{"lockerCode":"F1","status":"reservado"},{"lockerCode":"F2","status":"Libre"},{"lockerCode":"F3","status":"Libre"},{"lockerCode":"F4","status":"ocupado"},{"lockerCode":"F5","status":"reservado"},{"lockerCode":"F6","status":"ocupado"},{"lockerCode":"F7","status":"deshabilitado"},{"lockerCode":"F8","status":"Libre"},{"lockerCode":"F9","status":"Libre"},{"lockerCode":"F10","status":"Libre"}]}]}
[2025-10-15 18:23:53] [INFO] [main] Recibido config actualizado
[2025-10-15 18:23:53] [INFO] [main] Recibido auth actualizado
[2025-10-15 18:23:53] [INFO] [main] Recibido logger actualizado
[2025-10-15 18:23:53] [INFO] [main] Recibido env actualizado
[2025-10-15 18:23:53] [INFO] [preload] Inicializando preload.js
[2025-10-15 18:23:53] [INFO] [setupWatcher] Observando archivo setup_config.json en: C:\Users\User\Documents\Personal\LockeritDesk\configFiles\setup_config.json
[2025-10-15 18:23:53] [INFO] [setupWatcher] Archivo setup_config.json cargado correctamente
[2025-10-15 18:23:53] [INFO] [preload] Watcher iniciado: setup_config.json
[2025-10-15 18:23:53] [INFO] [authWatcher] Observando archivo auth_key.json en: C:\Users\User\Documents\Personal\LockeritDesk\configFiles\auth_key.json
[2025-10-15 18:23:53] [INFO] [authWatcher] auth_key.json actualizado correctamente
[2025-10-15 18:23:53] [INFO] [preload] Watcher iniciado: auth_key.json
[2025-10-15 18:23:53] [INFO] [loggerWatcher] Observando archivo logger_config.json en: C:\Users\User\Documents\Personal\LockeritDesk\configFiles\logger_config.json
[2025-10-15 18:23:53] [INFO] [loggerWatcher] Archivo logger_config.json cargado correctamente
[2025-10-15 18:23:53] [INFO] [preload] Watcher iniciado: logger_config.json
[2025-10-15 18:23:53] [INFO] [envWatcher] Observando archivo .env en: C:\Users\User\Documents\Personal\LockeritDesk\configFiles\.env
[2025-10-15 18:23:53] [INFO] [envWatcher] Archivo .env cargado correctamente
[2025-10-15 18:23:53] [INFO] [preload] Watcher iniciado: .env
[2025-10-15 18:23:53] [INFO] [preload] API expuesta en window.electronAPI
[2025-10-15 18:24:01] [INFO] [main] [axiosConfig] API BaseURL Inicial: http://localhost:8080
[2025-10-15 18:24:01] [INFO] [main] [axiosConfig] API BaseTimeout Inicial: 30
[2025-10-15 18:24:01] [INFO] [main] get-screen-data-once -> 1920x1032 factor=0.96
[2025-10-15 18:24:01] [INFO] [main] [configStore] Configuración actualizada
[2025-10-15 18:24:01] [INFO] [main] [configStore] config_key.json inicial cargado exitosamente
[2025-10-15 18:24:01] [INFO] [main] [envStore] ENV inicial cargado correctamente
[2025-10-15 18:24:01] [INFO] [main] [envStore] ENV actualizado
[2025-10-15 18:24:01] [INFO] [main] [axiosConfig] API BaseTimeout actualizada dinámicamente: 30
[2025-10-15 18:24:01] [INFO] [main] [assignLocker] API BaseTimeout actualizada dinámicamente: 30
[2025-10-15 18:24:01] [INFO] [main] [authStore] Auth actualizado
[2025-10-15 18:24:01] [INFO] [main] [authStore] auth_key.json inicial cargado exitosamente
[2025-10-15 18:24:02] [INFO] [main] [statusLockers] Iniciando petición para obtener casilleros disponibles
[2025-10-15 18:24:02] [INFO] [main] [statusLockers] Timeout efectivo en ejecución: 30000
[2025-10-15 18:24:02] [INFO] [main] [statusLockers] Intento 1: HOST -> http://localhost:8080
[2025-10-15 18:24:02] [INFO] [main] [statusLockers] Intento 1: URL -> /api/lockers/get-all-status
[2025-10-15 18:24:02] [INFO] [main] [copyright] Versión cargada: 1.1.0
[2025-10-15 18:24:02] [INFO] [main] [app] Componente App montado
[2025-10-15 18:24:02] [INFO] [main] [app] Versión cargada: 1.1.0
[2025-10-15 18:24:02] [INFO] [main] [statusLockers] Iniciando petición para obtener casilleros disponibles
[2025-10-15 18:24:02] [INFO] [main] [statusLockers] Timeout efectivo en ejecución: 30000
[2025-10-15 18:24:02] [INFO] [main] [statusLockers] Intento 1: HOST -> http://localhost:8080
[2025-10-15 18:24:02] [INFO] [main] [statusLockers] Intento 1: URL -> /api/lockers/get-all-status
[2025-10-15 18:24:02] [INFO] [main] [copyright] Versión cargada: 1.1.0
[2025-10-15 18:24:02] [INFO] [main] [app] Componente App montado
[2025-10-15 18:24:02] [INFO] [main] [app] Versión cargada: 1.1.0
[2025-10-15 18:24:02] [INFO] [main] [useConfig] Configuración inicial obtenida
[2025-10-15 18:24:02] [INFO] [main] [useConfig] Configuración inicial obtenida
[2025-10-15 18:24:02] [INFO] [main] [useConfig] Configuración inicial obtenida
[2025-10-15 18:24:02] [INFO] [main] [useConfig] Configuración inicial obtenida
[2025-10-15 18:24:02] [INFO] [main] [useConfig] Configuración inicial obtenida
[2025-10-15 18:24:02] [INFO] [main] [useConfig] Configuración inicial obtenida
[2025-10-15 18:24:02] [INFO] [main] [useConfig] Configuración inicial obtenida
[2025-10-15 18:24:02] [INFO] [main] [useConfig] Configuración inicial obtenida
[2025-10-15 18:24:02] [INFO] [main] [statusLockers] Response. Status: 200
[2025-10-15 18:24:02] [INFO] [main] [statusLockers] Response. Data: {"general":[{"status":"ocupado","total":12},{"status":"libre","total":1},{"status":"reservado","total":12},{"status":"deshabilitado","total":6}],"modules":[{"module":"A","lockers":[{"lockerCode":"A1","status":"reservado"},{"lockerCode":"A2","status":"Libre"},{"lockerCode":"A3","status":"Libre"},{"lockerCode":"A4","status":"ocupado"},{"lockerCode":"A5","status":"reservado"},{"lockerCode":"A6","status":"ocupado"},{"lockerCode":"A7","status":"deshabilitado"},{"lockerCode":"A8","status":"Libre"},{"lockerCode":"A9","status":"Libre"},{"lockerCode":"A10","status":"Libre"},{"lockerCode":"A11","status":"reservado"},{"lockerCode":"A12","status":"Libre"},{"lockerCode":"A13","status":"Libre"},{"lockerCode":"A14","status":"ocupado"},{"lockerCode":"A15","status":"reservado"},{"lockerCode":"A16","status":"ocupado"},{"lockerCode":"A17","status":"deshabilitado"},{"lockerCode":"A18","status":"Libre"},{"lockerCode":"A19","status":"Libre"},{"lockerCode":"A20","status":"Libre"},{"lockerCode":"A21","status":"reservado"},{"lockerCode":"A22","status":"Libre"},{"lockerCode":"A23","status":"Libre"},{"lockerCode":"A24","status":"ocupado"},{"lockerCode":"A25","status":"reservado"},{"lockerCode":"A26","status":"ocupado"},{"lockerCode":"A27","status":"deshabilitado"},{"lockerCode":"A28","status":"Libre"},{"lockerCode":"A29","status":"Libre"},{"lockerCode":"A30","status":"Libre"},{"lockerCode":"A31","status":"reservado"},{"lockerCode":"A32","status":"Libre"},{"lockerCode":"A33","status":"Libre"},{"lockerCode":"A34","status":"ocupado"},{"lockerCode":"A35","status":"reservado"},{"lockerCode":"A36","status":"ocupado"},{"lockerCode":"A37","status":"deshabilitado"},{"lockerCode":"A38","status":"Libre"},{"lockerCode":"A39","status":"Libre"},{"lockerCode":"A40","status":"Libre"},{"lockerCode":"A41","status":"reservado"},{"lockerCode":"A42","status":"Libre"},{"lockerCode":"A43","status":"Libre"},{"lockerCode":"A44","status":"ocupado"},{"lockerCode":"A45","status":"reservado"},{"lockerCode":"A46","status":"ocupado"},{"lockerCode":"A47","status":"deshabilitado"},{"lockerCode":"A48","status":"Libre"},{"lockerCode":"A49","status":"Libre"},{"lockerCode":"A50","status":"Libre"},{"lockerCode":"A51","status":"reservado"},{"lockerCode":"A52","status":"Libre"},{"lockerCode":"A53","status":"Libre"},{"lockerCode":"A54","status":"ocupado"},{"lockerCode":"A55","status":"reservado"},{"lockerCode":"A56","status":"ocupado"},{"lockerCode":"A57","status":"deshabilitado"},{"lockerCode":"A58","status":"Libre"},{"lockerCode":"A59","status":"Libre"},{"lockerCode":"A60","status":"Libre"},{"lockerCode":"A61","status":"reservado"},{"lockerCode":"A62","status":"Libre"},{"lockerCode":"A63","status":"Libre"},{"lockerCode":"A64","status":"ocupado"},{"lockerCode":"A65","status":"reservado"},{"lockerCode":"A66","status":"ocupado"},{"lockerCode":"A67","status":"deshabilitado"},{"lockerCode":"A68","status":"Libre"},{"lockerCode":"A69","status":"Libre"},{"lockerCode":"A70","status":"Libre"},{"lockerCode":"A71","status":"reservado"},{"lockerCode":"A72","status":"Libre"},{"lockerCode":"A73","status":"Libre"},{"lockerCode":"A74","status":"ocupado"},{"lockerCode":"A75","status":"reservado"},{"lockerCode":"A76","status":"ocupado"},{"lockerCode":"A77","status":"deshabilitado"},{"lockerCode":"A78","status":"Libre"},{"lockerCode":"A79","status":"Libre"},{"lockerCode":"A80","status":"Libre"}]},{"module":"B","lockers":[{"lockerCode":"B1","status":"reservado"},{"lockerCode":"B2","status":"Libre"},{"lockerCode":"B3","status":"Libre"},{"lockerCode":"B4","status":"ocupado"},{"lockerCode":"B5","status":"reservado"}]},{"module":"C","lockers":[{"lockerCode":"C1","status":"reservado"},{"lockerCode":"C2","status":"Libre"},{"lockerCode":"C3","status":"Libre"},{"lockerCode":"C4","status":"ocupado"},{"lockerCode":"C5","status":"reservado"},{"lockerCode":"C6","status":"ocupado"},{"lockerCode":"C7","status":"deshabilitado"},{"lockerCode":"C8","status":"Libre"},{"lockerCode":"C9","status":"Libre"},{"lockerCode":"C10","status":"Libre"},{"lockerCode":"C11","status":"reservado"},{"lockerCode":"C12","status":"ocupado"},{"lockerCode":"C13","status":"deshabilitado"},{"lockerCode":"C14","status":"Libre"},{"lockerCode":"C15","status":"Libre"},{"lockerCode":"C16","status":"Libre"}]},{"module":"D","lockers":[{"lockerCode":"D1","status":"reservado"}]},{"module":"E","lockers":[{"lockerCode":"E1","status":"reservado"},{"lockerCode":"E2","status":"Libre"},{"lockerCode":"E3","status":"Libre"},{"lockerCode":"E4","status":"ocupado"},{"lockerCode":"E5","status":"reservado"},{"lockerCode":"E6","status":"ocupado"},{"lockerCode":"E7","status":"deshabilitado"},{"lockerCode":"E8","status":"Libre"},{"lockerCode":"E9","status":"Libre"},{"lockerCode":"E10","status":"Libre"}]},{"module":"F","lockers":[{"lockerCode":"F1","status":"reservado"},{"lockerCode":"F2","status":"Libre"},{"lockerCode":"F3","status":"Libre"},{"lockerCode":"F4","status":"ocupado"},{"lockerCode":"F5","status":"reservado"},{"lockerCode":"F6","status":"ocupado"},{"lockerCode":"F7","status":"deshabilitado"},{"lockerCode":"F8","status":"Libre"},{"lockerCode":"F9","status":"Libre"},{"lockerCode":"F10","status":"Libre"}]}]}
[2025-10-15 18:24:03] [INFO] [main] [statusLockers] Response. Status: 200
[2025-10-15 18:24:03] [INFO] [main] [statusLockers] Response. Data: {"general":[{"status":"ocupado","total":12},{"status":"libre","total":1},{"status":"reservado","total":12},{"status":"deshabilitado","total":6}],"modules":[{"module":"A","lockers":[{"lockerCode":"A1","status":"reservado"},{"lockerCode":"A2","status":"Libre"},{"lockerCode":"A3","status":"Libre"},{"lockerCode":"A4","status":"ocupado"},{"lockerCode":"A5","status":"reservado"},{"lockerCode":"A6","status":"ocupado"},{"lockerCode":"A7","status":"deshabilitado"},{"lockerCode":"A8","status":"Libre"},{"lockerCode":"A9","status":"Libre"},{"lockerCode":"A10","status":"Libre"},{"lockerCode":"A11","status":"reservado"},{"lockerCode":"A12","status":"Libre"},{"lockerCode":"A13","status":"Libre"},{"lockerCode":"A14","status":"ocupado"},{"lockerCode":"A15","status":"reservado"},{"lockerCode":"A16","status":"ocupado"},{"lockerCode":"A17","status":"deshabilitado"},{"lockerCode":"A18","status":"Libre"},{"lockerCode":"A19","status":"Libre"},{"lockerCode":"A20","status":"Libre"},{"lockerCode":"A21","status":"reservado"},{"lockerCode":"A22","status":"Libre"},{"lockerCode":"A23","status":"Libre"},{"lockerCode":"A24","status":"ocupado"},{"lockerCode":"A25","status":"reservado"},{"lockerCode":"A26","status":"ocupado"},{"lockerCode":"A27","status":"deshabilitado"},{"lockerCode":"A28","status":"Libre"},{"lockerCode":"A29","status":"Libre"},{"lockerCode":"A30","status":"Libre"},{"lockerCode":"A31","status":"reservado"},{"lockerCode":"A32","status":"Libre"},{"lockerCode":"A33","status":"Libre"},{"lockerCode":"A34","status":"ocupado"},{"lockerCode":"A35","status":"reservado"},{"lockerCode":"A36","status":"ocupado"},{"lockerCode":"A37","status":"deshabilitado"},{"lockerCode":"A38","status":"Libre"},{"lockerCode":"A39","status":"Libre"},{"lockerCode":"A40","status":"Libre"},{"lockerCode":"A41","status":"reservado"},{"lockerCode":"A42","status":"Libre"},{"lockerCode":"A43","status":"Libre"},{"lockerCode":"A44","status":"ocupado"},{"lockerCode":"A45","status":"reservado"},{"lockerCode":"A46","status":"ocupado"},{"lockerCode":"A47","status":"deshabilitado"},{"lockerCode":"A48","status":"Libre"},{"lockerCode":"A49","status":"Libre"},{"lockerCode":"A50","status":"Libre"},{"lockerCode":"A51","status":"reservado"},{"lockerCode":"A52","status":"Libre"},{"lockerCode":"A53","status":"Libre"},{"lockerCode":"A54","status":"ocupado"},{"lockerCode":"A55","status":"reservado"},{"lockerCode":"A56","status":"ocupado"},{"lockerCode":"A57","status":"deshabilitado"},{"lockerCode":"A58","status":"Libre"},{"lockerCode":"A59","status":"Libre"},{"lockerCode":"A60","status":"Libre"},{"lockerCode":"A61","status":"reservado"},{"lockerCode":"A62","status":"Libre"},{"lockerCode":"A63","status":"Libre"},{"lockerCode":"A64","status":"ocupado"},{"lockerCode":"A65","status":"reservado"},{"lockerCode":"A66","status":"ocupado"},{"lockerCode":"A67","status":"deshabilitado"},{"lockerCode":"A68","status":"Libre"},{"lockerCode":"A69","status":"Libre"},{"lockerCode":"A70","status":"Libre"},{"lockerCode":"A71","status":"reservado"},{"lockerCode":"A72","status":"Libre"},{"lockerCode":"A73","status":"Libre"},{"lockerCode":"A74","status":"ocupado"},{"lockerCode":"A75","status":"reservado"},{"lockerCode":"A76","status":"ocupado"},{"lockerCode":"A77","status":"deshabilitado"},{"lockerCode":"A78","status":"Libre"},{"lockerCode":"A79","status":"Libre"},{"lockerCode":"A80","status":"Libre"}]},{"module":"B","lockers":[{"lockerCode":"B1","status":"reservado"},{"lockerCode":"B2","status":"Libre"},{"lockerCode":"B3","status":"Libre"},{"lockerCode":"B4","status":"ocupado"},{"lockerCode":"B5","status":"reservado"}]},{"module":"C","lockers":[{"lockerCode":"C1","status":"reservado"},{"lockerCode":"C2","status":"Libre"},{"lockerCode":"C3","status":"Libre"},{"lockerCode":"C4","status":"ocupado"},{"lockerCode":"C5","status":"reservado"},{"lockerCode":"C6","status":"ocupado"},{"lockerCode":"C7","status":"deshabilitado"},{"lockerCode":"C8","status":"Libre"},{"lockerCode":"C9","status":"Libre"},{"lockerCode":"C10","status":"Libre"},{"lockerCode":"C11","status":"reservado"},{"lockerCode":"C12","status":"ocupado"},{"lockerCode":"C13","status":"deshabilitado"},{"lockerCode":"C14","status":"Libre"},{"lockerCode":"C15","status":"Libre"},{"lockerCode":"C16","status":"Libre"}]},{"module":"D","lockers":[{"lockerCode":"D1","status":"reservado"}]},{"module":"E","lockers":[{"lockerCode":"E1","status":"reservado"},{"lockerCode":"E2","status":"Libre"},{"lockerCode":"E3","status":"Libre"},{"lockerCode":"E4","status":"ocupado"},{"lockerCode":"E5","status":"reservado"},{"lockerCode":"E6","status":"ocupado"},{"lockerCode":"E7","status":"deshabilitado"},{"lockerCode":"E8","status":"Libre"},{"lockerCode":"E9","status":"Libre"},{"lockerCode":"E10","status":"Libre"}]},{"module":"F","lockers":[{"lockerCode":"F1","status":"reservado"},{"lockerCode":"F2","status":"Libre"},{"lockerCode":"F3","status":"Libre"},{"lockerCode":"F4","status":"ocupado"},{"lockerCode":"F5","status":"reservado"},{"lockerCode":"F6","status":"ocupado"},{"lockerCode":"F7","status":"deshabilitado"},{"lockerCode":"F8","status":"Libre"},{"lockerCode":"F9","status":"Libre"},{"lockerCode":"F10","status":"Libre"}]}]}
[2025-10-15 18:24:43] [INFO] [main] [statusLockers] Iniciando petición para obtener casilleros disponibles
[2025-10-15 18:24:43] [INFO] [main] [statusLockers] Timeout efectivo en ejecución: 30000
[2025-10-15 18:24:43] [INFO] [main] [statusLockers] Intento 1: HOST -> http://localhost:8080
[2025-10-15 18:24:43] [INFO] [main] [statusLockers] Intento 1: URL -> /api/lockers/get-all-status
[2025-10-15 18:24:43] [INFO] [main] [copyright] Versión cargada: 1.1.0
[2025-10-15 18:24:43] [INFO] [main] [app] Componente App montado
[2025-10-15 18:24:43] [INFO] [main] [app] Versión cargada: 1.1.0
[2025-10-15 18:24:43] [INFO] [main] [statusLockers] Iniciando petición para obtener casilleros disponibles
[2025-10-15 18:24:43] [INFO] [main] [statusLockers] Timeout efectivo en ejecución: 30000
[2025-10-15 18:24:43] [INFO] [main] [statusLockers] Intento 1: HOST -> http://localhost:8080
[2025-10-15 18:24:43] [INFO] [main] [statusLockers] Intento 1: URL -> /api/lockers/get-all-status
[2025-10-15 18:24:43] [INFO] [main] [copyright] Versión cargada: 1.1.0
[2025-10-15 18:24:43] [INFO] [main] [app] Componente App montado
[2025-10-15 18:24:43] [INFO] [main] [app] Versión cargada: 1.1.0
[2025-10-15 18:24:43] [INFO] [main] [useConfig] Configuración inicial obtenida
[2025-10-15 18:24:43] [INFO] [main] [useConfig] Configuración inicial obtenida
[2025-10-15 18:24:43] [INFO] [main] [useConfig] Configuración inicial obtenida
[2025-10-15 18:24:43] [INFO] [main] [useConfig] Configuración inicial obtenida
[2025-10-15 18:24:43] [INFO] [main] [useConfig] Configuración inicial obtenida
[2025-10-15 18:24:43] [INFO] [main] [useConfig] Configuración inicial obtenida
[2025-10-15 18:24:43] [INFO] [main] [useConfig] Configuración inicial obtenida
[2025-10-15 18:24:43] [INFO] [main] [useConfig] Configuración inicial obtenida
[2025-10-15 18:24:43] [INFO] [main] [statusLockers] Response. Status: 200
[2025-10-15 18:24:43] [INFO] [main] [statusLockers] Response. Data: {"general":[{"status":"ocupado","total":12},{"status":"libre","total":1},{"status":"reservado","total":12},{"status":"deshabilitado","total":6}],"modules":[{"module":"A","lockers":[{"lockerCode":"A1","status":"reservado"},{"lockerCode":"A2","status":"Libre"},{"lockerCode":"A3","status":"Libre"},{"lockerCode":"A4","status":"ocupado"},{"lockerCode":"A5","status":"reservado"},{"lockerCode":"A6","status":"ocupado"},{"lockerCode":"A7","status":"deshabilitado"},{"lockerCode":"A8","status":"Libre"},{"lockerCode":"A9","status":"Libre"},{"lockerCode":"A10","status":"Libre"},{"lockerCode":"A11","status":"reservado"},{"lockerCode":"A12","status":"Libre"},{"lockerCode":"A13","status":"Libre"},{"lockerCode":"A14","status":"ocupado"},{"lockerCode":"A15","status":"reservado"},{"lockerCode":"A16","status":"ocupado"},{"lockerCode":"A17","status":"deshabilitado"},{"lockerCode":"A18","status":"Libre"},{"lockerCode":"A19","status":"Libre"},{"lockerCode":"A20","status":"Libre"},{"lockerCode":"A21","status":"reservado"},{"lockerCode":"A22","status":"Libre"},{"lockerCode":"A23","status":"Libre"},{"lockerCode":"A24","status":"ocupado"},{"lockerCode":"A25","status":"reservado"},{"lockerCode":"A26","status":"ocupado"},{"lockerCode":"A27","status":"deshabilitado"},{"lockerCode":"A28","status":"Libre"},{"lockerCode":"A29","status":"Libre"},{"lockerCode":"A30","status":"Libre"},{"lockerCode":"A31","status":"reservado"},{"lockerCode":"A32","status":"Libre"},{"lockerCode":"A33","status":"Libre"},{"lockerCode":"A34","status":"ocupado"},{"lockerCode":"A35","status":"reservado"},{"lockerCode":"A36","status":"ocupado"},{"lockerCode":"A37","status":"deshabilitado"},{"lockerCode":"A38","status":"Libre"},{"lockerCode":"A39","status":"Libre"},{"lockerCode":"A40","status":"Libre"},{"lockerCode":"A41","status":"reservado"},{"lockerCode":"A42","status":"Libre"},{"lockerCode":"A43","status":"Libre"},{"lockerCode":"A44","status":"ocupado"},{"lockerCode":"A45","status":"reservado"},{"lockerCode":"A46","status":"ocupado"},{"lockerCode":"A47","status":"deshabilitado"},{"lockerCode":"A48","status":"Libre"},{"lockerCode":"A49","status":"Libre"},{"lockerCode":"A50","status":"Libre"},{"lockerCode":"A51","status":"reservado"},{"lockerCode":"A52","status":"Libre"},{"lockerCode":"A53","status":"Libre"},{"lockerCode":"A54","status":"ocupado"},{"lockerCode":"A55","status":"reservado"},{"lockerCode":"A56","status":"ocupado"},{"lockerCode":"A57","status":"deshabilitado"},{"lockerCode":"A58","status":"Libre"},{"lockerCode":"A59","status":"Libre"},{"lockerCode":"A60","status":"Libre"},{"lockerCode":"A61","status":"reservado"},{"lockerCode":"A62","status":"Libre"},{"lockerCode":"A63","status":"Libre"},{"lockerCode":"A64","status":"ocupado"},{"lockerCode":"A65","status":"reservado"},{"lockerCode":"A66","status":"ocupado"},{"lockerCode":"A67","status":"deshabilitado"},{"lockerCode":"A68","status":"Libre"},{"lockerCode":"A69","status":"Libre"},{"lockerCode":"A70","status":"Libre"},{"lockerCode":"A71","status":"reservado"},{"lockerCode":"A72","status":"Libre"},{"lockerCode":"A73","status":"Libre"},{"lockerCode":"A74","status":"ocupado"},{"lockerCode":"A75","status":"reservado"},{"lockerCode":"A76","status":"ocupado"},{"lockerCode":"A77","status":"deshabilitado"},{"lockerCode":"A78","status":"Libre"},{"lockerCode":"A79","status":"Libre"},{"lockerCode":"A80","status":"Libre"}]},{"module":"B","lockers":[{"lockerCode":"B1","status":"reservado"},{"lockerCode":"B2","status":"Libre"},{"lockerCode":"B3","status":"Libre"},{"lockerCode":"B4","status":"ocupado"},{"lockerCode":"B5","status":"reservado"}]},{"module":"C","lockers":[{"lockerCode":"C1","status":"reservado"},{"lockerCode":"C2","status":"Libre"},{"lockerCode":"C3","status":"Libre"},{"lockerCode":"C4","status":"ocupado"},{"lockerCode":"C5","status":"reservado"},{"lockerCode":"C6","status":"ocupado"},{"lockerCode":"C7","status":"deshabilitado"},{"lockerCode":"C8","status":"Libre"},{"lockerCode":"C9","status":"Libre"},{"lockerCode":"C10","status":"Libre"},{"lockerCode":"C11","status":"reservado"},{"lockerCode":"C12","status":"ocupado"},{"lockerCode":"C13","status":"deshabilitado"},{"lockerCode":"C14","status":"Libre"},{"lockerCode":"C15","status":"Libre"},{"lockerCode":"C16","status":"Libre"}]},{"module":"D","lockers":[{"lockerCode":"D1","status":"reservado"}]},{"module":"E","lockers":[{"lockerCode":"E1","status":"reservado"},{"lockerCode":"E2","status":"Libre"},{"lockerCode":"E3","status":"Libre"},{"lockerCode":"E4","status":"ocupado"},{"lockerCode":"E5","status":"reservado"},{"lockerCode":"E6","status":"ocupado"},{"lockerCode":"E7","status":"deshabilitado"},{"lockerCode":"E8","status":"Libre"},{"lockerCode":"E9","status":"Libre"},{"lockerCode":"E10","status":"Libre"}]},{"module":"F","lockers":[{"lockerCode":"F1","status":"reservado"},{"lockerCode":"F2","status":"Libre"},{"lockerCode":"F3","status":"Libre"},{"lockerCode":"F4","status":"ocupado"},{"lockerCode":"F5","status":"reservado"},{"lockerCode":"F6","status":"ocupado"},{"lockerCode":"F7","status":"deshabilitado"},{"lockerCode":"F8","status":"Libre"},{"lockerCode":"F9","status":"Libre"},{"lockerCode":"F10","status":"Libre"}]}]}
[2025-10-15 18:24:44] [INFO] [main] [statusLockers] Response. Status: 200
[2025-10-15 18:24:44] [INFO] [main] [statusLockers] Response. Data: {"general":[{"status":"ocupado","total":12},{"status":"libre","total":1},{"status":"reservado","total":12},{"status":"deshabilitado","total":6}],"modules":[{"module":"A","lockers":[{"lockerCode":"A1","status":"reservado"},{"lockerCode":"A2","status":"Libre"},{"lockerCode":"A3","status":"Libre"},{"lockerCode":"A4","status":"ocupado"},{"lockerCode":"A5","status":"reservado"},{"lockerCode":"A6","status":"ocupado"},{"lockerCode":"A7","status":"deshabilitado"},{"lockerCode":"A8","status":"Libre"},{"lockerCode":"A9","status":"Libre"},{"lockerCode":"A10","status":"Libre"},{"lockerCode":"A11","status":"reservado"},{"lockerCode":"A12","status":"Libre"},{"lockerCode":"A13","status":"Libre"},{"lockerCode":"A14","status":"ocupado"},{"lockerCode":"A15","status":"reservado"},{"lockerCode":"A16","status":"ocupado"},{"lockerCode":"A17","status":"deshabilitado"},{"lockerCode":"A18","status":"Libre"},{"lockerCode":"A19","status":"Libre"},{"lockerCode":"A20","status":"Libre"},{"lockerCode":"A21","status":"reservado"},{"lockerCode":"A22","status":"Libre"},{"lockerCode":"A23","status":"Libre"},{"lockerCode":"A24","status":"ocupado"},{"lockerCode":"A25","status":"reservado"},{"lockerCode":"A26","status":"ocupado"},{"lockerCode":"A27","status":"deshabilitado"},{"lockerCode":"A28","status":"Libre"},{"lockerCode":"A29","status":"Libre"},{"lockerCode":"A30","status":"Libre"},{"lockerCode":"A31","status":"reservado"},{"lockerCode":"A32","status":"Libre"},{"lockerCode":"A33","status":"Libre"},{"lockerCode":"A34","status":"ocupado"},{"lockerCode":"A35","status":"reservado"},{"lockerCode":"A36","status":"ocupado"},{"lockerCode":"A37","status":"deshabilitado"},{"lockerCode":"A38","status":"Libre"},{"lockerCode":"A39","status":"Libre"},{"lockerCode":"A40","status":"Libre"},{"lockerCode":"A41","status":"reservado"},{"lockerCode":"A42","status":"Libre"},{"lockerCode":"A43","status":"Libre"},{"lockerCode":"A44","status":"ocupado"},{"lockerCode":"A45","status":"reservado"},{"lockerCode":"A46","status":"ocupado"},{"lockerCode":"A47","status":"deshabilitado"},{"lockerCode":"A48","status":"Libre"},{"lockerCode":"A49","status":"Libre"},{"lockerCode":"A50","status":"Libre"},{"lockerCode":"A51","status":"reservado"},{"lockerCode":"A52","status":"Libre"},{"lockerCode":"A53","status":"Libre"},{"lockerCode":"A54","status":"ocupado"},{"lockerCode":"A55","status":"reservado"},{"lockerCode":"A56","status":"ocupado"},{"lockerCode":"A57","status":"deshabilitado"},{"lockerCode":"A58","status":"Libre"},{"lockerCode":"A59","status":"Libre"},{"lockerCode":"A60","status":"Libre"},{"lockerCode":"A61","status":"reservado"},{"lockerCode":"A62","status":"Libre"},{"lockerCode":"A63","status":"Libre"},{"lockerCode":"A64","status":"ocupado"},{"lockerCode":"A65","status":"reservado"},{"lockerCode":"A66","status":"ocupado"},{"lockerCode":"A67","status":"deshabilitado"},{"lockerCode":"A68","status":"Libre"},{"lockerCode":"A69","status":"Libre"},{"lockerCode":"A70","status":"Libre"},{"lockerCode":"A71","status":"reservado"},{"lockerCode":"A72","status":"Libre"},{"lockerCode":"A73","status":"Libre"},{"lockerCode":"A74","status":"ocupado"},{"lockerCode":"A75","status":"reservado"},{"lockerCode":"A76","status":"ocupado"},{"lockerCode":"A77","status":"deshabilitado"},{"lockerCode":"A78","status":"Libre"},{"lockerCode":"A79","status":"Libre"},{"lockerCode":"A80","status":"Libre"}]},{"module":"B","lockers":[{"lockerCode":"B1","status":"reservado"},{"lockerCode":"B2","status":"Libre"},{"lockerCode":"B3","status":"Libre"},{"lockerCode":"B4","status":"ocupado"},{"lockerCode":"B5","status":"reservado"}]},{"module":"C","lockers":[{"lockerCode":"C1","status":"reservado"},{"lockerCode":"C2","status":"Libre"},{"lockerCode":"C3","status":"Libre"},{"lockerCode":"C4","status":"ocupado"},{"lockerCode":"C5","status":"reservado"},{"lockerCode":"C6","status":"ocupado"},{"lockerCode":"C7","status":"deshabilitado"},{"lockerCode":"C8","status":"Libre"},{"lockerCode":"C9","status":"Libre"},{"lockerCode":"C10","status":"Libre"},{"lockerCode":"C11","status":"reservado"},{"lockerCode":"C12","status":"ocupado"},{"lockerCode":"C13","status":"deshabilitado"},{"lockerCode":"C14","status":"Libre"},{"lockerCode":"C15","status":"Libre"},{"lockerCode":"C16","status":"Libre"}]},{"module":"D","lockers":[{"lockerCode":"D1","status":"reservado"}]},{"module":"E","lockers":[{"lockerCode":"E1","status":"reservado"},{"lockerCode":"E2","status":"Libre"},{"lockerCode":"E3","status":"Libre"},{"lockerCode":"E4","status":"ocupado"},{"lockerCode":"E5","status":"reservado"},{"lockerCode":"E6","status":"ocupado"},{"lockerCode":"E7","status":"deshabilitado"},{"lockerCode":"E8","status":"Libre"},{"lockerCode":"E9","status":"Libre"},{"lockerCode":"E10","status":"Libre"}]},{"module":"F","lockers":[{"lockerCode":"F1","status":"reservado"},{"lockerCode":"F2","status":"Libre"},{"lockerCode":"F3","status":"Libre"},{"lockerCode":"F4","status":"ocupado"},{"lockerCode":"F5","status":"reservado"},{"lockerCode":"F6","status":"ocupado"},{"lockerCode":"F7","status":"deshabilitado"},{"lockerCode":"F8","status":"Libre"},{"lockerCode":"F9","status":"Libre"},{"lockerCode":"F10","status":"Libre"}]}]}
[2025-10-15 18:41:02] [INFO] [main] Iniciando aplicación Electron
[2025-10-15 18:41:02] [INFO] [main] .env cargado desde C:\Users\User\Documents\Personal\LockeritDesk\configFiles\.env
[2025-10-15 18:41:02] [INFO] [main] App lista, creando ventana...
[2025-10-15 18:41:02] [INFO] [main] Creando ventana principal...
[2025-10-15 18:41:02] [INFO] [main] Cargando URL: http://localhost:5173
[2025-10-15 18:41:03] [INFO] [main] Recibido config actualizado
[2025-10-15 18:41:03] [INFO] [main] Recibido auth actualizado
[2025-10-15 18:41:03] [INFO] [main] Recibido logger actualizado
[2025-10-15 18:41:03] [INFO] [main] Recibido env actualizado
[2025-10-15 18:41:03] [INFO] [preload] Inicializando preload.js
[2025-10-15 18:41:03] [INFO] [setupWatcher] Observando archivo setup_config.json en: C:\Users\User\Documents\Personal\LockeritDesk\configFiles\setup_config.json
[2025-10-15 18:41:03] [INFO] [setupWatcher] Archivo setup_config.json cargado correctamente
[2025-10-15 18:41:03] [INFO] [preload] Watcher iniciado: setup_config.json
[2025-10-15 18:41:03] [INFO] [authWatcher] Observando archivo auth_key.json en: C:\Users\User\Documents\Personal\LockeritDesk\configFiles\auth_key.json
[2025-10-15 18:41:03] [INFO] [authWatcher] auth_key.json actualizado correctamente
[2025-10-15 18:41:03] [INFO] [preload] Watcher iniciado: auth_key.json
[2025-10-15 18:41:03] [INFO] [loggerWatcher] Observando archivo logger_config.json en: C:\Users\User\Documents\Personal\LockeritDesk\configFiles\logger_config.json
[2025-10-15 18:41:03] [INFO] [loggerWatcher] Archivo logger_config.json cargado correctamente
[2025-10-15 18:41:03] [INFO] [preload] Watcher iniciado: logger_config.json
[2025-10-15 18:41:03] [INFO] [envWatcher] Observando archivo .env en: C:\Users\User\Documents\Personal\LockeritDesk\configFiles\.env
[2025-10-15 18:41:03] [INFO] [envWatcher] Archivo .env cargado correctamente
[2025-10-15 18:41:03] [INFO] [preload] Watcher iniciado: .env
[2025-10-15 18:41:03] [INFO] [preload] API expuesta en window.electronAPI
[2025-10-15 18:41:03] [INFO] [main] [axiosConfig] API BaseURL Inicial: http://localhost:8080
[2025-10-15 18:41:03] [INFO] [main] [axiosConfig] API BaseTimeout Inicial: 30
[2025-10-15 18:41:03] [INFO] [main] [configStore] Configuración actualizada
[2025-10-15 18:41:03] [INFO] [main] [configStore] config_key.json inicial cargado exitosamente
[2025-10-15 18:41:03] [INFO] [main] [envStore] ENV inicial cargado correctamente
[2025-10-15 18:41:03] [INFO] [main] [envStore] ENV actualizado
[2025-10-15 18:41:03] [INFO] [main] [axiosConfig] API BaseTimeout actualizada dinámicamente: 30
[2025-10-15 18:41:03] [INFO] [main] [assignLocker] API BaseTimeout actualizada dinámicamente: 30
[2025-10-15 18:41:03] [INFO] [main] [authStore] Auth actualizado
[2025-10-15 18:41:03] [INFO] [main] [authStore] auth_key.json inicial cargado exitosamente
[2025-10-15 18:41:03] [INFO] [main] CSP cambió, enviando al renderer
[2025-10-15 18:41:04] [INFO] [main] get-screen-data-once -> 1920x1032 factor=0.96
[2025-10-15 18:41:04] [INFO] [main] [login] Usuario autenticado en sesión principal, redirigiendo a /adminlockers
[2025-10-15 18:41:04] [INFO] [main] [copyright] Versión cargada: 1.1.0
[2025-10-15 18:41:04] [INFO] [main] [app] Componente App montado
[2025-10-15 18:41:04] [INFO] [main] [app] Versión cargada: 1.1.0
[2025-10-15 18:41:04] [INFO] [main] [copyright] Versión cargada: 1.1.0
[2025-10-15 18:41:04] [INFO] [main] [app] Componente App montado
[2025-10-15 18:41:04] [INFO] [main] [app] Versión cargada: 1.1.0
[2025-10-15 18:41:04] [INFO] [main] [useConfig] Configuración inicial obtenida
[2025-10-15 18:41:04] [INFO] [main] [useConfig] Configuración inicial obtenida
[2025-10-15 18:41:04] [INFO] [main] [useConfig] Configuración inicial obtenida
[2025-10-15 18:41:04] [INFO] [main] [useConfig] Configuración inicial obtenida
[2025-10-15 18:41:04] [INFO] [main] [useConfig] Configuración inicial obtenida
[2025-10-15 18:41:04] [INFO] [main] [useConfig] Configuración inicial obtenida
[2025-10-15 18:41:04] [INFO] [main] [statusLockers] Iniciando petición para obtener casilleros disponibles
[2025-10-15 18:41:04] [INFO] [main] [statusLockers] Timeout efectivo en ejecución: 30000
[2025-10-15 18:41:04] [INFO] [main] [statusLockers] Intento 1: HOST -> http://localhost:8080
[2025-10-15 18:41:04] [INFO] [main] [statusLockers] Intento 1: URL -> /api/lockers/get-all-status
[2025-10-15 18:41:04] [INFO] [main] [statusLockers] Iniciando petición para obtener casilleros disponibles
[2025-10-15 18:41:04] [INFO] [main] [statusLockers] Timeout efectivo en ejecución: 30000
[2025-10-15 18:41:04] [INFO] [main] [statusLockers] Intento 1: HOST -> http://localhost:8080
[2025-10-15 18:41:04] [INFO] [main] [statusLockers] Intento 1: URL -> /api/lockers/get-all-status
[2025-10-15 18:41:04] [INFO] [main] [useConfig] Configuración inicial obtenida
[2025-10-15 18:41:04] [INFO] [main] [useConfig] Configuración inicial obtenida
[2025-10-15 18:41:04] [INFO] [main] [useConfig] Configuración inicial obtenida
[2025-10-15 18:41:04] [INFO] [main] [useConfig] Configuración inicial obtenida
[2025-10-15 18:41:05] [INFO] [main] [statusLockers] Response. Status: 200
[2025-10-15 18:41:05] [INFO] [main] [statusLockers] Response. Data: {"general":[{"status":"ocupado","total":12},{"status":"libre","total":1},{"status":"reservado","total":12},{"status":"deshabilitado","total":6}],"modules":[{"module":"A","lockers":[{"lockerCode":"A1","status":"reservado"},{"lockerCode":"A2","status":"Libre"},{"lockerCode":"A3","status":"Libre"},{"lockerCode":"A4","status":"ocupado"},{"lockerCode":"A5","status":"reservado"},{"lockerCode":"A6","status":"ocupado"},{"lockerCode":"A7","status":"deshabilitado"},{"lockerCode":"A8","status":"Libre"},{"lockerCode":"A9","status":"Libre"},{"lockerCode":"A10","status":"Libre"},{"lockerCode":"A11","status":"reservado"},{"lockerCode":"A12","status":"Libre"},{"lockerCode":"A13","status":"Libre"},{"lockerCode":"A14","status":"ocupado"},{"lockerCode":"A15","status":"reservado"},{"lockerCode":"A16","status":"ocupado"},{"lockerCode":"A17","status":"deshabilitado"},{"lockerCode":"A18","status":"Libre"},{"lockerCode":"A19","status":"Libre"},{"lockerCode":"A20","status":"Libre"},{"lockerCode":"A21","status":"reservado"},{"lockerCode":"A22","status":"Libre"},{"lockerCode":"A23","status":"Libre"},{"lockerCode":"A24","status":"ocupado"},{"lockerCode":"A25","status":"reservado"},{"lockerCode":"A26","status":"ocupado"},{"lockerCode":"A27","status":"deshabilitado"},{"lockerCode":"A28","status":"Libre"},{"lockerCode":"A29","status":"Libre"},{"lockerCode":"A30","status":"Libre"},{"lockerCode":"A31","status":"reservado"},{"lockerCode":"A32","status":"Libre"},{"lockerCode":"A33","status":"Libre"},{"lockerCode":"A34","status":"ocupado"},{"lockerCode":"A35","status":"reservado"},{"lockerCode":"A36","status":"ocupado"},{"lockerCode":"A37","status":"deshabilitado"},{"lockerCode":"A38","status":"Libre"},{"lockerCode":"A39","status":"Libre"},{"lockerCode":"A40","status":"Libre"},{"lockerCode":"A41","status":"reservado"},{"lockerCode":"A42","status":"Libre"},{"lockerCode":"A43","status":"Libre"},{"lockerCode":"A44","status":"ocupado"},{"lockerCode":"A45","status":"reservado"},{"lockerCode":"A46","status":"ocupado"},{"lockerCode":"A47","status":"deshabilitado"},{"lockerCode":"A48","status":"Libre"},{"lockerCode":"A49","status":"Libre"},{"lockerCode":"A50","status":"Libre"},{"lockerCode":"A51","status":"reservado"},{"lockerCode":"A52","status":"Libre"},{"lockerCode":"A53","status":"Libre"},{"lockerCode":"A54","status":"ocupado"},{"lockerCode":"A55","status":"reservado"},{"lockerCode":"A56","status":"ocupado"},{"lockerCode":"A57","status":"deshabilitado"},{"lockerCode":"A58","status":"Libre"},{"lockerCode":"A59","status":"Libre"},{"lockerCode":"A60","status":"Libre"},{"lockerCode":"A61","status":"reservado"},{"lockerCode":"A62","status":"Libre"},{"lockerCode":"A63","status":"Libre"},{"lockerCode":"A64","status":"ocupado"},{"lockerCode":"A65","status":"reservado"},{"lockerCode":"A66","status":"ocupado"},{"lockerCode":"A67","status":"deshabilitado"},{"lockerCode":"A68","status":"Libre"},{"lockerCode":"A69","status":"Libre"},{"lockerCode":"A70","status":"Libre"},{"lockerCode":"A71","status":"reservado"},{"lockerCode":"A72","status":"Libre"},{"lockerCode":"A73","status":"Libre"},{"lockerCode":"A74","status":"ocupado"},{"lockerCode":"A75","status":"reservado"},{"lockerCode":"A76","status":"ocupado"},{"lockerCode":"A77","status":"deshabilitado"},{"lockerCode":"A78","status":"Libre"},{"lockerCode":"A79","status":"Libre"},{"lockerCode":"A80","status":"Libre"}]},{"module":"B","lockers":[{"lockerCode":"B1","status":"reservado"},{"lockerCode":"B2","status":"Libre"},{"lockerCode":"B3","status":"Libre"},{"lockerCode":"B4","status":"ocupado"},{"lockerCode":"B5","status":"reservado"}]},{"module":"C","lockers":[{"lockerCode":"C1","status":"reservado"},{"lockerCode":"C2","status":"Libre"},{"lockerCode":"C3","status":"Libre"},{"lockerCode":"C4","status":"ocupado"},{"lockerCode":"C5","status":"reservado"},{"lockerCode":"C6","status":"ocupado"},{"lockerCode":"C7","status":"deshabilitado"},{"lockerCode":"C8","status":"Libre"},{"lockerCode":"C9","status":"Libre"},{"lockerCode":"C10","status":"Libre"},{"lockerCode":"C11","status":"reservado"},{"lockerCode":"C12","status":"ocupado"},{"lockerCode":"C13","status":"deshabilitado"},{"lockerCode":"C14","status":"Libre"},{"lockerCode":"C15","status":"Libre"},{"lockerCode":"C16","status":"Libre"}]},{"module":"D","lockers":[{"lockerCode":"D1","status":"reservado"}]},{"module":"E","lockers":[{"lockerCode":"E1","status":"reservado"},{"lockerCode":"E2","status":"Libre"},{"lockerCode":"E3","status":"Libre"},{"lockerCode":"E4","status":"ocupado"},{"lockerCode":"E5","status":"reservado"},{"lockerCode":"E6","status":"ocupado"},{"lockerCode":"E7","status":"deshabilitado"},{"lockerCode":"E8","status":"Libre"},{"lockerCode":"E9","status":"Libre"},{"lockerCode":"E10","status":"Libre"}]},{"module":"F","lockers":[{"lockerCode":"F1","status":"reservado"},{"lockerCode":"F2","status":"Libre"},{"lockerCode":"F3","status":"Libre"},{"lockerCode":"F4","status":"ocupado"},{"lockerCode":"F5","status":"reservado"},{"lockerCode":"F6","status":"ocupado"},{"lockerCode":"F7","status":"deshabilitado"},{"lockerCode":"F8","status":"Libre"},{"lockerCode":"F9","status":"Libre"},{"lockerCode":"F10","status":"Libre"}]}]}
[2025-10-15 18:41:06] [INFO] [main] [statusLockers] Response. Status: 200
[2025-10-15 18:41:06] [INFO] [main] [statusLockers] Response. Data: {"general":[{"status":"ocupado","total":12},{"status":"libre","total":1},{"status":"reservado","total":12},{"status":"deshabilitado","total":6}],"modules":[{"module":"A","lockers":[{"lockerCode":"A1","status":"reservado"},{"lockerCode":"A2","status":"Libre"},{"lockerCode":"A3","status":"Libre"},{"lockerCode":"A4","status":"ocupado"},{"lockerCode":"A5","status":"reservado"},{"lockerCode":"A6","status":"ocupado"},{"lockerCode":"A7","status":"deshabilitado"},{"lockerCode":"A8","status":"Libre"},{"lockerCode":"A9","status":"Libre"},{"lockerCode":"A10","status":"Libre"},{"lockerCode":"A11","status":"reservado"},{"lockerCode":"A12","status":"Libre"},{"lockerCode":"A13","status":"Libre"},{"lockerCode":"A14","status":"ocupado"},{"lockerCode":"A15","status":"reservado"},{"lockerCode":"A16","status":"ocupado"},{"lockerCode":"A17","status":"deshabilitado"},{"lockerCode":"A18","status":"Libre"},{"lockerCode":"A19","status":"Libre"},{"lockerCode":"A20","status":"Libre"},{"lockerCode":"A21","status":"reservado"},{"lockerCode":"A22","status":"Libre"},{"lockerCode":"A23","status":"Libre"},{"lockerCode":"A24","status":"ocupado"},{"lockerCode":"A25","status":"reservado"},{"lockerCode":"A26","status":"ocupado"},{"lockerCode":"A27","status":"deshabilitado"},{"lockerCode":"A28","status":"Libre"},{"lockerCode":"A29","status":"Libre"},{"lockerCode":"A30","status":"Libre"},{"lockerCode":"A31","status":"reservado"},{"lockerCode":"A32","status":"Libre"},{"lockerCode":"A33","status":"Libre"},{"lockerCode":"A34","status":"ocupado"},{"lockerCode":"A35","status":"reservado"},{"lockerCode":"A36","status":"ocupado"},{"lockerCode":"A37","status":"deshabilitado"},{"lockerCode":"A38","status":"Libre"},{"lockerCode":"A39","status":"Libre"},{"lockerCode":"A40","status":"Libre"},{"lockerCode":"A41","status":"reservado"},{"lockerCode":"A42","status":"Libre"},{"lockerCode":"A43","status":"Libre"},{"lockerCode":"A44","status":"ocupado"},{"lockerCode":"A45","status":"reservado"},{"lockerCode":"A46","status":"ocupado"},{"lockerCode":"A47","status":"deshabilitado"},{"lockerCode":"A48","status":"Libre"},{"lockerCode":"A49","status":"Libre"},{"lockerCode":"A50","status":"Libre"},{"lockerCode":"A51","status":"reservado"},{"lockerCode":"A52","status":"Libre"},{"lockerCode":"A53","status":"Libre"},{"lockerCode":"A54","status":"ocupado"},{"lockerCode":"A55","status":"reservado"},{"lockerCode":"A56","status":"ocupado"},{"lockerCode":"A57","status":"deshabilitado"},{"lockerCode":"A58","status":"Libre"},{"lockerCode":"A59","status":"Libre"},{"lockerCode":"A60","status":"Libre"},{"lockerCode":"A61","status":"reservado"},{"lockerCode":"A62","status":"Libre"},{"lockerCode":"A63","status":"Libre"},{"lockerCode":"A64","status":"ocupado"},{"lockerCode":"A65","status":"reservado"},{"lockerCode":"A66","status":"ocupado"},{"lockerCode":"A67","status":"deshabilitado"},{"lockerCode":"A68","status":"Libre"},{"lockerCode":"A69","status":"Libre"},{"lockerCode":"A70","status":"Libre"},{"lockerCode":"A71","status":"reservado"},{"lockerCode":"A72","status":"Libre"},{"lockerCode":"A73","status":"Libre"},{"lockerCode":"A74","status":"ocupado"},{"lockerCode":"A75","status":"reservado"},{"lockerCode":"A76","status":"ocupado"},{"lockerCode":"A77","status":"deshabilitado"},{"lockerCode":"A78","status":"Libre"},{"lockerCode":"A79","status":"Libre"},{"lockerCode":"A80","status":"Libre"}]},{"module":"B","lockers":[{"lockerCode":"B1","status":"reservado"},{"lockerCode":"B2","status":"Libre"},{"lockerCode":"B3","status":"Libre"},{"lockerCode":"B4","status":"ocupado"},{"lockerCode":"B5","status":"reservado"}]},{"module":"C","lockers":[{"lockerCode":"C1","status":"reservado"},{"lockerCode":"C2","status":"Libre"},{"lockerCode":"C3","status":"Libre"},{"lockerCode":"C4","status":"ocupado"},{"lockerCode":"C5","status":"reservado"},{"lockerCode":"C6","status":"ocupado"},{"lockerCode":"C7","status":"deshabilitado"},{"lockerCode":"C8","status":"Libre"},{"lockerCode":"C9","status":"Libre"},{"lockerCode":"C10","status":"Libre"},{"lockerCode":"C11","status":"reservado"},{"lockerCode":"C12","status":"ocupado"},{"lockerCode":"C13","status":"deshabilitado"},{"lockerCode":"C14","status":"Libre"},{"lockerCode":"C15","status":"Libre"},{"lockerCode":"C16","status":"Libre"}]},{"module":"D","lockers":[{"lockerCode":"D1","status":"reservado"}]},{"module":"E","lockers":[{"lockerCode":"E1","status":"reservado"},{"lockerCode":"E2","status":"Libre"},{"lockerCode":"E3","status":"Libre"},{"lockerCode":"E4","status":"ocupado"},{"lockerCode":"E5","status":"reservado"},{"lockerCode":"E6","status":"ocupado"},{"lockerCode":"E7","status":"deshabilitado"},{"lockerCode":"E8","status":"Libre"},{"lockerCode":"E9","status":"Libre"},{"lockerCode":"E10","status":"Libre"}]},{"module":"F","lockers":[{"lockerCode":"F1","status":"reservado"},{"lockerCode":"F2","status":"Libre"},{"lockerCode":"F3","status":"Libre"},{"lockerCode":"F4","status":"ocupado"},{"lockerCode":"F5","status":"reservado"},{"lockerCode":"F6","status":"ocupado"},{"lockerCode":"F7","status":"deshabilitado"},{"lockerCode":"F8","status":"Libre"},{"lockerCode":"F9","status":"Libre"},{"lockerCode":"F10","status":"Libre"}]}]}
[2025-10-15 18:41:11] [INFO] [main] [statusLockers] Iniciando petición para obtener casilleros disponibles
[2025-10-15 18:41:11] [INFO] [main] [statusLockers] Timeout efectivo en ejecución: 30000
[2025-10-15 18:41:11] [INFO] [main] [statusLockers] Intento 1: HOST -> http://localhost:8080
[2025-10-15 18:41:11] [INFO] [main] [statusLockers] Intento 1: URL -> /api/lockers/get-all-status
[2025-10-15 18:41:11] [INFO] [main] [copyright] Versión cargada: 1.1.0
[2025-10-15 18:41:11] [INFO] [main] [app] Componente App montado
[2025-10-15 18:41:11] [INFO] [main] [app] Versión cargada: 1.1.0
[2025-10-15 18:41:11] [INFO] [main] [statusLockers] Iniciando petición para obtener casilleros disponibles
[2025-10-15 18:41:11] [INFO] [main] [statusLockers] Timeout efectivo en ejecución: 30000
[2025-10-15 18:41:11] [INFO] [main] [statusLockers] Intento 1: HOST -> http://localhost:8080
[2025-10-15 18:41:11] [INFO] [main] [statusLockers] Intento 1: URL -> /api/lockers/get-all-status
[2025-10-15 18:41:11] [INFO] [main] [copyright] Versión cargada: 1.1.0
[2025-10-15 18:41:11] [INFO] [main] [app] Componente App montado
[2025-10-15 18:41:11] [INFO] [main] [app] Versión cargada: 1.1.0
[2025-10-15 18:41:11] [INFO] [main] [useConfig] Configuración inicial obtenida
[2025-10-15 18:41:11] [INFO] [main] [useConfig] Configuración inicial obtenida
[2025-10-15 18:41:11] [INFO] [main] [useConfig] Configuración inicial obtenida
[2025-10-15 18:41:11] [INFO] [main] [useConfig] Configuración inicial obtenida
[2025-10-15 18:41:11] [INFO] [main] [useConfig] Configuración inicial obtenida
[2025-10-15 18:41:11] [INFO] [main] [useConfig] Configuración inicial obtenida
[2025-10-15 18:41:11] [INFO] [main] [useConfig] Configuración inicial obtenida
[2025-10-15 18:41:11] [INFO] [main] [useConfig] Configuración inicial obtenida
[2025-10-15 18:41:11] [INFO] [main] [statusLockers] Response. Status: 200
[2025-10-15 18:41:11] [INFO] [main] [statusLockers] Response. Data: {"general":[{"status":"ocupado","total":12},{"status":"libre","total":1},{"status":"reservado","total":12},{"status":"deshabilitado","total":6}],"modules":[{"module":"A","lockers":[{"lockerCode":"A1","status":"reservado"},{"lockerCode":"A2","status":"Libre"},{"lockerCode":"A3","status":"Libre"},{"lockerCode":"A4","status":"ocupado"},{"lockerCode":"A5","status":"reservado"},{"lockerCode":"A6","status":"ocupado"},{"lockerCode":"A7","status":"deshabilitado"},{"lockerCode":"A8","status":"Libre"},{"lockerCode":"A9","status":"Libre"},{"lockerCode":"A10","status":"Libre"},{"lockerCode":"A11","status":"reservado"},{"lockerCode":"A12","status":"Libre"},{"lockerCode":"A13","status":"Libre"},{"lockerCode":"A14","status":"ocupado"},{"lockerCode":"A15","status":"reservado"},{"lockerCode":"A16","status":"ocupado"},{"lockerCode":"A17","status":"deshabilitado"},{"lockerCode":"A18","status":"Libre"},{"lockerCode":"A19","status":"Libre"},{"lockerCode":"A20","status":"Libre"},{"lockerCode":"A21","status":"reservado"},{"lockerCode":"A22","status":"Libre"},{"lockerCode":"A23","status":"Libre"},{"lockerCode":"A24","status":"ocupado"},{"lockerCode":"A25","status":"reservado"},{"lockerCode":"A26","status":"ocupado"},{"lockerCode":"A27","status":"deshabilitado"},{"lockerCode":"A28","status":"Libre"},{"lockerCode":"A29","status":"Libre"},{"lockerCode":"A30","status":"Libre"},{"lockerCode":"A31","status":"reservado"},{"lockerCode":"A32","status":"Libre"},{"lockerCode":"A33","status":"Libre"},{"lockerCode":"A34","status":"ocupado"},{"lockerCode":"A35","status":"reservado"},{"lockerCode":"A36","status":"ocupado"},{"lockerCode":"A37","status":"deshabilitado"},{"lockerCode":"A38","status":"Libre"},{"lockerCode":"A39","status":"Libre"},{"lockerCode":"A40","status":"Libre"},{"lockerCode":"A41","status":"reservado"},{"lockerCode":"A42","status":"Libre"},{"lockerCode":"A43","status":"Libre"},{"lockerCode":"A44","status":"ocupado"},{"lockerCode":"A45","status":"reservado"},{"lockerCode":"A46","status":"ocupado"},{"lockerCode":"A47","status":"deshabilitado"},{"lockerCode":"A48","status":"Libre"},{"lockerCode":"A49","status":"Libre"},{"lockerCode":"A50","status":"Libre"},{"lockerCode":"A51","status":"reservado"},{"lockerCode":"A52","status":"Libre"},{"lockerCode":"A53","status":"Libre"},{"lockerCode":"A54","status":"ocupado"},{"lockerCode":"A55","status":"reservado"},{"lockerCode":"A56","status":"ocupado"},{"lockerCode":"A57","status":"deshabilitado"},{"lockerCode":"A58","status":"Libre"},{"lockerCode":"A59","status":"Libre"},{"lockerCode":"A60","status":"Libre"},{"lockerCode":"A61","status":"reservado"},{"lockerCode":"A62","status":"Libre"},{"lockerCode":"A63","status":"Libre"},{"lockerCode":"A64","status":"ocupado"},{"lockerCode":"A65","status":"reservado"},{"lockerCode":"A66","status":"ocupado"},{"lockerCode":"A67","status":"deshabilitado"},{"lockerCode":"A68","status":"Libre"},{"lockerCode":"A69","status":"Libre"},{"lockerCode":"A70","status":"Libre"},{"lockerCode":"A71","status":"reservado"},{"lockerCode":"A72","status":"Libre"},{"lockerCode":"A73","status":"Libre"},{"lockerCode":"A74","status":"ocupado"},{"lockerCode":"A75","status":"reservado"},{"lockerCode":"A76","status":"ocupado"},{"lockerCode":"A77","status":"deshabilitado"},{"lockerCode":"A78","status":"Libre"},{"lockerCode":"A79","status":"Libre"},{"lockerCode":"A80","status":"Libre"}]},{"module":"B","lockers":[{"lockerCode":"B1","status":"reservado"},{"lockerCode":"B2","status":"Libre"},{"lockerCode":"B3","status":"Libre"},{"lockerCode":"B4","status":"ocupado"},{"lockerCode":"B5","status":"reservado"}]},{"module":"C","lockers":[{"lockerCode":"C1","status":"reservado"},{"lockerCode":"C2","status":"Libre"},{"lockerCode":"C3","status":"Libre"},{"lockerCode":"C4","status":"ocupado"},{"lockerCode":"C5","status":"reservado"},{"lockerCode":"C6","status":"ocupado"},{"lockerCode":"C7","status":"deshabilitado"},{"lockerCode":"C8","status":"Libre"},{"lockerCode":"C9","status":"Libre"},{"lockerCode":"C10","status":"Libre"},{"lockerCode":"C11","status":"reservado"},{"lockerCode":"C12","status":"ocupado"},{"lockerCode":"C13","status":"deshabilitado"},{"lockerCode":"C14","status":"Libre"},{"lockerCode":"C15","status":"Libre"},{"lockerCode":"C16","status":"Libre"}]},{"module":"D","lockers":[{"lockerCode":"D1","status":"reservado"}]},{"module":"E","lockers":[{"lockerCode":"E1","status":"reservado"},{"lockerCode":"E2","status":"Libre"},{"lockerCode":"E3","status":"Libre"},{"lockerCode":"E4","status":"ocupado"},{"lockerCode":"E5","status":"reservado"},{"lockerCode":"E6","status":"ocupado"},{"lockerCode":"E7","status":"deshabilitado"},{"lockerCode":"E8","status":"Libre"},{"lockerCode":"E9","status":"Libre"},{"lockerCode":"E10","status":"Libre"}]},{"module":"F","lockers":[{"lockerCode":"F1","status":"reservado"},{"lockerCode":"F2","status":"Libre"},{"lockerCode":"F3","status":"Libre"},{"lockerCode":"F4","status":"ocupado"},{"lockerCode":"F5","status":"reservado"},{"lockerCode":"F6","status":"ocupado"},{"lockerCode":"F7","status":"deshabilitado"},{"lockerCode":"F8","status":"Libre"},{"lockerCode":"F9","status":"Libre"},{"lockerCode":"F10","status":"Libre"}]}]}
[2025-10-15 18:41:12] [INFO] [main] [statusLockers] Response. Status: 200
[2025-10-15 18:41:12] [INFO] [main] [statusLockers] Response. Data: {"general":[{"status":"ocupado","total":12},{"status":"libre","total":1},{"status":"reservado","total":12},{"status":"deshabilitado","total":6}],"modules":[{"module":"A","lockers":[{"lockerCode":"A1","status":"reservado"},{"lockerCode":"A2","status":"Libre"},{"lockerCode":"A3","status":"Libre"},{"lockerCode":"A4","status":"ocupado"},{"lockerCode":"A5","status":"reservado"},{"lockerCode":"A6","status":"ocupado"},{"lockerCode":"A7","status":"deshabilitado"},{"lockerCode":"A8","status":"Libre"},{"lockerCode":"A9","status":"Libre"},{"lockerCode":"A10","status":"Libre"},{"lockerCode":"A11","status":"reservado"},{"lockerCode":"A12","status":"Libre"},{"lockerCode":"A13","status":"Libre"},{"lockerCode":"A14","status":"ocupado"},{"lockerCode":"A15","status":"reservado"},{"lockerCode":"A16","status":"ocupado"},{"lockerCode":"A17","status":"deshabilitado"},{"lockerCode":"A18","status":"Libre"},{"lockerCode":"A19","status":"Libre"},{"lockerCode":"A20","status":"Libre"},{"lockerCode":"A21","status":"reservado"},{"lockerCode":"A22","status":"Libre"},{"lockerCode":"A23","status":"Libre"},{"lockerCode":"A24","status":"ocupado"},{"lockerCode":"A25","status":"reservado"},{"lockerCode":"A26","status":"ocupado"},{"lockerCode":"A27","status":"deshabilitado"},{"lockerCode":"A28","status":"Libre"},{"lockerCode":"A29","status":"Libre"},{"lockerCode":"A30","status":"Libre"},{"lockerCode":"A31","status":"reservado"},{"lockerCode":"A32","status":"Libre"},{"lockerCode":"A33","status":"Libre"},{"lockerCode":"A34","status":"ocupado"},{"lockerCode":"A35","status":"reservado"},{"lockerCode":"A36","status":"ocupado"},{"lockerCode":"A37","status":"deshabilitado"},{"lockerCode":"A38","status":"Libre"},{"lockerCode":"A39","status":"Libre"},{"lockerCode":"A40","status":"Libre"},{"lockerCode":"A41","status":"reservado"},{"lockerCode":"A42","status":"Libre"},{"lockerCode":"A43","status":"Libre"},{"lockerCode":"A44","status":"ocupado"},{"lockerCode":"A45","status":"reservado"},{"lockerCode":"A46","status":"ocupado"},{"lockerCode":"A47","status":"deshabilitado"},{"lockerCode":"A48","status":"Libre"},{"lockerCode":"A49","status":"Libre"},{"lockerCode":"A50","status":"Libre"},{"lockerCode":"A51","status":"reservado"},{"lockerCode":"A52","status":"Libre"},{"lockerCode":"A53","status":"Libre"},{"lockerCode":"A54","status":"ocupado"},{"lockerCode":"A55","status":"reservado"},{"lockerCode":"A56","status":"ocupado"},{"lockerCode":"A57","status":"deshabilitado"},{"lockerCode":"A58","status":"Libre"},{"lockerCode":"A59","status":"Libre"},{"lockerCode":"A60","status":"Libre"},{"lockerCode":"A61","status":"reservado"},{"lockerCode":"A62","status":"Libre"},{"lockerCode":"A63","status":"Libre"},{"lockerCode":"A64","status":"ocupado"},{"lockerCode":"A65","status":"reservado"},{"lockerCode":"A66","status":"ocupado"},{"lockerCode":"A67","status":"deshabilitado"},{"lockerCode":"A68","status":"Libre"},{"lockerCode":"A69","status":"Libre"},{"lockerCode":"A70","status":"Libre"},{"lockerCode":"A71","status":"reservado"},{"lockerCode":"A72","status":"Libre"},{"lockerCode":"A73","status":"Libre"},{"lockerCode":"A74","status":"ocupado"},{"lockerCode":"A75","status":"reservado"},{"lockerCode":"A76","status":"ocupado"},{"lockerCode":"A77","status":"deshabilitado"},{"lockerCode":"A78","status":"Libre"},{"lockerCode":"A79","status":"Libre"},{"lockerCode":"A80","status":"Libre"}]},{"module":"B","lockers":[{"lockerCode":"B1","status":"reservado"},{"lockerCode":"B2","status":"Libre"},{"lockerCode":"B3","status":"Libre"},{"lockerCode":"B4","status":"ocupado"},{"lockerCode":"B5","status":"reservado"}]},{"module":"C","lockers":[{"lockerCode":"C1","status":"reservado"},{"lockerCode":"C2","status":"Libre"},{"lockerCode":"C3","status":"Libre"},{"lockerCode":"C4","status":"ocupado"},{"lockerCode":"C5","status":"reservado"},{"lockerCode":"C6","status":"ocupado"},{"lockerCode":"C7","status":"deshabilitado"},{"lockerCode":"C8","status":"Libre"},{"lockerCode":"C9","status":"Libre"},{"lockerCode":"C10","status":"Libre"},{"lockerCode":"C11","status":"reservado"},{"lockerCode":"C12","status":"ocupado"},{"lockerCode":"C13","status":"deshabilitado"},{"lockerCode":"C14","status":"Libre"},{"lockerCode":"C15","status":"Libre"},{"lockerCode":"C16","status":"Libre"}]},{"module":"D","lockers":[{"lockerCode":"D1","status":"reservado"}]},{"module":"E","lockers":[{"lockerCode":"E1","status":"reservado"},{"lockerCode":"E2","status":"Libre"},{"lockerCode":"E3","status":"Libre"},{"lockerCode":"E4","status":"ocupado"},{"lockerCode":"E5","status":"reservado"},{"lockerCode":"E6","status":"ocupado"},{"lockerCode":"E7","status":"deshabilitado"},{"lockerCode":"E8","status":"Libre"},{"lockerCode":"E9","status":"Libre"},{"lockerCode":"E10","status":"Libre"}]},{"module":"F","lockers":[{"lockerCode":"F1","status":"reservado"},{"lockerCode":"F2","status":"Libre"},{"lockerCode":"F3","status":"Libre"},{"lockerCode":"F4","status":"ocupado"},{"lockerCode":"F5","status":"reservado"},{"lockerCode":"F6","status":"ocupado"},{"lockerCode":"F7","status":"deshabilitado"},{"lockerCode":"F8","status":"Libre"},{"lockerCode":"F9","status":"Libre"},{"lockerCode":"F10","status":"Libre"}]}]}
[2025-10-15 18:41:36] [INFO] [loggerWatcher] Archivo logger_config.json cargado correctamente
[2025-10-15 18:41:36] [INFO] [main] Recibido logger actualizado
[2025-10-15 18:41:36] [INFO] [loggerWatcher] Archivo logger_config.json cargado correctamente
[2025-10-15 18:41:36] [INFO] [main] Recibido logger actualizado
[2025-10-15 18:41:36] [INFO] [loggerWatcher] Archivo logger_config.json cargado correctamente
[2025-10-15 18:41:36] [INFO] [main] Recibido logger actualizado
[2025-10-15 18:41:37] [INFO] [main] Recibido logger actualizado
[2025-10-15 18:41:37] [DEBUG] [loggerWatcher] Cambio detectado por fs.watchFile
[2025-10-15 18:41:37] [DEBUG] [loggerWatcher] Contenido logger_config.json parseado: {"logDirectory":"logs","logFilePattern":"lockerit-%DATE%.log","datePattern":"YYYY-MM-DD","zippedArchive":false,"maxSize":"10m","maxFiles":"15d","logLevel":"debug"}
[2025-10-15 18:41:37] [INFO] [loggerWatcher] Archivo logger_config.json cargado correctamente
[2025-10-15 18:41:46] [DEBUG] [loggerWatcher] Cambio detectado por fs.watch
[2025-10-15 18:41:46] [DEBUG] [loggerWatcher] Contenido logger_config.json parseado: {"logDirectory":"logs","logFilePattern":"lockerit-%DATE%.log","datePattern":"YYYY-MM-DD","zippedArchive":false,"maxSize":"10m","maxFiles":"15d","logLevel":"debug"}
[2025-10-15 18:41:46] [INFO] [loggerWatcher] Archivo logger_config.json cargado correctamente
[2025-10-15 18:41:46] [INFO] [main] Recibido logger actualizado
[2025-10-15 18:41:46] [INFO] [main] Recibido logger actualizado
[2025-10-15 18:41:46] [DEBUG] [loggerWatcher] Cambio detectado por fs.watch
[2025-10-15 18:41:46] [DEBUG] [loggerWatcher] Contenido logger_config.json parseado: {"logDirectory":"logs","logFilePattern":"lockerit-%DATE%.log","datePattern":"YYYY-MM-DD","zippedArchive":false,"maxSize":"10m","maxFiles":"15d","logLevel":"debug"}
[2025-10-15 18:41:46] [INFO] [loggerWatcher] Archivo logger_config.json cargado correctamente
[2025-10-15 18:41:46] [DEBUG] [loggerWatcher] Cambio detectado por fs.watch
[2025-10-15 18:41:46] [DEBUG] [loggerWatcher] Contenido logger_config.json parseado: {"logDirectory":"logs","logFilePattern":"lockerit-%DATE%.log","datePattern":"YYYY-MM-DD","zippedArchive":false,"maxSize":"10m","maxFiles":"15d","logLevel":"debug"}
[2025-10-15 18:41:46] [INFO] [loggerWatcher] Archivo logger_config.json cargado correctamente
[2025-10-15 18:41:46] [INFO] [main] Recibido logger actualizado
[2025-10-15 18:41:47] [INFO] [main] Recibido logger actualizado
[2025-10-15 18:41:47] [DEBUG] [loggerWatcher] Cambio detectado por fs.watchFile
[2025-10-15 18:41:47] [DEBUG] [loggerWatcher] Contenido logger_config.json parseado: {"logDirectory":"logs","logFilePattern":"lockerit-%DATE%.log","datePattern":"YYYY-MM-DD","zippedArchive":false,"maxSize":"10m","maxFiles":"15d","logLevel":"debug"}
[2025-10-15 18:41:47] [INFO] [loggerWatcher] Archivo logger_config.json cargado correctamente
[2025-10-15 18:41:52] [DEBUG] [main] [main-renderer] RootApp size {"width":1979,"height":1113,"orientation":"landscape","factor":1.03}
[2025-10-15 18:41:52] [DEBUG] [main] [main-renderer] RootApp size {"width":1979,"height":1113,"orientation":"landscape","factor":1.03}
[2025-10-15 18:41:52] [DEBUG] [main] [app] Scheduler diario habilitado: false | usuario config: Operador | usuario actual: undefined
[2025-10-15 18:41:52] [DEBUG] [main] [app] Scheduler semanal habilitado: false | usuario config: Operador | usuario actual: undefined
[2025-10-15 18:41:52] [DEBUG] [main] [app] Scheduler mensual habilitado: false | usuario config: Operador | usuario actual: undefined
[2025-10-15 18:41:52] [DEBUG] [main] [app] Scheduler diario habilitado: false | usuario config: Operador | usuario actual: undefined
[2025-10-15 18:41:52] [DEBUG] [main] [app] Scheduler semanal habilitado: false | usuario config: Operador | usuario actual: undefined
[2025-10-15 18:41:52] [DEBUG] [main] [app] Scheduler mensual habilitado: false | usuario config: Operador | usuario actual: undefined
[2025-10-15 18:41:52] [DEBUG] [main] [scheduleReport] Scheduler deshabilitado, esperando que se active...
[2025-10-15 18:41:52] [DEBUG] [main] [scheduleReport] Scheduler deshabilitado, esperando que se active...
[2025-10-15 18:41:52] [DEBUG] [main] [scheduleReport] Scheduler deshabilitado, esperando que se active...
[2025-10-15 18:41:54] [DEBUG] [main] [main-renderer] RootApp size {"width":1979,"height":1112,"orientation":"landscape","factor":1.03}
[2025-10-15 18:41:54] [DEBUG] [main] [main-renderer] RootApp size {"width":1979,"height":1112,"orientation":"landscape","factor":1.03}
[2025-10-15 18:41:54] [DEBUG] [main] [app] Scheduler diario habilitado: false | usuario config: Operador | usuario actual: undefined
[2025-10-15 18:41:54] [DEBUG] [main] [app] Scheduler semanal habilitado: false | usuario config: Operador | usuario actual: undefined
[2025-10-15 18:41:54] [DEBUG] [main] [app] Scheduler mensual habilitado: false | usuario config: Operador | usuario actual: undefined
[2025-10-15 18:41:54] [DEBUG] [main] [app] Scheduler diario habilitado: false | usuario config: Operador | usuario actual: undefined
[2025-10-15 18:41:54] [DEBUG] [main] [app] Scheduler semanal habilitado: false | usuario config: Operador | usuario actual: undefined
[2025-10-15 18:41:54] [DEBUG] [main] [app] Scheduler mensual habilitado: false | usuario config: Operador | usuario actual: undefined
[2025-10-15 18:41:54] [DEBUG] [main] [scheduleReport] Scheduler deshabilitado, esperando que se active...
[2025-10-15 18:41:54] [DEBUG] [main] [scheduleReport] Scheduler deshabilitado, esperando que se active...
[2025-10-15 18:41:54] [DEBUG] [main] [scheduleReport] Scheduler deshabilitado, esperando que se active...
[2025-10-15 18:42:01] [DEBUG] [main] [main-renderer] RootApp size {"width":1979,"height":1113,"orientation":"landscape","factor":1.03}
[2025-10-15 18:42:01] [DEBUG] [main] [main-renderer] RootApp size {"width":1979,"height":1113,"orientation":"landscape","factor":1.03}
[2025-10-15 18:42:01] [DEBUG] [main] [app] Scheduler diario habilitado: false | usuario config: Operador | usuario actual: undefined
[2025-10-15 18:42:01] [DEBUG] [main] [app] Scheduler semanal habilitado: false | usuario config: Operador | usuario actual: undefined
[2025-10-15 18:42:01] [DEBUG] [main] [app] Scheduler mensual habilitado: false | usuario config: Operador | usuario actual: undefined
[2025-10-15 18:42:01] [DEBUG] [main] [app] Scheduler diario habilitado: false | usuario config: Operador | usuario actual: undefined
[2025-10-15 18:42:01] [DEBUG] [main] [app] Scheduler semanal habilitado: false | usuario config: Operador | usuario actual: undefined
[2025-10-15 18:42:01] [DEBUG] [main] [app] Scheduler mensual habilitado: false | usuario config: Operador | usuario actual: undefined
[2025-10-15 18:42:01] [DEBUG] [main] [scheduleReport] Scheduler deshabilitado, esperando que se active...
[2025-10-15 18:42:01] [DEBUG] [main] [scheduleReport] Scheduler deshabilitado, esperando que se active...
[2025-10-15 18:42:01] [DEBUG] [main] [scheduleReport] Scheduler deshabilitado, esperando que se active...
[2025-10-15 18:42:03] [DEBUG] [main] [main-renderer] RootApp size {"width":1225,"height":1113,"orientation":"landscape","factor":0.64}
[2025-10-15 18:42:03] [DEBUG] [main] [theme] factor theme:  0.64
[2025-10-15 18:42:03] [DEBUG] [main] [theme] factor theme:  0.64
[2025-10-15 18:42:03] [DEBUG] [main] [main-renderer] RootApp size {"width":1225,"height":1113,"orientation":"landscape","factor":0.64}
[2025-10-15 18:42:03] [DEBUG] [main] [app] Scheduler diario habilitado: false | usuario config: undefined | usuario actual: undefined
[2025-10-15 18:42:03] [DEBUG] [main] [app] Scheduler semanal habilitado: false | usuario config: undefined | usuario actual: undefined
[2025-10-15 18:42:03] [DEBUG] [main] [app] Scheduler mensual habilitado: false | usuario config: undefined | usuario actual: undefined
[2025-10-15 18:42:03] [DEBUG] [main] [app] Scheduler diario habilitado: false | usuario config: undefined | usuario actual: undefined
[2025-10-15 18:42:03] [DEBUG] [main] [app] Scheduler semanal habilitado: false | usuario config: undefined | usuario actual: undefined
[2025-10-15 18:42:03] [DEBUG] [main] [app] Scheduler mensual habilitado: false | usuario config: undefined | usuario actual: undefined
[2025-10-15 18:42:03] [DEBUG] [main] setup_config.json: {
    "customer": "Tulocker",
    "pointName": "CC Outlet Factory",
    "pointId": "Sótano 1",
    "sendSMS": true,
    "login": {
        "userOpera": "Operador",
        "passOpera": "250701",
        "userAdmin": "Administrador",
        "passAdmin": "070125",
        "avatarPath": "./assets/TuLockerIcono.jpg",
        "logoPath": "./assets/TuLockerHorizontal.png",
        "QRPath": "./assets/CodigoQR.png"
    },
    "paramsHtml": {
        "lenMaxInputPass": 4,
        "lenMinInputPass": 4,
        "currency": {
            "coinBoxRequiredAmount": 1500,
            "currency": "COP",
            "currencyPesos": "pesos",
            "decinmal": 0
        },
        "modalTimeouts": {
            "timeoutKeypad": 300,
            "timeoutInsertMoney": 120,
            "timeoutShowMessage": 15
        }
    },
    "report": {
        "daily": {
            "enabled": true,
            "hour": 0,
            "minute": 5
        },
        "weekly": {
            "enabled": true,
            "dayOfWeek": 1,
            "hour": 0,
            "minute": 10
        },
        "monthly": {
            "enabled": true,
            "dayOfMonth": 1,
            "hour": 0,
            "minute": 15
        },
        "timezoneMode": "local",
        "timeInterval": 60
    },
    "voice": {
        "enabled": true,
        "timeInterval": 20,
        "name": "Sabina",
        "rate": 1.5,
        "pitch": 2,
        "volume": 1,
        "message": {
            "welcome": "Bienvenido... Con TuLocker puedes guardar tus objetos personales de forma segura, para que estes comodo y tranquilo. Por tan solo {{amount}} {{pesos}}. No guardes si encuentras un casillero abierto, asigna uno desde la pantalla del sistema. No olvides cerrar el casillero al retirar tus pertenencias. Muchas gracias por utilizar nuestro servicio.",
            "assignLocker": "Tu casillero es el {{lockerCode}}, Guarda tus pertenencias, Gracias por utilizar nuestro servicio. No olvides cerrar el casillero.",
            "openSessionLocker": "Tu casillero es el {{lockerCode}}, Retira tus pertenencias, Gracias por utilizar nuestro servicio. No olvides cerrar el casillero, Disponible para una nueva asignacion.",
            "openReserveLocker": "Tu casillero es el {{lockerCode}}, Gracias por utilizar nuestro servicio. No olvides cerrar el casillero."
        }
    },
    "reserve": {
        "enabled": true,
        "porcentWeekly": 10,
        "porcentFortnightly": 20,
        "porcentMonthly": 30
    }
}
[2025-10-15 18:42:03] [DEBUG] [main] setup_config.json: {
    "customer": "Tulocker",
    "pointName": "CC Outlet Factory",
    "pointId": "Sótano 1",
    "sendSMS": true,
    "login": {
        "userOpera": "Operador",
        "passOpera": "250701",
        "userAdmin": "Administrador",
        "passAdmin": "070125",
        "avatarPath": "./assets/TuLockerIcono.jpg",
        "logoPath": "./assets/TuLockerHorizontal.png",
        "QRPath": "./assets/CodigoQR.png"
    },
    "paramsHtml": {
        "lenMaxInputPass": 4,
        "lenMinInputPass": 4,
        "currency": {
            "coinBoxRequiredAmount": 1500,
            "currency": "COP",
            "currencyPesos": "pesos",
            "decinmal": 0
        },
        "modalTimeouts": {
            "timeoutKeypad": 300,
            "timeoutInsertMoney": 120,
            "timeoutShowMessage": 15
        }
    },
    "report": {
        "daily": {
            "enabled": true,
            "hour": 0,
            "minute": 5
        },
        "weekly": {
            "enabled": true,
            "dayOfWeek": 1,
            "hour": 0,
            "minute": 10
        },
        "monthly": {
            "enabled": true,
            "dayOfMonth": 1,
            "hour": 0,
            "minute": 15
        },
        "timezoneMode": "local",
        "timeInterval": 60
    },
    "voice": {
        "enabled": true,
        "timeInterval": 20,
        "name": "Sabina",
        "rate": 1.5,
        "pitch": 2,
        "volume": 1,
        "message": {
            "welcome": "Bienvenido... Con TuLocker puedes guardar tus objetos personales de forma segura, para que estes comodo y tranquilo. Por tan solo {{amount}} {{pesos}}. No guardes si encuentras un casillero abierto, asigna uno desde la pantalla del sistema. No olvides cerrar el casillero al retirar tus pertenencias. Muchas gracias por utilizar nuestro servicio.",
            "assignLocker": "Tu casillero es el {{lockerCode}}, Guarda tus pertenencias, Gracias por utilizar nuestro servicio. No olvides cerrar el casillero.",
            "openSessionLocker": "Tu casillero es el {{lockerCode}}, Retira tus pertenencias, Gracias por utilizar nuestro servicio. No olvides cerrar el casillero, Disponible para una nueva asignacion.",
            "openReserveLocker": "Tu casillero es el {{lockerCode}}, Gracias por utilizar nuestro servicio. No olvides cerrar el casillero."
        }
    },
    "reserve": {
        "enabled": true,
        "porcentWeekly": 10,
        "porcentFortnightly": 20,
        "porcentMonthly": 30
    }
}
[2025-10-15 18:42:03] [DEBUG] [main] setup_config.json: {
    "customer": "Tulocker",
    "pointName": "CC Outlet Factory",
    "pointId": "Sótano 1",
    "sendSMS": true,
    "login": {
        "userOpera": "Operador",
        "passOpera": "250701",
        "userAdmin": "Administrador",
        "passAdmin": "070125",
        "avatarPath": "./assets/TuLockerIcono.jpg",
        "logoPath": "./assets/TuLockerHorizontal.png",
        "QRPath": "./assets/CodigoQR.png"
    },
    "paramsHtml": {
        "lenMaxInputPass": 4,
        "lenMinInputPass": 4,
        "currency": {
            "coinBoxRequiredAmount": 1500,
            "currency": "COP",
            "currencyPesos": "pesos",
            "decinmal": 0
        },
        "modalTimeouts": {
            "timeoutKeypad": 300,
            "timeoutInsertMoney": 120,
            "timeoutShowMessage": 15
        }
    },
    "report": {
        "daily": {
            "enabled": true,
            "hour": 0,
            "minute": 5
        },
        "weekly": {
            "enabled": true,
            "dayOfWeek": 1,
            "hour": 0,
            "minute": 10
        },
        "monthly": {
            "enabled": true,
            "dayOfMonth": 1,
            "hour": 0,
            "minute": 15
        },
        "timezoneMode": "local",
        "timeInterval": 60
    },
    "voice": {
        "enabled": true,
        "timeInterval": 20,
        "name": "Sabina",
        "rate": 1.5,
        "pitch": 2,
        "volume": 1,
        "message": {
            "welcome": "Bienvenido... Con TuLocker puedes guardar tus objetos personales de forma segura, para que estes comodo y tranquilo. Por tan solo {{amount}} {{pesos}}. No guardes si encuentras un casillero abierto, asigna uno desde la pantalla del sistema. No olvides cerrar el casillero al retirar tus pertenencias. Muchas gracias por utilizar nuestro servicio.",
            "assignLocker": "Tu casillero es el {{lockerCode}}, Guarda tus pertenencias, Gracias por utilizar nuestro servicio. No olvides cerrar el casillero.",
            "openSessionLocker": "Tu casillero es el {{lockerCode}}, Retira tus pertenencias, Gracias por utilizar nuestro servicio. No olvides cerrar el casillero, Disponible para una nueva asignacion.",
            "openReserveLocker": "Tu casillero es el {{lockerCode}}, Gracias por utilizar nuestro servicio. No olvides cerrar el casillero."
        }
    },
    "reserve": {
        "enabled": true,
        "porcentWeekly": 10,
        "porcentFortnightly": 20,
        "porcentMonthly": 30
    }
}
[2025-10-15 18:42:03] [INFO] [main] [statusLockers] Iniciando petición para obtener casilleros disponibles
[2025-10-15 18:42:03] [INFO] [main] [statusLockers] Timeout efectivo en ejecución: 30000
[2025-10-15 18:42:03] [INFO] [main] [statusLockers] Intento 1: HOST -> http://localhost:8080
[2025-10-15 18:42:03] [INFO] [main] [statusLockers] Intento 1: URL -> /api/lockers/get-all-status
[2025-10-15 18:42:03] [INFO] [main] [copyright] Versión cargada: 1.1.0
[2025-10-15 18:42:03] [DEBUG] [main] setup_config.json: {
    "customer": "Tulocker",
    "pointName": "CC Outlet Factory",
    "pointId": "Sótano 1",
    "sendSMS": true,
    "login": {
        "userOpera": "Operador",
        "passOpera": "250701",
        "userAdmin": "Administrador",
        "passAdmin": "070125",
        "avatarPath": "./assets/TuLockerIcono.jpg",
        "logoPath": "./assets/TuLockerHorizontal.png",
        "QRPath": "./assets/CodigoQR.png"
    },
    "paramsHtml": {
        "lenMaxInputPass": 4,
        "lenMinInputPass": 4,
        "currency": {
            "coinBoxRequiredAmount": 1500,
            "currency": "COP",
            "currencyPesos": "pesos",
            "decinmal": 0
        },
        "modalTimeouts": {
            "timeoutKeypad": 300,
            "timeoutInsertMoney": 120,
            "timeoutShowMessage": 15
        }
    },
    "report": {
        "daily": {
            "enabled": true,
            "hour": 0,
            "minute": 5
        },
        "weekly": {
            "enabled": true,
            "dayOfWeek": 1,
            "hour": 0,
            "minute": 10
        },
        "monthly": {
            "enabled": true,
            "dayOfMonth": 1,
            "hour": 0,
            "minute": 15
        },
        "timezoneMode": "local",
        "timeInterval": 60
    },
    "voice": {
        "enabled": true,
        "timeInterval": 20,
        "name": "Sabina",
        "rate": 1.5,
        "pitch": 2,
        "volume": 1,
        "message": {
            "welcome": "Bienvenido... Con TuLocker puedes guardar tus objetos personales de forma segura, para que estes comodo y tranquilo. Por tan solo {{amount}} {{pesos}}. No guardes si encuentras un casillero abierto, asigna uno desde la pantalla del sistema. No olvides cerrar el casillero al retirar tus pertenencias. Muchas gracias por utilizar nuestro servicio.",
            "assignLocker": "Tu casillero es el {{lockerCode}}, Guarda tus pertenencias, Gracias por utilizar nuestro servicio. No olvides cerrar el casillero.",
            "openSessionLocker": "Tu casillero es el {{lockerCode}}, Retira tus pertenencias, Gracias por utilizar nuestro servicio. No olvides cerrar el casillero, Disponible para una nueva asignacion.",
            "openReserveLocker": "Tu casillero es el {{lockerCode}}, Gracias por utilizar nuestro servicio. No olvides cerrar el casillero."
        }
    },
    "reserve": {
        "enabled": true,
        "porcentWeekly": 10,
        "porcentFortnightly": 20,
        "porcentMonthly": 30
    }
}
[2025-10-15 18:42:03] [INFO] [main] [app] Componente App montado
[2025-10-15 18:42:03] [INFO] [main] [app] Versión cargada: 1.1.0
[2025-10-15 18:42:03] [DEBUG] [main] [scheduleReport] Scheduler deshabilitado, esperando que se active...
[2025-10-15 18:42:03] [DEBUG] [main] [scheduleReport] Scheduler deshabilitado, esperando que se active...
[2025-10-15 18:42:03] [DEBUG] [main] [scheduleReport] Scheduler deshabilitado, esperando que se active...
[2025-10-15 18:42:03] [DEBUG] [main] setup_config.json: {
    "customer": "Tulocker",
    "pointName": "CC Outlet Factory",
    "pointId": "Sótano 1",
    "sendSMS": true,
    "login": {
        "userOpera": "Operador",
        "passOpera": "250701",
        "userAdmin": "Administrador",
        "passAdmin": "070125",
        "avatarPath": "./assets/TuLockerIcono.jpg",
        "logoPath": "./assets/TuLockerHorizontal.png",
        "QRPath": "./assets/CodigoQR.png"
    },
    "paramsHtml": {
        "lenMaxInputPass": 4,
        "lenMinInputPass": 4,
        "currency": {
            "coinBoxRequiredAmount": 1500,
            "currency": "COP",
            "currencyPesos": "pesos",
            "decinmal": 0
        },
        "modalTimeouts": {
            "timeoutKeypad": 300,
            "timeoutInsertMoney": 120,
            "timeoutShowMessage": 15
        }
    },
    "report": {
        "daily": {
            "enabled": true,
            "hour": 0,
            "minute": 5
        },
        "weekly": {
            "enabled": true,
            "dayOfWeek": 1,
            "hour": 0,
            "minute": 10
        },
        "monthly": {
            "enabled": true,
            "dayOfMonth": 1,
            "hour": 0,
            "minute": 15
        },
        "timezoneMode": "local",
        "timeInterval": 60
    },
    "voice": {
        "enabled": true,
        "timeInterval": 20,
        "name": "Sabina",
        "rate": 1.5,
        "pitch": 2,
        "volume": 1,
        "message": {
            "welcome": "Bienvenido... Con TuLocker puedes guardar tus objetos personales de forma segura, para que estes comodo y tranquilo. Por tan solo {{amount}} {{pesos}}. No guardes si encuentras un casillero abierto, asigna uno desde la pantalla del sistema. No olvides cerrar el casillero al retirar tus pertenencias. Muchas gracias por utilizar nuestro servicio.",
            "assignLocker": "Tu casillero es el {{lockerCode}}, Guarda tus pertenencias, Gracias por utilizar nuestro servicio. No olvides cerrar el casillero.",
            "openSessionLocker": "Tu casillero es el {{lockerCode}}, Retira tus pertenencias, Gracias por utilizar nuestro servicio. No olvides cerrar el casillero, Disponible para una nueva asignacion.",
            "openReserveLocker": "Tu casillero es el {{lockerCode}}, Gracias por utilizar nuestro servicio. No olvides cerrar el casillero."
        }
    },
    "reserve": {
        "enabled": true,
        "porcentWeekly": 10,
        "porcentFortnightly": 20,
        "porcentMonthly": 30
    }
}
[2025-10-15 18:42:03] [DEBUG] [main] setup_config.json: {
    "customer": "Tulocker",
    "pointName": "CC Outlet Factory",
    "pointId": "Sótano 1",
    "sendSMS": true,
    "login": {
        "userOpera": "Operador",
        "passOpera": "250701",
        "userAdmin": "Administrador",
        "passAdmin": "070125",
        "avatarPath": "./assets/TuLockerIcono.jpg",
        "logoPath": "./assets/TuLockerHorizontal.png",
        "QRPath": "./assets/CodigoQR.png"
    },
    "paramsHtml": {
        "lenMaxInputPass": 4,
        "lenMinInputPass": 4,
        "currency": {
            "coinBoxRequiredAmount": 1500,
            "currency": "COP",
            "currencyPesos": "pesos",
            "decinmal": 0
        },
        "modalTimeouts": {
            "timeoutKeypad": 300,
            "timeoutInsertMoney": 120,
            "timeoutShowMessage": 15
        }
    },
    "report": {
        "daily": {
            "enabled": true,
            "hour": 0,
            "minute": 5
        },
        "weekly": {
            "enabled": true,
            "dayOfWeek": 1,
            "hour": 0,
            "minute": 10
        },
        "monthly": {
            "enabled": true,
            "dayOfMonth": 1,
            "hour": 0,
            "minute": 15
        },
        "timezoneMode": "local",
        "timeInterval": 60
    },
    "voice": {
        "enabled": true,
        "timeInterval": 20,
        "name": "Sabina",
        "rate": 1.5,
        "pitch": 2,
        "volume": 1,
        "message": {
            "welcome": "Bienvenido... Con TuLocker puedes guardar tus objetos personales de forma segura, para que estes comodo y tranquilo. Por tan solo {{amount}} {{pesos}}. No guardes si encuentras un casillero abierto, asigna uno desde la pantalla del sistema. No olvides cerrar el casillero al retirar tus pertenencias. Muchas gracias por utilizar nuestro servicio.",
            "assignLocker": "Tu casillero es el {{lockerCode}}, Guarda tus pertenencias, Gracias por utilizar nuestro servicio. No olvides cerrar el casillero.",
            "openSessionLocker": "Tu casillero es el {{lockerCode}}, Retira tus pertenencias, Gracias por utilizar nuestro servicio. No olvides cerrar el casillero, Disponible para una nueva asignacion.",
            "openReserveLocker": "Tu casillero es el {{lockerCode}}, Gracias por utilizar nuestro servicio. No olvides cerrar el casillero."
        }
    },
    "reserve": {
        "enabled": true,
        "porcentWeekly": 10,
        "porcentFortnightly": 20,
        "porcentMonthly": 30
    }
}
[2025-10-15 18:42:03] [DEBUG] [main] setup_config.json: {
    "customer": "Tulocker",
    "pointName": "CC Outlet Factory",
    "pointId": "Sótano 1",
    "sendSMS": true,
    "login": {
        "userOpera": "Operador",
        "passOpera": "250701",
        "userAdmin": "Administrador",
        "passAdmin": "070125",
        "avatarPath": "./assets/TuLockerIcono.jpg",
        "logoPath": "./assets/TuLockerHorizontal.png",
        "QRPath": "./assets/CodigoQR.png"
    },
    "paramsHtml": {
        "lenMaxInputPass": 4,
        "lenMinInputPass": 4,
        "currency": {
            "coinBoxRequiredAmount": 1500,
            "currency": "COP",
            "currencyPesos": "pesos",
            "decinmal": 0
        },
        "modalTimeouts": {
            "timeoutKeypad": 300,
            "timeoutInsertMoney": 120,
            "timeoutShowMessage": 15
        }
    },
    "report": {
        "daily": {
            "enabled": true,
            "hour": 0,
            "minute": 5
        },
        "weekly": {
            "enabled": true,
            "dayOfWeek": 1,
            "hour": 0,
            "minute": 10
        },
        "monthly": {
            "enabled": true,
            "dayOfMonth": 1,
            "hour": 0,
            "minute": 15
        },
        "timezoneMode": "local",
        "timeInterval": 60
    },
    "voice": {
        "enabled": true,
        "timeInterval": 20,
        "name": "Sabina",
        "rate": 1.5,
        "pitch": 2,
        "volume": 1,
        "message": {
            "welcome": "Bienvenido... Con TuLocker puedes guardar tus objetos personales de forma segura, para que estes comodo y tranquilo. Por tan solo {{amount}} {{pesos}}. No guardes si encuentras un casillero abierto, asigna uno desde la pantalla del sistema. No olvides cerrar el casillero al retirar tus pertenencias. Muchas gracias por utilizar nuestro servicio.",
            "assignLocker": "Tu casillero es el {{lockerCode}}, Guarda tus pertenencias, Gracias por utilizar nuestro servicio. No olvides cerrar el casillero.",
            "openSessionLocker": "Tu casillero es el {{lockerCode}}, Retira tus pertenencias, Gracias por utilizar nuestro servicio. No olvides cerrar el casillero, Disponible para una nueva asignacion.",
            "openReserveLocker": "Tu casillero es el {{lockerCode}}, Gracias por utilizar nuestro servicio. No olvides cerrar el casillero."
        }
    },
    "reserve": {
        "enabled": true,
        "porcentWeekly": 10,
        "porcentFortnightly": 20,
        "porcentMonthly": 30
    }
}
[2025-10-15 18:42:03] [INFO] [main] [statusLockers] Iniciando petición para obtener casilleros disponibles
[2025-10-15 18:42:03] [INFO] [main] [statusLockers] Timeout efectivo en ejecución: 30000
[2025-10-15 18:42:03] [INFO] [main] [statusLockers] Intento 1: HOST -> http://localhost:8080
[2025-10-15 18:42:03] [INFO] [main] [statusLockers] Intento 1: URL -> /api/lockers/get-all-status
[2025-10-15 18:42:03] [INFO] [main] [copyright] Versión cargada: 1.1.0
[2025-10-15 18:42:03] [DEBUG] [main] setup_config.json: {
    "customer": "Tulocker",
    "pointName": "CC Outlet Factory",
    "pointId": "Sótano 1",
    "sendSMS": true,
    "login": {
        "userOpera": "Operador",
        "passOpera": "250701",
        "userAdmin": "Administrador",
        "passAdmin": "070125",
        "avatarPath": "./assets/TuLockerIcono.jpg",
        "logoPath": "./assets/TuLockerHorizontal.png",
        "QRPath": "./assets/CodigoQR.png"
    },
    "paramsHtml": {
        "lenMaxInputPass": 4,
        "lenMinInputPass": 4,
        "currency": {
            "coinBoxRequiredAmount": 1500,
            "currency": "COP",
            "currencyPesos": "pesos",
            "decinmal": 0
        },
        "modalTimeouts": {
            "timeoutKeypad": 300,
            "timeoutInsertMoney": 120,
            "timeoutShowMessage": 15
        }
    },
    "report": {
        "daily": {
            "enabled": true,
            "hour": 0,
            "minute": 5
        },
        "weekly": {
            "enabled": true,
            "dayOfWeek": 1,
            "hour": 0,
            "minute": 10
        },
        "monthly": {
            "enabled": true,
            "dayOfMonth": 1,
            "hour": 0,
            "minute": 15
        },
        "timezoneMode": "local",
        "timeInterval": 60
    },
    "voice": {
        "enabled": true,
        "timeInterval": 20,
        "name": "Sabina",
        "rate": 1.5,
        "pitch": 2,
        "volume": 1,
        "message": {
            "welcome": "Bienvenido... Con TuLocker puedes guardar tus objetos personales de forma segura, para que estes comodo y tranquilo. Por tan solo {{amount}} {{pesos}}. No guardes si encuentras un casillero abierto, asigna uno desde la pantalla del sistema. No olvides cerrar el casillero al retirar tus pertenencias. Muchas gracias por utilizar nuestro servicio.",
            "assignLocker": "Tu casillero es el {{lockerCode}}, Guarda tus pertenencias, Gracias por utilizar nuestro servicio. No olvides cerrar el casillero.",
            "openSessionLocker": "Tu casillero es el {{lockerCode}}, Retira tus pertenencias, Gracias por utilizar nuestro servicio. No olvides cerrar el casillero, Disponible para una nueva asignacion.",
            "openReserveLocker": "Tu casillero es el {{lockerCode}}, Gracias por utilizar nuestro servicio. No olvides cerrar el casillero."
        }
    },
    "reserve": {
        "enabled": true,
        "porcentWeekly": 10,
        "porcentFortnightly": 20,
        "porcentMonthly": 30
    }
}
[2025-10-15 18:42:03] [INFO] [main] [app] Componente App montado
[2025-10-15 18:42:03] [INFO] [main] [app] Versión cargada: 1.1.0
[2025-10-15 18:42:03] [DEBUG] [main] [scheduleReport] Scheduler deshabilitado, esperando que se active...
[2025-10-15 18:42:03] [DEBUG] [main] [scheduleReport] Scheduler deshabilitado, esperando que se active...
[2025-10-15 18:42:03] [DEBUG] [main] [scheduleReport] Scheduler deshabilitado, esperando que se active...
[2025-10-15 18:42:03] [DEBUG] [main] [app] Scheduler diario habilitado: false | usuario config: undefined | usuario actual: undefined
[2025-10-15 18:42:03] [DEBUG] [main] [app] Scheduler semanal habilitado: false | usuario config: undefined | usuario actual: undefined
[2025-10-15 18:42:03] [DEBUG] [main] [app] Scheduler mensual habilitado: false | usuario config: undefined | usuario actual: undefined
[2025-10-15 18:42:03] [DEBUG] [main] [app] Scheduler diario habilitado: false | usuario config: undefined | usuario actual: undefined
[2025-10-15 18:42:03] [DEBUG] [main] [app] Scheduler semanal habilitado: false | usuario config: undefined | usuario actual: undefined
[2025-10-15 18:42:03] [DEBUG] [main] [app] Scheduler mensual habilitado: false | usuario config: undefined | usuario actual: undefined
[2025-10-15 18:42:03] [DEBUG] [main] [scheduleReport] Scheduler deshabilitado, esperando que se active...
[2025-10-15 18:42:03] [DEBUG] [main] [scheduleReport] Scheduler deshabilitado, esperando que se active...
[2025-10-15 18:42:03] [DEBUG] [main] [scheduleReport] Scheduler deshabilitado, esperando que se active...
[2025-10-15 18:42:03] [DEBUG] [main] [axiosConfig] Token agregado al header
[2025-10-15 18:42:03] [DEBUG] [main] [axiosConfig] Token agregado al header
[2025-10-15 18:42:03] [INFO] [main] [useConfig] Configuración inicial obtenida
[2025-10-15 18:42:03] [INFO] [main] [useConfig] Configuración inicial obtenida
[2025-10-15 18:42:03] [INFO] [main] [useConfig] Configuración inicial obtenida
[2025-10-15 18:42:03] [INFO] [main] [useConfig] Configuración inicial obtenida
[2025-10-15 18:42:03] [INFO] [main] [useConfig] Configuración inicial obtenida
[2025-10-15 18:42:03] [INFO] [main] [useConfig] Configuración inicial obtenida
[2025-10-15 18:42:03] [INFO] [main] [useConfig] Configuración inicial obtenida
[2025-10-15 18:42:03] [INFO] [main] [useConfig] Configuración inicial obtenida
[2025-10-15 18:42:03] [DEBUG] [main] [app] Scheduler diario habilitado: false | usuario config: Operador | usuario actual: undefined
[2025-10-15 18:42:03] [DEBUG] [main] [app] Scheduler semanal habilitado: false | usuario config: Operador | usuario actual: undefined
[2025-10-15 18:42:03] [DEBUG] [main] [app] Scheduler mensual habilitado: false | usuario config: Operador | usuario actual: undefined
[2025-10-15 18:42:03] [DEBUG] [main] [app] Scheduler diario habilitado: false | usuario config: Operador | usuario actual: undefined
[2025-10-15 18:42:03] [DEBUG] [main] [app] Scheduler semanal habilitado: false | usuario config: Operador | usuario actual: undefined
[2025-10-15 18:42:03] [DEBUG] [main] [app] Scheduler mensual habilitado: false | usuario config: Operador | usuario actual: undefined
[2025-10-15 18:42:03] [DEBUG] [main] [app] Voz configurada: default, rate: 1.5, volume: 1, pitch: 2
[2025-10-15 18:42:03] [DEBUG] [main] [scheduleReport] Scheduler deshabilitado, esperando que se active...
[2025-10-15 18:42:03] [DEBUG] [main] [scheduleReport] Scheduler deshabilitado, esperando que se active...
[2025-10-15 18:42:03] [DEBUG] [main] [scheduleReport] Scheduler deshabilitado, esperando que se active...
[2025-10-15 18:42:03] [INFO] [main] [statusLockers] Response. Status: 200
[2025-10-15 18:42:03] [INFO] [main] [statusLockers] Response. Data: {"general":[{"status":"ocupado","total":12},{"status":"libre","total":1},{"status":"reservado","total":12},{"status":"deshabilitado","total":6}],"modules":[{"module":"A","lockers":[{"lockerCode":"A1","status":"reservado"},{"lockerCode":"A2","status":"Libre"},{"lockerCode":"A3","status":"Libre"},{"lockerCode":"A4","status":"ocupado"},{"lockerCode":"A5","status":"reservado"},{"lockerCode":"A6","status":"ocupado"},{"lockerCode":"A7","status":"deshabilitado"},{"lockerCode":"A8","status":"Libre"},{"lockerCode":"A9","status":"Libre"},{"lockerCode":"A10","status":"Libre"},{"lockerCode":"A11","status":"reservado"},{"lockerCode":"A12","status":"Libre"},{"lockerCode":"A13","status":"Libre"},{"lockerCode":"A14","status":"ocupado"},{"lockerCode":"A15","status":"reservado"},{"lockerCode":"A16","status":"ocupado"},{"lockerCode":"A17","status":"deshabilitado"},{"lockerCode":"A18","status":"Libre"},{"lockerCode":"A19","status":"Libre"},{"lockerCode":"A20","status":"Libre"},{"lockerCode":"A21","status":"reservado"},{"lockerCode":"A22","status":"Libre"},{"lockerCode":"A23","status":"Libre"},{"lockerCode":"A24","status":"ocupado"},{"lockerCode":"A25","status":"reservado"},{"lockerCode":"A26","status":"ocupado"},{"lockerCode":"A27","status":"deshabilitado"},{"lockerCode":"A28","status":"Libre"},{"lockerCode":"A29","status":"Libre"},{"lockerCode":"A30","status":"Libre"},{"lockerCode":"A31","status":"reservado"},{"lockerCode":"A32","status":"Libre"},{"lockerCode":"A33","status":"Libre"},{"lockerCode":"A34","status":"ocupado"},{"lockerCode":"A35","status":"reservado"},{"lockerCode":"A36","status":"ocupado"},{"lockerCode":"A37","status":"deshabilitado"},{"lockerCode":"A38","status":"Libre"},{"lockerCode":"A39","status":"Libre"},{"lockerCode":"A40","status":"Libre"},{"lockerCode":"A41","status":"reservado"},{"lockerCode":"A42","status":"Libre"},{"lockerCode":"A43","status":"Libre"},{"lockerCode":"A44","status":"ocupado"},{"lockerCode":"A45","status":"reservado"},{"lockerCode":"A46","status":"ocupado"},{"lockerCode":"A47","status":"deshabilitado"},{"lockerCode":"A48","status":"Libre"},{"lockerCode":"A49","status":"Libre"},{"lockerCode":"A50","status":"Libre"},{"lockerCode":"A51","status":"reservado"},{"lockerCode":"A52","status":"Libre"},{"lockerCode":"A53","status":"Libre"},{"lockerCode":"A54","status":"ocupado"},{"lockerCode":"A55","status":"reservado"},{"lockerCode":"A56","status":"ocupado"},{"lockerCode":"A57","status":"deshabilitado"},{"lockerCode":"A58","status":"Libre"},{"lockerCode":"A59","status":"Libre"},{"lockerCode":"A60","status":"Libre"},{"lockerCode":"A61","status":"reservado"},{"lockerCode":"A62","status":"Libre"},{"lockerCode":"A63","status":"Libre"},{"lockerCode":"A64","status":"ocupado"},{"lockerCode":"A65","status":"reservado"},{"lockerCode":"A66","status":"ocupado"},{"lockerCode":"A67","status":"deshabilitado"},{"lockerCode":"A68","status":"Libre"},{"lockerCode":"A69","status":"Libre"},{"lockerCode":"A70","status":"Libre"},{"lockerCode":"A71","status":"reservado"},{"lockerCode":"A72","status":"Libre"},{"lockerCode":"A73","status":"Libre"},{"lockerCode":"A74","status":"ocupado"},{"lockerCode":"A75","status":"reservado"},{"lockerCode":"A76","status":"ocupado"},{"lockerCode":"A77","status":"deshabilitado"},{"lockerCode":"A78","status":"Libre"},{"lockerCode":"A79","status":"Libre"},{"lockerCode":"A80","status":"Libre"}]},{"module":"B","lockers":[{"lockerCode":"B1","status":"reservado"},{"lockerCode":"B2","status":"Libre"},{"lockerCode":"B3","status":"Libre"},{"lockerCode":"B4","status":"ocupado"},{"lockerCode":"B5","status":"reservado"}]},{"module":"C","lockers":[{"lockerCode":"C1","status":"reservado"},{"lockerCode":"C2","status":"Libre"},{"lockerCode":"C3","status":"Libre"},{"lockerCode":"C4","status":"ocupado"},{"lockerCode":"C5","status":"reservado"},{"lockerCode":"C6","status":"ocupado"},{"lockerCode":"C7","status":"deshabilitado"},{"lockerCode":"C8","status":"Libre"},{"lockerCode":"C9","status":"Libre"},{"lockerCode":"C10","status":"Libre"},{"lockerCode":"C11","status":"reservado"},{"lockerCode":"C12","status":"ocupado"},{"lockerCode":"C13","status":"deshabilitado"},{"lockerCode":"C14","status":"Libre"},{"lockerCode":"C15","status":"Libre"},{"lockerCode":"C16","status":"Libre"}]},{"module":"D","lockers":[{"lockerCode":"D1","status":"reservado"}]},{"module":"E","lockers":[{"lockerCode":"E1","status":"reservado"},{"lockerCode":"E2","status":"Libre"},{"lockerCode":"E3","status":"Libre"},{"lockerCode":"E4","status":"ocupado"},{"lockerCode":"E5","status":"reservado"},{"lockerCode":"E6","status":"ocupado"},{"lockerCode":"E7","status":"deshabilitado"},{"lockerCode":"E8","status":"Libre"},{"lockerCode":"E9","status":"Libre"},{"lockerCode":"E10","status":"Libre"}]},{"module":"F","lockers":[{"lockerCode":"F1","status":"reservado"},{"lockerCode":"F2","status":"Libre"},{"lockerCode":"F3","status":"Libre"},{"lockerCode":"F4","status":"ocupado"},{"lockerCode":"F5","status":"reservado"},{"lockerCode":"F6","status":"ocupado"},{"lockerCode":"F7","status":"deshabilitado"},{"lockerCode":"F8","status":"Libre"},{"lockerCode":"F9","status":"Libre"},{"lockerCode":"F10","status":"Libre"}]}]}
[2025-10-15 18:42:04] [INFO] [main] [statusLockers] Response. Status: 200
[2025-10-15 18:42:04] [INFO] [main] [statusLockers] Response. Data: {"general":[{"status":"ocupado","total":12},{"status":"libre","total":1},{"status":"reservado","total":12},{"status":"deshabilitado","total":6}],"modules":[{"module":"A","lockers":[{"lockerCode":"A1","status":"reservado"},{"lockerCode":"A2","status":"Libre"},{"lockerCode":"A3","status":"Libre"},{"lockerCode":"A4","status":"ocupado"},{"lockerCode":"A5","status":"reservado"},{"lockerCode":"A6","status":"ocupado"},{"lockerCode":"A7","status":"deshabilitado"},{"lockerCode":"A8","status":"Libre"},{"lockerCode":"A9","status":"Libre"},{"lockerCode":"A10","status":"Libre"},{"lockerCode":"A11","status":"reservado"},{"lockerCode":"A12","status":"Libre"},{"lockerCode":"A13","status":"Libre"},{"lockerCode":"A14","status":"ocupado"},{"lockerCode":"A15","status":"reservado"},{"lockerCode":"A16","status":"ocupado"},{"lockerCode":"A17","status":"deshabilitado"},{"lockerCode":"A18","status":"Libre"},{"lockerCode":"A19","status":"Libre"},{"lockerCode":"A20","status":"Libre"},{"lockerCode":"A21","status":"reservado"},{"lockerCode":"A22","status":"Libre"},{"lockerCode":"A23","status":"Libre"},{"lockerCode":"A24","status":"ocupado"},{"lockerCode":"A25","status":"reservado"},{"lockerCode":"A26","status":"ocupado"},{"lockerCode":"A27","status":"deshabilitado"},{"lockerCode":"A28","status":"Libre"},{"lockerCode":"A29","status":"Libre"},{"lockerCode":"A30","status":"Libre"},{"lockerCode":"A31","status":"reservado"},{"lockerCode":"A32","status":"Libre"},{"lockerCode":"A33","status":"Libre"},{"lockerCode":"A34","status":"ocupado"},{"lockerCode":"A35","status":"reservado"},{"lockerCode":"A36","status":"ocupado"},{"lockerCode":"A37","status":"deshabilitado"},{"lockerCode":"A38","status":"Libre"},{"lockerCode":"A39","status":"Libre"},{"lockerCode":"A40","status":"Libre"},{"lockerCode":"A41","status":"reservado"},{"lockerCode":"A42","status":"Libre"},{"lockerCode":"A43","status":"Libre"},{"lockerCode":"A44","status":"ocupado"},{"lockerCode":"A45","status":"reservado"},{"lockerCode":"A46","status":"ocupado"},{"lockerCode":"A47","status":"deshabilitado"},{"lockerCode":"A48","status":"Libre"},{"lockerCode":"A49","status":"Libre"},{"lockerCode":"A50","status":"Libre"},{"lockerCode":"A51","status":"reservado"},{"lockerCode":"A52","status":"Libre"},{"lockerCode":"A53","status":"Libre"},{"lockerCode":"A54","status":"ocupado"},{"lockerCode":"A55","status":"reservado"},{"lockerCode":"A56","status":"ocupado"},{"lockerCode":"A57","status":"deshabilitado"},{"lockerCode":"A58","status":"Libre"},{"lockerCode":"A59","status":"Libre"},{"lockerCode":"A60","status":"Libre"},{"lockerCode":"A61","status":"reservado"},{"lockerCode":"A62","status":"Libre"},{"lockerCode":"A63","status":"Libre"},{"lockerCode":"A64","status":"ocupado"},{"lockerCode":"A65","status":"reservado"},{"lockerCode":"A66","status":"ocupado"},{"lockerCode":"A67","status":"deshabilitado"},{"lockerCode":"A68","status":"Libre"},{"lockerCode":"A69","status":"Libre"},{"lockerCode":"A70","status":"Libre"},{"lockerCode":"A71","status":"reservado"},{"lockerCode":"A72","status":"Libre"},{"lockerCode":"A73","status":"Libre"},{"lockerCode":"A74","status":"ocupado"},{"lockerCode":"A75","status":"reservado"},{"lockerCode":"A76","status":"ocupado"},{"lockerCode":"A77","status":"deshabilitado"},{"lockerCode":"A78","status":"Libre"},{"lockerCode":"A79","status":"Libre"},{"lockerCode":"A80","status":"Libre"}]},{"module":"B","lockers":[{"lockerCode":"B1","status":"reservado"},{"lockerCode":"B2","status":"Libre"},{"lockerCode":"B3","status":"Libre"},{"lockerCode":"B4","status":"ocupado"},{"lockerCode":"B5","status":"reservado"}]},{"module":"C","lockers":[{"lockerCode":"C1","status":"reservado"},{"lockerCode":"C2","status":"Libre"},{"lockerCode":"C3","status":"Libre"},{"lockerCode":"C4","status":"ocupado"},{"lockerCode":"C5","status":"reservado"},{"lockerCode":"C6","status":"ocupado"},{"lockerCode":"C7","status":"deshabilitado"},{"lockerCode":"C8","status":"Libre"},{"lockerCode":"C9","status":"Libre"},{"lockerCode":"C10","status":"Libre"},{"lockerCode":"C11","status":"reservado"},{"lockerCode":"C12","status":"ocupado"},{"lockerCode":"C13","status":"deshabilitado"},{"lockerCode":"C14","status":"Libre"},{"lockerCode":"C15","status":"Libre"},{"lockerCode":"C16","status":"Libre"}]},{"module":"D","lockers":[{"lockerCode":"D1","status":"reservado"}]},{"module":"E","lockers":[{"lockerCode":"E1","status":"reservado"},{"lockerCode":"E2","status":"Libre"},{"lockerCode":"E3","status":"Libre"},{"lockerCode":"E4","status":"ocupado"},{"lockerCode":"E5","status":"reservado"},{"lockerCode":"E6","status":"ocupado"},{"lockerCode":"E7","status":"deshabilitado"},{"lockerCode":"E8","status":"Libre"},{"lockerCode":"E9","status":"Libre"},{"lockerCode":"E10","status":"Libre"}]},{"module":"F","lockers":[{"lockerCode":"F1","status":"reservado"},{"lockerCode":"F2","status":"Libre"},{"lockerCode":"F3","status":"Libre"},{"lockerCode":"F4","status":"ocupado"},{"lockerCode":"F5","status":"reservado"},{"lockerCode":"F6","status":"ocupado"},{"lockerCode":"F7","status":"deshabilitado"},{"lockerCode":"F8","status":"Libre"},{"lockerCode":"F9","status":"Libre"},{"lockerCode":"F10","status":"Libre"}]}]}
[2025-10-15 18:42:05] [DEBUG] [main] [app] Scheduler diario habilitado: false | usuario config: Operador | usuario actual: undefined
[2025-10-15 18:42:05] [DEBUG] [main] [app] Scheduler semanal habilitado: false | usuario config: Operador | usuario actual: undefined
[2025-10-15 18:42:05] [DEBUG] [main] [app] Scheduler mensual habilitado: false | usuario config: Operador | usuario actual: undefined
[2025-10-15 18:42:05] [DEBUG] [main] [app] Scheduler diario habilitado: false | usuario config: Operador | usuario actual: undefined
[2025-10-15 18:42:05] [DEBUG] [main] [app] Scheduler semanal habilitado: false | usuario config: Operador | usuario actual: undefined
[2025-10-15 18:42:05] [DEBUG] [main] [app] Scheduler mensual habilitado: false | usuario config: Operador | usuario actual: undefined
[2025-10-15 18:42:05] [DEBUG] [main] [scheduleReport] Scheduler deshabilitado, esperando que se active...
[2025-10-15 18:42:05] [DEBUG] [main] [scheduleReport] Scheduler deshabilitado, esperando que se active...
[2025-10-15 18:42:05] [DEBUG] [main] [scheduleReport] Scheduler deshabilitado, esperando que se active...
[2025-10-15 18:42:28] [DEBUG] [main] [main-renderer] RootApp size {"width":1225,"height":1112,"orientation":"landscape","factor":0.64}
[2025-10-15 18:42:28] [DEBUG] [main] [main-renderer] RootApp size {"width":1225,"height":1112,"orientation":"landscape","factor":0.64}
[2025-10-15 18:42:28] [DEBUG] [main] [app] Scheduler diario habilitado: false | usuario config: Operador | usuario actual: undefined
[2025-10-15 18:42:28] [DEBUG] [main] [app] Scheduler semanal habilitado: false | usuario config: Operador | usuario actual: undefined
[2025-10-15 18:42:28] [DEBUG] [main] [app] Scheduler mensual habilitado: false | usuario config: Operador | usuario actual: undefined
[2025-10-15 18:42:28] [DEBUG] [main] [app] Scheduler diario habilitado: false | usuario config: Operador | usuario actual: undefined
[2025-10-15 18:42:28] [DEBUG] [main] [app] Scheduler semanal habilitado: false | usuario config: Operador | usuario actual: undefined
[2025-10-15 18:42:28] [DEBUG] [main] [app] Scheduler mensual habilitado: false | usuario config: Operador | usuario actual: undefined
[2025-10-15 18:42:28] [DEBUG] [main] [scheduleReport] Scheduler deshabilitado, esperando que se active...
[2025-10-15 18:42:28] [DEBUG] [main] [scheduleReport] Scheduler deshabilitado, esperando que se active...
[2025-10-15 18:42:28] [DEBUG] [main] [scheduleReport] Scheduler deshabilitado, esperando que se active...
[2025-10-15 18:43:10] [DEBUG] [main] [app] Scheduler diario habilitado: false | usuario config: Operador | usuario actual: administrador
[2025-10-15 18:43:10] [DEBUG] [main] [app] Scheduler semanal habilitado: false | usuario config: Operador | usuario actual: administrador
[2025-10-15 18:43:10] [DEBUG] [main] [app] Scheduler mensual habilitado: false | usuario config: Operador | usuario actual: administrador
[2025-10-15 18:43:10] [DEBUG] [main] [app] Scheduler diario habilitado: false | usuario config: Operador | usuario actual: administrador
[2025-10-15 18:43:10] [DEBUG] [main] [app] Scheduler semanal habilitado: false | usuario config: Operador | usuario actual: administrador
[2025-10-15 18:43:10] [DEBUG] [main] [app] Scheduler mensual habilitado: false | usuario config: Operador | usuario actual: administrador
[2025-10-15 18:43:11] [DEBUG] [main] [scheduleReport] Scheduler deshabilitado, esperando que se active...
[2025-10-15 18:43:11] [DEBUG] [main] [scheduleReport] Scheduler deshabilitado, esperando que se active...
[2025-10-15 18:43:11] [DEBUG] [main] [scheduleReport] Scheduler deshabilitado, esperando que se active...
[2025-10-15 18:43:14] [DEBUG] [main] [main-renderer] RootApp size {"width":1225,"height":1113,"orientation":"landscape","factor":0.64}
[2025-10-15 18:43:14] [DEBUG] [main] [main-renderer] RootApp size {"width":1225,"height":1113,"orientation":"landscape","factor":0.64}
[2025-10-15 18:43:14] [DEBUG] [main] [app] Scheduler diario habilitado: false | usuario config: Operador | usuario actual: administrador
[2025-10-15 18:43:14] [DEBUG] [main] [app] Scheduler semanal habilitado: false | usuario config: Operador | usuario actual: administrador
[2025-10-15 18:43:14] [DEBUG] [main] [app] Scheduler mensual habilitado: false | usuario config: Operador | usuario actual: administrador
[2025-10-15 18:43:14] [DEBUG] [main] [app] Scheduler diario habilitado: false | usuario config: Operador | usuario actual: administrador
[2025-10-15 18:43:14] [DEBUG] [main] [app] Scheduler semanal habilitado: false | usuario config: Operador | usuario actual: administrador
[2025-10-15 18:43:14] [DEBUG] [main] [app] Scheduler mensual habilitado: false | usuario config: Operador | usuario actual: administrador
[2025-10-15 18:43:14] [DEBUG] [main] [scheduleReport] Scheduler deshabilitado, esperando que se active...
[2025-10-15 18:43:14] [DEBUG] [main] [scheduleReport] Scheduler deshabilitado, esperando que se active...
[2025-10-15 18:43:14] [DEBUG] [main] [scheduleReport] Scheduler deshabilitado, esperando que se active...
[2025-10-15 18:43:17] [DEBUG] [main] [app] Scheduler diario habilitado: false | usuario config: Operador | usuario actual: administrador
[2025-10-15 18:43:17] [DEBUG] [main] [app] Scheduler semanal habilitado: false | usuario config: Operador | usuario actual: administrador
[2025-10-15 18:43:17] [DEBUG] [main] [app] Scheduler mensual habilitado: false | usuario config: Operador | usuario actual: administrador
[2025-10-15 18:43:17] [DEBUG] [main] [app] Scheduler diario habilitado: false | usuario config: Operador | usuario actual: administrador
[2025-10-15 18:43:17] [DEBUG] [main] [app] Scheduler semanal habilitado: false | usuario config: Operador | usuario actual: administrador
[2025-10-15 18:43:17] [DEBUG] [main] [app] Scheduler mensual habilitado: false | usuario config: Operador | usuario actual: administrador
[2025-10-15 18:43:18] [INFO] [main] [app] Componente App montado
[2025-10-15 18:43:18] [INFO] [main] [app] Versión cargada: 1.1.0
[2025-10-15 18:43:18] [DEBUG] [main] [scheduleReport] Scheduler deshabilitado, esperando que se active...
[2025-10-15 18:43:18] [DEBUG] [main] [scheduleReport] Scheduler deshabilitado, esperando que se active...
[2025-10-15 18:43:18] [DEBUG] [main] [scheduleReport] Scheduler deshabilitado, esperando que se active...
[2025-10-15 18:43:18] [DEBUG] [main] setup_config.json: {
    "customer": "Tulocker",
    "pointName": "CC Outlet Factory",
    "pointId": "Sótano 1",
    "sendSMS": true,
    "login": {
        "userOpera": "Operador",
        "passOpera": "250701",
        "userAdmin": "Administrador",
        "passAdmin": "070125",
        "avatarPath": "./assets/TuLockerIcono.jpg",
        "logoPath": "./assets/TuLockerHorizontal.png",
        "QRPath": "./assets/CodigoQR.png"
    },
    "paramsHtml": {
        "lenMaxInputPass": 4,
        "lenMinInputPass": 4,
        "currency": {
            "coinBoxRequiredAmount": 1500,
            "currency": "COP",
            "currencyPesos": "pesos",
            "decinmal": 0
        },
        "modalTimeouts": {
            "timeoutKeypad": 300,
            "timeoutInsertMoney": 120,
            "timeoutShowMessage": 15
        }
    },
    "report": {
        "daily": {
            "enabled": true,
            "hour": 0,
            "minute": 5
        },
        "weekly": {
            "enabled": true,
            "dayOfWeek": 1,
            "hour": 0,
            "minute": 10
        },
        "monthly": {
            "enabled": true,
            "dayOfMonth": 1,
            "hour": 0,
            "minute": 15
        },
        "timezoneMode": "local",
        "timeInterval": 60
    },
    "voice": {
        "enabled": true,
        "timeInterval": 20,
        "name": "Sabina",
        "rate": 1.5,
        "pitch": 2,
        "volume": 1,
        "message": {
            "welcome": "Bienvenido... Con TuLocker puedes guardar tus objetos personales de forma segura, para que estes comodo y tranquilo. Por tan solo {{amount}} {{pesos}}. No guardes si encuentras un casillero abierto, asigna uno desde la pantalla del sistema. No olvides cerrar el casillero al retirar tus pertenencias. Muchas gracias por utilizar nuestro servicio.",
            "assignLocker": "Tu casillero es el {{lockerCode}}, Guarda tus pertenencias, Gracias por utilizar nuestro servicio. No olvides cerrar el casillero.",
            "openSessionLocker": "Tu casillero es el {{lockerCode}}, Retira tus pertenencias, Gracias por utilizar nuestro servicio. No olvides cerrar el casillero, Disponible para una nueva asignacion.",
            "openReserveLocker": "Tu casillero es el {{lockerCode}}, Gracias por utilizar nuestro servicio. No olvides cerrar el casillero."
        }
    },
    "reserve": {
        "enabled": true,
        "porcentWeekly": 10,
        "porcentFortnightly": 20,
        "porcentMonthly": 30
    }
}
[2025-10-15 18:43:18] [DEBUG] [main] setup_config.json: {
    "customer": "Tulocker",
    "pointName": "CC Outlet Factory",
    "pointId": "Sótano 1",
    "sendSMS": true,
    "login": {
        "userOpera": "Operador",
        "passOpera": "250701",
        "userAdmin": "Administrador",
        "passAdmin": "070125",
        "avatarPath": "./assets/TuLockerIcono.jpg",
        "logoPath": "./assets/TuLockerHorizontal.png",
        "QRPath": "./assets/CodigoQR.png"
    },
    "paramsHtml": {
        "lenMaxInputPass": 4,
        "lenMinInputPass": 4,
        "currency": {
            "coinBoxRequiredAmount": 1500,
            "currency": "COP",
            "currencyPesos": "pesos",
            "decinmal": 0
        },
        "modalTimeouts": {
            "timeoutKeypad": 300,
            "timeoutInsertMoney": 120,
            "timeoutShowMessage": 15
        }
    },
    "report": {
        "daily": {
            "enabled": true,
            "hour": 0,
            "minute": 5
        },
        "weekly": {
            "enabled": true,
            "dayOfWeek": 1,
            "hour": 0,
            "minute": 10
        },
        "monthly": {
            "enabled": true,
            "dayOfMonth": 1,
            "hour": 0,
            "minute": 15
        },
        "timezoneMode": "local",
        "timeInterval": 60
    },
    "voice": {
        "enabled": true,
        "timeInterval": 20,
        "name": "Sabina",
        "rate": 1.5,
        "pitch": 2,
        "volume": 1,
        "message": {
            "welcome": "Bienvenido... Con TuLocker puedes guardar tus objetos personales de forma segura, para que estes comodo y tranquilo. Por tan solo {{amount}} {{pesos}}. No guardes si encuentras un casillero abierto, asigna uno desde la pantalla del sistema. No olvides cerrar el casillero al retirar tus pertenencias. Muchas gracias por utilizar nuestro servicio.",
            "assignLocker": "Tu casillero es el {{lockerCode}}, Guarda tus pertenencias, Gracias por utilizar nuestro servicio. No olvides cerrar el casillero.",
            "openSessionLocker": "Tu casillero es el {{lockerCode}}, Retira tus pertenencias, Gracias por utilizar nuestro servicio. No olvides cerrar el casillero, Disponible para una nueva asignacion.",
            "openReserveLocker": "Tu casillero es el {{lockerCode}}, Gracias por utilizar nuestro servicio. No olvides cerrar el casillero."
        }
    },
    "reserve": {
        "enabled": true,
        "porcentWeekly": 10,
        "porcentFortnightly": 20,
        "porcentMonthly": 30
    }
}
[2025-10-15 18:43:18] [INFO] [main] [useConfig] Configuración inicial obtenida
[2025-10-15 18:43:18] [INFO] [main] [useConfig] Configuración inicial obtenida
[2025-10-15 18:43:23] [INFO] [main] [login] Cierre de sesión para usuario: administrador
[2025-10-15 18:43:23] [DEBUG] [main] [app] Scheduler diario habilitado: false | usuario config: Operador | usuario actual: administrador
[2025-10-15 18:43:23] [DEBUG] [main] [app] Scheduler semanal habilitado: false | usuario config: Operador | usuario actual: administrador
[2025-10-15 18:43:23] [DEBUG] [main] [app] Scheduler mensual habilitado: false | usuario config: Operador | usuario actual: administrador
[2025-10-15 18:43:23] [DEBUG] [main] [app] Scheduler diario habilitado: false | usuario config: Operador | usuario actual: administrador
[2025-10-15 18:43:23] [DEBUG] [main] [app] Scheduler semanal habilitado: false | usuario config: Operador | usuario actual: administrador
[2025-10-15 18:43:23] [DEBUG] [main] [app] Scheduler mensual habilitado: false | usuario config: Operador | usuario actual: administrador
[2025-10-15 18:43:23] [INFO] [main] [app] Componente App montado
[2025-10-15 18:43:23] [INFO] [main] [app] Versión cargada: 1.1.0
[2025-10-15 18:43:23] [DEBUG] [main] [scheduleReport] Scheduler deshabilitado, esperando que se active...
[2025-10-15 18:43:23] [DEBUG] [main] [scheduleReport] Scheduler deshabilitado, esperando que se active...
[2025-10-15 18:43:23] [DEBUG] [main] [scheduleReport] Scheduler deshabilitado, esperando que se active...
[2025-10-15 18:43:28] [INFO] [main] [login] Inicio de sesión exitoso para usuario: operador
[2025-10-15 18:43:28] [INFO] [main] set-fullscreen: true
[2025-10-15 18:43:28] [INFO] [main] Ventana cerrándose, deteniendo TTS...
[2025-10-15 18:43:28] [INFO] [main] Creando ventana principal...
[2025-10-15 18:43:28] [INFO] [main] Cargando URL: http://localhost:5173
[2025-10-15 18:43:28] [INFO] [main] set-frame: false
[2025-10-15 18:43:28] [DEBUG] [main] [app] Scheduler diario habilitado: false | usuario config: Operador | usuario actual: operador
[2025-10-15 18:43:28] [DEBUG] [main] [app] Scheduler semanal habilitado: false | usuario config: Operador | usuario actual: operador
[2025-10-15 18:43:28] [DEBUG] [main] [app] Scheduler mensual habilitado: false | usuario config: Operador | usuario actual: operador
[2025-10-15 18:43:28] [DEBUG] [main] [app] Scheduler diario habilitado: false | usuario config: Operador | usuario actual: operador
[2025-10-15 18:43:28] [DEBUG] [main] [app] Scheduler semanal habilitado: false | usuario config: Operador | usuario actual: operador
[2025-10-15 18:43:28] [DEBUG] [main] [app] Scheduler mensual habilitado: false | usuario config: Operador | usuario actual: operador
[2025-10-15 18:43:28] [INFO] [main] [login] Usuario autenticado en sesión principal, redirigiendo a /ppal
[2025-10-15 18:43:28] [INFO] [main] [app] Componente App montado
[2025-10-15 18:43:28] [INFO] [main] [app] Versión cargada: 1.1.0
[2025-10-15 18:43:28] [DEBUG] [main] [scheduleReport] Scheduler deshabilitado, esperando que se active...
[2025-10-15 18:43:28] [DEBUG] [main] [scheduleReport] Scheduler deshabilitado, esperando que se active...
[2025-10-15 18:43:28] [DEBUG] [main] [scheduleReport] Scheduler deshabilitado, esperando que se active...
[2025-10-15 18:43:29] [INFO] [main] Recibido config actualizado
[2025-10-15 18:43:29] [INFO] [main] Recibido auth actualizado
[2025-10-15 18:43:29] [INFO] [main] Recibido logger actualizado
[2025-10-15 18:43:29] [INFO] [main] Recibido env actualizado
[2025-10-15 18:43:29] [INFO] [preload] Inicializando preload.js
[2025-10-15 18:43:29] [INFO] [setupWatcher] Observando archivo setup_config.json en: C:\Users\User\Documents\Personal\LockeritDesk\configFiles\setup_config.json
[2025-10-15 18:43:29] [DEBUG] [setupWatcher] Cargando configuración inicial
[2025-10-15 18:43:29] [DEBUG] [setupWatcher] Contenido setup_config.json parseado: {"customer":"Tulocker","pointName":"CC Outlet Factory","pointId":"Sótano 1","sendSMS":true,"login":{"userOpera":"Operador","passOpera":"250701","userAdmin":"Administrador","passAdmin":"070125","avatarPath":"./assets/TuLockerIcono.jpg","logoPath":"./assets/TuLockerHorizontal.png","QRPath":"./assets/CodigoQR.png"},"paramsHtml":{"lenMaxInputPass":4,"lenMinInputPass":4,"currency":{"coinBoxRequiredAmount":1500,"currency":"COP","currencyPesos":"pesos","decinmal":0},"modalTimeouts":{"timeoutKeypad":300,"timeoutInsertMoney":120,"timeoutShowMessage":15}},"report":{"daily":{"enabled":true,"hour":0,"minute":5},"weekly":{"enabled":true,"dayOfWeek":1,"hour":0,"minute":10},"monthly":{"enabled":true,"dayOfMonth":1,"hour":0,"minute":15},"timezoneMode":"local","timeInterval":60},"voice":{"enabled":true,"timeInterval":20,"name":"Sabina","rate":1.5,"pitch":2,"volume":1,"message":{"welcome":"Bienvenido... Con TuLocker puedes guardar tus objetos personales de forma segura, para que estes comodo y tranquilo. Por tan solo {{amount}} {{pesos}}. No guardes si encuentras un casillero abierto, asigna uno desde la pantalla del sistema. No olvides cerrar el casillero al retirar tus pertenencias. Muchas gracias por utilizar nuestro servicio.","assignLocker":"Tu casillero es el {{lockerCode}}, Guarda tus pertenencias, Gracias por utilizar nuestro servicio. No olvides cerrar el casillero.","openSessionLocker":"Tu casillero es el {{lockerCode}}, Retira tus pertenencias, Gracias por utilizar nuestro servicio. No olvides cerrar el casillero, Disponible para una nueva asignacion.","openReserveLocker":"Tu casillero es el {{lockerCode}}, Gracias por utilizar nuestro servicio. No olvides cerrar el casillero."}},"reserve":{"enabled":true,"porcentWeekly":10,"porcentFortnightly":20,"porcentMonthly":30}}
[2025-10-15 18:43:29] [INFO] [setupWatcher] Archivo setup_config.json cargado correctamente
[2025-10-15 18:43:29] [INFO] [preload] Watcher iniciado: setup_config.json
[2025-10-15 18:43:29] [INFO] [authWatcher] Observando archivo auth_key.json en: C:\Users\User\Documents\Personal\LockeritDesk\configFiles\auth_key.json
[2025-10-15 18:43:29] [DEBUG] [authWatcher] Cargando configuración inicial
[2025-10-15 18:43:29] [DEBUG] [authWatcher] Contenido del archivo: {
    "key": "ab20db7aca396d81cff135e8972fddd13137daa6cdd3cb5a4995121f687a3c40"
}
[2025-10-15 18:43:29] [INFO] [authWatcher] auth_key.json actualizado correctamente
[2025-10-15 18:43:29] [INFO] [preload] Watcher iniciado: auth_key.json
[2025-10-15 18:43:29] [INFO] [loggerWatcher] Observando archivo logger_config.json en: C:\Users\User\Documents\Personal\LockeritDesk\configFiles\logger_config.json
[2025-10-15 18:43:29] [DEBUG] [loggerWatcher] Cargando configuración inicial
[2025-10-15 18:43:29] [DEBUG] [loggerWatcher] Contenido logger_config.json parseado: {"logDirectory":"logs","logFilePattern":"lockerit-%DATE%.log","datePattern":"YYYY-MM-DD","zippedArchive":false,"maxSize":"10m","maxFiles":"15d","logLevel":"debug"}
[2025-10-15 18:43:29] [INFO] [loggerWatcher] Archivo logger_config.json cargado correctamente
[2025-10-15 18:43:29] [INFO] [preload] Watcher iniciado: logger_config.json
[2025-10-15 18:43:29] [INFO] [envWatcher] Observando archivo .env en: C:\Users\User\Documents\Personal\LockeritDesk\configFiles\.env
[2025-10-15 18:43:29] [DEBUG] [envWatcher] Cargando configuración inicial
[2025-10-15 18:43:29] [DEBUG] [envWatcher] Contenido .env parseado: {"apiBaseUrl":"http://localhost","apiBasePort":"8080","apiBaseTimeout":"30","apiBaseMaxRetries":"5","apiBaseDelayRetries":"1","wsBaseUrl":"ws://localhost","wsBasePort":"8080","wsBasePath":"/ws/connect-in"}
[2025-10-15 18:43:29] [INFO] [envWatcher] Archivo .env cargado correctamente
[2025-10-15 18:43:29] [INFO] [preload] Watcher iniciado: .env
[2025-10-15 18:43:29] [INFO] [preload] API expuesta en window.electronAPI
[2025-10-15 18:43:29] [DEBUG] [main] setup_config.json: {
    "customer": "Tulocker",
    "pointName": "CC Outlet Factory",
    "pointId": "Sótano 1",
    "sendSMS": true,
    "login": {
        "userOpera": "Operador",
        "passOpera": "250701",
        "userAdmin": "Administrador",
        "passAdmin": "070125",
        "avatarPath": "./assets/TuLockerIcono.jpg",
        "logoPath": "./assets/TuLockerHorizontal.png",
        "QRPath": "./assets/CodigoQR.png"
    },
    "paramsHtml": {
        "lenMaxInputPass": 4,
        "lenMinInputPass": 4,
        "currency": {
            "coinBoxRequiredAmount": 1500,
            "currency": "COP",
            "currencyPesos": "pesos",
            "decinmal": 0
        },
        "modalTimeouts": {
            "timeoutKeypad": 300,
            "timeoutInsertMoney": 120,
            "timeoutShowMessage": 15
        }
    },
    "report": {
        "daily": {
            "enabled": true,
            "hour": 0,
            "minute": 5
        },
        "weekly": {
            "enabled": true,
            "dayOfWeek": 1,
            "hour": 0,
            "minute": 10
        },
        "monthly": {
            "enabled": true,
            "dayOfMonth": 1,
            "hour": 0,
            "minute": 15
        },
        "timezoneMode": "local",
        "timeInterval": 60
    },
    "voice": {
        "enabled": true,
        "timeInterval": 20,
        "name": "Sabina",
        "rate": 1.5,
        "pitch": 2,
        "volume": 1,
        "message": {
            "welcome": "Bienvenido... Con TuLocker puedes guardar tus objetos personales de forma segura, para que estes comodo y tranquilo. Por tan solo {{amount}} {{pesos}}. No guardes si encuentras un casillero abierto, asigna uno desde la pantalla del sistema. No olvides cerrar el casillero al retirar tus pertenencias. Muchas gracias por utilizar nuestro servicio.",
            "assignLocker": "Tu casillero es el {{lockerCode}}, Guarda tus pertenencias, Gracias por utilizar nuestro servicio. No olvides cerrar el casillero.",
            "openSessionLocker": "Tu casillero es el {{lockerCode}}, Retira tus pertenencias, Gracias por utilizar nuestro servicio. No olvides cerrar el casillero, Disponible para una nueva asignacion.",
            "openReserveLocker": "Tu casillero es el {{lockerCode}}, Gracias por utilizar nuestro servicio. No olvides cerrar el casillero."
        }
    },
    "reserve": {
        "enabled": true,
        "porcentWeekly": 10,
        "porcentFortnightly": 20,
        "porcentMonthly": 30
    }
}
[2025-10-15 18:43:29] [DEBUG] [main] Datos .env: http://localhost, 8080, 30, 5, 1,ws://localhost, 8080, /ws/connect-in
[2025-10-15 18:43:29] [DEBUG] [main] auth_key.json: {
    "key": "ab20db7aca396d81cff135e8972fddd13137daa6cdd3cb5a4995121f687a3c40"
}
[2025-10-15 18:43:29] [INFO] [main] [axiosConfig] API BaseURL Inicial: http://localhost:8080
[2025-10-15 18:43:29] [INFO] [main] [axiosConfig] API BaseTimeout Inicial: 30
[2025-10-15 18:43:29] [DEBUG] [main] [envStore] Nuevo callback suscrito a cambios de ENV
[2025-10-15 18:43:29] [DEBUG] [main] [envStore] Nuevo callback suscrito a cambios de ENV
[2025-10-15 18:43:29] [INFO] [main] [configStore] Configuración actualizada
[2025-10-15 18:43:29] [INFO] [main] [configStore] config_key.json inicial cargado exitosamente
[2025-10-15 18:43:29] [INFO] [main] [envStore] ENV inicial cargado correctamente
[2025-10-15 18:43:29] [INFO] [main] [envStore] ENV actualizado
[2025-10-15 18:43:29] [DEBUG] [main] [envStore] ENV actualizado: {"apiBaseUrl":"http://localhost","apiBasePort":"8080","apiBaseTimeout":"30","apiBaseMaxRetries":"5","apiBaseDelayRetries":"1","wsBaseUrl":"ws://localhost","wsBasePort":"8080","wsBasePath":"/ws/connect-in"}
[2025-10-15 18:43:29] [INFO] [main] [axiosConfig] API BaseTimeout actualizada dinámicamente: 30
[2025-10-15 18:43:29] [INFO] [main] [assignLocker] API BaseTimeout actualizada dinámicamente: 30
[2025-10-15 18:43:29] [INFO] [main] [authStore] Auth actualizado
[2025-10-15 18:43:29] [DEBUG] [main] [axiosConfig] Token actualizado en headers
[2025-10-15 18:43:29] [INFO] [main] [authStore] auth_key.json inicial cargado exitosamente
[2025-10-15 18:43:29] [DEBUG] [main] CSP generada: default-src 'self'; script-src 'self'; style-src 'self' 'unsafe-inline'; img-src 'self' data:; font-src 'self' data:; connect-src 'self' http://localhost:8080 ws://localhost:8080
[2025-10-15 18:43:29] [DEBUG] [main] CSP igual a la última enviada, no se envía
[2025-10-15 18:43:29] [DEBUG] [main] Enviando tamaño 1920 1032 0.96
[2025-10-15 18:43:30] [INFO] [main] get-screen-data-once -> 1920x1032 factor=0.96
[2025-10-15 18:43:30] [DEBUG] [main] [main-renderer] RootApp size {"width":1920,"height":1032,"orientation":"landscape","factor":0.96}
[2025-10-15 18:43:30] [DEBUG] [main] [theme] factor theme:  0.96
[2025-10-15 18:43:30] [DEBUG] [main] [theme] factor theme:  0.96
[2025-10-15 18:43:30] [DEBUG] [main] [main-renderer] RootApp size {"width":1920,"height":1032,"orientation":"landscape","factor":0.96}
[2025-10-15 18:43:30] [DEBUG] [main] [app] Scheduler diario habilitado: false | usuario config: undefined | usuario actual: operador
[2025-10-15 18:43:30] [DEBUG] [main] [app] Scheduler semanal habilitado: false | usuario config: undefined | usuario actual: operador
[2025-10-15 18:43:30] [DEBUG] [main] [app] Scheduler mensual habilitado: false | usuario config: undefined | usuario actual: operador
[2025-10-15 18:43:30] [DEBUG] [main] [app] Scheduler diario habilitado: false | usuario config: undefined | usuario actual: operador
[2025-10-15 18:43:30] [DEBUG] [main] [app] Scheduler semanal habilitado: false | usuario config: undefined | usuario actual: operador
[2025-10-15 18:43:30] [DEBUG] [main] [app] Scheduler mensual habilitado: false | usuario config: undefined | usuario actual: operador
[2025-10-15 18:43:30] [DEBUG] [main] setup_config.json: {
    "customer": "Tulocker",
    "pointName": "CC Outlet Factory",
    "pointId": "Sótano 1",
    "sendSMS": true,
    "login": {
        "userOpera": "Operador",
        "passOpera": "250701",
        "userAdmin": "Administrador",
        "passAdmin": "070125",
        "avatarPath": "./assets/TuLockerIcono.jpg",
        "logoPath": "./assets/TuLockerHorizontal.png",
        "QRPath": "./assets/CodigoQR.png"
    },
    "paramsHtml": {
        "lenMaxInputPass": 4,
        "lenMinInputPass": 4,
        "currency": {
            "coinBoxRequiredAmount": 1500,
            "currency": "COP",
            "currencyPesos": "pesos",
            "decinmal": 0
        },
        "modalTimeouts": {
            "timeoutKeypad": 300,
            "timeoutInsertMoney": 120,
            "timeoutShowMessage": 15
        }
    },
    "report": {
        "daily": {
            "enabled": true,
            "hour": 0,
            "minute": 5
        },
        "weekly": {
            "enabled": true,
            "dayOfWeek": 1,
            "hour": 0,
            "minute": 10
        },
        "monthly": {
            "enabled": true,
            "dayOfMonth": 1,
            "hour": 0,
            "minute": 15
        },
        "timezoneMode": "local",
        "timeInterval": 60
    },
    "voice": {
        "enabled": true,
        "timeInterval": 20,
        "name": "Sabina",
        "rate": 1.5,
        "pitch": 2,
        "volume": 1,
        "message": {
            "welcome": "Bienvenido... Con TuLocker puedes guardar tus objetos personales de forma segura, para que estes comodo y tranquilo. Por tan solo {{amount}} {{pesos}}. No guardes si encuentras un casillero abierto, asigna uno desde la pantalla del sistema. No olvides cerrar el casillero al retirar tus pertenencias. Muchas gracias por utilizar nuestro servicio.",
            "assignLocker": "Tu casillero es el {{lockerCode}}, Guarda tus pertenencias, Gracias por utilizar nuestro servicio. No olvides cerrar el casillero.",
            "openSessionLocker": "Tu casillero es el {{lockerCode}}, Retira tus pertenencias, Gracias por utilizar nuestro servicio. No olvides cerrar el casillero, Disponible para una nueva asignacion.",
            "openReserveLocker": "Tu casillero es el {{lockerCode}}, Gracias por utilizar nuestro servicio. No olvides cerrar el casillero."
        }
    },
    "reserve": {
        "enabled": true,
        "porcentWeekly": 10,
        "porcentFortnightly": 20,
        "porcentMonthly": 30
    }
}
[2025-10-15 18:43:30] [DEBUG] [main] setup_config.json: {
    "customer": "Tulocker",
    "pointName": "CC Outlet Factory",
    "pointId": "Sótano 1",
    "sendSMS": true,
    "login": {
        "userOpera": "Operador",
        "passOpera": "250701",
        "userAdmin": "Administrador",
        "passAdmin": "070125",
        "avatarPath": "./assets/TuLockerIcono.jpg",
        "logoPath": "./assets/TuLockerHorizontal.png",
        "QRPath": "./assets/CodigoQR.png"
    },
    "paramsHtml": {
        "lenMaxInputPass": 4,
        "lenMinInputPass": 4,
        "currency": {
            "coinBoxRequiredAmount": 1500,
            "currency": "COP",
            "currencyPesos": "pesos",
            "decinmal": 0
        },
        "modalTimeouts": {
            "timeoutKeypad": 300,
            "timeoutInsertMoney": 120,
            "timeoutShowMessage": 15
        }
    },
    "report": {
        "daily": {
            "enabled": true,
            "hour": 0,
            "minute": 5
        },
        "weekly": {
            "enabled": true,
            "dayOfWeek": 1,
            "hour": 0,
            "minute": 10
        },
        "monthly": {
            "enabled": true,
            "dayOfMonth": 1,
            "hour": 0,
            "minute": 15
        },
        "timezoneMode": "local",
        "timeInterval": 60
    },
    "voice": {
        "enabled": true,
        "timeInterval": 20,
        "name": "Sabina",
        "rate": 1.5,
        "pitch": 2,
        "volume": 1,
        "message": {
            "welcome": "Bienvenido... Con TuLocker puedes guardar tus objetos personales de forma segura, para que estes comodo y tranquilo. Por tan solo {{amount}} {{pesos}}. No guardes si encuentras un casillero abierto, asigna uno desde la pantalla del sistema. No olvides cerrar el casillero al retirar tus pertenencias. Muchas gracias por utilizar nuestro servicio.",
            "assignLocker": "Tu casillero es el {{lockerCode}}, Guarda tus pertenencias, Gracias por utilizar nuestro servicio. No olvides cerrar el casillero.",
            "openSessionLocker": "Tu casillero es el {{lockerCode}}, Retira tus pertenencias, Gracias por utilizar nuestro servicio. No olvides cerrar el casillero, Disponible para una nueva asignacion.",
            "openReserveLocker": "Tu casillero es el {{lockerCode}}, Gracias por utilizar nuestro servicio. No olvides cerrar el casillero."
        }
    },
    "reserve": {
        "enabled": true,
        "porcentWeekly": 10,
        "porcentFortnightly": 20,
        "porcentMonthly": 30
    }
}
[2025-10-15 18:43:30] [INFO] [main] [login] Usuario autenticado en sesión principal, redirigiendo a /ppal
[2025-10-15 18:43:30] [INFO] [main] [copyright] Versión cargada: 1.1.0
[2025-10-15 18:43:30] [DEBUG] [main] setup_config.json: {
    "customer": "Tulocker",
    "pointName": "CC Outlet Factory",
    "pointId": "Sótano 1",
    "sendSMS": true,
    "login": {
        "userOpera": "Operador",
        "passOpera": "250701",
        "userAdmin": "Administrador",
        "passAdmin": "070125",
        "avatarPath": "./assets/TuLockerIcono.jpg",
        "logoPath": "./assets/TuLockerHorizontal.png",
        "QRPath": "./assets/CodigoQR.png"
    },
    "paramsHtml": {
        "lenMaxInputPass": 4,
        "lenMinInputPass": 4,
        "currency": {
            "coinBoxRequiredAmount": 1500,
            "currency": "COP",
            "currencyPesos": "pesos",
            "decinmal": 0
        },
        "modalTimeouts": {
            "timeoutKeypad": 300,
            "timeoutInsertMoney": 120,
            "timeoutShowMessage": 15
        }
    },
    "report": {
        "daily": {
            "enabled": true,
            "hour": 0,
            "minute": 5
        },
        "weekly": {
            "enabled": true,
            "dayOfWeek": 1,
            "hour": 0,
            "minute": 10
        },
        "monthly": {
            "enabled": true,
            "dayOfMonth": 1,
            "hour": 0,
            "minute": 15
        },
        "timezoneMode": "local",
        "timeInterval": 60
    },
    "voice": {
        "enabled": true,
        "timeInterval": 20,
        "name": "Sabina",
        "rate": 1.5,
        "pitch": 2,
        "volume": 1,
        "message": {
            "welcome": "Bienvenido... Con TuLocker puedes guardar tus objetos personales de forma segura, para que estes comodo y tranquilo. Por tan solo {{amount}} {{pesos}}. No guardes si encuentras un casillero abierto, asigna uno desde la pantalla del sistema. No olvides cerrar el casillero al retirar tus pertenencias. Muchas gracias por utilizar nuestro servicio.",
            "assignLocker": "Tu casillero es el {{lockerCode}}, Guarda tus pertenencias, Gracias por utilizar nuestro servicio. No olvides cerrar el casillero.",
            "openSessionLocker": "Tu casillero es el {{lockerCode}}, Retira tus pertenencias, Gracias por utilizar nuestro servicio. No olvides cerrar el casillero, Disponible para una nueva asignacion.",
            "openReserveLocker": "Tu casillero es el {{lockerCode}}, Gracias por utilizar nuestro servicio. No olvides cerrar el casillero."
        }
    },
    "reserve": {
        "enabled": true,
        "porcentWeekly": 10,
        "porcentFortnightly": 20,
        "porcentMonthly": 30
    }
}
[2025-10-15 18:43:30] [INFO] [main] [app] Componente App montado
[2025-10-15 18:43:30] [INFO] [main] [app] Versión cargada: 1.1.0
[2025-10-15 18:43:30] [DEBUG] [main] [scheduleReport] Scheduler deshabilitado, esperando que se active...
[2025-10-15 18:43:30] [DEBUG] [main] [scheduleReport] Scheduler deshabilitado, esperando que se active...
[2025-10-15 18:43:30] [DEBUG] [main] [scheduleReport] Scheduler deshabilitado, esperando que se active...
[2025-10-15 18:43:30] [DEBUG] [main] [main-renderer] CSP actual en meta: null
[2025-10-15 18:43:30] [DEBUG] [main] [main-renderer] CSP en localStorage: null
[2025-10-15 18:43:30] [DEBUG] [main] setup_config.json: {
    "customer": "Tulocker",
    "pointName": "CC Outlet Factory",
    "pointId": "Sótano 1",
    "sendSMS": true,
    "login": {
        "userOpera": "Operador",
        "passOpera": "250701",
        "userAdmin": "Administrador",
        "passAdmin": "070125",
        "avatarPath": "./assets/TuLockerIcono.jpg",
        "logoPath": "./assets/TuLockerHorizontal.png",
        "QRPath": "./assets/CodigoQR.png"
    },
    "paramsHtml": {
        "lenMaxInputPass": 4,
        "lenMinInputPass": 4,
        "currency": {
            "coinBoxRequiredAmount": 1500,
            "currency": "COP",
            "currencyPesos": "pesos",
            "decinmal": 0
        },
        "modalTimeouts": {
            "timeoutKeypad": 300,
            "timeoutInsertMoney": 120,
            "timeoutShowMessage": 15
        }
    },
    "report": {
        "daily": {
            "enabled": true,
            "hour": 0,
            "minute": 5
        },
        "weekly": {
            "enabled": true,
            "dayOfWeek": 1,
            "hour": 0,
            "minute": 10
        },
        "monthly": {
            "enabled": true,
            "dayOfMonth": 1,
            "hour": 0,
            "minute": 15
        },
        "timezoneMode": "local",
        "timeInterval": 60
    },
    "voice": {
        "enabled": true,
        "timeInterval": 20,
        "name": "Sabina",
        "rate": 1.5,
        "pitch": 2,
        "volume": 1,
        "message": {
            "welcome": "Bienvenido... Con TuLocker puedes guardar tus objetos personales de forma segura, para que estes comodo y tranquilo. Por tan solo {{amount}} {{pesos}}. No guardes si encuentras un casillero abierto, asigna uno desde la pantalla del sistema. No olvides cerrar el casillero al retirar tus pertenencias. Muchas gracias por utilizar nuestro servicio.",
            "assignLocker": "Tu casillero es el {{lockerCode}}, Guarda tus pertenencias, Gracias por utilizar nuestro servicio. No olvides cerrar el casillero.",
            "openSessionLocker": "Tu casillero es el {{lockerCode}}, Retira tus pertenencias, Gracias por utilizar nuestro servicio. No olvides cerrar el casillero, Disponible para una nueva asignacion.",
            "openReserveLocker": "Tu casillero es el {{lockerCode}}, Gracias por utilizar nuestro servicio. No olvides cerrar el casillero."
        }
    },
    "reserve": {
        "enabled": true,
        "porcentWeekly": 10,
        "porcentFortnightly": 20,
        "porcentMonthly": 30
    }
}
[2025-10-15 18:43:30] [DEBUG] [main] setup_config.json: {
    "customer": "Tulocker",
    "pointName": "CC Outlet Factory",
    "pointId": "Sótano 1",
    "sendSMS": true,
    "login": {
        "userOpera": "Operador",
        "passOpera": "250701",
        "userAdmin": "Administrador",
        "passAdmin": "070125",
        "avatarPath": "./assets/TuLockerIcono.jpg",
        "logoPath": "./assets/TuLockerHorizontal.png",
        "QRPath": "./assets/CodigoQR.png"
    },
    "paramsHtml": {
        "lenMaxInputPass": 4,
        "lenMinInputPass": 4,
        "currency": {
            "coinBoxRequiredAmount": 1500,
            "currency": "COP",
            "currencyPesos": "pesos",
            "decinmal": 0
        },
        "modalTimeouts": {
            "timeoutKeypad": 300,
            "timeoutInsertMoney": 120,
            "timeoutShowMessage": 15
        }
    },
    "report": {
        "daily": {
            "enabled": true,
            "hour": 0,
            "minute": 5
        },
        "weekly": {
            "enabled": true,
            "dayOfWeek": 1,
            "hour": 0,
            "minute": 10
        },
        "monthly": {
            "enabled": true,
            "dayOfMonth": 1,
            "hour": 0,
            "minute": 15
        },
        "timezoneMode": "local",
        "timeInterval": 60
    },
    "voice": {
        "enabled": true,
        "timeInterval": 20,
        "name": "Sabina",
        "rate": 1.5,
        "pitch": 2,
        "volume": 1,
        "message": {
            "welcome": "Bienvenido... Con TuLocker puedes guardar tus objetos personales de forma segura, para que estes comodo y tranquilo. Por tan solo {{amount}} {{pesos}}. No guardes si encuentras un casillero abierto, asigna uno desde la pantalla del sistema. No olvides cerrar el casillero al retirar tus pertenencias. Muchas gracias por utilizar nuestro servicio.",
            "assignLocker": "Tu casillero es el {{lockerCode}}, Guarda tus pertenencias, Gracias por utilizar nuestro servicio. No olvides cerrar el casillero.",
            "openSessionLocker": "Tu casillero es el {{lockerCode}}, Retira tus pertenencias, Gracias por utilizar nuestro servicio. No olvides cerrar el casillero, Disponible para una nueva asignacion.",
            "openReserveLocker": "Tu casillero es el {{lockerCode}}, Gracias por utilizar nuestro servicio. No olvides cerrar el casillero."
        }
    },
    "reserve": {
        "enabled": true,
        "porcentWeekly": 10,
        "porcentFortnightly": 20,
        "porcentMonthly": 30
    }
}
[2025-10-15 18:43:30] [INFO] [main] [copyright] Versión cargada: 1.1.0
[2025-10-15 18:43:30] [DEBUG] [main] setup_config.json: {
    "customer": "Tulocker",
    "pointName": "CC Outlet Factory",
    "pointId": "Sótano 1",
    "sendSMS": true,
    "login": {
        "userOpera": "Operador",
        "passOpera": "250701",
        "userAdmin": "Administrador",
        "passAdmin": "070125",
        "avatarPath": "./assets/TuLockerIcono.jpg",
        "logoPath": "./assets/TuLockerHorizontal.png",
        "QRPath": "./assets/CodigoQR.png"
    },
    "paramsHtml": {
        "lenMaxInputPass": 4,
        "lenMinInputPass": 4,
        "currency": {
            "coinBoxRequiredAmount": 1500,
            "currency": "COP",
            "currencyPesos": "pesos",
            "decinmal": 0
        },
        "modalTimeouts": {
            "timeoutKeypad": 300,
            "timeoutInsertMoney": 120,
            "timeoutShowMessage": 15
        }
    },
    "report": {
        "daily": {
            "enabled": true,
            "hour": 0,
            "minute": 5
        },
        "weekly": {
            "enabled": true,
            "dayOfWeek": 1,
            "hour": 0,
            "minute": 10
        },
        "monthly": {
            "enabled": true,
            "dayOfMonth": 1,
            "hour": 0,
            "minute": 15
        },
        "timezoneMode": "local",
        "timeInterval": 60
    },
    "voice": {
        "enabled": true,
        "timeInterval": 20,
        "name": "Sabina",
        "rate": 1.5,
        "pitch": 2,
        "volume": 1,
        "message": {
            "welcome": "Bienvenido... Con TuLocker puedes guardar tus objetos personales de forma segura, para que estes comodo y tranquilo. Por tan solo {{amount}} {{pesos}}. No guardes si encuentras un casillero abierto, asigna uno desde la pantalla del sistema. No olvides cerrar el casillero al retirar tus pertenencias. Muchas gracias por utilizar nuestro servicio.",
            "assignLocker": "Tu casillero es el {{lockerCode}}, Guarda tus pertenencias, Gracias por utilizar nuestro servicio. No olvides cerrar el casillero.",
            "openSessionLocker": "Tu casillero es el {{lockerCode}}, Retira tus pertenencias, Gracias por utilizar nuestro servicio. No olvides cerrar el casillero, Disponible para una nueva asignacion.",
            "openReserveLocker": "Tu casillero es el {{lockerCode}}, Gracias por utilizar nuestro servicio. No olvides cerrar el casillero."
        }
    },
    "reserve": {
        "enabled": true,
        "porcentWeekly": 10,
        "porcentFortnightly": 20,
        "porcentMonthly": 30
    }
}
[2025-10-15 18:43:30] [INFO] [main] [app] Componente App montado
[2025-10-15 18:43:30] [INFO] [main] [app] Versión cargada: 1.1.0
[2025-10-15 18:43:30] [DEBUG] [main] [scheduleReport] Scheduler deshabilitado, esperando que se active...
[2025-10-15 18:43:30] [DEBUG] [main] [scheduleReport] Scheduler deshabilitado, esperando que se active...
[2025-10-15 18:43:30] [DEBUG] [main] [scheduleReport] Scheduler deshabilitado, esperando que se active...
[2025-10-15 18:43:30] [DEBUG] [main] [main-renderer] CSP actual en meta: null
[2025-10-15 18:43:30] [DEBUG] [main] [main-renderer] CSP en localStorage: null
[2025-10-15 18:43:30] [DEBUG] [main] [app] Scheduler diario habilitado: false | usuario config: undefined | usuario actual: operador
[2025-10-15 18:43:30] [DEBUG] [main] [app] Scheduler semanal habilitado: false | usuario config: undefined | usuario actual: operador
[2025-10-15 18:43:30] [DEBUG] [main] [app] Scheduler mensual habilitado: false | usuario config: undefined | usuario actual: operador
[2025-10-15 18:43:30] [DEBUG] [main] [app] Scheduler diario habilitado: false | usuario config: undefined | usuario actual: operador
[2025-10-15 18:43:30] [DEBUG] [main] [app] Scheduler semanal habilitado: false | usuario config: undefined | usuario actual: operador
[2025-10-15 18:43:30] [DEBUG] [main] [app] Scheduler mensual habilitado: false | usuario config: undefined | usuario actual: operador
[2025-10-15 18:43:30] [DEBUG] [main] [scheduleReport] Scheduler deshabilitado, esperando que se active...
[2025-10-15 18:43:30] [DEBUG] [main] [scheduleReport] Scheduler deshabilitado, esperando que se active...
[2025-10-15 18:43:30] [DEBUG] [main] [scheduleReport] Scheduler deshabilitado, esperando que se active...
[2025-10-15 18:43:30] [INFO] [main] [useConfig] Configuración inicial obtenida
[2025-10-15 18:43:30] [INFO] [main] [useConfig] Configuración inicial obtenida
[2025-10-15 18:43:30] [INFO] [main] [useConfig] Configuración inicial obtenida
[2025-10-15 18:43:30] [INFO] [main] [useConfig] Configuración inicial obtenida
[2025-10-15 18:43:30] [INFO] [main] [useConfig] Configuración inicial obtenida
[2025-10-15 18:43:30] [INFO] [main] [useConfig] Configuración inicial obtenida
[2025-10-15 18:43:30] [DEBUG] [main] [app] Scheduler diario habilitado: false | usuario config: Operador | usuario actual: operador
[2025-10-15 18:43:30] [DEBUG] [main] [app] Scheduler semanal habilitado: false | usuario config: Operador | usuario actual: operador
[2025-10-15 18:43:30] [DEBUG] [main] [app] Scheduler mensual habilitado: false | usuario config: Operador | usuario actual: operador
[2025-10-15 18:43:30] [DEBUG] [main] [app] Scheduler diario habilitado: false | usuario config: Operador | usuario actual: operador
[2025-10-15 18:43:30] [DEBUG] [main] [app] Scheduler semanal habilitado: false | usuario config: Operador | usuario actual: operador
[2025-10-15 18:43:30] [DEBUG] [main] [app] Scheduler mensual habilitado: false | usuario config: Operador | usuario actual: operador
[2025-10-15 18:43:30] [DEBUG] [main] [app] Voz configurada: default, rate: 1.5, volume: 1, pitch: 2
[2025-10-15 18:43:30] [DEBUG] [main] [scheduleReport] Scheduler deshabilitado, esperando que se active...
[2025-10-15 18:43:30] [DEBUG] [main] [scheduleReport] Scheduler deshabilitado, esperando que se active...
[2025-10-15 18:43:30] [DEBUG] [main] [scheduleReport] Scheduler deshabilitado, esperando que se active...
[2025-10-15 18:43:30] [DEBUG] [main] [ppal] size {"width":1920,"height":1032,"orientation":"landscape","factor":0.96}
[2025-10-15 18:43:30] [DEBUG] [main] [ppal] size {"width":1920,"height":1032,"orientation":"landscape","factor":0.96}
[2025-10-15 18:43:30] [DEBUG] [main] setup_config.json: {
    "customer": "Tulocker",
    "pointName": "CC Outlet Factory",
    "pointId": "Sótano 1",
    "sendSMS": true,
    "login": {
        "userOpera": "Operador",
        "passOpera": "250701",
        "userAdmin": "Administrador",
        "passAdmin": "070125",
        "avatarPath": "./assets/TuLockerIcono.jpg",
        "logoPath": "./assets/TuLockerHorizontal.png",
        "QRPath": "./assets/CodigoQR.png"
    },
    "paramsHtml": {
        "lenMaxInputPass": 4,
        "lenMinInputPass": 4,
        "currency": {
            "coinBoxRequiredAmount": 1500,
            "currency": "COP",
            "currencyPesos": "pesos",
            "decinmal": 0
        },
        "modalTimeouts": {
            "timeoutKeypad": 300,
            "timeoutInsertMoney": 120,
            "timeoutShowMessage": 15
        }
    },
    "report": {
        "daily": {
            "enabled": true,
            "hour": 0,
            "minute": 5
        },
        "weekly": {
            "enabled": true,
            "dayOfWeek": 1,
            "hour": 0,
            "minute": 10
        },
        "monthly": {
            "enabled": true,
            "dayOfMonth": 1,
            "hour": 0,
            "minute": 15
        },
        "timezoneMode": "local",
        "timeInterval": 60
    },
    "voice": {
        "enabled": true,
        "timeInterval": 20,
        "name": "Sabina",
        "rate": 1.5,
        "pitch": 2,
        "volume": 1,
        "message": {
            "welcome": "Bienvenido... Con TuLocker puedes guardar tus objetos personales de forma segura, para que estes comodo y tranquilo. Por tan solo {{amount}} {{pesos}}. No guardes si encuentras un casillero abierto, asigna uno desde la pantalla del sistema. No olvides cerrar el casillero al retirar tus pertenencias. Muchas gracias por utilizar nuestro servicio.",
            "assignLocker": "Tu casillero es el {{lockerCode}}, Guarda tus pertenencias, Gracias por utilizar nuestro servicio. No olvides cerrar el casillero.",
            "openSessionLocker": "Tu casillero es el {{lockerCode}}, Retira tus pertenencias, Gracias por utilizar nuestro servicio. No olvides cerrar el casillero, Disponible para una nueva asignacion.",
            "openReserveLocker": "Tu casillero es el {{lockerCode}}, Gracias por utilizar nuestro servicio. No olvides cerrar el casillero."
        }
    },
    "reserve": {
        "enabled": true,
        "porcentWeekly": 10,
        "porcentFortnightly": 20,
        "porcentMonthly": 30
    }
}
[2025-10-15 18:43:30] [DEBUG] [main] setup_config.json: {
    "customer": "Tulocker",
    "pointName": "CC Outlet Factory",
    "pointId": "Sótano 1",
    "sendSMS": true,
    "login": {
        "userOpera": "Operador",
        "passOpera": "250701",
        "userAdmin": "Administrador",
        "passAdmin": "070125",
        "avatarPath": "./assets/TuLockerIcono.jpg",
        "logoPath": "./assets/TuLockerHorizontal.png",
        "QRPath": "./assets/CodigoQR.png"
    },
    "paramsHtml": {
        "lenMaxInputPass": 4,
        "lenMinInputPass": 4,
        "currency": {
            "coinBoxRequiredAmount": 1500,
            "currency": "COP",
            "currencyPesos": "pesos",
            "decinmal": 0
        },
        "modalTimeouts": {
            "timeoutKeypad": 300,
            "timeoutInsertMoney": 120,
            "timeoutShowMessage": 15
        }
    },
    "report": {
        "daily": {
            "enabled": true,
            "hour": 0,
            "minute": 5
        },
        "weekly": {
            "enabled": true,
            "dayOfWeek": 1,
            "hour": 0,
            "minute": 10
        },
        "monthly": {
            "enabled": true,
            "dayOfMonth": 1,
            "hour": 0,
            "minute": 15
        },
        "timezoneMode": "local",
        "timeInterval": 60
    },
    "voice": {
        "enabled": true,
        "timeInterval": 20,
        "name": "Sabina",
        "rate": 1.5,
        "pitch": 2,
        "volume": 1,
        "message": {
            "welcome": "Bienvenido... Con TuLocker puedes guardar tus objetos personales de forma segura, para que estes comodo y tranquilo. Por tan solo {{amount}} {{pesos}}. No guardes si encuentras un casillero abierto, asigna uno desde la pantalla del sistema. No olvides cerrar el casillero al retirar tus pertenencias. Muchas gracias por utilizar nuestro servicio.",
            "assignLocker": "Tu casillero es el {{lockerCode}}, Guarda tus pertenencias, Gracias por utilizar nuestro servicio. No olvides cerrar el casillero.",
            "openSessionLocker": "Tu casillero es el {{lockerCode}}, Retira tus pertenencias, Gracias por utilizar nuestro servicio. No olvides cerrar el casillero, Disponible para una nueva asignacion.",
            "openReserveLocker": "Tu casillero es el {{lockerCode}}, Gracias por utilizar nuestro servicio. No olvides cerrar el casillero."
        }
    },
    "reserve": {
        "enabled": true,
        "porcentWeekly": 10,
        "porcentFortnightly": 20,
        "porcentMonthly": 30
    }
}
[2025-10-15 18:43:30] [INFO] [main] [statusLockers] Iniciando petición para obtener casilleros disponibles
[2025-10-15 18:43:30] [INFO] [main] [statusLockers] Timeout efectivo en ejecución: 30000
[2025-10-15 18:43:30] [INFO] [main] [statusLockers] Intento 1: HOST -> http://localhost:8080
[2025-10-15 18:43:30] [INFO] [main] [statusLockers] Intento 1: URL -> /api/lockers/get-all-status
[2025-10-15 18:43:30] [DEBUG] [main] setup_config.json: {
    "customer": "Tulocker",
    "pointName": "CC Outlet Factory",
    "pointId": "Sótano 1",
    "sendSMS": true,
    "login": {
        "userOpera": "Operador",
        "passOpera": "250701",
        "userAdmin": "Administrador",
        "passAdmin": "070125",
        "avatarPath": "./assets/TuLockerIcono.jpg",
        "logoPath": "./assets/TuLockerHorizontal.png",
        "QRPath": "./assets/CodigoQR.png"
    },
    "paramsHtml": {
        "lenMaxInputPass": 4,
        "lenMinInputPass": 4,
        "currency": {
            "coinBoxRequiredAmount": 1500,
            "currency": "COP",
            "currencyPesos": "pesos",
            "decinmal": 0
        },
        "modalTimeouts": {
            "timeoutKeypad": 300,
            "timeoutInsertMoney": 120,
            "timeoutShowMessage": 15
        }
    },
    "report": {
        "daily": {
            "enabled": true,
            "hour": 0,
            "minute": 5
        },
        "weekly": {
            "enabled": true,
            "dayOfWeek": 1,
            "hour": 0,
            "minute": 10
        },
        "monthly": {
            "enabled": true,
            "dayOfMonth": 1,
            "hour": 0,
            "minute": 15
        },
        "timezoneMode": "local",
        "timeInterval": 60
    },
    "voice": {
        "enabled": true,
        "timeInterval": 20,
        "name": "Sabina",
        "rate": 1.5,
        "pitch": 2,
        "volume": 1,
        "message": {
            "welcome": "Bienvenido... Con TuLocker puedes guardar tus objetos personales de forma segura, para que estes comodo y tranquilo. Por tan solo {{amount}} {{pesos}}. No guardes si encuentras un casillero abierto, asigna uno desde la pantalla del sistema. No olvides cerrar el casillero al retirar tus pertenencias. Muchas gracias por utilizar nuestro servicio.",
            "assignLocker": "Tu casillero es el {{lockerCode}}, Guarda tus pertenencias, Gracias por utilizar nuestro servicio. No olvides cerrar el casillero.",
            "openSessionLocker": "Tu casillero es el {{lockerCode}}, Retira tus pertenencias, Gracias por utilizar nuestro servicio. No olvides cerrar el casillero, Disponible para una nueva asignacion.",
            "openReserveLocker": "Tu casillero es el {{lockerCode}}, Gracias por utilizar nuestro servicio. No olvides cerrar el casillero."
        }
    },
    "reserve": {
        "enabled": true,
        "porcentWeekly": 10,
        "porcentFortnightly": 20,
        "porcentMonthly": 30
    }
}
[2025-10-15 18:43:30] [DEBUG] [main] setup_config.json: {
    "customer": "Tulocker",
    "pointName": "CC Outlet Factory",
    "pointId": "Sótano 1",
    "sendSMS": true,
    "login": {
        "userOpera": "Operador",
        "passOpera": "250701",
        "userAdmin": "Administrador",
        "passAdmin": "070125",
        "avatarPath": "./assets/TuLockerIcono.jpg",
        "logoPath": "./assets/TuLockerHorizontal.png",
        "QRPath": "./assets/CodigoQR.png"
    },
    "paramsHtml": {
        "lenMaxInputPass": 4,
        "lenMinInputPass": 4,
        "currency": {
            "coinBoxRequiredAmount": 1500,
            "currency": "COP",
            "currencyPesos": "pesos",
            "decinmal": 0
        },
        "modalTimeouts": {
            "timeoutKeypad": 300,
            "timeoutInsertMoney": 120,
            "timeoutShowMessage": 15
        }
    },
    "report": {
        "daily": {
            "enabled": true,
            "hour": 0,
            "minute": 5
        },
        "weekly": {
            "enabled": true,
            "dayOfWeek": 1,
            "hour": 0,
            "minute": 10
        },
        "monthly": {
            "enabled": true,
            "dayOfMonth": 1,
            "hour": 0,
            "minute": 15
        },
        "timezoneMode": "local",
        "timeInterval": 60
    },
    "voice": {
        "enabled": true,
        "timeInterval": 20,
        "name": "Sabina",
        "rate": 1.5,
        "pitch": 2,
        "volume": 1,
        "message": {
            "welcome": "Bienvenido... Con TuLocker puedes guardar tus objetos personales de forma segura, para que estes comodo y tranquilo. Por tan solo {{amount}} {{pesos}}. No guardes si encuentras un casillero abierto, asigna uno desde la pantalla del sistema. No olvides cerrar el casillero al retirar tus pertenencias. Muchas gracias por utilizar nuestro servicio.",
            "assignLocker": "Tu casillero es el {{lockerCode}}, Guarda tus pertenencias, Gracias por utilizar nuestro servicio. No olvides cerrar el casillero.",
            "openSessionLocker": "Tu casillero es el {{lockerCode}}, Retira tus pertenencias, Gracias por utilizar nuestro servicio. No olvides cerrar el casillero, Disponible para una nueva asignacion.",
            "openReserveLocker": "Tu casillero es el {{lockerCode}}, Gracias por utilizar nuestro servicio. No olvides cerrar el casillero."
        }
    },
    "reserve": {
        "enabled": true,
        "porcentWeekly": 10,
        "porcentFortnightly": 20,
        "porcentMonthly": 30
    }
}
[2025-10-15 18:43:30] [INFO] [main] [statusLockers] Iniciando petición para obtener casilleros disponibles
[2025-10-15 18:43:30] [INFO] [main] [statusLockers] Timeout efectivo en ejecución: 30000
[2025-10-15 18:43:30] [INFO] [main] [statusLockers] Intento 1: HOST -> http://localhost:8080
[2025-10-15 18:43:30] [INFO] [main] [statusLockers] Intento 1: URL -> /api/lockers/get-all-status
[2025-10-15 18:43:30] [DEBUG] [main] [axiosConfig] Token agregado al header
[2025-10-15 18:43:30] [DEBUG] [main] [axiosConfig] Token agregado al header
[2025-10-15 18:43:30] [INFO] [main] [useConfig] Configuración inicial obtenida
[2025-10-15 18:43:30] [INFO] [main] [useConfig] Configuración inicial obtenida
[2025-10-15 18:43:30] [INFO] [main] [useConfig] Configuración inicial obtenida
[2025-10-15 18:43:30] [INFO] [main] [useConfig] Configuración inicial obtenida
[2025-10-15 18:43:30] [DEBUG] [main] [ppal] size {"width":1920,"height":1032,"orientation":"landscape","factor":0.96}
[2025-10-15 18:43:30] [DEBUG] [main] [ppal] size {"width":1920,"height":1032,"orientation":"landscape","factor":0.96}
[2025-10-15 18:43:30] [DEBUG] [main] [ppal] ppal useEffect -> userInit: {"authenticatedOpera":true,"authenticatedAdmin":false,"customer":"Tulocker","user":"operador","remember":true,"fullScreen":true,"pointName":"CC Outlet Factory","pointId":"Sótano 1","avatar":"./assets/TuLockerIcono.jpg","closeSession":false,"closeWindow":false}
[2025-10-15 18:43:30] [DEBUG] [main] [ppal] size {"width":1920,"height":1032,"orientation":"landscape","factor":0.96}
[2025-10-15 18:43:30] [DEBUG] [main] [ppal] size {"width":1920,"height":1032,"orientation":"landscape","factor":0.96}
[2025-10-15 18:43:31] [INFO] [main] [statusLockers] Response. Status: 200
[2025-10-15 18:43:31] [INFO] [main] [statusLockers] Response. Data: {"general":[{"status":"ocupado","total":12},{"status":"libre","total":1},{"status":"reservado","total":12},{"status":"deshabilitado","total":6}],"modules":[{"module":"A","lockers":[{"lockerCode":"A1","status":"reservado"},{"lockerCode":"A2","status":"Libre"},{"lockerCode":"A3","status":"Libre"},{"lockerCode":"A4","status":"ocupado"},{"lockerCode":"A5","status":"reservado"},{"lockerCode":"A6","status":"ocupado"},{"lockerCode":"A7","status":"deshabilitado"},{"lockerCode":"A8","status":"Libre"},{"lockerCode":"A9","status":"Libre"},{"lockerCode":"A10","status":"Libre"},{"lockerCode":"A11","status":"reservado"},{"lockerCode":"A12","status":"Libre"},{"lockerCode":"A13","status":"Libre"},{"lockerCode":"A14","status":"ocupado"},{"lockerCode":"A15","status":"reservado"},{"lockerCode":"A16","status":"ocupado"},{"lockerCode":"A17","status":"deshabilitado"},{"lockerCode":"A18","status":"Libre"},{"lockerCode":"A19","status":"Libre"},{"lockerCode":"A20","status":"Libre"},{"lockerCode":"A21","status":"reservado"},{"lockerCode":"A22","status":"Libre"},{"lockerCode":"A23","status":"Libre"},{"lockerCode":"A24","status":"ocupado"},{"lockerCode":"A25","status":"reservado"},{"lockerCode":"A26","status":"ocupado"},{"lockerCode":"A27","status":"deshabilitado"},{"lockerCode":"A28","status":"Libre"},{"lockerCode":"A29","status":"Libre"},{"lockerCode":"A30","status":"Libre"},{"lockerCode":"A31","status":"reservado"},{"lockerCode":"A32","status":"Libre"},{"lockerCode":"A33","status":"Libre"},{"lockerCode":"A34","status":"ocupado"},{"lockerCode":"A35","status":"reservado"},{"lockerCode":"A36","status":"ocupado"},{"lockerCode":"A37","status":"deshabilitado"},{"lockerCode":"A38","status":"Libre"},{"lockerCode":"A39","status":"Libre"},{"lockerCode":"A40","status":"Libre"},{"lockerCode":"A41","status":"reservado"},{"lockerCode":"A42","status":"Libre"},{"lockerCode":"A43","status":"Libre"},{"lockerCode":"A44","status":"ocupado"},{"lockerCode":"A45","status":"reservado"},{"lockerCode":"A46","status":"ocupado"},{"lockerCode":"A47","status":"deshabilitado"},{"lockerCode":"A48","status":"Libre"},{"lockerCode":"A49","status":"Libre"},{"lockerCode":"A50","status":"Libre"},{"lockerCode":"A51","status":"reservado"},{"lockerCode":"A52","status":"Libre"},{"lockerCode":"A53","status":"Libre"},{"lockerCode":"A54","status":"ocupado"},{"lockerCode":"A55","status":"reservado"},{"lockerCode":"A56","status":"ocupado"},{"lockerCode":"A57","status":"deshabilitado"},{"lockerCode":"A58","status":"Libre"},{"lockerCode":"A59","status":"Libre"},{"lockerCode":"A60","status":"Libre"},{"lockerCode":"A61","status":"reservado"},{"lockerCode":"A62","status":"Libre"},{"lockerCode":"A63","status":"Libre"},{"lockerCode":"A64","status":"ocupado"},{"lockerCode":"A65","status":"reservado"},{"lockerCode":"A66","status":"ocupado"},{"lockerCode":"A67","status":"deshabilitado"},{"lockerCode":"A68","status":"Libre"},{"lockerCode":"A69","status":"Libre"},{"lockerCode":"A70","status":"Libre"},{"lockerCode":"A71","status":"reservado"},{"lockerCode":"A72","status":"Libre"},{"lockerCode":"A73","status":"Libre"},{"lockerCode":"A74","status":"ocupado"},{"lockerCode":"A75","status":"reservado"},{"lockerCode":"A76","status":"ocupado"},{"lockerCode":"A77","status":"deshabilitado"},{"lockerCode":"A78","status":"Libre"},{"lockerCode":"A79","status":"Libre"},{"lockerCode":"A80","status":"Libre"}]},{"module":"B","lockers":[{"lockerCode":"B1","status":"reservado"},{"lockerCode":"B2","status":"Libre"},{"lockerCode":"B3","status":"Libre"},{"lockerCode":"B4","status":"ocupado"},{"lockerCode":"B5","status":"reservado"}]},{"module":"C","lockers":[{"lockerCode":"C1","status":"reservado"},{"lockerCode":"C2","status":"Libre"},{"lockerCode":"C3","status":"Libre"},{"lockerCode":"C4","status":"ocupado"},{"lockerCode":"C5","status":"reservado"},{"lockerCode":"C6","status":"ocupado"},{"lockerCode":"C7","status":"deshabilitado"},{"lockerCode":"C8","status":"Libre"},{"lockerCode":"C9","status":"Libre"},{"lockerCode":"C10","status":"Libre"},{"lockerCode":"C11","status":"reservado"},{"lockerCode":"C12","status":"ocupado"},{"lockerCode":"C13","status":"deshabilitado"},{"lockerCode":"C14","status":"Libre"},{"lockerCode":"C15","status":"Libre"},{"lockerCode":"C16","status":"Libre"}]},{"module":"D","lockers":[{"lockerCode":"D1","status":"reservado"}]},{"module":"E","lockers":[{"lockerCode":"E1","status":"reservado"},{"lockerCode":"E2","status":"Libre"},{"lockerCode":"E3","status":"Libre"},{"lockerCode":"E4","status":"ocupado"},{"lockerCode":"E5","status":"reservado"},{"lockerCode":"E6","status":"ocupado"},{"lockerCode":"E7","status":"deshabilitado"},{"lockerCode":"E8","status":"Libre"},{"lockerCode":"E9","status":"Libre"},{"lockerCode":"E10","status":"Libre"}]},{"module":"F","lockers":[{"lockerCode":"F1","status":"reservado"},{"lockerCode":"F2","status":"Libre"},{"lockerCode":"F3","status":"Libre"},{"lockerCode":"F4","status":"ocupado"},{"lockerCode":"F5","status":"reservado"},{"lockerCode":"F6","status":"ocupado"},{"lockerCode":"F7","status":"deshabilitado"},{"lockerCode":"F8","status":"Libre"},{"lockerCode":"F9","status":"Libre"},{"lockerCode":"F10","status":"Libre"}]}]}
[2025-10-15 18:43:31] [DEBUG] [main] [ppal] size {"width":1920,"height":1032,"orientation":"landscape","factor":0.96}
[2025-10-15 18:43:31] [DEBUG] [main] [ppal] size {"width":1920,"height":1032,"orientation":"landscape","factor":0.96}
[2025-10-15 18:43:31] [DEBUG] [main] [ppal] size {"width":1920,"height":1032,"orientation":"landscape","factor":0.96}
[2025-10-15 18:43:31] [DEBUG] [main] [ppal] size {"width":1920,"height":1032,"orientation":"landscape","factor":0.96}
[2025-10-15 18:43:31] [INFO] [main] [statusLockers] Response. Status: 200
[2025-10-15 18:43:31] [INFO] [main] [statusLockers] Response. Data: {"general":[{"status":"ocupado","total":12},{"status":"libre","total":1},{"status":"reservado","total":12},{"status":"deshabilitado","total":6}],"modules":[{"module":"A","lockers":[{"lockerCode":"A1","status":"reservado"},{"lockerCode":"A2","status":"Libre"},{"lockerCode":"A3","status":"Libre"},{"lockerCode":"A4","status":"ocupado"},{"lockerCode":"A5","status":"reservado"},{"lockerCode":"A6","status":"ocupado"},{"lockerCode":"A7","status":"deshabilitado"},{"lockerCode":"A8","status":"Libre"},{"lockerCode":"A9","status":"Libre"},{"lockerCode":"A10","status":"Libre"},{"lockerCode":"A11","status":"reservado"},{"lockerCode":"A12","status":"Libre"},{"lockerCode":"A13","status":"Libre"},{"lockerCode":"A14","status":"ocupado"},{"lockerCode":"A15","status":"reservado"},{"lockerCode":"A16","status":"ocupado"},{"lockerCode":"A17","status":"deshabilitado"},{"lockerCode":"A18","status":"Libre"},{"lockerCode":"A19","status":"Libre"},{"lockerCode":"A20","status":"Libre"},{"lockerCode":"A21","status":"reservado"},{"lockerCode":"A22","status":"Libre"},{"lockerCode":"A23","status":"Libre"},{"lockerCode":"A24","status":"ocupado"},{"lockerCode":"A25","status":"reservado"},{"lockerCode":"A26","status":"ocupado"},{"lockerCode":"A27","status":"deshabilitado"},{"lockerCode":"A28","status":"Libre"},{"lockerCode":"A29","status":"Libre"},{"lockerCode":"A30","status":"Libre"},{"lockerCode":"A31","status":"reservado"},{"lockerCode":"A32","status":"Libre"},{"lockerCode":"A33","status":"Libre"},{"lockerCode":"A34","status":"ocupado"},{"lockerCode":"A35","status":"reservado"},{"lockerCode":"A36","status":"ocupado"},{"lockerCode":"A37","status":"deshabilitado"},{"lockerCode":"A38","status":"Libre"},{"lockerCode":"A39","status":"Libre"},{"lockerCode":"A40","status":"Libre"},{"lockerCode":"A41","status":"reservado"},{"lockerCode":"A42","status":"Libre"},{"lockerCode":"A43","status":"Libre"},{"lockerCode":"A44","status":"ocupado"},{"lockerCode":"A45","status":"reservado"},{"lockerCode":"A46","status":"ocupado"},{"lockerCode":"A47","status":"deshabilitado"},{"lockerCode":"A48","status":"Libre"},{"lockerCode":"A49","status":"Libre"},{"lockerCode":"A50","status":"Libre"},{"lockerCode":"A51","status":"reservado"},{"lockerCode":"A52","status":"Libre"},{"lockerCode":"A53","status":"Libre"},{"lockerCode":"A54","status":"ocupado"},{"lockerCode":"A55","status":"reservado"},{"lockerCode":"A56","status":"ocupado"},{"lockerCode":"A57","status":"deshabilitado"},{"lockerCode":"A58","status":"Libre"},{"lockerCode":"A59","status":"Libre"},{"lockerCode":"A60","status":"Libre"},{"lockerCode":"A61","status":"reservado"},{"lockerCode":"A62","status":"Libre"},{"lockerCode":"A63","status":"Libre"},{"lockerCode":"A64","status":"ocupado"},{"lockerCode":"A65","status":"reservado"},{"lockerCode":"A66","status":"ocupado"},{"lockerCode":"A67","status":"deshabilitado"},{"lockerCode":"A68","status":"Libre"},{"lockerCode":"A69","status":"Libre"},{"lockerCode":"A70","status":"Libre"},{"lockerCode":"A71","status":"reservado"},{"lockerCode":"A72","status":"Libre"},{"lockerCode":"A73","status":"Libre"},{"lockerCode":"A74","status":"ocupado"},{"lockerCode":"A75","status":"reservado"},{"lockerCode":"A76","status":"ocupado"},{"lockerCode":"A77","status":"deshabilitado"},{"lockerCode":"A78","status":"Libre"},{"lockerCode":"A79","status":"Libre"},{"lockerCode":"A80","status":"Libre"}]},{"module":"B","lockers":[{"lockerCode":"B1","status":"reservado"},{"lockerCode":"B2","status":"Libre"},{"lockerCode":"B3","status":"Libre"},{"lockerCode":"B4","status":"ocupado"},{"lockerCode":"B5","status":"reservado"}]},{"module":"C","lockers":[{"lockerCode":"C1","status":"reservado"},{"lockerCode":"C2","status":"Libre"},{"lockerCode":"C3","status":"Libre"},{"lockerCode":"C4","status":"ocupado"},{"lockerCode":"C5","status":"reservado"},{"lockerCode":"C6","status":"ocupado"},{"lockerCode":"C7","status":"deshabilitado"},{"lockerCode":"C8","status":"Libre"},{"lockerCode":"C9","status":"Libre"},{"lockerCode":"C10","status":"Libre"},{"lockerCode":"C11","status":"reservado"},{"lockerCode":"C12","status":"ocupado"},{"lockerCode":"C13","status":"deshabilitado"},{"lockerCode":"C14","status":"Libre"},{"lockerCode":"C15","status":"Libre"},{"lockerCode":"C16","status":"Libre"}]},{"module":"D","lockers":[{"lockerCode":"D1","status":"reservado"}]},{"module":"E","lockers":[{"lockerCode":"E1","status":"reservado"},{"lockerCode":"E2","status":"Libre"},{"lockerCode":"E3","status":"Libre"},{"lockerCode":"E4","status":"ocupado"},{"lockerCode":"E5","status":"reservado"},{"lockerCode":"E6","status":"ocupado"},{"lockerCode":"E7","status":"deshabilitado"},{"lockerCode":"E8","status":"Libre"},{"lockerCode":"E9","status":"Libre"},{"lockerCode":"E10","status":"Libre"}]},{"module":"F","lockers":[{"lockerCode":"F1","status":"reservado"},{"lockerCode":"F2","status":"Libre"},{"lockerCode":"F3","status":"Libre"},{"lockerCode":"F4","status":"ocupado"},{"lockerCode":"F5","status":"reservado"},{"lockerCode":"F6","status":"ocupado"},{"lockerCode":"F7","status":"deshabilitado"},{"lockerCode":"F8","status":"Libre"},{"lockerCode":"F9","status":"Libre"},{"lockerCode":"F10","status":"Libre"}]}]}
[2025-10-15 18:43:32] [DEBUG] [main] [main-renderer] RootApp size {"width":1979,"height":1112,"orientation":"landscape","factor":1.03}
[2025-10-15 18:43:32] [DEBUG] [main] [theme] factor theme:  1.03
[2025-10-15 18:43:32] [DEBUG] [main] [theme] factor theme:  1.03
[2025-10-15 18:43:32] [DEBUG] [main] [main-renderer] RootApp size {"width":1979,"height":1112,"orientation":"landscape","factor":1.03}
[2025-10-15 18:43:32] [DEBUG] [main] [app] Scheduler diario habilitado: false | usuario config: undefined | usuario actual: operador
[2025-10-15 18:43:32] [DEBUG] [main] [app] Scheduler semanal habilitado: false | usuario config: undefined | usuario actual: operador
[2025-10-15 18:43:32] [DEBUG] [main] [app] Scheduler mensual habilitado: false | usuario config: undefined | usuario actual: operador
[2025-10-15 18:43:32] [DEBUG] [main] [app] Scheduler diario habilitado: false | usuario config: undefined | usuario actual: operador
[2025-10-15 18:43:32] [DEBUG] [main] [app] Scheduler semanal habilitado: false | usuario config: undefined | usuario actual: operador
[2025-10-15 18:43:32] [DEBUG] [main] [app] Scheduler mensual habilitado: false | usuario config: undefined | usuario actual: operador
[2025-10-15 18:43:32] [DEBUG] [main] [ppal] size {"width":1979,"height":1112,"orientation":"landscape","factor":1.03}
[2025-10-15 18:43:32] [DEBUG] [main] [ppal] size {"width":1979,"height":1112,"orientation":"landscape","factor":1.03}
[2025-10-15 18:43:32] [DEBUG] [main] setup_config.json: {
    "customer": "Tulocker",
    "pointName": "CC Outlet Factory",
    "pointId": "Sótano 1",
    "sendSMS": true,
    "login": {
        "userOpera": "Operador",
        "passOpera": "250701",
        "userAdmin": "Administrador",
        "passAdmin": "070125",
        "avatarPath": "./assets/TuLockerIcono.jpg",
        "logoPath": "./assets/TuLockerHorizontal.png",
        "QRPath": "./assets/CodigoQR.png"
    },
    "paramsHtml": {
        "lenMaxInputPass": 4,
        "lenMinInputPass": 4,
        "currency": {
            "coinBoxRequiredAmount": 1500,
            "currency": "COP",
            "currencyPesos": "pesos",
            "decinmal": 0
        },
        "modalTimeouts": {
            "timeoutKeypad": 300,
            "timeoutInsertMoney": 120,
            "timeoutShowMessage": 15
        }
    },
    "report": {
        "daily": {
            "enabled": true,
            "hour": 0,
            "minute": 5
        },
        "weekly": {
            "enabled": true,
            "dayOfWeek": 1,
            "hour": 0,
            "minute": 10
        },
        "monthly": {
            "enabled": true,
            "dayOfMonth": 1,
            "hour": 0,
            "minute": 15
        },
        "timezoneMode": "local",
        "timeInterval": 60
    },
    "voice": {
        "enabled": true,
        "timeInterval": 20,
        "name": "Sabina",
        "rate": 1.5,
        "pitch": 2,
        "volume": 1,
        "message": {
            "welcome": "Bienvenido... Con TuLocker puedes guardar tus objetos personales de forma segura, para que estes comodo y tranquilo. Por tan solo {{amount}} {{pesos}}. No guardes si encuentras un casillero abierto, asigna uno desde la pantalla del sistema. No olvides cerrar el casillero al retirar tus pertenencias. Muchas gracias por utilizar nuestro servicio.",
            "assignLocker": "Tu casillero es el {{lockerCode}}, Guarda tus pertenencias, Gracias por utilizar nuestro servicio. No olvides cerrar el casillero.",
            "openSessionLocker": "Tu casillero es el {{lockerCode}}, Retira tus pertenencias, Gracias por utilizar nuestro servicio. No olvides cerrar el casillero, Disponible para una nueva asignacion.",
            "openReserveLocker": "Tu casillero es el {{lockerCode}}, Gracias por utilizar nuestro servicio. No olvides cerrar el casillero."
        }
    },
    "reserve": {
        "enabled": true,
        "porcentWeekly": 10,
        "porcentFortnightly": 20,
        "porcentMonthly": 30
    }
}
[2025-10-15 18:43:32] [DEBUG] [main] setup_config.json: {
    "customer": "Tulocker",
    "pointName": "CC Outlet Factory",
    "pointId": "Sótano 1",
    "sendSMS": true,
    "login": {
        "userOpera": "Operador",
        "passOpera": "250701",
        "userAdmin": "Administrador",
        "passAdmin": "070125",
        "avatarPath": "./assets/TuLockerIcono.jpg",
        "logoPath": "./assets/TuLockerHorizontal.png",
        "QRPath": "./assets/CodigoQR.png"
    },
    "paramsHtml": {
        "lenMaxInputPass": 4,
        "lenMinInputPass": 4,
        "currency": {
            "coinBoxRequiredAmount": 1500,
            "currency": "COP",
            "currencyPesos": "pesos",
            "decinmal": 0
        },
        "modalTimeouts": {
            "timeoutKeypad": 300,
            "timeoutInsertMoney": 120,
            "timeoutShowMessage": 15
        }
    },
    "report": {
        "daily": {
            "enabled": true,
            "hour": 0,
            "minute": 5
        },
        "weekly": {
            "enabled": true,
            "dayOfWeek": 1,
            "hour": 0,
            "minute": 10
        },
        "monthly": {
            "enabled": true,
            "dayOfMonth": 1,
            "hour": 0,
            "minute": 15
        },
        "timezoneMode": "local",
        "timeInterval": 60
    },
    "voice": {
        "enabled": true,
        "timeInterval": 20,
        "name": "Sabina",
        "rate": 1.5,
        "pitch": 2,
        "volume": 1,
        "message": {
            "welcome": "Bienvenido... Con TuLocker puedes guardar tus objetos personales de forma segura, para que estes comodo y tranquilo. Por tan solo {{amount}} {{pesos}}. No guardes si encuentras un casillero abierto, asigna uno desde la pantalla del sistema. No olvides cerrar el casillero al retirar tus pertenencias. Muchas gracias por utilizar nuestro servicio.",
            "assignLocker": "Tu casillero es el {{lockerCode}}, Guarda tus pertenencias, Gracias por utilizar nuestro servicio. No olvides cerrar el casillero.",
            "openSessionLocker": "Tu casillero es el {{lockerCode}}, Retira tus pertenencias, Gracias por utilizar nuestro servicio. No olvides cerrar el casillero, Disponible para una nueva asignacion.",
            "openReserveLocker": "Tu casillero es el {{lockerCode}}, Gracias por utilizar nuestro servicio. No olvides cerrar el casillero."
        }
    },
    "reserve": {
        "enabled": true,
        "porcentWeekly": 10,
        "porcentFortnightly": 20,
        "porcentMonthly": 30
    }
}
[2025-10-15 18:43:32] [DEBUG] [main] setup_config.json: {
    "customer": "Tulocker",
    "pointName": "CC Outlet Factory",
    "pointId": "Sótano 1",
    "sendSMS": true,
    "login": {
        "userOpera": "Operador",
        "passOpera": "250701",
        "userAdmin": "Administrador",
        "passAdmin": "070125",
        "avatarPath": "./assets/TuLockerIcono.jpg",
        "logoPath": "./assets/TuLockerHorizontal.png",
        "QRPath": "./assets/CodigoQR.png"
    },
    "paramsHtml": {
        "lenMaxInputPass": 4,
        "lenMinInputPass": 4,
        "currency": {
            "coinBoxRequiredAmount": 1500,
            "currency": "COP",
            "currencyPesos": "pesos",
            "decinmal": 0
        },
        "modalTimeouts": {
            "timeoutKeypad": 300,
            "timeoutInsertMoney": 120,
            "timeoutShowMessage": 15
        }
    },
    "report": {
        "daily": {
            "enabled": true,
            "hour": 0,
            "minute": 5
        },
        "weekly": {
            "enabled": true,
            "dayOfWeek": 1,
            "hour": 0,
            "minute": 10
        },
        "monthly": {
            "enabled": true,
            "dayOfMonth": 1,
            "hour": 0,
            "minute": 15
        },
        "timezoneMode": "local",
        "timeInterval": 60
    },
    "voice": {
        "enabled": true,
        "timeInterval": 20,
        "name": "Sabina",
        "rate": 1.5,
        "pitch": 2,
        "volume": 1,
        "message": {
            "welcome": "Bienvenido... Con TuLocker puedes guardar tus objetos personales de forma segura, para que estes comodo y tranquilo. Por tan solo {{amount}} {{pesos}}. No guardes si encuentras un casillero abierto, asigna uno desde la pantalla del sistema. No olvides cerrar el casillero al retirar tus pertenencias. Muchas gracias por utilizar nuestro servicio.",
            "assignLocker": "Tu casillero es el {{lockerCode}}, Guarda tus pertenencias, Gracias por utilizar nuestro servicio. No olvides cerrar el casillero.",
            "openSessionLocker": "Tu casillero es el {{lockerCode}}, Retira tus pertenencias, Gracias por utilizar nuestro servicio. No olvides cerrar el casillero, Disponible para una nueva asignacion.",
            "openReserveLocker": "Tu casillero es el {{lockerCode}}, Gracias por utilizar nuestro servicio. No olvides cerrar el casillero."
        }
    },
    "reserve": {
        "enabled": true,
        "porcentWeekly": 10,
        "porcentFortnightly": 20,
        "porcentMonthly": 30
    }
}
[2025-10-15 18:43:32] [INFO] [main] [statusLockers] Iniciando petición para obtener casilleros disponibles
[2025-10-15 18:43:32] [INFO] [main] [statusLockers] Timeout efectivo en ejecución: 30000
[2025-10-15 18:43:32] [INFO] [main] [statusLockers] Intento 1: HOST -> http://localhost:8080
[2025-10-15 18:43:32] [INFO] [main] [statusLockers] Intento 1: URL -> /api/lockers/get-all-status
[2025-10-15 18:43:32] [INFO] [main] [copyright] Versión cargada: 1.1.0
[2025-10-15 18:43:32] [DEBUG] [main] setup_config.json: {
    "customer": "Tulocker",
    "pointName": "CC Outlet Factory",
    "pointId": "Sótano 1",
    "sendSMS": true,
    "login": {
        "userOpera": "Operador",
        "passOpera": "250701",
        "userAdmin": "Administrador",
        "passAdmin": "070125",
        "avatarPath": "./assets/TuLockerIcono.jpg",
        "logoPath": "./assets/TuLockerHorizontal.png",
        "QRPath": "./assets/CodigoQR.png"
    },
    "paramsHtml": {
        "lenMaxInputPass": 4,
        "lenMinInputPass": 4,
        "currency": {
            "coinBoxRequiredAmount": 1500,
            "currency": "COP",
            "currencyPesos": "pesos",
            "decinmal": 0
        },
        "modalTimeouts": {
            "timeoutKeypad": 300,
            "timeoutInsertMoney": 120,
            "timeoutShowMessage": 15
        }
    },
    "report": {
        "daily": {
            "enabled": true,
            "hour": 0,
            "minute": 5
        },
        "weekly": {
            "enabled": true,
            "dayOfWeek": 1,
            "hour": 0,
            "minute": 10
        },
        "monthly": {
            "enabled": true,
            "dayOfMonth": 1,
            "hour": 0,
            "minute": 15
        },
        "timezoneMode": "local",
        "timeInterval": 60
    },
    "voice": {
        "enabled": true,
        "timeInterval": 20,
        "name": "Sabina",
        "rate": 1.5,
        "pitch": 2,
        "volume": 1,
        "message": {
            "welcome": "Bienvenido... Con TuLocker puedes guardar tus objetos personales de forma segura, para que estes comodo y tranquilo. Por tan solo {{amount}} {{pesos}}. No guardes si encuentras un casillero abierto, asigna uno desde la pantalla del sistema. No olvides cerrar el casillero al retirar tus pertenencias. Muchas gracias por utilizar nuestro servicio.",
            "assignLocker": "Tu casillero es el {{lockerCode}}, Guarda tus pertenencias, Gracias por utilizar nuestro servicio. No olvides cerrar el casillero.",
            "openSessionLocker": "Tu casillero es el {{lockerCode}}, Retira tus pertenencias, Gracias por utilizar nuestro servicio. No olvides cerrar el casillero, Disponible para una nueva asignacion.",
            "openReserveLocker": "Tu casillero es el {{lockerCode}}, Gracias por utilizar nuestro servicio. No olvides cerrar el casillero."
        }
    },
    "reserve": {
        "enabled": true,
        "porcentWeekly": 10,
        "porcentFortnightly": 20,
        "porcentMonthly": 30
    }
}
[2025-10-15 18:43:32] [INFO] [main] [app] Componente App montado
[2025-10-15 18:43:32] [INFO] [main] [app] Versión cargada: 1.1.0
[2025-10-15 18:43:32] [DEBUG] [main] [scheduleReport] Scheduler deshabilitado, esperando que se active...
[2025-10-15 18:43:32] [DEBUG] [main] [scheduleReport] Scheduler deshabilitado, esperando que se active...
[2025-10-15 18:43:32] [DEBUG] [main] [scheduleReport] Scheduler deshabilitado, esperando que se active...
[2025-10-15 18:43:32] [DEBUG] [main] setup_config.json: {
    "customer": "Tulocker",
    "pointName": "CC Outlet Factory",
    "pointId": "Sótano 1",
    "sendSMS": true,
    "login": {
        "userOpera": "Operador",
        "passOpera": "250701",
        "userAdmin": "Administrador",
        "passAdmin": "070125",
        "avatarPath": "./assets/TuLockerIcono.jpg",
        "logoPath": "./assets/TuLockerHorizontal.png",
        "QRPath": "./assets/CodigoQR.png"
    },
    "paramsHtml": {
        "lenMaxInputPass": 4,
        "lenMinInputPass": 4,
        "currency": {
            "coinBoxRequiredAmount": 1500,
            "currency": "COP",
            "currencyPesos": "pesos",
            "decinmal": 0
        },
        "modalTimeouts": {
            "timeoutKeypad": 300,
            "timeoutInsertMoney": 120,
            "timeoutShowMessage": 15
        }
    },
    "report": {
        "daily": {
            "enabled": true,
            "hour": 0,
            "minute": 5
        },
        "weekly": {
            "enabled": true,
            "dayOfWeek": 1,
            "hour": 0,
            "minute": 10
        },
        "monthly": {
            "enabled": true,
            "dayOfMonth": 1,
            "hour": 0,
            "minute": 15
        },
        "timezoneMode": "local",
        "timeInterval": 60
    },
    "voice": {
        "enabled": true,
        "timeInterval": 20,
        "name": "Sabina",
        "rate": 1.5,
        "pitch": 2,
        "volume": 1,
        "message": {
            "welcome": "Bienvenido... Con TuLocker puedes guardar tus objetos personales de forma segura, para que estes comodo y tranquilo. Por tan solo {{amount}} {{pesos}}. No guardes si encuentras un casillero abierto, asigna uno desde la pantalla del sistema. No olvides cerrar el casillero al retirar tus pertenencias. Muchas gracias por utilizar nuestro servicio.",
            "assignLocker": "Tu casillero es el {{lockerCode}}, Guarda tus pertenencias, Gracias por utilizar nuestro servicio. No olvides cerrar el casillero.",
            "openSessionLocker": "Tu casillero es el {{lockerCode}}, Retira tus pertenencias, Gracias por utilizar nuestro servicio. No olvides cerrar el casillero, Disponible para una nueva asignacion.",
            "openReserveLocker": "Tu casillero es el {{lockerCode}}, Gracias por utilizar nuestro servicio. No olvides cerrar el casillero."
        }
    },
    "reserve": {
        "enabled": true,
        "porcentWeekly": 10,
        "porcentFortnightly": 20,
        "porcentMonthly": 30
    }
}
[2025-10-15 18:43:32] [DEBUG] [main] setup_config.json: {
    "customer": "Tulocker",
    "pointName": "CC Outlet Factory",
    "pointId": "Sótano 1",
    "sendSMS": true,
    "login": {
        "userOpera": "Operador",
        "passOpera": "250701",
        "userAdmin": "Administrador",
        "passAdmin": "070125",
        "avatarPath": "./assets/TuLockerIcono.jpg",
        "logoPath": "./assets/TuLockerHorizontal.png",
        "QRPath": "./assets/CodigoQR.png"
    },
    "paramsHtml": {
        "lenMaxInputPass": 4,
        "lenMinInputPass": 4,
        "currency": {
            "coinBoxRequiredAmount": 1500,
            "currency": "COP",
            "currencyPesos": "pesos",
            "decinmal": 0
        },
        "modalTimeouts": {
            "timeoutKeypad": 300,
            "timeoutInsertMoney": 120,
            "timeoutShowMessage": 15
        }
    },
    "report": {
        "daily": {
            "enabled": true,
            "hour": 0,
            "minute": 5
        },
        "weekly": {
            "enabled": true,
            "dayOfWeek": 1,
            "hour": 0,
            "minute": 10
        },
        "monthly": {
            "enabled": true,
            "dayOfMonth": 1,
            "hour": 0,
            "minute": 15
        },
        "timezoneMode": "local",
        "timeInterval": 60
    },
    "voice": {
        "enabled": true,
        "timeInterval": 20,
        "name": "Sabina",
        "rate": 1.5,
        "pitch": 2,
        "volume": 1,
        "message": {
            "welcome": "Bienvenido... Con TuLocker puedes guardar tus objetos personales de forma segura, para que estes comodo y tranquilo. Por tan solo {{amount}} {{pesos}}. No guardes si encuentras un casillero abierto, asigna uno desde la pantalla del sistema. No olvides cerrar el casillero al retirar tus pertenencias. Muchas gracias por utilizar nuestro servicio.",
            "assignLocker": "Tu casillero es el {{lockerCode}}, Guarda tus pertenencias, Gracias por utilizar nuestro servicio. No olvides cerrar el casillero.",
            "openSessionLocker": "Tu casillero es el {{lockerCode}}, Retira tus pertenencias, Gracias por utilizar nuestro servicio. No olvides cerrar el casillero, Disponible para una nueva asignacion.",
            "openReserveLocker": "Tu casillero es el {{lockerCode}}, Gracias por utilizar nuestro servicio. No olvides cerrar el casillero."
        }
    },
    "reserve": {
        "enabled": true,
        "porcentWeekly": 10,
        "porcentFortnightly": 20,
        "porcentMonthly": 30
    }
}
[2025-10-15 18:43:32] [DEBUG] [main] setup_config.json: {
    "customer": "Tulocker",
    "pointName": "CC Outlet Factory",
    "pointId": "Sótano 1",
    "sendSMS": true,
    "login": {
        "userOpera": "Operador",
        "passOpera": "250701",
        "userAdmin": "Administrador",
        "passAdmin": "070125",
        "avatarPath": "./assets/TuLockerIcono.jpg",
        "logoPath": "./assets/TuLockerHorizontal.png",
        "QRPath": "./assets/CodigoQR.png"
    },
    "paramsHtml": {
        "lenMaxInputPass": 4,
        "lenMinInputPass": 4,
        "currency": {
            "coinBoxRequiredAmount": 1500,
            "currency": "COP",
            "currencyPesos": "pesos",
            "decinmal": 0
        },
        "modalTimeouts": {
            "timeoutKeypad": 300,
            "timeoutInsertMoney": 120,
            "timeoutShowMessage": 15
        }
    },
    "report": {
        "daily": {
            "enabled": true,
            "hour": 0,
            "minute": 5
        },
        "weekly": {
            "enabled": true,
            "dayOfWeek": 1,
            "hour": 0,
            "minute": 10
        },
        "monthly": {
            "enabled": true,
            "dayOfMonth": 1,
            "hour": 0,
            "minute": 15
        },
        "timezoneMode": "local",
        "timeInterval": 60
    },
    "voice": {
        "enabled": true,
        "timeInterval": 20,
        "name": "Sabina",
        "rate": 1.5,
        "pitch": 2,
        "volume": 1,
        "message": {
            "welcome": "Bienvenido... Con TuLocker puedes guardar tus objetos personales de forma segura, para que estes comodo y tranquilo. Por tan solo {{amount}} {{pesos}}. No guardes si encuentras un casillero abierto, asigna uno desde la pantalla del sistema. No olvides cerrar el casillero al retirar tus pertenencias. Muchas gracias por utilizar nuestro servicio.",
            "assignLocker": "Tu casillero es el {{lockerCode}}, Guarda tus pertenencias, Gracias por utilizar nuestro servicio. No olvides cerrar el casillero.",
            "openSessionLocker": "Tu casillero es el {{lockerCode}}, Retira tus pertenencias, Gracias por utilizar nuestro servicio. No olvides cerrar el casillero, Disponible para una nueva asignacion.",
            "openReserveLocker": "Tu casillero es el {{lockerCode}}, Gracias por utilizar nuestro servicio. No olvides cerrar el casillero."
        }
    },
    "reserve": {
        "enabled": true,
        "porcentWeekly": 10,
        "porcentFortnightly": 20,
        "porcentMonthly": 30
    }
}
[2025-10-15 18:43:32] [INFO] [main] [statusLockers] Iniciando petición para obtener casilleros disponibles
[2025-10-15 18:43:32] [INFO] [main] [statusLockers] Timeout efectivo en ejecución: 30000
[2025-10-15 18:43:32] [INFO] [main] [statusLockers] Intento 1: HOST -> http://localhost:8080
[2025-10-15 18:43:32] [INFO] [main] [statusLockers] Intento 1: URL -> /api/lockers/get-all-status
[2025-10-15 18:43:32] [INFO] [main] [copyright] Versión cargada: 1.1.0
[2025-10-15 18:43:32] [DEBUG] [main] setup_config.json: {
    "customer": "Tulocker",
    "pointName": "CC Outlet Factory",
    "pointId": "Sótano 1",
    "sendSMS": true,
    "login": {
        "userOpera": "Operador",
        "passOpera": "250701",
        "userAdmin": "Administrador",
        "passAdmin": "070125",
        "avatarPath": "./assets/TuLockerIcono.jpg",
        "logoPath": "./assets/TuLockerHorizontal.png",
        "QRPath": "./assets/CodigoQR.png"
    },
    "paramsHtml": {
        "lenMaxInputPass": 4,
        "lenMinInputPass": 4,
        "currency": {
            "coinBoxRequiredAmount": 1500,
            "currency": "COP",
            "currencyPesos": "pesos",
            "decinmal": 0
        },
        "modalTimeouts": {
            "timeoutKeypad": 300,
            "timeoutInsertMoney": 120,
            "timeoutShowMessage": 15
        }
    },
    "report": {
        "daily": {
            "enabled": true,
            "hour": 0,
            "minute": 5
        },
        "weekly": {
            "enabled": true,
            "dayOfWeek": 1,
            "hour": 0,
            "minute": 10
        },
        "monthly": {
            "enabled": true,
            "dayOfMonth": 1,
            "hour": 0,
            "minute": 15
        },
        "timezoneMode": "local",
        "timeInterval": 60
    },
    "voice": {
        "enabled": true,
        "timeInterval": 20,
        "name": "Sabina",
        "rate": 1.5,
        "pitch": 2,
        "volume": 1,
        "message": {
            "welcome": "Bienvenido... Con TuLocker puedes guardar tus objetos personales de forma segura, para que estes comodo y tranquilo. Por tan solo {{amount}} {{pesos}}. No guardes si encuentras un casillero abierto, asigna uno desde la pantalla del sistema. No olvides cerrar el casillero al retirar tus pertenencias. Muchas gracias por utilizar nuestro servicio.",
            "assignLocker": "Tu casillero es el {{lockerCode}}, Guarda tus pertenencias, Gracias por utilizar nuestro servicio. No olvides cerrar el casillero.",
            "openSessionLocker": "Tu casillero es el {{lockerCode}}, Retira tus pertenencias, Gracias por utilizar nuestro servicio. No olvides cerrar el casillero, Disponible para una nueva asignacion.",
            "openReserveLocker": "Tu casillero es el {{lockerCode}}, Gracias por utilizar nuestro servicio. No olvides cerrar el casillero."
        }
    },
    "reserve": {
        "enabled": true,
        "porcentWeekly": 10,
        "porcentFortnightly": 20,
        "porcentMonthly": 30
    }
}
[2025-10-15 18:43:32] [INFO] [main] [app] Componente App montado
[2025-10-15 18:43:32] [INFO] [main] [app] Versión cargada: 1.1.0
[2025-10-15 18:43:32] [DEBUG] [main] [scheduleReport] Scheduler deshabilitado, esperando que se active...
[2025-10-15 18:43:32] [DEBUG] [main] [scheduleReport] Scheduler deshabilitado, esperando que se active...
[2025-10-15 18:43:32] [DEBUG] [main] [scheduleReport] Scheduler deshabilitado, esperando que se active...
[2025-10-15 18:43:32] [DEBUG] [main] [app] Scheduler diario habilitado: false | usuario config: undefined | usuario actual: operador
[2025-10-15 18:43:32] [DEBUG] [main] [app] Scheduler semanal habilitado: false | usuario config: undefined | usuario actual: operador
[2025-10-15 18:43:32] [DEBUG] [main] [app] Scheduler mensual habilitado: false | usuario config: undefined | usuario actual: operador
[2025-10-15 18:43:32] [DEBUG] [main] [app] Scheduler diario habilitado: false | usuario config: undefined | usuario actual: operador
[2025-10-15 18:43:32] [DEBUG] [main] [app] Scheduler semanal habilitado: false | usuario config: undefined | usuario actual: operador
[2025-10-15 18:43:32] [DEBUG] [main] [app] Scheduler mensual habilitado: false | usuario config: undefined | usuario actual: operador
[2025-10-15 18:43:32] [DEBUG] [main] [ppal] size {"width":1979,"height":1112,"orientation":"landscape","factor":1.03}
[2025-10-15 18:43:32] [DEBUG] [main] [ppal] size {"width":1979,"height":1112,"orientation":"landscape","factor":1.03}
[2025-10-15 18:43:32] [DEBUG] [main] [scheduleReport] Scheduler deshabilitado, esperando que se active...
[2025-10-15 18:43:32] [DEBUG] [main] [scheduleReport] Scheduler deshabilitado, esperando que se active...
[2025-10-15 18:43:32] [DEBUG] [main] [scheduleReport] Scheduler deshabilitado, esperando que se active...
[2025-10-15 18:43:32] [DEBUG] [main] [axiosConfig] Token agregado al header
[2025-10-15 18:43:32] [DEBUG] [main] [axiosConfig] Token agregado al header
[2025-10-15 18:43:32] [INFO] [main] [useConfig] Configuración inicial obtenida
[2025-10-15 18:43:32] [INFO] [main] [useConfig] Configuración inicial obtenida
[2025-10-15 18:43:32] [INFO] [main] [useConfig] Configuración inicial obtenida
[2025-10-15 18:43:32] [INFO] [main] [useConfig] Configuración inicial obtenida
[2025-10-15 18:43:32] [INFO] [main] [useConfig] Configuración inicial obtenida
[2025-10-15 18:43:32] [INFO] [main] [useConfig] Configuración inicial obtenida
[2025-10-15 18:43:32] [INFO] [main] [useConfig] Configuración inicial obtenida
[2025-10-15 18:43:32] [INFO] [main] [useConfig] Configuración inicial obtenida
[2025-10-15 18:43:32] [DEBUG] [main] [app] Scheduler diario habilitado: false | usuario config: Operador | usuario actual: operador
[2025-10-15 18:43:32] [DEBUG] [main] [app] Scheduler semanal habilitado: false | usuario config: Operador | usuario actual: operador
[2025-10-15 18:43:32] [DEBUG] [main] [app] Scheduler mensual habilitado: false | usuario config: Operador | usuario actual: operador
[2025-10-15 18:43:32] [DEBUG] [main] [app] Scheduler diario habilitado: false | usuario config: Operador | usuario actual: operador
[2025-10-15 18:43:32] [DEBUG] [main] [app] Scheduler semanal habilitado: false | usuario config: Operador | usuario actual: operador
[2025-10-15 18:43:32] [DEBUG] [main] [app] Scheduler mensual habilitado: false | usuario config: Operador | usuario actual: operador
[2025-10-15 18:43:32] [DEBUG] [main] [ppal] size {"width":1979,"height":1112,"orientation":"landscape","factor":1.03}
[2025-10-15 18:43:32] [DEBUG] [main] [ppal] size {"width":1979,"height":1112,"orientation":"landscape","factor":1.03}
[2025-10-15 18:43:32] [DEBUG] [main] [ppal] ppal useEffect -> userInit: {"authenticatedOpera":true,"authenticatedAdmin":false,"customer":"Tulocker","user":"operador","remember":true,"fullScreen":true,"pointName":"CC Outlet Factory","pointId":"Sótano 1","avatar":"./assets/TuLockerIcono.jpg","closeSession":false,"closeWindow":false}
[2025-10-15 18:43:32] [DEBUG] [main] [app] Voz configurada: default, rate: 1.5, volume: 1, pitch: 2
[2025-10-15 18:43:32] [DEBUG] [main] [scheduleReport] Scheduler deshabilitado, esperando que se active...
[2025-10-15 18:43:32] [DEBUG] [main] [scheduleReport] Scheduler deshabilitado, esperando que se active...
[2025-10-15 18:43:32] [DEBUG] [main] [scheduleReport] Scheduler deshabilitado, esperando que se active...
[2025-10-15 18:43:32] [DEBUG] [main] [ppal] size {"width":1979,"height":1112,"orientation":"landscape","factor":1.03}
[2025-10-15 18:43:32] [DEBUG] [main] [ppal] size {"width":1979,"height":1112,"orientation":"landscape","factor":1.03}
[2025-10-15 18:43:32] [INFO] [main] [statusLockers] Response. Status: 200
[2025-10-15 18:43:32] [INFO] [main] [statusLockers] Response. Data: {"general":[{"status":"ocupado","total":12},{"status":"libre","total":1},{"status":"reservado","total":12},{"status":"deshabilitado","total":6}],"modules":[{"module":"A","lockers":[{"lockerCode":"A1","status":"reservado"},{"lockerCode":"A2","status":"Libre"},{"lockerCode":"A3","status":"Libre"},{"lockerCode":"A4","status":"ocupado"},{"lockerCode":"A5","status":"reservado"},{"lockerCode":"A6","status":"ocupado"},{"lockerCode":"A7","status":"deshabilitado"},{"lockerCode":"A8","status":"Libre"},{"lockerCode":"A9","status":"Libre"},{"lockerCode":"A10","status":"Libre"},{"lockerCode":"A11","status":"reservado"},{"lockerCode":"A12","status":"Libre"},{"lockerCode":"A13","status":"Libre"},{"lockerCode":"A14","status":"ocupado"},{"lockerCode":"A15","status":"reservado"},{"lockerCode":"A16","status":"ocupado"},{"lockerCode":"A17","status":"deshabilitado"},{"lockerCode":"A18","status":"Libre"},{"lockerCode":"A19","status":"Libre"},{"lockerCode":"A20","status":"Libre"},{"lockerCode":"A21","status":"reservado"},{"lockerCode":"A22","status":"Libre"},{"lockerCode":"A23","status":"Libre"},{"lockerCode":"A24","status":"ocupado"},{"lockerCode":"A25","status":"reservado"},{"lockerCode":"A26","status":"ocupado"},{"lockerCode":"A27","status":"deshabilitado"},{"lockerCode":"A28","status":"Libre"},{"lockerCode":"A29","status":"Libre"},{"lockerCode":"A30","status":"Libre"},{"lockerCode":"A31","status":"reservado"},{"lockerCode":"A32","status":"Libre"},{"lockerCode":"A33","status":"Libre"},{"lockerCode":"A34","status":"ocupado"},{"lockerCode":"A35","status":"reservado"},{"lockerCode":"A36","status":"ocupado"},{"lockerCode":"A37","status":"deshabilitado"},{"lockerCode":"A38","status":"Libre"},{"lockerCode":"A39","status":"Libre"},{"lockerCode":"A40","status":"Libre"},{"lockerCode":"A41","status":"reservado"},{"lockerCode":"A42","status":"Libre"},{"lockerCode":"A43","status":"Libre"},{"lockerCode":"A44","status":"ocupado"},{"lockerCode":"A45","status":"reservado"},{"lockerCode":"A46","status":"ocupado"},{"lockerCode":"A47","status":"deshabilitado"},{"lockerCode":"A48","status":"Libre"},{"lockerCode":"A49","status":"Libre"},{"lockerCode":"A50","status":"Libre"},{"lockerCode":"A51","status":"reservado"},{"lockerCode":"A52","status":"Libre"},{"lockerCode":"A53","status":"Libre"},{"lockerCode":"A54","status":"ocupado"},{"lockerCode":"A55","status":"reservado"},{"lockerCode":"A56","status":"ocupado"},{"lockerCode":"A57","status":"deshabilitado"},{"lockerCode":"A58","status":"Libre"},{"lockerCode":"A59","status":"Libre"},{"lockerCode":"A60","status":"Libre"},{"lockerCode":"A61","status":"reservado"},{"lockerCode":"A62","status":"Libre"},{"lockerCode":"A63","status":"Libre"},{"lockerCode":"A64","status":"ocupado"},{"lockerCode":"A65","status":"reservado"},{"lockerCode":"A66","status":"ocupado"},{"lockerCode":"A67","status":"deshabilitado"},{"lockerCode":"A68","status":"Libre"},{"lockerCode":"A69","status":"Libre"},{"lockerCode":"A70","status":"Libre"},{"lockerCode":"A71","status":"reservado"},{"lockerCode":"A72","status":"Libre"},{"lockerCode":"A73","status":"Libre"},{"lockerCode":"A74","status":"ocupado"},{"lockerCode":"A75","status":"reservado"},{"lockerCode":"A76","status":"ocupado"},{"lockerCode":"A77","status":"deshabilitado"},{"lockerCode":"A78","status":"Libre"},{"lockerCode":"A79","status":"Libre"},{"lockerCode":"A80","status":"Libre"}]},{"module":"B","lockers":[{"lockerCode":"B1","status":"reservado"},{"lockerCode":"B2","status":"Libre"},{"lockerCode":"B3","status":"Libre"},{"lockerCode":"B4","status":"ocupado"},{"lockerCode":"B5","status":"reservado"}]},{"module":"C","lockers":[{"lockerCode":"C1","status":"reservado"},{"lockerCode":"C2","status":"Libre"},{"lockerCode":"C3","status":"Libre"},{"lockerCode":"C4","status":"ocupado"},{"lockerCode":"C5","status":"reservado"},{"lockerCode":"C6","status":"ocupado"},{"lockerCode":"C7","status":"deshabilitado"},{"lockerCode":"C8","status":"Libre"},{"lockerCode":"C9","status":"Libre"},{"lockerCode":"C10","status":"Libre"},{"lockerCode":"C11","status":"reservado"},{"lockerCode":"C12","status":"ocupado"},{"lockerCode":"C13","status":"deshabilitado"},{"lockerCode":"C14","status":"Libre"},{"lockerCode":"C15","status":"Libre"},{"lockerCode":"C16","status":"Libre"}]},{"module":"D","lockers":[{"lockerCode":"D1","status":"reservado"}]},{"module":"E","lockers":[{"lockerCode":"E1","status":"reservado"},{"lockerCode":"E2","status":"Libre"},{"lockerCode":"E3","status":"Libre"},{"lockerCode":"E4","status":"ocupado"},{"lockerCode":"E5","status":"reservado"},{"lockerCode":"E6","status":"ocupado"},{"lockerCode":"E7","status":"deshabilitado"},{"lockerCode":"E8","status":"Libre"},{"lockerCode":"E9","status":"Libre"},{"lockerCode":"E10","status":"Libre"}]},{"module":"F","lockers":[{"lockerCode":"F1","status":"reservado"},{"lockerCode":"F2","status":"Libre"},{"lockerCode":"F3","status":"Libre"},{"lockerCode":"F4","status":"ocupado"},{"lockerCode":"F5","status":"reservado"},{"lockerCode":"F6","status":"ocupado"},{"lockerCode":"F7","status":"deshabilitado"},{"lockerCode":"F8","status":"Libre"},{"lockerCode":"F9","status":"Libre"},{"lockerCode":"F10","status":"Libre"}]}]}
[2025-10-15 18:43:32] [DEBUG] [main] [ppal] size {"width":1979,"height":1112,"orientation":"landscape","factor":1.03}
[2025-10-15 18:43:32] [DEBUG] [main] [ppal] size {"width":1979,"height":1112,"orientation":"landscape","factor":1.03}
[2025-10-15 18:43:32] [DEBUG] [main] [ppal] size {"width":1979,"height":1112,"orientation":"landscape","factor":1.03}
[2025-10-15 18:43:32] [DEBUG] [main] [ppal] size {"width":1979,"height":1112,"orientation":"landscape","factor":1.03}
[2025-10-15 18:43:33] [INFO] [main] [statusLockers] Response. Status: 200
[2025-10-15 18:43:33] [INFO] [main] [statusLockers] Response. Data: {"general":[{"status":"ocupado","total":12},{"status":"libre","total":1},{"status":"reservado","total":12},{"status":"deshabilitado","total":6}],"modules":[{"module":"A","lockers":[{"lockerCode":"A1","status":"reservado"},{"lockerCode":"A2","status":"Libre"},{"lockerCode":"A3","status":"Libre"},{"lockerCode":"A4","status":"ocupado"},{"lockerCode":"A5","status":"reservado"},{"lockerCode":"A6","status":"ocupado"},{"lockerCode":"A7","status":"deshabilitado"},{"lockerCode":"A8","status":"Libre"},{"lockerCode":"A9","status":"Libre"},{"lockerCode":"A10","status":"Libre"},{"lockerCode":"A11","status":"reservado"},{"lockerCode":"A12","status":"Libre"},{"lockerCode":"A13","status":"Libre"},{"lockerCode":"A14","status":"ocupado"},{"lockerCode":"A15","status":"reservado"},{"lockerCode":"A16","status":"ocupado"},{"lockerCode":"A17","status":"deshabilitado"},{"lockerCode":"A18","status":"Libre"},{"lockerCode":"A19","status":"Libre"},{"lockerCode":"A20","status":"Libre"},{"lockerCode":"A21","status":"reservado"},{"lockerCode":"A22","status":"Libre"},{"lockerCode":"A23","status":"Libre"},{"lockerCode":"A24","status":"ocupado"},{"lockerCode":"A25","status":"reservado"},{"lockerCode":"A26","status":"ocupado"},{"lockerCode":"A27","status":"deshabilitado"},{"lockerCode":"A28","status":"Libre"},{"lockerCode":"A29","status":"Libre"},{"lockerCode":"A30","status":"Libre"},{"lockerCode":"A31","status":"reservado"},{"lockerCode":"A32","status":"Libre"},{"lockerCode":"A33","status":"Libre"},{"lockerCode":"A34","status":"ocupado"},{"lockerCode":"A35","status":"reservado"},{"lockerCode":"A36","status":"ocupado"},{"lockerCode":"A37","status":"deshabilitado"},{"lockerCode":"A38","status":"Libre"},{"lockerCode":"A39","status":"Libre"},{"lockerCode":"A40","status":"Libre"},{"lockerCode":"A41","status":"reservado"},{"lockerCode":"A42","status":"Libre"},{"lockerCode":"A43","status":"Libre"},{"lockerCode":"A44","status":"ocupado"},{"lockerCode":"A45","status":"reservado"},{"lockerCode":"A46","status":"ocupado"},{"lockerCode":"A47","status":"deshabilitado"},{"lockerCode":"A48","status":"Libre"},{"lockerCode":"A49","status":"Libre"},{"lockerCode":"A50","status":"Libre"},{"lockerCode":"A51","status":"reservado"},{"lockerCode":"A52","status":"Libre"},{"lockerCode":"A53","status":"Libre"},{"lockerCode":"A54","status":"ocupado"},{"lockerCode":"A55","status":"reservado"},{"lockerCode":"A56","status":"ocupado"},{"lockerCode":"A57","status":"deshabilitado"},{"lockerCode":"A58","status":"Libre"},{"lockerCode":"A59","status":"Libre"},{"lockerCode":"A60","status":"Libre"},{"lockerCode":"A61","status":"reservado"},{"lockerCode":"A62","status":"Libre"},{"lockerCode":"A63","status":"Libre"},{"lockerCode":"A64","status":"ocupado"},{"lockerCode":"A65","status":"reservado"},{"lockerCode":"A66","status":"ocupado"},{"lockerCode":"A67","status":"deshabilitado"},{"lockerCode":"A68","status":"Libre"},{"lockerCode":"A69","status":"Libre"},{"lockerCode":"A70","status":"Libre"},{"lockerCode":"A71","status":"reservado"},{"lockerCode":"A72","status":"Libre"},{"lockerCode":"A73","status":"Libre"},{"lockerCode":"A74","status":"ocupado"},{"lockerCode":"A75","status":"reservado"},{"lockerCode":"A76","status":"ocupado"},{"lockerCode":"A77","status":"deshabilitado"},{"lockerCode":"A78","status":"Libre"},{"lockerCode":"A79","status":"Libre"},{"lockerCode":"A80","status":"Libre"}]},{"module":"B","lockers":[{"lockerCode":"B1","status":"reservado"},{"lockerCode":"B2","status":"Libre"},{"lockerCode":"B3","status":"Libre"},{"lockerCode":"B4","status":"ocupado"},{"lockerCode":"B5","status":"reservado"}]},{"module":"C","lockers":[{"lockerCode":"C1","status":"reservado"},{"lockerCode":"C2","status":"Libre"},{"lockerCode":"C3","status":"Libre"},{"lockerCode":"C4","status":"ocupado"},{"lockerCode":"C5","status":"reservado"},{"lockerCode":"C6","status":"ocupado"},{"lockerCode":"C7","status":"deshabilitado"},{"lockerCode":"C8","status":"Libre"},{"lockerCode":"C9","status":"Libre"},{"lockerCode":"C10","status":"Libre"},{"lockerCode":"C11","status":"reservado"},{"lockerCode":"C12","status":"ocupado"},{"lockerCode":"C13","status":"deshabilitado"},{"lockerCode":"C14","status":"Libre"},{"lockerCode":"C15","status":"Libre"},{"lockerCode":"C16","status":"Libre"}]},{"module":"D","lockers":[{"lockerCode":"D1","status":"reservado"}]},{"module":"E","lockers":[{"lockerCode":"E1","status":"reservado"},{"lockerCode":"E2","status":"Libre"},{"lockerCode":"E3","status":"Libre"},{"lockerCode":"E4","status":"ocupado"},{"lockerCode":"E5","status":"reservado"},{"lockerCode":"E6","status":"ocupado"},{"lockerCode":"E7","status":"deshabilitado"},{"lockerCode":"E8","status":"Libre"},{"lockerCode":"E9","status":"Libre"},{"lockerCode":"E10","status":"Libre"}]},{"module":"F","lockers":[{"lockerCode":"F1","status":"reservado"},{"lockerCode":"F2","status":"Libre"},{"lockerCode":"F3","status":"Libre"},{"lockerCode":"F4","status":"ocupado"},{"lockerCode":"F5","status":"reservado"},{"lockerCode":"F6","status":"ocupado"},{"lockerCode":"F7","status":"deshabilitado"},{"lockerCode":"F8","status":"Libre"},{"lockerCode":"F9","status":"Libre"},{"lockerCode":"F10","status":"Libre"}]}]}
[2025-10-15 18:43:34] [DEBUG] [main] [app] Scheduler diario habilitado: false | usuario config: Operador | usuario actual: operador
[2025-10-15 18:43:34] [DEBUG] [main] [app] Scheduler semanal habilitado: false | usuario config: Operador | usuario actual: operador
[2025-10-15 18:43:34] [DEBUG] [main] [app] Scheduler mensual habilitado: false | usuario config: Operador | usuario actual: operador
[2025-10-15 18:43:34] [DEBUG] [main] [app] Scheduler diario habilitado: false | usuario config: Operador | usuario actual: operador
[2025-10-15 18:43:34] [DEBUG] [main] [app] Scheduler semanal habilitado: false | usuario config: Operador | usuario actual: operador
[2025-10-15 18:43:34] [DEBUG] [main] [app] Scheduler mensual habilitado: false | usuario config: Operador | usuario actual: operador
[2025-10-15 18:43:34] [DEBUG] [main] [ppal] size {"width":1979,"height":1112,"orientation":"landscape","factor":1.03}
[2025-10-15 18:43:34] [DEBUG] [main] [ppal] size {"width":1979,"height":1112,"orientation":"landscape","factor":1.03}
[2025-10-15 18:43:34] [DEBUG] [main] [scheduleReport] Scheduler deshabilitado, esperando que se active...
[2025-10-15 18:43:34] [DEBUG] [main] [scheduleReport] Scheduler deshabilitado, esperando que se active...
[2025-10-15 18:43:34] [DEBUG] [main] [scheduleReport] Scheduler deshabilitado, esperando que se active...
[2025-10-15 18:43:48] [DEBUG] [main] [main-renderer] RootApp size {"width":1979,"height":1113,"orientation":"landscape","factor":1.03}
[2025-10-15 18:43:48] [DEBUG] [main] [main-renderer] RootApp size {"width":1979,"height":1113,"orientation":"landscape","factor":1.03}
[2025-10-15 18:43:48] [DEBUG] [main] [app] Scheduler diario habilitado: false | usuario config: Operador | usuario actual: operador
[2025-10-15 18:43:48] [DEBUG] [main] [app] Scheduler semanal habilitado: false | usuario config: Operador | usuario actual: operador
[2025-10-15 18:43:48] [DEBUG] [main] [app] Scheduler mensual habilitado: false | usuario config: Operador | usuario actual: operador
[2025-10-15 18:43:48] [DEBUG] [main] [app] Scheduler diario habilitado: false | usuario config: Operador | usuario actual: operador
[2025-10-15 18:43:48] [DEBUG] [main] [app] Scheduler semanal habilitado: false | usuario config: Operador | usuario actual: operador
[2025-10-15 18:43:48] [DEBUG] [main] [app] Scheduler mensual habilitado: false | usuario config: Operador | usuario actual: operador
[2025-10-15 18:43:48] [DEBUG] [main] [ppal] size {"width":1979,"height":1113,"orientation":"landscape","factor":1.03}
[2025-10-15 18:43:48] [DEBUG] [main] [ppal] size {"width":1979,"height":1113,"orientation":"landscape","factor":1.03}
[2025-10-15 18:43:48] [DEBUG] [main] [scheduleReport] Scheduler deshabilitado, esperando que se active...
[2025-10-15 18:43:48] [DEBUG] [main] [scheduleReport] Scheduler deshabilitado, esperando que se active...
[2025-10-15 18:43:48] [DEBUG] [main] [scheduleReport] Scheduler deshabilitado, esperando que se active...
[2025-10-15 18:43:49] [DEBUG] [main] [main-renderer] RootApp size {"width":1979,"height":1112,"orientation":"landscape","factor":1.03}
[2025-10-15 18:43:49] [DEBUG] [main] [main-renderer] RootApp size {"width":1979,"height":1112,"orientation":"landscape","factor":1.03}
[2025-10-15 18:43:49] [DEBUG] [main] [app] Scheduler diario habilitado: false | usuario config: Operador | usuario actual: operador
[2025-10-15 18:43:49] [DEBUG] [main] [app] Scheduler semanal habilitado: false | usuario config: Operador | usuario actual: operador
[2025-10-15 18:43:49] [DEBUG] [main] [app] Scheduler mensual habilitado: false | usuario config: Operador | usuario actual: operador
[2025-10-15 18:43:49] [DEBUG] [main] [app] Scheduler diario habilitado: false | usuario config: Operador | usuario actual: operador
[2025-10-15 18:43:49] [DEBUG] [main] [app] Scheduler semanal habilitado: false | usuario config: Operador | usuario actual: operador
[2025-10-15 18:43:49] [DEBUG] [main] [app] Scheduler mensual habilitado: false | usuario config: Operador | usuario actual: operador
[2025-10-15 18:43:49] [DEBUG] [main] [ppal] size {"width":1979,"height":1112,"orientation":"landscape","factor":1.03}
[2025-10-15 18:43:49] [DEBUG] [main] [ppal] size {"width":1979,"height":1112,"orientation":"landscape","factor":1.03}
[2025-10-15 18:43:49] [DEBUG] [main] [scheduleReport] Scheduler deshabilitado, esperando que se active...
[2025-10-15 18:43:49] [DEBUG] [main] [scheduleReport] Scheduler deshabilitado, esperando que se active...
[2025-10-15 18:43:49] [DEBUG] [main] [scheduleReport] Scheduler deshabilitado, esperando que se active...
[2025-10-15 18:43:50] [DEBUG] [main] [main-renderer] RootApp size {"width":1979,"height":1113,"orientation":"landscape","factor":1.03}
[2025-10-15 18:43:50] [DEBUG] [main] [main-renderer] RootApp size {"width":1979,"height":1113,"orientation":"landscape","factor":1.03}
[2025-10-15 18:43:50] [DEBUG] [main] [app] Scheduler diario habilitado: false | usuario config: Operador | usuario actual: operador
[2025-10-15 18:43:50] [DEBUG] [main] [app] Scheduler semanal habilitado: false | usuario config: Operador | usuario actual: operador
[2025-10-15 18:43:50] [DEBUG] [main] [app] Scheduler mensual habilitado: false | usuario config: Operador | usuario actual: operador
[2025-10-15 18:43:50] [DEBUG] [main] [app] Scheduler diario habilitado: false | usuario config: Operador | usuario actual: operador
[2025-10-15 18:43:50] [DEBUG] [main] [app] Scheduler semanal habilitado: false | usuario config: Operador | usuario actual: operador
[2025-10-15 18:43:50] [DEBUG] [main] [app] Scheduler mensual habilitado: false | usuario config: Operador | usuario actual: operador
[2025-10-15 18:43:50] [DEBUG] [main] [ppal] size {"width":1979,"height":1113,"orientation":"landscape","factor":1.03}
[2025-10-15 18:43:50] [DEBUG] [main] [ppal] size {"width":1979,"height":1113,"orientation":"landscape","factor":1.03}
[2025-10-15 18:43:50] [DEBUG] [main] [scheduleReport] Scheduler deshabilitado, esperando que se active...
[2025-10-15 18:43:50] [DEBUG] [main] [scheduleReport] Scheduler deshabilitado, esperando que se active...
[2025-10-15 18:43:50] [DEBUG] [main] [scheduleReport] Scheduler deshabilitado, esperando que se active...
[2025-10-15 18:43:50] [DEBUG] [main] [main-renderer] RootApp size {"width":1979,"height":1112,"orientation":"landscape","factor":1.03}
[2025-10-15 18:43:50] [DEBUG] [main] [main-renderer] RootApp size {"width":1979,"height":1112,"orientation":"landscape","factor":1.03}
[2025-10-15 18:43:50] [DEBUG] [main] [app] Scheduler diario habilitado: false | usuario config: Operador | usuario actual: operador
[2025-10-15 18:43:50] [DEBUG] [main] [app] Scheduler semanal habilitado: false | usuario config: Operador | usuario actual: operador
[2025-10-15 18:43:50] [DEBUG] [main] [app] Scheduler mensual habilitado: false | usuario config: Operador | usuario actual: operador
[2025-10-15 18:43:50] [DEBUG] [main] [app] Scheduler diario habilitado: false | usuario config: Operador | usuario actual: operador
[2025-10-15 18:43:50] [DEBUG] [main] [app] Scheduler semanal habilitado: false | usuario config: Operador | usuario actual: operador
[2025-10-15 18:43:50] [DEBUG] [main] [app] Scheduler mensual habilitado: false | usuario config: Operador | usuario actual: operador
[2025-10-15 18:43:50] [DEBUG] [main] [ppal] size {"width":1979,"height":1112,"orientation":"landscape","factor":1.03}
[2025-10-15 18:43:50] [DEBUG] [main] [ppal] size {"width":1979,"height":1112,"orientation":"landscape","factor":1.03}
[2025-10-15 18:43:50] [DEBUG] [main] [scheduleReport] Scheduler deshabilitado, esperando que se active...
[2025-10-15 18:43:50] [DEBUG] [main] [scheduleReport] Scheduler deshabilitado, esperando que se active...
[2025-10-15 18:43:50] [DEBUG] [main] [scheduleReport] Scheduler deshabilitado, esperando que se active...
[2025-10-15 18:43:51] [DEBUG] [main] [main-renderer] RootApp size {"width":1979,"height":1113,"orientation":"landscape","factor":1.03}
[2025-10-15 18:43:51] [DEBUG] [main] [main-renderer] RootApp size {"width":1979,"height":1113,"orientation":"landscape","factor":1.03}
[2025-10-15 18:43:51] [DEBUG] [main] [app] Scheduler diario habilitado: false | usuario config: Operador | usuario actual: operador
[2025-10-15 18:43:51] [DEBUG] [main] [app] Scheduler semanal habilitado: false | usuario config: Operador | usuario actual: operador
[2025-10-15 18:43:51] [DEBUG] [main] [app] Scheduler mensual habilitado: false | usuario config: Operador | usuario actual: operador
[2025-10-15 18:43:51] [DEBUG] [main] [app] Scheduler diario habilitado: false | usuario config: Operador | usuario actual: operador
[2025-10-15 18:43:51] [DEBUG] [main] [app] Scheduler semanal habilitado: false | usuario config: Operador | usuario actual: operador
[2025-10-15 18:43:51] [DEBUG] [main] [app] Scheduler mensual habilitado: false | usuario config: Operador | usuario actual: operador
[2025-10-15 18:43:51] [DEBUG] [main] [ppal] size {"width":1979,"height":1113,"orientation":"landscape","factor":1.03}
[2025-10-15 18:43:51] [DEBUG] [main] [ppal] size {"width":1979,"height":1113,"orientation":"landscape","factor":1.03}
[2025-10-15 18:43:51] [DEBUG] [main] [scheduleReport] Scheduler deshabilitado, esperando que se active...
[2025-10-15 18:43:51] [DEBUG] [main] [scheduleReport] Scheduler deshabilitado, esperando que se active...
[2025-10-15 18:43:51] [DEBUG] [main] [scheduleReport] Scheduler deshabilitado, esperando que se active...
[2025-10-15 18:43:52] [DEBUG] [main] [ppal] size {"width":1979,"height":1113,"orientation":"landscape","factor":1.03}
[2025-10-15 18:43:52] [DEBUG] [main] [ppal] size {"width":1979,"height":1113,"orientation":"landscape","factor":1.03}
[2025-10-15 18:43:52] [INFO] Voz cacheada por defecto: undefined
[2025-10-15 18:43:53] [DEBUG] [main] [main-renderer] RootApp size {"width":1979,"height":1112,"orientation":"landscape","factor":1.03}
[2025-10-15 18:43:53] [DEBUG] [main] [main-renderer] RootApp size {"width":1979,"height":1112,"orientation":"landscape","factor":1.03}
[2025-10-15 18:43:53] [DEBUG] [main] [app] Scheduler diario habilitado: false | usuario config: Operador | usuario actual: operador
[2025-10-15 18:43:53] [DEBUG] [main] [app] Scheduler semanal habilitado: false | usuario config: Operador | usuario actual: operador
[2025-10-15 18:43:53] [DEBUG] [main] [app] Scheduler mensual habilitado: false | usuario config: Operador | usuario actual: operador
[2025-10-15 18:43:53] [DEBUG] [main] [app] Scheduler diario habilitado: false | usuario config: Operador | usuario actual: operador
[2025-10-15 18:43:53] [DEBUG] [main] [app] Scheduler semanal habilitado: false | usuario config: Operador | usuario actual: operador
[2025-10-15 18:43:53] [DEBUG] [main] [app] Scheduler mensual habilitado: false | usuario config: Operador | usuario actual: operador
[2025-10-15 18:43:53] [DEBUG] [main] [ppal] size {"width":1979,"height":1112,"orientation":"landscape","factor":1.03}
[2025-10-15 18:43:53] [DEBUG] [main] [ppal] size {"width":1979,"height":1112,"orientation":"landscape","factor":1.03}
[2025-10-15 18:43:53] [DEBUG] [main] [scheduleReport] Scheduler deshabilitado, esperando que se active...
[2025-10-15 18:43:53] [DEBUG] [main] [scheduleReport] Scheduler deshabilitado, esperando que se active...
[2025-10-15 18:43:53] [DEBUG] [main] [scheduleReport] Scheduler deshabilitado, esperando que se active...
[2025-10-15 18:43:54] [DEBUG] [main] [main-renderer] RootApp size {"width":1979,"height":1113,"orientation":"landscape","factor":1.03}
[2025-10-15 18:43:54] [DEBUG] [main] [main-renderer] RootApp size {"width":1979,"height":1113,"orientation":"landscape","factor":1.03}
[2025-10-15 18:43:54] [DEBUG] [main] [app] Scheduler diario habilitado: false | usuario config: Operador | usuario actual: operador
[2025-10-15 18:43:54] [DEBUG] [main] [app] Scheduler semanal habilitado: false | usuario config: Operador | usuario actual: operador
[2025-10-15 18:43:54] [DEBUG] [main] [app] Scheduler mensual habilitado: false | usuario config: Operador | usuario actual: operador
[2025-10-15 18:43:54] [DEBUG] [main] [app] Scheduler diario habilitado: false | usuario config: Operador | usuario actual: operador
[2025-10-15 18:43:54] [DEBUG] [main] [app] Scheduler semanal habilitado: false | usuario config: Operador | usuario actual: operador
[2025-10-15 18:43:54] [DEBUG] [main] [app] Scheduler mensual habilitado: false | usuario config: Operador | usuario actual: operador
[2025-10-15 18:43:54] [DEBUG] [main] [ppal] size {"width":1979,"height":1113,"orientation":"landscape","factor":1.03}
[2025-10-15 18:43:54] [DEBUG] [main] [ppal] size {"width":1979,"height":1113,"orientation":"landscape","factor":1.03}
[2025-10-15 18:43:54] [DEBUG] [main] [scheduleReport] Scheduler deshabilitado, esperando que se active...
[2025-10-15 18:43:54] [DEBUG] [main] [scheduleReport] Scheduler deshabilitado, esperando que se active...
[2025-10-15 18:43:54] [DEBUG] [main] [scheduleReport] Scheduler deshabilitado, esperando que se active...
[2025-10-15 18:43:56] [INFO] [main] [statusLockers] Iniciando petición para obtener casilleros disponibles
[2025-10-15 18:43:56] [INFO] [main] [statusLockers] Timeout efectivo en ejecución: 30000
[2025-10-15 18:43:56] [INFO] [main] [statusLockers] Intento 1: HOST -> http://localhost:8080
[2025-10-15 18:43:56] [INFO] [main] [statusLockers] Intento 1: URL -> /api/lockers/get-all-status
[2025-10-15 18:43:56] [DEBUG] [main] [ppal] size {"width":1979,"height":1113,"orientation":"landscape","factor":1.03}
[2025-10-15 18:43:56] [DEBUG] [main] [ppal] size {"width":1979,"height":1113,"orientation":"landscape","factor":1.03}
[2025-10-15 18:43:56] [DEBUG] [main] [axiosConfig] Token agregado al header
[2025-10-15 18:43:56] [DEBUG] [main] [main-renderer] RootApp size {"width":1979,"height":1112,"orientation":"landscape","factor":1.03}
[2025-10-15 18:43:56] [DEBUG] [main] [main-renderer] RootApp size {"width":1979,"height":1112,"orientation":"landscape","factor":1.03}
[2025-10-15 18:43:56] [DEBUG] [main] [app] Scheduler diario habilitado: false | usuario config: Operador | usuario actual: operador
[2025-10-15 18:43:56] [DEBUG] [main] [app] Scheduler semanal habilitado: false | usuario config: Operador | usuario actual: operador
[2025-10-15 18:43:56] [DEBUG] [main] [app] Scheduler mensual habilitado: false | usuario config: Operador | usuario actual: operador
[2025-10-15 18:43:56] [DEBUG] [main] [app] Scheduler diario habilitado: false | usuario config: Operador | usuario actual: operador
[2025-10-15 18:43:56] [DEBUG] [main] [app] Scheduler semanal habilitado: false | usuario config: Operador | usuario actual: operador
[2025-10-15 18:43:56] [DEBUG] [main] [app] Scheduler mensual habilitado: false | usuario config: Operador | usuario actual: operador
[2025-10-15 18:43:56] [DEBUG] [main] [ppal] size {"width":1979,"height":1112,"orientation":"landscape","factor":1.03}
[2025-10-15 18:43:56] [DEBUG] [main] [ppal] size {"width":1979,"height":1112,"orientation":"landscape","factor":1.03}
[2025-10-15 18:43:56] [DEBUG] [main] [scheduleReport] Scheduler deshabilitado, esperando que se active...
[2025-10-15 18:43:56] [DEBUG] [main] [scheduleReport] Scheduler deshabilitado, esperando que se active...
[2025-10-15 18:43:56] [DEBUG] [main] [scheduleReport] Scheduler deshabilitado, esperando que se active...
[2025-10-15 18:43:57] [INFO] [main] [statusLockers] Response. Status: 200
[2025-10-15 18:43:57] [INFO] [main] [statusLockers] Response. Data: {"general":[{"status":"ocupado","total":12},{"status":"libre","total":1},{"status":"reservado","total":12},{"status":"deshabilitado","total":6}],"modules":[{"module":"A","lockers":[{"lockerCode":"A1","status":"reservado"},{"lockerCode":"A2","status":"Libre"},{"lockerCode":"A3","status":"Libre"},{"lockerCode":"A4","status":"ocupado"},{"lockerCode":"A5","status":"reservado"},{"lockerCode":"A6","status":"ocupado"},{"lockerCode":"A7","status":"deshabilitado"},{"lockerCode":"A8","status":"Libre"},{"lockerCode":"A9","status":"Libre"},{"lockerCode":"A10","status":"Libre"},{"lockerCode":"A11","status":"reservado"},{"lockerCode":"A12","status":"Libre"},{"lockerCode":"A13","status":"Libre"},{"lockerCode":"A14","status":"ocupado"},{"lockerCode":"A15","status":"reservado"},{"lockerCode":"A16","status":"ocupado"},{"lockerCode":"A17","status":"deshabilitado"},{"lockerCode":"A18","status":"Libre"},{"lockerCode":"A19","status":"Libre"},{"lockerCode":"A20","status":"Libre"},{"lockerCode":"A21","status":"reservado"},{"lockerCode":"A22","status":"Libre"},{"lockerCode":"A23","status":"Libre"},{"lockerCode":"A24","status":"ocupado"},{"lockerCode":"A25","status":"reservado"},{"lockerCode":"A26","status":"ocupado"},{"lockerCode":"A27","status":"deshabilitado"},{"lockerCode":"A28","status":"Libre"},{"lockerCode":"A29","status":"Libre"},{"lockerCode":"A30","status":"Libre"},{"lockerCode":"A31","status":"reservado"},{"lockerCode":"A32","status":"Libre"},{"lockerCode":"A33","status":"Libre"},{"lockerCode":"A34","status":"ocupado"},{"lockerCode":"A35","status":"reservado"},{"lockerCode":"A36","status":"ocupado"},{"lockerCode":"A37","status":"deshabilitado"},{"lockerCode":"A38","status":"Libre"},{"lockerCode":"A39","status":"Libre"},{"lockerCode":"A40","status":"Libre"},{"lockerCode":"A41","status":"reservado"},{"lockerCode":"A42","status":"Libre"},{"lockerCode":"A43","status":"Libre"},{"lockerCode":"A44","status":"ocupado"},{"lockerCode":"A45","status":"reservado"},{"lockerCode":"A46","status":"ocupado"},{"lockerCode":"A47","status":"deshabilitado"},{"lockerCode":"A48","status":"Libre"},{"lockerCode":"A49","status":"Libre"},{"lockerCode":"A50","status":"Libre"},{"lockerCode":"A51","status":"reservado"},{"lockerCode":"A52","status":"Libre"},{"lockerCode":"A53","status":"Libre"},{"lockerCode":"A54","status":"ocupado"},{"lockerCode":"A55","status":"reservado"},{"lockerCode":"A56","status":"ocupado"},{"lockerCode":"A57","status":"deshabilitado"},{"lockerCode":"A58","status":"Libre"},{"lockerCode":"A59","status":"Libre"},{"lockerCode":"A60","status":"Libre"},{"lockerCode":"A61","status":"reservado"},{"lockerCode":"A62","status":"Libre"},{"lockerCode":"A63","status":"Libre"},{"lockerCode":"A64","status":"ocupado"},{"lockerCode":"A65","status":"reservado"},{"lockerCode":"A66","status":"ocupado"},{"lockerCode":"A67","status":"deshabilitado"},{"lockerCode":"A68","status":"Libre"},{"lockerCode":"A69","status":"Libre"},{"lockerCode":"A70","status":"Libre"},{"lockerCode":"A71","status":"reservado"},{"lockerCode":"A72","status":"Libre"},{"lockerCode":"A73","status":"Libre"},{"lockerCode":"A74","status":"ocupado"},{"lockerCode":"A75","status":"reservado"},{"lockerCode":"A76","status":"ocupado"},{"lockerCode":"A77","status":"deshabilitado"},{"lockerCode":"A78","status":"Libre"},{"lockerCode":"A79","status":"Libre"},{"lockerCode":"A80","status":"Libre"}]},{"module":"B","lockers":[{"lockerCode":"B1","status":"reservado"},{"lockerCode":"B2","status":"Libre"},{"lockerCode":"B3","status":"Libre"},{"lockerCode":"B4","status":"ocupado"},{"lockerCode":"B5","status":"reservado"}]},{"module":"C","lockers":[{"lockerCode":"C1","status":"reservado"},{"lockerCode":"C2","status":"Libre"},{"lockerCode":"C3","status":"Libre"},{"lockerCode":"C4","status":"ocupado"},{"lockerCode":"C5","status":"reservado"},{"lockerCode":"C6","status":"ocupado"},{"lockerCode":"C7","status":"deshabilitado"},{"lockerCode":"C8","status":"Libre"},{"lockerCode":"C9","status":"Libre"},{"lockerCode":"C10","status":"Libre"},{"lockerCode":"C11","status":"reservado"},{"lockerCode":"C12","status":"ocupado"},{"lockerCode":"C13","status":"deshabilitado"},{"lockerCode":"C14","status":"Libre"},{"lockerCode":"C15","status":"Libre"},{"lockerCode":"C16","status":"Libre"}]},{"module":"D","lockers":[{"lockerCode":"D1","status":"reservado"}]},{"module":"E","lockers":[{"lockerCode":"E1","status":"reservado"},{"lockerCode":"E2","status":"Libre"},{"lockerCode":"E3","status":"Libre"},{"lockerCode":"E4","status":"ocupado"},{"lockerCode":"E5","status":"reservado"},{"lockerCode":"E6","status":"ocupado"},{"lockerCode":"E7","status":"deshabilitado"},{"lockerCode":"E8","status":"Libre"},{"lockerCode":"E9","status":"Libre"},{"lockerCode":"E10","status":"Libre"}]},{"module":"F","lockers":[{"lockerCode":"F1","status":"reservado"},{"lockerCode":"F2","status":"Libre"},{"lockerCode":"F3","status":"Libre"},{"lockerCode":"F4","status":"ocupado"},{"lockerCode":"F5","status":"reservado"},{"lockerCode":"F6","status":"ocupado"},{"lockerCode":"F7","status":"deshabilitado"},{"lockerCode":"F8","status":"Libre"},{"lockerCode":"F9","status":"Libre"},{"lockerCode":"F10","status":"Libre"}]}]}
[2025-10-15 18:43:57] [DEBUG] [main] [ppal] size {"width":1979,"height":1112,"orientation":"landscape","factor":1.03}
[2025-10-15 18:43:57] [DEBUG] [main] [ppal] size {"width":1979,"height":1112,"orientation":"landscape","factor":1.03}
[2025-10-15 18:44:18] [INFO] Voz cacheada por defecto: Microsoft Sabina Desktop
[2025-10-15 18:46:44] [DEBUG] [main] [main-renderer] RootApp size {"width":1979,"height":1113,"orientation":"landscape","factor":1.03}
[2025-10-15 18:46:44] [DEBUG] [main] [main-renderer] RootApp size {"width":1979,"height":1113,"orientation":"landscape","factor":1.03}
[2025-10-15 18:46:44] [DEBUG] [main] [app] Scheduler diario habilitado: false | usuario config: Operador | usuario actual: operador
[2025-10-15 18:46:44] [DEBUG] [main] [app] Scheduler semanal habilitado: false | usuario config: Operador | usuario actual: operador
[2025-10-15 18:46:44] [DEBUG] [main] [app] Scheduler mensual habilitado: false | usuario config: Operador | usuario actual: operador
[2025-10-15 18:46:44] [DEBUG] [main] [app] Scheduler diario habilitado: false | usuario config: Operador | usuario actual: operador
[2025-10-15 18:46:44] [DEBUG] [main] [app] Scheduler semanal habilitado: false | usuario config: Operador | usuario actual: operador
[2025-10-15 18:46:44] [DEBUG] [main] [app] Scheduler mensual habilitado: false | usuario config: Operador | usuario actual: operador
[2025-10-15 18:46:44] [DEBUG] [main] [ppal] size {"width":1979,"height":1113,"orientation":"landscape","factor":1.03}
[2025-10-15 18:46:44] [DEBUG] [main] [ppal] size {"width":1979,"height":1113,"orientation":"landscape","factor":1.03}
[2025-10-15 18:46:44] [DEBUG] [main] [scheduleReport] Scheduler deshabilitado, esperando que se active...
[2025-10-15 18:46:44] [DEBUG] [main] [scheduleReport] Scheduler deshabilitado, esperando que se active...
[2025-10-15 18:46:44] [DEBUG] [main] [scheduleReport] Scheduler deshabilitado, esperando que se active...
[2025-10-15 18:46:45] [DEBUG] [main] [main-renderer] RootApp size {"width":1979,"height":1112,"orientation":"landscape","factor":1.03}
[2025-10-15 18:46:45] [DEBUG] [main] [main-renderer] RootApp size {"width":1979,"height":1112,"orientation":"landscape","factor":1.03}
[2025-10-15 18:46:45] [DEBUG] [main] [app] Scheduler diario habilitado: false | usuario config: Operador | usuario actual: operador
[2025-10-15 18:46:45] [DEBUG] [main] [app] Scheduler semanal habilitado: false | usuario config: Operador | usuario actual: operador
[2025-10-15 18:46:45] [DEBUG] [main] [app] Scheduler mensual habilitado: false | usuario config: Operador | usuario actual: operador
[2025-10-15 18:46:45] [DEBUG] [main] [app] Scheduler diario habilitado: false | usuario config: Operador | usuario actual: operador
[2025-10-15 18:46:45] [DEBUG] [main] [app] Scheduler semanal habilitado: false | usuario config: Operador | usuario actual: operador
[2025-10-15 18:46:45] [DEBUG] [main] [app] Scheduler mensual habilitado: false | usuario config: Operador | usuario actual: operador
[2025-10-15 18:46:45] [DEBUG] [main] [ppal] size {"width":1979,"height":1112,"orientation":"landscape","factor":1.03}
[2025-10-15 18:46:45] [DEBUG] [main] [ppal] size {"width":1979,"height":1112,"orientation":"landscape","factor":1.03}
[2025-10-15 18:46:45] [DEBUG] [main] [scheduleReport] Scheduler deshabilitado, esperando que se active...
[2025-10-15 18:46:45] [DEBUG] [main] [scheduleReport] Scheduler deshabilitado, esperando que se active...
[2025-10-15 18:46:45] [DEBUG] [main] [scheduleReport] Scheduler deshabilitado, esperando que se active...
[2025-10-15 18:49:04] [DEBUG] [main] [app] Scheduler diario habilitado: true | usuario config: operador | usuario actual: operador
[2025-10-15 18:49:04] [DEBUG] [main] [app] Scheduler semanal habilitado: true | usuario config: operador | usuario actual: operador
[2025-10-15 18:49:04] [DEBUG] [main] [app] Scheduler mensual habilitado: true | usuario config: operador | usuario actual: operador
[2025-10-15 18:49:04] [DEBUG] [main] [app] Scheduler diario habilitado: true | usuario config: operador | usuario actual: operador
[2025-10-15 18:49:04] [DEBUG] [main] [app] Scheduler semanal habilitado: true | usuario config: operador | usuario actual: operador
[2025-10-15 18:49:04] [DEBUG] [main] [app] Scheduler mensual habilitado: true | usuario config: operador | usuario actual: operador
[2025-10-15 18:49:04] [DEBUG] [main] [ppal] size {"width":1979,"height":1112,"orientation":"landscape","factor":1.03}
[2025-10-15 18:49:04] [DEBUG] [main] [ppal] size {"width":1979,"height":1112,"orientation":"landscape","factor":1.03}
[2025-10-15 18:49:04] [DEBUG] [main] [scheduleReport] Iniciando scheduler [daily] con hora 0:5
[2025-10-15 18:49:04] [DEBUG] [main] [scheduleReport] Ahora: 2025-10-15 18:49:04 | Próximo target: 2025-10-16 00:05:00 | Última ejecución: 2025-10-15 18:11:45
[2025-10-15 18:49:04] [DEBUG] [main] [scheduleReport] Iniciando scheduler [weekly] con hora 0:10
[2025-10-15 18:49:04] [DEBUG] [main] [scheduleReport] Ahora: 2025-10-15 18:49:04 | Próximo target: 2025-10-20 00:10:00 | Última ejecución: 2025-10-15 18:11:45
[2025-10-15 18:49:04] [DEBUG] [main] [scheduleReport] Iniciando scheduler [monthly] con hora 0:15
[2025-10-15 18:49:04] [DEBUG] [main] [scheduleReport] Ahora: 2025-10-15 18:49:04 | Próximo target: 2025-11-01 00:15:00 | Última ejecución: 2025-10-09 20:13:27
[2025-10-15 18:50:04] [DEBUG] [main] [scheduleReport] Ahora: 2025-10-15 18:50:04 | Próximo target: 2025-10-16 00:05:00 | Última ejecución: 2025-10-15 18:11:45
[2025-10-15 18:50:04] [DEBUG] [main] [scheduleReport] Ahora: 2025-10-15 18:50:04 | Próximo target: 2025-10-20 00:10:00 | Última ejecución: 2025-10-15 18:11:45
[2025-10-15 18:50:04] [DEBUG] [main] [scheduleReport] Ahora: 2025-10-15 18:50:04 | Próximo target: 2025-11-01 00:15:00 | Última ejecución: 2025-10-09 20:13:27
[2025-10-15 18:50:25] [DEBUG] [main] [main-renderer] RootApp size {"width":1979,"height":1113,"orientation":"landscape","factor":1.03}
[2025-10-15 18:50:25] [DEBUG] [main] [main-renderer] RootApp size {"width":1979,"height":1113,"orientation":"landscape","factor":1.03}
[2025-10-15 18:50:25] [DEBUG] [main] [app] Scheduler diario habilitado: true | usuario config: operador | usuario actual: operador
[2025-10-15 18:50:25] [DEBUG] [main] [app] Scheduler semanal habilitado: true | usuario config: operador | usuario actual: operador
[2025-10-15 18:50:25] [DEBUG] [main] [app] Scheduler mensual habilitado: true | usuario config: operador | usuario actual: operador
[2025-10-15 18:50:25] [DEBUG] [main] [app] Scheduler diario habilitado: true | usuario config: operador | usuario actual: operador
[2025-10-15 18:50:25] [DEBUG] [main] [app] Scheduler semanal habilitado: true | usuario config: operador | usuario actual: operador
[2025-10-15 18:50:25] [DEBUG] [main] [app] Scheduler mensual habilitado: true | usuario config: operador | usuario actual: operador
[2025-10-15 18:50:25] [DEBUG] [main] [ppal] size {"width":1979,"height":1113,"orientation":"landscape","factor":1.03}
[2025-10-15 18:50:25] [DEBUG] [main] [ppal] size {"width":1979,"height":1113,"orientation":"landscape","factor":1.03}
[2025-10-15 18:50:25] [DEBUG] [main] [scheduleReport] Iniciando scheduler [daily] con hora 0:5
[2025-10-15 18:50:25] [DEBUG] [main] [scheduleReport] Ahora: 2025-10-15 18:50:25 | Próximo target: 2025-10-16 00:05:00 | Última ejecución: 2025-10-15 18:11:45
[2025-10-15 18:50:25] [DEBUG] [main] [scheduleReport] Iniciando scheduler [weekly] con hora 0:10
[2025-10-15 18:50:25] [DEBUG] [main] [scheduleReport] Ahora: 2025-10-15 18:50:25 | Próximo target: 2025-10-20 00:10:00 | Última ejecución: 2025-10-15 18:11:45
[2025-10-15 18:50:25] [DEBUG] [main] [scheduleReport] Iniciando scheduler [monthly] con hora 0:15
[2025-10-15 18:50:25] [DEBUG] [main] [scheduleReport] Ahora: 2025-10-15 18:50:25 | Próximo target: 2025-11-01 00:15:00 | Última ejecución: 2025-10-09 20:13:27
[2025-10-15 18:50:27] [DEBUG] [main] [app] Scheduler diario habilitado: true | usuario config: operador | usuario actual: operador
[2025-10-15 18:50:27] [DEBUG] [main] [app] Scheduler semanal habilitado: true | usuario config: operador | usuario actual: operador
[2025-10-15 18:50:27] [DEBUG] [main] [app] Scheduler mensual habilitado: true | usuario config: operador | usuario actual: operador
[2025-10-15 18:50:27] [DEBUG] [main] [app] Scheduler diario habilitado: true | usuario config: operador | usuario actual: operador
[2025-10-15 18:50:27] [DEBUG] [main] [app] Scheduler semanal habilitado: true | usuario config: operador | usuario actual: operador
[2025-10-15 18:50:27] [DEBUG] [main] [app] Scheduler mensual habilitado: true | usuario config: operador | usuario actual: operador
[2025-10-15 18:50:27] [DEBUG] [main] [ppal] size {"width":1979,"height":1113,"orientation":"landscape","factor":1.03}
[2025-10-15 18:50:27] [DEBUG] [main] [ppal] size {"width":1979,"height":1113,"orientation":"landscape","factor":1.03}
[2025-10-15 18:50:27] [DEBUG] [main] [ppal] ppal useEffect -> userInit: {"authenticatedOpera":true,"authenticatedAdmin":false,"customer":"Tulocker","user":"operador","remember":true,"fullScreen":true,"pointName":"CC Outlet Factory","pointId":"Sótano 1","avatar":"./assets/TuLockerIcono.jpg","closeSession":true,"closeWindow":false}
[2025-10-15 18:50:27] [INFO] [main] [ppal] Redirigiendo a / — authenticated=true, closeSession=true, closeWindow=false
[2025-10-15 18:50:27] [INFO] [main] [app] Componente App montado
[2025-10-15 18:50:27] [INFO] [main] [app] Versión cargada: 1.1.0
[2025-10-15 18:50:27] [DEBUG] [main] [scheduleReport] Iniciando scheduler [daily] con hora 0:5
[2025-10-15 18:50:27] [DEBUG] [main] [scheduleReport] Ahora: 2025-10-15 18:50:27 | Próximo target: 2025-10-16 00:05:00 | Última ejecución: 2025-10-15 18:11:45
[2025-10-15 18:50:27] [DEBUG] [main] [scheduleReport] Iniciando scheduler [weekly] con hora 0:10
[2025-10-15 18:50:27] [DEBUG] [main] [scheduleReport] Ahora: 2025-10-15 18:50:27 | Próximo target: 2025-10-20 00:10:00 | Última ejecución: 2025-10-15 18:11:45
[2025-10-15 18:50:27] [DEBUG] [main] [scheduleReport] Iniciando scheduler [monthly] con hora 0:15
[2025-10-15 18:50:27] [DEBUG] [main] [scheduleReport] Ahora: 2025-10-15 18:50:27 | Próximo target: 2025-11-01 00:15:00 | Última ejecución: 2025-10-09 20:13:27
[2025-10-15 18:50:27] [DEBUG] [main] setup_config.json: {
    "customer": "Tulocker",
    "pointName": "CC Outlet Factory",
    "pointId": "Sótano 1",
    "sendSMS": true,
    "login": {
        "userOpera": "Operador",
        "passOpera": "250701",
        "userAdmin": "Administrador",
        "passAdmin": "070125",
        "avatarPath": "./assets/TuLockerIcono.jpg",
        "logoPath": "./assets/TuLockerHorizontal.png",
        "QRPath": "./assets/CodigoQR.png"
    },
    "paramsHtml": {
        "lenMaxInputPass": 4,
        "lenMinInputPass": 4,
        "currency": {
            "coinBoxRequiredAmount": 1500,
            "currency": "COP",
            "currencyPesos": "pesos",
            "decinmal": 0
        },
        "modalTimeouts": {
            "timeoutKeypad": 300,
            "timeoutInsertMoney": 120,
            "timeoutShowMessage": 15
        }
    },
    "report": {
        "daily": {
            "enabled": true,
            "hour": 0,
            "minute": 5
        },
        "weekly": {
            "enabled": true,
            "dayOfWeek": 1,
            "hour": 0,
            "minute": 10
        },
        "monthly": {
            "enabled": true,
            "dayOfMonth": 1,
            "hour": 0,
            "minute": 15
        },
        "timezoneMode": "local",
        "timeInterval": 60
    },
    "voice": {
        "enabled": true,
        "timeInterval": 20,
        "name": "Sabina",
        "rate": 1.5,
        "pitch": 2,
        "volume": 1,
        "message": {
            "welcome": "Bienvenido... Con TuLocker puedes guardar tus objetos personales de forma segura, para que estes comodo y tranquilo. Por tan solo {{amount}} {{pesos}}. No guardes si encuentras un casillero abierto, asigna uno desde la pantalla del sistema. No olvides cerrar el casillero al retirar tus pertenencias. Muchas gracias por utilizar nuestro servicio.",
            "assignLocker": "Tu casillero es el {{lockerCode}}, Guarda tus pertenencias, Gracias por utilizar nuestro servicio. No olvides cerrar el casillero.",
            "openSessionLocker": "Tu casillero es el {{lockerCode}}, Retira tus pertenencias, Gracias por utilizar nuestro servicio. No olvides cerrar el casillero, Disponible para una nueva asignacion.",
            "openReserveLocker": "Tu casillero es el {{lockerCode}}, Gracias por utilizar nuestro servicio. No olvides cerrar el casillero."
        }
    },
    "reserve": {
        "enabled": true,
        "porcentWeekly": 10,
        "porcentFortnightly": 20,
        "porcentMonthly": 30
    }
}
[2025-10-15 18:50:27] [DEBUG] [main] setup_config.json: {
    "customer": "Tulocker",
    "pointName": "CC Outlet Factory",
    "pointId": "Sótano 1",
    "sendSMS": true,
    "login": {
        "userOpera": "Operador",
        "passOpera": "250701",
        "userAdmin": "Administrador",
        "passAdmin": "070125",
        "avatarPath": "./assets/TuLockerIcono.jpg",
        "logoPath": "./assets/TuLockerHorizontal.png",
        "QRPath": "./assets/CodigoQR.png"
    },
    "paramsHtml": {
        "lenMaxInputPass": 4,
        "lenMinInputPass": 4,
        "currency": {
            "coinBoxRequiredAmount": 1500,
            "currency": "COP",
            "currencyPesos": "pesos",
            "decinmal": 0
        },
        "modalTimeouts": {
            "timeoutKeypad": 300,
            "timeoutInsertMoney": 120,
            "timeoutShowMessage": 15
        }
    },
    "report": {
        "daily": {
            "enabled": true,
            "hour": 0,
            "minute": 5
        },
        "weekly": {
            "enabled": true,
            "dayOfWeek": 1,
            "hour": 0,
            "minute": 10
        },
        "monthly": {
            "enabled": true,
            "dayOfMonth": 1,
            "hour": 0,
            "minute": 15
        },
        "timezoneMode": "local",
        "timeInterval": 60
    },
    "voice": {
        "enabled": true,
        "timeInterval": 20,
        "name": "Sabina",
        "rate": 1.5,
        "pitch": 2,
        "volume": 1,
        "message": {
            "welcome": "Bienvenido... Con TuLocker puedes guardar tus objetos personales de forma segura, para que estes comodo y tranquilo. Por tan solo {{amount}} {{pesos}}. No guardes si encuentras un casillero abierto, asigna uno desde la pantalla del sistema. No olvides cerrar el casillero al retirar tus pertenencias. Muchas gracias por utilizar nuestro servicio.",
            "assignLocker": "Tu casillero es el {{lockerCode}}, Guarda tus pertenencias, Gracias por utilizar nuestro servicio. No olvides cerrar el casillero.",
            "openSessionLocker": "Tu casillero es el {{lockerCode}}, Retira tus pertenencias, Gracias por utilizar nuestro servicio. No olvides cerrar el casillero, Disponible para una nueva asignacion.",
            "openReserveLocker": "Tu casillero es el {{lockerCode}}, Gracias por utilizar nuestro servicio. No olvides cerrar el casillero."
        }
    },
    "reserve": {
        "enabled": true,
        "porcentWeekly": 10,
        "porcentFortnightly": 20,
        "porcentMonthly": 30
    }
}
[2025-10-15 18:50:27] [INFO] [main] [useConfig] Configuración inicial obtenida
[2025-10-15 18:50:27] [INFO] [main] [useConfig] Configuración inicial obtenida
[2025-10-15 18:50:32] [INFO] [main] [login] Cierre de sesión para usuario: operador
[2025-10-15 18:50:32] [DEBUG] [main] [app] Scheduler diario habilitado: true | usuario config: operador | usuario actual: operador
[2025-10-15 18:50:32] [DEBUG] [main] [app] Scheduler semanal habilitado: true | usuario config: operador | usuario actual: operador
[2025-10-15 18:50:32] [DEBUG] [main] [app] Scheduler mensual habilitado: true | usuario config: operador | usuario actual: operador
[2025-10-15 18:50:32] [DEBUG] [main] [app] Scheduler diario habilitado: true | usuario config: operador | usuario actual: operador
[2025-10-15 18:50:32] [DEBUG] [main] [app] Scheduler semanal habilitado: true | usuario config: operador | usuario actual: operador
[2025-10-15 18:50:32] [DEBUG] [main] [app] Scheduler mensual habilitado: true | usuario config: operador | usuario actual: operador
[2025-10-15 18:50:32] [INFO] [main] [app] Componente App montado
[2025-10-15 18:50:32] [INFO] [main] [app] Versión cargada: 1.1.0
[2025-10-15 18:50:32] [DEBUG] [main] [scheduleReport] Iniciando scheduler [daily] con hora 0:5
[2025-10-15 18:50:32] [DEBUG] [main] [scheduleReport] Ahora: 2025-10-15 18:50:32 | Próximo target: 2025-10-16 00:05:00 | Última ejecución: 2025-10-15 18:11:45
[2025-10-15 18:50:32] [DEBUG] [main] [scheduleReport] Iniciando scheduler [weekly] con hora 0:10
[2025-10-15 18:50:32] [DEBUG] [main] [scheduleReport] Ahora: 2025-10-15 18:50:32 | Próximo target: 2025-10-20 00:10:00 | Última ejecución: 2025-10-15 18:11:45
[2025-10-15 18:50:32] [DEBUG] [main] [scheduleReport] Iniciando scheduler [monthly] con hora 0:15
[2025-10-15 18:50:32] [DEBUG] [main] [scheduleReport] Ahora: 2025-10-15 18:50:32 | Próximo target: 2025-11-01 00:15:00 | Última ejecución: 2025-10-09 20:13:27
[2025-10-15 18:50:39] [INFO] [main] [login] Inicio de sesión exitoso para usuario: administrador
[2025-10-15 18:50:39] [INFO] [main] set-fullscreen: true
[2025-10-15 18:50:39] [INFO] [main] Ventana cerrándose, deteniendo TTS...
[2025-10-15 18:50:39] [INFO] [main] Creando ventana principal...
[2025-10-15 18:50:39] [INFO] [main] Cargando URL: http://localhost:5173
[2025-10-15 18:50:39] [INFO] [main] set-frame: false
[2025-10-15 18:50:39] [DEBUG] [main] [app] Scheduler diario habilitado: false | usuario config: operador | usuario actual: administrador
[2025-10-15 18:50:39] [DEBUG] [main] [app] Scheduler semanal habilitado: false | usuario config: operador | usuario actual: administrador
[2025-10-15 18:50:39] [DEBUG] [main] [app] Scheduler mensual habilitado: false | usuario config: operador | usuario actual: administrador
[2025-10-15 18:50:39] [DEBUG] [main] [app] Scheduler diario habilitado: false | usuario config: operador | usuario actual: administrador
[2025-10-15 18:50:39] [DEBUG] [main] [app] Scheduler semanal habilitado: false | usuario config: operador | usuario actual: administrador
[2025-10-15 18:50:39] [DEBUG] [main] [app] Scheduler mensual habilitado: false | usuario config: operador | usuario actual: administrador
[2025-10-15 18:50:39] [INFO] [main] [login] Usuario autenticado en sesión principal, redirigiendo a /adminlockers
[2025-10-15 18:50:39] [INFO] [main] [app] Componente App montado
[2025-10-15 18:50:39] [INFO] [main] [app] Versión cargada: 1.1.0
[2025-10-15 18:50:39] [DEBUG] [main] [scheduleReport] Scheduler deshabilitado, esperando que se active...
[2025-10-15 18:50:39] [DEBUG] [main] [scheduleReport] Scheduler deshabilitado, esperando que se active...
[2025-10-15 18:50:39] [DEBUG] [main] [scheduleReport] Scheduler deshabilitado, esperando que se active...
[2025-10-15 18:50:39] [INFO] [main] Recibido config actualizado
[2025-10-15 18:50:39] [INFO] [main] Recibido auth actualizado
[2025-10-15 18:50:39] [INFO] [main] Recibido logger actualizado
[2025-10-15 18:50:39] [INFO] [main] Recibido env actualizado
[2025-10-15 18:50:39] [INFO] [preload] Inicializando preload.js
[2025-10-15 18:50:39] [INFO] [setupWatcher] Observando archivo setup_config.json en: C:\Users\User\Documents\Personal\LockeritDesk\configFiles\setup_config.json
[2025-10-15 18:50:39] [DEBUG] [setupWatcher] Cargando configuración inicial
[2025-10-15 18:50:39] [DEBUG] [setupWatcher] Contenido setup_config.json parseado: {"customer":"Tulocker","pointName":"CC Outlet Factory","pointId":"Sótano 1","sendSMS":true,"login":{"userOpera":"Operador","passOpera":"250701","userAdmin":"Administrador","passAdmin":"070125","avatarPath":"./assets/TuLockerIcono.jpg","logoPath":"./assets/TuLockerHorizontal.png","QRPath":"./assets/CodigoQR.png"},"paramsHtml":{"lenMaxInputPass":4,"lenMinInputPass":4,"currency":{"coinBoxRequiredAmount":1500,"currency":"COP","currencyPesos":"pesos","decinmal":0},"modalTimeouts":{"timeoutKeypad":300,"timeoutInsertMoney":120,"timeoutShowMessage":15}},"report":{"daily":{"enabled":true,"hour":0,"minute":5},"weekly":{"enabled":true,"dayOfWeek":1,"hour":0,"minute":10},"monthly":{"enabled":true,"dayOfMonth":1,"hour":0,"minute":15},"timezoneMode":"local","timeInterval":60},"voice":{"enabled":true,"timeInterval":20,"name":"Sabina","rate":1.5,"pitch":2,"volume":1,"message":{"welcome":"Bienvenido... Con TuLocker puedes guardar tus objetos personales de forma segura, para que estes comodo y tranquilo. Por tan solo {{amount}} {{pesos}}. No guardes si encuentras un casillero abierto, asigna uno desde la pantalla del sistema. No olvides cerrar el casillero al retirar tus pertenencias. Muchas gracias por utilizar nuestro servicio.","assignLocker":"Tu casillero es el {{lockerCode}}, Guarda tus pertenencias, Gracias por utilizar nuestro servicio. No olvides cerrar el casillero.","openSessionLocker":"Tu casillero es el {{lockerCode}}, Retira tus pertenencias, Gracias por utilizar nuestro servicio. No olvides cerrar el casillero, Disponible para una nueva asignacion.","openReserveLocker":"Tu casillero es el {{lockerCode}}, Gracias por utilizar nuestro servicio. No olvides cerrar el casillero."}},"reserve":{"enabled":true,"porcentWeekly":10,"porcentFortnightly":20,"porcentMonthly":30}}
[2025-10-15 18:50:39] [INFO] [setupWatcher] Archivo setup_config.json cargado correctamente
[2025-10-15 18:50:39] [INFO] [preload] Watcher iniciado: setup_config.json
[2025-10-15 18:50:39] [INFO] [authWatcher] Observando archivo auth_key.json en: C:\Users\User\Documents\Personal\LockeritDesk\configFiles\auth_key.json
[2025-10-15 18:50:39] [DEBUG] [authWatcher] Cargando configuración inicial
[2025-10-15 18:50:39] [DEBUG] [authWatcher] Contenido del archivo: {
    "key": "ab20db7aca396d81cff135e8972fddd13137daa6cdd3cb5a4995121f687a3c40"
}
[2025-10-15 18:50:39] [INFO] [authWatcher] auth_key.json actualizado correctamente
[2025-10-15 18:50:39] [INFO] [preload] Watcher iniciado: auth_key.json
[2025-10-15 18:50:39] [INFO] [loggerWatcher] Observando archivo logger_config.json en: C:\Users\User\Documents\Personal\LockeritDesk\configFiles\logger_config.json
[2025-10-15 18:50:39] [DEBUG] [loggerWatcher] Cargando configuración inicial
[2025-10-15 18:50:39] [DEBUG] [loggerWatcher] Contenido logger_config.json parseado: {"logDirectory":"logs","logFilePattern":"lockerit-%DATE%.log","datePattern":"YYYY-MM-DD","zippedArchive":false,"maxSize":"10m","maxFiles":"15d","logLevel":"debug"}
[2025-10-15 18:50:39] [INFO] [loggerWatcher] Archivo logger_config.json cargado correctamente
[2025-10-15 18:50:39] [INFO] [preload] Watcher iniciado: logger_config.json
[2025-10-15 18:50:39] [INFO] [envWatcher] Observando archivo .env en: C:\Users\User\Documents\Personal\LockeritDesk\configFiles\.env
[2025-10-15 18:50:39] [DEBUG] [envWatcher] Cargando configuración inicial
[2025-10-15 18:50:39] [DEBUG] [envWatcher] Contenido .env parseado: {"apiBaseUrl":"http://localhost","apiBasePort":"8080","apiBaseTimeout":"30","apiBaseMaxRetries":"5","apiBaseDelayRetries":"1","wsBaseUrl":"ws://localhost","wsBasePort":"8080","wsBasePath":"/ws/connect-in"}
[2025-10-15 18:50:39] [INFO] [envWatcher] Archivo .env cargado correctamente
[2025-10-15 18:50:39] [INFO] [preload] Watcher iniciado: .env
[2025-10-15 18:50:39] [INFO] [preload] API expuesta en window.electronAPI
[2025-10-15 18:50:40] [DEBUG] [main] setup_config.json: {
    "customer": "Tulocker",
    "pointName": "CC Outlet Factory",
    "pointId": "Sótano 1",
    "sendSMS": true,
    "login": {
        "userOpera": "Operador",
        "passOpera": "250701",
        "userAdmin": "Administrador",
        "passAdmin": "070125",
        "avatarPath": "./assets/TuLockerIcono.jpg",
        "logoPath": "./assets/TuLockerHorizontal.png",
        "QRPath": "./assets/CodigoQR.png"
    },
    "paramsHtml": {
        "lenMaxInputPass": 4,
        "lenMinInputPass": 4,
        "currency": {
            "coinBoxRequiredAmount": 1500,
            "currency": "COP",
            "currencyPesos": "pesos",
            "decinmal": 0
        },
        "modalTimeouts": {
            "timeoutKeypad": 300,
            "timeoutInsertMoney": 120,
            "timeoutShowMessage": 15
        }
    },
    "report": {
        "daily": {
            "enabled": true,
            "hour": 0,
            "minute": 5
        },
        "weekly": {
            "enabled": true,
            "dayOfWeek": 1,
            "hour": 0,
            "minute": 10
        },
        "monthly": {
            "enabled": true,
            "dayOfMonth": 1,
            "hour": 0,
            "minute": 15
        },
        "timezoneMode": "local",
        "timeInterval": 60
    },
    "voice": {
        "enabled": true,
        "timeInterval": 20,
        "name": "Sabina",
        "rate": 1.5,
        "pitch": 2,
        "volume": 1,
        "message": {
            "welcome": "Bienvenido... Con TuLocker puedes guardar tus objetos personales de forma segura, para que estes comodo y tranquilo. Por tan solo {{amount}} {{pesos}}. No guardes si encuentras un casillero abierto, asigna uno desde la pantalla del sistema. No olvides cerrar el casillero al retirar tus pertenencias. Muchas gracias por utilizar nuestro servicio.",
            "assignLocker": "Tu casillero es el {{lockerCode}}, Guarda tus pertenencias, Gracias por utilizar nuestro servicio. No olvides cerrar el casillero.",
            "openSessionLocker": "Tu casillero es el {{lockerCode}}, Retira tus pertenencias, Gracias por utilizar nuestro servicio. No olvides cerrar el casillero, Disponible para una nueva asignacion.",
            "openReserveLocker": "Tu casillero es el {{lockerCode}}, Gracias por utilizar nuestro servicio. No olvides cerrar el casillero."
        }
    },
    "reserve": {
        "enabled": true,
        "porcentWeekly": 10,
        "porcentFortnightly": 20,
        "porcentMonthly": 30
    }
}
[2025-10-15 18:50:40] [DEBUG] [main] Datos .env: http://localhost, 8080, 30, 5, 1,ws://localhost, 8080, /ws/connect-in
[2025-10-15 18:50:40] [DEBUG] [main] auth_key.json: {
    "key": "ab20db7aca396d81cff135e8972fddd13137daa6cdd3cb5a4995121f687a3c40"
}
[2025-10-15 18:50:40] [INFO] [main] [axiosConfig] API BaseURL Inicial: http://localhost:8080
[2025-10-15 18:50:40] [INFO] [main] [axiosConfig] API BaseTimeout Inicial: 30
[2025-10-15 18:50:40] [DEBUG] [main] [envStore] Nuevo callback suscrito a cambios de ENV
[2025-10-15 18:50:40] [DEBUG] [main] [envStore] Nuevo callback suscrito a cambios de ENV
[2025-10-15 18:50:40] [INFO] [main] [configStore] Configuración actualizada
[2025-10-15 18:50:40] [INFO] [main] [configStore] config_key.json inicial cargado exitosamente
[2025-10-15 18:50:40] [INFO] [main] [envStore] ENV inicial cargado correctamente
[2025-10-15 18:50:40] [INFO] [main] [envStore] ENV actualizado
[2025-10-15 18:50:40] [DEBUG] [main] [envStore] ENV actualizado: {"apiBaseUrl":"http://localhost","apiBasePort":"8080","apiBaseTimeout":"30","apiBaseMaxRetries":"5","apiBaseDelayRetries":"1","wsBaseUrl":"ws://localhost","wsBasePort":"8080","wsBasePath":"/ws/connect-in"}
[2025-10-15 18:50:40] [INFO] [main] [axiosConfig] API BaseTimeout actualizada dinámicamente: 30
[2025-10-15 18:50:40] [INFO] [main] [assignLocker] API BaseTimeout actualizada dinámicamente: 30
[2025-10-15 18:50:40] [INFO] [main] [authStore] Auth actualizado
[2025-10-15 18:50:40] [DEBUG] [main] [axiosConfig] Token actualizado en headers
[2025-10-15 18:50:40] [INFO] [main] [authStore] auth_key.json inicial cargado exitosamente
[2025-10-15 18:50:40] [DEBUG] [main] CSP generada: default-src 'self'; script-src 'self'; style-src 'self' 'unsafe-inline'; img-src 'self' data:; font-src 'self' data:; connect-src 'self' http://localhost:8080 ws://localhost:8080
[2025-10-15 18:50:40] [DEBUG] [main] CSP igual a la última enviada, no se envía
[2025-10-15 18:50:40] [DEBUG] [main] Enviando tamaño 1920 1032 0.96
[2025-10-15 18:50:40] [INFO] [main] get-screen-data-once -> 1920x1032 factor=0.96
[2025-10-15 18:50:41] [DEBUG] [main] [main-renderer] RootApp size {"width":1920,"height":1032,"orientation":"landscape","factor":0.96}
[2025-10-15 18:50:41] [DEBUG] [main] [theme] factor theme:  0.96
[2025-10-15 18:50:41] [DEBUG] [main] [theme] factor theme:  0.96
[2025-10-15 18:50:41] [DEBUG] [main] [main-renderer] RootApp size {"width":1920,"height":1032,"orientation":"landscape","factor":0.96}
[2025-10-15 18:50:41] [DEBUG] [main] [app] Scheduler diario habilitado: false | usuario config: undefined | usuario actual: administrador
[2025-10-15 18:50:41] [DEBUG] [main] [app] Scheduler semanal habilitado: false | usuario config: undefined | usuario actual: administrador
[2025-10-15 18:50:41] [DEBUG] [main] [app] Scheduler mensual habilitado: false | usuario config: undefined | usuario actual: administrador
[2025-10-15 18:50:41] [DEBUG] [main] [app] Scheduler diario habilitado: false | usuario config: undefined | usuario actual: administrador
[2025-10-15 18:50:41] [DEBUG] [main] [app] Scheduler semanal habilitado: false | usuario config: undefined | usuario actual: administrador
[2025-10-15 18:50:41] [DEBUG] [main] [app] Scheduler mensual habilitado: false | usuario config: undefined | usuario actual: administrador
[2025-10-15 18:50:41] [DEBUG] [main] setup_config.json: {
    "customer": "Tulocker",
    "pointName": "CC Outlet Factory",
    "pointId": "Sótano 1",
    "sendSMS": true,
    "login": {
        "userOpera": "Operador",
        "passOpera": "250701",
        "userAdmin": "Administrador",
        "passAdmin": "070125",
        "avatarPath": "./assets/TuLockerIcono.jpg",
        "logoPath": "./assets/TuLockerHorizontal.png",
        "QRPath": "./assets/CodigoQR.png"
    },
    "paramsHtml": {
        "lenMaxInputPass": 4,
        "lenMinInputPass": 4,
        "currency": {
            "coinBoxRequiredAmount": 1500,
            "currency": "COP",
            "currencyPesos": "pesos",
            "decinmal": 0
        },
        "modalTimeouts": {
            "timeoutKeypad": 300,
            "timeoutInsertMoney": 120,
            "timeoutShowMessage": 15
        }
    },
    "report": {
        "daily": {
            "enabled": true,
            "hour": 0,
            "minute": 5
        },
        "weekly": {
            "enabled": true,
            "dayOfWeek": 1,
            "hour": 0,
            "minute": 10
        },
        "monthly": {
            "enabled": true,
            "dayOfMonth": 1,
            "hour": 0,
            "minute": 15
        },
        "timezoneMode": "local",
        "timeInterval": 60
    },
    "voice": {
        "enabled": true,
        "timeInterval": 20,
        "name": "Sabina",
        "rate": 1.5,
        "pitch": 2,
        "volume": 1,
        "message": {
            "welcome": "Bienvenido... Con TuLocker puedes guardar tus objetos personales de forma segura, para que estes comodo y tranquilo. Por tan solo {{amount}} {{pesos}}. No guardes si encuentras un casillero abierto, asigna uno desde la pantalla del sistema. No olvides cerrar el casillero al retirar tus pertenencias. Muchas gracias por utilizar nuestro servicio.",
            "assignLocker": "Tu casillero es el {{lockerCode}}, Guarda tus pertenencias, Gracias por utilizar nuestro servicio. No olvides cerrar el casillero.",
            "openSessionLocker": "Tu casillero es el {{lockerCode}}, Retira tus pertenencias, Gracias por utilizar nuestro servicio. No olvides cerrar el casillero, Disponible para una nueva asignacion.",
            "openReserveLocker": "Tu casillero es el {{lockerCode}}, Gracias por utilizar nuestro servicio. No olvides cerrar el casillero."
        }
    },
    "reserve": {
        "enabled": true,
        "porcentWeekly": 10,
        "porcentFortnightly": 20,
        "porcentMonthly": 30
    }
}
[2025-10-15 18:50:41] [DEBUG] [main] setup_config.json: {
    "customer": "Tulocker",
    "pointName": "CC Outlet Factory",
    "pointId": "Sótano 1",
    "sendSMS": true,
    "login": {
        "userOpera": "Operador",
        "passOpera": "250701",
        "userAdmin": "Administrador",
        "passAdmin": "070125",
        "avatarPath": "./assets/TuLockerIcono.jpg",
        "logoPath": "./assets/TuLockerHorizontal.png",
        "QRPath": "./assets/CodigoQR.png"
    },
    "paramsHtml": {
        "lenMaxInputPass": 4,
        "lenMinInputPass": 4,
        "currency": {
            "coinBoxRequiredAmount": 1500,
            "currency": "COP",
            "currencyPesos": "pesos",
            "decinmal": 0
        },
        "modalTimeouts": {
            "timeoutKeypad": 300,
            "timeoutInsertMoney": 120,
            "timeoutShowMessage": 15
        }
    },
    "report": {
        "daily": {
            "enabled": true,
            "hour": 0,
            "minute": 5
        },
        "weekly": {
            "enabled": true,
            "dayOfWeek": 1,
            "hour": 0,
            "minute": 10
        },
        "monthly": {
            "enabled": true,
            "dayOfMonth": 1,
            "hour": 0,
            "minute": 15
        },
        "timezoneMode": "local",
        "timeInterval": 60
    },
    "voice": {
        "enabled": true,
        "timeInterval": 20,
        "name": "Sabina",
        "rate": 1.5,
        "pitch": 2,
        "volume": 1,
        "message": {
            "welcome": "Bienvenido... Con TuLocker puedes guardar tus objetos personales de forma segura, para que estes comodo y tranquilo. Por tan solo {{amount}} {{pesos}}. No guardes si encuentras un casillero abierto, asigna uno desde la pantalla del sistema. No olvides cerrar el casillero al retirar tus pertenencias. Muchas gracias por utilizar nuestro servicio.",
            "assignLocker": "Tu casillero es el {{lockerCode}}, Guarda tus pertenencias, Gracias por utilizar nuestro servicio. No olvides cerrar el casillero.",
            "openSessionLocker": "Tu casillero es el {{lockerCode}}, Retira tus pertenencias, Gracias por utilizar nuestro servicio. No olvides cerrar el casillero, Disponible para una nueva asignacion.",
            "openReserveLocker": "Tu casillero es el {{lockerCode}}, Gracias por utilizar nuestro servicio. No olvides cerrar el casillero."
        }
    },
    "reserve": {
        "enabled": true,
        "porcentWeekly": 10,
        "porcentFortnightly": 20,
        "porcentMonthly": 30
    }
}
[2025-10-15 18:50:41] [INFO] [main] [login] Usuario autenticado en sesión principal, redirigiendo a /adminlockers
[2025-10-15 18:50:41] [INFO] [main] [copyright] Versión cargada: 1.1.0
[2025-10-15 18:50:41] [DEBUG] [main] setup_config.json: {
    "customer": "Tulocker",
    "pointName": "CC Outlet Factory",
    "pointId": "Sótano 1",
    "sendSMS": true,
    "login": {
        "userOpera": "Operador",
        "passOpera": "250701",
        "userAdmin": "Administrador",
        "passAdmin": "070125",
        "avatarPath": "./assets/TuLockerIcono.jpg",
        "logoPath": "./assets/TuLockerHorizontal.png",
        "QRPath": "./assets/CodigoQR.png"
    },
    "paramsHtml": {
        "lenMaxInputPass": 4,
        "lenMinInputPass": 4,
        "currency": {
            "coinBoxRequiredAmount": 1500,
            "currency": "COP",
            "currencyPesos": "pesos",
            "decinmal": 0
        },
        "modalTimeouts": {
            "timeoutKeypad": 300,
            "timeoutInsertMoney": 120,
            "timeoutShowMessage": 15
        }
    },
    "report": {
        "daily": {
            "enabled": true,
            "hour": 0,
            "minute": 5
        },
        "weekly": {
            "enabled": true,
            "dayOfWeek": 1,
            "hour": 0,
            "minute": 10
        },
        "monthly": {
            "enabled": true,
            "dayOfMonth": 1,
            "hour": 0,
            "minute": 15
        },
        "timezoneMode": "local",
        "timeInterval": 60
    },
    "voice": {
        "enabled": true,
        "timeInterval": 20,
        "name": "Sabina",
        "rate": 1.5,
        "pitch": 2,
        "volume": 1,
        "message": {
            "welcome": "Bienvenido... Con TuLocker puedes guardar tus objetos personales de forma segura, para que estes comodo y tranquilo. Por tan solo {{amount}} {{pesos}}. No guardes si encuentras un casillero abierto, asigna uno desde la pantalla del sistema. No olvides cerrar el casillero al retirar tus pertenencias. Muchas gracias por utilizar nuestro servicio.",
            "assignLocker": "Tu casillero es el {{lockerCode}}, Guarda tus pertenencias, Gracias por utilizar nuestro servicio. No olvides cerrar el casillero.",
            "openSessionLocker": "Tu casillero es el {{lockerCode}}, Retira tus pertenencias, Gracias por utilizar nuestro servicio. No olvides cerrar el casillero, Disponible para una nueva asignacion.",
            "openReserveLocker": "Tu casillero es el {{lockerCode}}, Gracias por utilizar nuestro servicio. No olvides cerrar el casillero."
        }
    },
    "reserve": {
        "enabled": true,
        "porcentWeekly": 10,
        "porcentFortnightly": 20,
        "porcentMonthly": 30
    }
}
[2025-10-15 18:50:41] [INFO] [main] [app] Componente App montado
[2025-10-15 18:50:41] [INFO] [main] [app] Versión cargada: 1.1.0
[2025-10-15 18:50:41] [DEBUG] [main] [scheduleReport] Scheduler deshabilitado, esperando que se active...
[2025-10-15 18:50:41] [DEBUG] [main] [scheduleReport] Scheduler deshabilitado, esperando que se active...
[2025-10-15 18:50:41] [DEBUG] [main] [scheduleReport] Scheduler deshabilitado, esperando que se active...
[2025-10-15 18:50:41] [DEBUG] [main] [main-renderer] CSP actual en meta: null
[2025-10-15 18:50:41] [DEBUG] [main] [main-renderer] CSP en localStorage: null
[2025-10-15 18:50:41] [DEBUG] [main] setup_config.json: {
    "customer": "Tulocker",
    "pointName": "CC Outlet Factory",
    "pointId": "Sótano 1",
    "sendSMS": true,
    "login": {
        "userOpera": "Operador",
        "passOpera": "250701",
        "userAdmin": "Administrador",
        "passAdmin": "070125",
        "avatarPath": "./assets/TuLockerIcono.jpg",
        "logoPath": "./assets/TuLockerHorizontal.png",
        "QRPath": "./assets/CodigoQR.png"
    },
    "paramsHtml": {
        "lenMaxInputPass": 4,
        "lenMinInputPass": 4,
        "currency": {
            "coinBoxRequiredAmount": 1500,
            "currency": "COP",
            "currencyPesos": "pesos",
            "decinmal": 0
        },
        "modalTimeouts": {
            "timeoutKeypad": 300,
            "timeoutInsertMoney": 120,
            "timeoutShowMessage": 15
        }
    },
    "report": {
        "daily": {
            "enabled": true,
            "hour": 0,
            "minute": 5
        },
        "weekly": {
            "enabled": true,
            "dayOfWeek": 1,
            "hour": 0,
            "minute": 10
        },
        "monthly": {
            "enabled": true,
            "dayOfMonth": 1,
            "hour": 0,
            "minute": 15
        },
        "timezoneMode": "local",
        "timeInterval": 60
    },
    "voice": {
        "enabled": true,
        "timeInterval": 20,
        "name": "Sabina",
        "rate": 1.5,
        "pitch": 2,
        "volume": 1,
        "message": {
            "welcome": "Bienvenido... Con TuLocker puedes guardar tus objetos personales de forma segura, para que estes comodo y tranquilo. Por tan solo {{amount}} {{pesos}}. No guardes si encuentras un casillero abierto, asigna uno desde la pantalla del sistema. No olvides cerrar el casillero al retirar tus pertenencias. Muchas gracias por utilizar nuestro servicio.",
            "assignLocker": "Tu casillero es el {{lockerCode}}, Guarda tus pertenencias, Gracias por utilizar nuestro servicio. No olvides cerrar el casillero.",
            "openSessionLocker": "Tu casillero es el {{lockerCode}}, Retira tus pertenencias, Gracias por utilizar nuestro servicio. No olvides cerrar el casillero, Disponible para una nueva asignacion.",
            "openReserveLocker": "Tu casillero es el {{lockerCode}}, Gracias por utilizar nuestro servicio. No olvides cerrar el casillero."
        }
    },
    "reserve": {
        "enabled": true,
        "porcentWeekly": 10,
        "porcentFortnightly": 20,
        "porcentMonthly": 30
    }
}
[2025-10-15 18:50:41] [DEBUG] [main] setup_config.json: {
    "customer": "Tulocker",
    "pointName": "CC Outlet Factory",
    "pointId": "Sótano 1",
    "sendSMS": true,
    "login": {
        "userOpera": "Operador",
        "passOpera": "250701",
        "userAdmin": "Administrador",
        "passAdmin": "070125",
        "avatarPath": "./assets/TuLockerIcono.jpg",
        "logoPath": "./assets/TuLockerHorizontal.png",
        "QRPath": "./assets/CodigoQR.png"
    },
    "paramsHtml": {
        "lenMaxInputPass": 4,
        "lenMinInputPass": 4,
        "currency": {
            "coinBoxRequiredAmount": 1500,
            "currency": "COP",
            "currencyPesos": "pesos",
            "decinmal": 0
        },
        "modalTimeouts": {
            "timeoutKeypad": 300,
            "timeoutInsertMoney": 120,
            "timeoutShowMessage": 15
        }
    },
    "report": {
        "daily": {
            "enabled": true,
            "hour": 0,
            "minute": 5
        },
        "weekly": {
            "enabled": true,
            "dayOfWeek": 1,
            "hour": 0,
            "minute": 10
        },
        "monthly": {
            "enabled": true,
            "dayOfMonth": 1,
            "hour": 0,
            "minute": 15
        },
        "timezoneMode": "local",
        "timeInterval": 60
    },
    "voice": {
        "enabled": true,
        "timeInterval": 20,
        "name": "Sabina",
        "rate": 1.5,
        "pitch": 2,
        "volume": 1,
        "message": {
            "welcome": "Bienvenido... Con TuLocker puedes guardar tus objetos personales de forma segura, para que estes comodo y tranquilo. Por tan solo {{amount}} {{pesos}}. No guardes si encuentras un casillero abierto, asigna uno desde la pantalla del sistema. No olvides cerrar el casillero al retirar tus pertenencias. Muchas gracias por utilizar nuestro servicio.",
            "assignLocker": "Tu casillero es el {{lockerCode}}, Guarda tus pertenencias, Gracias por utilizar nuestro servicio. No olvides cerrar el casillero.",
            "openSessionLocker": "Tu casillero es el {{lockerCode}}, Retira tus pertenencias, Gracias por utilizar nuestro servicio. No olvides cerrar el casillero, Disponible para una nueva asignacion.",
            "openReserveLocker": "Tu casillero es el {{lockerCode}}, Gracias por utilizar nuestro servicio. No olvides cerrar el casillero."
        }
    },
    "reserve": {
        "enabled": true,
        "porcentWeekly": 10,
        "porcentFortnightly": 20,
        "porcentMonthly": 30
    }
}
[2025-10-15 18:50:41] [INFO] [main] [copyright] Versión cargada: 1.1.0
[2025-10-15 18:50:41] [DEBUG] [main] setup_config.json: {
    "customer": "Tulocker",
    "pointName": "CC Outlet Factory",
    "pointId": "Sótano 1",
    "sendSMS": true,
    "login": {
        "userOpera": "Operador",
        "passOpera": "250701",
        "userAdmin": "Administrador",
        "passAdmin": "070125",
        "avatarPath": "./assets/TuLockerIcono.jpg",
        "logoPath": "./assets/TuLockerHorizontal.png",
        "QRPath": "./assets/CodigoQR.png"
    },
    "paramsHtml": {
        "lenMaxInputPass": 4,
        "lenMinInputPass": 4,
        "currency": {
            "coinBoxRequiredAmount": 1500,
            "currency": "COP",
            "currencyPesos": "pesos",
            "decinmal": 0
        },
        "modalTimeouts": {
            "timeoutKeypad": 300,
            "timeoutInsertMoney": 120,
            "timeoutShowMessage": 15
        }
    },
    "report": {
        "daily": {
            "enabled": true,
            "hour": 0,
            "minute": 5
        },
        "weekly": {
            "enabled": true,
            "dayOfWeek": 1,
            "hour": 0,
            "minute": 10
        },
        "monthly": {
            "enabled": true,
            "dayOfMonth": 1,
            "hour": 0,
            "minute": 15
        },
        "timezoneMode": "local",
        "timeInterval": 60
    },
    "voice": {
        "enabled": true,
        "timeInterval": 20,
        "name": "Sabina",
        "rate": 1.5,
        "pitch": 2,
        "volume": 1,
        "message": {
            "welcome": "Bienvenido... Con TuLocker puedes guardar tus objetos personales de forma segura, para que estes comodo y tranquilo. Por tan solo {{amount}} {{pesos}}. No guardes si encuentras un casillero abierto, asigna uno desde la pantalla del sistema. No olvides cerrar el casillero al retirar tus pertenencias. Muchas gracias por utilizar nuestro servicio.",
            "assignLocker": "Tu casillero es el {{lockerCode}}, Guarda tus pertenencias, Gracias por utilizar nuestro servicio. No olvides cerrar el casillero.",
            "openSessionLocker": "Tu casillero es el {{lockerCode}}, Retira tus pertenencias, Gracias por utilizar nuestro servicio. No olvides cerrar el casillero, Disponible para una nueva asignacion.",
            "openReserveLocker": "Tu casillero es el {{lockerCode}}, Gracias por utilizar nuestro servicio. No olvides cerrar el casillero."
        }
    },
    "reserve": {
        "enabled": true,
        "porcentWeekly": 10,
        "porcentFortnightly": 20,
        "porcentMonthly": 30
    }
}
[2025-10-15 18:50:41] [INFO] [main] [app] Componente App montado
[2025-10-15 18:50:41] [INFO] [main] [app] Versión cargada: 1.1.0
[2025-10-15 18:50:41] [DEBUG] [main] [scheduleReport] Scheduler deshabilitado, esperando que se active...
[2025-10-15 18:50:41] [DEBUG] [main] [scheduleReport] Scheduler deshabilitado, esperando que se active...
[2025-10-15 18:50:41] [DEBUG] [main] [scheduleReport] Scheduler deshabilitado, esperando que se active...
[2025-10-15 18:50:41] [DEBUG] [main] [main-renderer] CSP actual en meta: null
[2025-10-15 18:50:41] [DEBUG] [main] [main-renderer] CSP en localStorage: null
[2025-10-15 18:50:41] [DEBUG] [main] [app] Scheduler diario habilitado: false | usuario config: undefined | usuario actual: administrador
[2025-10-15 18:50:41] [DEBUG] [main] [app] Scheduler semanal habilitado: false | usuario config: undefined | usuario actual: administrador
[2025-10-15 18:50:41] [DEBUG] [main] [app] Scheduler mensual habilitado: false | usuario config: undefined | usuario actual: administrador
[2025-10-15 18:50:41] [DEBUG] [main] [app] Scheduler diario habilitado: false | usuario config: undefined | usuario actual: administrador
[2025-10-15 18:50:41] [DEBUG] [main] [app] Scheduler semanal habilitado: false | usuario config: undefined | usuario actual: administrador
[2025-10-15 18:50:41] [DEBUG] [main] [app] Scheduler mensual habilitado: false | usuario config: undefined | usuario actual: administrador
[2025-10-15 18:50:41] [DEBUG] [main] [scheduleReport] Scheduler deshabilitado, esperando que se active...
[2025-10-15 18:50:41] [DEBUG] [main] [scheduleReport] Scheduler deshabilitado, esperando que se active...
[2025-10-15 18:50:41] [DEBUG] [main] [scheduleReport] Scheduler deshabilitado, esperando que se active...
[2025-10-15 18:50:41] [INFO] [main] [useConfig] Configuración inicial obtenida
[2025-10-15 18:50:41] [INFO] [main] [useConfig] Configuración inicial obtenida
[2025-10-15 18:50:41] [INFO] [main] [useConfig] Configuración inicial obtenida
[2025-10-15 18:50:41] [INFO] [main] [useConfig] Configuración inicial obtenida
[2025-10-15 18:50:41] [INFO] [main] [useConfig] Configuración inicial obtenida
[2025-10-15 18:50:41] [INFO] [main] [useConfig] Configuración inicial obtenida
[2025-10-15 18:50:41] [DEBUG] [main] [app] Scheduler diario habilitado: false | usuario config: operador | usuario actual: administrador
[2025-10-15 18:50:41] [DEBUG] [main] [app] Scheduler semanal habilitado: false | usuario config: operador | usuario actual: administrador
[2025-10-15 18:50:41] [DEBUG] [main] [app] Scheduler mensual habilitado: false | usuario config: operador | usuario actual: administrador
[2025-10-15 18:50:41] [DEBUG] [main] [app] Scheduler diario habilitado: false | usuario config: operador | usuario actual: administrador
[2025-10-15 18:50:41] [DEBUG] [main] [app] Scheduler semanal habilitado: false | usuario config: operador | usuario actual: administrador
[2025-10-15 18:50:41] [DEBUG] [main] [app] Scheduler mensual habilitado: false | usuario config: operador | usuario actual: administrador
[2025-10-15 18:50:41] [DEBUG] [main] [app] Voz configurada: default, rate: 1.5, volume: 1, pitch: 2
[2025-10-15 18:50:41] [DEBUG] [main] [scheduleReport] Scheduler deshabilitado, esperando que se active...
[2025-10-15 18:50:41] [DEBUG] [main] [scheduleReport] Scheduler deshabilitado, esperando que se active...
[2025-10-15 18:50:41] [DEBUG] [main] [scheduleReport] Scheduler deshabilitado, esperando que se active...
[2025-10-15 18:50:41] [DEBUG] [main] setup_config.json: {
    "customer": "Tulocker",
    "pointName": "CC Outlet Factory",
    "pointId": "Sótano 1",
    "sendSMS": true,
    "login": {
        "userOpera": "Operador",
        "passOpera": "250701",
        "userAdmin": "Administrador",
        "passAdmin": "070125",
        "avatarPath": "./assets/TuLockerIcono.jpg",
        "logoPath": "./assets/TuLockerHorizontal.png",
        "QRPath": "./assets/CodigoQR.png"
    },
    "paramsHtml": {
        "lenMaxInputPass": 4,
        "lenMinInputPass": 4,
        "currency": {
            "coinBoxRequiredAmount": 1500,
            "currency": "COP",
            "currencyPesos": "pesos",
            "decinmal": 0
        },
        "modalTimeouts": {
            "timeoutKeypad": 300,
            "timeoutInsertMoney": 120,
            "timeoutShowMessage": 15
        }
    },
    "report": {
        "daily": {
            "enabled": true,
            "hour": 0,
            "minute": 5
        },
        "weekly": {
            "enabled": true,
            "dayOfWeek": 1,
            "hour": 0,
            "minute": 10
        },
        "monthly": {
            "enabled": true,
            "dayOfMonth": 1,
            "hour": 0,
            "minute": 15
        },
        "timezoneMode": "local",
        "timeInterval": 60
    },
    "voice": {
        "enabled": true,
        "timeInterval": 20,
        "name": "Sabina",
        "rate": 1.5,
        "pitch": 2,
        "volume": 1,
        "message": {
            "welcome": "Bienvenido... Con TuLocker puedes guardar tus objetos personales de forma segura, para que estes comodo y tranquilo. Por tan solo {{amount}} {{pesos}}. No guardes si encuentras un casillero abierto, asigna uno desde la pantalla del sistema. No olvides cerrar el casillero al retirar tus pertenencias. Muchas gracias por utilizar nuestro servicio.",
            "assignLocker": "Tu casillero es el {{lockerCode}}, Guarda tus pertenencias, Gracias por utilizar nuestro servicio. No olvides cerrar el casillero.",
            "openSessionLocker": "Tu casillero es el {{lockerCode}}, Retira tus pertenencias, Gracias por utilizar nuestro servicio. No olvides cerrar el casillero, Disponible para una nueva asignacion.",
            "openReserveLocker": "Tu casillero es el {{lockerCode}}, Gracias por utilizar nuestro servicio. No olvides cerrar el casillero."
        }
    },
    "reserve": {
        "enabled": true,
        "porcentWeekly": 10,
        "porcentFortnightly": 20,
        "porcentMonthly": 30
    }
}
[2025-10-15 18:50:41] [DEBUG] [main] setup_config.json: {
    "customer": "Tulocker",
    "pointName": "CC Outlet Factory",
    "pointId": "Sótano 1",
    "sendSMS": true,
    "login": {
        "userOpera": "Operador",
        "passOpera": "250701",
        "userAdmin": "Administrador",
        "passAdmin": "070125",
        "avatarPath": "./assets/TuLockerIcono.jpg",
        "logoPath": "./assets/TuLockerHorizontal.png",
        "QRPath": "./assets/CodigoQR.png"
    },
    "paramsHtml": {
        "lenMaxInputPass": 4,
        "lenMinInputPass": 4,
        "currency": {
            "coinBoxRequiredAmount": 1500,
            "currency": "COP",
            "currencyPesos": "pesos",
            "decinmal": 0
        },
        "modalTimeouts": {
            "timeoutKeypad": 300,
            "timeoutInsertMoney": 120,
            "timeoutShowMessage": 15
        }
    },
    "report": {
        "daily": {
            "enabled": true,
            "hour": 0,
            "minute": 5
        },
        "weekly": {
            "enabled": true,
            "dayOfWeek": 1,
            "hour": 0,
            "minute": 10
        },
        "monthly": {
            "enabled": true,
            "dayOfMonth": 1,
            "hour": 0,
            "minute": 15
        },
        "timezoneMode": "local",
        "timeInterval": 60
    },
    "voice": {
        "enabled": true,
        "timeInterval": 20,
        "name": "Sabina",
        "rate": 1.5,
        "pitch": 2,
        "volume": 1,
        "message": {
            "welcome": "Bienvenido... Con TuLocker puedes guardar tus objetos personales de forma segura, para que estes comodo y tranquilo. Por tan solo {{amount}} {{pesos}}. No guardes si encuentras un casillero abierto, asigna uno desde la pantalla del sistema. No olvides cerrar el casillero al retirar tus pertenencias. Muchas gracias por utilizar nuestro servicio.",
            "assignLocker": "Tu casillero es el {{lockerCode}}, Guarda tus pertenencias, Gracias por utilizar nuestro servicio. No olvides cerrar el casillero.",
            "openSessionLocker": "Tu casillero es el {{lockerCode}}, Retira tus pertenencias, Gracias por utilizar nuestro servicio. No olvides cerrar el casillero, Disponible para una nueva asignacion.",
            "openReserveLocker": "Tu casillero es el {{lockerCode}}, Gracias por utilizar nuestro servicio. No olvides cerrar el casillero."
        }
    },
    "reserve": {
        "enabled": true,
        "porcentWeekly": 10,
        "porcentFortnightly": 20,
        "porcentMonthly": 30
    }
}
[2025-10-15 18:50:41] [INFO] [main] [statusLockers] Iniciando petición para obtener casilleros disponibles
[2025-10-15 18:50:41] [INFO] [main] [statusLockers] Timeout efectivo en ejecución: 30000
[2025-10-15 18:50:41] [INFO] [main] [statusLockers] Intento 1: HOST -> http://localhost:8080
[2025-10-15 18:50:41] [INFO] [main] [statusLockers] Intento 1: URL -> /api/lockers/get-all-status
[2025-10-15 18:50:41] [DEBUG] [main] setup_config.json: {
    "customer": "Tulocker",
    "pointName": "CC Outlet Factory",
    "pointId": "Sótano 1",
    "sendSMS": true,
    "login": {
        "userOpera": "Operador",
        "passOpera": "250701",
        "userAdmin": "Administrador",
        "passAdmin": "070125",
        "avatarPath": "./assets/TuLockerIcono.jpg",
        "logoPath": "./assets/TuLockerHorizontal.png",
        "QRPath": "./assets/CodigoQR.png"
    },
    "paramsHtml": {
        "lenMaxInputPass": 4,
        "lenMinInputPass": 4,
        "currency": {
            "coinBoxRequiredAmount": 1500,
            "currency": "COP",
            "currencyPesos": "pesos",
            "decinmal": 0
        },
        "modalTimeouts": {
            "timeoutKeypad": 300,
            "timeoutInsertMoney": 120,
            "timeoutShowMessage": 15
        }
    },
    "report": {
        "daily": {
            "enabled": true,
            "hour": 0,
            "minute": 5
        },
        "weekly": {
            "enabled": true,
            "dayOfWeek": 1,
            "hour": 0,
            "minute": 10
        },
        "monthly": {
            "enabled": true,
            "dayOfMonth": 1,
            "hour": 0,
            "minute": 15
        },
        "timezoneMode": "local",
        "timeInterval": 60
    },
    "voice": {
        "enabled": true,
        "timeInterval": 20,
        "name": "Sabina",
        "rate": 1.5,
        "pitch": 2,
        "volume": 1,
        "message": {
            "welcome": "Bienvenido... Con TuLocker puedes guardar tus objetos personales de forma segura, para que estes comodo y tranquilo. Por tan solo {{amount}} {{pesos}}. No guardes si encuentras un casillero abierto, asigna uno desde la pantalla del sistema. No olvides cerrar el casillero al retirar tus pertenencias. Muchas gracias por utilizar nuestro servicio.",
            "assignLocker": "Tu casillero es el {{lockerCode}}, Guarda tus pertenencias, Gracias por utilizar nuestro servicio. No olvides cerrar el casillero.",
            "openSessionLocker": "Tu casillero es el {{lockerCode}}, Retira tus pertenencias, Gracias por utilizar nuestro servicio. No olvides cerrar el casillero, Disponible para una nueva asignacion.",
            "openReserveLocker": "Tu casillero es el {{lockerCode}}, Gracias por utilizar nuestro servicio. No olvides cerrar el casillero."
        }
    },
    "reserve": {
        "enabled": true,
        "porcentWeekly": 10,
        "porcentFortnightly": 20,
        "porcentMonthly": 30
    }
}
[2025-10-15 18:50:41] [DEBUG] [main] setup_config.json: {
    "customer": "Tulocker",
    "pointName": "CC Outlet Factory",
    "pointId": "Sótano 1",
    "sendSMS": true,
    "login": {
        "userOpera": "Operador",
        "passOpera": "250701",
        "userAdmin": "Administrador",
        "passAdmin": "070125",
        "avatarPath": "./assets/TuLockerIcono.jpg",
        "logoPath": "./assets/TuLockerHorizontal.png",
        "QRPath": "./assets/CodigoQR.png"
    },
    "paramsHtml": {
        "lenMaxInputPass": 4,
        "lenMinInputPass": 4,
        "currency": {
            "coinBoxRequiredAmount": 1500,
            "currency": "COP",
            "currencyPesos": "pesos",
            "decinmal": 0
        },
        "modalTimeouts": {
            "timeoutKeypad": 300,
            "timeoutInsertMoney": 120,
            "timeoutShowMessage": 15
        }
    },
    "report": {
        "daily": {
            "enabled": true,
            "hour": 0,
            "minute": 5
        },
        "weekly": {
            "enabled": true,
            "dayOfWeek": 1,
            "hour": 0,
            "minute": 10
        },
        "monthly": {
            "enabled": true,
            "dayOfMonth": 1,
            "hour": 0,
            "minute": 15
        },
        "timezoneMode": "local",
        "timeInterval": 60
    },
    "voice": {
        "enabled": true,
        "timeInterval": 20,
        "name": "Sabina",
        "rate": 1.5,
        "pitch": 2,
        "volume": 1,
        "message": {
            "welcome": "Bienvenido... Con TuLocker puedes guardar tus objetos personales de forma segura, para que estes comodo y tranquilo. Por tan solo {{amount}} {{pesos}}. No guardes si encuentras un casillero abierto, asigna uno desde la pantalla del sistema. No olvides cerrar el casillero al retirar tus pertenencias. Muchas gracias por utilizar nuestro servicio.",
            "assignLocker": "Tu casillero es el {{lockerCode}}, Guarda tus pertenencias, Gracias por utilizar nuestro servicio. No olvides cerrar el casillero.",
            "openSessionLocker": "Tu casillero es el {{lockerCode}}, Retira tus pertenencias, Gracias por utilizar nuestro servicio. No olvides cerrar el casillero, Disponible para una nueva asignacion.",
            "openReserveLocker": "Tu casillero es el {{lockerCode}}, Gracias por utilizar nuestro servicio. No olvides cerrar el casillero."
        }
    },
    "reserve": {
        "enabled": true,
        "porcentWeekly": 10,
        "porcentFortnightly": 20,
        "porcentMonthly": 30
    }
}
[2025-10-15 18:50:41] [INFO] [main] [statusLockers] Iniciando petición para obtener casilleros disponibles
[2025-10-15 18:50:41] [INFO] [main] [statusLockers] Timeout efectivo en ejecución: 30000
[2025-10-15 18:50:41] [INFO] [main] [statusLockers] Intento 1: HOST -> http://localhost:8080
[2025-10-15 18:50:41] [INFO] [main] [statusLockers] Intento 1: URL -> /api/lockers/get-all-status
[2025-10-15 18:50:41] [DEBUG] [main] [axiosConfig] Token agregado al header
[2025-10-15 18:50:41] [DEBUG] [main] [axiosConfig] Token agregado al header
[2025-10-15 18:50:41] [INFO] [main] [useConfig] Configuración inicial obtenida
[2025-10-15 18:50:41] [INFO] [main] [useConfig] Configuración inicial obtenida
[2025-10-15 18:50:41] [INFO] [main] [useConfig] Configuración inicial obtenida
[2025-10-15 18:50:41] [INFO] [main] [useConfig] Configuración inicial obtenida
[2025-10-15 18:50:41] [DEBUG] [main] [main-renderer] RootApp size {"width":1979,"height":1112,"orientation":"landscape","factor":1.03}
[2025-10-15 18:50:41] [DEBUG] [main] [theme] factor theme:  1.03
[2025-10-15 18:50:41] [DEBUG] [main] [theme] factor theme:  1.03
[2025-10-15 18:50:41] [DEBUG] [main] [main-renderer] RootApp size {"width":1979,"height":1112,"orientation":"landscape","factor":1.03}
[2025-10-15 18:50:41] [DEBUG] [main] [app] Scheduler diario habilitado: false | usuario config: undefined | usuario actual: administrador
[2025-10-15 18:50:41] [DEBUG] [main] [app] Scheduler semanal habilitado: false | usuario config: undefined | usuario actual: administrador
[2025-10-15 18:50:41] [DEBUG] [main] [app] Scheduler mensual habilitado: false | usuario config: undefined | usuario actual: administrador
[2025-10-15 18:50:41] [DEBUG] [main] [app] Scheduler diario habilitado: false | usuario config: undefined | usuario actual: administrador
[2025-10-15 18:50:41] [DEBUG] [main] [app] Scheduler semanal habilitado: false | usuario config: undefined | usuario actual: administrador
[2025-10-15 18:50:41] [DEBUG] [main] [app] Scheduler mensual habilitado: false | usuario config: undefined | usuario actual: administrador
[2025-10-15 18:50:42] [DEBUG] [main] setup_config.json: {
    "customer": "Tulocker",
    "pointName": "CC Outlet Factory",
    "pointId": "Sótano 1",
    "sendSMS": true,
    "login": {
        "userOpera": "Operador",
        "passOpera": "250701",
        "userAdmin": "Administrador",
        "passAdmin": "070125",
        "avatarPath": "./assets/TuLockerIcono.jpg",
        "logoPath": "./assets/TuLockerHorizontal.png",
        "QRPath": "./assets/CodigoQR.png"
    },
    "paramsHtml": {
        "lenMaxInputPass": 4,
        "lenMinInputPass": 4,
        "currency": {
            "coinBoxRequiredAmount": 1500,
            "currency": "COP",
            "currencyPesos": "pesos",
            "decinmal": 0
        },
        "modalTimeouts": {
            "timeoutKeypad": 300,
            "timeoutInsertMoney": 120,
            "timeoutShowMessage": 15
        }
    },
    "report": {
        "daily": {
            "enabled": true,
            "hour": 0,
            "minute": 5
        },
        "weekly": {
            "enabled": true,
            "dayOfWeek": 1,
            "hour": 0,
            "minute": 10
        },
        "monthly": {
            "enabled": true,
            "dayOfMonth": 1,
            "hour": 0,
            "minute": 15
        },
        "timezoneMode": "local",
        "timeInterval": 60
    },
    "voice": {
        "enabled": true,
        "timeInterval": 20,
        "name": "Sabina",
        "rate": 1.5,
        "pitch": 2,
        "volume": 1,
        "message": {
            "welcome": "Bienvenido... Con TuLocker puedes guardar tus objetos personales de forma segura, para que estes comodo y tranquilo. Por tan solo {{amount}} {{pesos}}. No guardes si encuentras un casillero abierto, asigna uno desde la pantalla del sistema. No olvides cerrar el casillero al retirar tus pertenencias. Muchas gracias por utilizar nuestro servicio.",
            "assignLocker": "Tu casillero es el {{lockerCode}}, Guarda tus pertenencias, Gracias por utilizar nuestro servicio. No olvides cerrar el casillero.",
            "openSessionLocker": "Tu casillero es el {{lockerCode}}, Retira tus pertenencias, Gracias por utilizar nuestro servicio. No olvides cerrar el casillero, Disponible para una nueva asignacion.",
            "openReserveLocker": "Tu casillero es el {{lockerCode}}, Gracias por utilizar nuestro servicio. No olvides cerrar el casillero."
        }
    },
    "reserve": {
        "enabled": true,
        "porcentWeekly": 10,
        "porcentFortnightly": 20,
        "porcentMonthly": 30
    }
}
[2025-10-15 18:50:42] [DEBUG] [main] setup_config.json: {
    "customer": "Tulocker",
    "pointName": "CC Outlet Factory",
    "pointId": "Sótano 1",
    "sendSMS": true,
    "login": {
        "userOpera": "Operador",
        "passOpera": "250701",
        "userAdmin": "Administrador",
        "passAdmin": "070125",
        "avatarPath": "./assets/TuLockerIcono.jpg",
        "logoPath": "./assets/TuLockerHorizontal.png",
        "QRPath": "./assets/CodigoQR.png"
    },
    "paramsHtml": {
        "lenMaxInputPass": 4,
        "lenMinInputPass": 4,
        "currency": {
            "coinBoxRequiredAmount": 1500,
            "currency": "COP",
            "currencyPesos": "pesos",
            "decinmal": 0
        },
        "modalTimeouts": {
            "timeoutKeypad": 300,
            "timeoutInsertMoney": 120,
            "timeoutShowMessage": 15
        }
    },
    "report": {
        "daily": {
            "enabled": true,
            "hour": 0,
            "minute": 5
        },
        "weekly": {
            "enabled": true,
            "dayOfWeek": 1,
            "hour": 0,
            "minute": 10
        },
        "monthly": {
            "enabled": true,
            "dayOfMonth": 1,
            "hour": 0,
            "minute": 15
        },
        "timezoneMode": "local",
        "timeInterval": 60
    },
    "voice": {
        "enabled": true,
        "timeInterval": 20,
        "name": "Sabina",
        "rate": 1.5,
        "pitch": 2,
        "volume": 1,
        "message": {
            "welcome": "Bienvenido... Con TuLocker puedes guardar tus objetos personales de forma segura, para que estes comodo y tranquilo. Por tan solo {{amount}} {{pesos}}. No guardes si encuentras un casillero abierto, asigna uno desde la pantalla del sistema. No olvides cerrar el casillero al retirar tus pertenencias. Muchas gracias por utilizar nuestro servicio.",
            "assignLocker": "Tu casillero es el {{lockerCode}}, Guarda tus pertenencias, Gracias por utilizar nuestro servicio. No olvides cerrar el casillero.",
            "openSessionLocker": "Tu casillero es el {{lockerCode}}, Retira tus pertenencias, Gracias por utilizar nuestro servicio. No olvides cerrar el casillero, Disponible para una nueva asignacion.",
            "openReserveLocker": "Tu casillero es el {{lockerCode}}, Gracias por utilizar nuestro servicio. No olvides cerrar el casillero."
        }
    },
    "reserve": {
        "enabled": true,
        "porcentWeekly": 10,
        "porcentFortnightly": 20,
        "porcentMonthly": 30
    }
}
[2025-10-15 18:50:42] [DEBUG] [main] setup_config.json: {
    "customer": "Tulocker",
    "pointName": "CC Outlet Factory",
    "pointId": "Sótano 1",
    "sendSMS": true,
    "login": {
        "userOpera": "Operador",
        "passOpera": "250701",
        "userAdmin": "Administrador",
        "passAdmin": "070125",
        "avatarPath": "./assets/TuLockerIcono.jpg",
        "logoPath": "./assets/TuLockerHorizontal.png",
        "QRPath": "./assets/CodigoQR.png"
    },
    "paramsHtml": {
        "lenMaxInputPass": 4,
        "lenMinInputPass": 4,
        "currency": {
            "coinBoxRequiredAmount": 1500,
            "currency": "COP",
            "currencyPesos": "pesos",
            "decinmal": 0
        },
        "modalTimeouts": {
            "timeoutKeypad": 300,
            "timeoutInsertMoney": 120,
            "timeoutShowMessage": 15
        }
    },
    "report": {
        "daily": {
            "enabled": true,
            "hour": 0,
            "minute": 5
        },
        "weekly": {
            "enabled": true,
            "dayOfWeek": 1,
            "hour": 0,
            "minute": 10
        },
        "monthly": {
            "enabled": true,
            "dayOfMonth": 1,
            "hour": 0,
            "minute": 15
        },
        "timezoneMode": "local",
        "timeInterval": 60
    },
    "voice": {
        "enabled": true,
        "timeInterval": 20,
        "name": "Sabina",
        "rate": 1.5,
        "pitch": 2,
        "volume": 1,
        "message": {
            "welcome": "Bienvenido... Con TuLocker puedes guardar tus objetos personales de forma segura, para que estes comodo y tranquilo. Por tan solo {{amount}} {{pesos}}. No guardes si encuentras un casillero abierto, asigna uno desde la pantalla del sistema. No olvides cerrar el casillero al retirar tus pertenencias. Muchas gracias por utilizar nuestro servicio.",
            "assignLocker": "Tu casillero es el {{lockerCode}}, Guarda tus pertenencias, Gracias por utilizar nuestro servicio. No olvides cerrar el casillero.",
            "openSessionLocker": "Tu casillero es el {{lockerCode}}, Retira tus pertenencias, Gracias por utilizar nuestro servicio. No olvides cerrar el casillero, Disponible para una nueva asignacion.",
            "openReserveLocker": "Tu casillero es el {{lockerCode}}, Gracias por utilizar nuestro servicio. No olvides cerrar el casillero."
        }
    },
    "reserve": {
        "enabled": true,
        "porcentWeekly": 10,
        "porcentFortnightly": 20,
        "porcentMonthly": 30
    }
}
[2025-10-15 18:50:42] [INFO] [main] [statusLockers] Iniciando petición para obtener casilleros disponibles
[2025-10-15 18:50:42] [INFO] [main] [statusLockers] Timeout efectivo en ejecución: 30000
[2025-10-15 18:50:42] [INFO] [main] [statusLockers] Intento 1: HOST -> http://localhost:8080
[2025-10-15 18:50:42] [INFO] [main] [statusLockers] Intento 1: URL -> /api/lockers/get-all-status
[2025-10-15 18:50:42] [INFO] [main] [copyright] Versión cargada: 1.1.0
[2025-10-15 18:50:42] [DEBUG] [main] setup_config.json: {
    "customer": "Tulocker",
    "pointName": "CC Outlet Factory",
    "pointId": "Sótano 1",
    "sendSMS": true,
    "login": {
        "userOpera": "Operador",
        "passOpera": "250701",
        "userAdmin": "Administrador",
        "passAdmin": "070125",
        "avatarPath": "./assets/TuLockerIcono.jpg",
        "logoPath": "./assets/TuLockerHorizontal.png",
        "QRPath": "./assets/CodigoQR.png"
    },
    "paramsHtml": {
        "lenMaxInputPass": 4,
        "lenMinInputPass": 4,
        "currency": {
            "coinBoxRequiredAmount": 1500,
            "currency": "COP",
            "currencyPesos": "pesos",
            "decinmal": 0
        },
        "modalTimeouts": {
            "timeoutKeypad": 300,
            "timeoutInsertMoney": 120,
            "timeoutShowMessage": 15
        }
    },
    "report": {
        "daily": {
            "enabled": true,
            "hour": 0,
            "minute": 5
        },
        "weekly": {
            "enabled": true,
            "dayOfWeek": 1,
            "hour": 0,
            "minute": 10
        },
        "monthly": {
            "enabled": true,
            "dayOfMonth": 1,
            "hour": 0,
            "minute": 15
        },
        "timezoneMode": "local",
        "timeInterval": 60
    },
    "voice": {
        "enabled": true,
        "timeInterval": 20,
        "name": "Sabina",
        "rate": 1.5,
        "pitch": 2,
        "volume": 1,
        "message": {
            "welcome": "Bienvenido... Con TuLocker puedes guardar tus objetos personales de forma segura, para que estes comodo y tranquilo. Por tan solo {{amount}} {{pesos}}. No guardes si encuentras un casillero abierto, asigna uno desde la pantalla del sistema. No olvides cerrar el casillero al retirar tus pertenencias. Muchas gracias por utilizar nuestro servicio.",
            "assignLocker": "Tu casillero es el {{lockerCode}}, Guarda tus pertenencias, Gracias por utilizar nuestro servicio. No olvides cerrar el casillero.",
            "openSessionLocker": "Tu casillero es el {{lockerCode}}, Retira tus pertenencias, Gracias por utilizar nuestro servicio. No olvides cerrar el casillero, Disponible para una nueva asignacion.",
            "openReserveLocker": "Tu casillero es el {{lockerCode}}, Gracias por utilizar nuestro servicio. No olvides cerrar el casillero."
        }
    },
    "reserve": {
        "enabled": true,
        "porcentWeekly": 10,
        "porcentFortnightly": 20,
        "porcentMonthly": 30
    }
}
[2025-10-15 18:50:42] [INFO] [main] [app] Componente App montado
[2025-10-15 18:50:42] [INFO] [main] [app] Versión cargada: 1.1.0
[2025-10-15 18:50:42] [DEBUG] [main] [scheduleReport] Scheduler deshabilitado, esperando que se active...
[2025-10-15 18:50:42] [DEBUG] [main] [scheduleReport] Scheduler deshabilitado, esperando que se active...
[2025-10-15 18:50:42] [DEBUG] [main] [scheduleReport] Scheduler deshabilitado, esperando que se active...
[2025-10-15 18:50:42] [DEBUG] [main] setup_config.json: {
    "customer": "Tulocker",
    "pointName": "CC Outlet Factory",
    "pointId": "Sótano 1",
    "sendSMS": true,
    "login": {
        "userOpera": "Operador",
        "passOpera": "250701",
        "userAdmin": "Administrador",
        "passAdmin": "070125",
        "avatarPath": "./assets/TuLockerIcono.jpg",
        "logoPath": "./assets/TuLockerHorizontal.png",
        "QRPath": "./assets/CodigoQR.png"
    },
    "paramsHtml": {
        "lenMaxInputPass": 4,
        "lenMinInputPass": 4,
        "currency": {
            "coinBoxRequiredAmount": 1500,
            "currency": "COP",
            "currencyPesos": "pesos",
            "decinmal": 0
        },
        "modalTimeouts": {
            "timeoutKeypad": 300,
            "timeoutInsertMoney": 120,
            "timeoutShowMessage": 15
        }
    },
    "report": {
        "daily": {
            "enabled": true,
            "hour": 0,
            "minute": 5
        },
        "weekly": {
            "enabled": true,
            "dayOfWeek": 1,
            "hour": 0,
            "minute": 10
        },
        "monthly": {
            "enabled": true,
            "dayOfMonth": 1,
            "hour": 0,
            "minute": 15
        },
        "timezoneMode": "local",
        "timeInterval": 60
    },
    "voice": {
        "enabled": true,
        "timeInterval": 20,
        "name": "Sabina",
        "rate": 1.5,
        "pitch": 2,
        "volume": 1,
        "message": {
            "welcome": "Bienvenido... Con TuLocker puedes guardar tus objetos personales de forma segura, para que estes comodo y tranquilo. Por tan solo {{amount}} {{pesos}}. No guardes si encuentras un casillero abierto, asigna uno desde la pantalla del sistema. No olvides cerrar el casillero al retirar tus pertenencias. Muchas gracias por utilizar nuestro servicio.",
            "assignLocker": "Tu casillero es el {{lockerCode}}, Guarda tus pertenencias, Gracias por utilizar nuestro servicio. No olvides cerrar el casillero.",
            "openSessionLocker": "Tu casillero es el {{lockerCode}}, Retira tus pertenencias, Gracias por utilizar nuestro servicio. No olvides cerrar el casillero, Disponible para una nueva asignacion.",
            "openReserveLocker": "Tu casillero es el {{lockerCode}}, Gracias por utilizar nuestro servicio. No olvides cerrar el casillero."
        }
    },
    "reserve": {
        "enabled": true,
        "porcentWeekly": 10,
        "porcentFortnightly": 20,
        "porcentMonthly": 30
    }
}
[2025-10-15 18:50:42] [DEBUG] [main] setup_config.json: {
    "customer": "Tulocker",
    "pointName": "CC Outlet Factory",
    "pointId": "Sótano 1",
    "sendSMS": true,
    "login": {
        "userOpera": "Operador",
        "passOpera": "250701",
        "userAdmin": "Administrador",
        "passAdmin": "070125",
        "avatarPath": "./assets/TuLockerIcono.jpg",
        "logoPath": "./assets/TuLockerHorizontal.png",
        "QRPath": "./assets/CodigoQR.png"
    },
    "paramsHtml": {
        "lenMaxInputPass": 4,
        "lenMinInputPass": 4,
        "currency": {
            "coinBoxRequiredAmount": 1500,
            "currency": "COP",
            "currencyPesos": "pesos",
            "decinmal": 0
        },
        "modalTimeouts": {
            "timeoutKeypad": 300,
            "timeoutInsertMoney": 120,
            "timeoutShowMessage": 15
        }
    },
    "report": {
        "daily": {
            "enabled": true,
            "hour": 0,
            "minute": 5
        },
        "weekly": {
            "enabled": true,
            "dayOfWeek": 1,
            "hour": 0,
            "minute": 10
        },
        "monthly": {
            "enabled": true,
            "dayOfMonth": 1,
            "hour": 0,
            "minute": 15
        },
        "timezoneMode": "local",
        "timeInterval": 60
    },
    "voice": {
        "enabled": true,
        "timeInterval": 20,
        "name": "Sabina",
        "rate": 1.5,
        "pitch": 2,
        "volume": 1,
        "message": {
            "welcome": "Bienvenido... Con TuLocker puedes guardar tus objetos personales de forma segura, para que estes comodo y tranquilo. Por tan solo {{amount}} {{pesos}}. No guardes si encuentras un casillero abierto, asigna uno desde la pantalla del sistema. No olvides cerrar el casillero al retirar tus pertenencias. Muchas gracias por utilizar nuestro servicio.",
            "assignLocker": "Tu casillero es el {{lockerCode}}, Guarda tus pertenencias, Gracias por utilizar nuestro servicio. No olvides cerrar el casillero.",
            "openSessionLocker": "Tu casillero es el {{lockerCode}}, Retira tus pertenencias, Gracias por utilizar nuestro servicio. No olvides cerrar el casillero, Disponible para una nueva asignacion.",
            "openReserveLocker": "Tu casillero es el {{lockerCode}}, Gracias por utilizar nuestro servicio. No olvides cerrar el casillero."
        }
    },
    "reserve": {
        "enabled": true,
        "porcentWeekly": 10,
        "porcentFortnightly": 20,
        "porcentMonthly": 30
    }
}
[2025-10-15 18:50:42] [DEBUG] [main] setup_config.json: {
    "customer": "Tulocker",
    "pointName": "CC Outlet Factory",
    "pointId": "Sótano 1",
    "sendSMS": true,
    "login": {
        "userOpera": "Operador",
        "passOpera": "250701",
        "userAdmin": "Administrador",
        "passAdmin": "070125",
        "avatarPath": "./assets/TuLockerIcono.jpg",
        "logoPath": "./assets/TuLockerHorizontal.png",
        "QRPath": "./assets/CodigoQR.png"
    },
    "paramsHtml": {
        "lenMaxInputPass": 4,
        "lenMinInputPass": 4,
        "currency": {
            "coinBoxRequiredAmount": 1500,
            "currency": "COP",
            "currencyPesos": "pesos",
            "decinmal": 0
        },
        "modalTimeouts": {
            "timeoutKeypad": 300,
            "timeoutInsertMoney": 120,
            "timeoutShowMessage": 15
        }
    },
    "report": {
        "daily": {
            "enabled": true,
            "hour": 0,
            "minute": 5
        },
        "weekly": {
            "enabled": true,
            "dayOfWeek": 1,
            "hour": 0,
            "minute": 10
        },
        "monthly": {
            "enabled": true,
            "dayOfMonth": 1,
            "hour": 0,
            "minute": 15
        },
        "timezoneMode": "local",
        "timeInterval": 60
    },
    "voice": {
        "enabled": true,
        "timeInterval": 20,
        "name": "Sabina",
        "rate": 1.5,
        "pitch": 2,
        "volume": 1,
        "message": {
            "welcome": "Bienvenido... Con TuLocker puedes guardar tus objetos personales de forma segura, para que estes comodo y tranquilo. Por tan solo {{amount}} {{pesos}}. No guardes si encuentras un casillero abierto, asigna uno desde la pantalla del sistema. No olvides cerrar el casillero al retirar tus pertenencias. Muchas gracias por utilizar nuestro servicio.",
            "assignLocker": "Tu casillero es el {{lockerCode}}, Guarda tus pertenencias, Gracias por utilizar nuestro servicio. No olvides cerrar el casillero.",
            "openSessionLocker": "Tu casillero es el {{lockerCode}}, Retira tus pertenencias, Gracias por utilizar nuestro servicio. No olvides cerrar el casillero, Disponible para una nueva asignacion.",
            "openReserveLocker": "Tu casillero es el {{lockerCode}}, Gracias por utilizar nuestro servicio. No olvides cerrar el casillero."
        }
    },
    "reserve": {
        "enabled": true,
        "porcentWeekly": 10,
        "porcentFortnightly": 20,
        "porcentMonthly": 30
    }
}
[2025-10-15 18:50:42] [INFO] [main] [statusLockers] Iniciando petición para obtener casilleros disponibles
[2025-10-15 18:50:42] [INFO] [main] [statusLockers] Timeout efectivo en ejecución: 30000
[2025-10-15 18:50:42] [INFO] [main] [statusLockers] Intento 1: HOST -> http://localhost:8080
[2025-10-15 18:50:42] [INFO] [main] [statusLockers] Intento 1: URL -> /api/lockers/get-all-status
[2025-10-15 18:50:42] [INFO] [main] [copyright] Versión cargada: 1.1.0
[2025-10-15 18:50:42] [DEBUG] [main] setup_config.json: {
    "customer": "Tulocker",
    "pointName": "CC Outlet Factory",
    "pointId": "Sótano 1",
    "sendSMS": true,
    "login": {
        "userOpera": "Operador",
        "passOpera": "250701",
        "userAdmin": "Administrador",
        "passAdmin": "070125",
        "avatarPath": "./assets/TuLockerIcono.jpg",
        "logoPath": "./assets/TuLockerHorizontal.png",
        "QRPath": "./assets/CodigoQR.png"
    },
    "paramsHtml": {
        "lenMaxInputPass": 4,
        "lenMinInputPass": 4,
        "currency": {
            "coinBoxRequiredAmount": 1500,
            "currency": "COP",
            "currencyPesos": "pesos",
            "decinmal": 0
        },
        "modalTimeouts": {
            "timeoutKeypad": 300,
            "timeoutInsertMoney": 120,
            "timeoutShowMessage": 15
        }
    },
    "report": {
        "daily": {
            "enabled": true,
            "hour": 0,
            "minute": 5
        },
        "weekly": {
            "enabled": true,
            "dayOfWeek": 1,
            "hour": 0,
            "minute": 10
        },
        "monthly": {
            "enabled": true,
            "dayOfMonth": 1,
            "hour": 0,
            "minute": 15
        },
        "timezoneMode": "local",
        "timeInterval": 60
    },
    "voice": {
        "enabled": true,
        "timeInterval": 20,
        "name": "Sabina",
        "rate": 1.5,
        "pitch": 2,
        "volume": 1,
        "message": {
            "welcome": "Bienvenido... Con TuLocker puedes guardar tus objetos personales de forma segura, para que estes comodo y tranquilo. Por tan solo {{amount}} {{pesos}}. No guardes si encuentras un casillero abierto, asigna uno desde la pantalla del sistema. No olvides cerrar el casillero al retirar tus pertenencias. Muchas gracias por utilizar nuestro servicio.",
            "assignLocker": "Tu casillero es el {{lockerCode}}, Guarda tus pertenencias, Gracias por utilizar nuestro servicio. No olvides cerrar el casillero.",
            "openSessionLocker": "Tu casillero es el {{lockerCode}}, Retira tus pertenencias, Gracias por utilizar nuestro servicio. No olvides cerrar el casillero, Disponible para una nueva asignacion.",
            "openReserveLocker": "Tu casillero es el {{lockerCode}}, Gracias por utilizar nuestro servicio. No olvides cerrar el casillero."
        }
    },
    "reserve": {
        "enabled": true,
        "porcentWeekly": 10,
        "porcentFortnightly": 20,
        "porcentMonthly": 30
    }
}
[2025-10-15 18:50:42] [INFO] [main] [app] Componente App montado
[2025-10-15 18:50:42] [INFO] [main] [app] Versión cargada: 1.1.0
[2025-10-15 18:50:42] [DEBUG] [main] [scheduleReport] Scheduler deshabilitado, esperando que se active...
[2025-10-15 18:50:42] [DEBUG] [main] [scheduleReport] Scheduler deshabilitado, esperando que se active...
[2025-10-15 18:50:42] [DEBUG] [main] [scheduleReport] Scheduler deshabilitado, esperando que se active...
[2025-10-15 18:50:42] [DEBUG] [main] [app] Scheduler diario habilitado: false | usuario config: undefined | usuario actual: administrador
[2025-10-15 18:50:42] [DEBUG] [main] [app] Scheduler semanal habilitado: false | usuario config: undefined | usuario actual: administrador
[2025-10-15 18:50:42] [DEBUG] [main] [app] Scheduler mensual habilitado: false | usuario config: undefined | usuario actual: administrador
[2025-10-15 18:50:42] [DEBUG] [main] [app] Scheduler diario habilitado: false | usuario config: undefined | usuario actual: administrador
[2025-10-15 18:50:42] [DEBUG] [main] [app] Scheduler semanal habilitado: false | usuario config: undefined | usuario actual: administrador
[2025-10-15 18:50:42] [DEBUG] [main] [app] Scheduler mensual habilitado: false | usuario config: undefined | usuario actual: administrador
[2025-10-15 18:50:42] [DEBUG] [main] [scheduleReport] Scheduler deshabilitado, esperando que se active...
[2025-10-15 18:50:42] [DEBUG] [main] [scheduleReport] Scheduler deshabilitado, esperando que se active...
[2025-10-15 18:50:42] [DEBUG] [main] [scheduleReport] Scheduler deshabilitado, esperando que se active...
[2025-10-15 18:50:42] [DEBUG] [main] [axiosConfig] Token agregado al header
[2025-10-15 18:50:42] [DEBUG] [main] [axiosConfig] Token agregado al header
[2025-10-15 18:50:42] [INFO] [main] [useConfig] Configuración inicial obtenida
[2025-10-15 18:50:42] [INFO] [main] [useConfig] Configuración inicial obtenida
[2025-10-15 18:50:42] [INFO] [main] [useConfig] Configuración inicial obtenida
[2025-10-15 18:50:42] [INFO] [main] [useConfig] Configuración inicial obtenida
[2025-10-15 18:50:42] [INFO] [main] [useConfig] Configuración inicial obtenida
[2025-10-15 18:50:42] [INFO] [main] [useConfig] Configuración inicial obtenida
[2025-10-15 18:50:42] [INFO] [main] [useConfig] Configuración inicial obtenida
[2025-10-15 18:50:42] [INFO] [main] [useConfig] Configuración inicial obtenida
[2025-10-15 18:50:42] [DEBUG] [main] [app] Scheduler diario habilitado: false | usuario config: operador | usuario actual: administrador
[2025-10-15 18:50:42] [DEBUG] [main] [app] Scheduler semanal habilitado: false | usuario config: operador | usuario actual: administrador
[2025-10-15 18:50:42] [DEBUG] [main] [app] Scheduler mensual habilitado: false | usuario config: operador | usuario actual: administrador
[2025-10-15 18:50:42] [DEBUG] [main] [app] Scheduler diario habilitado: false | usuario config: operador | usuario actual: administrador
[2025-10-15 18:50:42] [DEBUG] [main] [app] Scheduler semanal habilitado: false | usuario config: operador | usuario actual: administrador
[2025-10-15 18:50:42] [DEBUG] [main] [app] Scheduler mensual habilitado: false | usuario config: operador | usuario actual: administrador
[2025-10-15 18:50:42] [DEBUG] [main] [app] Voz configurada: default, rate: 1.5, volume: 1, pitch: 2
[2025-10-15 18:50:42] [DEBUG] [main] [scheduleReport] Scheduler deshabilitado, esperando que se active...
[2025-10-15 18:50:42] [DEBUG] [main] [scheduleReport] Scheduler deshabilitado, esperando que se active...
[2025-10-15 18:50:42] [DEBUG] [main] [scheduleReport] Scheduler deshabilitado, esperando que se active...
[2025-10-15 18:50:42] [INFO] [main] [statusLockers] Response. Status: 200
[2025-10-15 18:50:42] [INFO] [main] [statusLockers] Response. Data: {"general":[{"status":"ocupado","total":12},{"status":"libre","total":1},{"status":"reservado","total":12},{"status":"deshabilitado","total":6}],"modules":[{"module":"A","lockers":[{"lockerCode":"A1","status":"reservado"},{"lockerCode":"A2","status":"Libre"},{"lockerCode":"A3","status":"Libre"},{"lockerCode":"A4","status":"ocupado"},{"lockerCode":"A5","status":"reservado"},{"lockerCode":"A6","status":"ocupado"},{"lockerCode":"A7","status":"deshabilitado"},{"lockerCode":"A8","status":"Libre"},{"lockerCode":"A9","status":"Libre"},{"lockerCode":"A10","status":"Libre"},{"lockerCode":"A11","status":"reservado"},{"lockerCode":"A12","status":"Libre"},{"lockerCode":"A13","status":"Libre"},{"lockerCode":"A14","status":"ocupado"},{"lockerCode":"A15","status":"reservado"},{"lockerCode":"A16","status":"ocupado"},{"lockerCode":"A17","status":"deshabilitado"},{"lockerCode":"A18","status":"Libre"},{"lockerCode":"A19","status":"Libre"},{"lockerCode":"A20","status":"Libre"},{"lockerCode":"A21","status":"reservado"},{"lockerCode":"A22","status":"Libre"},{"lockerCode":"A23","status":"Libre"},{"lockerCode":"A24","status":"ocupado"},{"lockerCode":"A25","status":"reservado"},{"lockerCode":"A26","status":"ocupado"},{"lockerCode":"A27","status":"deshabilitado"},{"lockerCode":"A28","status":"Libre"},{"lockerCode":"A29","status":"Libre"},{"lockerCode":"A30","status":"Libre"},{"lockerCode":"A31","status":"reservado"},{"lockerCode":"A32","status":"Libre"},{"lockerCode":"A33","status":"Libre"},{"lockerCode":"A34","status":"ocupado"},{"lockerCode":"A35","status":"reservado"},{"lockerCode":"A36","status":"ocupado"},{"lockerCode":"A37","status":"deshabilitado"},{"lockerCode":"A38","status":"Libre"},{"lockerCode":"A39","status":"Libre"},{"lockerCode":"A40","status":"Libre"},{"lockerCode":"A41","status":"reservado"},{"lockerCode":"A42","status":"Libre"},{"lockerCode":"A43","status":"Libre"},{"lockerCode":"A44","status":"ocupado"},{"lockerCode":"A45","status":"reservado"},{"lockerCode":"A46","status":"ocupado"},{"lockerCode":"A47","status":"deshabilitado"},{"lockerCode":"A48","status":"Libre"},{"lockerCode":"A49","status":"Libre"},{"lockerCode":"A50","status":"Libre"},{"lockerCode":"A51","status":"reservado"},{"lockerCode":"A52","status":"Libre"},{"lockerCode":"A53","status":"Libre"},{"lockerCode":"A54","status":"ocupado"},{"lockerCode":"A55","status":"reservado"},{"lockerCode":"A56","status":"ocupado"},{"lockerCode":"A57","status":"deshabilitado"},{"lockerCode":"A58","status":"Libre"},{"lockerCode":"A59","status":"Libre"},{"lockerCode":"A60","status":"Libre"},{"lockerCode":"A61","status":"reservado"},{"lockerCode":"A62","status":"Libre"},{"lockerCode":"A63","status":"Libre"},{"lockerCode":"A64","status":"ocupado"},{"lockerCode":"A65","status":"reservado"},{"lockerCode":"A66","status":"ocupado"},{"lockerCode":"A67","status":"deshabilitado"},{"lockerCode":"A68","status":"Libre"},{"lockerCode":"A69","status":"Libre"},{"lockerCode":"A70","status":"Libre"},{"lockerCode":"A71","status":"reservado"},{"lockerCode":"A72","status":"Libre"},{"lockerCode":"A73","status":"Libre"},{"lockerCode":"A74","status":"ocupado"},{"lockerCode":"A75","status":"reservado"},{"lockerCode":"A76","status":"ocupado"},{"lockerCode":"A77","status":"deshabilitado"},{"lockerCode":"A78","status":"Libre"},{"lockerCode":"A79","status":"Libre"},{"lockerCode":"A80","status":"Libre"}]},{"module":"B","lockers":[{"lockerCode":"B1","status":"reservado"},{"lockerCode":"B2","status":"Libre"},{"lockerCode":"B3","status":"Libre"},{"lockerCode":"B4","status":"ocupado"},{"lockerCode":"B5","status":"reservado"}]},{"module":"C","lockers":[{"lockerCode":"C1","status":"reservado"},{"lockerCode":"C2","status":"Libre"},{"lockerCode":"C3","status":"Libre"},{"lockerCode":"C4","status":"ocupado"},{"lockerCode":"C5","status":"reservado"},{"lockerCode":"C6","status":"ocupado"},{"lockerCode":"C7","status":"deshabilitado"},{"lockerCode":"C8","status":"Libre"},{"lockerCode":"C9","status":"Libre"},{"lockerCode":"C10","status":"Libre"},{"lockerCode":"C11","status":"reservado"},{"lockerCode":"C12","status":"ocupado"},{"lockerCode":"C13","status":"deshabilitado"},{"lockerCode":"C14","status":"Libre"},{"lockerCode":"C15","status":"Libre"},{"lockerCode":"C16","status":"Libre"}]},{"module":"D","lockers":[{"lockerCode":"D1","status":"reservado"}]},{"module":"E","lockers":[{"lockerCode":"E1","status":"reservado"},{"lockerCode":"E2","status":"Libre"},{"lockerCode":"E3","status":"Libre"},{"lockerCode":"E4","status":"ocupado"},{"lockerCode":"E5","status":"reservado"},{"lockerCode":"E6","status":"ocupado"},{"lockerCode":"E7","status":"deshabilitado"},{"lockerCode":"E8","status":"Libre"},{"lockerCode":"E9","status":"Libre"},{"lockerCode":"E10","status":"Libre"}]},{"module":"F","lockers":[{"lockerCode":"F1","status":"reservado"},{"lockerCode":"F2","status":"Libre"},{"lockerCode":"F3","status":"Libre"},{"lockerCode":"F4","status":"ocupado"},{"lockerCode":"F5","status":"reservado"},{"lockerCode":"F6","status":"ocupado"},{"lockerCode":"F7","status":"deshabilitado"},{"lockerCode":"F8","status":"Libre"},{"lockerCode":"F9","status":"Libre"},{"lockerCode":"F10","status":"Libre"}]}]}
[2025-10-15 18:50:42] [INFO] [main] [statusLockers] Response. Status: 200
[2025-10-15 18:50:42] [INFO] [main] [statusLockers] Response. Data: {"general":[{"status":"ocupado","total":12},{"status":"libre","total":1},{"status":"reservado","total":12},{"status":"deshabilitado","total":6}],"modules":[{"module":"A","lockers":[{"lockerCode":"A1","status":"reservado"},{"lockerCode":"A2","status":"Libre"},{"lockerCode":"A3","status":"Libre"},{"lockerCode":"A4","status":"ocupado"},{"lockerCode":"A5","status":"reservado"},{"lockerCode":"A6","status":"ocupado"},{"lockerCode":"A7","status":"deshabilitado"},{"lockerCode":"A8","status":"Libre"},{"lockerCode":"A9","status":"Libre"},{"lockerCode":"A10","status":"Libre"},{"lockerCode":"A11","status":"reservado"},{"lockerCode":"A12","status":"Libre"},{"lockerCode":"A13","status":"Libre"},{"lockerCode":"A14","status":"ocupado"},{"lockerCode":"A15","status":"reservado"},{"lockerCode":"A16","status":"ocupado"},{"lockerCode":"A17","status":"deshabilitado"},{"lockerCode":"A18","status":"Libre"},{"lockerCode":"A19","status":"Libre"},{"lockerCode":"A20","status":"Libre"},{"lockerCode":"A21","status":"reservado"},{"lockerCode":"A22","status":"Libre"},{"lockerCode":"A23","status":"Libre"},{"lockerCode":"A24","status":"ocupado"},{"lockerCode":"A25","status":"reservado"},{"lockerCode":"A26","status":"ocupado"},{"lockerCode":"A27","status":"deshabilitado"},{"lockerCode":"A28","status":"Libre"},{"lockerCode":"A29","status":"Libre"},{"lockerCode":"A30","status":"Libre"},{"lockerCode":"A31","status":"reservado"},{"lockerCode":"A32","status":"Libre"},{"lockerCode":"A33","status":"Libre"},{"lockerCode":"A34","status":"ocupado"},{"lockerCode":"A35","status":"reservado"},{"lockerCode":"A36","status":"ocupado"},{"lockerCode":"A37","status":"deshabilitado"},{"lockerCode":"A38","status":"Libre"},{"lockerCode":"A39","status":"Libre"},{"lockerCode":"A40","status":"Libre"},{"lockerCode":"A41","status":"reservado"},{"lockerCode":"A42","status":"Libre"},{"lockerCode":"A43","status":"Libre"},{"lockerCode":"A44","status":"ocupado"},{"lockerCode":"A45","status":"reservado"},{"lockerCode":"A46","status":"ocupado"},{"lockerCode":"A47","status":"deshabilitado"},{"lockerCode":"A48","status":"Libre"},{"lockerCode":"A49","status":"Libre"},{"lockerCode":"A50","status":"Libre"},{"lockerCode":"A51","status":"reservado"},{"lockerCode":"A52","status":"Libre"},{"lockerCode":"A53","status":"Libre"},{"lockerCode":"A54","status":"ocupado"},{"lockerCode":"A55","status":"reservado"},{"lockerCode":"A56","status":"ocupado"},{"lockerCode":"A57","status":"deshabilitado"},{"lockerCode":"A58","status":"Libre"},{"lockerCode":"A59","status":"Libre"},{"lockerCode":"A60","status":"Libre"},{"lockerCode":"A61","status":"reservado"},{"lockerCode":"A62","status":"Libre"},{"lockerCode":"A63","status":"Libre"},{"lockerCode":"A64","status":"ocupado"},{"lockerCode":"A65","status":"reservado"},{"lockerCode":"A66","status":"ocupado"},{"lockerCode":"A67","status":"deshabilitado"},{"lockerCode":"A68","status":"Libre"},{"lockerCode":"A69","status":"Libre"},{"lockerCode":"A70","status":"Libre"},{"lockerCode":"A71","status":"reservado"},{"lockerCode":"A72","status":"Libre"},{"lockerCode":"A73","status":"Libre"},{"lockerCode":"A74","status":"ocupado"},{"lockerCode":"A75","status":"reservado"},{"lockerCode":"A76","status":"ocupado"},{"lockerCode":"A77","status":"deshabilitado"},{"lockerCode":"A78","status":"Libre"},{"lockerCode":"A79","status":"Libre"},{"lockerCode":"A80","status":"Libre"}]},{"module":"B","lockers":[{"lockerCode":"B1","status":"reservado"},{"lockerCode":"B2","status":"Libre"},{"lockerCode":"B3","status":"Libre"},{"lockerCode":"B4","status":"ocupado"},{"lockerCode":"B5","status":"reservado"}]},{"module":"C","lockers":[{"lockerCode":"C1","status":"reservado"},{"lockerCode":"C2","status":"Libre"},{"lockerCode":"C3","status":"Libre"},{"lockerCode":"C4","status":"ocupado"},{"lockerCode":"C5","status":"reservado"},{"lockerCode":"C6","status":"ocupado"},{"lockerCode":"C7","status":"deshabilitado"},{"lockerCode":"C8","status":"Libre"},{"lockerCode":"C9","status":"Libre"},{"lockerCode":"C10","status":"Libre"},{"lockerCode":"C11","status":"reservado"},{"lockerCode":"C12","status":"ocupado"},{"lockerCode":"C13","status":"deshabilitado"},{"lockerCode":"C14","status":"Libre"},{"lockerCode":"C15","status":"Libre"},{"lockerCode":"C16","status":"Libre"}]},{"module":"D","lockers":[{"lockerCode":"D1","status":"reservado"}]},{"module":"E","lockers":[{"lockerCode":"E1","status":"reservado"},{"lockerCode":"E2","status":"Libre"},{"lockerCode":"E3","status":"Libre"},{"lockerCode":"E4","status":"ocupado"},{"lockerCode":"E5","status":"reservado"},{"lockerCode":"E6","status":"ocupado"},{"lockerCode":"E7","status":"deshabilitado"},{"lockerCode":"E8","status":"Libre"},{"lockerCode":"E9","status":"Libre"},{"lockerCode":"E10","status":"Libre"}]},{"module":"F","lockers":[{"lockerCode":"F1","status":"reservado"},{"lockerCode":"F2","status":"Libre"},{"lockerCode":"F3","status":"Libre"},{"lockerCode":"F4","status":"ocupado"},{"lockerCode":"F5","status":"reservado"},{"lockerCode":"F6","status":"ocupado"},{"lockerCode":"F7","status":"deshabilitado"},{"lockerCode":"F8","status":"Libre"},{"lockerCode":"F9","status":"Libre"},{"lockerCode":"F10","status":"Libre"}]}]}
[2025-10-15 18:50:43] [INFO] [main] [statusLockers] Response. Status: 200
[2025-10-15 18:50:43] [INFO] [main] [statusLockers] Response. Data: {"general":[{"status":"ocupado","total":12},{"status":"libre","total":1},{"status":"reservado","total":12},{"status":"deshabilitado","total":6}],"modules":[{"module":"A","lockers":[{"lockerCode":"A1","status":"reservado"},{"lockerCode":"A2","status":"Libre"},{"lockerCode":"A3","status":"Libre"},{"lockerCode":"A4","status":"ocupado"},{"lockerCode":"A5","status":"reservado"},{"lockerCode":"A6","status":"ocupado"},{"lockerCode":"A7","status":"deshabilitado"},{"lockerCode":"A8","status":"Libre"},{"lockerCode":"A9","status":"Libre"},{"lockerCode":"A10","status":"Libre"},{"lockerCode":"A11","status":"reservado"},{"lockerCode":"A12","status":"Libre"},{"lockerCode":"A13","status":"Libre"},{"lockerCode":"A14","status":"ocupado"},{"lockerCode":"A15","status":"reservado"},{"lockerCode":"A16","status":"ocupado"},{"lockerCode":"A17","status":"deshabilitado"},{"lockerCode":"A18","status":"Libre"},{"lockerCode":"A19","status":"Libre"},{"lockerCode":"A20","status":"Libre"},{"lockerCode":"A21","status":"reservado"},{"lockerCode":"A22","status":"Libre"},{"lockerCode":"A23","status":"Libre"},{"lockerCode":"A24","status":"ocupado"},{"lockerCode":"A25","status":"reservado"},{"lockerCode":"A26","status":"ocupado"},{"lockerCode":"A27","status":"deshabilitado"},{"lockerCode":"A28","status":"Libre"},{"lockerCode":"A29","status":"Libre"},{"lockerCode":"A30","status":"Libre"},{"lockerCode":"A31","status":"reservado"},{"lockerCode":"A32","status":"Libre"},{"lockerCode":"A33","status":"Libre"},{"lockerCode":"A34","status":"ocupado"},{"lockerCode":"A35","status":"reservado"},{"lockerCode":"A36","status":"ocupado"},{"lockerCode":"A37","status":"deshabilitado"},{"lockerCode":"A38","status":"Libre"},{"lockerCode":"A39","status":"Libre"},{"lockerCode":"A40","status":"Libre"},{"lockerCode":"A41","status":"reservado"},{"lockerCode":"A42","status":"Libre"},{"lockerCode":"A43","status":"Libre"},{"lockerCode":"A44","status":"ocupado"},{"lockerCode":"A45","status":"reservado"},{"lockerCode":"A46","status":"ocupado"},{"lockerCode":"A47","status":"deshabilitado"},{"lockerCode":"A48","status":"Libre"},{"lockerCode":"A49","status":"Libre"},{"lockerCode":"A50","status":"Libre"},{"lockerCode":"A51","status":"reservado"},{"lockerCode":"A52","status":"Libre"},{"lockerCode":"A53","status":"Libre"},{"lockerCode":"A54","status":"ocupado"},{"lockerCode":"A55","status":"reservado"},{"lockerCode":"A56","status":"ocupado"},{"lockerCode":"A57","status":"deshabilitado"},{"lockerCode":"A58","status":"Libre"},{"lockerCode":"A59","status":"Libre"},{"lockerCode":"A60","status":"Libre"},{"lockerCode":"A61","status":"reservado"},{"lockerCode":"A62","status":"Libre"},{"lockerCode":"A63","status":"Libre"},{"lockerCode":"A64","status":"ocupado"},{"lockerCode":"A65","status":"reservado"},{"lockerCode":"A66","status":"ocupado"},{"lockerCode":"A67","status":"deshabilitado"},{"lockerCode":"A68","status":"Libre"},{"lockerCode":"A69","status":"Libre"},{"lockerCode":"A70","status":"Libre"},{"lockerCode":"A71","status":"reservado"},{"lockerCode":"A72","status":"Libre"},{"lockerCode":"A73","status":"Libre"},{"lockerCode":"A74","status":"ocupado"},{"lockerCode":"A75","status":"reservado"},{"lockerCode":"A76","status":"ocupado"},{"lockerCode":"A77","status":"deshabilitado"},{"lockerCode":"A78","status":"Libre"},{"lockerCode":"A79","status":"Libre"},{"lockerCode":"A80","status":"Libre"}]},{"module":"B","lockers":[{"lockerCode":"B1","status":"reservado"},{"lockerCode":"B2","status":"Libre"},{"lockerCode":"B3","status":"Libre"},{"lockerCode":"B4","status":"ocupado"},{"lockerCode":"B5","status":"reservado"}]},{"module":"C","lockers":[{"lockerCode":"C1","status":"reservado"},{"lockerCode":"C2","status":"Libre"},{"lockerCode":"C3","status":"Libre"},{"lockerCode":"C4","status":"ocupado"},{"lockerCode":"C5","status":"reservado"},{"lockerCode":"C6","status":"ocupado"},{"lockerCode":"C7","status":"deshabilitado"},{"lockerCode":"C8","status":"Libre"},{"lockerCode":"C9","status":"Libre"},{"lockerCode":"C10","status":"Libre"},{"lockerCode":"C11","status":"reservado"},{"lockerCode":"C12","status":"ocupado"},{"lockerCode":"C13","status":"deshabilitado"},{"lockerCode":"C14","status":"Libre"},{"lockerCode":"C15","status":"Libre"},{"lockerCode":"C16","status":"Libre"}]},{"module":"D","lockers":[{"lockerCode":"D1","status":"reservado"}]},{"module":"E","lockers":[{"lockerCode":"E1","status":"reservado"},{"lockerCode":"E2","status":"Libre"},{"lockerCode":"E3","status":"Libre"},{"lockerCode":"E4","status":"ocupado"},{"lockerCode":"E5","status":"reservado"},{"lockerCode":"E6","status":"ocupado"},{"lockerCode":"E7","status":"deshabilitado"},{"lockerCode":"E8","status":"Libre"},{"lockerCode":"E9","status":"Libre"},{"lockerCode":"E10","status":"Libre"}]},{"module":"F","lockers":[{"lockerCode":"F1","status":"reservado"},{"lockerCode":"F2","status":"Libre"},{"lockerCode":"F3","status":"Libre"},{"lockerCode":"F4","status":"ocupado"},{"lockerCode":"F5","status":"reservado"},{"lockerCode":"F6","status":"ocupado"},{"lockerCode":"F7","status":"deshabilitado"},{"lockerCode":"F8","status":"Libre"},{"lockerCode":"F9","status":"Libre"},{"lockerCode":"F10","status":"Libre"}]}]}
[2025-10-15 18:50:43] [INFO] [main] [statusLockers] Response. Status: 200
[2025-10-15 18:50:43] [INFO] [main] [statusLockers] Response. Data: {"general":[{"status":"ocupado","total":12},{"status":"libre","total":1},{"status":"reservado","total":12},{"status":"deshabilitado","total":6}],"modules":[{"module":"A","lockers":[{"lockerCode":"A1","status":"reservado"},{"lockerCode":"A2","status":"Libre"},{"lockerCode":"A3","status":"Libre"},{"lockerCode":"A4","status":"ocupado"},{"lockerCode":"A5","status":"reservado"},{"lockerCode":"A6","status":"ocupado"},{"lockerCode":"A7","status":"deshabilitado"},{"lockerCode":"A8","status":"Libre"},{"lockerCode":"A9","status":"Libre"},{"lockerCode":"A10","status":"Libre"},{"lockerCode":"A11","status":"reservado"},{"lockerCode":"A12","status":"Libre"},{"lockerCode":"A13","status":"Libre"},{"lockerCode":"A14","status":"ocupado"},{"lockerCode":"A15","status":"reservado"},{"lockerCode":"A16","status":"ocupado"},{"lockerCode":"A17","status":"deshabilitado"},{"lockerCode":"A18","status":"Libre"},{"lockerCode":"A19","status":"Libre"},{"lockerCode":"A20","status":"Libre"},{"lockerCode":"A21","status":"reservado"},{"lockerCode":"A22","status":"Libre"},{"lockerCode":"A23","status":"Libre"},{"lockerCode":"A24","status":"ocupado"},{"lockerCode":"A25","status":"reservado"},{"lockerCode":"A26","status":"ocupado"},{"lockerCode":"A27","status":"deshabilitado"},{"lockerCode":"A28","status":"Libre"},{"lockerCode":"A29","status":"Libre"},{"lockerCode":"A30","status":"Libre"},{"lockerCode":"A31","status":"reservado"},{"lockerCode":"A32","status":"Libre"},{"lockerCode":"A33","status":"Libre"},{"lockerCode":"A34","status":"ocupado"},{"lockerCode":"A35","status":"reservado"},{"lockerCode":"A36","status":"ocupado"},{"lockerCode":"A37","status":"deshabilitado"},{"lockerCode":"A38","status":"Libre"},{"lockerCode":"A39","status":"Libre"},{"lockerCode":"A40","status":"Libre"},{"lockerCode":"A41","status":"reservado"},{"lockerCode":"A42","status":"Libre"},{"lockerCode":"A43","status":"Libre"},{"lockerCode":"A44","status":"ocupado"},{"lockerCode":"A45","status":"reservado"},{"lockerCode":"A46","status":"ocupado"},{"lockerCode":"A47","status":"deshabilitado"},{"lockerCode":"A48","status":"Libre"},{"lockerCode":"A49","status":"Libre"},{"lockerCode":"A50","status":"Libre"},{"lockerCode":"A51","status":"reservado"},{"lockerCode":"A52","status":"Libre"},{"lockerCode":"A53","status":"Libre"},{"lockerCode":"A54","status":"ocupado"},{"lockerCode":"A55","status":"reservado"},{"lockerCode":"A56","status":"ocupado"},{"lockerCode":"A57","status":"deshabilitado"},{"lockerCode":"A58","status":"Libre"},{"lockerCode":"A59","status":"Libre"},{"lockerCode":"A60","status":"Libre"},{"lockerCode":"A61","status":"reservado"},{"lockerCode":"A62","status":"Libre"},{"lockerCode":"A63","status":"Libre"},{"lockerCode":"A64","status":"ocupado"},{"lockerCode":"A65","status":"reservado"},{"lockerCode":"A66","status":"ocupado"},{"lockerCode":"A67","status":"deshabilitado"},{"lockerCode":"A68","status":"Libre"},{"lockerCode":"A69","status":"Libre"},{"lockerCode":"A70","status":"Libre"},{"lockerCode":"A71","status":"reservado"},{"lockerCode":"A72","status":"Libre"},{"lockerCode":"A73","status":"Libre"},{"lockerCode":"A74","status":"ocupado"},{"lockerCode":"A75","status":"reservado"},{"lockerCode":"A76","status":"ocupado"},{"lockerCode":"A77","status":"deshabilitado"},{"lockerCode":"A78","status":"Libre"},{"lockerCode":"A79","status":"Libre"},{"lockerCode":"A80","status":"Libre"}]},{"module":"B","lockers":[{"lockerCode":"B1","status":"reservado"},{"lockerCode":"B2","status":"Libre"},{"lockerCode":"B3","status":"Libre"},{"lockerCode":"B4","status":"ocupado"},{"lockerCode":"B5","status":"reservado"}]},{"module":"C","lockers":[{"lockerCode":"C1","status":"reservado"},{"lockerCode":"C2","status":"Libre"},{"lockerCode":"C3","status":"Libre"},{"lockerCode":"C4","status":"ocupado"},{"lockerCode":"C5","status":"reservado"},{"lockerCode":"C6","status":"ocupado"},{"lockerCode":"C7","status":"deshabilitado"},{"lockerCode":"C8","status":"Libre"},{"lockerCode":"C9","status":"Libre"},{"lockerCode":"C10","status":"Libre"},{"lockerCode":"C11","status":"reservado"},{"lockerCode":"C12","status":"ocupado"},{"lockerCode":"C13","status":"deshabilitado"},{"lockerCode":"C14","status":"Libre"},{"lockerCode":"C15","status":"Libre"},{"lockerCode":"C16","status":"Libre"}]},{"module":"D","lockers":[{"lockerCode":"D1","status":"reservado"}]},{"module":"E","lockers":[{"lockerCode":"E1","status":"reservado"},{"lockerCode":"E2","status":"Libre"},{"lockerCode":"E3","status":"Libre"},{"lockerCode":"E4","status":"ocupado"},{"lockerCode":"E5","status":"reservado"},{"lockerCode":"E6","status":"ocupado"},{"lockerCode":"E7","status":"deshabilitado"},{"lockerCode":"E8","status":"Libre"},{"lockerCode":"E9","status":"Libre"},{"lockerCode":"E10","status":"Libre"}]},{"module":"F","lockers":[{"lockerCode":"F1","status":"reservado"},{"lockerCode":"F2","status":"Libre"},{"lockerCode":"F3","status":"Libre"},{"lockerCode":"F4","status":"ocupado"},{"lockerCode":"F5","status":"reservado"},{"lockerCode":"F6","status":"ocupado"},{"lockerCode":"F7","status":"deshabilitado"},{"lockerCode":"F8","status":"Libre"},{"lockerCode":"F9","status":"Libre"},{"lockerCode":"F10","status":"Libre"}]}]}
[2025-10-15 18:50:46] [DEBUG] [main] [app] Scheduler diario habilitado: false | usuario config: operador | usuario actual: administrador
[2025-10-15 18:50:46] [DEBUG] [main] [app] Scheduler semanal habilitado: false | usuario config: operador | usuario actual: administrador
[2025-10-15 18:50:46] [DEBUG] [main] [app] Scheduler mensual habilitado: false | usuario config: operador | usuario actual: administrador
[2025-10-15 18:50:46] [DEBUG] [main] [app] Scheduler diario habilitado: false | usuario config: operador | usuario actual: administrador
[2025-10-15 18:50:46] [DEBUG] [main] [app] Scheduler semanal habilitado: false | usuario config: operador | usuario actual: administrador
[2025-10-15 18:50:46] [DEBUG] [main] [app] Scheduler mensual habilitado: false | usuario config: operador | usuario actual: administrador
[2025-10-15 18:50:46] [DEBUG] [main] [scheduleReport] Scheduler deshabilitado, esperando que se active...
[2025-10-15 18:50:46] [DEBUG] [main] [scheduleReport] Scheduler deshabilitado, esperando que se active...
[2025-10-15 18:50:46] [DEBUG] [main] [scheduleReport] Scheduler deshabilitado, esperando que se active...
